ID,split,target_bin,pred_earn,true_earn,mask_earn,pred_emp,true_emp,mask_emp,pred_mar,true_mar,mask_mar
4007,val,a30_31,2.800949,1.2333428,1.0,3,2,1.0,2,2,1.0
6174,val,a30_31,3.4851906,3.5177844,1.0,3,3,1.0,2,2,1.0
14004,val,a30_31,3.477426,3.7227888,1.0,3,3,1.0,2,2,1.0
14172,val,a30_31,0.5297309,0.0,1.0,2,2,1.0,2,2,1.0
14173,val,a30_31,2.9748824,3.7706354,1.0,3,3,1.0,2,2,1.0
18031,val,a30_31,0.9474987,0.81838655,1.0,2,2,1.0,2,2,1.0
18185,val,a30_31,2.2114735,0.0,1.0,3,3,1.0,2,3,1.0
23031,val,a30_31,2.9799814,2.8751705,1.0,3,3,1.0,6,6,1.0
40173,val,a30_31,3.531272,4.076673,1.0,3,3,1.0,2,4,1.0
51171,val,a30_31,3.271422,3.2225082,1.0,3,3,1.0,2,2,1.0
84005,val,a30_31,3.471325,4.049696,1.0,3,3,1.0,6,6,1.0
121173,val,a30_31,3.3327203,4.0438795,1.0,3,3,1.0,2,2,1.0
128004,val,a30_31,3.7100353,3.8195267,1.0,3,3,1.0,2,2,1.0
145170,val,a30_31,3.2744412,3.3709557,1.0,3,3,1.0,2,2,1.0
161004,val,a30_31,3.57272,4.204043,1.0,3,3,1.0,6,6,1.0
172031,val,a30_31,3.3674777,3.4236188,1.0,3,3,1.0,2,2,1.0
174175,val,a30_31,1.7958599,3.4206977,1.0,3,3,1.0,2,2,1.0
221031,val,a30_31,3.7455328,3.6323774,1.0,3,3,1.0,2,2,1.0
223030,val,a30_31,3.3167279,3.2050848,1.0,3,2,1.0,2,2,1.0
227003,val,a30_31,4.2856207,3.901564,1.0,3,3,1.0,6,2,1.0
257175,val,a30_31,3.1246579,3.1132894,1.0,3,3,1.0,2,2,1.0
263182,val,a30_31,3.3260252,3.5551443,1.0,3,3,1.0,2,2,1.0
321005,val,a30_31,2.0091925,0.0,0.0,3,-1,0.0,2,-1,0.0
361175,val,a30_31,2.3219433,2.389918,1.0,3,3,1.0,4,4,1.0
377170,val,a30_31,3.2912686,3.303338,1.0,3,3,1.0,2,2,1.0
450030,val,a30_31,3.9029758,4.141229,1.0,3,3,1.0,6,6,1.0
465030,val,a30_31,2.7417738,2.9653394,1.0,3,3,1.0,4,4,1.0
478030,val,a30_31,2.5623088,2.9689102,1.0,3,2,1.0,6,2,1.0
503031,val,a30_31,2.5701284,3.7946298,1.0,3,3,1.0,2,2,1.0
514172,val,a30_31,3.626567,3.7249148,1.0,3,3,1.0,2,2,1.0
534030,val,a30_31,3.1994228,3.3445346,1.0,3,3,1.0,2,2,1.0
534171,val,a30_31,3.6700077,3.6154544,1.0,3,3,1.0,2,2,1.0
544170,val,a30_31,2.6376784,2.5946815,1.0,3,3,1.0,2,2,1.0
563193,val,a30_31,3.1869602,2.9333522,1.0,3,3,1.0,2,2,1.0
577174,val,a30_31,3.0244873,2.6081264,1.0,3,2,1.0,2,2,1.0
613006,val,a30_31,3.011052,4.2846055,1.0,3,3,1.0,2,6,1.0
618170,val,a30_31,3.94028,4.2050204,1.0,3,3,1.0,2,2,1.0
631030,val,a30_31,2.7623808,0.0,0.0,3,3,1.0,2,2,1.0
633031,val,a30_31,3.163678,3.3445346,1.0,3,3,1.0,6,2,1.0
652173,val,a30_31,3.249275,3.6388054,1.0,3,3,1.0,2,2,1.0
655172,val,a30_31,3.487905,3.6167312,1.0,3,3,1.0,2,2,1.0
656005,val,a30_31,2.3119473,1.7369525,1.0,3,3,1.0,2,2,1.0
691171,val,a30_31,2.723464,0.0,0.0,3,-1,0.0,2,-1,0.0
738172,val,a30_31,1.8300915,2.6902387,1.0,3,3,1.0,2,2,1.0
751030,val,a30_31,1.7843384,0.0,1.0,3,2,1.0,2,2,1.0
762170,val,a30_31,4.007812,4.4477153,1.0,3,3,1.0,2,2,1.0
783171,val,a30_31,3.2695365,3.4384992,1.0,3,3,1.0,2,2,1.0
863007,val,a30_31,2.4871547,2.2456512,1.0,3,3,1.0,2,2,1.0
893170,val,a30_31,2.7989056,2.9455593,1.0,3,3,1.0,2,2,1.0
894031,val,a30_31,3.2903748,2.461121,1.0,3,3,1.0,2,2,1.0
898181,val,a30_31,2.461987,3.0409112,1.0,3,2,1.0,2,2,1.0
899003,val,a30_31,3.3938751,3.0307395,1.0,3,3,1.0,4,4,1.0
916032,val,a30_31,2.5154324,3.3619723,1.0,3,3,1.0,6,6,1.0
922005,val,a30_31,3.749785,3.2996137,1.0,3,3,1.0,2,2,1.0
931172,val,a30_31,3.2153187,3.1621735,1.0,3,3,1.0,2,2,1.0
939032,val,a30_31,4.168749,0.0,1.0,3,3,1.0,2,2,1.0
958030,val,a30_31,3.304772,3.497985,1.0,3,3,1.0,2,2,1.0
958173,val,a30_31,2.6837687,2.9178963,1.0,3,3,1.0,2,2,1.0
961005,val,a30_31,2.9661198,2.9415638,1.0,3,3,1.0,4,4,1.0
961030,val,a30_31,2.818379,3.5397089,1.0,3,3,1.0,6,6,1.0
961175,val,a30_31,3.2306514,3.023627,1.0,3,3,1.0,2,2,1.0
1051183,val,a30_31,3.857782,4.358222,1.0,3,3,1.0,2,2,1.0
1084005,val,a30_31,3.058977,2.8418088,1.0,3,2,1.0,2,2,1.0
1089003,val,a30_31,2.971741,3.3856127,1.0,3,3,1.0,2,2,1.0
1093003,val,a30_31,0.74152815,0.0,1.0,2,2,1.0,2,2,1.0
1107173,val,a30_31,1.7218391,1.0235457,1.0,3,3,1.0,2,2,1.0
1109174,val,a30_31,1.5084175,0.6388453,1.0,3,2,1.0,2,2,1.0
1121030,val,a30_31,3.2445333,3.028002,1.0,3,3,1.0,2,2,1.0
1121175,val,a30_31,1.9332557,1.7948437,1.0,3,3,1.0,2,2,1.0
1125172,val,a30_31,2.6580615,2.3413634,1.0,3,3,1.0,2,2,1.0
1126030,val,a30_31,2.9159627,0.8757976,1.0,3,2,1.0,2,2,1.0
1126176,val,a30_31,1.7794218,4.886779,1.0,3,3,1.0,2,2,1.0
1152180,val,a30_31,3.2382371,3.4580646,1.0,3,3,1.0,2,2,1.0
1164004,val,a30_31,3.2586799,3.0181873,1.0,3,3,1.0,2,2,1.0
1184032,val,a30_31,3.248767,3.2616544,1.0,3,3,1.0,2,2,1.0
1184033,val,a30_31,1.9917269,3.2050848,1.0,3,3,1.0,6,6,1.0
1185003,val,a30_31,3.574146,3.8515978,1.0,3,2,1.0,2,2,1.0
1222004,val,a30_31,2.214623,2.0934732,1.0,3,2,1.0,2,2,1.0
1222006,val,a30_31,2.8449016,3.177607,1.0,3,3,1.0,2,2,1.0
1284170,val,a30_31,3.6603055,3.9491403,1.0,3,3,1.0,2,2,1.0
1292004,val,a30_31,2.6210985,1.9329143,1.0,3,2,1.0,2,2,1.0
1314172,val,a30_31,3.183113,0.0,1.0,3,2,1.0,2,2,1.0
1332005,val,a30_31,4.3253307,4.41165,1.0,3,2,1.0,4,4,1.0
1335010,val,a30_31,3.0954895,2.8107677,1.0,3,3,1.0,2,2,1.0
1338003,val,a30_31,3.4015694,3.6048794,1.0,3,3,1.0,6,6,1.0
1345006,val,a30_31,2.871306,3.5205963,1.0,3,2,1.0,2,4,1.0
1345007,val,a30_31,2.714867,3.6249468,1.0,3,3,1.0,6,6,1.0
1346030,val,a30_31,3.7855675,0.0,1.0,3,2,1.0,6,2,1.0
1391033,val,a30_31,3.695828,3.6421258,1.0,3,3,1.0,6,2,1.0
1391175,val,a30_31,0.4589429,0.0,1.0,2,2,1.0,2,2,1.0
1394033,val,a30_31,2.5061429,0.0,1.0,3,2,1.0,6,4,1.0
1397005,val,a30_31,3.308769,3.6570578,1.0,3,3,1.0,2,2,1.0
1397172,val,a30_31,0.872679,0.0,1.0,3,2,1.0,2,2,1.0
1426004,val,a30_31,1.7058387,1.5148215,1.0,3,3,1.0,6,2,1.0
1434032,val,a30_31,2.6935482,2.5882483,1.0,3,2,1.0,2,2,1.0
1434170,val,a30_31,3.1359804,2.7760577,1.0,3,3,1.0,2,2,1.0
1435005,val,a30_31,3.8541765,3.8998532,1.0,3,3,1.0,6,6,1.0
1485171,val,a30_31,3.374973,3.5806315,1.0,3,3,1.0,2,2,1.0
1520031,val,a30_31,3.6402216,3.6576927,1.0,3,3,1.0,4,4,1.0
1540005,val,a30_31,4.2592783,4.493356,1.0,3,3,1.0,6,6,1.0
1559003,val,a30_31,4.064181,4.33515,1.0,3,3,1.0,2,2,1.0
1559170,val,a30_31,3.4876156,3.7329192,1.0,3,3,1.0,2,2,1.0
1565180,val,a30_31,3.0585203,2.850009,1.0,3,3,1.0,2,2,1.0
1579030,val,a30_31,3.1367888,3.539721,1.0,3,3,1.0,2,2,1.0
1613007,val,a30_31,2.5072508,3.3296845,1.0,3,2,1.0,2,2,1.0
1621171,val,a30_31,3.8816462,4.0290737,1.0,3,3,1.0,2,2,1.0
1644004,val,a30_31,3.4040015,3.1041627,1.0,3,2,1.0,2,2,1.0
1652031,val,a30_31,3.026649,3.7628198,1.0,3,3,1.0,2,2,1.0
1682032,val,a30_31,2.9637632,4.232157,1.0,3,3,1.0,6,6,1.0
1684173,val,a30_31,3.1063023,3.0831435,1.0,3,3,1.0,2,2,1.0
1687003,val,a30_31,3.1415305,3.0770123,1.0,3,3,1.0,2,2,1.0
1690170,val,a30_31,1.979255,2.9952161,1.0,3,3,1.0,2,2,1.0
1692030,val,a30_31,0.41643286,0.0,1.0,2,2,1.0,2,2,1.0
1695034,val,a30_31,3.189821,3.154082,1.0,3,3,1.0,2,2,1.0
1701004,val,a30_31,2.481671,2.9586496,1.0,3,3,1.0,2,2,1.0
1721030,val,a30_31,3.9223804,4.218239,1.0,3,3,1.0,4,4,1.0
1723005,val,a30_31,0.4935453,0.0,1.0,2,2,1.0,2,2,1.0
1762030,val,a30_31,2.294376,1.8541794,1.0,3,3,1.0,2,2,1.0
1762031,val,a30_31,3.3956096,3.4748342,1.0,3,3,1.0,2,2,1.0
1762032,val,a30_31,1.7717749,0.8422866,1.0,3,3,1.0,2,2,1.0
1774170,val,a30_31,3.4272666,3.530886,1.0,3,3,1.0,2,2,1.0
1774171,val,a30_31,3.3810098,3.757377,1.0,3,3,1.0,2,2,1.0
1784171,val,a30_31,3.809989,4.354948,1.0,3,3,1.0,2,2,1.0
1786191,val,a30_31,3.7178454,4.0242934,1.0,3,3,1.0,2,2,1.0
1787005,val,a30_31,3.571504,3.5573397,1.0,3,3,1.0,4,2,1.0
1787174,val,a30_31,2.9288087,3.4187503,1.0,3,3,1.0,2,2,1.0
1802003,val,a30_31,2.899909,2.8268056,1.0,3,3,1.0,2,2,1.0
1845170,val,a30_31,3.7808003,3.5920963,1.0,3,3,1.0,2,2,1.0
1862171,val,a30_31,3.0224042,1.0280056,1.0,3,3,1.0,2,2,1.0
1898004,val,a30_31,3.5927622,4.0346365,1.0,3,3,1.0,6,6,1.0
1911030,val,a30_31,2.9688075,3.1301715,1.0,3,3,1.0,4,3,1.0
1914003,val,a30_31,0.9493072,0.13113108,1.0,2,3,1.0,2,2,1.0
1919007,val,a30_31,3.972135,3.7895627,1.0,3,3,1.0,2,2,1.0
1954003,val,a30_31,3.393805,3.2025814,1.0,3,3,1.0,2,2,1.0
1959005,val,a30_31,3.8913548,4.0288734,1.0,3,3,1.0,6,6,1.0
1964031,val,a30_31,2.239795,0.0,0.0,3,-1,0.0,2,-1,0.0
1972173,val,a30_31,0.77645564,0.0,1.0,2,2,1.0,2,2,1.0
1978030,val,a30_31,3.273745,3.5649583,1.0,3,3,1.0,2,2,1.0
2005030,val,a30_31,2.879985,2.9669423,1.0,3,3,1.0,6,6,1.0
2011174,val,a30_31,2.6047142,2.6167932,1.0,3,3,1.0,2,2,1.0
2023030,val,a30_31,3.944573,4.596575,1.0,3,3,1.0,6,6,1.0
2028030,val,a30_31,3.5595088,3.7856972,1.0,3,3,1.0,4,4,1.0
2055003,val,a30_31,2.4864302,2.474848,1.0,3,3,1.0,2,2,1.0
2067005,val,a30_31,3.6526613,3.8257277,1.0,3,3,1.0,2,2,1.0
2080170,val,a30_31,1.8290341,0.7748619,1.0,3,3,1.0,2,2,1.0
2106171,val,a30_31,0.51115763,0.0,1.0,2,2,1.0,2,2,1.0
2109002,val,a30_31,3.5404186,4.0631533,1.0,3,3,1.0,2,2,1.0
2129186,val,a30_31,2.9705927,3.000162,1.0,3,3,1.0,2,2,1.0
2181007,val,a30_31,0.6283165,0.0,1.0,2,2,1.0,6,6,1.0
2181030,val,a30_31,3.3086505,3.2536054,1.0,3,3,1.0,4,4,1.0
2243174,val,a30_31,3.7759018,4.1554103,1.0,3,3,1.0,2,2,1.0
2260173,val,a30_31,2.5070784,1.88501,1.0,3,2,1.0,2,2,1.0
2261030,val,a30_31,2.929198,2.6918542,1.0,3,3,1.0,2,2,1.0
2271171,val,a30_31,2.5967758,2.9267282,1.0,3,3,1.0,2,2,1.0
2282005,val,a30_31,3.1883636,3.3026655,1.0,3,3,1.0,6,4,1.0
2302195,val,a30_31,0.45474505,0.0,1.0,2,2,1.0,2,2,1.0
2334031,val,a30_31,3.6974263,4.190539,1.0,3,3,1.0,2,2,1.0
2341172,val,a30_31,2.9053137,1.6821941,1.0,3,2,1.0,2,2,1.0
2354175,val,a30_31,3.5570455,0.02431143,1.0,3,3,1.0,6,2,1.0
2355004,val,a30_31,1.5497365,2.3455245,1.0,3,3,1.0,4,4,1.0
2391030,val,a30_31,3.4245663,3.3619723,1.0,3,3,1.0,2,2,1.0
2397173,val,a30_31,0.61054766,0.0,1.0,2,2,1.0,2,3,1.0
2408170,val,a30_31,2.7407968,2.1372008,1.0,3,3,1.0,6,2,1.0
2425003,val,a30_31,2.4785917,1.4242183,1.0,3,3,1.0,2,2,1.0
2432030,val,a30_31,0.8289559,0.0,1.0,2,2,1.0,4,4,1.0
2435172,val,a30_31,1.0384301,1.2739747,1.0,3,3,1.0,2,2,1.0
2436174,val,a30_31,0.4304049,0.0,1.0,2,2,1.0,2,2,1.0
2436176,val,a30_31,0.7853457,1.6717893,1.0,2,3,1.0,2,2,1.0
2441003,val,a30_31,1.5470934,2.0608215,1.0,3,3,1.0,2,2,1.0
2441173,val,a30_31,3.196209,3.6020598,1.0,3,3,1.0,2,2,1.0
2458031,val,a30_31,4.2792535,4.507845,1.0,3,3,1.0,6,6,1.0
2461004,val,a30_31,0.64528584,1.2221372,1.0,2,2,1.0,2,2,1.0
2461030,val,a30_31,3.711114,4.886779,1.0,3,3,1.0,2,2,1.0
2473004,val,a30_31,3.3522372,3.5453892,1.0,3,3,1.0,2,2,1.0
2483030,val,a30_31,2.9234536,1.4439538,1.0,3,2,1.0,2,2,1.0
2503030,val,a30_31,3.6719298,4.153324,1.0,3,3,1.0,6,6,1.0
2510005,val,a30_31,3.3846054,3.681525,1.0,3,3,1.0,2,2,1.0
2525003,val,a30_31,3.4497397,1.0911466,1.0,3,2,1.0,2,2,1.0
2529030,val,a30_31,3.1498256,3.6850972,1.0,3,3,1.0,2,2,1.0
2529174,val,a30_31,3.1528356,3.8850634,1.0,3,3,1.0,2,2,1.0
2530003,val,a30_31,1.7734668,2.4984546,1.0,3,3,1.0,2,2,1.0
2530004,val,a30_31,2.9414752,3.1229002,1.0,3,3,1.0,2,2,1.0
2569033,val,a30_31,2.8815882,3.1590667,1.0,3,3,1.0,6,2,1.0
2601006,val,a30_31,3.5840793,4.568841,1.0,3,3,1.0,6,2,1.0
2608006,val,a30_31,2.7488368,3.104259,1.0,3,3,1.0,2,2,1.0
2615034,val,a30_31,3.7146683,4.351215,1.0,3,3,1.0,2,2,1.0
2639004,val,a30_31,1.377787,3.4125912,1.0,2,3,1.0,2,6,1.0
2665177,val,a30_31,0.86815846,0.50427806,1.0,2,2,1.0,6,6,1.0
2672006,val,a30_31,3.4430723,3.8187668,1.0,3,3,1.0,6,6,1.0
2672171,val,a30_31,2.2603462,4.456984,1.0,3,3,1.0,2,4,1.0
2697003,val,a30_31,3.5547113,3.9311678,1.0,3,3,1.0,2,4,1.0
2704031,val,a30_31,3.245027,3.4627373,1.0,3,3,1.0,6,2,1.0
2705030,val,a30_31,3.4990363,3.8132377,1.0,3,3,1.0,2,2,1.0
2707007,val,a30_31,2.6377888,2.7866313,1.0,3,3,1.0,2,2,1.0
2712172,val,a30_31,2.0960333,2.5026433,1.0,3,3,1.0,2,2,1.0
2731003,val,a30_31,3.0184822,3.2932556,1.0,3,3,1.0,6,6,1.0
2731005,val,a30_31,4.0798364,4.5509243,1.0,3,3,1.0,6,6,1.0
2770031,val,a30_31,3.3597288,3.598622,1.0,3,3,1.0,2,2,1.0
2816004,val,a30_31,0.74507153,0.0,1.0,2,2,1.0,2,2,1.0
2910002,val,a30_31,2.830976,2.9302201,1.0,3,3,1.0,2,2,1.0
3062001,val,a30_31,3.5214984,3.2921891,1.0,3,3,1.0,2,2,1.0
3235002,val,a30_31,2.4810371,2.637326,1.0,3,3,1.0,2,2,1.0
3306001,val,a30_31,3.9294605,4.2639766,1.0,3,3,1.0,2,2,1.0
5015030,val,a30_31,1.89694,3.053964,1.0,3,3,1.0,2,2,1.0
5048030,val,a30_31,2.6991305,0.9035515,1.0,3,3,1.0,6,6,1.0
5052033,val,a30_31,2.2088566,2.1652112,1.0,3,3,1.0,6,6,1.0
5057008,val,a30_31,0.55462337,0.0,1.0,2,2,1.0,6,6,1.0
5170009,val,a30_31,3.4430263,3.6723797,1.0,3,3,1.0,2,2,1.0
5230008,val,a30_31,3.1016922,3.3242893,1.0,3,3,1.0,2,2,1.0
5299010,val,a30_31,2.2919574,1.4410384,1.0,3,3,1.0,6,6,1.0
5336179,val,a30_31,2.8176455,2.2973404,1.0,3,2,1.0,2,2,1.0
5364005,val,a30_31,2.996076,3.2058682,1.0,3,3,1.0,3,3,1.0
5379004,val,a30_31,3.2667785,2.9469423,1.0,3,3,1.0,4,4,1.0
5430173,val,a30_31,2.9233747,0.0,0.0,3,-1,0.0,6,-1,0.0
5488006,val,a30_31,3.4039028,3.6987822,1.0,3,3,1.0,6,6,1.0
5493007,val,a30_31,0.5676565,0.0,1.0,2,2,1.0,5,5,1.0
5537009,val,a30_31,2.5277486,2.2175868,1.0,3,3,1.0,2,2,1.0
5537177,val,a30_31,1.1909252,0.0,1.0,2,2,1.0,2,2,1.0
5537183,val,a30_31,3.4252625,0.0,1.0,3,2,1.0,2,2,1.0
5569010,val,a30_31,2.871088,3.477633,1.0,3,3,1.0,2,2,1.0
5600005,val,a30_31,1.7067163,2.3809192,1.0,3,2,1.0,6,6,1.0
5615183,val,a30_31,2.715114,4.037687,1.0,3,3,1.0,2,2,1.0
5749006,val,a30_31,2.1509113,2.652741,1.0,3,3,1.0,4,2,1.0
5822175,val,a30_31,2.7867684,2.9794602,1.0,3,3,1.0,2,2,1.0
5832003,val,a30_31,2.9581866,0.0,0.0,3,-1,0.0,2,-1,0.0
5872005,val,a30_31,0.55793,0.0,1.0,2,2,1.0,6,6,1.0
5898005,val,a30_31,1.6488144,0.0,1.0,3,2,1.0,6,4,1.0
5904033,val,a30_31,2.636353,2.6030054,1.0,3,3,1.0,2,3,1.0
5987188,val,a30_31,2.85436,3.0227742,1.0,3,3,1.0,2,2,1.0
6026005,val,a30_31,3.3604891,3.6704879,1.0,3,3,1.0,6,6,1.0
6026172,val,a30_31,3.434934,3.7018018,1.0,3,3,1.0,6,6,1.0
6054031,val,a30_31,3.9405131,4.3773117,1.0,3,3,1.0,6,6,1.0
6121033,val,a30_31,2.254865,0.0,0.0,3,2,1.0,6,6,1.0
6156008,val,a30_31,3.367851,3.766229,1.0,3,3,1.0,6,6,1.0
6157003,val,a30_31,2.7863557,2.724433,1.0,3,3,1.0,2,2,1.0
6210183,val,a30_31,2.5438423,3.5983658,1.0,3,3,1.0,2,2,1.0
6262030,val,a30_31,3.392778,3.6729314,1.0,3,3,1.0,2,2,1.0
6368007,val,a30_31,2.1887455,1.520187,1.0,3,2,1.0,6,6,1.0
6381181,val,a30_31,3.2930317,3.8400397,1.0,3,3,1.0,6,6,1.0
6396003,val,a30_31,1.773205,1.6638994,1.0,3,3,1.0,4,2,1.0
6431008,val,a30_31,2.733852,3.2574513,1.0,3,3,1.0,2,2,1.0
6475170,val,a30_31,2.5039306,2.6670494,1.0,3,3,1.0,6,6,1.0
6522004,val,a30_31,0.95467937,0.0,1.0,2,2,1.0,6,6,1.0
6537032,val,a30_31,2.8334267,2.6992998,1.0,3,2,1.0,2,2,1.0
6541178,val,a30_31,3.6054738,4.0980587,1.0,3,3,1.0,2,2,1.0
6545006,val,a30_31,1.7830703,0.0,0.0,3,-1,0.0,2,-1,0.0
6547171,val,a30_31,2.857937,2.844415,1.0,3,3,1.0,2,2,1.0
6571031,val,a30_31,2.8207119,0.0,0.0,3,-1,0.0,2,-1,0.0
6590008,val,a30_31,2.809363,3.052779,1.0,3,3,1.0,2,2,1.0
6616007,val,a30_31,1.9653618,2.4154687,1.0,3,2,1.0,2,2,1.0
6649003,val,a30_31,2.4933352,3.1905797,1.0,3,2,1.0,6,6,1.0
6710030,val,a30_31,0.72822165,3.334712,1.0,2,3,1.0,6,6,1.0
6745007,val,a30_31,2.877097,0.0,0.0,3,-1,0.0,6,-1,0.0
6750005,val,a30_31,2.1076353,0.0,1.0,3,3,1.0,2,3,1.0
6765006,val,a30_31,1.3096015,0.0,1.0,2,3,1.0,2,2,1.0
6822176,val,a30_31,3.0330071,3.7020907,1.0,3,3,1.0,2,3,1.0
4007,val,a32_33,2.7799664,1.0867418,1.0,3,3,1.0,2,2,1.0
6174,val,a32_33,3.4629414,3.4142132,1.0,3,3,1.0,2,2,1.0
14004,val,a32_33,3.423249,3.97576,1.0,3,3,1.0,2,2,1.0
14172,val,a32_33,0.5849891,0.0,1.0,2,2,1.0,2,2,1.0
14173,val,a32_33,3.0796986,3.566897,1.0,3,3,1.0,2,2,1.0
18031,val,a32_33,0.8193506,0.0,1.0,2,2,1.0,2,2,1.0
18185,val,a32_33,2.2378662,3.419789,1.0,3,3,1.0,2,4,1.0
23031,val,a32_33,3.0273023,2.7639472,1.0,3,3,1.0,6,6,1.0
40173,val,a32_33,3.4959006,4.1959877,1.0,3,3,1.0,2,2,1.0
51171,val,a32_33,3.3111987,3.4484794,1.0,3,3,1.0,2,2,1.0
84005,val,a32_33,3.4535525,3.628354,1.0,3,3,1.0,6,6,1.0
121173,val,a32_33,3.2181273,4.8089485,1.0,3,3,1.0,2,2,1.0
128004,val,a32_33,3.6103644,3.699267,1.0,3,3,1.0,2,2,1.0
145170,val,a32_33,3.3644512,3.7859023,1.0,3,3,1.0,2,2,1.0
161004,val,a32_33,3.549994,4.144882,1.0,3,3,1.0,6,6,1.0
172031,val,a32_33,3.3355584,3.4698775,1.0,3,3,1.0,2,2,1.0
174175,val,a32_33,2.0366828,3.505085,1.0,3,3,1.0,2,2,1.0
221031,val,a32_33,3.7011695,3.6850972,1.0,3,3,1.0,2,2,1.0
223030,val,a32_33,3.3388066,3.5649583,1.0,3,3,1.0,2,2,1.0
227003,val,a32_33,4.200761,1.4325641,1.0,3,3,1.0,6,4,1.0
257175,val,a32_33,3.1340618,2.9559011,1.0,3,3,1.0,2,2,1.0
263182,val,a32_33,3.3479795,3.1111588,1.0,3,3,1.0,2,2,1.0
321005,val,a32_33,2.1732159,0.0,1.0,3,3,1.0,2,2,1.0
361175,val,a32_33,2.8165357,2.4523063,1.0,3,2,1.0,4,2,1.0
377170,val,a32_33,3.3142939,4.1439614,1.0,3,3,1.0,2,2,1.0
450030,val,a32_33,3.864005,3.9492195,1.0,3,3,1.0,6,6,1.0
465030,val,a32_33,2.837664,3.4057453,1.0,3,3,1.0,4,2,1.0
478030,val,a32_33,2.647596,2.441683,1.0,3,2,1.0,6,5,1.0
503031,val,a32_33,2.849879,4.011046,1.0,3,3,1.0,2,2,1.0
514172,val,a32_33,3.5465913,4.8569217,1.0,3,3,1.0,2,2,1.0
534030,val,a32_33,3.1192443,3.5290773,1.0,3,3,1.0,2,2,1.0
534171,val,a32_33,3.6467648,3.4207587,1.0,3,3,1.0,2,2,1.0
544170,val,a32_33,2.6519883,2.4005008,1.0,3,3,1.0,2,2,1.0
563193,val,a32_33,3.242715,1.2695827,1.0,3,2,1.0,2,2,1.0
577174,val,a32_33,3.135393,1.7688432,1.0,3,3,1.0,2,2,1.0
613006,val,a32_33,3.144158,4.381024,1.0,3,3,1.0,2,6,1.0
618170,val,a32_33,3.8668551,4.21746,1.0,3,3,1.0,2,2,1.0
631030,val,a32_33,2.9112604,3.6409497,1.0,3,2,1.0,2,4,1.0
633031,val,a32_33,3.1590865,3.587975,1.0,3,3,1.0,6,2,1.0
652173,val,a32_33,3.1019108,3.7014766,1.0,3,3,1.0,2,2,1.0
655172,val,a32_33,3.3465357,2.5599382,1.0,3,3,1.0,2,2,1.0
656005,val,a32_33,2.4169073,1.6182599,1.0,3,2,1.0,2,2,1.0
691171,val,a32_33,2.6791809,2.3093877,1.0,3,3,1.0,2,4,1.0
738172,val,a32_33,2.1679783,3.3051815,1.0,3,3,1.0,2,2,1.0
751030,val,a32_33,2.210846,2.7029045,1.0,3,3,1.0,2,2,1.0
762170,val,a32_33,3.9118574,4.7859936,1.0,3,3,1.0,2,2,1.0
783171,val,a32_33,3.181871,0.0,1.0,3,2,1.0,2,2,1.0
863007,val,a32_33,2.5747716,2.0965526,1.0,3,3,1.0,2,2,1.0
893170,val,a32_33,2.7894378,1.1484697,1.0,3,2,1.0,2,2,1.0
894031,val,a32_33,3.153237,2.920467,1.0,3,3,1.0,2,2,1.0
898181,val,a32_33,2.4150496,2.303382,1.0,3,2,1.0,2,2,1.0
899003,val,a32_33,3.4675248,3.1265504,1.0,3,3,1.0,4,4,1.0
916032,val,a32_33,2.6226225,3.433667,1.0,3,3,1.0,6,6,1.0
922005,val,a32_33,3.644895,2.0455058,1.0,3,3,1.0,2,2,1.0
931172,val,a32_33,3.2865584,2.9653394,1.0,3,3,1.0,2,2,1.0
939032,val,a32_33,4.0904236,4.886779,1.0,3,3,1.0,2,2,1.0
958030,val,a32_33,3.2664957,3.514469,1.0,3,3,1.0,2,2,1.0
958173,val,a32_33,2.6709924,3.0765197,1.0,3,3,1.0,2,2,1.0
961005,val,a32_33,3.1005993,2.9124293,1.0,3,2,1.0,4,2,1.0
961030,val,a32_33,3.0102494,3.8700032,1.0,3,3,1.0,6,6,1.0
961175,val,a32_33,3.2915192,3.3337398,1.0,3,3,1.0,2,2,1.0
1051183,val,a32_33,3.75139,3.8180304,1.0,3,3,1.0,2,2,1.0
1084005,val,a32_33,2.9556692,0.0,1.0,3,2,1.0,2,2,1.0
1089003,val,a32_33,2.8772428,3.267166,1.0,3,3,1.0,2,2,1.0
1093003,val,a32_33,0.71183586,0.0,1.0,2,2,1.0,2,2,1.0
1107173,val,a32_33,2.0907807,2.8713987,1.0,3,3,1.0,2,2,1.0
1109174,val,a32_33,1.7854749,1.7994808,1.0,3,2,1.0,2,2,1.0
1121030,val,a32_33,3.253281,3.2479649,1.0,3,3,1.0,2,2,1.0
1121175,val,a32_33,2.1285954,2.7939436,1.0,3,3,1.0,2,2,1.0
1125172,val,a32_33,2.6740053,2.505347,1.0,3,3,1.0,2,2,1.0
1126030,val,a32_33,2.8786573,3.0186512,1.0,3,3,1.0,2,2,1.0
1126176,val,a32_33,2.6130366,4.886779,1.0,3,3,1.0,2,2,1.0
1152180,val,a32_33,3.1292198,3.2781074,1.0,3,3,1.0,2,2,1.0
1164004,val,a32_33,3.2893877,3.232986,1.0,3,3,1.0,2,2,1.0
1184032,val,a32_33,3.195653,3.3217459,1.0,3,3,1.0,2,2,1.0
1184033,val,a32_33,2.3704019,0.0,1.0,3,2,1.0,6,2,1.0
1185003,val,a32_33,3.412694,2.8616178,1.0,3,2,1.0,2,2,1.0
1222004,val,a32_33,2.305901,0.0,1.0,3,2,1.0,2,2,1.0
1222006,val,a32_33,3.0351272,3.2669837,1.0,3,3,1.0,2,2,1.0
1284170,val,a32_33,3.5198283,3.8794374,1.0,3,3,1.0,2,2,1.0
1292004,val,a32_33,2.6412325,1.8490136,1.0,3,3,1.0,2,2,1.0
1314172,val,a32_33,3.265624,1.2554071,1.0,3,3,1.0,2,2,1.0
1332005,val,a32_33,4.283185,1.8490136,1.0,3,3,1.0,4,4,1.0
1335010,val,a32_33,3.1163425,2.8287268,1.0,3,3,1.0,2,2,1.0
1338003,val,a32_33,3.3873034,3.5806177,1.0,3,3,1.0,6,6,1.0
1345006,val,a32_33,2.8069658,3.5201502,1.0,3,3,1.0,2,4,1.0
1345007,val,a32_33,3.0011473,3.3856368,1.0,3,3,1.0,6,6,1.0
1346030,val,a32_33,3.6962924,0.0,1.0,3,2,1.0,6,2,1.0
1391033,val,a32_33,3.6764627,3.8577616,1.0,3,3,1.0,6,2,1.0
1391175,val,a32_33,0.48039055,2.1802564,1.0,2,3,1.0,2,2,1.0
1394033,val,a32_33,2.587655,0.0,1.0,3,2,1.0,6,4,1.0
1397005,val,a32_33,3.3126097,3.384829,1.0,3,3,1.0,2,2,1.0
1397172,val,a32_33,1.5191706,0.6637555,1.0,3,2,1.0,2,2,1.0
1426004,val,a32_33,2.049086,1.2936131,1.0,3,2,1.0,6,3,1.0
1434032,val,a32_33,2.6688173,1.6391988,1.0,3,3,1.0,2,2,1.0
1434170,val,a32_33,3.117729,2.9495683,1.0,3,3,1.0,2,2,1.0
1435005,val,a32_33,3.879014,3.904213,1.0,3,3,1.0,6,2,1.0
1485171,val,a32_33,3.3983104,1.6021421,1.0,3,3,1.0,2,2,1.0
1520031,val,a32_33,3.6824949,3.9380646,1.0,3,3,1.0,4,2,1.0
1540005,val,a32_33,4.206116,2.2967575,1.0,3,3,1.0,6,2,1.0
1559003,val,a32_33,3.9723172,4.4298196,1.0,3,3,1.0,2,2,1.0
1559170,val,a32_33,3.3472488,3.635588,1.0,3,3,1.0,2,2,1.0
1565180,val,a32_33,2.977441,3.4698775,1.0,3,3,1.0,2,2,1.0
1579030,val,a32_33,3.3541658,3.4738486,1.0,3,3,1.0,2,2,1.0
1613007,val,a32_33,2.4876778,0.38016513,1.0,3,2,1.0,2,2,1.0
1621171,val,a32_33,3.8045402,4.339688,1.0,3,3,1.0,2,2,1.0
1644004,val,a32_33,3.2690997,1.2289442,1.0,3,3,1.0,2,2,1.0
1652031,val,a32_33,2.903735,0.0,1.0,3,2,1.0,2,2,1.0
1682032,val,a32_33,3.2039847,4.266328,1.0,3,3,1.0,6,6,1.0
1684173,val,a32_33,3.167696,3.2957816,1.0,3,3,1.0,2,2,1.0
1687003,val,a32_33,3.1744988,3.19179,1.0,3,3,1.0,2,2,1.0
1690170,val,a32_33,2.167591,3.3861604,1.0,3,3,1.0,2,2,1.0
1692030,val,a32_33,0.42575288,1.5561625,1.0,2,3,1.0,2,2,1.0
1695034,val,a32_33,3.0903268,3.4795048,1.0,3,3,1.0,2,2,1.0
1701004,val,a32_33,2.5655327,3.2293725,1.0,3,3,1.0,2,2,1.0
1721030,val,a32_33,3.8774052,3.8455408,1.0,3,3,1.0,4,2,1.0
1723005,val,a32_33,0.5337534,0.82886904,1.0,2,2,1.0,2,2,1.0
1762030,val,a32_33,2.4331388,1.9757252,1.0,3,3,1.0,2,2,1.0
1762031,val,a32_33,3.3961258,3.5925455,1.0,3,3,1.0,2,2,1.0
1762032,val,a32_33,2.0415494,1.6391988,1.0,3,3,1.0,2,3,1.0
1774170,val,a32_33,3.2673953,3.9912028,1.0,3,3,1.0,2,2,1.0
1774171,val,a32_33,3.2419198,3.549721,1.0,3,3,1.0,2,2,1.0
1784171,val,a32_33,3.7443483,4.220819,1.0,3,3,1.0,2,2,1.0
1786191,val,a32_33,3.664638,3.9380646,1.0,3,3,1.0,2,2,1.0
1787005,val,a32_33,3.5905998,3.6982102,1.0,3,3,1.0,4,2,1.0
1787174,val,a32_33,2.7919014,3.4946194,1.0,3,3,1.0,2,2,1.0
1802003,val,a32_33,2.920601,2.9506648,1.0,3,3,1.0,2,2,1.0
1845170,val,a32_33,3.7461553,3.4964852,1.0,3,3,1.0,2,2,1.0
1862171,val,a32_33,3.0058382,3.7249148,1.0,3,3,1.0,2,2,1.0
1898004,val,a32_33,3.527,3.97414,1.0,3,3,1.0,6,6,1.0
1911030,val,a32_33,3.0405335,3.1334782,1.0,3,3,1.0,4,2,1.0
1914003,val,a32_33,0.80985415,1.1835238,1.0,2,3,1.0,2,2,1.0
1919007,val,a32_33,3.9133637,3.963373,1.0,3,3,1.0,2,2,1.0
1954003,val,a32_33,3.357219,3.3071876,1.0,3,3,1.0,2,2,1.0
1959005,val,a32_33,3.8781047,4.227319,1.0,3,3,1.0,6,6,1.0
1964031,val,a32_33,2.3968005,0.0,0.0,3,-1,0.0,2,-1,0.0
1972173,val,a32_33,0.70568836,3.2300382,1.0,2,3,1.0,2,3,1.0
1978030,val,a32_33,3.1489112,3.9380646,1.0,3,3,1.0,2,2,1.0
2005030,val,a32_33,2.892673,3.6323774,1.0,3,3,1.0,6,6,1.0
2011174,val,a32_33,2.5706465,3.1610117,1.0,3,3,1.0,2,2,1.0
2023030,val,a32_33,3.8841724,4.676276,1.0,3,3,1.0,6,6,1.0
2028030,val,a32_33,3.602149,3.8275414,1.0,3,3,1.0,4,4,1.0
2055003,val,a32_33,2.5324833,2.436415,1.0,3,3,1.0,2,2,1.0
2067005,val,a32_33,3.6079729,3.8835647,1.0,3,3,1.0,2,2,1.0
2080170,val,a32_33,2.0301085,1.5193015,1.0,3,3,1.0,2,2,1.0
2106171,val,a32_33,0.5972053,1.9249718,1.0,2,3,1.0,2,2,1.0
2109002,val,a32_33,3.383298,4.320229,1.0,3,3,1.0,2,3,1.0
2129186,val,a32_33,3.0463624,3.4382844,1.0,3,3,1.0,2,2,1.0
2181007,val,a32_33,0.76984036,0.0,1.0,2,2,1.0,6,6,1.0
2181030,val,a32_33,3.3417099,3.2005377,1.0,3,3,1.0,4,4,1.0
2243174,val,a32_33,3.5625234,4.3128266,1.0,3,3,1.0,2,2,1.0
2260173,val,a32_33,2.51669,1.8636948,1.0,3,3,1.0,2,2,1.0
2261030,val,a32_33,2.8575149,3.46386,1.0,3,3,1.0,2,2,1.0
2271171,val,a32_33,2.5376422,2.8805687,1.0,3,3,1.0,2,2,1.0
2282005,val,a32_33,3.1912253,2.6999228,1.0,3,3,1.0,6,4,1.0
2302195,val,a32_33,0.4753616,0.0,1.0,2,2,1.0,2,3,1.0
2334031,val,a32_33,3.5335786,4.3227935,1.0,3,3,1.0,2,2,1.0
2341172,val,a32_33,2.8288925,1.4055939,1.0,3,3,1.0,2,2,1.0
2354175,val,a32_33,3.5286522,3.5770934,1.0,3,3,1.0,6,2,1.0
2355004,val,a32_33,2.1256008,3.1516616,1.0,3,3,1.0,4,4,1.0
2391030,val,a32_33,3.4340975,3.3850226,1.0,3,3,1.0,2,2,1.0
2397173,val,a32_33,0.5490856,1.5610666,1.0,2,2,1.0,2,4,1.0
2408170,val,a32_33,2.7633684,1.7504245,1.0,3,3,1.0,6,2,1.0
2425003,val,a32_33,2.513526,1.0458099,1.0,3,3,1.0,2,2,1.0
2432030,val,a32_33,0.92837906,3.1244323,1.0,2,3,1.0,4,4,1.0
2435172,val,a32_33,1.6765357,2.6671154,1.0,3,3,1.0,2,2,1.0
2436174,val,a32_33,0.43149328,0.0,1.0,2,2,1.0,2,2,1.0
2436176,val,a32_33,0.4840169,2.3387928,1.0,2,3,1.0,2,2,1.0
2441003,val,a32_33,2.0456314,2.767564,1.0,3,3,1.0,2,2,1.0
2441173,val,a32_33,3.1782315,3.35304,1.0,3,2,1.0,2,2,1.0
2458031,val,a32_33,4.2228937,4.4858203,1.0,3,3,1.0,6,6,1.0
2461004,val,a32_33,0.47539067,0.0,1.0,2,2,1.0,2,2,1.0
2461030,val,a32_33,3.5732718,4.886779,1.0,3,3,1.0,2,2,1.0
2473004,val,a32_33,3.3009114,3.5253677,1.0,3,3,1.0,2,2,1.0
2483030,val,a32_33,2.8265517,2.811228,1.0,3,3,1.0,2,3,1.0
2503030,val,a32_33,3.6522374,3.3822985,1.0,3,2,1.0,6,6,1.0
2510005,val,a32_33,3.3893366,3.1491687,1.0,3,3,1.0,2,2,1.0
2525003,val,a32_33,3.5957365,1.4930412,1.0,3,2,1.0,2,2,1.0
2529030,val,a32_33,3.1628594,2.3032491,1.0,3,3,1.0,2,2,1.0
2529174,val,a32_33,3.0153546,4.1124773,1.0,3,3,1.0,2,2,1.0
2530003,val,a32_33,1.9996351,0.0,0.0,3,-1,0.0,2,-1,0.0
2530004,val,a32_33,2.8309693,3.012737,1.0,3,3,1.0,2,2,1.0
2569033,val,a32_33,2.8410606,3.4540765,1.0,3,3,1.0,6,2,1.0
2601006,val,a32_33,3.5420108,4.6354756,1.0,3,3,1.0,6,2,1.0
2608006,val,a32_33,2.8246582,3.1019585,1.0,3,3,1.0,2,2,1.0
2615034,val,a32_33,3.5186481,4.0760427,1.0,3,3,1.0,2,2,1.0
2639004,val,a32_33,1.3239738,3.5780287,1.0,2,3,1.0,2,4,1.0
2665177,val,a32_33,0.8267652,0.0,1.0,2,2,1.0,6,6,1.0
2672006,val,a32_33,3.4305348,3.845893,1.0,3,3,1.0,6,2,1.0
2672171,val,a32_33,2.3473122,3.2094243,1.0,3,3,1.0,2,4,1.0
2697003,val,a32_33,3.5559688,4.1256022,1.0,3,3,1.0,2,4,1.0
2704031,val,a32_33,3.165503,3.3051815,1.0,3,3,1.0,6,2,1.0
2705030,val,a32_33,3.350425,4.1353226,1.0,3,3,1.0,2,2,1.0
2707007,val,a32_33,2.6229663,2.9212708,1.0,3,3,1.0,2,2,1.0
2712172,val,a32_33,2.4691725,2.9834774,1.0,3,3,1.0,2,2,1.0
2731003,val,a32_33,2.9449236,3.4424026,1.0,3,3,1.0,6,6,1.0
2731005,val,a32_33,3.9839478,4.657845,1.0,3,3,1.0,6,6,1.0
2770031,val,a32_33,3.2331614,3.5017936,1.0,3,3,1.0,2,2,1.0
2816004,val,a32_33,0.6973351,0.99481934,1.0,2,3,1.0,2,2,1.0
2910002,val,a32_33,2.7463903,2.9570043,1.0,3,2,1.0,2,2,1.0
3062001,val,a32_33,3.458726,3.0165422,1.0,3,3,1.0,2,2,1.0
3235002,val,a32_33,2.44824,3.067396,1.0,3,3,1.0,2,2,1.0
3306001,val,a32_33,3.7719157,4.5033164,1.0,3,3,1.0,2,2,1.0
5015030,val,a32_33,2.1835117,3.1231244,1.0,3,3,1.0,2,2,1.0
5048030,val,a32_33,2.6894062,0.85221577,1.0,3,3,1.0,6,6,1.0
5052033,val,a32_33,2.3361704,2.1177578,1.0,3,3,1.0,6,6,1.0
5057008,val,a32_33,0.6627077,0.0,1.0,2,2,1.0,6,6,1.0
5170009,val,a32_33,3.2775764,3.754378,1.0,3,3,1.0,2,2,1.0
5230008,val,a32_33,2.9965484,3.23986,1.0,3,3,1.0,2,2,1.0
5299010,val,a32_33,2.460685,0.0,1.0,3,2,1.0,6,6,1.0
5336179,val,a32_33,2.9479518,2.1424496,1.0,3,3,1.0,2,2,1.0
5364005,val,a32_33,3.0119793,3.1292195,1.0,3,3,1.0,3,3,1.0
5379004,val,a32_33,3.30002,3.4401562,1.0,3,3,1.0,4,4,1.0
5430173,val,a32_33,2.9981616,0.0,1.0,3,2,1.0,6,6,1.0
5488006,val,a32_33,3.340551,3.6953425,1.0,3,3,1.0,6,6,1.0
5493007,val,a32_33,0.6520368,0.0,1.0,2,2,1.0,5,6,1.0
5537009,val,a32_33,2.5596209,0.0,0.0,3,-1,0.0,2,-1,0.0
5537177,val,a32_33,1.4044535,0.0,1.0,2,2,1.0,2,2,1.0
5537183,val,a32_33,3.3670535,3.904599,1.0,3,3,1.0,2,2,1.0
5569010,val,a32_33,2.7654958,3.7087364,1.0,3,3,1.0,2,2,1.0
5600005,val,a32_33,2.1424267,2.8738692,1.0,3,3,1.0,6,6,1.0
5615183,val,a32_33,2.872817,3.4054897,1.0,3,3,1.0,2,2,1.0
5749006,val,a32_33,2.382047,2.906099,1.0,3,3,1.0,4,2,1.0
5822175,val,a32_33,2.9053388,3.410315,1.0,3,3,1.0,2,2,1.0
5832003,val,a32_33,2.867192,3.3075924,1.0,3,2,1.0,2,6,1.0
5872005,val,a32_33,0.67472005,0.0,1.0,2,2,1.0,6,6,1.0
5898005,val,a32_33,2.195227,1.7823017,1.0,3,3,1.0,6,4,1.0
5904033,val,a32_33,2.6359375,0.84036845,1.0,3,3,1.0,2,3,1.0
5987188,val,a32_33,2.815918,2.9850528,1.0,3,3,1.0,2,2,1.0
6026005,val,a32_33,3.3810503,3.9760501,1.0,3,3,1.0,6,2,1.0
6026172,val,a32_33,3.3940063,3.810312,1.0,3,3,1.0,6,2,1.0
6054031,val,a32_33,3.8814106,3.938906,1.0,3,3,1.0,6,6,1.0
6121033,val,a32_33,2.599509,0.0,0.0,3,-1,0.0,6,-1,0.0
6156008,val,a32_33,3.2620993,3.793373,1.0,3,3,1.0,6,6,1.0
6157003,val,a32_33,2.8073287,2.9488564,1.0,3,3,1.0,2,2,1.0
6210183,val,a32_33,2.5475152,3.3647535,1.0,3,3,1.0,2,2,1.0
6262030,val,a32_33,3.3469334,4.031533,1.0,3,3,1.0,2,2,1.0
6368007,val,a32_33,2.4546475,0.41118228,1.0,3,2,1.0,6,6,1.0
6381181,val,a32_33,3.2176878,4.056612,1.0,3,3,1.0,6,2,1.0
6396003,val,a32_33,2.222107,1.5197067,1.0,3,3,1.0,4,2,1.0
6431008,val,a32_33,2.8529892,3.2996137,1.0,3,3,1.0,2,2,1.0
6475170,val,a32_33,2.5547402,2.8357437,1.0,3,3,1.0,6,6,1.0
6522004,val,a32_33,0.82860017,0.0,1.0,2,2,1.0,6,6,1.0
6537032,val,a32_33,2.7702007,0.0,1.0,3,2,1.0,2,2,1.0
6541178,val,a32_33,3.4634664,4.160322,1.0,3,3,1.0,2,2,1.0
6545006,val,a32_33,2.0270777,0.0,0.0,3,-1,0.0,2,-1,0.0
6547171,val,a32_33,2.8399363,2.8279142,1.0,3,3,1.0,2,2,1.0
6571031,val,a32_33,2.9166389,3.3175473,1.0,3,3,1.0,2,3,1.0
6590008,val,a32_33,2.8268893,3.1238058,1.0,3,3,1.0,2,2,1.0
6616007,val,a32_33,2.344587,2.2041533,1.0,3,3,1.0,2,3,1.0
6649003,val,a32_33,2.5777152,2.9051325,1.0,3,3,1.0,6,6,1.0
6710030,val,a32_33,0.8389758,0.0,0.0,2,-1,0.0,6,-1,0.0
6745007,val,a32_33,2.9135027,0.0,0.0,3,-1,0.0,6,-1,0.0
6750005,val,a32_33,2.4756768,3.182522,1.0,3,3,1.0,2,4,1.0
6765006,val,a32_33,1.048176,2.837602,1.0,2,3,1.0,2,2,1.0
6822176,val,a32_33,2.9094343,3.8595586,1.0,3,3,1.0,2,4,1.0
4007,val,a34_35,2.7760215,2.800409,1.0,3,3,1.0,2,2,1.0
6174,val,a34_35,3.40618,3.436764,1.0,3,3,1.0,2,2,1.0
14004,val,a34_35,3.3669815,3.998868,1.0,3,3,1.0,2,2,1.0
14172,val,a34_35,0.620978,0.0,1.0,2,2,1.0,2,2,1.0
14173,val,a34_35,3.065097,3.6810904,1.0,3,3,1.0,2,2,1.0
18031,val,a34_35,0.77429557,0.68363804,1.0,2,2,1.0,2,2,1.0
18185,val,a34_35,2.276977,0.9108581,1.0,3,2,1.0,2,2,1.0
23031,val,a34_35,3.0238867,3.4142132,1.0,3,3,1.0,6,6,1.0
40173,val,a34_35,3.4382782,3.7375634,1.0,3,3,1.0,2,2,1.0
51171,val,a34_35,3.2843158,3.6482122,1.0,3,3,1.0,2,2,1.0
84005,val,a34_35,3.4199593,3.8661423,1.0,3,3,1.0,6,6,1.0
121173,val,a34_35,3.1502094,4.4823527,1.0,3,3,1.0,2,2,1.0
128004,val,a34_35,3.5240884,3.7695422,1.0,3,3,1.0,2,2,1.0
145170,val,a34_35,3.3558319,3.050315,1.0,3,3,1.0,2,2,1.0
161004,val,a34_35,3.4904628,4.29205,1.0,3,3,1.0,6,6,1.0
172031,val,a34_35,3.275644,3.0302796,1.0,3,3,1.0,2,2,1.0
174175,val,a34_35,2.1770785,3.4826064,1.0,3,3,1.0,2,2,1.0
221031,val,a34_35,3.6508527,4.00667,1.0,3,3,1.0,2,2,1.0
223030,val,a34_35,3.3319306,4.1992106,1.0,3,3,1.0,2,2,1.0
227003,val,a34_35,4.136483,3.9942298,1.0,3,3,1.0,6,4,1.0
257175,val,a34_35,3.0970263,1.5653204,1.0,3,3,1.0,2,2,1.0
263182,val,a34_35,3.3253524,3.226835,1.0,3,3,1.0,2,2,1.0
321005,val,a34_35,2.2360609,1.8506196,1.0,3,3,1.0,2,2,1.0
361175,val,a34_35,2.995074,0.5806059,1.0,3,2,1.0,4,2,1.0
377170,val,a34_35,3.2745843,4.052736,1.0,3,3,1.0,2,2,1.0
450030,val,a34_35,3.8169713,3.535023,1.0,3,3,1.0,6,6,1.0
465030,val,a34_35,2.9005806,3.46386,1.0,3,3,1.0,4,2,1.0
478030,val,a34_35,2.665495,0.0,1.0,3,3,1.0,6,5,1.0
503031,val,a34_35,2.9078174,4.179109,1.0,3,3,1.0,2,2,1.0
514172,val,a34_35,3.4693239,4.4858203,1.0,3,3,1.0,2,2,1.0
534030,val,a34_35,3.0694804,1.7294579,1.0,3,3,1.0,2,2,1.0
534171,val,a34_35,3.605587,3.2709668,1.0,3,3,1.0,2,2,1.0
544170,val,a34_35,2.661775,2.6415782,1.0,3,3,1.0,2,2,1.0
563193,val,a34_35,3.2329042,0.0,1.0,3,2,1.0,2,2,1.0
577174,val,a34_35,3.1580513,2.117311,1.0,3,3,1.0,2,2,1.0
613006,val,a34_35,3.1448474,3.412913,1.0,3,2,1.0,2,6,1.0
618170,val,a34_35,3.794281,4.139663,1.0,3,3,1.0,2,2,1.0
631030,val,a34_35,2.9308708,4.0355644,1.0,3,3,1.0,2,4,1.0
633031,val,a34_35,3.1186855,3.806156,1.0,3,3,1.0,6,2,1.0
652173,val,a34_35,3.0046854,3.5265098,1.0,3,3,1.0,2,2,1.0
655172,val,a34_35,3.254515,3.625488,1.0,3,2,1.0,2,2,1.0
656005,val,a34_35,2.4928417,2.2859914,1.0,3,3,1.0,2,2,1.0
691171,val,a34_35,2.6669664,2.9259071,1.0,3,3,1.0,2,4,1.0
738172,val,a34_35,2.2775576,2.920467,1.0,3,3,1.0,2,2,1.0
751030,val,a34_35,2.3599904,2.1802564,1.0,3,3,1.0,2,2,1.0
762170,val,a34_35,3.8328214,4.451708,1.0,3,3,1.0,2,2,1.0
783171,val,a34_35,3.1117394,0.0,1.0,3,2,1.0,2,2,1.0
863007,val,a34_35,2.6347725,2.018303,1.0,3,3,1.0,2,2,1.0
893170,val,a34_35,2.7981596,0.0,1.0,3,2,1.0,2,2,1.0
894031,val,a34_35,3.066461,3.045166,1.0,3,3,1.0,2,2,1.0
898181,val,a34_35,2.4087317,2.2668793,1.0,3,3,1.0,2,2,1.0
899003,val,a34_35,3.5091891,3.2250204,1.0,3,3,1.0,4,4,1.0
916032,val,a34_35,2.6501467,0.97904295,1.0,3,3,1.0,6,6,1.0
922005,val,a34_35,3.587864,2.986773,1.0,3,3,1.0,2,2,1.0
931172,val,a34_35,3.2905717,2.7452414,1.0,3,3,1.0,2,2,1.0
939032,val,a34_35,4.0375533,4.8055015,1.0,3,3,1.0,2,2,1.0
958030,val,a34_35,3.2118063,3.643596,1.0,3,3,1.0,2,2,1.0
958173,val,a34_35,2.6797733,3.051619,1.0,3,3,1.0,2,2,1.0
961005,val,a34_35,3.1880682,2.7400177,1.0,3,3,1.0,4,4,1.0
961030,val,a34_35,3.0505567,4.009967,1.0,3,3,1.0,6,2,1.0
961175,val,a34_35,3.2911289,3.5397089,1.0,3,3,1.0,2,2,1.0
1051183,val,a34_35,3.6622515,3.5068526,1.0,3,3,1.0,2,2,1.0
1084005,val,a34_35,2.8966372,1.2412424,1.0,3,3,1.0,2,2,1.0
1089003,val,a34_35,2.8206325,3.223352,1.0,3,3,1.0,2,2,1.0
1093003,val,a34_35,0.7145479,0.0,1.0,2,2,1.0,2,2,1.0
1107173,val,a34_35,2.2778296,0.0,1.0,3,2,1.0,2,2,1.0
1109174,val,a34_35,1.968503,1.7912925,1.0,3,3,1.0,2,2,1.0
1121030,val,a34_35,3.227704,3.3347914,1.0,3,3,1.0,2,2,1.0
1121175,val,a34_35,2.2435462,2.8474362,1.0,3,3,1.0,2,2,1.0
1125172,val,a34_35,2.7005997,2.8422003,1.0,3,3,1.0,2,2,1.0
1126030,val,a34_35,2.870563,3.5079842,1.0,3,3,1.0,2,2,1.0
1126176,val,a34_35,2.8143091,4.886779,1.0,3,3,1.0,2,2,1.0
1152180,val,a34_35,3.054544,3.3841953,1.0,3,3,1.0,2,2,1.0
1164004,val,a34_35,3.2755907,3.3247015,1.0,3,3,1.0,2,2,1.0
1184032,val,a34_35,3.1743054,3.718973,1.0,3,3,1.0,2,2,1.0
1184033,val,a34_35,2.5429933,0.0,1.0,3,2,1.0,6,2,1.0
1185003,val,a34_35,3.3097773,0.1392965,1.0,3,2,1.0,2,2,1.0
1222004,val,a34_35,2.3762105,0.6502385,1.0,3,3,1.0,2,2,1.0
1222006,val,a34_35,3.1062217,0.0,1.0,3,3,1.0,2,2,1.0
1284170,val,a34_35,3.4281216,2.9825165,1.0,3,3,1.0,2,2,1.0
1292004,val,a34_35,2.6654053,2.6426997,1.0,3,3,1.0,2,2,1.0
1314172,val,a34_35,3.2567034,3.6161854,1.0,3,3,1.0,2,2,1.0
1332005,val,a34_35,4.261795,3.4484794,1.0,3,3,1.0,4,2,1.0
1335010,val,a34_35,3.0965416,2.9968593,1.0,3,3,1.0,2,2,1.0
1338003,val,a34_35,3.342455,3.7758262,1.0,3,3,1.0,6,6,1.0
1345006,val,a34_35,2.7715116,2.5475004,1.0,3,3,1.0,2,2,1.0
1345007,val,a34_35,3.0769534,4.046768,1.0,3,3,1.0,6,6,1.0
1346030,val,a34_35,3.607703,0.0,1.0,3,2,1.0,6,2,1.0
1391033,val,a34_35,3.6327977,3.6222303,1.0,3,3,1.0,6,2,1.0
1391175,val,a34_35,0.5042106,3.1423733,1.0,2,3,1.0,2,4,1.0
1394033,val,a34_35,2.6189747,0.0,1.0,3,2,1.0,6,4,1.0
1397005,val,a34_35,3.2891831,3.6320806,1.0,3,3,1.0,2,2,1.0
1397172,val,a34_35,1.8437881,0.0,1.0,3,2,1.0,2,2,1.0
1426004,val,a34_35,2.196581,2.7400177,1.0,3,3,1.0,6,6,1.0
1434032,val,a34_35,2.6612303,1.6446948,1.0,3,3,1.0,2,2,1.0
1434170,val,a34_35,3.077561,3.3065176,1.0,3,3,1.0,2,2,1.0
1435005,val,a34_35,3.871818,4.083877,1.0,3,3,1.0,6,2,1.0
1485171,val,a34_35,3.37479,3.1599016,1.0,3,3,1.0,2,2,1.0
1520031,val,a34_35,3.706185,4.223541,1.0,3,3,1.0,4,3,1.0
1540005,val,a34_35,4.156024,1.1484697,1.0,3,3,1.0,6,2,1.0
1559003,val,a34_35,3.9044747,4.581772,1.0,3,3,1.0,2,2,1.0
1559170,val,a34_35,3.2604823,3.1855898,1.0,3,3,1.0,2,2,1.0
1565180,val,a34_35,2.93321,3.8731043,1.0,3,3,1.0,2,2,1.0
1579030,val,a34_35,3.3653417,3.2707531,1.0,3,3,1.0,2,2,1.0
1613007,val,a34_35,2.49745,1.1782345,1.0,3,3,1.0,2,2,1.0
1621171,val,a34_35,3.7351825,4.233549,1.0,3,3,1.0,2,2,1.0
1644004,val,a34_35,3.186929,3.4810104,1.0,3,3,1.0,2,2,1.0
1652031,val,a34_35,2.8501346,1.224851,1.0,3,3,1.0,2,2,1.0
1682032,val,a34_35,3.261433,4.058486,1.0,3,3,1.0,6,2,1.0
1684173,val,a34_35,3.1697166,3.449071,1.0,3,3,1.0,2,2,1.0
1687003,val,a34_35,3.1647937,3.3014047,1.0,3,3,1.0,2,2,1.0
1690170,val,a34_35,2.288774,3.3312128,1.0,3,3,1.0,2,2,1.0
1692030,val,a34_35,0.44478798,2.5444038,1.0,2,3,1.0,2,4,1.0
1695034,val,a34_35,3.0281756,3.5729935,1.0,3,2,1.0,2,2,1.0
1701004,val,a34_35,2.6186318,3.4728677,1.0,3,3,1.0,2,2,1.0
1721030,val,a34_35,3.8472247,3.6708767,1.0,3,3,1.0,4,2,1.0
1723005,val,a34_35,0.5633962,1.1481966,1.0,2,2,1.0,2,2,1.0
1762030,val,a34_35,2.5152965,2.3319604,1.0,3,2,1.0,2,3,1.0
1762031,val,a34_35,3.3602397,3.7397017,1.0,3,3,1.0,2,2,1.0
1762032,val,a34_35,2.2011495,2.5473228,1.0,3,3,1.0,2,3,1.0
1774170,val,a34_35,3.162641,3.9032092,1.0,3,2,1.0,2,2,1.0
1774171,val,a34_35,3.1546807,3.6229506,1.0,3,3,1.0,2,2,1.0
1784171,val,a34_35,3.6743212,4.4212785,1.0,3,3,1.0,2,2,1.0
1786191,val,a34_35,3.5988731,3.9449332,1.0,3,3,1.0,2,2,1.0
1787005,val,a34_35,3.5927277,4.0148044,1.0,3,3,1.0,4,2,1.0
1787174,val,a34_35,2.722883,3.3078308,1.0,3,3,1.0,2,2,1.0
1802003,val,a34_35,2.9099102,2.8173234,1.0,3,3,1.0,2,2,1.0
1845170,val,a34_35,3.6952138,3.315087,1.0,3,3,1.0,2,2,1.0
1862171,val,a34_35,2.9681036,3.937253,1.0,3,3,1.0,2,2,1.0
1898004,val,a34_35,3.4671073,0.0,1.0,3,3,1.0,6,6,1.0
1911030,val,a34_35,3.0897336,3.0814157,1.0,3,3,1.0,4,2,1.0
1914003,val,a34_35,0.7559147,1.988769,1.0,2,3,1.0,2,2,1.0
1919007,val,a34_35,3.849224,4.069468,1.0,3,3,1.0,2,2,1.0
1954003,val,a34_35,3.309346,3.410345,1.0,3,3,1.0,2,2,1.0
1959005,val,a34_35,3.850145,3.8789423,1.0,3,3,1.0,6,2,1.0
1964031,val,a34_35,2.486176,2.4798064,1.0,3,3,1.0,2,4,1.0
1972173,val,a34_35,0.6889783,1.5825812,1.0,2,3,1.0,2,2,1.0
1978030,val,a34_35,3.0821242,3.8594756,1.0,3,3,1.0,2,2,1.0
2005030,val,a34_35,2.877627,3.584206,1.0,3,3,1.0,6,6,1.0
2011174,val,a34_35,2.560219,3.2372046,1.0,3,3,1.0,2,2,1.0
2023030,val,a34_35,3.8292642,4.71018,1.0,3,3,1.0,6,6,1.0
2028030,val,a34_35,3.6305702,4.2104487,1.0,3,3,1.0,4,4,1.0
2055003,val,a34_35,2.5834863,2.3580952,1.0,3,3,1.0,2,2,1.0
2067005,val,a34_35,3.5462537,3.8198578,1.0,3,3,1.0,2,2,1.0
2080170,val,a34_35,2.1624992,1.8996137,1.0,3,3,1.0,2,2,1.0
2106171,val,a34_35,0.64528704,0.0,1.0,2,2,1.0,2,2,1.0
2109002,val,a34_35,3.2880414,4.7713423,1.0,3,3,1.0,2,3,1.0
2129186,val,a34_35,3.0464675,3.3685656,1.0,3,3,1.0,2,2,1.0
2181007,val,a34_35,0.82715666,1.3514186,1.0,2,3,1.0,6,6,1.0
2181030,val,a34_35,3.3435338,3.4647295,1.0,3,3,1.0,4,4,1.0
2243174,val,a34_35,3.4287567,4.886779,1.0,3,3,1.0,2,2,1.0
2260173,val,a34_35,2.5360699,2.816037,1.0,3,3,1.0,2,2,1.0
2261030,val,a34_35,2.8238678,3.1945803,1.0,3,3,1.0,2,2,1.0
2271171,val,a34_35,2.5227952,3.3082037,1.0,3,3,1.0,2,2,1.0
2282005,val,a34_35,3.1795077,2.147233,1.0,3,3,1.0,6,6,1.0
2302195,val,a34_35,0.5030042,0.0,1.0,2,2,1.0,2,3,1.0
2334031,val,a34_35,3.4283414,4.4581056,1.0,3,3,1.0,2,2,1.0
2341172,val,a34_35,2.788829,3.2996137,1.0,3,2,1.0,2,2,1.0
2354175,val,a34_35,3.4655123,0.29350135,1.0,3,3,1.0,6,2,1.0
2355004,val,a34_35,2.4174995,3.3921888,1.0,3,3,1.0,4,4,1.0
2391030,val,a34_35,3.4064233,3.4039729,1.0,3,3,1.0,2,2,1.0
2397173,val,a34_35,0.5491756,2.5756848,1.0,2,3,1.0,2,4,1.0
2408170,val,a34_35,2.7533786,3.1023672,1.0,3,2,1.0,6,2,1.0
2425003,val,a34_35,2.5613775,2.1094406,1.0,3,3,1.0,2,2,1.0
2432030,val,a34_35,0.9645175,2.844158,1.0,2,3,1.0,4,4,1.0
2435172,val,a34_35,1.9706032,2.4191318,1.0,3,3,1.0,2,2,1.0
2436174,val,a34_35,0.4477985,0.0,1.0,2,3,1.0,2,4,1.0
2436176,val,a34_35,0.39670587,2.1727228,1.0,2,3,1.0,2,2,1.0
2441003,val,a34_35,2.1981828,3.1773481,1.0,3,3,1.0,2,2,1.0
2441173,val,a34_35,3.1466975,3.4186516,1.0,3,2,1.0,2,2,1.0
2458031,val,a34_35,4.16632,4.2520056,1.0,3,3,1.0,6,6,1.0
2461004,val,a34_35,0.44279552,0.0,1.0,2,2,1.0,2,2,1.0
2461030,val,a34_35,3.4771118,4.886779,1.0,3,3,1.0,2,2,1.0
2473004,val,a34_35,3.2476184,3.5252342,1.0,3,3,1.0,2,2,1.0
2483030,val,a34_35,2.7580166,2.1516867,1.0,3,3,1.0,2,4,1.0
2503030,val,a34_35,3.5980272,3.2300382,1.0,3,3,1.0,6,6,1.0
2510005,val,a34_35,3.3578463,3.0696194,1.0,3,3,1.0,2,2,1.0
2525003,val,a34_35,3.569421,4.3761644,1.0,3,3,1.0,2,2,1.0
2529030,val,a34_35,3.1456864,1.2899189,1.0,3,3,1.0,2,2,1.0
2529174,val,a34_35,2.9266915,4.05028,1.0,3,3,1.0,2,2,1.0
2530003,val,a34_35,2.136256,2.347849,1.0,3,3,1.0,2,2,1.0
2530004,val,a34_35,2.760597,3.3155382,1.0,3,3,1.0,2,2,1.0
2569033,val,a34_35,2.791296,3.3997273,1.0,3,3,1.0,6,2,1.0
2601006,val,a34_35,3.4999924,4.6199427,1.0,3,3,1.0,6,2,1.0
2608006,val,a34_35,2.8097959,3.3245888,1.0,3,3,1.0,2,2,1.0
2615034,val,a34_35,3.3895123,4.264327,1.0,3,3,1.0,2,2,1.0
2639004,val,a34_35,1.2851809,3.1244323,1.0,2,3,1.0,2,4,1.0
2665177,val,a34_35,0.80460954,0.0,1.0,2,2,1.0,6,6,1.0
2672006,val,a34_35,3.400249,4.088642,1.0,3,3,1.0,6,2,1.0
2672171,val,a34_35,2.4021935,3.5206954,1.0,3,3,1.0,2,4,1.0
2697003,val,a34_35,3.5366516,3.654262,1.0,3,3,1.0,2,4,1.0
2704031,val,a34_35,3.0825925,3.5243149,1.0,3,3,1.0,6,2,1.0
2705030,val,a34_35,3.2652328,4.117977,1.0,3,3,1.0,2,2,1.0
2707007,val,a34_35,2.6343613,2.8901737,1.0,3,3,1.0,2,2,1.0
2712172,val,a34_35,2.5762568,3.0806043,1.0,3,3,1.0,2,2,1.0
2731003,val,a34_35,2.8704398,3.4291623,1.0,3,3,1.0,6,6,1.0
2731005,val,a34_35,3.9020467,4.602144,1.0,3,3,1.0,6,6,1.0
2770031,val,a34_35,3.1526146,3.2963169,1.0,3,3,1.0,2,2,1.0
2816004,val,a34_35,0.6954292,2.8679018,1.0,2,3,1.0,2,2,1.0
2910002,val,a34_35,2.689886,1.33938,1.0,3,2,1.0,2,2,1.0
3062001,val,a34_35,3.399176,3.044029,1.0,3,2,1.0,2,2,1.0
3235002,val,a34_35,2.4417744,3.1709757,1.0,3,3,1.0,2,2,1.0
3306001,val,a34_35,3.65841,4.4437504,1.0,3,3,1.0,2,2,1.0
5015030,val,a34_35,2.3359647,3.3798187,1.0,3,3,1.0,2,2,1.0
5048030,val,a34_35,2.6639392,2.0504565,1.0,3,3,1.0,6,6,1.0
5052033,val,a34_35,2.374939,1.8831539,1.0,3,2,1.0,6,6,1.0
5057008,val,a34_35,0.70379007,0.0,1.0,2,2,1.0,6,6,1.0
5170009,val,a34_35,3.1651425,3.381349,1.0,3,3,1.0,2,2,1.0
5230008,val,a34_35,2.9318173,3.4894347,1.0,3,3,1.0,2,2,1.0
5299010,val,a34_35,2.5250156,1.8428315,1.0,3,2,1.0,6,6,1.0
5336179,val,a34_35,2.9770923,2.7212331,1.0,3,3,1.0,2,2,1.0
5364005,val,a34_35,3.0194998,3.4310503,1.0,3,3,1.0,3,3,1.0
5379004,val,a34_35,3.3120127,3.8497841,1.0,3,2,1.0,4,4,1.0
5430173,val,a34_35,2.9954417,0.0,1.0,3,3,1.0,6,6,1.0
5488006,val,a34_35,3.2656085,3.6707966,1.0,3,3,1.0,6,6,1.0
5493007,val,a34_35,0.7115296,0.0,1.0,2,2,1.0,5,5,1.0
5537009,val,a34_35,2.5805368,2.8268414,1.0,3,3,1.0,2,2,1.0
5537177,val,a34_35,1.4730119,0.0,1.0,3,2,1.0,2,2,1.0
5537183,val,a34_35,3.3094053,4.8345804,1.0,3,3,1.0,2,2,1.0
5569010,val,a34_35,2.7024994,3.5150862,1.0,3,3,1.0,2,2,1.0
5600005,val,a34_35,2.3417044,2.8289354,1.0,3,3,1.0,6,2,1.0
5615183,val,a34_35,2.9165623,3.2685068,1.0,3,2,1.0,2,2,1.0
5749006,val,a34_35,2.505993,3.0684395,1.0,3,3,1.0,4,2,1.0
5822175,val,a34_35,2.9384525,3.432247,1.0,3,3,1.0,2,2,1.0
5832003,val,a34_35,2.8165612,2.955636,1.0,3,2,1.0,2,6,1.0
5872005,val,a34_35,0.71931124,0.0,1.0,2,2,1.0,6,6,1.0
5898005,val,a34_35,2.4004755,0.0,0.0,3,-1,0.0,6,-1,0.0
5904033,val,a34_35,2.6381016,2.9226713,1.0,3,3,1.0,2,4,1.0
5987188,val,a34_35,2.7932425,2.993095,1.0,3,3,1.0,2,2,1.0
6026005,val,a34_35,3.3400118,4.1942463,1.0,3,3,1.0,6,2,1.0
6026172,val,a34_35,3.3359733,3.5880518,1.0,3,2,1.0,6,2,1.0
6054031,val,a34_35,3.8271885,3.894498,1.0,3,3,1.0,6,6,1.0
6121033,val,a34_35,2.6596565,0.0,1.0,3,2,1.0,6,6,1.0
6156008,val,a34_35,3.1613092,3.6999114,1.0,3,3,1.0,6,6,1.0
6157003,val,a34_35,2.8203795,3.2246761,1.0,3,3,1.0,2,2,1.0
6210183,val,a34_35,2.5464766,3.1390646,1.0,3,3,1.0,2,2,1.0
6262030,val,a34_35,3.2840674,3.820049,1.0,3,3,1.0,2,2,1.0
6368007,val,a34_35,2.5428832,2.02827,1.0,3,3,1.0,6,6,1.0
6381181,val,a34_35,3.1456826,4.0212197,1.0,3,3,1.0,6,2,1.0
6396003,val,a34_35,2.425871,2.1782289,1.0,3,3,1.0,4,2,1.0
6431008,val,a34_35,2.884335,3.717182,1.0,3,3,1.0,2,2,1.0
6475170,val,a34_35,2.5594454,2.4331408,1.0,3,3,1.0,6,6,1.0
6522004,val,a34_35,0.7664279,0.0,1.0,2,2,1.0,6,6,1.0
6537032,val,a34_35,2.74244,2.8025348,1.0,3,2,1.0,2,2,1.0
6541178,val,a34_35,3.3752897,4.1634727,1.0,3,3,1.0,2,2,1.0
6545006,val,a34_35,2.1241946,2.961514,1.0,3,3,1.0,2,4,1.0
6547171,val,a34_35,2.829284,2.1509397,1.0,3,2,1.0,2,2,1.0
6571031,val,a34_35,2.9434671,2.9221067,1.0,3,3,1.0,2,3,1.0
6590008,val,a34_35,2.8252366,3.3649793,1.0,3,3,1.0,2,2,1.0
6616007,val,a34_35,2.4619234,2.1483917,1.0,3,3,1.0,2,4,1.0
6649003,val,a34_35,2.602149,3.5800602,1.0,3,3,1.0,6,2,1.0
6710030,val,a34_35,0.88137186,3.2300382,1.0,2,3,1.0,6,6,1.0
6745007,val,a34_35,2.8879263,3.248457,1.0,3,3,1.0,6,6,1.0
6750005,val,a34_35,2.5957963,3.0114257,1.0,3,3,1.0,2,4,1.0
6765006,val,a34_35,0.93181837,2.7225564,1.0,2,3,1.0,2,2,1.0
6822176,val,a34_35,2.8315306,3.2707531,1.0,3,3,1.0,2,4,1.0
4007,val,a36_37,2.8072474,3.4327393,1.0,3,3,1.0,2,4,1.0
6174,val,a36_37,3.3833365,3.778162,1.0,3,3,1.0,2,2,1.0
14004,val,a36_37,3.3461056,4.02684,1.0,3,3,1.0,2,2,1.0
14172,val,a36_37,0.647943,2.8672464,1.0,2,3,1.0,2,2,1.0
14173,val,a36_37,3.0622106,3.4728956,1.0,3,3,1.0,2,2,1.0
18031,val,a36_37,0.75619256,0.0,1.0,2,3,1.0,2,2,1.0
18185,val,a36_37,2.3371718,0.0,1.0,3,2,1.0,2,2,1.0
23031,val,a36_37,3.0185995,3.5235963,1.0,3,2,1.0,6,6,1.0
40173,val,a36_37,3.414752,3.8670228,1.0,3,3,1.0,2,2,1.0
51171,val,a36_37,3.27816,3.705001,1.0,3,3,1.0,2,2,1.0
84005,val,a36_37,3.399262,3.92555,1.0,3,3,1.0,6,6,1.0
121173,val,a36_37,3.1432512,0.0,1.0,3,2,1.0,2,2,1.0
128004,val,a36_37,3.4842567,3.8585868,1.0,3,3,1.0,2,2,1.0
145170,val,a36_37,3.3622,3.5600896,1.0,3,3,1.0,2,2,1.0
161004,val,a36_37,3.4410555,1.0080107,1.0,3,2,1.0,6,4,1.0
172031,val,a36_37,3.246924,3.3619175,1.0,3,3,1.0,2,2,1.0
174175,val,a36_37,2.288407,3.392162,1.0,3,3,1.0,2,2,1.0
221031,val,a36_37,3.6382892,4.201887,1.0,3,3,1.0,2,2,1.0
223030,val,a36_37,3.348085,4.0583324,1.0,3,3,1.0,2,2,1.0
227003,val,a36_37,4.10343,4.205097,1.0,3,3,1.0,6,4,1.0
257175,val,a36_37,3.0858955,3.3451939,1.0,3,3,1.0,2,2,1.0
263182,val,a36_37,3.3232915,3.2001226,1.0,3,3,1.0,2,2,1.0
321005,val,a36_37,2.3041217,1.8774471,1.0,3,2,1.0,2,2,1.0
361175,val,a36_37,3.1187086,0.0,1.0,3,2,1.0,4,2,1.0
377170,val,a36_37,3.26017,4.0868087,1.0,3,3,1.0,2,2,1.0
450030,val,a36_37,3.7941818,3.7491298,1.0,3,3,1.0,6,6,1.0
465030,val,a36_37,2.9733133,3.3018157,1.0,3,3,1.0,4,2,1.0
478030,val,a36_37,2.6683447,0.0,1.0,3,3,1.0,6,5,1.0
503031,val,a36_37,2.9563644,4.3654175,1.0,3,3,1.0,2,2,1.0
514172,val,a36_37,3.43548,4.2520056,1.0,3,3,1.0,2,2,1.0
534030,val,a36_37,3.0701523,1.7535818,1.0,3,3,1.0,2,2,1.0
534171,val,a36_37,3.5951123,3.0798528,1.0,3,3,1.0,2,2,1.0
544170,val,a36_37,2.7006733,2.6569633,1.0,3,3,1.0,2,2,1.0
563193,val,a36_37,3.2396812,0.0,1.0,3,2,1.0,2,2,1.0
577174,val,a36_37,3.185624,2.7346222,1.0,3,3,1.0,2,2,1.0
613006,val,a36_37,3.1523056,3.5822034,1.0,3,3,1.0,2,6,1.0
618170,val,a36_37,3.7669556,4.2245264,1.0,3,3,1.0,2,2,1.0
631030,val,a36_37,2.9518056,4.2520056,1.0,3,2,1.0,2,4,1.0
633031,val,a36_37,3.0781069,3.678776,1.0,3,3,1.0,6,2,1.0
652173,val,a36_37,2.9787893,3.7556844,1.0,3,3,1.0,2,2,1.0
655172,val,a36_37,3.227849,3.5016189,1.0,3,3,1.0,2,2,1.0
656005,val,a36_37,2.576081,0.57833385,1.0,3,3,1.0,2,2,1.0
691171,val,a36_37,2.6938152,2.144181,1.0,3,3,1.0,2,4,1.0
738172,val,a36_37,2.3628285,3.4647295,1.0,3,3,1.0,2,2,1.0
751030,val,a36_37,2.4646187,2.331206,1.0,3,3,1.0,2,2,1.0
762170,val,a36_37,3.7991524,4.6750684,1.0,3,3,1.0,2,2,1.0
783171,val,a36_37,3.1018548,0.0,1.0,3,2,1.0,2,2,1.0
863007,val,a36_37,2.7081254,2.4012594,1.0,3,3,1.0,2,2,1.0
893170,val,a36_37,2.8370395,0.0,1.0,3,2,1.0,2,2,1.0
894031,val,a36_37,3.0407615,3.3179958,1.0,3,3,1.0,2,2,1.0
898181,val,a36_37,2.4500508,2.4601953,1.0,3,3,1.0,2,2,1.0
899003,val,a36_37,3.5639672,3.4753656,1.0,3,3,1.0,4,4,1.0
916032,val,a36_37,2.6615372,1.3594984,1.0,3,3,1.0,6,6,1.0
922005,val,a36_37,3.5972755,2.5992112,1.0,3,3,1.0,2,2,1.0
931172,val,a36_37,3.3058095,3.2485132,1.0,3,3,1.0,2,2,1.0
939032,val,a36_37,4.035089,4.237259,1.0,3,3,1.0,2,2,1.0
958030,val,a36_37,3.1891873,3.1858559,1.0,3,3,1.0,2,2,1.0
958173,val,a36_37,2.720094,3.2416787,1.0,3,3,1.0,2,2,1.0
961005,val,a36_37,3.2705526,2.5763686,1.0,3,3,1.0,4,4,1.0
961030,val,a36_37,3.0600977,3.616172,1.0,3,3,1.0,6,2,1.0
961175,val,a36_37,3.3041275,3.9032092,1.0,3,3,1.0,2,2,1.0
1051183,val,a36_37,3.6203902,3.3599384,1.0,3,3,1.0,2,2,1.0
1084005,val,a36_37,2.8893108,2.5692537,1.0,3,3,1.0,2,2,1.0
1089003,val,a36_37,2.8196418,2.474308,1.0,3,3,1.0,2,2,1.0
1093003,val,a36_37,0.72606766,0.0,1.0,2,2,1.0,2,2,1.0
1107173,val,a36_37,2.4098876,3.6353216,1.0,3,3,1.0,2,4,1.0
1109174,val,a36_37,2.116517,2.245844,1.0,3,2,1.0,2,2,1.0
1121030,val,a36_37,3.2229743,3.456708,1.0,3,3,1.0,2,2,1.0
1121175,val,a36_37,2.3387113,0.0,1.0,3,2,1.0,2,2,1.0
1125172,val,a36_37,2.7503479,2.4460173,1.0,3,2,1.0,2,2,1.0
1126030,val,a36_37,2.8997843,2.8064811,1.0,3,3,1.0,2,2,1.0
1126176,val,a36_37,2.9096997,4.886779,1.0,3,3,1.0,2,2,1.0
1152180,val,a36_37,3.0352678,3.4601078,1.0,3,3,1.0,2,2,1.0
1164004,val,a36_37,3.2827008,3.4775372,1.0,3,2,1.0,2,2,1.0
1184032,val,a36_37,3.2066169,3.7188902,1.0,3,3,1.0,2,2,1.0
1184033,val,a36_37,2.6379533,2.8802483,1.0,3,3,1.0,6,4,1.0
1185003,val,a36_37,3.2740488,0.0,1.0,3,2,1.0,2,2,1.0
1222004,val,a36_37,2.4480834,2.876907,1.0,3,3,1.0,2,2,1.0
1222006,val,a36_37,3.1642785,3.2434895,1.0,3,3,1.0,2,2,1.0
1284170,val,a36_37,3.4049582,1.6771642,1.0,3,3,1.0,2,2,1.0
1292004,val,a36_37,2.7115967,2.7496648,1.0,3,3,1.0,2,2,1.0
1314172,val,a36_37,3.259725,3.6824348,1.0,3,3,1.0,2,2,1.0
1332005,val,a36_37,4.2817726,0.0,0.0,3,-1,0.0,4,3,1.0
1335010,val,a36_37,3.0943582,3.1051395,1.0,3,3,1.0,2,2,1.0
1338003,val,a36_37,3.3100436,4.1280828,1.0,3,3,1.0,6,6,1.0
1345006,val,a36_37,2.780917,2.9832191,1.0,3,3,1.0,2,2,1.0
1345007,val,a36_37,3.1090102,3.8132377,1.0,3,3,1.0,6,6,1.0
1346030,val,a36_37,3.5411339,0.0,1.0,3,2,1.0,6,2,1.0
1391033,val,a36_37,3.6041608,3.811287,1.0,3,3,1.0,6,2,1.0
1391175,val,a36_37,0.52802753,3.079403,1.0,2,3,1.0,2,4,1.0
1394033,val,a36_37,2.6332605,0.0,1.0,3,2,1.0,6,4,1.0
1397005,val,a36_37,3.2937055,3.7173688,1.0,3,3,1.0,2,2,1.0
1397172,val,a36_37,2.0595522,0.6802275,1.0,3,3,1.0,2,2,1.0
1426004,val,a36_37,2.2680645,2.8489583,1.0,3,3,1.0,6,6,1.0
1434032,val,a36_37,2.6899054,2.180618,1.0,3,3,1.0,2,2,1.0
1434170,val,a36_37,3.0629487,2.939788,1.0,3,3,1.0,2,2,1.0
1435005,val,a36_37,3.8859882,4.7467794,1.0,3,3,1.0,6,3,1.0
1485171,val,a36_37,3.3716576,3.4317987,1.0,3,3,1.0,2,2,1.0
1520031,val,a36_37,3.7484102,4.363858,1.0,3,3,1.0,4,2,1.0
1540005,val,a36_37,4.1308064,2.37132,1.0,3,3,1.0,6,2,1.0
1559003,val,a36_37,3.8894892,4.417404,1.0,3,3,1.0,2,2,1.0
1559170,val,a36_37,3.2435927,4.11546,1.0,3,3,1.0,2,2,1.0
1565180,val,a36_37,2.9408739,3.4647295,1.0,3,2,1.0,2,2,1.0
1579030,val,a36_37,3.3743281,3.3667955,1.0,3,3,1.0,2,2,1.0
1613007,val,a36_37,2.5498245,1.3834741,1.0,3,3,1.0,2,2,1.0
1621171,val,a36_37,3.7097569,4.886779,1.0,3,3,1.0,2,2,1.0
1644004,val,a36_37,3.1687837,3.3606308,1.0,3,3,1.0,2,2,1.0
1652031,val,a36_37,2.8544424,3.1768782,1.0,3,3,1.0,2,2,1.0
1682032,val,a36_37,3.2843947,3.8405538,1.0,3,3,1.0,6,2,1.0
1684173,val,a36_37,3.1807132,3.4290798,1.0,3,3,1.0,2,2,1.0
1687003,val,a36_37,3.1717825,3.3888075,1.0,3,3,1.0,2,2,1.0
1690170,val,a36_37,2.3968973,3.0869684,1.0,3,3,1.0,2,2,1.0
1692030,val,a36_37,0.4635675,2.6670494,1.0,2,3,1.0,2,4,1.0
1695034,val,a36_37,3.0263755,3.3662376,1.0,3,3,1.0,2,2,1.0
1701004,val,a36_37,2.6842093,3.5780287,1.0,3,3,1.0,2,2,1.0
1721030,val,a36_37,3.8579955,0.0,1.0,3,2,1.0,4,2,1.0
1723005,val,a36_37,0.5866679,1.8636948,1.0,2,2,1.0,2,2,1.0
1762030,val,a36_37,2.596865,1.9106654,1.0,3,3,1.0,2,3,1.0
1762031,val,a36_37,3.3469288,3.641588,1.0,3,3,1.0,2,2,1.0
1762032,val,a36_37,2.3188667,1.7876599,1.0,3,3,1.0,2,3,1.0
1774170,val,a36_37,3.1296935,0.0,1.0,3,2,1.0,2,2,1.0
1774171,val,a36_37,3.1369715,3.3619723,1.0,3,3,1.0,2,2,1.0
1784171,val,a36_37,3.6457663,4.5877905,1.0,3,3,1.0,2,2,1.0
1786191,val,a36_37,3.568817,3.8410935,1.0,3,3,1.0,2,2,1.0
1787005,val,a36_37,3.6246912,3.9825108,1.0,3,3,1.0,4,2,1.0
1787174,val,a36_37,2.718245,3.1686609,1.0,3,3,1.0,2,2,1.0
1802003,val,a36_37,2.9173648,2.7790923,1.0,3,3,1.0,2,2,1.0
1845170,val,a36_37,3.679442,3.0690727,1.0,3,3,1.0,2,2,1.0
1862171,val,a36_37,2.95756,3.7537568,1.0,3,3,1.0,2,2,1.0
1898004,val,a36_37,3.4337966,3.7632077,1.0,3,3,1.0,6,6,1.0
1911030,val,a36_37,3.1542654,3.295633,1.0,3,3,1.0,4,2,1.0
1914003,val,a36_37,0.735963,1.980423,1.0,2,3,1.0,2,2,1.0
1919007,val,a36_37,3.8310409,4.8790894,1.0,3,3,1.0,2,3,1.0
1954003,val,a36_37,3.2947295,3.254356,1.0,3,3,1.0,2,2,1.0
1959005,val,a36_37,3.8418884,4.18122,1.0,3,3,1.0,6,2,1.0
1964031,val,a36_37,2.573948,2.7394176,1.0,3,3,1.0,2,4,1.0
1972173,val,a36_37,0.68980205,0.0,0.0,2,-1,0.0,2,-1,0.0
1978030,val,a36_37,3.0729964,4.1103644,1.0,3,3,1.0,2,2,1.0
2005030,val,a36_37,2.8615057,2.6480696,1.0,3,3,1.0,6,4,1.0
2011174,val,a36_37,2.5913947,3.2482402,1.0,3,3,1.0,2,2,1.0
2023030,val,a36_37,3.7991328,4.862917,1.0,3,3,1.0,6,6,1.0
2028030,val,a36_37,3.688802,4.247286,1.0,3,3,1.0,4,4,1.0
2055003,val,a36_37,2.6513171,2.5747566,1.0,3,3,1.0,2,2,1.0
2067005,val,a36_37,3.5272279,3.9193912,1.0,3,3,1.0,2,2,1.0
2080170,val,a36_37,2.278591,2.2188706,1.0,3,3,1.0,2,2,1.0
2106171,val,a36_37,0.67556274,0.0,1.0,2,2,1.0,2,2,1.0
2109002,val,a36_37,3.2666664,4.713481,1.0,3,3,1.0,2,2,1.0
2129186,val,a36_37,3.0524678,3.3345084,1.0,3,3,1.0,2,2,1.0
2181007,val,a36_37,0.845528,0.96344346,1.0,2,2,1.0,6,6,1.0
2181030,val,a36_37,3.3674624,3.6312973,1.0,3,3,1.0,4,2,1.0
2243174,val,a36_37,3.3711348,4.30575,1.0,3,3,1.0,2,2,1.0
2260173,val,a36_37,2.5825257,0.0,1.0,3,3,1.0,2,2,1.0
2261030,val,a36_37,2.8348145,2.9075313,1.0,3,3,1.0,2,2,1.0
2271171,val,a36_37,2.5521681,3.3811612,1.0,3,3,1.0,2,2,1.0
2282005,val,a36_37,3.168394,2.9124293,1.0,3,3,1.0,6,6,1.0
2302195,val,a36_37,0.52915394,0.0,1.0,2,2,1.0,2,3,1.0
2334031,val,a36_37,3.3903935,4.3349156,1.0,3,3,1.0,2,2,1.0
2341172,val,a36_37,2.7988944,1.6123989,1.0,3,3,1.0,2,2,1.0
2354175,val,a36_37,3.4159174,3.8595586,1.0,3,3,1.0,6,2,1.0
2355004,val,a36_37,2.6001594,3.6927035,1.0,3,3,1.0,4,2,1.0
2391030,val,a36_37,3.4088519,3.6864588,1.0,3,3,1.0,2,2,1.0
2397173,val,a36_37,0.56555307,2.470555,1.0,2,3,1.0,2,4,1.0
2408170,val,a36_37,2.745172,2.883854,1.0,3,3,1.0,6,2,1.0
2425003,val,a36_37,2.6384532,1.7356842,1.0,3,3,1.0,2,2,1.0
2432030,val,a36_37,0.9757633,3.029656,1.0,2,2,1.0,4,4,1.0
2435172,val,a36_37,2.1634665,2.2948132,1.0,3,3,1.0,2,2,1.0
2436174,val,a36_37,0.46868634,1.5490171,1.0,2,3,1.0,2,4,1.0
2436176,val,a36_37,0.37886858,2.7887027,1.0,2,3,1.0,2,2,1.0
2441003,val,a36_37,2.3012726,3.1246448,1.0,3,3,1.0,2,2,1.0
2441173,val,a36_37,3.1435776,3.7351284,1.0,3,2,1.0,2,2,1.0
2458031,val,a36_37,4.139826,4.41717,1.0,3,3,1.0,6,6,1.0
2461004,val,a36_37,0.44699478,1.6316046,1.0,2,3,1.0,2,2,1.0
2461030,val,a36_37,3.4351144,4.886779,1.0,3,3,1.0,2,2,1.0
2473004,val,a36_37,3.2279809,3.620147,1.0,3,3,1.0,2,2,1.0
2483030,val,a36_37,2.7418573,2.4331408,1.0,3,2,1.0,2,4,1.0
2503030,val,a36_37,3.556994,3.1709757,1.0,3,3,1.0,6,6,1.0
2510005,val,a36_37,3.3488488,3.445601,1.0,3,3,1.0,2,2,1.0
2525003,val,a36_37,3.5565548,4.7141504,1.0,3,3,1.0,2,2,1.0
2529030,val,a36_37,3.1490266,0.0,1.0,3,2,1.0,2,2,1.0
2529174,val,a36_37,2.907502,3.9753668,1.0,3,3,1.0,2,2,1.0
2530003,val,a36_37,2.2414784,3.4057453,1.0,3,2,1.0,2,4,1.0
2530004,val,a36_37,2.7411025,3.170426,1.0,3,3,1.0,2,2,1.0
2569033,val,a36_37,2.751459,3.3809729,1.0,3,3,1.0,6,2,1.0
2601006,val,a36_37,3.47726,4.845638,1.0,3,3,1.0,6,2,1.0
2608006,val,a36_37,2.810868,3.223352,1.0,3,3,1.0,2,2,1.0
2615034,val,a36_37,3.3320394,3.896652,1.0,3,3,1.0,2,2,1.0
2639004,val,a36_37,1.2524363,3.2300382,1.0,2,3,1.0,2,4,1.0
2665177,val,a36_37,0.7935591,0.0,1.0,2,2,1.0,6,6,1.0
2672006,val,a36_37,3.378581,4.056694,1.0,3,3,1.0,6,2,1.0
2672171,val,a36_37,2.4749832,3.7282312,1.0,3,3,1.0,2,4,1.0
2697003,val,a36_37,3.5432987,3.5551443,1.0,3,3,1.0,2,4,1.0
2704031,val,a36_37,3.0184596,0.0,0.0,3,-1,0.0,6,-1,0.0
2705030,val,a36_37,3.246719,4.279099,1.0,3,3,1.0,2,2,1.0
2707007,val,a36_37,2.6760502,1.9724138,1.0,3,3,1.0,2,2,1.0
2712172,val,a36_37,2.65218,3.2804124,1.0,3,3,1.0,2,2,1.0
2731003,val,a36_37,2.8088048,3.2931156,1.0,3,3,1.0,6,6,1.0
2731005,val,a36_37,3.8514004,4.5862164,1.0,3,3,1.0,6,6,1.0
2770031,val,a36_37,3.130939,2.668859,1.0,3,2,1.0,2,2,1.0
2816004,val,a36_37,0.705521,3.182522,1.0,2,3,1.0,2,2,1.0
2910002,val,a36_37,2.6811256,2.7591305,1.0,3,3,1.0,2,2,1.0
3062001,val,a36_37,3.3769846,1.9881068,1.0,3,3,1.0,2,2,1.0
3235002,val,a36_37,2.4720998,3.2806733,1.0,3,3,1.0,2,3,1.0
3306001,val,a36_37,3.6025736,4.5110793,1.0,3,3,1.0,2,2,1.0
5015030,val,a36_37,2.4479318,3.3488512,1.0,3,2,1.0,2,2,1.0
5048030,val,a36_37,2.6381254,2.4680142,1.0,3,3,1.0,6,6,1.0
5052033,val,a36_37,2.3866918,2.2469683,1.0,3,3,1.0,6,6,1.0
5057008,val,a36_37,0.7161665,0.0,0.0,2,-1,0.0,6,-1,0.0
5170009,val,a36_37,3.1177237,3.788717,1.0,3,3,1.0,2,2,1.0
5230008,val,a36_37,2.919624,3.5082257,1.0,3,3,1.0,2,2,1.0
5299010,val,a36_37,2.5586612,0.303701,1.0,3,3,1.0,6,6,1.0
5336179,val,a36_37,3.0074859,2.7841861,1.0,3,3,1.0,2,2,1.0
5364005,val,a36_37,3.0352418,3.3207188,1.0,3,3,1.0,3,3,1.0
5379004,val,a36_37,3.3479953,3.8999038,1.0,3,3,1.0,4,4,1.0
5430173,val,a36_37,2.9874554,1.7842062,1.0,3,2,1.0,6,6,1.0
5488006,val,a36_37,3.2075229,3.7725368,1.0,3,3,1.0,6,6,1.0
5493007,val,a36_37,0.7487447,0.0,1.0,2,2,1.0,5,5,1.0
5537009,val,a36_37,2.6192102,2.7819886,1.0,3,3,1.0,2,2,1.0
5537177,val,a36_37,2.2087953,2.0426283,1.0,3,3,1.0,2,2,1.0
5537183,val,a36_37,3.288352,3.67495,1.0,3,3,1.0,2,2,1.0
5569010,val,a36_37,2.685029,3.5010288,1.0,3,3,1.0,2,2,1.0
5600005,val,a36_37,2.4450662,0.0,1.0,3,2,1.0,6,2,1.0
5615183,val,a36_37,2.9525607,3.2485132,1.0,3,3,1.0,2,2,1.0
5749006,val,a36_37,2.5948155,2.3568232,1.0,3,3,1.0,4,2,1.0
5822175,val,a36_37,2.97137,3.4142132,1.0,3,3,1.0,2,2,1.0
5832003,val,a36_37,2.8068655,2.3835883,1.0,3,3,1.0,2,6,1.0
5872005,val,a36_37,0.7352997,0.0,1.0,2,2,1.0,6,6,1.0
5898005,val,a36_37,2.5002484,0.0,0.0,3,-1,0.0,6,-1,0.0
5904033,val,a36_37,2.6635265,3.029786,1.0,3,3,1.0,2,4,1.0
5987188,val,a36_37,2.810058,2.8467143,1.0,3,3,1.0,2,2,1.0
6026005,val,a36_37,3.3060887,4.496649,1.0,3,2,1.0,6,4,1.0
6026172,val,a36_37,3.2931037,0.0,0.0,3,-1,0.0,6,-1,0.0
6054031,val,a36_37,3.801914,3.8914962,1.0,3,3,1.0,6,6,1.0
6121033,val,a36_37,2.6671324,0.0,1.0,3,2,1.0,6,6,1.0
6156008,val,a36_37,3.0794601,4.005205,1.0,3,3,1.0,6,6,1.0
6157003,val,a36_37,2.8559515,3.432247,1.0,3,3,1.0,2,2,1.0
6210183,val,a36_37,2.574206,3.218641,1.0,3,3,1.0,2,2,1.0
6262030,val,a36_37,3.2529638,3.9705956,1.0,3,3,1.0,2,2,1.0
6368007,val,a36_37,2.5827425,1.9674397,1.0,3,2,1.0,6,6,1.0
6381181,val,a36_37,3.0903127,3.98491,1.0,3,3,1.0,6,2,1.0
6396003,val,a36_37,2.5604277,2.8208497,1.0,3,2,1.0,4,3,1.0
6431008,val,a36_37,2.9136734,4.5862164,1.0,3,3,1.0,2,3,1.0
6475170,val,a36_37,2.5552838,3.029786,1.0,3,3,1.0,6,6,1.0
6522004,val,a36_37,0.73900235,0.0,1.0,2,2,1.0,6,6,1.0
6537032,val,a36_37,2.7527936,3.0605385,1.0,3,3,1.0,2,2,1.0
6541178,val,a36_37,3.3477204,4.302973,1.0,3,3,1.0,2,2,1.0
6545006,val,a36_37,2.1983664,2.5066333,1.0,3,3,1.0,2,4,1.0
6547171,val,a36_37,2.851465,1.2300977,1.0,3,3,1.0,2,2,1.0
6571031,val,a36_37,2.9727921,3.68331,1.0,3,3,1.0,2,3,1.0
6590008,val,a36_37,2.8385725,3.3406534,1.0,3,3,1.0,2,2,1.0
6616007,val,a36_37,2.5394235,2.9124293,1.0,3,3,1.0,2,4,1.0
6649003,val,a36_37,2.608694,3.8332024,1.0,3,3,1.0,6,2,1.0
6710030,val,a36_37,0.88835096,3.2485132,1.0,2,3,1.0,6,6,1.0
6745007,val,a36_37,2.8623521,3.5649583,1.0,3,3,1.0,6,6,1.0
6750005,val,a36_37,2.6786642,3.1132894,1.0,3,3,1.0,2,4,1.0
6765006,val,a36_37,0.8684716,2.7347896,1.0,2,3,1.0,2,2,1.0
6822176,val,a36_37,2.809737,3.6318047,1.0,3,2,1.0,2,4,1.0
4007,val,a38_39,2.8276763,3.6353216,1.0,3,3,1.0,2,4,1.0
6174,val,a38_39,3.3557756,3.9045892,1.0,3,3,1.0,2,2,1.0
14004,val,a38_39,3.3263016,3.9676125,1.0,3,3,1.0,2,2,1.0
14172,val,a38_39,0.66800535,3.149699,1.0,2,3,1.0,2,2,1.0
14173,val,a38_39,3.0437255,3.5534267,1.0,3,3,1.0,2,2,1.0
18031,val,a38_39,0.75193894,3.4983966,1.0,2,3,1.0,2,5,1.0
18185,val,a38_39,2.3808475,0.0,1.0,3,2,1.0,2,2,1.0
23031,val,a38_39,2.9846745,0.0,1.0,3,2,1.0,6,6,1.0
40173,val,a38_39,3.3882654,3.2282774,1.0,3,2,1.0,2,2,1.0
51171,val,a38_39,3.2653635,3.708396,1.0,3,3,1.0,2,2,1.0
84005,val,a38_39,3.3406847,3.9163692,1.0,3,3,1.0,6,6,1.0
121173,val,a38_39,3.131815,0.0,1.0,3,2,1.0,2,2,1.0
128004,val,a38_39,3.4522257,3.97414,1.0,3,3,1.0,2,2,1.0
145170,val,a38_39,3.3599815,3.2996137,1.0,3,3,1.0,2,2,1.0
161004,val,a38_39,3.349887,3.4987814,1.0,3,3,1.0,6,4,1.0
172031,val,a38_39,3.2159514,3.1943314,1.0,3,3,1.0,2,2,1.0
174175,val,a38_39,2.3647723,4.3165617,1.0,3,3,1.0,2,2,1.0
221031,val,a38_39,3.6196122,4.1482253,1.0,3,3,1.0,2,2,1.0
223030,val,a38_39,3.3728292,4.169046,1.0,3,3,1.0,2,2,1.0
227003,val,a38_39,4.0426254,4.074686,1.0,3,3,1.0,6,4,1.0
257175,val,a38_39,3.0649629,2.8933933,1.0,3,3,1.0,2,2,1.0
263182,val,a38_39,3.3158479,3.3483999,1.0,3,3,1.0,2,2,1.0
321005,val,a38_39,2.3496807,2.7218363,1.0,3,3,1.0,2,2,1.0
361175,val,a38_39,3.1771195,0.23207553,1.0,3,3,1.0,4,2,1.0
377170,val,a38_39,3.234982,4.0544734,1.0,3,3,1.0,2,2,1.0
450030,val,a38_39,3.720736,3.854094,1.0,3,3,1.0,6,6,1.0
465030,val,a38_39,3.0179207,3.5433505,1.0,3,3,1.0,4,4,1.0
478030,val,a38_39,2.6366878,2.8278043,1.0,3,2,1.0,6,2,1.0
503031,val,a38_39,2.985865,4.2451234,1.0,3,3,1.0,2,2,1.0
514172,val,a38_39,3.3985963,4.3578134,1.0,3,3,1.0,2,2,1.0
534030,val,a38_39,3.0704002,1.9284004,1.0,3,3,1.0,2,2,1.0
534171,val,a38_39,3.5784745,3.300611,1.0,3,3,1.0,2,2,1.0
544170,val,a38_39,2.7262468,3.0027869,1.0,3,3,1.0,2,2,1.0
563193,val,a38_39,3.2404368,0.0,1.0,3,2,1.0,2,2,1.0
577174,val,a38_39,3.2011049,0.0,1.0,3,3,1.0,2,2,1.0
613006,val,a38_39,3.1426415,3.558165,1.0,3,3,1.0,2,6,1.0
618170,val,a38_39,3.7344792,4.457448,1.0,3,3,1.0,2,2,1.0
631030,val,a38_39,2.9584713,0.0,1.0,3,3,1.0,2,4,1.0
633031,val,a38_39,3.0017486,3.6561131,1.0,3,3,1.0,6,2,1.0
652173,val,a38_39,2.9507895,3.5541687,1.0,3,3,1.0,2,2,1.0
655172,val,a38_39,3.1977324,3.5138078,1.0,3,3,1.0,2,2,1.0
656005,val,a38_39,2.6389492,0.0,1.0,3,2,1.0,2,2,1.0
691171,val,a38_39,2.712787,3.772668,1.0,3,3,1.0,2,4,1.0
738172,val,a38_39,2.420573,3.2605875,1.0,3,3,1.0,2,2,1.0
751030,val,a38_39,2.534581,3.029786,1.0,3,3,1.0,2,4,1.0
762170,val,a38_39,3.7617211,4.375797,1.0,3,3,1.0,2,2,1.0
783171,val,a38_39,3.088935,0.0,1.0,3,2,1.0,2,2,1.0
863007,val,a38_39,2.7622054,2.5121129,1.0,3,3,1.0,2,2,1.0
893170,val,a38_39,2.8651452,0.0,1.0,3,2,1.0,2,2,1.0
894031,val,a38_39,3.0241857,3.4273427,1.0,3,3,1.0,2,2,1.0
898181,val,a38_39,2.4829452,2.437192,1.0,3,2,1.0,2,2,1.0
899003,val,a38_39,3.590422,3.5736656,1.0,3,3,1.0,4,4,1.0
916032,val,a38_39,2.6285315,2.3076265,1.0,3,2,1.0,6,2,1.0
922005,val,a38_39,3.6008124,2.0202856,1.0,3,3,1.0,2,2,1.0
931172,val,a38_39,3.3116302,3.1641526,1.0,3,3,1.0,2,2,1.0
939032,val,a38_39,4.0299377,4.886779,1.0,3,3,1.0,2,2,1.0
958030,val,a38_39,3.1740518,3.2040205,1.0,3,3,1.0,2,2,1.0
958173,val,a38_39,2.749356,3.2682788,1.0,3,3,1.0,2,2,1.0
961005,val,a38_39,3.323195,0.0,0.0,3,-1,0.0,4,-1,0.0
961030,val,a38_39,3.02812,3.668479,1.0,3,3,1.0,6,2,1.0
961175,val,a38_39,3.308948,4.009967,1.0,3,3,1.0,2,2,1.0
1051183,val,a38_39,3.575094,3.3806858,1.0,3,3,1.0,2,2,1.0
1084005,val,a38_39,2.886638,3.1447468,1.0,3,3,1.0,2,2,1.0
1089003,val,a38_39,2.8150811,2.1620421,1.0,3,3,1.0,2,2,1.0
1093003,val,a38_39,0.745579,0.0,1.0,2,2,1.0,2,2,1.0
1107173,val,a38_39,2.4966068,4.035927,1.0,3,3,1.0,2,4,1.0
1109174,val,a38_39,2.2232091,0.0,1.0,3,2,1.0,2,2,1.0
1121030,val,a38_39,3.2186246,3.1423733,1.0,3,3,1.0,2,2,1.0
1121175,val,a38_39,2.402671,0.0,1.0,3,2,1.0,2,2,1.0
1125172,val,a38_39,2.78754,2.3582149,1.0,3,3,1.0,2,2,1.0
1126030,val,a38_39,2.921708,1.7614238,1.0,3,3,1.0,2,2,1.0
1126176,val,a38_39,2.9660769,4.886779,1.0,3,3,1.0,2,2,1.0
1152180,val,a38_39,3.0150218,3.542661,1.0,3,3,1.0,2,2,1.0
1164004,val,a38_39,3.2778347,1.9587568,1.0,3,3,1.0,2,2,1.0
1184032,val,a38_39,3.2310348,3.901413,1.0,3,3,1.0,2,2,1.0
1184033,val,a38_39,2.674014,2.153746,1.0,3,3,1.0,6,4,1.0
1185003,val,a38_39,3.2437503,0.0,1.0,3,2,1.0,2,2,1.0
1222004,val,a38_39,2.5018542,3.1263244,1.0,3,3,1.0,2,2,1.0
1222006,val,a38_39,3.2060037,4.346328,1.0,3,3,1.0,2,2,1.0
1284170,val,a38_39,3.3786542,0.0,1.0,3,2,1.0,2,2,1.0
1292004,val,a38_39,2.746193,2.7189043,1.0,3,3,1.0,2,2,1.0
1314172,val,a38_39,3.2523756,4.0920806,1.0,3,3,1.0,2,2,1.0
1332005,val,a38_39,4.273733,3.6850972,1.0,3,3,1.0,4,3,1.0
1335010,val,a38_39,3.08527,0.0,1.0,3,3,1.0,2,2,1.0
1338003,val,a38_39,3.2225988,3.9032092,1.0,3,3,1.0,6,6,1.0
1345006,val,a38_39,2.7948735,0.9750868,1.0,3,3,1.0,2,2,1.0
1345007,val,a38_39,3.0641117,3.6275852,1.0,3,3,1.0,6,2,1.0
1346030,val,a38_39,3.430305,0.0,1.0,3,2,1.0,6,2,1.0
1391033,val,a38_39,3.5331614,3.5923295,1.0,3,3,1.0,6,2,1.0
1391175,val,a38_39,0.5610728,3.037984,1.0,2,3,1.0,2,4,1.0
1394033,val,a38_39,2.609079,0.0,1.0,3,2,1.0,6,4,1.0
1397005,val,a38_39,3.2980947,3.7930343,1.0,3,3,1.0,2,2,1.0
1397172,val,a38_39,2.204228,2.722233,1.0,3,3,1.0,2,2,1.0
1426004,val,a38_39,2.2838354,2.7029045,1.0,3,3,1.0,6,6,1.0
1434032,val,a38_39,2.710685,2.5541692,1.0,3,3,1.0,2,2,1.0
1434170,val,a38_39,3.0486698,3.1573586,1.0,3,3,1.0,2,2,1.0
1435005,val,a38_39,3.8442404,4.657845,1.0,3,3,1.0,6,4,1.0
1485171,val,a38_39,3.3625858,3.566306,1.0,3,3,1.0,2,2,1.0
1520031,val,a38_39,3.7623498,4.2071943,1.0,3,3,1.0,4,2,1.0
1540005,val,a38_39,4.070157,2.7591305,1.0,3,3,1.0,6,2,1.0
1559003,val,a38_39,3.869362,4.306588,1.0,3,3,1.0,2,2,1.0
1559170,val,a38_39,3.2242074,2.9866662,1.0,3,3,1.0,2,2,1.0
1565180,val,a38_39,2.941274,4.457509,1.0,3,3,1.0,2,2,1.0
1579030,val,a38_39,3.3752365,3.2040205,1.0,3,2,1.0,2,2,1.0
1613007,val,a38_39,2.5923,1.5874135,1.0,3,2,1.0,2,2,1.0
1621171,val,a38_39,3.6801887,4.886779,1.0,3,3,1.0,2,2,1.0
1644004,val,a38_39,3.1512895,3.6033251,1.0,3,3,1.0,2,2,1.0
1652031,val,a38_39,2.8679585,3.4982743,1.0,3,3,1.0,2,2,1.0
1682032,val,a38_39,3.248711,3.8038778,1.0,3,3,1.0,6,2,1.0
1684173,val,a38_39,3.1869898,3.254356,1.0,3,3,1.0,2,2,1.0
1687003,val,a38_39,3.1726825,3.154596,1.0,3,3,1.0,2,2,1.0
1690170,val,a38_39,2.4729097,3.4580646,1.0,3,3,1.0,2,2,1.0
1692030,val,a38_39,0.49358845,2.5415993,1.0,2,3,1.0,2,4,1.0
1695034,val,a38_39,3.0176864,3.0865474,1.0,3,3,1.0,2,2,1.0
1701004,val,a38_39,2.7300353,3.5397089,1.0,3,2,1.0,2,2,1.0
1721030,val,a38_39,3.8471916,0.0,1.0,3,2,1.0,4,2,1.0
1723005,val,a38_39,0.6131389,2.2601643,1.0,2,3,1.0,2,2,1.0
1762030,val,a38_39,2.655105,1.5906423,1.0,3,2,1.0,2,3,1.0
1762031,val,a38_39,3.3365767,3.7323906,1.0,3,3,1.0,2,2,1.0
1762032,val,a38_39,2.4062567,3.2139137,1.0,3,3,1.0,2,4,1.0
1774170,val,a38_39,3.0941007,0.0,1.0,3,2,1.0,2,2,1.0
1774171,val,a38_39,3.117271,3.4094932,1.0,3,3,1.0,2,2,1.0
1784171,val,a38_39,3.613794,4.120623,1.0,3,3,1.0,2,2,1.0
1786191,val,a38_39,3.5369143,4.2188535,1.0,3,3,1.0,2,2,1.0
1787005,val,a38_39,3.619715,3.6963296,1.0,3,3,1.0,4,2,1.0
1787174,val,a38_39,2.7166173,3.2707531,1.0,3,3,1.0,2,2,1.0
1802003,val,a38_39,2.9247046,0.0,0.0,3,-1,0.0,2,-1,0.0
1845170,val,a38_39,3.657173,0.0,0.0,3,-1,0.0,2,-1,0.0
1862171,val,a38_39,2.9411302,3.9098039,1.0,3,3,1.0,2,2,1.0
1898004,val,a38_39,3.3668437,4.498319,1.0,3,3,1.0,6,6,1.0
1911030,val,a38_39,3.1918283,3.324597,1.0,3,3,1.0,4,2,1.0
1914003,val,a38_39,0.726509,2.0297983,1.0,2,3,1.0,2,2,1.0
1919007,val,a38_39,3.8086276,4.878869,1.0,3,3,1.0,2,3,1.0
1954003,val,a38_39,3.2737072,3.2460208,1.0,3,2,1.0,2,2,1.0
1959005,val,a38_39,3.787671,4.291962,1.0,3,3,1.0,6,2,1.0
1964031,val,a38_39,2.6437306,1.9279978,1.0,3,2,1.0,2,4,1.0
1972173,val,a38_39,0.70360744,0.0,1.0,2,2,1.0,2,2,1.0
1978030,val,a38_39,3.066763,4.0177207,1.0,3,3,1.0,2,2,1.0
2005030,val,a38_39,2.8114314,2.9945555,1.0,3,3,1.0,6,2,1.0
2011174,val,a38_39,2.6139038,3.233253,1.0,3,3,1.0,2,2,1.0
2023030,val,a38_39,3.733686,4.886779,1.0,3,3,1.0,6,6,1.0
2028030,val,a38_39,3.7115176,4.309778,1.0,3,3,1.0,4,4,1.0
2055003,val,a38_39,2.706593,3.507782,1.0,3,3,1.0,2,2,1.0
2067005,val,a38_39,3.5022087,4.193517,1.0,3,3,1.0,2,2,1.0
2080170,val,a38_39,2.3576105,3.0143547,1.0,3,3,1.0,2,2,1.0
2106171,val,a38_39,0.6996771,0.0,1.0,2,2,1.0,2,2,1.0
2109002,val,a38_39,3.2480726,4.4848623,1.0,3,3,1.0,2,2,1.0
2129186,val,a38_39,3.0489597,0.0,0.0,3,-1,0.0,2,-1,0.0
2181007,val,a38_39,0.84144163,1.8672017,1.0,2,3,1.0,6,6,1.0
2181030,val,a38_39,3.3710232,3.4467623,1.0,3,3,1.0,4,2,1.0
2243174,val,a38_39,3.3155704,0.0,1.0,3,2,1.0,2,2,1.0
2260173,val,a38_39,2.615247,1.9724138,1.0,3,3,1.0,2,2,1.0
2261030,val,a38_39,2.8419814,2.8148165,1.0,3,3,1.0,2,2,1.0
2271171,val,a38_39,2.5771704,3.4070678,1.0,3,3,1.0,2,2,1.0
2282005,val,a38_39,3.1197543,3.1244323,1.0,3,3,1.0,6,6,1.0
2302195,val,a38_39,0.56424725,0.0,1.0,2,2,1.0,2,3,1.0
2334031,val,a38_39,3.3623488,3.9690573,1.0,3,3,1.0,2,2,1.0
2341172,val,a38_39,2.802409,2.2928271,1.0,3,3,1.0,2,2,1.0
2354175,val,a38_39,3.3260684,2.859516,1.0,3,3,1.0,6,2,1.0
2355004,val,a38_39,2.7125015,4.0868087,1.0,3,3,1.0,4,2,1.0
2391030,val,a38_39,3.4030561,3.4141958,1.0,3,2,1.0,2,2,1.0
2397173,val,a38_39,0.594298,2.4192536,1.0,2,3,1.0,2,4,1.0
2408170,val,a38_39,2.6881194,3.2554533,1.0,3,3,1.0,6,4,1.0
2425003,val,a38_39,2.6992476,1.4095232,1.0,3,3,1.0,2,2,1.0
2432030,val,a38_39,0.97542536,1.0048428,1.0,2,3,1.0,4,4,1.0
2435172,val,a38_39,2.2873957,0.0,1.0,3,2,1.0,2,2,1.0
2436174,val,a38_39,0.4984162,0.0,1.0,2,2,1.0,2,4,1.0
2436176,val,a38_39,0.39605618,3.0837762,1.0,2,3,1.0,2,2,1.0
2441003,val,a38_39,2.3704255,3.437568,1.0,3,3,1.0,2,2,1.0
2441173,val,a38_39,3.1410882,3.8851874,1.0,3,3,1.0,2,2,1.0
2458031,val,a38_39,4.071168,4.775503,1.0,3,3,1.0,6,6,1.0
2461004,val,a38_39,0.4781735,0.0,1.0,2,2,1.0,2,2,1.0
2461030,val,a38_39,3.4112902,4.597478,1.0,3,3,1.0,2,2,1.0
2473004,val,a38_39,3.2071712,4.1472106,1.0,3,3,1.0,2,2,1.0
2483030,val,a38_39,2.731188,2.5445042,1.0,3,3,1.0,2,4,1.0
2503030,val,a38_39,3.472833,3.0326545,1.0,3,3,1.0,6,6,1.0
2510005,val,a38_39,3.3459241,3.0930045,1.0,3,3,1.0,2,2,1.0
2525003,val,a38_39,3.5390136,4.7362037,1.0,3,3,1.0,2,2,1.0
2529030,val,a38_39,3.1505983,0.0,1.0,3,2,1.0,2,4,1.0
2529174,val,a38_39,2.885872,4.315193,1.0,3,3,1.0,2,2,1.0
2530003,val,a38_39,2.3150074,0.0,0.0,3,-1,0.0,2,-1,0.0
2530004,val,a38_39,2.7269602,3.0504405,1.0,3,3,1.0,2,2,1.0
2569033,val,a38_39,2.6869917,3.3326652,1.0,3,3,1.0,6,2,1.0
2601006,val,a38_39,3.424564,4.8403034,1.0,3,3,1.0,6,2,1.0
2608006,val,a38_39,2.7979584,3.18551,1.0,3,3,1.0,2,2,1.0
2615034,val,a38_39,3.286361,3.7510855,1.0,3,3,1.0,2,2,1.0
2639004,val,a38_39,1.2486047,3.59953,1.0,2,2,1.0,2,4,1.0
2665177,val,a38_39,0.7815393,0.0,1.0,2,2,1.0,6,6,1.0
2672006,val,a38_39,3.3261328,0.0,1.0,3,3,1.0,6,4,1.0
2672171,val,a38_39,2.5313892,3.8403308,1.0,3,3,1.0,2,4,1.0
2697003,val,a38_39,3.5491662,3.4481115,1.0,3,3,1.0,2,2,1.0
2704031,val,a38_39,2.9288056,2.7730844,1.0,3,3,1.0,6,4,1.0
2705030,val,a38_39,3.2367167,4.222725,1.0,3,3,1.0,2,2,1.0
2707007,val,a38_39,2.7099776,1.7174486,1.0,3,3,1.0,2,2,1.0
2712172,val,a38_39,2.7039266,3.1861079,1.0,3,3,1.0,2,2,1.0
2731003,val,a38_39,2.7252114,3.048963,1.0,3,3,1.0,6,6,1.0
2731005,val,a38_39,3.7591228,4.507845,1.0,3,3,1.0,6,6,1.0
2770031,val,a38_39,3.112833,1.3663594,1.0,3,3,1.0,2,2,1.0
2816004,val,a38_39,0.72308636,3.2435856,1.0,2,3,1.0,2,2,1.0
2910002,val,a38_39,2.6666498,2.9807694,1.0,3,3,1.0,2,2,1.0
3062001,val,a38_39,3.3552172,2.4661696,1.0,3,3,1.0,2,2,1.0
3235002,val,a38_39,2.4922996,3.5533636,1.0,3,3,1.0,2,3,1.0
3306001,val,a38_39,3.5516028,4.496284,1.0,3,3,1.0,2,2,1.0
5015030,val,a38_39,2.524688,0.35408652,1.0,3,2,1.0,2,2,1.0
5048030,val,a38_39,2.589312,2.7750175,1.0,3,3,1.0,6,6,1.0
5052033,val,a38_39,2.3551917,2.1022828,1.0,3,2,1.0,6,6,1.0
5057008,val,a38_39,0.7077857,3.3816826,1.0,2,3,1.0,6,6,1.0
5170009,val,a38_39,3.0699854,3.8525667,1.0,3,3,1.0,2,2,1.0
5230008,val,a38_39,2.9036002,3.8347166,1.0,3,3,1.0,2,2,1.0
5299010,val,a38_39,2.5313213,0.0,1.0,3,2,1.0,6,6,1.0
5336179,val,a38_39,3.0211592,3.4054897,1.0,3,3,1.0,2,2,1.0
5364005,val,a38_39,3.0245311,3.6897547,1.0,3,3,1.0,3,3,1.0
5379004,val,a38_39,3.3552568,4.1776333,1.0,3,3,1.0,4,4,1.0
5430173,val,a38_39,2.9363053,0.0,1.0,3,2,1.0,6,6,1.0
5488006,val,a38_39,3.1067283,3.6850972,1.0,3,3,1.0,6,6,1.0
5493007,val,a38_39,0.77655876,0.0,1.0,2,2,1.0,5,5,1.0
5537009,val,a38_39,2.6432395,2.9333522,1.0,3,3,1.0,2,2,1.0
5537177,val,a38_39,2.5209334,1.8505303,1.0,3,2,1.0,2,2,1.0
5537183,val,a38_39,3.2627528,3.955919,1.0,3,3,1.0,2,2,1.0
5569010,val,a38_39,2.6716807,3.5969393,1.0,3,3,1.0,2,2,1.0
5600005,val,a38_39,2.4802332,3.1264517,1.0,3,2,1.0,6,3,1.0
5615183,val,a38_39,2.973964,0.070574746,1.0,3,3,1.0,2,2,1.0
5749006,val,a38_39,2.65061,1.8636948,1.0,3,2,1.0,4,2,1.0
5822175,val,a38_39,2.9903395,3.6260033,1.0,3,3,1.0,2,2,1.0
5832003,val,a38_39,2.8032103,0.0,0.0,3,-1,0.0,2,-1,0.0
5872005,val,a38_39,0.7292819,0.0,1.0,2,2,1.0,6,6,1.0
5898005,val,a38_39,2.5263147,0.0,0.0,3,-1,0.0,6,-1,0.0
5904033,val,a38_39,2.6844752,3.0257523,1.0,3,3,1.0,2,4,1.0
5987188,val,a38_39,2.8179607,3.1053386,1.0,3,3,1.0,2,2,1.0
6026005,val,a38_39,3.229731,3.1735432,1.0,3,2,1.0,6,4,1.0
6026172,val,a38_39,3.2040787,1.3209659,1.0,3,3,1.0,6,4,1.0
6054031,val,a38_39,3.7317147,3.9497616,1.0,3,3,1.0,6,6,1.0
6121033,val,a38_39,2.633853,0.0,1.0,3,2,1.0,6,6,1.0
6156008,val,a38_39,2.9781458,3.3272858,1.0,3,3,1.0,6,6,1.0
6157003,val,a38_39,2.8790126,3.3871381,1.0,3,3,1.0,2,3,1.0
6210183,val,a38_39,2.5909724,3.2967014,1.0,3,-1,0.0,2,2,1.0
6262030,val,a38_39,3.2262607,4.0377684,1.0,3,3,1.0,2,2,1.0
6368007,val,a38_39,2.5641716,1.7459805,1.0,3,2,1.0,6,6,1.0
6381181,val,a38_39,3.0090656,3.9647489,1.0,3,3,1.0,6,2,1.0
6396003,val,a38_39,2.6282732,0.0,1.0,3,2,1.0,4,4,1.0
6431008,val,a38_39,2.9274788,4.63572,1.0,3,3,1.0,2,4,1.0
6475170,val,a38_39,2.516931,3.2242525,1.0,3,3,1.0,6,6,1.0
6522004,val,a38_39,0.72237074,0.9147846,1.0,2,2,1.0,6,6,1.0
6537032,val,a38_39,2.768696,1.2648275,1.0,3,2,1.0,2,2,1.0
6541178,val,a38_39,3.3165667,4.122309,1.0,3,2,1.0,2,2,1.0
6545006,val,a38_39,2.2605152,3.1551504,1.0,3,3,1.0,2,4,1.0
6547171,val,a38_39,2.8624034,2.7027802,1.0,3,3,1.0,2,2,1.0
6571031,val,a38_39,2.9889674,1.7769312,1.0,3,2,1.0,2,3,1.0
6590008,val,a38_39,2.8485203,3.329783,1.0,3,3,1.0,2,2,1.0
6616007,val,a38_39,2.5854142,3.7570312,1.0,3,3,1.0,2,4,1.0
6649003,val,a38_39,2.58265,3.3337348,1.0,3,3,1.0,6,2,1.0
6710030,val,a38_39,0.8745148,3.2527912,1.0,2,3,1.0,6,6,1.0
6745007,val,a38_39,2.801321,3.583648,1.0,3,3,1.0,6,6,1.0
6750005,val,a38_39,2.7346895,3.578878,1.0,3,3,1.0,2,4,1.0
6765006,val,a38_39,0.847409,2.8015413,1.0,2,3,1.0,2,2,1.0
6822176,val,a38_39,2.785875,2.0905557,1.0,3,3,1.0,2,4,1.0
4007,val,a40_41,2.8381348,4.096741,1.0,3,3,1.0,2,4,1.0
6174,val,a40_41,3.348574,3.9414282,1.0,3,3,1.0,2,2,1.0
14004,val,a40_41,3.314425,3.9032092,1.0,3,3,1.0,2,2,1.0
14172,val,a40_41,0.6118245,3.3626049,1.0,2,3,1.0,2,2,1.0
14173,val,a40_41,3.038013,3.737305,1.0,3,3,1.0,2,2,1.0
18031,val,a40_41,0.67575645,3.4141958,1.0,2,3,1.0,2,5,1.0
18185,val,a40_41,2.3933835,0.0,1.0,3,2,1.0,2,2,1.0
23031,val,a40_41,2.9387307,0.0,1.0,3,2,1.0,6,6,1.0
40173,val,a40_41,3.379897,3.426771,1.0,3,3,1.0,2,2,1.0
51171,val,a40_41,3.2695725,3.886613,1.0,3,3,1.0,2,2,1.0
84005,val,a40_41,3.2868874,4.077138,1.0,3,3,1.0,6,6,1.0
121173,val,a40_41,3.1243482,0.0,1.0,3,2,1.0,2,2,1.0
128004,val,a40_41,3.4349637,4.218239,1.0,3,3,1.0,2,2,1.0
145170,val,a40_41,3.3719957,3.8678546,1.0,3,3,1.0,2,2,1.0
161004,val,a40_41,3.2717643,3.0361922,1.0,3,2,1.0,6,4,1.0
172031,val,a40_41,3.1985617,3.2188306,1.0,3,3,1.0,2,2,1.0
174175,val,a40_41,2.4062514,4.886779,1.0,3,3,1.0,2,2,1.0
221031,val,a40_41,3.6150675,4.1335025,1.0,3,3,1.0,2,2,1.0
223030,val,a40_41,3.4001496,3.6286082,1.0,3,2,1.0,2,2,1.0
227003,val,a40_41,4.0101113,4.008891,1.0,3,3,1.0,6,2,1.0
257175,val,a40_41,3.0537722,0.42037553,1.0,3,2,1.0,2,2,1.0
263182,val,a40_41,3.3209188,3.4826956,1.0,3,3,1.0,2,2,1.0
321005,val,a40_41,2.3684173,2.8158593,1.0,3,3,1.0,2,2,1.0
361175,val,a40_41,3.2423642,1.7118756,1.0,3,2,1.0,4,2,1.0
377170,val,a40_41,3.2258644,4.2009177,1.0,3,3,1.0,2,2,1.0
450030,val,a40_41,3.671616,3.847051,1.0,3,3,1.0,6,6,1.0
465030,val,a40_41,3.064956,3.7935455,1.0,3,3,1.0,4,4,1.0
478030,val,a40_41,2.5823402,2.907154,1.0,3,2,1.0,6,3,1.0
503031,val,a40_41,3.0036275,4.475371,1.0,3,3,1.0,2,4,1.0
514172,val,a40_41,3.3789856,4.04607,1.0,3,3,1.0,2,2,1.0
534030,val,a40_41,3.07014,1.9053723,1.0,3,3,1.0,2,2,1.0
534171,val,a40_41,3.575945,3.7922242,1.0,3,3,1.0,2,2,1.0
544170,val,a40_41,2.7367997,3.178121,1.0,3,3,1.0,2,2,1.0
563193,val,a40_41,3.2527266,0.0,1.0,3,2,1.0,2,2,1.0
577174,val,a40_41,3.2250528,3.0114257,1.0,3,3,1.0,2,2,1.0
613006,val,a40_41,3.1458616,3.7471669,1.0,3,3,1.0,2,2,1.0
618170,val,a40_41,3.723991,4.5326686,1.0,3,3,1.0,2,2,1.0
631030,val,a40_41,2.9684215,3.3098624,1.0,3,3,1.0,2,4,1.0
633031,val,a40_41,2.918419,3.6491034,1.0,3,3,1.0,6,2,1.0
652173,val,a40_41,2.9289155,3.5666425,1.0,3,3,1.0,2,2,1.0
655172,val,a40_41,3.1753852,3.749749,1.0,3,3,1.0,2,2,1.0
656005,val,a40_41,2.6784616,0.9626811,1.0,3,3,1.0,2,2,1.0
691171,val,a40_41,2.7187157,2.3365629,1.0,3,3,1.0,2,4,1.0
738172,val,a40_41,2.4450305,3.8163328,1.0,3,3,1.0,2,2,1.0
751030,val,a40_41,2.567512,2.7778397,1.0,3,3,1.0,2,4,1.0
762170,val,a40_41,3.7441306,4.3971753,1.0,3,3,1.0,2,2,1.0
783171,val,a40_41,3.0797112,3.7198489,1.0,3,3,1.0,2,2,1.0
863007,val,a40_41,2.7940822,2.8474362,1.0,3,3,1.0,2,2,1.0
893170,val,a40_41,2.8798544,0.0,1.0,3,2,1.0,2,2,1.0
894031,val,a40_41,3.009702,3.2252226,1.0,3,3,1.0,2,2,1.0
898181,val,a40_41,2.4986541,1.1858279,1.0,3,3,1.0,2,2,1.0
899003,val,a40_41,3.6266348,3.5209594,1.0,3,3,1.0,4,2,1.0
916032,val,a40_41,2.5728295,3.1679091,1.0,3,3,1.0,6,2,1.0
922005,val,a40_41,3.612906,2.5942936,1.0,3,3,1.0,2,2,1.0
931172,val,a40_41,3.3267667,3.1120167,1.0,3,2,1.0,2,2,1.0
939032,val,a40_41,4.0370817,4.886779,1.0,3,3,1.0,2,2,1.0
958030,val,a40_41,3.1679168,3.1199777,1.0,3,3,1.0,2,2,1.0
958173,val,a40_41,2.7637396,3.1463857,1.0,3,3,1.0,2,2,1.0
961005,val,a40_41,3.3738737,3.1784346,1.0,3,3,1.0,4,2,1.0
961030,val,a40_41,2.9901228,3.4617243,1.0,3,3,1.0,6,2,1.0
961175,val,a40_41,3.3233879,4.0225544,1.0,3,3,1.0,2,2,1.0
1051183,val,a40_41,3.5460668,3.3424077,1.0,3,3,1.0,2,2,1.0
1084005,val,a40_41,2.8784046,3.6850972,1.0,3,2,1.0,2,3,1.0
1089003,val,a40_41,2.8064759,3.3619723,1.0,3,3,1.0,2,2,1.0
1093003,val,a40_41,0.6857184,0.0,1.0,2,2,1.0,2,2,1.0
1107173,val,a40_41,2.5403807,4.0036206,1.0,3,3,1.0,2,4,1.0
1109174,val,a40_41,2.2801726,2.1663687,1.0,3,3,1.0,2,2,1.0
1121030,val,a40_41,3.2215328,3.615111,1.0,3,3,1.0,2,2,1.0
1121175,val,a40_41,2.4327219,0.0,1.0,3,2,1.0,2,2,1.0
1125172,val,a40_41,2.807289,0.0,0.0,3,-1,0.0,2,-1,0.0
1126030,val,a40_41,2.933703,2.3645113,1.0,3,3,1.0,2,2,1.0
1126176,val,a40_41,3.0118473,4.886184,1.0,3,3,1.0,2,2,1.0
1152180,val,a40_41,2.9991298,3.4620757,1.0,3,3,1.0,2,2,1.0
1164004,val,a40_41,3.2766044,3.5871162,1.0,3,3,1.0,2,2,1.0
1184032,val,a40_41,3.2545607,3.843872,1.0,3,3,1.0,2,2,1.0
1184033,val,a40_41,2.6687272,1.4233128,1.0,3,3,1.0,6,4,1.0
1185003,val,a40_41,3.216464,0.0,1.0,3,2,1.0,2,2,1.0
1222004,val,a40_41,2.5268552,3.154596,1.0,3,3,1.0,2,2,1.0
1222006,val,a40_41,3.2464018,2.026318,1.0,3,3,1.0,2,2,1.0
1284170,val,a40_41,3.363902,0.0,1.0,3,2,1.0,2,2,1.0
1292004,val,a40_41,2.7629342,3.105974,1.0,3,3,1.0,2,4,1.0
1314172,val,a40_41,3.2603912,3.949036,1.0,3,3,1.0,2,2,1.0
1332005,val,a40_41,4.2843924,3.6204543,1.0,3,3,1.0,4,3,1.0
1335010,val,a40_41,3.0821676,3.0401068,1.0,3,3,1.0,2,2,1.0
1338003,val,a40_41,3.1436071,3.5987248,1.0,3,3,1.0,6,2,1.0
1345006,val,a40_41,2.7984445,2.9212708,1.0,3,3,1.0,2,2,1.0
1345007,val,a40_41,3.018497,3.57801,1.0,3,3,1.0,6,2,1.0
1346030,val,a40_41,3.3357701,0.0,1.0,3,2,1.0,6,2,1.0
1391033,val,a40_41,3.4782338,3.647873,1.0,3,3,1.0,6,4,1.0
1391175,val,a40_41,0.51551545,0.0,0.0,2,-1,0.0,2,-1,0.0
1394033,val,a40_41,2.5628293,0.0,1.0,3,2,1.0,6,4,1.0
1397005,val,a40_41,3.3086414,3.7439065,1.0,3,3,1.0,2,2,1.0
1397172,val,a40_41,2.2806203,3.0469735,1.0,3,3,1.0,2,2,1.0
1426004,val,a40_41,2.2586567,2.9762707,1.0,3,3,1.0,6,6,1.0
1434032,val,a40_41,2.714968,2.0527534,1.0,3,3,1.0,2,2,1.0
1434170,val,a40_41,3.0395436,3.1865816,1.0,3,3,1.0,2,2,1.0
1435005,val,a40_41,3.8263814,4.6204996,1.0,3,2,1.0,6,4,1.0
1485171,val,a40_41,3.365871,3.2274153,1.0,3,3,1.0,2,2,1.0
1520031,val,a40_41,3.789527,3.9851773,1.0,3,3,1.0,4,2,1.0
1540005,val,a40_41,4.038599,2.3726282,1.0,3,3,1.0,6,2,1.0
1559003,val,a40_41,3.8659263,4.472791,1.0,3,3,1.0,2,2,1.0
1559170,val,a40_41,3.2112355,3.2300382,1.0,3,3,1.0,2,2,1.0
1565180,val,a40_41,2.9391649,4.194441,1.0,3,3,1.0,2,2,1.0
1579030,val,a40_41,3.383575,3.0597289,1.0,3,3,1.0,2,2,1.0
1613007,val,a40_41,2.6177447,0.6793294,1.0,3,3,1.0,2,2,1.0
1621171,val,a40_41,3.669907,4.886779,1.0,3,3,1.0,2,2,1.0
1644004,val,a40_41,3.13908,3.496418,1.0,3,3,1.0,2,2,1.0
1652031,val,a40_41,2.8731258,3.3802066,1.0,3,3,1.0,2,2,1.0
1682032,val,a40_41,3.2132123,3.8730197,1.0,3,3,1.0,6,2,1.0
1684173,val,a40_41,3.1985111,3.6152012,1.0,3,2,1.0,2,2,1.0
1687003,val,a40_41,3.1789365,3.3729873,1.0,3,3,1.0,2,2,1.0
1690170,val,a40_41,2.513246,3.5111582,1.0,3,3,1.0,2,2,1.0
1692030,val,a40_41,0.44830918,0.0,1.0,2,2,1.0,2,2,1.0
1695034,val,a40_41,3.007588,3.6491034,1.0,3,3,1.0,2,2,1.0
1701004,val,a40_41,2.7556367,3.9664857,1.0,3,3,1.0,2,2,1.0
1721030,val,a40_41,3.8583505,3.6687279,1.0,3,3,1.0,4,2,1.0
1723005,val,a40_41,0.56052494,2.2075644,1.0,2,3,1.0,2,2,1.0
1762030,val,a40_41,2.6889791,0.0,1.0,3,2,1.0,2,4,1.0
1762031,val,a40_41,3.3370116,3.7650766,1.0,3,3,1.0,2,2,1.0
1762032,val,a40_41,2.451107,1.9069004,1.0,3,3,1.0,2,4,1.0
1774170,val,a40_41,3.0666175,1.3671789,1.0,3,2,1.0,2,2,1.0
1774171,val,a40_41,3.103119,3.3073823,1.0,3,3,1.0,2,2,1.0
1784171,val,a40_41,3.6020737,4.1698217,1.0,3,3,1.0,2,2,1.0
1786191,val,a40_41,3.5227487,3.9422066,1.0,3,3,1.0,2,2,1.0
1787005,val,a40_41,3.635489,3.6848996,1.0,3,3,1.0,4,2,1.0
1787174,val,a40_41,2.7088492,3.3667955,1.0,3,3,1.0,2,2,1.0
1802003,val,a40_41,2.9320965,3.489942,1.0,3,2,1.0,2,4,1.0
1845170,val,a40_41,3.6526642,3.0869684,1.0,3,3,1.0,2,2,1.0
1862171,val,a40_41,2.9283473,3.5262845,1.0,3,3,1.0,2,2,1.0
1898004,val,a40_41,3.3098748,3.4094932,1.0,3,3,1.0,6,6,1.0
1911030,val,a40_41,3.2372723,0.0,0.0,3,-1,0.0,4,-1,0.0
1914003,val,a40_41,0.6471293,2.8751705,1.0,2,3,1.0,2,2,1.0
1919007,val,a40_41,3.806898,4.886779,1.0,3,3,1.0,2,4,1.0
1954003,val,a40_41,3.264451,2.9361172,1.0,3,3,1.0,2,2,1.0
1959005,val,a40_41,3.7548027,4.3370132,1.0,3,3,1.0,6,2,1.0
1964031,val,a40_41,2.685654,0.0,1.0,3,2,1.0,2,4,1.0
1972173,val,a40_41,0.6396215,0.0,0.0,2,-1,0.0,2,-1,0.0
1978030,val,a40_41,3.059017,3.693618,1.0,3,3,1.0,2,2,1.0
2005030,val,a40_41,2.7427847,3.1062326,1.0,3,3,1.0,6,4,1.0
2011174,val,a40_41,2.6232824,3.3237946,1.0,3,3,1.0,2,2,1.0
2023030,val,a40_41,3.6839201,4.886779,1.0,3,3,1.0,6,6,1.0
2028030,val,a40_41,3.7493813,4.421971,1.0,3,3,1.0,4,4,1.0
2055003,val,a40_41,2.736747,1.7300621,1.0,3,3,1.0,2,2,1.0
2067005,val,a40_41,3.4969008,4.1546817,1.0,3,3,1.0,2,2,1.0
2080170,val,a40_41,2.398624,2.3160753,1.0,3,3,1.0,2,2,1.0
2106171,val,a40_41,0.64275146,0.0,1.0,2,2,1.0,2,2,1.0
2109002,val,a40_41,3.238544,4.482823,1.0,3,3,1.0,2,2,1.0
2129186,val,a40_41,3.0502253,3.496005,1.0,3,3,1.0,2,2,1.0
2181007,val,a40_41,0.7481942,1.966612,1.0,2,2,1.0,6,6,1.0
2181030,val,a40_41,3.385116,3.3319657,1.0,3,3,1.0,4,2,1.0
2243174,val,a40_41,3.267518,3.0664406,1.0,3,3,1.0,2,2,1.0
2260173,val,a40_41,2.6282768,0.40987092,1.0,3,2,1.0,2,2,1.0
2261030,val,a40_41,2.8405094,2.5095816,1.0,3,3,1.0,2,2,1.0
2271171,val,a40_41,2.586202,3.6543715,1.0,3,3,1.0,2,2,1.0
2282005,val,a40_41,3.0587711,0.0,1.0,3,3,1.0,6,6,1.0
2302195,val,a40_41,0.519444,0.39853728,1.0,2,2,1.0,2,3,1.0
2334031,val,a40_41,3.3419647,3.8142254,1.0,3,3,1.0,2,2,1.0
2341172,val,a40_41,2.7940702,2.8913167,1.0,3,3,1.0,2,2,1.0
2354175,val,a40_41,3.2486587,3.3073823,1.0,3,3,1.0,6,2,1.0
2355004,val,a40_41,2.796325,3.7249148,1.0,3,3,1.0,4,2,1.0
2391030,val,a40_41,3.411817,3.1996279,1.0,3,3,1.0,2,2,1.0
2397173,val,a40_41,0.5451678,2.7536736,1.0,2,3,1.0,2,2,1.0
2408170,val,a40_41,2.6157804,2.2054408,1.0,3,2,1.0,6,4,1.0
2425003,val,a40_41,2.7389634,1.1611937,1.0,3,3,1.0,2,2,1.0
2432030,val,a40_41,0.8972082,2.766588,1.0,2,3,1.0,4,4,1.0
2435172,val,a40_41,2.344967,0.5612031,1.0,3,3,1.0,2,2,1.0
2436174,val,a40_41,0.4537475,0.0,1.0,2,2,1.0,2,4,1.0
2436176,val,a40_41,0.35214138,3.0665076,1.0,2,3,1.0,2,2,1.0
2441003,val,a40_41,2.4041004,3.1931083,1.0,3,3,1.0,2,2,1.0
2441173,val,a40_41,3.1430488,4.1230373,1.0,3,3,1.0,2,2,1.0
2458031,val,a40_41,4.037393,4.7487354,1.0,3,3,1.0,6,6,1.0
2461004,val,a40_41,0.44026494,2.4098656,1.0,2,3,1.0,2,2,1.0
2461030,val,a40_41,3.395448,0.0,1.0,3,3,1.0,2,4,1.0
2473004,val,a40_41,3.1954699,3.8582711,1.0,3,3,1.0,2,2,1.0
2483030,val,a40_41,2.7151856,1.7093322,1.0,3,3,1.0,2,4,1.0
2503030,val,a40_41,3.4046924,3.0149915,1.0,3,3,1.0,6,6,1.0
2510005,val,a40_41,3.3512387,3.0679493,1.0,3,3,1.0,2,2,1.0
2525003,val,a40_41,3.5357924,4.886779,1.0,3,3,1.0,2,2,1.0
2529030,val,a40_41,3.1568108,0.0,1.0,3,2,1.0,2,4,1.0
2529174,val,a40_41,2.868029,3.9823928,1.0,3,3,1.0,2,2,1.0
2530003,val,a40_41,2.3485827,2.8040938,1.0,3,3,1.0,2,2,1.0
2530004,val,a40_41,2.7076848,3.0475352,1.0,3,3,1.0,2,2,1.0
2569033,val,a40_41,2.6104193,3.3889637,1.0,3,3,1.0,6,2,1.0
2601006,val,a40_41,3.3781335,0.0,0.0,3,-1,0.0,6,-1,0.0
2608006,val,a40_41,2.7916873,3.153995,1.0,3,3,1.0,2,2,1.0
2615034,val,a40_41,3.2452538,3.5209804,1.0,3,3,1.0,2,2,1.0
2639004,val,a40_41,1.1795346,2.0256755,1.0,2,2,1.0,2,4,1.0
2665177,val,a40_41,0.68847287,0.0,1.0,2,2,1.0,6,2,1.0
2672006,val,a40_41,3.2741475,4.190539,1.0,3,3,1.0,6,4,1.0
2672171,val,a40_41,2.561408,4.158148,1.0,3,3,1.0,2,4,1.0
2697003,val,a40_41,3.562058,3.3715646,1.0,3,3,1.0,2,2,1.0
2704031,val,a40_41,2.8386624,2.5460799,1.0,3,3,1.0,6,4,1.0
2705030,val,a40_41,3.2297974,4.6122894,1.0,3,3,1.0,2,3,1.0
2707007,val,a40_41,2.725475,2.015335,1.0,3,3,1.0,2,2,1.0
2712172,val,a40_41,2.7316706,3.172238,1.0,3,3,1.0,2,2,1.0
2731003,val,a40_41,2.6321347,3.1447468,1.0,3,3,1.0,6,6,1.0
2731005,val,a40_41,3.6874175,4.564996,1.0,3,3,1.0,6,6,1.0
2770031,val,a40_41,3.097417,1.7136508,1.0,3,3,1.0,2,2,1.0
2816004,val,a40_41,0.6639731,3.4309494,1.0,2,3,1.0,2,2,1.0
2910002,val,a40_41,2.6504714,3.1706843,1.0,3,2,1.0,2,2,1.0
3062001,val,a40_41,3.3445582,3.958687,1.0,3,3,1.0,2,2,1.0
3235002,val,a40_41,2.4945076,3.6333046,1.0,3,3,1.0,2,3,1.0
3306001,val,a40_41,3.5196562,4.594867,1.0,3,3,1.0,2,2,1.0
5015030,val,a40_41,2.5718715,0.0,1.0,3,2,1.0,2,2,1.0
5048030,val,a40_41,2.5241601,2.79805,1.0,3,3,1.0,6,6,1.0
5052033,val,a40_41,2.2964163,2.355517,1.0,3,3,1.0,6,6,1.0
5057008,val,a40_41,0.6137105,3.5037935,1.0,2,3,1.0,6,6,1.0
5170009,val,a40_41,3.030631,3.8322608,1.0,3,3,1.0,2,2,1.0
5230008,val,a40_41,2.8887696,3.7570312,1.0,3,3,1.0,2,2,1.0
5299010,val,a40_41,2.4830241,0.0,1.0,3,2,1.0,6,6,1.0
5336179,val,a40_41,3.039564,3.3685656,1.0,3,3,1.0,2,2,1.0
5364005,val,a40_41,3.0079117,3.3224595,1.0,3,3,1.0,3,3,1.0
5379004,val,a40_41,3.3747473,4.8131404,1.0,3,3,1.0,4,4,1.0
5430173,val,a40_41,2.879932,0.0,1.0,3,2,1.0,6,6,1.0
5488006,val,a40_41,3.0108466,3.6807222,1.0,3,3,1.0,6,6,1.0
5493007,val,a40_41,0.7211188,0.0,1.0,2,2,1.0,5,5,1.0
5537009,val,a40_41,2.6542163,2.9591303,1.0,3,3,1.0,2,2,1.0
5537177,val,a40_41,2.6893766,1.2297416,1.0,3,2,1.0,2,2,1.0
5537183,val,a40_41,3.2500234,3.031698,1.0,3,3,1.0,2,2,1.0
5569010,val,a40_41,2.6518457,3.265041,1.0,3,3,1.0,2,2,1.0
5600005,val,a40_41,2.4741278,2.2039053,1.0,3,2,1.0,6,2,1.0
5615183,val,a40_41,2.9955444,2.9662764,1.0,3,3,1.0,2,2,1.0
5749006,val,a40_41,2.6900482,0.37078482,1.0,3,2,1.0,4,2,1.0
5822175,val,a40_41,3.010256,3.7130666,1.0,3,3,1.0,2,2,1.0
5832003,val,a40_41,2.7926068,2.3181431,1.0,3,2,1.0,2,6,1.0
5872005,val,a40_41,0.63876283,0.0,0.0,2,-1,0.0,6,-1,0.0
5898005,val,a40_41,2.5124893,0.0,0.0,3,-1,0.0,6,-1,0.0
5904033,val,a40_41,2.6934536,1.9870218,1.0,3,3,1.0,2,4,1.0
5987188,val,a40_41,2.820845,3.0869684,1.0,3,3,1.0,2,2,1.0
6026005,val,a40_41,3.163333,3.3871381,1.0,3,2,1.0,6,4,1.0
6026172,val,a40_41,3.120843,3.6983402,1.0,3,3,1.0,6,4,1.0
6054031,val,a40_41,3.6846895,3.9765851,1.0,3,3,1.0,6,6,1.0
6121033,val,a40_41,2.586172,0.0,1.0,3,2,1.0,6,6,1.0
6156008,val,a40_41,2.879577,3.7570312,1.0,3,3,1.0,6,6,1.0
6157003,val,a40_41,2.892077,3.2381604,1.0,3,3,1.0,2,3,1.0
6210183,val,a40_41,2.5975316,3.3488646,1.0,3,3,1.0,2,2,1.0
6262030,val,a40_41,3.2110734,4.052318,1.0,3,3,1.0,2,2,1.0
6368007,val,a40_41,2.5259676,0.0,1.0,3,2,1.0,6,6,1.0
6381181,val,a40_41,2.921305,4.0398784,1.0,3,3,1.0,6,2,1.0
6396003,val,a40_41,2.6787674,0.0,1.0,3,2,1.0,4,4,1.0
6431008,val,a40_41,2.9403338,4.745581,1.0,3,3,1.0,2,4,1.0
6475170,val,a40_41,2.4596896,3.0000806,1.0,3,3,1.0,6,6,1.0
6522004,val,a40_41,0.6299162,0.0,0.0,2,2,1.0,6,4,1.0
6537032,val,a40_41,2.7743456,2.9993773,1.0,3,3,1.0,2,2,1.0
6541178,val,a40_41,3.2922482,4.1655335,1.0,3,3,1.0,2,2,1.0
6545006,val,a40_41,2.2846332,2.3224509,1.0,3,3,1.0,2,4,1.0
6547171,val,a40_41,2.8668478,3.0869684,1.0,3,3,1.0,2,2,1.0
6571031,val,a40_41,3.0049243,0.0,0.0,3,-1,0.0,2,-1,0.0
6590008,val,a40_41,2.8543348,0.0,1.0,3,3,1.0,2,2,1.0
6616007,val,a40_41,2.6063266,3.6222303,1.0,3,3,1.0,2,4,1.0
6649003,val,a40_41,2.536728,3.6229506,1.0,3,3,1.0,6,2,1.0
6710030,val,a40_41,0.77087116,3.2437427,1.0,2,3,1.0,6,6,1.0
6745007,val,a40_41,2.7316408,3.587975,1.0,3,3,1.0,6,6,1.0
6750005,val,a40_41,2.7677042,3.9030106,1.0,3,3,1.0,2,4,1.0
6765006,val,a40_41,0.76412344,2.6505947,1.0,2,3,1.0,2,2,1.0
6822176,val,a40_41,2.7602777,3.546035,1.0,3,3,1.0,2,4,1.0
4007,val,a42_43,2.8305352,0.0,0.0,3,-1,0.0,2,-1,0.0
6174,val,a42_43,3.3362145,4.3904777,1.0,3,3,1.0,2,2,1.0
14004,val,a42_43,3.2950673,3.7619069,1.0,3,3,1.0,2,2,1.0
14172,val,a42_43,0.5686518,3.7323906,1.0,2,3,1.0,2,2,1.0
14173,val,a42_43,3.0264995,4.0403357,1.0,3,3,1.0,2,2,1.0
18031,val,a42_43,0.62229717,3.5281215,1.0,2,3,1.0,2,5,1.0
18185,val,a42_43,2.3898292,0.0,1.0,3,2,1.0,2,3,1.0
23031,val,a42_43,2.8954492,0.0,1.0,3,2,1.0,6,6,1.0
40173,val,a42_43,3.3662405,3.5162604,1.0,3,3,1.0,2,2,1.0
51171,val,a42_43,3.269186,3.9461741,1.0,3,3,1.0,2,2,1.0
84005,val,a42_43,3.229557,3.9647489,1.0,3,3,1.0,6,6,1.0
121173,val,a42_43,3.1000354,3.016735,1.0,3,3,1.0,2,2,1.0
128004,val,a42_43,3.4112306,4.198069,1.0,3,3,1.0,2,2,1.0
145170,val,a42_43,3.3742123,3.507782,1.0,3,3,1.0,2,2,1.0
161004,val,a42_43,3.1970036,3.1872697,1.0,3,3,1.0,6,4,1.0
172031,val,a42_43,3.1753387,3.126861,1.0,3,3,1.0,2,2,1.0
174175,val,a42_43,2.425665,4.886779,1.0,3,3,1.0,2,2,1.0
221031,val,a42_43,3.5960274,3.9811552,1.0,3,3,1.0,2,2,1.0
223030,val,a42_43,3.4164329,3.4196575,1.0,3,3,1.0,2,2,1.0
227003,val,a42_43,3.9722455,3.9589236,1.0,3,3,1.0,6,2,1.0
257175,val,a42_43,3.0393274,0.56697226,1.0,3,3,1.0,2,2,1.0
263182,val,a42_43,3.319229,3.456537,1.0,3,3,1.0,2,2,1.0
321005,val,a42_43,2.3714886,3.067396,1.0,3,3,1.0,2,2,1.0
361175,val,a42_43,3.29046,2.6412401,1.0,3,3,1.0,4,2,1.0
377170,val,a42_43,3.2103682,4.30575,1.0,3,3,1.0,2,2,1.0
450030,val,a42_43,3.6151614,4.0109034,1.0,3,2,1.0,6,6,1.0
465030,val,a42_43,3.1108441,3.854094,1.0,3,3,1.0,4,4,1.0
478030,val,a42_43,2.5292878,3.0282621,1.0,3,3,1.0,6,3,1.0
503031,val,a42_43,2.99646,4.717123,1.0,3,3,1.0,2,4,1.0
514172,val,a42_43,3.353371,4.2617564,1.0,3,3,1.0,2,2,1.0
534030,val,a42_43,3.0534282,3.2387373,1.0,3,3,1.0,2,2,1.0
534171,val,a42_43,3.563008,3.8186266,1.0,3,3,1.0,2,2,1.0
544170,val,a42_43,2.7270317,3.378522,1.0,3,3,1.0,2,2,1.0
563193,val,a42_43,3.2601032,0.0,1.0,3,2,1.0,2,2,1.0
577174,val,a42_43,3.2390757,3.1931083,1.0,3,3,1.0,2,2,1.0
613006,val,a42_43,3.1397693,3.4896688,1.0,3,3,1.0,2,2,1.0
618170,val,a42_43,3.699535,4.7028666,1.0,3,3,1.0,2,2,1.0
631030,val,a42_43,2.9703443,3.7247293,1.0,3,3,1.0,2,4,1.0
633031,val,a42_43,2.836736,3.6932049,1.0,3,3,1.0,6,2,1.0
652173,val,a42_43,2.8934493,3.6409497,1.0,3,3,1.0,2,2,1.0
655172,val,a42_43,3.1352603,4.2897096,1.0,3,3,1.0,2,2,1.0
656005,val,a42_43,2.6927629,1.5825812,1.0,3,3,1.0,2,2,1.0
691171,val,a42_43,2.7073772,2.422265,1.0,3,3,1.0,2,4,1.0
738172,val,a42_43,2.444487,4.6475396,1.0,3,3,1.0,2,2,1.0
751030,val,a42_43,2.5716236,3.128094,1.0,3,2,1.0,2,4,1.0
762170,val,a42_43,3.7143393,4.3866534,1.0,3,3,1.0,2,2,1.0
783171,val,a42_43,3.0517852,3.627258,1.0,3,3,1.0,2,2,1.0
863007,val,a42_43,2.800705,3.0570593,1.0,3,3,1.0,2,2,1.0
893170,val,a42_43,2.8752584,0.0,1.0,3,2,1.0,2,2,1.0
894031,val,a42_43,2.983112,3.4939215,1.0,3,3,1.0,2,2,1.0
898181,val,a42_43,2.4980085,2.0642657,1.0,3,3,1.0,2,2,1.0
899003,val,a42_43,3.6505544,3.5290773,1.0,3,3,1.0,4,2,1.0
916032,val,a42_43,2.5151317,2.66215,1.0,3,2,1.0,6,2,1.0
922005,val,a42_43,3.5981653,2.8607311,1.0,3,3,1.0,2,2,1.0
931172,val,a42_43,3.3330052,2.3561735,1.0,3,3,1.0,2,2,1.0
939032,val,a42_43,4.0204544,4.886779,1.0,3,3,1.0,2,2,1.0
958030,val,a42_43,3.1593637,3.0001054,1.0,3,3,1.0,2,2,1.0
958173,val,a42_43,2.7610624,3.188211,1.0,3,3,1.0,2,2,1.0
961005,val,a42_43,3.4143152,3.0807095,1.0,3,3,1.0,4,2,1.0
961030,val,a42_43,2.955166,3.5064607,1.0,3,3,1.0,6,2,1.0
961175,val,a42_43,3.3294811,3.858515,1.0,3,3,1.0,2,2,1.0
1051183,val,a42_43,3.5084057,3.4141958,1.0,3,3,1.0,2,2,1.0
1084005,val,a42_43,2.8557765,2.8569546,1.0,3,2,1.0,2,4,1.0
1089003,val,a42_43,2.781427,3.397333,1.0,3,3,1.0,2,2,1.0
1093003,val,a42_43,0.6422789,0.0,1.0,2,2,1.0,2,2,1.0
1107173,val,a42_43,2.555759,0.0,1.0,3,2,1.0,2,4,1.0
1109174,val,a42_43,2.3083565,2.241885,1.0,3,3,1.0,2,2,1.0
1121030,val,a42_43,3.2199924,3.7256048,1.0,3,3,1.0,2,2,1.0
1121175,val,a42_43,2.441585,0.0,1.0,3,2,1.0,2,2,1.0
1125172,val,a42_43,2.8074758,2.6918542,1.0,3,3,1.0,2,2,1.0
1126030,val,a42_43,2.927425,2.3410416,1.0,3,3,1.0,2,2,1.0
1126176,val,a42_43,3.0440867,4.2375464,1.0,3,3,1.0,2,2,1.0
1152180,val,a42_43,2.9683554,3.382096,1.0,3,3,1.0,2,2,1.0
1164004,val,a42_43,3.262171,3.6850972,1.0,3,3,1.0,2,2,1.0
1184032,val,a42_43,3.2530527,0.0,0.0,3,-1,0.0,2,-1,0.0
1184033,val,a42_43,2.6529677,2.9884706,1.0,3,3,1.0,6,4,1.0
1185003,val,a42_43,3.1703506,0.0,1.0,3,2,1.0,2,2,1.0
1222004,val,a42_43,2.530555,3.1974998,1.0,3,3,1.0,2,2,1.0
1222006,val,a42_43,3.2724812,3.4334857,1.0,3,3,1.0,2,2,1.0
1284170,val,a42_43,3.3290367,0.0,1.0,3,2,1.0,2,2,1.0
1292004,val,a42_43,2.7626636,3.0276508,1.0,3,3,1.0,2,4,1.0
1314172,val,a42_43,3.2622502,3.955919,1.0,3,3,1.0,2,2,1.0
1332005,val,a42_43,4.273823,4.0859733,1.0,3,3,1.0,4,3,1.0
1335010,val,a42_43,3.0741496,3.5913725,1.0,3,3,1.0,2,2,1.0
1338003,val,a42_43,3.0615118,0.0,1.0,3,2,1.0,6,2,1.0
1345006,val,a42_43,2.7879388,2.8901737,1.0,3,3,1.0,2,2,1.0
1345007,val,a42_43,2.9624662,3.4974828,1.0,3,3,1.0,6,2,1.0
1346030,val,a42_43,3.2395103,1.209378,1.0,3,2,1.0,6,2,1.0
1391033,val,a42_43,3.4229205,3.9802005,1.0,3,3,1.0,6,4,1.0
1391175,val,a42_43,0.49027705,3.1796627,1.0,2,3,1.0,2,4,1.0
1394033,val,a42_43,2.5174966,0.0,1.0,3,2,1.0,6,4,1.0
1397005,val,a42_43,3.30892,3.749749,1.0,3,3,1.0,2,2,1.0
1397172,val,a42_43,2.316749,3.0798528,1.0,3,3,1.0,2,2,1.0
1426004,val,a42_43,2.2355418,3.4137402,1.0,3,3,1.0,6,6,1.0
1434032,val,a42_43,2.7007532,2.134075,1.0,3,3,1.0,2,2,1.0
1434170,val,a42_43,3.030281,3.2432585,1.0,3,3,1.0,2,2,1.0
1435005,val,a42_43,3.7967312,2.8346472,1.0,3,3,1.0,6,4,1.0
1485171,val,a42_43,3.3609858,3.4779825,1.0,3,3,1.0,2,2,1.0
1520031,val,a42_43,3.8026776,0.0,1.0,3,3,1.0,4,2,1.0
1540005,val,a42_43,3.9982495,3.2980824,1.0,3,3,1.0,6,2,1.0
1559003,val,a42_43,3.8415327,4.455336,1.0,3,3,1.0,2,2,1.0
1559170,val,a42_43,3.1799915,3.46386,1.0,3,3,1.0,2,2,1.0
1565180,val,a42_43,2.9218004,3.7453756,1.0,3,3,1.0,2,2,1.0
1579030,val,a42_43,3.3766856,2.21841,1.0,3,3,1.0,2,2,1.0
1613007,val,a42_43,2.6235752,1.4655625,1.0,3,3,1.0,2,2,1.0
1621171,val,a42_43,3.6474853,4.5817747,1.0,3,3,1.0,2,2,1.0
1644004,val,a42_43,3.1104128,3.3623176,1.0,3,3,1.0,2,2,1.0
1652031,val,a42_43,2.864864,3.6539025,1.0,3,3,1.0,2,2,1.0
1682032,val,a42_43,3.172011,3.8923383,1.0,3,3,1.0,6,2,1.0
1684173,val,a42_43,3.2043254,3.4133592,1.0,3,3,1.0,2,2,1.0
1687003,val,a42_43,3.1779194,2.1154792,1.0,3,3,1.0,2,2,1.0
1690170,val,a42_43,2.5279377,3.81582,1.0,3,3,1.0,2,2,1.0
1692030,val,a42_43,0.42362165,0.0,1.0,2,2,1.0,2,2,1.0
1695034,val,a42_43,2.9779902,3.7629457,1.0,3,3,1.0,2,2,1.0
1701004,val,a42_43,2.7574425,4.257973,1.0,3,3,1.0,2,2,1.0
1721030,val,a42_43,3.858333,3.348836,1.0,3,3,1.0,4,2,1.0
1723005,val,a42_43,0.52774477,2.2497153,1.0,2,3,1.0,2,2,1.0
1762030,val,a42_43,2.6986926,0.0,1.0,3,2,1.0,2,4,1.0
1762031,val,a42_43,3.3318362,3.7924998,1.0,3,3,1.0,2,2,1.0
1762032,val,a42_43,2.474776,2.2055602,1.0,3,3,1.0,2,4,1.0
1774170,val,a42_43,3.0240128,1.7535818,1.0,3,3,1.0,2,2,1.0
1774171,val,a42_43,3.071393,3.736019,1.0,3,3,1.0,2,2,1.0
1784171,val,a42_43,3.5800493,4.1252284,1.0,3,3,1.0,2,2,1.0
1786191,val,a42_43,3.50051,4.227405,1.0,3,3,1.0,2,2,1.0
1787005,val,a42_43,3.6392336,3.6104138,1.0,3,3,1.0,4,2,1.0
1787174,val,a42_43,2.6885266,3.3523545,1.0,3,3,1.0,2,2,1.0
1802003,val,a42_43,2.9377968,3.4832323,1.0,3,2,1.0,2,4,1.0
1845170,val,a42_43,3.63469,3.3217459,1.0,3,3,1.0,2,2,1.0
1862171,val,a42_43,2.9120903,3.4461362,1.0,3,3,1.0,2,2,1.0
1898004,val,a42_43,3.2563198,4.3638077,1.0,3,3,1.0,6,6,1.0
1911030,val,a42_43,3.2820604,2.9322286,1.0,3,3,1.0,4,2,1.0
1914003,val,a42_43,0.59074426,3.0930045,1.0,2,3,1.0,2,2,1.0
1919007,val,a42_43,3.786477,4.8387165,1.0,3,3,1.0,2,4,1.0
1954003,val,a42_43,3.2462406,3.7558146,1.0,3,3,1.0,2,4,1.0
1959005,val,a42_43,3.7136874,4.521836,1.0,3,3,1.0,6,2,1.0
1964031,val,a42_43,2.7076783,0.0,1.0,3,2,1.0,2,4,1.0
1972173,val,a42_43,0.5984584,2.3260252,1.0,2,3,1.0,2,3,1.0
1978030,val,a42_43,3.0353646,3.4900744,1.0,3,3,1.0,2,2,1.0
2005030,val,a42_43,2.6743817,3.211439,1.0,3,3,1.0,6,4,1.0
2011174,val,a42_43,2.6157503,3.177646,1.0,3,3,1.0,2,2,1.0
2023030,val,a42_43,3.6288853,4.886779,1.0,3,3,1.0,6,6,1.0
2028030,val,a42_43,3.7704632,4.886779,1.0,3,3,1.0,4,4,1.0
2055003,val,a42_43,2.742631,1.367364,1.0,3,3,1.0,2,2,1.0
2067005,val,a42_43,3.4798641,4.480925,1.0,3,3,1.0,2,2,1.0
2080170,val,a42_43,2.413951,2.4098656,1.0,3,3,1.0,2,2,1.0
2106171,val,a42_43,0.6015599,0.0,1.0,2,2,1.0,2,2,1.0
2109002,val,a42_43,3.2111027,4.472431,1.0,3,3,1.0,2,2,1.0
2129186,val,a42_43,3.048499,3.851873,1.0,3,3,1.0,2,2,1.0
2181007,val,a42_43,0.67918503,2.5885363,1.0,2,3,1.0,6,6,1.0
2181030,val,a42_43,3.3928642,3.6084042,1.0,3,3,1.0,4,2,1.0
2243174,val,a42_43,3.2040687,2.9595175,1.0,3,3,1.0,2,2,1.0
2260173,val,a42_43,2.6218395,0.0,1.0,3,2,1.0,2,2,1.0
2261030,val,a42_43,2.8224304,3.173361,1.0,3,3,1.0,2,2,1.0
2271171,val,a42_43,2.580676,3.7394035,1.0,3,3,1.0,2,2,1.0
2282005,val,a42_43,2.993252,3.46386,1.0,3,3,1.0,6,6,1.0
2302195,val,a42_43,0.4949627,0.0,1.0,2,2,1.0,2,6,1.0
2334031,val,a42_43,3.3053355,3.8580909,1.0,3,3,1.0,2,2,1.0
2341172,val,a42_43,2.7666614,2.8802483,1.0,3,3,1.0,2,2,1.0
2354175,val,a42_43,3.1757932,3.651173,1.0,3,3,1.0,6,2,1.0
2355004,val,a42_43,2.8678584,4.1334863,1.0,3,3,1.0,4,2,1.0
2391030,val,a42_43,3.4090815,3.859207,1.0,3,3,1.0,2,2,1.0
2397173,val,a42_43,0.51509583,3.1475887,1.0,2,3,1.0,2,2,1.0
2408170,val,a42_43,2.5434701,2.146546,1.0,3,3,1.0,6,4,1.0
2425003,val,a42_43,2.7530122,0.0,1.0,3,2,1.0,2,2,1.0
2432030,val,a42_43,0.8569963,4.2273545,1.0,2,3,1.0,4,4,1.0
2435172,val,a42_43,2.3624895,0.0,1.0,3,2,1.0,2,2,1.0
2436174,val,a42_43,0.42816424,0.0,1.0,2,2,1.0,2,4,1.0
2436176,val,a42_43,0.33748603,3.0895233,1.0,2,3,1.0,2,2,1.0
2441003,val,a42_43,2.4172053,3.9165187,1.0,3,3,1.0,2,2,1.0
2441173,val,a42_43,3.138755,4.077138,1.0,3,3,1.0,2,2,1.0
2458031,val,a42_43,3.9968143,4.886779,1.0,3,3,1.0,6,6,1.0
2461004,val,a42_43,0.4267583,2.196764,1.0,2,2,1.0,2,2,1.0
2461030,val,a42_43,3.3758445,4.353723,1.0,3,3,1.0,2,2,1.0
2473004,val,a42_43,3.177139,3.2980824,1.0,3,3,1.0,2,2,1.0
2483030,val,a42_43,2.6899247,0.0,1.0,3,2,1.0,2,4,1.0
2503030,val,a42_43,3.3372085,3.295633,1.0,3,3,1.0,6,6,1.0
2510005,val,a42_43,3.3495057,3.307799,1.0,3,3,1.0,2,2,1.0
2525003,val,a42_43,3.52065,4.886779,1.0,3,3,1.0,2,2,1.0
2529030,val,a42_43,3.1565146,0.0,1.0,3,2,1.0,2,4,1.0
2529174,val,a42_43,2.8366835,1.8595463,1.0,3,3,1.0,2,2,1.0
2530003,val,a42_43,2.360915,0.0,1.0,3,2,1.0,2,2,1.0
2530004,val,a42_43,2.6777465,3.4409633,1.0,3,3,1.0,2,2,1.0
2569033,val,a42_43,2.5419235,3.469144,1.0,3,3,1.0,6,2,1.0
2601006,val,a42_43,3.3307605,4.845492,1.0,3,3,1.0,6,2,1.0
2608006,val,a42_43,2.782422,2.9372149,1.0,3,3,1.0,2,2,1.0
2615034,val,a42_43,3.1887913,3.4548087,1.0,3,3,1.0,2,2,1.0
2639004,val,a42_43,1.1586522,2.589703,1.0,2,3,1.0,2,4,1.0
2665177,val,a42_43,0.6279217,0.0,1.0,2,2,1.0,6,2,1.0
2672006,val,a42_43,3.220051,4.276182,1.0,3,3,1.0,6,2,1.0
2672171,val,a42_43,2.5710077,4.019886,1.0,3,3,1.0,2,4,1.0
2697003,val,a42_43,3.563497,3.3189862,1.0,3,3,1.0,2,2,1.0
2704031,val,a42_43,2.7602386,3.6725805,1.0,3,3,1.0,6,4,1.0
2705030,val,a42_43,3.2062356,4.6246047,1.0,3,3,1.0,2,4,1.0
2707007,val,a42_43,2.721246,0.0,1.0,3,3,1.0,2,2,1.0
2712172,val,a42_43,2.7371802,3.1996279,1.0,3,3,1.0,2,2,1.0
2731003,val,a42_43,2.5523052,3.6003644,1.0,3,3,1.0,6,6,1.0
2731005,val,a42_43,3.6095152,4.716656,1.0,3,3,1.0,6,6,1.0
2770031,val,a42_43,3.0663567,2.2437658,1.0,3,3,1.0,2,2,1.0
2816004,val,a42_43,0.6210886,3.2776077,1.0,2,3,1.0,2,2,1.0
2910002,val,a42_43,2.6273203,1.7300621,1.0,3,3,1.0,2,2,1.0
3062001,val,a42_43,3.3284576,2.110738,1.0,3,3,1.0,2,2,1.0
3235002,val,a42_43,2.4814873,3.3702624,1.0,3,3,1.0,2,3,1.0
3306001,val,a42_43,3.4827678,4.886779,1.0,3,3,1.0,2,3,1.0
5015030,val,a42_43,2.5965595,0.0,1.0,3,2,1.0,2,2,1.0
5048030,val,a42_43,2.4671316,2.967192,1.0,3,3,1.0,6,6,1.0
5052033,val,a42_43,2.241666,3.1251361,1.0,3,3,1.0,6,6,1.0
5057008,val,a42_43,0.5442946,3.3570445,1.0,2,3,1.0,6,6,1.0
5170009,val,a42_43,2.9820707,3.9032092,1.0,3,3,1.0,2,2,1.0
5230008,val,a42_43,2.863229,4.158148,1.0,3,3,1.0,2,3,1.0
5299010,val,a42_43,2.4337218,0.0,1.0,3,2,1.0,6,6,1.0
5336179,val,a42_43,3.04702,3.3871381,1.0,3,3,1.0,2,2,1.0
5364005,val,a42_43,2.9892402,4.009967,1.0,3,3,1.0,3,3,1.0
5379004,val,a42_43,3.386438,4.766838,1.0,3,3,1.0,4,4,1.0
5430173,val,a42_43,2.8266053,1.5333589,1.0,3,3,1.0,6,6,1.0
5488006,val,a42_43,2.9201367,3.8038778,1.0,3,3,1.0,6,6,1.0
5493007,val,a42_43,0.6926898,0.0,1.0,2,2,1.0,5,5,1.0
5537009,val,a42_43,2.6512802,3.0807095,1.0,3,3,1.0,2,2,1.0
5537177,val,a42_43,2.7818487,1.6738045,1.0,3,2,1.0,2,2,1.0
5537183,val,a42_43,3.2304602,3.7742858,1.0,3,3,1.0,2,2,1.0
5569010,val,a42_43,2.6276636,3.3445346,1.0,3,3,1.0,2,2,1.0
5600005,val,a42_43,2.4638362,0.0,1.0,3,2,1.0,6,2,1.0
5615183,val,a42_43,3.0074959,3.8142254,1.0,3,3,1.0,2,2,1.0
5749006,val,a42_43,2.731007,0.0,1.0,3,2,1.0,4,2,1.0
5822175,val,a42_43,3.021152,0.0,0.0,3,-1,0.0,2,-1,0.0
5832003,val,a42_43,2.774253,1.6818666,1.0,3,2,1.0,2,6,1.0
5872005,val,a42_43,0.57289076,0.0,1.0,2,2,1.0,6,6,1.0
5898005,val,a42_43,2.488237,3.3248508,1.0,3,3,1.0,6,2,1.0
5904033,val,a42_43,2.6901128,3.5165677,1.0,3,3,1.0,2,4,1.0
5987188,val,a42_43,2.8104143,3.0930045,1.0,3,3,1.0,2,2,1.0
6026005,val,a42_43,3.0987046,4.0232816,1.0,3,3,1.0,6,2,1.0
6026172,val,a42_43,3.037097,4.4520135,1.0,3,3,1.0,6,4,1.0
6054031,val,a42_43,3.6304905,0.0,1.0,3,2,1.0,6,6,1.0
6121033,val,a42_43,2.545525,0.0,0.0,3,-1,0.0,6,-1,0.0
6156008,val,a42_43,2.7962432,4.542774,1.0,3,3,1.0,6,6,1.0
6157003,val,a42_43,2.8893871,3.3940077,1.0,3,3,1.0,2,4,1.0
6210183,val,a42_43,2.592627,3.3445346,1.0,3,3,1.0,2,2,1.0
6262030,val,a42_43,3.1912622,4.125177,1.0,3,3,1.0,2,2,1.0
6368007,val,a42_43,2.4908528,0.0,1.0,3,2,1.0,6,6,1.0
6381181,val,a42_43,2.8387077,4.0755825,1.0,3,3,1.0,6,2,1.0
6396003,val,a42_43,2.720166,0.0,1.0,3,2,1.0,4,4,1.0
6431008,val,a42_43,2.9452446,4.776755,1.0,3,3,1.0,2,2,1.0
6475170,val,a42_43,2.4101198,3.0592763,1.0,3,3,1.0,6,6,1.0
6522004,val,a42_43,0.5741205,2.1584442,1.0,2,3,1.0,6,4,1.0
6537032,val,a42_43,2.7718225,2.9880683,1.0,3,3,1.0,2,2,1.0
6541178,val,a42_43,3.2513385,4.145609,1.0,3,3,1.0,2,2,1.0
6545006,val,a42_43,2.3011255,2.389911,1.0,3,3,1.0,2,4,1.0
6547171,val,a42_43,2.8563092,2.5756848,1.0,3,3,1.0,2,2,1.0
6571031,val,a42_43,3.0109377,3.8278039,1.0,3,3,1.0,2,3,1.0
6590008,val,a42_43,2.8560936,3.2681394,1.0,3,3,1.0,2,2,1.0
6616007,val,a42_43,2.60678,1.9724138,1.0,3,2,1.0,2,2,1.0
6649003,val,a42_43,2.4988072,3.4457722,1.0,3,3,1.0,6,2,1.0
6710030,val,a42_43,0.6916976,3.0664406,1.0,2,2,1.0,6,6,1.0
6745007,val,a42_43,2.6679275,3.2379806,1.0,3,3,1.0,6,6,1.0
6750005,val,a42_43,2.7771378,3.9043536,1.0,3,3,1.0,2,4,1.0
6765006,val,a42_43,0.72160685,3.0149915,1.0,2,3,1.0,2,2,1.0
6822176,val,a42_43,2.7263036,3.337991,1.0,3,3,1.0,2,4,1.0
4007,val,a44_45,2.8669748,4.058416,1.0,3,3,1.0,2,4,1.0
6174,val,a44_45,3.37667,4.491118,1.0,3,3,1.0,2,2,1.0
14004,val,a44_45,3.3278222,0.0,1.0,3,2,1.0,2,2,1.0
14172,val,a44_45,0.5483849,3.481501,1.0,2,3,1.0,2,2,1.0
14173,val,a44_45,3.0635064,3.718973,1.0,3,3,1.0,2,2,1.0
18031,val,a44_45,0.59925437,3.5790346,1.0,2,3,1.0,2,5,1.0
18185,val,a44_45,2.4182124,1.3926231,1.0,3,3,1.0,2,4,1.0
23031,val,a44_45,2.9212062,0.0,1.0,3,2,1.0,6,2,1.0
40173,val,a44_45,3.4050128,0.0,0.0,3,-1,0.0,2,-1,0.0
51171,val,a44_45,3.315915,3.9082706,1.0,3,3,1.0,2,2,1.0
84005,val,a44_45,3.257656,4.022493,1.0,3,3,1.0,6,6,1.0
121173,val,a44_45,3.131157,3.0124674,1.0,3,3,1.0,2,2,1.0
128004,val,a44_45,3.4447217,3.9815128,1.0,3,3,1.0,2,2,1.0
145170,val,a44_45,3.4217508,3.937253,1.0,3,3,1.0,2,2,1.0
161004,val,a44_45,3.2102168,3.0668867,1.0,3,3,1.0,6,4,1.0
172031,val,a44_45,3.2075534,3.4983218,1.0,3,3,1.0,2,2,1.0
174175,val,a44_45,2.47054,4.886779,1.0,3,3,1.0,2,2,1.0
221031,val,a44_45,3.6331525,3.8177946,1.0,3,3,1.0,2,2,1.0
223030,val,a44_45,3.4731677,3.5600863,1.0,3,3,1.0,2,2,1.0
227003,val,a44_45,4.0268264,3.9815128,1.0,3,3,1.0,6,2,1.0
257175,val,a44_45,3.0708375,0.48750186,1.0,3,3,1.0,2,2,1.0
263182,val,a44_45,3.3630939,3.4627783,1.0,3,3,1.0,2,2,1.0
321005,val,a44_45,2.4094443,2.99307,1.0,3,3,1.0,2,2,1.0
361175,val,a44_45,3.383073,2.3818378,1.0,3,2,1.0,4,2,1.0
377170,val,a44_45,3.2477489,4.2520056,1.0,3,3,1.0,2,2,1.0
450030,val,a44_45,3.6547494,3.9245687,1.0,3,3,1.0,6,6,1.0
465030,val,a44_45,3.1935496,3.8660583,1.0,3,3,1.0,4,2,1.0
478030,val,a44_45,2.5431046,3.486668,1.0,3,2,1.0,6,3,1.0
503031,val,a44_45,3.0344925,4.7228627,1.0,3,3,1.0,2,4,1.0
514172,val,a44_45,3.3805747,4.4358616,1.0,3,3,1.0,2,2,1.0
534030,val,a44_45,3.089789,3.402656,1.0,3,3,1.0,2,2,1.0
534171,val,a44_45,3.6017523,3.9701915,1.0,3,3,1.0,2,2,1.0
544170,val,a44_45,2.7588253,0.0,0.0,3,-1,0.0,2,-1,0.0
563193,val,a44_45,3.3106549,0.0,1.0,3,2,1.0,2,2,1.0
577174,val,a44_45,3.2919903,3.3248508,1.0,3,3,1.0,2,2,1.0
613006,val,a44_45,3.1830552,2.8015413,1.0,3,2,1.0,2,2,1.0
618170,val,a44_45,3.7355607,4.628189,1.0,3,3,1.0,2,2,1.0
631030,val,a44_45,3.0143402,4.1159654,1.0,3,3,1.0,2,4,1.0
633031,val,a44_45,2.8388407,3.6920335,1.0,3,3,1.0,6,2,1.0
652173,val,a44_45,2.9156742,3.671648,1.0,3,3,1.0,2,2,1.0
655172,val,a44_45,3.1565971,4.415885,1.0,3,3,1.0,2,2,1.0
656005,val,a44_45,2.739845,1.9453716,1.0,3,3,1.0,2,2,1.0
691171,val,a44_45,2.737843,2.8106601,1.0,3,3,1.0,2,4,1.0
738172,val,a44_45,2.4774427,4.459952,1.0,3,3,1.0,2,2,1.0
751030,val,a44_45,2.6077502,2.66215,1.0,3,3,1.0,2,4,1.0
762170,val,a44_45,3.7467084,4.343294,1.0,3,3,1.0,2,2,1.0
783171,val,a44_45,3.0797148,3.6628857,1.0,3,3,1.0,2,2,1.0
863007,val,a44_45,2.8419936,3.2183783,1.0,3,3,1.0,2,3,1.0
893170,val,a44_45,2.912979,0.0,1.0,3,2,1.0,2,2,1.0
894031,val,a44_45,3.0117486,3.4421458,1.0,3,3,1.0,2,2,1.0
898181,val,a44_45,2.5362992,1.5825812,1.0,3,3,1.0,2,2,1.0
899003,val,a44_45,3.7219489,3.4738846,1.0,3,3,1.0,4,2,1.0
916032,val,a44_45,2.526988,3.7278583,1.0,3,3,1.0,6,2,1.0
922005,val,a44_45,3.6425128,2.9191911,1.0,3,3,1.0,2,2,1.0
931172,val,a44_45,3.3812375,3.1937861,1.0,3,3,1.0,2,2,1.0
939032,val,a44_45,4.0645895,4.886779,1.0,3,3,1.0,2,2,1.0
958030,val,a44_45,3.1987996,3.161957,1.0,3,3,1.0,2,2,1.0
958173,val,a44_45,2.7994177,3.2852573,1.0,3,3,1.0,2,2,1.0
961005,val,a44_45,3.4969602,3.5486436,1.0,3,3,1.0,4,2,1.0
961030,val,a44_45,2.9889088,3.8178444,1.0,3,3,1.0,6,2,1.0
961175,val,a44_45,3.3775156,3.8142254,1.0,3,3,1.0,2,2,1.0
1051183,val,a44_45,3.5326977,3.8177946,1.0,3,3,1.0,2,2,1.0
1084005,val,a44_45,2.8827708,2.9441254,1.0,3,2,1.0,2,2,1.0
1089003,val,a44_45,2.8075533,3.3568435,1.0,3,3,1.0,2,2,1.0
1093003,val,a44_45,0.6218314,0.0,1.0,2,2,1.0,2,2,1.0
1107173,val,a44_45,2.5984852,0.0,1.0,3,2,1.0,2,4,1.0
1109174,val,a44_45,2.3574715,2.7272375,1.0,3,3,1.0,2,2,1.0
1121030,val,a44_45,3.262726,3.958687,1.0,3,3,1.0,2,2,1.0
1121175,val,a44_45,2.4800274,0.0,1.0,3,2,1.0,2,2,1.0
1125172,val,a44_45,2.8468966,2.6219666,1.0,3,3,1.0,2,2,1.0
1126030,val,a44_45,2.9646351,0.6136192,1.0,3,2,1.0,2,2,1.0
1126176,val,a44_45,3.1032188,0.0,0.0,3,-1,0.0,2,-1,0.0
1152180,val,a44_45,2.994552,3.4450095,1.0,3,3,1.0,2,2,1.0
1164004,val,a44_45,3.2968986,3.8595586,1.0,3,3,1.0,2,2,1.0
1184032,val,a44_45,3.2999628,3.948575,1.0,3,3,1.0,2,2,1.0
1184033,val,a44_45,2.6917267,2.7982898,1.0,3,3,1.0,6,4,1.0
1185003,val,a44_45,3.1867387,0.0,1.0,3,2,1.0,2,2,1.0
1222004,val,a44_45,2.5666397,3.388434,1.0,3,3,1.0,2,2,1.0
1222006,val,a44_45,3.3311672,2.0481088,1.0,3,3,1.0,2,2,1.0
1284170,val,a44_45,3.3562655,0.0,1.0,3,2,1.0,2,2,1.0
1292004,val,a44_45,2.8003807,1.4956659,1.0,3,2,1.0,2,4,1.0
1314172,val,a44_45,3.3103957,3.7518084,1.0,3,3,1.0,2,2,1.0
1332005,val,a44_45,4.329074,4.2493205,1.0,3,3,1.0,4,3,1.0
1335010,val,a44_45,3.110569,3.4333792,1.0,3,3,1.0,2,2,1.0
1338003,val,a44_45,3.0710409,3.4137402,1.0,3,3,1.0,6,2,1.0
1345006,val,a44_45,2.820516,2.9125555,1.0,3,3,1.0,2,2,1.0
1345007,val,a44_45,2.9882848,3.8308244,1.0,3,3,1.0,6,2,1.0
1346030,val,a44_45,3.242877,0.0,0.0,3,-1,0.0,6,-1,0.0
1391033,val,a44_45,3.4542742,4.3236156,1.0,3,3,1.0,6,4,1.0
1391175,val,a44_45,0.47767115,3.4613209,1.0,2,3,1.0,2,4,1.0
1394033,val,a44_45,2.5366242,0.0,1.0,3,2,1.0,6,4,1.0
1397005,val,a44_45,3.3538268,4.0859733,1.0,3,3,1.0,2,2,1.0
1397172,val,a44_45,2.3689127,3.100371,1.0,3,3,1.0,2,2,1.0
1426004,val,a44_45,2.2603695,3.223611,1.0,3,3,1.0,6,6,1.0
1434032,val,a44_45,2.7275217,2.1239266,1.0,3,3,1.0,2,2,1.0
1434170,val,a44_45,3.064581,3.4116857,1.0,3,3,1.0,2,2,1.0
1435005,val,a44_45,3.8553152,4.3006,1.0,3,3,1.0,6,2,1.0
1485171,val,a44_45,3.403975,3.121372,1.0,3,3,1.0,2,2,1.0
1520031,val,a44_45,3.8739555,3.9939451,1.0,3,2,1.0,4,2,1.0
1540005,val,a44_45,4.050022,2.9066825,1.0,3,3,1.0,6,2,1.0
1559003,val,a44_45,3.8792074,4.886779,1.0,3,3,1.0,2,2,1.0
1559170,val,a44_45,3.207318,2.2020712,1.0,3,3,1.0,2,2,1.0
1565180,val,a44_45,2.9549682,4.1940236,1.0,3,3,1.0,2,2,1.0
1579030,val,a44_45,3.4202232,3.1251361,1.0,3,3,1.0,2,3,1.0
1613007,val,a44_45,2.667036,2.5992112,1.0,3,3,1.0,2,2,1.0
1621171,val,a44_45,3.682238,4.706708,1.0,3,3,1.0,2,2,1.0
1644004,val,a44_45,3.1368933,3.1415145,1.0,3,3,1.0,2,2,1.0
1652031,val,a44_45,2.8996382,3.4925067,1.0,3,3,1.0,2,2,1.0
1682032,val,a44_45,3.2069805,3.9247546,1.0,3,3,1.0,6,2,1.0
1684173,val,a44_45,3.2502673,3.1698432,1.0,3,3,1.0,2,2,1.0
1687003,val,a44_45,3.2194197,3.295199,1.0,3,3,1.0,2,2,1.0
1690170,val,a44_45,2.5701783,3.8913128,1.0,3,3,1.0,2,2,1.0
1692030,val,a44_45,0.413033,0.0,1.0,2,2,1.0,2,2,1.0
1695034,val,a44_45,3.0008476,3.8376126,1.0,3,3,1.0,2,2,1.0
1701004,val,a44_45,2.7960436,4.343721,1.0,3,3,1.0,2,2,1.0
1721030,val,a44_45,3.9219403,2.8269699,1.0,3,2,1.0,4,2,1.0
1723005,val,a44_45,0.5128306,2.372633,1.0,2,3,1.0,2,2,1.0
1762030,val,a44_45,2.7417562,0.67576194,1.0,3,2,1.0,2,4,1.0
1762031,val,a44_45,3.3747458,3.8211,1.0,3,3,1.0,2,2,1.0
1762032,val,a44_45,2.5211554,2.5097702,1.0,3,3,1.0,2,4,1.0
1774170,val,a44_45,3.0427656,0.0,1.0,3,2,1.0,2,2,1.0
1774171,val,a44_45,3.0968802,3.608866,1.0,3,3,1.0,2,2,1.0
1784171,val,a44_45,3.6163614,4.0109563,1.0,3,3,1.0,2,2,1.0
1786191,val,a44_45,3.5360584,3.9470103,1.0,3,3,1.0,2,2,1.0
1787005,val,a44_45,3.7039459,3.7915301,1.0,3,3,1.0,4,2,1.0
1787174,val,a44_45,2.714535,0.0,0.0,3,-1,0.0,2,-1,0.0
1802003,val,a44_45,2.979382,3.7913468,1.0,3,2,1.0,2,4,1.0
1845170,val,a44_45,3.672978,3.5111582,1.0,3,3,1.0,2,2,1.0
1862171,val,a44_45,2.9405644,3.5587387,1.0,3,3,1.0,2,2,1.0
1898004,val,a44_45,3.2868094,4.41717,1.0,3,3,1.0,6,6,1.0
1911030,val,a44_45,3.3637223,0.0,1.0,3,2,1.0,4,2,1.0
1914003,val,a44_45,0.56507516,3.0497952,1.0,2,3,1.0,2,2,1.0
1919007,val,a44_45,3.8275218,4.4151845,1.0,3,3,1.0,2,4,1.0
1954003,val,a44_45,3.2757564,3.7009902,1.0,3,2,1.0,2,4,1.0
1959005,val,a44_45,3.7647786,4.886779,1.0,3,3,1.0,6,2,1.0
1964031,val,a44_45,2.76074,0.0,1.0,3,2,1.0,2,4,1.0
1972173,val,a44_45,0.57883203,2.7334437,1.0,2,3,1.0,2,3,1.0
1978030,val,a44_45,3.06431,3.4785342,1.0,3,3,1.0,2,2,1.0
2005030,val,a44_45,2.6811097,3.2576559,1.0,3,3,1.0,6,4,1.0
2011174,val,a44_45,2.6500497,3.363831,1.0,3,3,1.0,2,2,1.0
2023030,val,a44_45,3.666315,4.886779,1.0,3,3,1.0,6,6,1.0
2028030,val,a44_45,3.8469782,4.886779,1.0,3,3,1.0,4,4,1.0
2055003,val,a44_45,2.78304,3.6527476,1.0,3,3,1.0,2,2,1.0
2067005,val,a44_45,3.5190248,4.55367,1.0,3,3,1.0,2,2,1.0
2080170,val,a44_45,2.456792,2.564471,1.0,3,3,1.0,2,2,1.0
2106171,val,a44_45,0.58204246,0.0,1.0,2,2,1.0,2,2,1.0
2109002,val,a44_45,3.2414908,4.4351645,1.0,3,3,1.0,2,2,1.0
2129186,val,a44_45,3.0888054,3.486668,1.0,3,3,1.0,2,2,1.0
2181007,val,a44_45,0.6400099,2.0622702,1.0,2,3,1.0,6,6,1.0
2181030,val,a44_45,3.4569004,3.9479043,1.0,3,3,1.0,4,2,1.0
2243174,val,a44_45,3.2080848,3.3215134,1.0,3,3,1.0,2,2,1.0
2260173,val,a44_45,2.6539087,3.094222,1.0,3,2,1.0,2,2,1.0
2261030,val,a44_45,2.850877,3.2630742,1.0,3,3,1.0,2,2,1.0
2271171,val,a44_45,2.6130772,3.6277134,1.0,3,3,1.0,2,2,1.0
2282005,val,a44_45,3.007416,2.2020712,1.0,3,3,1.0,6,6,1.0
2302195,val,a44_45,0.4834404,0.0,1.0,2,2,1.0,2,6,1.0
2334031,val,a44_45,3.333122,4.167855,1.0,3,3,1.0,2,2,1.0
2341172,val,a44_45,2.786253,3.5905602,1.0,3,3,1.0,2,2,1.0
2354175,val,a44_45,3.1906989,3.4766757,1.0,3,3,1.0,6,2,1.0
2355004,val,a44_45,2.9628541,3.8594756,1.0,3,3,1.0,4,2,1.0
2391030,val,a44_45,3.454336,3.7593637,1.0,3,3,1.0,2,2,1.0
2397173,val,a44_45,0.49960208,3.5917382,1.0,2,3,1.0,2,3,1.0
2408170,val,a44_45,2.5476673,2.8284745,1.0,3,3,1.0,6,4,1.0
2425003,val,a44_45,2.800661,0.0,1.0,3,2,1.0,2,2,1.0
2432030,val,a44_45,0.85401285,2.2314599,1.0,2,3,1.0,4,4,1.0
2435172,val,a44_45,2.401946,0.0,1.0,3,2,1.0,2,2,1.0
2436174,val,a44_45,0.41689825,0.0,1.0,2,2,1.0,2,4,1.0
2436176,val,a44_45,0.3313923,3.174653,1.0,2,3,1.0,2,2,1.0
2441003,val,a44_45,2.457194,3.9449332,1.0,3,3,1.0,2,2,1.0
2441173,val,a44_45,3.1727943,4.1105485,1.0,3,3,1.0,2,2,1.0
2458031,val,a44_45,4.047394,4.886779,1.0,3,3,1.0,6,6,1.0
2461004,val,a44_45,0.42094445,0.0,1.0,2,2,1.0,2,2,1.0
2461030,val,a44_45,3.4095511,4.886779,1.0,3,3,1.0,2,2,1.0
2473004,val,a44_45,3.205964,4.1026144,1.0,3,3,1.0,2,2,1.0
2483030,val,a44_45,2.7143946,0.0,1.0,3,3,1.0,2,4,1.0
2503030,val,a44_45,3.3591998,3.3104484,1.0,3,3,1.0,6,2,1.0
2510005,val,a44_45,3.3944097,3.3073823,1.0,3,3,1.0,2,2,1.0
2525003,val,a44_45,3.558672,4.886779,1.0,3,3,1.0,2,2,1.0
2529030,val,a44_45,3.1993499,0.0,1.0,3,2,1.0,2,4,1.0
2529174,val,a44_45,2.8606367,4.0926714,1.0,3,3,1.0,2,2,1.0
2530003,val,a44_45,2.399808,0.0,1.0,3,2,1.0,2,2,1.0
2530004,val,a44_45,2.6995647,3.6657484,1.0,3,3,1.0,2,2,1.0
2569033,val,a44_45,2.5481904,3.3814466,1.0,3,3,1.0,6,2,1.0
2601006,val,a44_45,3.367104,0.0,1.0,3,2,1.0,6,2,1.0
2608006,val,a44_45,2.8168967,2.8357437,1.0,3,3,1.0,2,2,1.0
2615034,val,a44_45,3.1994028,3.5372634,1.0,3,3,1.0,2,2,1.0
2639004,val,a44_45,1.1598247,0.0,0.0,2,-1,0.0,2,-1,0.0
2665177,val,a44_45,0.5934062,0.0,1.0,2,2,1.0,6,2,1.0
2672006,val,a44_45,3.2485907,4.573825,1.0,3,3,1.0,6,5,1.0
2672171,val,a44_45,2.6137605,3.6641996,1.0,3,3,1.0,2,4,1.0
2697003,val,a44_45,3.6103334,3.3045707,1.0,3,3,1.0,2,2,1.0
2704031,val,a44_45,2.7635548,3.7778184,1.0,3,3,1.0,6,4,1.0
2705030,val,a44_45,3.2390761,4.633699,1.0,3,3,1.0,2,4,1.0
2707007,val,a44_45,2.7544088,2.4932044,1.0,3,3,1.0,2,2,1.0
2712172,val,a44_45,2.7789454,3.188211,1.0,3,3,1.0,2,2,1.0
2731003,val,a44_45,2.551146,3.858834,1.0,3,3,1.0,6,6,1.0
2731005,val,a44_45,3.629355,4.6893663,1.0,3,3,1.0,6,6,1.0
2770031,val,a44_45,3.0931735,2.47013,1.0,3,3,1.0,2,2,1.0
2816004,val,a44_45,0.6014688,3.3207881,1.0,2,3,1.0,2,2,1.0
2910002,val,a44_45,2.6534593,3.7874484,1.0,3,3,1.0,2,2,1.0
3062001,val,a44_45,3.3615465,2.2482457,1.0,3,3,1.0,2,3,1.0
3235002,val,a44_45,2.508952,3.4900744,1.0,3,3,1.0,2,4,1.0
3306001,val,a44_45,3.5050373,4.886779,1.0,3,3,1.0,2,4,1.0
5015030,val,a44_45,2.6493964,0.0,1.0,3,2,1.0,2,2,1.0
5048030,val,a44_45,2.4787483,3.156508,1.0,3,3,1.0,6,6,1.0
5052033,val,a44_45,2.2511628,2.6440241,1.0,3,3,1.0,6,6,1.0
5057008,val,a44_45,0.50825953,3.627258,1.0,2,3,1.0,6,6,1.0
5170009,val,a44_45,2.994472,4.047763,1.0,3,3,1.0,2,2,1.0
5230008,val,a44_45,2.888702,4.175959,1.0,3,3,1.0,2,3,1.0
5299010,val,a44_45,2.451721,0.0,1.0,3,2,1.0,6,6,1.0
5336179,val,a44_45,3.090916,3.3914385,1.0,3,3,1.0,2,2,1.0
5364005,val,a44_45,3.0222495,3.7940028,1.0,3,3,1.0,3,2,1.0
5379004,val,a44_45,3.450817,4.5817747,1.0,3,3,1.0,4,4,1.0
5430173,val,a44_45,2.8457682,1.9704351,1.0,3,3,1.0,6,6,1.0
5488006,val,a44_45,2.9197125,3.982054,1.0,3,3,1.0,6,6,1.0
5493007,val,a44_45,0.68272674,0.0,1.0,2,2,1.0,5,5,1.0
5537009,val,a44_45,2.6872995,2.8186514,1.0,3,3,1.0,2,2,1.0
5537177,val,a44_45,2.858016,1.8782891,1.0,3,2,1.0,2,2,1.0
5537183,val,a44_45,3.259336,4.192416,1.0,3,3,1.0,2,2,1.0
5569010,val,a44_45,2.650878,1.5302846,1.0,3,3,1.0,2,2,1.0
5600005,val,a44_45,2.5013738,0.0,1.0,3,2,1.0,6,2,1.0
5615183,val,a44_45,3.053588,3.0865474,1.0,3,3,1.0,2,2,1.0
5749006,val,a44_45,2.803929,1.0628753,1.0,3,3,1.0,4,2,1.0
5822175,val,a44_45,3.065357,3.553619,1.0,3,3,1.0,2,2,1.0
5832003,val,a44_45,2.8036156,3.2903967,1.0,3,2,1.0,2,6,1.0
5872005,val,a44_45,0.5367614,0.0,1.0,2,2,1.0,6,6,1.0
5898005,val,a44_45,2.5173998,3.433667,1.0,3,3,1.0,6,2,1.0
5904033,val,a44_45,2.7273445,3.4421458,1.0,3,3,1.0,2,4,1.0
5987188,val,a44_45,2.8447585,3.0497952,1.0,3,3,1.0,2,2,1.0
6026005,val,a44_45,3.1160953,3.9234436,1.0,3,2,1.0,6,2,1.0
6026172,val,a44_45,3.044042,4.6887918,1.0,3,3,1.0,6,4,1.0
6054031,val,a44_45,3.6682749,0.0,1.0,3,2,1.0,6,6,1.0
6121033,val,a44_45,2.567036,0.0,1.0,3,2,1.0,6,6,1.0
6156008,val,a44_45,2.794644,3.9220536,1.0,3,3,1.0,6,6,1.0
6157003,val,a44_45,2.9261613,3.3523545,1.0,3,3,1.0,2,4,1.0
6210183,val,a44_45,2.6295493,3.3465555,1.0,3,3,1.0,2,2,1.0
6262030,val,a44_45,3.223268,4.0141034,1.0,3,3,1.0,2,2,1.0
6368007,val,a44_45,2.514788,0.0,1.0,3,2,1.0,6,6,1.0
6381181,val,a44_45,2.8394141,4.2348075,1.0,3,3,1.0,6,2,1.0
6396003,val,a44_45,2.7970195,0.0,1.0,3,2,1.0,4,4,1.0
6431008,val,a44_45,2.9851935,4.2303786,1.0,3,3,1.0,2,2,1.0
6475170,val,a44_45,2.425368,3.4794178,1.0,3,3,1.0,6,6,1.0
6522004,val,a44_45,0.5425687,1.8124303,1.0,2,3,1.0,6,4,1.0
6537032,val,a44_45,2.8094707,3.8368883,1.0,3,3,1.0,2,2,1.0
6541178,val,a44_45,3.272931,4.2320933,1.0,3,3,1.0,2,3,1.0
6545006,val,a44_45,2.3432343,3.1106615,1.0,3,3,1.0,2,4,1.0
6547171,val,a44_45,2.8893805,1.8387105,1.0,3,3,1.0,2,2,1.0
6571031,val,a44_45,3.05229,0.0,1.0,3,2,1.0,2,2,1.0
6590008,val,a44_45,2.8910463,3.5488956,1.0,3,3,1.0,2,2,1.0
6616007,val,a44_45,2.6434865,3.2707531,1.0,3,3,1.0,2,4,1.0
6649003,val,a44_45,2.5214121,3.4194636,1.0,3,3,1.0,6,2,1.0
6710030,val,a44_45,0.6498867,3.5064607,1.0,2,3,1.0,6,6,1.0
6745007,val,a44_45,2.6779854,2.6745934,1.0,3,3,1.0,6,6,1.0
6750005,val,a44_45,2.8212314,3.3510303,1.0,3,3,1.0,2,4,1.0
6765006,val,a44_45,0.70760906,3.0664406,1.0,2,3,1.0,2,2,1.0
6822176,val,a44_45,2.7441745,3.3265107,1.0,3,3,1.0,2,4,1.0
6828003,val,a30_31,0.84799016,0.00086969405,1.0,2,3,1.0,2,2,1.0
6872003,val,a30_31,2.835432,3.403978,1.0,3,3,1.0,6,2,1.0
6828003,val,a32_33,0.8226434,0.0,1.0,2,2,1.0,2,2,1.0
6872003,val,a32_33,2.8594635,3.5754573,1.0,3,3,1.0,6,2,1.0
6828003,val,a34_35,0.8158642,2.461633,1.0,2,3,1.0,2,2,1.0
6872003,val,a34_35,2.8252797,3.5162253,1.0,3,3,1.0,6,2,1.0
6828003,val,a36_37,0.80982816,0.0,1.0,2,2,1.0,2,2,1.0
6872003,val,a36_37,2.7943106,3.5643752,1.0,3,3,1.0,6,2,1.0
6828003,val,a38_39,0.80973244,0.0,1.0,2,3,1.0,2,2,1.0
6872003,val,a38_39,2.7179615,3.3542435,1.0,3,3,1.0,6,2,1.0
6828003,val,a40_41,0.73748064,0.29730862,1.0,2,2,1.0,2,2,1.0
6872003,val,a40_41,2.6399975,3.611991,1.0,3,3,1.0,6,2,1.0
6828003,val,a42_43,0.6931375,0.0,1.0,2,2,1.0,2,2,1.0
6872003,val,a42_43,2.5727077,3.393006,1.0,3,3,1.0,6,2,1.0
6828003,val,a44_45,0.67739165,0.0,1.0,2,2,1.0,2,2,1.0
6872003,val,a44_45,2.5798633,3.4513288,1.0,3,3,1.0,6,2,1.0
6030,test,a30_31,3.7307768,4.0443435,1.0,3,3,1.0,2,2,1.0
10030,test,a30_31,4.053522,4.8131404,1.0,3,3,1.0,6,6,1.0
41008,test,a30_31,2.4236794,0.0,1.0,3,2,1.0,2,2,1.0
68003,test,a30_31,3.497285,3.6228404,1.0,3,3,1.0,2,2,1.0
127030,test,a30_31,3.616335,3.8933127,1.0,3,3,1.0,6,6,1.0
127031,test,a30_31,3.9479835,4.455336,1.0,3,3,1.0,6,6,1.0
129031,test,a30_31,0.98480225,1.159328,1.0,2,3,1.0,6,4,1.0
129196,test,a30_31,2.5005238,2.0602975,1.0,3,2,1.0,2,2,1.0
165030,test,a30_31,3.5018826,3.431768,1.0,3,3,1.0,6,2,1.0
284004,test,a30_31,4.083923,4.6835566,1.0,3,3,1.0,2,2,1.0
301032,test,a30_31,4.046623,3.5725698,1.0,3,3,1.0,6,6,1.0
327003,test,a30_31,3.3166153,3.4121542,1.0,3,3,1.0,2,2,1.0
327171,test,a30_31,3.5690308,3.8332024,1.0,3,2,1.0,2,2,1.0
327172,test,a30_31,2.5694592,3.2615511,1.0,3,3,1.0,2,2,1.0
331005,test,a30_31,4.257077,4.5540724,1.0,3,3,1.0,6,6,1.0
344178,test,a30_31,2.9314451,3.154086,1.0,3,3,1.0,2,2,1.0
461030,test,a30_31,3.6266303,3.7856972,1.0,3,3,1.0,2,2,1.0
486004,test,a30_31,3.4226246,3.5620697,1.0,3,3,1.0,2,2,1.0
563183,test,a30_31,0.4857967,2.9157038,1.0,2,3,1.0,2,2,1.0
577004,test,a30_31,2.4962935,2.3891363,1.0,3,3,1.0,2,2,1.0
607030,test,a30_31,3.6950881,3.7182508,1.0,3,3,1.0,2,2,1.0
613173,test,a30_31,3.6415954,4.11935,1.0,3,3,1.0,2,2,1.0
634008,test,a30_31,3.697506,3.9311678,1.0,3,3,1.0,4,4,1.0
652005,test,a30_31,3.0781548,3.0010586,1.0,3,3,1.0,2,2,1.0
672003,test,a30_31,0.47807384,0.0,1.0,2,2,1.0,2,2,1.0
691175,test,a30_31,3.6236253,3.7946298,1.0,3,3,1.0,2,2,1.0
699031,test,a30_31,1.8423877,3.1676114,1.0,3,3,1.0,6,6,1.0
722178,test,a30_31,0.51477826,0.0,1.0,2,2,1.0,2,2,1.0
771003,test,a30_31,3.1593378,3.0751624,1.0,3,3,1.0,4,4,1.0
775005,test,a30_31,3.470474,0.0,0.0,3,-1,0.0,6,-1,0.0
796006,test,a30_31,3.4512203,3.7020767,1.0,3,3,1.0,6,6,1.0
844003,test,a30_31,2.488301,3.4397702,1.0,3,3,1.0,2,2,1.0
863006,test,a30_31,3.4300766,3.8158545,1.0,3,3,1.0,2,2,1.0
863173,test,a30_31,3.540012,2.555125,1.0,3,3,1.0,2,2,1.0
866172,test,a30_31,2.8605323,3.027694,1.0,3,3,1.0,6,6,1.0
868005,test,a30_31,3.5030682,3.5248713,1.0,3,3,1.0,2,2,1.0
875030,test,a30_31,0.79522586,0.0,1.0,2,2,1.0,2,2,1.0
897006,test,a30_31,2.8245559,2.2707846,1.0,3,2,1.0,2,2,1.0
922171,test,a30_31,3.213584,3.9658422,1.0,3,3,1.0,2,2,1.0
934030,test,a30_31,3.673723,4.0753117,1.0,3,3,1.0,2,2,1.0
935005,test,a30_31,1.8273098,2.53768,1.0,3,2,1.0,2,2,1.0
935176,test,a30_31,3.5154629,3.4484873,1.0,3,3,1.0,2,2,1.0
939030,test,a30_31,3.952177,4.0583153,1.0,3,3,1.0,6,6,1.0
964003,test,a30_31,0.7938404,0.0,1.0,2,2,1.0,6,6,1.0
970004,test,a30_31,3.587696,3.7108538,1.0,3,3,1.0,2,2,1.0
982004,test,a30_31,3.059845,3.2337272,1.0,3,3,1.0,2,4,1.0
1033030,test,a30_31,3.3332717,3.9603353,1.0,3,3,1.0,2,3,1.0
1036003,test,a30_31,3.9220607,3.820191,1.0,3,3,1.0,4,4,1.0
1048006,test,a30_31,2.5971131,2.5494602,1.0,3,2,1.0,2,3,1.0
1055172,test,a30_31,1.7220739,1.5379702,1.0,3,2,1.0,2,2,1.0
1060175,test,a30_31,3.22819,3.8012211,1.0,3,3,1.0,2,2,1.0
1064171,test,a30_31,3.7755823,4.467433,1.0,3,3,1.0,2,2,1.0
1072171,test,a30_31,3.4924085,3.5926886,1.0,3,3,1.0,2,2,1.0
1084175,test,a30_31,1.9868798,0.0,1.0,3,2,1.0,2,2,1.0
1100172,test,a30_31,2.9130323,3.2967014,1.0,3,3,1.0,2,2,1.0
1141171,test,a30_31,2.3230863,0.0,0.0,3,-1,0.0,2,-1,0.0
1142030,test,a30_31,3.5765648,3.07714,1.0,3,3,1.0,2,4,1.0
1144032,test,a30_31,3.5348709,3.5717494,1.0,3,3,1.0,2,2,1.0
1149171,test,a30_31,3.0766768,3.076803,1.0,3,3,1.0,6,2,1.0
1162030,test,a30_31,3.0480247,3.1995935,1.0,3,3,1.0,2,2,1.0
1167030,test,a30_31,0.75989854,0.42005378,1.0,2,2,1.0,6,6,1.0
1168008,test,a30_31,1.5720115,3.0341482,1.0,3,3,1.0,3,3,1.0
1222179,test,a30_31,2.451371,1.9917881,1.0,3,3,1.0,2,2,1.0
1260008,test,a30_31,2.9139256,2.880258,1.0,3,3,1.0,2,2,1.0
1269030,test,a30_31,3.3200629,3.6963296,1.0,3,3,1.0,2,2,1.0
1292030,test,a30_31,3.4846756,3.4003475,1.0,3,3,1.0,4,2,1.0
1298005,test,a30_31,2.4223602,3.193401,1.0,3,3,1.0,2,2,1.0
1306030,test,a30_31,4.41562,4.886779,1.0,3,3,1.0,2,2,1.0
1335179,test,a30_31,2.524857,3.4640977,1.0,3,3,1.0,2,2,1.0
1353030,test,a30_31,1.078912,0.0,1.0,3,2,1.0,2,2,1.0
1384030,test,a30_31,3.334174,3.5397089,1.0,3,3,1.0,2,2,1.0
1399008,test,a30_31,1.7435489,2.1851575,1.0,3,2,1.0,2,2,1.0
1415004,test,a30_31,2.3369677,2.707386,1.0,3,3,1.0,2,2,1.0
1430005,test,a30_31,1.9799058,1.2974701,1.0,3,3,1.0,6,6,1.0
1431003,test,a30_31,3.8388631,3.7720938,1.0,3,3,1.0,2,2,1.0
1431004,test,a30_31,2.589624,0.0,1.0,3,2,1.0,2,2,1.0
1431172,test,a30_31,3.8648298,0.0,0.0,3,-1,0.0,2,-1,0.0
1462004,test,a30_31,2.0255735,3.4702528,1.0,3,3,1.0,2,2,1.0
1520173,test,a30_31,3.410287,3.549721,1.0,3,3,1.0,2,2,1.0
1522175,test,a30_31,3.477839,3.9098516,1.0,3,3,1.0,2,2,1.0
1542006,test,a30_31,3.1250973,3.2926252,1.0,3,3,1.0,3,4,1.0
1542177,test,a30_31,3.6788006,3.6178148,1.0,3,2,1.0,2,2,1.0
1567031,test,a30_31,3.4470992,3.6645775,1.0,3,3,1.0,6,6,1.0
1608031,test,a30_31,3.045623,3.3391688,1.0,3,2,1.0,2,2,1.0
1612003,test,a30_31,3.7039304,4.0829945,1.0,3,2,1.0,2,2,1.0
1621003,test,a30_31,1.4708004,2.1435423,1.0,3,3,1.0,2,2,1.0
1648003,test,a30_31,3.3979135,3.0544064,1.0,3,3,1.0,2,2,1.0
1648030,test,a30_31,3.1465979,3.8708656,1.0,3,3,1.0,6,6,1.0
1670172,test,a30_31,2.9841337,2.5325868,1.0,3,3,1.0,2,2,1.0
1684170,test,a30_31,0.4304762,0.0,1.0,2,3,1.0,2,2,1.0
1690030,test,a30_31,3.6478035,3.814594,1.0,3,3,1.0,2,2,1.0
1692176,test,a30_31,3.3068137,3.7050061,1.0,3,3,1.0,2,2,1.0
1695030,test,a30_31,3.0475516,3.3822985,1.0,3,3,1.0,6,6,1.0
1697036,test,a30_31,3.3730655,3.1997752,1.0,3,3,1.0,6,2,1.0
1698170,test,a30_31,2.544745,1.3173809,1.0,3,2,1.0,2,2,1.0
1700031,test,a30_31,3.1419945,3.2681394,1.0,3,3,1.0,4,4,1.0
1701003,test,a30_31,3.5981412,3.1641855,1.0,3,3,1.0,6,6,1.0
1711003,test,a30_31,1.8437436,3.0908527,1.0,3,3,1.0,2,2,1.0
1711171,test,a30_31,3.2139888,3.6934254,1.0,3,2,1.0,2,2,1.0
1732005,test,a30_31,2.6384993,0.0,0.0,3,-1,0.0,6,-1,0.0
1762187,test,a30_31,2.102998,1.8384329,1.0,3,3,1.0,4,2,1.0
1786187,test,a30_31,3.0720172,3.2494287,1.0,3,3,1.0,2,2,1.0
1837006,test,a30_31,3.3809955,3.500706,1.0,3,3,1.0,2,2,1.0
1850172,test,a30_31,1.6854055,2.0709207,1.0,3,3,1.0,2,2,1.0
1878030,test,a30_31,3.0417979,3.2616544,1.0,3,3,1.0,2,2,1.0
1879030,test,a30_31,3.2227128,4.1256022,1.0,3,3,1.0,2,3,1.0
1905004,test,a30_31,3.7015564,3.9012198,1.0,3,3,1.0,4,2,1.0
1919009,test,a30_31,3.421592,3.3816369,1.0,3,3,1.0,2,2,1.0
1935004,test,a30_31,2.6409006,0.0,1.0,3,2,1.0,2,2,1.0
1936030,test,a30_31,1.9220533,0.0,1.0,3,2,1.0,2,2,1.0
1978171,test,a30_31,2.5235114,2.4012594,1.0,3,3,1.0,2,2,1.0
2030031,test,a30_31,2.7578726,0.0,1.0,3,3,1.0,6,2,1.0
2117003,test,a30_31,3.0009723,2.8032591,1.0,3,3,1.0,2,2,1.0
2150172,test,a30_31,1.5747787,1.6647161,1.0,3,2,1.0,2,2,1.0
2199182,test,a30_31,2.4119184,3.7839584,1.0,3,3,1.0,2,2,1.0
2206030,test,a30_31,3.8765583,3.820771,1.0,3,3,1.0,4,2,1.0
2212031,test,a30_31,4.3701124,4.352703,1.0,3,3,1.0,6,6,1.0
2238004,test,a30_31,3.3346853,3.473372,1.0,3,3,1.0,2,2,1.0
2238172,test,a30_31,3.248106,3.6698914,1.0,3,3,1.0,2,2,1.0
2252172,test,a30_31,2.9028816,2.392142,1.0,3,3,1.0,2,2,1.0
2255030,test,a30_31,4.3827353,4.8865457,1.0,3,3,1.0,2,2,1.0
2277008,test,a30_31,2.5637586,2.4704232,1.0,3,3,1.0,2,2,1.0
2311172,test,a30_31,1.567316,1.7819266,1.0,3,3,1.0,2,3,1.0
2330003,test,a30_31,3.862875,4.546308,1.0,3,3,1.0,6,6,1.0
2338003,test,a30_31,3.4442642,3.5962741,1.0,3,3,1.0,6,6,1.0
2341004,test,a30_31,2.8664148,3.6550374,1.0,3,3,1.0,2,2,1.0
2341005,test,a30_31,2.714712,2.985549,1.0,3,3,1.0,2,2,1.0
2354004,test,a30_31,1.6223068,2.6002262,1.0,3,3,1.0,2,3,1.0
2392004,test,a30_31,2.1772778,2.486088,1.0,3,3,1.0,2,2,1.0
2393005,test,a30_31,3.998001,3.8599086,1.0,3,3,1.0,4,3,1.0
2393171,test,a30_31,2.6228325,3.2835505,1.0,3,3,1.0,2,2,1.0
2409006,test,a30_31,2.3592231,0.0,0.0,3,-1,0.0,2,-1,0.0
2409171,test,a30_31,2.9308014,0.0,0.0,3,-1,0.0,2,-1,0.0
2422178,test,a30_31,3.4795737,3.3685656,1.0,3,3,1.0,2,2,1.0
2459030,test,a30_31,3.1058545,3.289887,1.0,3,3,1.0,2,2,1.0
2474030,test,a30_31,3.2883534,3.5847976,1.0,3,3,1.0,2,2,1.0
2474171,test,a30_31,2.2207363,1.9812955,1.0,3,3,1.0,2,2,1.0
2485173,test,a30_31,3.1441052,1.3737665,1.0,3,2,1.0,4,4,1.0
2496172,test,a30_31,1.9604592,2.6033032,1.0,3,3,1.0,4,4,1.0
2502005,test,a30_31,3.0165598,3.0639424,1.0,3,3,1.0,2,2,1.0
2510171,test,a30_31,3.2371526,3.45875,1.0,3,3,1.0,2,2,1.0
2525174,test,a30_31,3.1282263,3.576559,1.0,3,3,1.0,2,2,1.0
2530184,test,a30_31,2.6855254,2.8265765,1.0,3,3,1.0,2,2,1.0
2547171,test,a30_31,3.717835,3.964761,1.0,3,3,1.0,2,2,1.0
2580030,test,a30_31,4.3313885,4.73331,1.0,3,3,1.0,2,2,1.0
2593171,test,a30_31,3.6249459,4.1230373,1.0,3,3,1.0,2,2,1.0
2615031,test,a30_31,3.4167788,3.6966453,1.0,3,3,1.0,2,2,1.0
2642030,test,a30_31,2.6626844,2.6918542,1.0,3,3,1.0,2,2,1.0
2655002,test,a30_31,0.76411045,0.0,1.0,2,2,1.0,2,2,1.0
2705031,test,a30_31,3.6759863,3.0183833,1.0,3,3,1.0,2,2,1.0
2707179,test,a30_31,2.9032283,2.888504,1.0,3,3,1.0,2,2,1.0
2714031,test,a30_31,3.4125104,3.2921891,1.0,3,3,1.0,2,2,1.0
2717004,test,a30_31,3.6766174,4.0724216,1.0,3,3,1.0,2,2,1.0
2738171,test,a30_31,3.7348633,4.41911,1.0,3,3,1.0,2,2,1.0
2794003,test,a30_31,3.6553164,4.088578,1.0,3,3,1.0,6,6,1.0
2845030,test,a30_31,2.812786,0.80540437,1.0,3,3,1.0,6,6,1.0
2847030,test,a30_31,3.0405316,3.2781074,1.0,3,3,1.0,4,6,1.0
2848174,test,a30_31,1.5517241,0.0,1.0,3,2,1.0,6,6,1.0
2852006,test,a30_31,0.80348253,0.0,1.0,2,2,1.0,2,2,1.0
2852030,test,a30_31,3.1781666,3.1400328,1.0,3,3,1.0,2,2,1.0
2869170,test,a30_31,3.2104232,3.318679,1.0,3,3,1.0,2,2,1.0
2897006,test,a30_31,3.0055552,2.5091708,1.0,3,3,1.0,6,6,1.0
2900171,test,a30_31,3.725811,1.9216049,1.0,3,3,1.0,2,2,1.0
2907006,test,a30_31,2.8089383,2.6151106,1.0,3,3,1.0,2,2,1.0
2920030,test,a30_31,2.9453387,2.973692,1.0,3,3,1.0,6,6,1.0
3107001,test,a30_31,3.2739463,3.501158,1.0,3,3,1.0,2,2,1.0
3137007,test,a30_31,2.4433753,2.5756848,1.0,3,3,1.0,6,6,1.0
3283002,test,a30_31,3.8757286,4.300126,1.0,3,3,1.0,4,4,1.0
3492001,test,a30_31,3.4726844,4.1655335,1.0,3,3,1.0,6,6,1.0
5016170,test,a30_31,2.9702857,2.9827757,1.0,3,3,1.0,4,4,1.0
5082003,test,a30_31,3.6394105,3.590824,1.0,3,3,1.0,6,2,1.0
5145032,test,a30_31,3.3699088,3.6708767,1.0,3,3,1.0,6,6,1.0
5163030,test,a30_31,3.0675445,3.7953534,1.0,3,3,1.0,2,3,1.0
5177171,test,a30_31,1.5925124,0.0,1.0,3,2,1.0,6,6,1.0
5199178,test,a30_31,2.8881142,3.0284073,1.0,3,3,1.0,2,2,1.0
5241030,test,a30_31,2.605347,3.463671,1.0,3,3,1.0,6,6,1.0
5264004,test,a30_31,3.3285985,3.254645,1.0,3,3,1.0,2,2,1.0
5294003,test,a30_31,3.568931,3.6888347,1.0,3,3,1.0,2,2,1.0
5299172,test,a30_31,2.817698,0.0,0.0,3,-1,0.0,2,-1,0.0
5306002,test,a30_31,2.4492807,1.5553043,1.0,3,2,1.0,6,6,1.0
5350030,test,a30_31,2.7398465,1.5019395,1.0,3,3,1.0,4,6,1.0
5364006,test,a30_31,3.504926,4.02594,1.0,3,3,1.0,6,6,1.0
5366033,test,a30_31,3.0379515,3.2203383,1.0,3,2,1.0,6,6,1.0
5406173,test,a30_31,2.8855653,0.0,0.0,3,-1,0.0,2,-1,0.0
5424030,test,a30_31,1.8595096,1.9499075,1.0,3,2,1.0,6,6,1.0
5425003,test,a30_31,1.0763813,0.52543235,1.0,2,3,1.0,2,2,1.0
5430031,test,a30_31,1.5834538,2.1480308,1.0,3,2,1.0,6,6,1.0
5430171,test,a30_31,2.7494736,3.769422,1.0,3,3,1.0,6,6,1.0
5443007,test,a30_31,1.3726131,0.43289578,1.0,3,2,1.0,2,2,1.0
5464032,test,a30_31,2.7842464,2.712402,1.0,3,2,1.0,3,2,1.0
5488007,test,a30_31,2.5688162,2.4527671,1.0,3,2,1.0,2,2,1.0
5494005,test,a30_31,2.6572182,2.5930448,1.0,3,3,1.0,6,6,1.0
5513030,test,a30_31,3.1224766,3.6436281,1.0,3,3,1.0,6,6,1.0
5549006,test,a30_31,2.5400076,2.3896143,1.0,3,3,1.0,2,2,1.0
5553173,test,a30_31,3.386631,3.5880518,1.0,3,3,1.0,2,2,1.0
5560186,test,a30_31,3.2297192,3.2274153,1.0,3,3,1.0,2,2,1.0
5569009,test,a30_31,2.8919258,1.642214,1.0,3,2,1.0,2,2,1.0
5570010,test,a30_31,3.17061,3.5521383,1.0,3,3,1.0,3,4,1.0
5570012,test,a30_31,2.98214,2.5876174,1.0,3,3,1.0,2,6,1.0
5570033,test,a30_31,3.3161554,2.8641582,1.0,3,3,1.0,2,2,1.0
5576031,test,a30_31,2.786423,3.016735,1.0,3,3,1.0,4,2,1.0
5614005,test,a30_31,2.783772,2.6726115,1.0,3,3,1.0,3,3,1.0
5615010,test,a30_31,3.1754084,3.1390646,1.0,3,3,1.0,6,2,1.0
5615181,test,a30_31,3.2991772,3.3987124,1.0,3,3,1.0,2,2,1.0
5621170,test,a30_31,2.9661963,3.0994895,1.0,3,3,1.0,2,2,1.0
5626010,test,a30_31,2.9736717,2.9399865,1.0,3,3,1.0,2,2,1.0
5634188,test,a30_31,3.262799,0.0,0.0,3,-1,0.0,2,-1,0.0
5635031,test,a30_31,2.9261336,2.960809,1.0,3,3,1.0,2,2,1.0
5646006,test,a30_31,0.81651294,0.5639118,1.0,2,3,1.0,6,6,1.0
5660005,test,a30_31,3.0572276,3.541386,1.0,3,3,1.0,3,3,1.0
5664003,test,a30_31,0.87062013,0.10998343,1.0,2,2,1.0,6,6,1.0
5676007,test,a30_31,2.9617264,0.0,0.0,3,-1,0.0,2,-1,0.0
5678030,test,a30_31,2.103883,2.8913167,1.0,3,2,1.0,6,6,1.0
5684034,test,a30_31,3.7902212,4.3079896,1.0,3,3,1.0,2,4,1.0
5784005,test,a30_31,0.665853,0.0,1.0,2,2,1.0,6,6,1.0
5819005,test,a30_31,1.0770043,1.0981487,1.0,2,3,1.0,6,6,1.0
5821008,test,a30_31,2.9477255,3.01234,1.0,3,3,1.0,2,2,1.0
5863033,test,a30_31,0.8243886,1.3019751,1.0,2,3,1.0,6,6,1.0
5921003,test,a30_31,2.4981818,0.0,0.0,3,-1,0.0,6,-1,0.0
5922010,test,a30_31,3.0374222,2.721544,1.0,3,3,1.0,6,6,1.0
5938031,test,a30_31,2.1893759,0.0,1.0,3,2,1.0,6,6,1.0
5960033,test,a30_31,2.7862177,2.5757463,1.0,3,3,1.0,6,6,1.0
5995005,test,a30_31,1.0663322,0.31933862,1.0,2,2,1.0,6,6,1.0
6028032,test,a30_31,2.2923157,2.8981428,1.0,3,3,1.0,6,6,1.0
6030005,test,a30_31,3.4569857,3.7041867,1.0,3,3,1.0,6,6,1.0
6030008,test,a30_31,3.2694159,3.6057901,1.0,3,3,1.0,6,6,1.0
6093006,test,a30_31,0.5995921,2.0916247,1.0,2,3,1.0,6,6,1.0
6093011,test,a30_31,2.30616,1.3332126,1.0,3,3,1.0,6,6,1.0
6114182,test,a30_31,2.6754074,2.5692537,1.0,3,3,1.0,3,3,1.0
6120195,test,a30_31,0.95423627,0.0,1.0,2,2,1.0,2,2,1.0
6121030,test,a30_31,3.1820607,3.769311,1.0,3,3,1.0,6,6,1.0
6179003,test,a30_31,3.308959,3.361893,1.0,3,3,1.0,2,2,1.0
6179170,test,a30_31,0.6961757,0.0,1.0,2,2,1.0,2,2,1.0
6191006,test,a30_31,2.9542928,3.2669687,1.0,3,3,1.0,3,4,1.0
6200175,test,a30_31,3.4839115,3.180232,1.0,3,3,1.0,2,2,1.0
6210007,test,a30_31,3.3421402,0.0,0.0,3,-1,0.0,6,-1,0.0
6210008,test,a30_31,2.4174588,1.7660555,1.0,3,3,1.0,6,6,1.0
6350007,test,a30_31,2.6592207,2.5048919,1.0,3,3,1.0,6,6,1.0
6365010,test,a30_31,0.7131728,0.47892067,1.0,2,3,1.0,6,6,1.0
6365011,test,a30_31,1.9193425,0.1931983,1.0,3,2,1.0,2,2,1.0
6365177,test,a30_31,2.453935,3.0710416,1.0,3,3,1.0,2,2,1.0
6381008,test,a30_31,2.5479274,0.0,0.0,3,-1,0.0,2,-1,0.0
6444003,test,a30_31,2.4274952,2.0211048,1.0,3,3,1.0,2,2,1.0
6475006,test,a30_31,0.59069,0.67106354,1.0,2,3,1.0,6,6,1.0
6475007,test,a30_31,0.64037335,0.1422398,1.0,2,2,1.0,6,6,1.0
6509004,test,a30_31,2.825003,3.5568442,1.0,3,3,1.0,6,6,1.0
6545008,test,a30_31,3.669987,3.18138,1.0,3,3,1.0,6,6,1.0
6571003,test,a30_31,2.975298,3.4242733,1.0,3,3,1.0,6,6,1.0
6635009,test,a30_31,0.66244185,0.0,1.0,2,2,1.0,6,4,1.0
6663030,test,a30_31,3.572351,3.6323774,1.0,3,2,1.0,6,6,1.0
6674003,test,a30_31,3.3470445,3.3601112,1.0,3,3,1.0,3,2,1.0
6674005,test,a30_31,3.6311731,3.4521801,1.0,3,3,1.0,4,2,1.0
6736181,test,a30_31,2.5592601,1.9612347,1.0,3,2,1.0,2,2,1.0
6740003,test,a30_31,2.430867,2.7489104,1.0,3,3,1.0,2,2,1.0
6769008,test,a30_31,2.5902903,0.47086632,1.0,3,2,1.0,3,3,1.0
6779033,test,a30_31,1.1966413,1.7719439,1.0,3,3,1.0,6,6,1.0
6030,test,a32_33,3.5894706,3.632802,1.0,3,3,1.0,2,2,1.0
10030,test,a32_33,3.9190664,4.5643663,1.0,3,3,1.0,6,2,1.0
41008,test,a32_33,2.362494,0.0,1.0,3,2,1.0,2,2,1.0
68003,test,a32_33,3.491182,3.5880518,1.0,3,3,1.0,2,2,1.0
127030,test,a32_33,3.579948,3.6983402,1.0,3,3,1.0,6,2,1.0
127031,test,a32_33,3.8876705,4.2671986,1.0,3,3,1.0,6,6,1.0
129031,test,a32_33,0.8479744,1.5868585,1.0,2,2,1.0,6,4,1.0
129196,test,a32_33,2.7809854,1.7348825,1.0,3,3,1.0,2,2,1.0
165030,test,a32_33,3.526133,3.6426375,1.0,3,3,1.0,6,2,1.0
284004,test,a32_33,3.9875588,4.498754,1.0,3,3,1.0,2,2,1.0
301032,test,a32_33,3.9959443,3.9674697,1.0,3,3,1.0,6,6,1.0
327003,test,a32_33,3.2329745,3.7635956,1.0,3,3,1.0,2,2,1.0
327171,test,a32_33,3.4362044,0.0,1.0,3,2,1.0,2,2,1.0
327172,test,a32_33,2.5863848,3.306851,1.0,3,3,1.0,2,2,1.0
331005,test,a32_33,4.214445,4.197571,1.0,3,3,1.0,6,2,1.0
344178,test,a32_33,2.850541,3.281228,1.0,3,3,1.0,2,2,1.0
461030,test,a32_33,3.609312,3.5299022,1.0,3,3,1.0,2,2,1.0
486004,test,a32_33,3.4213552,3.690261,1.0,3,3,1.0,2,2,1.0
563183,test,a32_33,0.47812295,0.0008918604,1.0,2,3,1.0,2,2,1.0
577004,test,a32_33,2.4808478,2.5712075,1.0,3,3,1.0,2,2,1.0
607030,test,a32_33,3.6705108,3.6452837,1.0,3,3,1.0,2,2,1.0
613173,test,a32_33,3.424847,4.1078057,1.0,3,3,1.0,2,2,1.0
634008,test,a32_33,3.7179217,3.3915641,1.0,3,2,1.0,4,4,1.0
652005,test,a32_33,3.114063,3.5727725,1.0,3,3,1.0,2,2,1.0
672003,test,a32_33,0.46869588,3.0547795,1.0,2,3,1.0,2,2,1.0
691175,test,a32_33,3.439072,0.0,1.0,3,3,1.0,2,2,1.0
699031,test,a32_33,2.287451,3.1536906,1.0,3,2,1.0,6,6,1.0
722178,test,a32_33,0.53547347,0.5729554,1.0,2,3,1.0,2,2,1.0
771003,test,a32_33,3.277853,3.360967,1.0,3,3,1.0,4,4,1.0
775005,test,a32_33,3.4929273,3.814005,1.0,3,3,1.0,6,2,1.0
796006,test,a32_33,3.477425,3.19808,1.0,3,3,1.0,6,6,1.0
844003,test,a32_33,2.9041216,3.7556844,1.0,3,3,1.0,2,2,1.0
863006,test,a32_33,3.3200264,3.7389832,1.0,3,3,1.0,2,2,1.0
863173,test,a32_33,3.545174,2.8179777,1.0,3,3,1.0,2,2,1.0
866172,test,a32_33,2.9913158,2.6271625,1.0,3,2,1.0,6,6,1.0
868005,test,a32_33,3.4657826,3.4759133,1.0,3,3,1.0,2,2,1.0
875030,test,a32_33,0.7435669,0.0,1.0,2,2,1.0,2,2,1.0
897006,test,a32_33,2.9455233,0.9259037,1.0,3,2,1.0,2,3,1.0
922171,test,a32_33,3.293331,3.2271986,1.0,3,3,1.0,2,2,1.0
934030,test,a32_33,3.5697136,4.169727,1.0,3,3,1.0,2,2,1.0
935005,test,a32_33,2.388737,1.9715426,1.0,3,3,1.0,2,2,1.0
935176,test,a32_33,3.5012054,2.686293,1.0,3,3,1.0,2,2,1.0
939030,test,a32_33,3.949706,4.2601495,1.0,3,3,1.0,6,2,1.0
964003,test,a32_33,0.78701997,0.48986647,1.0,2,2,1.0,6,6,1.0
970004,test,a32_33,3.5318713,3.9415355,1.0,3,3,1.0,2,2,1.0
982004,test,a32_33,3.116001,3.577894,1.0,3,3,1.0,2,4,1.0
1033030,test,a32_33,3.3173356,3.3248508,1.0,3,3,1.0,2,4,1.0
1036003,test,a32_33,3.9660277,3.242958,1.0,3,3,1.0,4,2,1.0
1048006,test,a32_33,2.5781226,2.5528998,1.0,3,3,1.0,2,2,1.0
1055172,test,a32_33,2.1068978,2.4084587,1.0,3,3,1.0,2,2,1.0
1060175,test,a32_33,3.0796952,3.5963154,1.0,3,3,1.0,2,2,1.0
1064171,test,a32_33,3.7252488,4.3601055,1.0,3,3,1.0,2,2,1.0
1072171,test,a32_33,3.4988937,3.6353216,1.0,3,3,1.0,2,2,1.0
1084175,test,a32_33,2.3267956,0.0,1.0,3,2,1.0,2,2,1.0
1100172,test,a32_33,2.8603196,3.3882806,1.0,3,3,1.0,2,2,1.0
1141171,test,a32_33,2.4248507,1.0577683,1.0,3,3,1.0,2,4,1.0
1142030,test,a32_33,3.552856,3.4778206,1.0,3,2,1.0,2,2,1.0
1144032,test,a32_33,3.5083869,3.9998453,1.0,3,3,1.0,2,2,1.0
1149171,test,a32_33,3.164292,3.3627808,1.0,3,3,1.0,6,2,1.0
1162030,test,a32_33,2.8917818,3.2774415,1.0,3,3,1.0,2,2,1.0
1167030,test,a32_33,0.7493577,1.6452125,1.0,2,2,1.0,6,6,1.0
1168008,test,a32_33,2.304929,3.6681044,1.0,3,3,1.0,3,3,1.0
1222179,test,a32_33,2.439446,2.62906,1.0,3,3,1.0,2,2,1.0
1260008,test,a32_33,2.8303623,3.0003862,1.0,3,3,1.0,2,2,1.0
1269030,test,a32_33,3.250073,3.8594756,1.0,3,3,1.0,2,2,1.0
1292030,test,a32_33,3.5253644,3.3685656,1.0,3,3,1.0,4,2,1.0
1298005,test,a32_33,2.5049527,3.0073462,1.0,3,3,1.0,2,2,1.0
1306030,test,a32_33,4.2716494,4.845492,1.0,3,3,1.0,2,2,1.0
1335179,test,a32_33,2.505217,3.2921014,1.0,3,3,1.0,2,2,1.0
1353030,test,a32_33,1.9179041,0.0,1.0,3,2,1.0,2,2,1.0
1384030,test,a32_33,3.335825,3.4832323,1.0,3,3,1.0,2,2,1.0
1399008,test,a32_33,2.2436955,2.609165,1.0,3,2,1.0,2,4,1.0
1415004,test,a32_33,2.425517,2.7626214,1.0,3,3,1.0,2,2,1.0
1430005,test,a32_33,2.4432733,3.35943,1.0,3,3,1.0,6,6,1.0
1431003,test,a32_33,3.737271,3.793413,1.0,3,3,1.0,2,2,1.0
1431004,test,a32_33,2.8785691,0.0,1.0,3,2,1.0,2,2,1.0
1431172,test,a32_33,3.7768369,4.257112,1.0,3,3,1.0,2,2,1.0
1462004,test,a32_33,2.2110472,4.6827054,1.0,3,3,1.0,2,2,1.0
1520173,test,a32_33,3.4286478,3.8655198,1.0,3,3,1.0,2,2,1.0
1522175,test,a32_33,3.316241,4.128193,1.0,3,3,1.0,2,2,1.0
1542006,test,a32_33,3.1180255,3.1334329,1.0,3,3,1.0,4,2,1.0
1542177,test,a32_33,3.620791,3.5846753,1.0,3,3,1.0,2,2,1.0
1567031,test,a32_33,3.4534483,3.6204543,1.0,3,3,1.0,6,6,1.0
1608031,test,a32_33,3.2555408,3.9165187,1.0,3,3,1.0,2,2,1.0
1612003,test,a32_33,3.6694505,3.0623057,1.0,3,3,1.0,2,2,1.0
1621003,test,a32_33,2.027086,2.9558797,1.0,3,3,1.0,2,2,1.0
1648003,test,a32_33,3.4203146,3.4529707,1.0,3,3,1.0,2,2,1.0
1648030,test,a32_33,3.1793258,2.149199,1.0,3,3,1.0,6,6,1.0
1670172,test,a32_33,3.0994613,2.9805765,1.0,3,3,1.0,2,2,1.0
1684170,test,a32_33,0.51221585,1.0173271,1.0,2,2,1.0,2,2,1.0
1690030,test,a32_33,3.5992606,4.7354703,1.0,3,3,1.0,2,3,1.0
1692176,test,a32_33,3.2841735,0.0,0.0,3,-1,0.0,2,-1,0.0
1695030,test,a32_33,3.0023465,3.6850972,1.0,3,3,1.0,6,2,1.0
1697036,test,a32_33,3.3648865,1.4949695,1.0,3,3,1.0,6,2,1.0
1698170,test,a32_33,2.4759035,1.139272,1.0,3,2,1.0,2,2,1.0
1700031,test,a32_33,3.2779098,4.201887,1.0,3,3,1.0,4,4,1.0
1701003,test,a32_33,3.5225852,3.60501,1.0,3,3,1.0,6,6,1.0
1711003,test,a32_33,2.3169472,2.810277,1.0,3,3,1.0,2,2,1.0
1711171,test,a32_33,3.308692,3.8577616,1.0,3,3,1.0,2,2,1.0
1732005,test,a32_33,2.794485,2.342187,1.0,3,3,1.0,6,2,1.0
1762187,test,a32_33,2.4113743,1.8211237,1.0,3,2,1.0,4,2,1.0
1786187,test,a32_33,3.1497068,3.1765072,1.0,3,3,1.0,2,2,1.0
1837006,test,a32_33,3.3579745,3.6559155,1.0,3,3,1.0,2,2,1.0
1850172,test,a32_33,2.0180473,2.5812435,1.0,3,3,1.0,2,2,1.0
1878030,test,a32_33,3.0361228,3.4057453,1.0,3,3,1.0,2,4,1.0
1879030,test,a32_33,3.2907631,4.3343844,1.0,3,3,1.0,2,3,1.0
1905004,test,a32_33,3.7169368,3.8433187,1.0,3,3,1.0,4,2,1.0
1919009,test,a32_33,3.3226032,3.1504118,1.0,3,3,1.0,2,2,1.0
1935004,test,a32_33,2.6191022,0.0,1.0,3,2,1.0,2,2,1.0
1936030,test,a32_33,2.3117585,0.0,1.0,3,2,1.0,2,2,1.0
1978171,test,a32_33,2.508895,1.6958811,1.0,3,3,1.0,2,2,1.0
2030031,test,a32_33,3.0039048,3.6641996,1.0,3,3,1.0,6,2,1.0
2117003,test,a32_33,2.9013183,2.5893922,1.0,3,2,1.0,2,2,1.0
2150172,test,a32_33,1.9493492,1.3598045,1.0,3,3,1.0,2,2,1.0
2199182,test,a32_33,2.8052614,3.9495156,1.0,3,3,1.0,2,2,1.0
2206030,test,a32_33,3.9289575,4.886779,1.0,3,3,1.0,4,2,1.0
2212031,test,a32_33,4.297935,4.483134,1.0,3,3,1.0,6,2,1.0
2238004,test,a32_33,3.3787937,3.472241,1.0,3,3,1.0,2,2,1.0
2238172,test,a32_33,3.112855,3.5254576,1.0,3,3,1.0,2,2,1.0
2252172,test,a32_33,3.0446382,2.3470397,1.0,3,3,1.0,2,2,1.0
2255030,test,a32_33,4.2335496,4.876434,1.0,3,3,1.0,2,2,1.0
2277008,test,a32_33,2.5828655,2.5990877,1.0,3,3,1.0,2,2,1.0
2311172,test,a32_33,2.0115306,1.0779065,1.0,3,2,1.0,2,2,1.0
2330003,test,a32_33,3.8518074,4.301492,1.0,3,3,1.0,6,6,1.0
2338003,test,a32_33,3.4782987,4.023426,1.0,3,3,1.0,6,6,1.0
2341004,test,a32_33,3.1288838,3.4735646,1.0,3,3,1.0,2,2,1.0
2341005,test,a32_33,2.8471563,0.8661617,1.0,3,3,1.0,2,2,1.0
2354004,test,a32_33,1.9369338,2.448841,1.0,3,3,1.0,2,2,1.0
2392004,test,a32_33,2.3445458,2.7262917,1.0,3,3,1.0,2,2,1.0
2393005,test,a32_33,4.0276885,4.0622745,1.0,3,3,1.0,4,3,1.0
2393171,test,a32_33,2.8814514,1.606789,1.0,3,3,1.0,2,2,1.0
2409006,test,a32_33,2.7251499,0.0,0.0,3,-1,0.0,2,-1,0.0
2409171,test,a32_33,2.8314865,0.0,0.0,3,-1,0.0,2,-1,0.0
2422178,test,a32_33,3.4836087,3.2781074,1.0,3,3,1.0,2,2,1.0
2459030,test,a32_33,3.0700593,3.753117,1.0,3,3,1.0,2,4,1.0
2474030,test,a32_33,3.2721484,4.23237,1.0,3,3,1.0,2,2,1.0
2474171,test,a32_33,2.3689628,1.367364,1.0,3,3,1.0,2,2,1.0
2485173,test,a32_33,3.2415953,1.1069015,1.0,3,3,1.0,4,4,1.0
2496172,test,a32_33,2.5621262,3.6005192,1.0,3,3,1.0,4,2,1.0
2502005,test,a32_33,3.0717034,2.9134128,1.0,3,3,1.0,2,2,1.0
2510171,test,a32_33,3.1002095,3.5230017,1.0,3,3,1.0,2,2,1.0
2525174,test,a32_33,3.0024176,3.8745465,1.0,3,3,1.0,2,2,1.0
2530184,test,a32_33,2.671875,2.973692,1.0,3,3,1.0,2,2,1.0
2547171,test,a32_33,3.629544,4.052104,1.0,3,3,1.0,2,2,1.0
2580030,test,a32_33,4.2015467,4.886779,1.0,3,3,1.0,2,2,1.0
2593171,test,a32_33,3.4506829,4.246229,1.0,3,3,1.0,2,2,1.0
2615031,test,a32_33,3.3865724,3.44694,1.0,3,3,1.0,2,2,1.0
2642030,test,a32_33,2.6611116,2.8015413,1.0,3,3,1.0,2,2,1.0
2655002,test,a32_33,0.7353921,0.0,1.0,2,2,1.0,2,2,1.0
2705031,test,a32_33,3.676062,3.306851,1.0,3,3,1.0,2,4,1.0
2707179,test,a32_33,3.0295546,2.8268414,1.0,3,3,1.0,2,2,1.0
2714031,test,a32_33,3.4394403,0.0,0.0,3,3,1.0,2,2,1.0
2717004,test,a32_33,3.629066,3.742696,1.0,3,3,1.0,2,2,1.0
2738171,test,a32_33,3.7084374,4.886779,1.0,3,3,1.0,2,2,1.0
2794003,test,a32_33,3.6267376,3.8923466,1.0,3,2,1.0,6,2,1.0
2845030,test,a32_33,3.042282,3.2903967,1.0,3,3,1.0,6,4,1.0
2847030,test,a32_33,3.157249,3.456708,1.0,3,3,1.0,4,6,1.0
2848174,test,a32_33,2.0831473,1.0409111,1.0,3,2,1.0,6,6,1.0
2852006,test,a32_33,0.7640898,2.1415117,1.0,2,3,1.0,2,2,1.0
2852030,test,a32_33,3.2126892,2.0998244,1.0,3,3,1.0,2,2,1.0
2869170,test,a32_33,3.2579076,3.6555576,1.0,3,3,1.0,2,2,1.0
2897006,test,a32_33,3.083389,2.8197732,1.0,3,3,1.0,6,6,1.0
2900171,test,a32_33,3.684959,3.8746612,1.0,3,3,1.0,2,2,1.0
2907006,test,a32_33,2.8740077,2.623763,1.0,3,3,1.0,2,2,1.0
2920030,test,a32_33,3.1264567,3.4575856,1.0,3,3,1.0,6,2,1.0
3107001,test,a32_33,3.2393494,3.231012,1.0,3,3,1.0,2,2,1.0
3137007,test,a32_33,2.601755,2.48373,1.0,3,3,1.0,6,6,1.0
3283002,test,a32_33,3.8091805,4.0583324,1.0,3,3,1.0,4,6,1.0
3492001,test,a32_33,3.4167125,4.1102557,1.0,3,3,1.0,6,6,1.0
5016170,test,a32_33,3.0591738,2.6426997,1.0,3,3,1.0,4,4,1.0
5082003,test,a32_33,3.5484967,3.5662766,1.0,3,3,1.0,6,2,1.0
5145032,test,a32_33,3.3624816,3.616172,1.0,3,3,1.0,6,6,1.0
5163030,test,a32_33,3.0768032,2.769646,1.0,3,3,1.0,2,3,1.0
5177171,test,a32_33,2.048489,0.41334957,1.0,3,3,1.0,6,6,1.0
5199178,test,a32_33,2.841866,3.096526,1.0,3,3,1.0,2,2,1.0
5241030,test,a32_33,2.819936,3.5277414,1.0,3,3,1.0,6,6,1.0
5264004,test,a32_33,3.2397003,3.264431,1.0,3,3,1.0,2,2,1.0
5294003,test,a32_33,3.4509351,3.6584685,1.0,3,3,1.0,2,2,1.0
5299172,test,a32_33,2.9133196,2.760259,1.0,3,3,1.0,2,2,1.0
5306002,test,a32_33,2.5673983,0.919919,1.0,3,2,1.0,6,6,1.0
5350030,test,a32_33,2.8872,2.5756848,1.0,3,3,1.0,4,6,1.0
5364006,test,a32_33,3.4427066,0.0,0.0,3,-1,0.0,6,-1,0.0
5366033,test,a32_33,3.056919,3.3051815,1.0,3,3,1.0,6,6,1.0
5406173,test,a32_33,2.854274,3.5137413,1.0,3,3,1.0,2,3,1.0
5424030,test,a32_33,2.2050352,2.0490751,1.0,3,3,1.0,6,6,1.0
5425003,test,a32_33,0.8685509,0.72459835,1.0,2,2,1.0,2,2,1.0
5430031,test,a32_33,2.0638533,0.0,1.0,3,2,1.0,6,6,1.0
5430171,test,a32_33,2.752661,2.512427,1.0,3,3,1.0,6,6,1.0
5443007,test,a32_33,1.9073235,2.1780865,1.0,3,3,1.0,2,2,1.0
5464032,test,a32_33,2.8418958,2.7760577,1.0,3,3,1.0,3,2,1.0
5488007,test,a32_33,2.5446067,2.1782289,1.0,3,3,1.0,2,2,1.0
5494005,test,a32_33,2.8182676,0.63777095,1.0,3,3,1.0,6,6,1.0
5513030,test,a32_33,3.1644099,2.4798064,1.0,3,3,1.0,6,6,1.0
5549006,test,a32_33,2.5829341,2.637893,1.0,3,3,1.0,2,3,1.0
5553173,test,a32_33,3.226952,3.935453,1.0,3,3,1.0,2,2,1.0
5560186,test,a32_33,3.2145042,3.2524583,1.0,3,3,1.0,2,2,1.0
5569009,test,a32_33,2.9024928,2.2377331,1.0,3,3,1.0,2,2,1.0
5570010,test,a32_33,3.1628366,3.5858245,1.0,3,3,1.0,3,4,1.0
5570012,test,a32_33,3.0945578,2.6474972,1.0,3,3,1.0,2,6,1.0
5570033,test,a32_33,3.2816503,3.3018157,1.0,3,3,1.0,2,2,1.0
5576031,test,a32_33,2.8613868,2.9333522,1.0,3,3,1.0,4,2,1.0
5614005,test,a32_33,2.8722122,2.8111508,1.0,3,3,1.0,3,3,1.0
5615010,test,a32_33,3.1404788,3.3717976,1.0,3,3,1.0,6,2,1.0
5615181,test,a32_33,3.2830179,3.4054897,1.0,3,3,1.0,2,2,1.0
5621170,test,a32_33,3.0350342,3.0953097,1.0,3,3,1.0,2,2,1.0
5626010,test,a32_33,2.902093,3.139954,1.0,3,3,1.0,2,2,1.0
5634188,test,a32_33,3.225412,3.7881985,1.0,3,3,1.0,2,5,1.0
5635031,test,a32_33,2.933339,2.7840075,1.0,3,3,1.0,2,2,1.0
5646006,test,a32_33,0.7607155,0.77602905,1.0,2,2,1.0,6,6,1.0
5660005,test,a32_33,3.0204368,3.4027286,1.0,3,3,1.0,3,2,1.0
5664003,test,a32_33,0.7256628,1.7976818,1.0,2,3,1.0,6,6,1.0
5676007,test,a32_33,2.9407878,3.7587788,1.0,3,3,1.0,2,4,1.0
5678030,test,a32_33,2.4003038,2.4192536,1.0,3,2,1.0,6,6,1.0
5684034,test,a32_33,3.5980988,1.4764752,1.0,3,3,1.0,2,2,1.0
5784005,test,a32_33,0.74580336,0.0,1.0,2,2,1.0,6,6,1.0
5819005,test,a32_33,0.8712195,1.068429,1.0,2,2,1.0,6,6,1.0
5821008,test,a32_33,3.0421295,2.9484503,1.0,3,3,1.0,2,2,1.0
5863033,test,a32_33,0.81937134,2.2928271,1.0,2,3,1.0,6,6,1.0
5921003,test,a32_33,2.6234303,3.0847182,1.0,3,3,1.0,6,6,1.0
5922010,test,a32_33,3.0583954,2.9869597,1.0,3,3,1.0,6,6,1.0
5938031,test,a32_33,2.4502292,0.0,1.0,3,2,1.0,6,6,1.0
5960033,test,a32_33,2.8664117,2.8474362,1.0,3,3,1.0,6,3,1.0
5995005,test,a32_33,0.86678624,0.21103315,1.0,2,2,1.0,6,6,1.0
6028032,test,a32_33,2.4419615,2.8268414,1.0,3,3,1.0,6,6,1.0
6030005,test,a32_33,3.3849876,3.4111378,1.0,3,3,1.0,6,6,1.0
6030008,test,a32_33,3.2195587,3.602513,1.0,3,3,1.0,6,6,1.0
6093006,test,a32_33,0.59605706,1.3977581,1.0,2,2,1.0,6,6,1.0
6093011,test,a32_33,2.3824506,2.5990877,1.0,3,3,1.0,6,6,1.0
6114182,test,a32_33,2.7894444,2.8005123,1.0,3,3,1.0,3,3,1.0
6120195,test,a32_33,0.82674193,0.0,1.0,2,2,1.0,2,2,1.0
6121030,test,a32_33,3.1041217,3.6708767,1.0,3,3,1.0,6,6,1.0
6179003,test,a32_33,3.2745466,3.426249,1.0,3,3,1.0,2,2,1.0
6179170,test,a32_33,0.84510434,0.2411282,1.0,2,2,1.0,2,2,1.0
6191006,test,a32_33,2.9829617,3.4436505,1.0,3,3,1.0,3,2,1.0
6200175,test,a32_33,3.4118814,2.5210872,1.0,3,3,1.0,2,2,1.0
6210007,test,a32_33,3.4055104,0.0,0.0,3,-1,0.0,6,-1,0.0
6210008,test,a32_33,2.6949363,1.382737,1.0,3,2,1.0,6,6,1.0
6350007,test,a32_33,2.8659706,1.2189263,1.0,3,2,1.0,6,6,1.0
6365010,test,a32_33,0.7335465,2.0176098,1.0,2,3,1.0,6,6,1.0
6365011,test,a32_33,2.1991615,2.6077433,1.0,3,3,1.0,2,2,1.0
6365177,test,a32_33,2.7121158,2.7674904,1.0,3,3,1.0,2,2,1.0
6381008,test,a32_33,2.8807096,0.0,0.0,3,-1,0.0,2,-1,0.0
6444003,test,a32_33,2.6701674,3.1936855,1.0,3,3,1.0,2,2,1.0
6475006,test,a32_33,0.649994,1.2301495,1.0,2,3,1.0,6,6,1.0
6475007,test,a32_33,0.66366684,1.8487327,1.0,2,2,1.0,6,6,1.0
6509004,test,a32_33,2.9355419,3.8708656,1.0,3,3,1.0,6,6,1.0
6545008,test,a32_33,3.5930836,4.3289056,1.0,3,3,1.0,6,6,1.0
6571003,test,a32_33,2.9521723,3.5926886,1.0,3,3,1.0,6,6,1.0
6635009,test,a32_33,0.63189185,0.0,1.0,2,2,1.0,6,4,1.0
6663030,test,a32_33,3.5111763,3.800088,1.0,3,3,1.0,6,6,1.0
6674003,test,a32_33,3.3324676,3.4202895,1.0,3,3,1.0,3,2,1.0
6674005,test,a32_33,3.637415,3.4833505,1.0,3,3,1.0,4,2,1.0
6736181,test,a32_33,2.7418346,0.0,0.0,3,-1,0.0,2,-1,0.0
6740003,test,a32_33,2.4508862,2.884239,1.0,3,3,1.0,2,2,1.0
6769008,test,a32_33,2.7071722,0.8178876,1.0,3,3,1.0,3,3,1.0
6779033,test,a32_33,1.706558,1.8801916,1.0,3,2,1.0,6,6,1.0
6030,test,a34_35,3.5000477,3.5367897,1.0,3,3,1.0,2,2,1.0
10030,test,a34_35,3.817015,4.673836,1.0,3,3,1.0,6,2,1.0
41008,test,a34_35,2.3364794,0.0,1.0,3,2,1.0,2,2,1.0
68003,test,a34_35,3.4490685,3.2616544,1.0,3,3,1.0,2,2,1.0
127030,test,a34_35,3.5333314,3.1696036,1.0,3,3,1.0,6,2,1.0
127031,test,a34_35,3.828592,4.0902915,1.0,3,3,1.0,6,2,1.0
129031,test,a34_35,0.78017175,1.0162153,1.0,2,3,1.0,6,2,1.0
129196,test,a34_35,2.88736,3.4254856,1.0,3,3,1.0,2,2,1.0
165030,test,a34_35,3.5212412,3.7463372,1.0,3,3,1.0,6,2,1.0
284004,test,a34_35,3.9175243,4.32185,1.0,3,3,1.0,2,2,1.0
301032,test,a34_35,3.9353578,3.9348762,1.0,3,3,1.0,6,6,1.0
327003,test,a34_35,3.1799107,3.8840168,1.0,3,3,1.0,2,2,1.0
327171,test,a34_35,3.3562384,0.0,1.0,3,2,1.0,2,2,1.0
327172,test,a34_35,2.6138995,3.5017936,1.0,3,3,1.0,2,2,1.0
331005,test,a34_35,4.1772375,4.082121,1.0,3,2,1.0,6,2,1.0
344178,test,a34_35,2.810406,3.2559896,1.0,3,3,1.0,2,2,1.0
461030,test,a34_35,3.5709274,3.3020296,1.0,3,3,1.0,2,2,1.0
486004,test,a34_35,3.3930867,3.745459,1.0,3,3,1.0,2,2,1.0
563183,test,a34_35,0.49010873,3.2996137,1.0,2,3,1.0,2,2,1.0
577004,test,a34_35,2.48609,2.9370773,1.0,3,3,1.0,2,2,1.0
607030,test,a34_35,3.634787,3.7506254,1.0,3,3,1.0,2,2,1.0
613173,test,a34_35,3.281209,4.4183064,1.0,3,3,1.0,2,2,1.0
634008,test,a34_35,3.7333612,3.5026178,1.0,3,3,1.0,4,6,1.0
652005,test,a34_35,3.0902643,3.2600136,1.0,3,3,1.0,2,2,1.0
672003,test,a34_35,0.48626828,3.0886452,1.0,2,3,1.0,2,2,1.0
691175,test,a34_35,3.3105612,2.0974402,1.0,3,3,1.0,2,2,1.0
699031,test,a34_35,2.4486341,3.2485132,1.0,3,3,1.0,6,6,1.0
722178,test,a34_35,0.56053865,0.90117526,1.0,2,2,1.0,2,2,1.0
771003,test,a34_35,3.3468623,3.0115244,1.0,3,3,1.0,4,2,1.0
775005,test,a34_35,3.45364,3.5560908,1.0,3,3,1.0,6,2,1.0
796006,test,a34_35,3.4475255,2.8919485,1.0,3,3,1.0,6,6,1.0
844003,test,a34_35,3.033156,3.629688,1.0,3,3,1.0,2,2,1.0
863006,test,a34_35,3.2422268,3.2548606,1.0,3,2,1.0,2,2,1.0
863173,test,a34_35,3.5093224,3.5450659,1.0,3,3,1.0,2,2,1.0
866172,test,a34_35,3.0060496,2.3603847,1.0,3,3,1.0,6,6,1.0
868005,test,a34_35,3.4130898,3.578231,1.0,3,3,1.0,2,2,1.0
875030,test,a34_35,0.7378446,0.0,1.0,2,2,1.0,2,2,1.0
897006,test,a34_35,2.9638638,2.946233,1.0,3,3,1.0,2,4,1.0
922171,test,a34_35,3.2988935,3.7955704,1.0,3,3,1.0,2,2,1.0
934030,test,a34_35,3.5015001,4.2341943,1.0,3,3,1.0,2,2,1.0
935005,test,a34_35,2.6289272,2.2448769,1.0,3,3,1.0,2,2,1.0
935176,test,a34_35,3.464223,3.2378259,1.0,3,3,1.0,2,2,1.0
939030,test,a34_35,3.93648,0.08555014,1.0,3,2,1.0,6,2,1.0
964003,test,a34_35,0.79101586,0.82413214,1.0,2,2,1.0,6,6,1.0
970004,test,a34_35,3.477285,3.9748664,1.0,3,3,1.0,2,2,1.0
982004,test,a34_35,3.1189594,3.7351284,1.0,3,3,1.0,2,4,1.0
1033030,test,a34_35,3.2878473,3.3329153,1.0,3,3,1.0,2,2,1.0
1036003,test,a34_35,3.9870305,3.2967014,1.0,3,3,1.0,4,2,1.0
1048006,test,a34_35,2.5829709,0.0,1.0,3,2,1.0,2,2,1.0
1055172,test,a34_35,2.306782,3.521578,1.0,3,3,1.0,2,4,1.0
1060175,test,a34_35,2.9920764,3.1174548,1.0,3,3,1.0,2,2,1.0
1064171,test,a34_35,3.6624656,0.0,1.0,3,3,1.0,2,2,1.0
1072171,test,a34_35,3.4646475,3.370511,1.0,3,3,1.0,2,2,1.0
1084175,test,a34_35,2.4416397,0.0,1.0,3,2,1.0,2,2,1.0
1100172,test,a34_35,2.8418593,3.6426375,1.0,3,3,1.0,2,2,1.0
1141171,test,a34_35,2.4906888,1.1201222,1.0,3,2,1.0,2,4,1.0
1142030,test,a34_35,3.5017679,3.153995,1.0,3,2,1.0,2,2,1.0
1144032,test,a34_35,3.4743857,3.9447289,1.0,3,3,1.0,2,2,1.0
1149171,test,a34_35,3.1624017,3.6550784,1.0,3,3,1.0,6,2,1.0
1162030,test,a34_35,2.8151271,3.4707472,1.0,3,3,1.0,2,4,1.0
1167030,test,a34_35,0.74694705,1.1457466,1.0,2,2,1.0,6,6,1.0
1168008,test,a34_35,2.5695271,3.1447468,1.0,3,3,1.0,3,3,1.0
1222179,test,a34_35,2.451059,2.810277,1.0,3,3,1.0,2,2,1.0
1260008,test,a34_35,2.7904136,2.9488564,1.0,3,3,1.0,2,2,1.0
1269030,test,a34_35,3.2097826,4.2420487,1.0,3,3,1.0,2,4,1.0
1292030,test,a34_35,3.551485,3.1872697,1.0,3,3,1.0,4,3,1.0
1298005,test,a34_35,2.5799367,3.1977408,1.0,3,3,1.0,2,2,1.0
1306030,test,a34_35,4.182849,4.8005466,1.0,3,3,1.0,2,2,1.0
1335179,test,a34_35,2.512031,3.3347914,1.0,3,3,1.0,2,2,1.0
1353030,test,a34_35,2.280827,0.0,1.0,3,2,1.0,2,2,1.0
1384030,test,a34_35,3.308682,3.59953,1.0,3,3,1.0,2,2,1.0
1399008,test,a34_35,2.4198804,2.624538,1.0,3,3,1.0,2,4,1.0
1415004,test,a34_35,2.4791963,2.663206,1.0,3,3,1.0,2,2,1.0
1430005,test,a34_35,2.610613,2.0200462,1.0,3,3,1.0,6,6,1.0
1431003,test,a34_35,3.644218,3.7301474,1.0,3,3,1.0,2,2,1.0
1431004,test,a34_35,2.931198,0.0,1.0,3,2,1.0,2,2,1.0
1431172,test,a34_35,3.7047575,4.886779,1.0,3,2,1.0,2,2,1.0
1462004,test,a34_35,2.345061,3.378522,1.0,3,3,1.0,2,2,1.0
1520173,test,a34_35,3.3888326,3.9266827,1.0,3,3,1.0,2,2,1.0
1522175,test,a34_35,3.217217,4.5377207,1.0,3,3,1.0,2,2,1.0
1542006,test,a34_35,3.1876762,3.5747643,1.0,3,3,1.0,4,2,1.0
1542177,test,a34_35,3.5421276,3.8778384,1.0,3,3,1.0,2,2,1.0
1567031,test,a34_35,3.4283195,3.6260033,1.0,3,3,1.0,6,6,1.0
1608031,test,a34_35,3.2642436,3.8359485,1.0,3,3,1.0,2,3,1.0
1612003,test,a34_35,3.6199427,3.2975547,1.0,3,3,1.0,2,2,1.0
1621003,test,a34_35,2.2687635,3.2045677,1.0,3,3,1.0,2,2,1.0
1648003,test,a34_35,3.3991246,3.0027869,1.0,3,3,1.0,2,2,1.0
1648030,test,a34_35,3.1646528,2.0603547,1.0,3,3,1.0,6,6,1.0
1670172,test,a34_35,3.1027122,3.0779936,1.0,3,3,1.0,2,2,1.0
1684170,test,a34_35,0.5453652,0.0,1.0,2,3,1.0,2,2,1.0
1690030,test,a34_35,3.5374088,4.0259957,1.0,3,3,1.0,2,4,1.0
1692176,test,a34_35,3.2380672,0.0,0.0,3,-1,0.0,2,-1,0.0
1695030,test,a34_35,2.9537125,3.2234797,1.0,3,3,1.0,6,2,1.0
1697036,test,a34_35,3.314334,3.0575554,1.0,3,3,1.0,6,2,1.0
1698170,test,a34_35,2.4617994,2.4663796,1.0,3,3,1.0,2,2,1.0
1700031,test,a34_35,3.3476524,2.600042,1.0,3,2,1.0,4,4,1.0
1701003,test,a34_35,3.4513092,3.7449346,1.0,3,3,1.0,6,6,1.0
1711003,test,a34_35,2.4758434,2.4021344,1.0,3,3,1.0,2,2,1.0
1711171,test,a34_35,3.3190846,0.0,0.0,3,-1,0.0,2,-1,0.0
1732005,test,a34_35,2.8390422,2.4728203,1.0,3,2,1.0,6,4,1.0
1762187,test,a34_35,2.57977,0.0,1.0,3,2,1.0,4,2,1.0
1786187,test,a34_35,3.1545017,3.3312128,1.0,3,3,1.0,2,2,1.0
1837006,test,a34_35,3.3220992,3.3800976,1.0,3,3,1.0,2,2,1.0
1850172,test,a34_35,2.201306,3.1974778,1.0,3,3,1.0,2,2,1.0
1878030,test,a34_35,3.0445046,3.8423843,1.0,3,3,1.0,2,4,1.0
1879030,test,a34_35,3.3148212,3.960946,1.0,3,3,1.0,2,4,1.0
1905004,test,a34_35,3.7228599,3.6536653,1.0,3,3,1.0,4,2,1.0
1919009,test,a34_35,3.2695706,0.0,1.0,3,2,1.0,2,2,1.0
1935004,test,a34_35,2.6143374,2.810277,1.0,3,3,1.0,2,2,1.0
1936030,test,a34_35,2.4576752,0.0,1.0,3,2,1.0,2,2,1.0
1978171,test,a34_35,2.5141277,2.3303957,1.0,3,3,1.0,2,2,1.0
2030031,test,a34_35,3.0634332,3.929022,1.0,3,3,1.0,6,2,1.0
2117003,test,a34_35,2.8419585,0.0,1.0,3,3,1.0,2,2,1.0
2150172,test,a34_35,2.1530557,1.9371668,1.0,3,3,1.0,2,2,1.0
2199182,test,a34_35,2.8958912,4.0530524,1.0,3,3,1.0,2,2,1.0
2206030,test,a34_35,3.9548242,3.4664924,1.0,3,3,1.0,4,2,1.0
2212031,test,a34_35,4.2424526,4.7276397,1.0,3,3,1.0,6,2,1.0
2238004,test,a34_35,3.3556097,3.4629118,1.0,3,3,1.0,2,2,1.0
2238172,test,a34_35,3.0323145,0.0,0.0,3,-1,0.0,2,-1,0.0
2252172,test,a34_35,3.0837257,2.8005908,1.0,3,3,1.0,2,2,1.0
2255030,test,a34_35,4.146326,4.8156514,1.0,3,3,1.0,2,2,1.0
2277008,test,a34_35,2.604005,2.5626314,1.0,3,3,1.0,2,2,1.0
2311172,test,a34_35,2.178344,1.5610666,1.0,3,2,1.0,2,2,1.0
2330003,test,a34_35,3.8094954,4.2113166,1.0,3,3,1.0,6,2,1.0
2338003,test,a34_35,3.4567199,4.046953,1.0,3,3,1.0,6,6,1.0
2341004,test,a34_35,3.129976,3.563381,1.0,3,2,1.0,2,4,1.0
2341005,test,a34_35,2.8680038,0.0,1.0,3,3,1.0,2,2,1.0
2354004,test,a34_35,2.110823,2.3899386,1.0,3,3,1.0,2,2,1.0
2392004,test,a34_35,2.4419513,2.9586284,1.0,3,3,1.0,2,2,1.0
2393005,test,a34_35,4.027416,3.8332024,1.0,3,3,1.0,4,2,1.0
2393171,test,a34_35,2.9521015,3.5780287,1.0,3,3,1.0,2,2,1.0
2409006,test,a34_35,2.8073084,2.7969706,1.0,3,3,1.0,2,2,1.0
2409171,test,a34_35,2.7761743,2.0512705,1.0,3,2,1.0,2,2,1.0
2422178,test,a34_35,3.4454072,3.4795048,1.0,3,3,1.0,2,2,1.0
2459030,test,a34_35,3.063425,3.9479196,1.0,3,3,1.0,2,4,1.0
2474030,test,a34_35,3.2483726,3.3850226,1.0,3,3,1.0,2,2,1.0
2474171,test,a34_35,2.4467702,1.4149004,1.0,3,3,1.0,2,2,1.0
2485173,test,a34_35,3.288055,2.4313986,1.0,3,3,1.0,4,6,1.0
2496172,test,a34_35,2.7950478,3.916388,1.0,3,3,1.0,4,4,1.0
2502005,test,a34_35,3.0534525,3.1504118,1.0,3,3,1.0,2,2,1.0
2510171,test,a34_35,3.0137806,3.625488,1.0,3,3,1.0,2,2,1.0
2525174,test,a34_35,2.9285188,1.6816704,1.0,3,2,1.0,2,2,1.0
2530184,test,a34_35,2.6576092,2.9591303,1.0,3,2,1.0,2,2,1.0
2547171,test,a34_35,3.551561,4.05604,1.0,3,3,1.0,2,2,1.0
2580030,test,a34_35,4.11164,4.7499347,1.0,3,3,1.0,2,2,1.0
2593171,test,a34_35,3.3378184,4.30575,1.0,3,3,1.0,2,2,1.0
2615031,test,a34_35,3.3380947,3.5979483,1.0,3,3,1.0,2,2,1.0
2642030,test,a34_35,2.6739395,2.8383443,1.0,3,3,1.0,2,2,1.0
2655002,test,a34_35,0.74148977,0.0,1.0,2,2,1.0,2,2,1.0
2705031,test,a34_35,3.6501245,3.8038778,1.0,3,3,1.0,2,4,1.0
2707179,test,a34_35,3.0550063,2.844158,1.0,3,3,1.0,2,2,1.0
2714031,test,a34_35,3.4271722,3.611134,1.0,3,3,1.0,2,2,1.0
2717004,test,a34_35,3.5573335,3.3915641,1.0,3,3,1.0,2,2,1.0
2738171,test,a34_35,3.6491413,4.886779,1.0,3,3,1.0,2,2,1.0
2794003,test,a34_35,3.5671682,3.7379057,1.0,3,3,1.0,6,2,1.0
2845030,test,a34_35,3.0960677,3.4714644,1.0,3,2,1.0,6,2,1.0
2847030,test,a34_35,3.2073278,3.611134,1.0,3,3,1.0,4,6,1.0
2848174,test,a34_35,2.3177528,0.0,1.0,3,2,1.0,6,6,1.0
2852006,test,a34_35,0.7602874,2.784962,1.0,2,3,1.0,2,2,1.0
2852030,test,a34_35,3.2005792,2.1877906,1.0,3,3,1.0,2,2,1.0
2869170,test,a34_35,3.2568257,3.8547711,1.0,3,3,1.0,2,2,1.0
2897006,test,a34_35,3.077902,3.2996137,1.0,3,3,1.0,6,6,1.0
2900171,test,a34_35,3.615195,3.6154544,1.0,3,3,1.0,2,2,1.0
2907006,test,a34_35,2.8764317,2.5451865,1.0,3,3,1.0,2,2,1.0
2920030,test,a34_35,3.1436174,3.68331,1.0,3,2,1.0,6,3,1.0
3107001,test,a34_35,3.1955874,3.5433505,1.0,3,3,1.0,2,2,1.0
3137007,test,a34_35,2.650687,2.4969764,1.0,3,3,1.0,6,6,1.0
3283002,test,a34_35,3.770297,4.138284,1.0,3,2,1.0,4,6,1.0
3492001,test,a34_35,3.349597,3.8507123,1.0,3,3,1.0,6,2,1.0
5016170,test,a34_35,3.1118615,2.4672387,1.0,3,3,1.0,4,4,1.0
5082003,test,a34_35,3.4595418,3.6362765,1.0,3,3,1.0,6,2,1.0
5145032,test,a34_35,3.3301182,3.4762192,1.0,3,3,1.0,6,6,1.0
5163030,test,a34_35,3.060307,2.9795868,1.0,3,3,1.0,2,3,1.0
5177171,test,a34_35,2.2138257,1.3270341,1.0,3,3,1.0,6,6,1.0
5199178,test,a34_35,2.8145516,2.888504,1.0,3,3,1.0,2,2,1.0
5241030,test,a34_35,2.8523774,3.3329153,1.0,3,3,1.0,6,6,1.0
5264004,test,a34_35,3.1900005,3.36784,1.0,3,3,1.0,2,2,1.0
5294003,test,a34_35,3.355106,3.537279,1.0,3,3,1.0,2,2,1.0
5299172,test,a34_35,2.9465156,2.8502738,1.0,3,3,1.0,2,2,1.0
5306002,test,a34_35,2.5891175,0.45013475,1.0,3,2,1.0,6,6,1.0
5350030,test,a34_35,2.9645567,3.0497952,1.0,3,3,1.0,4,6,1.0
5364006,test,a34_35,3.3780272,3.475767,1.0,3,3,1.0,6,6,1.0
5366033,test,a34_35,3.0354471,3.5589597,1.0,3,3,1.0,6,6,1.0
5406173,test,a34_35,2.8359692,3.3717976,1.0,3,3,1.0,2,4,1.0
5424030,test,a34_35,2.3667421,2.595237,1.0,3,3,1.0,6,6,1.0
5425003,test,a34_35,0.79259694,0.48401323,1.0,2,2,1.0,2,2,1.0
5430031,test,a34_35,2.2358441,0.0,1.0,3,3,1.0,6,6,1.0
5430171,test,a34_35,2.7242737,3.8255706,1.0,3,3,1.0,6,6,1.0
5443007,test,a34_35,2.1218326,2.4250603,1.0,3,3,1.0,2,2,1.0
5464032,test,a34_35,2.8632998,2.8707297,1.0,3,3,1.0,3,2,1.0
5488007,test,a34_35,2.5398011,2.7225564,1.0,3,3,1.0,2,2,1.0
5494005,test,a34_35,2.8390796,3.9408863,1.0,3,3,1.0,6,6,1.0
5513030,test,a34_35,3.1472147,3.1696036,1.0,3,3,1.0,6,6,1.0
5549006,test,a34_35,2.6056378,2.8014016,1.0,3,2,1.0,2,3,1.0
5553173,test,a34_35,3.124928,3.9032092,1.0,3,3,1.0,2,2,1.0
5560186,test,a34_35,3.189862,3.8197687,1.0,3,3,1.0,2,2,1.0
5569009,test,a34_35,2.8707547,3.4386227,1.0,3,3,1.0,2,2,1.0
5570010,test,a34_35,3.1464415,3.9157524,1.0,3,3,1.0,3,4,1.0
5570012,test,a34_35,3.0948377,3.1862996,1.0,3,3,1.0,2,6,1.0
5570033,test,a34_35,3.2395618,3.249376,1.0,3,3,1.0,2,2,1.0
5576031,test,a34_35,2.9051762,3.0570593,1.0,3,3,1.0,4,2,1.0
5614005,test,a34_35,2.9088454,2.9017913,1.0,3,3,1.0,3,3,1.0
5615010,test,a34_35,3.083023,3.4926202,1.0,3,3,1.0,6,2,1.0
5615181,test,a34_35,3.2426558,2.9341648,1.0,3,3,1.0,2,2,1.0
5621170,test,a34_35,3.0499609,3.1195464,1.0,3,3,1.0,2,2,1.0
5626010,test,a34_35,2.8594012,2.9627197,1.0,3,2,1.0,2,2,1.0
5634188,test,a34_35,3.1835742,3.9144979,1.0,3,3,1.0,2,5,1.0
5635031,test,a34_35,2.9159765,2.974314,1.0,3,3,1.0,2,2,1.0
5646006,test,a34_35,0.7349559,0.3688904,1.0,2,3,1.0,6,6,1.0
5660005,test,a34_35,2.9831965,3.0857325,1.0,3,3,1.0,3,2,1.0
5664003,test,a34_35,0.6567273,1.1182684,1.0,2,3,1.0,6,6,1.0
5676007,test,a34_35,2.9012604,3.820191,1.0,3,3,1.0,2,4,1.0
5678030,test,a34_35,2.4733403,2.51976,1.0,3,2,1.0,6,6,1.0
5684034,test,a34_35,3.4862006,3.496005,1.0,3,3,1.0,2,3,1.0
5784005,test,a34_35,0.7723489,0.0,1.0,2,2,1.0,6,6,1.0
5819005,test,a34_35,0.7611977,1.6023945,1.0,2,2,1.0,6,6,1.0
5821008,test,a34_35,3.030457,2.913222,1.0,3,3,1.0,2,2,1.0
5863033,test,a34_35,0.80952525,1.6256766,1.0,2,2,1.0,6,6,1.0
5921003,test,a34_35,2.668707,3.6592255,1.0,3,3,1.0,6,6,1.0
5922010,test,a34_35,3.0326324,2.873433,1.0,3,3,1.0,6,6,1.0
5938031,test,a34_35,2.5163846,0.0,1.0,3,2,1.0,6,6,1.0
5960033,test,a34_35,2.8935437,2.8802483,1.0,3,3,1.0,6,3,1.0
5995005,test,a34_35,0.77024734,0.5575978,1.0,2,2,1.0,6,6,1.0
6028032,test,a34_35,2.497314,2.7959223,1.0,3,3,1.0,6,6,1.0
6030005,test,a34_35,3.297337,3.6211877,1.0,3,3,1.0,6,6,1.0
6030008,test,a34_35,3.1527307,3.714141,1.0,3,3,1.0,6,6,1.0
6093006,test,a34_35,0.59283817,2.4245872,1.0,2,3,1.0,6,6,1.0
6093011,test,a34_35,2.4030995,2.5032198,1.0,3,3,1.0,6,6,1.0
6114182,test,a34_35,2.8367095,3.1132894,1.0,3,3,1.0,3,3,1.0
6120195,test,a34_35,0.78402877,0.83994776,1.0,2,2,1.0,2,2,1.0
6121030,test,a34_35,3.029502,3.7940028,1.0,3,3,1.0,6,6,1.0
6179003,test,a34_35,3.240406,3.4774165,1.0,3,3,1.0,2,2,1.0
6179170,test,a34_35,0.90592253,0.3768285,1.0,2,2,1.0,2,2,1.0
6191006,test,a34_35,2.9649708,3.5682108,1.0,3,3,1.0,3,2,1.0
6200175,test,a34_35,3.3474355,3.159689,1.0,3,2,1.0,2,2,1.0
6210007,test,a34_35,3.3462906,3.315958,1.0,3,3,1.0,6,2,1.0
6210008,test,a34_35,2.76081,1.8576616,1.0,3,2,1.0,6,6,1.0
6350007,test,a34_35,2.9233546,2.6312733,1.0,3,3,1.0,6,6,1.0
6365010,test,a34_35,0.7432929,2.3485115,1.0,2,3,1.0,6,6,1.0
6365011,test,a34_35,2.3451877,1.4984527,1.0,3,2,1.0,2,2,1.0
6365177,test,a34_35,2.8091896,3.154596,1.0,3,3,1.0,2,2,1.0
6381008,test,a34_35,2.9647183,4.0242934,1.0,3,3,1.0,2,4,1.0
6444003,test,a34_35,2.7681978,3.0920978,1.0,3,3,1.0,2,2,1.0
6475006,test,a34_35,0.6709378,0.88690853,1.0,2,2,1.0,6,6,1.0
6475007,test,a34_35,0.67255485,0.0,1.0,2,2,1.0,6,6,1.0
6509004,test,a34_35,2.977028,2.9017913,1.0,3,2,1.0,6,2,1.0
6545008,test,a34_35,3.5052395,3.81034,1.0,3,3,1.0,6,2,1.0
6571003,test,a34_35,2.9101076,3.97414,1.0,3,3,1.0,6,6,1.0
6635009,test,a34_35,0.617532,0.0,1.0,2,2,1.0,6,4,1.0
6663030,test,a34_35,3.4352393,3.9220536,1.0,3,3,1.0,6,6,1.0
6674003,test,a34_35,3.2906232,3.3930228,1.0,3,3,1.0,3,2,1.0
6674005,test,a34_35,3.6335878,3.3309689,1.0,3,3,1.0,4,2,1.0
6736181,test,a34_35,2.8059134,0.95784134,1.0,3,3,1.0,2,2,1.0
6740003,test,a34_35,2.47231,2.6543815,1.0,3,3,1.0,2,2,1.0
6769008,test,a34_35,2.754963,1.5597403,1.0,3,2,1.0,3,4,1.0
6779033,test,a34_35,1.929583,0.0,1.0,3,2,1.0,6,6,1.0
6030,test,a36_37,3.4755332,3.74332,1.0,3,3,1.0,2,2,1.0
10030,test,a36_37,3.7513473,4.447782,1.0,3,3,1.0,6,2,1.0
41008,test,a36_37,2.357521,0.0,1.0,3,2,1.0,2,2,1.0
68003,test,a36_37,3.4393177,4.3019257,1.0,3,3,1.0,2,2,1.0
127030,test,a36_37,3.5021822,1.1681,1.0,3,2,1.0,6,2,1.0
127031,test,a36_37,3.7978077,3.8766596,1.0,3,3,1.0,6,2,1.0
129031,test,a36_37,0.7467829,0.0,1.0,2,2,1.0,6,2,1.0
129196,test,a36_37,2.9566317,2.9811652,1.0,3,3,1.0,2,2,1.0
165030,test,a36_37,3.5268934,3.8713226,1.0,3,3,1.0,6,2,1.0
284004,test,a36_37,3.899984,4.153324,1.0,3,3,1.0,2,2,1.0
301032,test,a36_37,3.897503,4.375446,1.0,3,3,1.0,6,6,1.0
327003,test,a36_37,3.1799114,3.8161197,1.0,3,3,1.0,2,2,1.0
327171,test,a36_37,3.3389368,0.0,1.0,3,2,1.0,2,2,1.0
327172,test,a36_37,2.6654372,3.3073823,1.0,3,3,1.0,2,2,1.0
331005,test,a36_37,4.1655564,4.384486,1.0,3,3,1.0,6,2,1.0
344178,test,a36_37,2.820084,3.283957,1.0,3,3,1.0,2,2,1.0
461030,test,a36_37,3.5664368,3.416885,1.0,3,3,1.0,2,2,1.0
486004,test,a36_37,3.3948383,3.7570312,1.0,3,3,1.0,2,2,1.0
563183,test,a36_37,0.51101637,3.9435904,1.0,2,3,1.0,2,2,1.0
577004,test,a36_37,2.5177774,3.4728677,1.0,3,3,1.0,2,2,1.0
607030,test,a36_37,3.6309085,3.736019,1.0,3,3,1.0,2,2,1.0
613173,test,a36_37,3.2187028,4.599529,1.0,3,3,1.0,2,2,1.0
634008,test,a36_37,3.7776787,3.2418456,1.0,3,3,1.0,4,6,1.0
652005,test,a36_37,3.0861633,3.4032557,1.0,3,3,1.0,2,2,1.0
672003,test,a36_37,0.50592434,3.3391197,1.0,2,3,1.0,2,4,1.0
691175,test,a36_37,3.2515366,2.3309872,1.0,3,3,1.0,2,2,1.0
699031,test,a36_37,2.5313003,3.3599384,1.0,3,3,1.0,6,6,1.0
722178,test,a36_37,0.58235574,0.0,1.0,2,2,1.0,2,2,1.0
771003,test,a36_37,3.4235706,2.9920292,1.0,3,3,1.0,4,2,1.0
775005,test,a36_37,3.424071,3.612571,1.0,3,3,1.0,6,2,1.0
796006,test,a36_37,3.4144058,3.5002303,1.0,3,3,1.0,6,6,1.0
844003,test,a36_37,3.1128006,3.4309494,1.0,3,3,1.0,2,2,1.0
863006,test,a36_37,3.22459,3.216545,1.0,3,3,1.0,2,2,1.0
863173,test,a36_37,3.504818,3.6074202,1.0,3,3,1.0,2,2,1.0
866172,test,a36_37,3.003107,2.7199008,1.0,3,3,1.0,6,2,1.0
868005,test,a36_37,3.3951998,3.7930343,1.0,3,3,1.0,2,2,1.0
875030,test,a36_37,0.7422831,0.0,1.0,2,2,1.0,2,2,1.0
897006,test,a36_37,2.9849977,2.712402,1.0,3,2,1.0,2,4,1.0
922171,test,a36_37,3.3131347,4.013992,1.0,3,3,1.0,2,2,1.0
934030,test,a36_37,3.497006,4.2906785,1.0,3,3,1.0,2,2,1.0
935005,test,a36_37,2.7872527,1.9161729,1.0,3,3,1.0,2,2,1.0
935176,test,a36_37,3.457776,3.945999,1.0,3,3,1.0,2,2,1.0
939030,test,a36_37,3.941072,0.0,1.0,3,2,1.0,6,2,1.0
964003,test,a36_37,0.7932502,3.0027869,1.0,2,3,1.0,6,6,1.0
970004,test,a36_37,3.460719,3.9361787,1.0,3,3,1.0,2,2,1.0
982004,test,a36_37,3.1349654,3.7953534,1.0,3,3,1.0,2,4,1.0
1033030,test,a36_37,3.2881193,4.0324144,1.0,3,3,1.0,2,4,1.0
1036003,test,a36_37,4.032194,2.5812607,1.0,3,3,1.0,4,2,1.0
1048006,test,a36_37,2.6158683,0.3958271,1.0,3,3,1.0,2,2,1.0
1055172,test,a36_37,2.4389477,3.6951494,1.0,3,3,1.0,2,2,1.0
1060175,test,a36_37,2.9677489,2.6840017,1.0,3,3,1.0,2,2,1.0
1064171,test,a36_37,3.6406913,4.499283,1.0,3,3,1.0,2,2,1.0
1072171,test,a36_37,3.459096,3.753342,1.0,3,3,1.0,2,2,1.0
1084175,test,a36_37,2.5362585,1.176917,1.0,3,2,1.0,2,2,1.0
1100172,test,a36_37,2.863005,3.616172,1.0,3,3,1.0,2,2,1.0
1141171,test,a36_37,2.5664518,0.0,0.0,3,-1,0.0,2,-1,0.0
1142030,test,a36_37,3.4786408,2.9372149,1.0,3,3,1.0,2,2,1.0
1144032,test,a36_37,3.470936,3.9697835,1.0,3,3,1.0,2,2,1.0
1149171,test,a36_37,3.1595883,3.6696174,1.0,3,3,1.0,6,2,1.0
1162030,test,a36_37,2.7998726,3.5584557,1.0,3,3,1.0,2,4,1.0
1167030,test,a36_37,0.74347115,0.0,1.0,2,2,1.0,6,6,1.0
1168008,test,a36_37,2.6993499,3.2307491,1.0,3,3,1.0,3,3,1.0
1222179,test,a36_37,2.5001779,2.6426997,1.0,3,3,1.0,2,2,1.0
1260008,test,a36_37,2.794368,2.9115193,1.0,3,3,1.0,2,2,1.0
1269030,test,a36_37,3.217802,4.35901,1.0,3,3,1.0,2,4,1.0
1292030,test,a36_37,3.5996504,3.3329153,1.0,3,2,1.0,4,4,1.0
1298005,test,a36_37,2.665902,3.0895898,1.0,3,3,1.0,2,2,1.0
1306030,test,a36_37,4.1538777,4.886779,1.0,3,3,1.0,2,2,1.0
1335179,test,a36_37,2.548632,3.2806733,1.0,3,3,1.0,2,2,1.0
1353030,test,a36_37,2.487849,0.0,1.0,3,2,1.0,2,2,1.0
1384030,test,a36_37,3.3153026,3.7110548,1.0,3,3,1.0,2,2,1.0
1399008,test,a36_37,2.5469534,4.0375032,1.0,3,3,1.0,2,4,1.0
1415004,test,a36_37,2.5387836,2.5033958,1.0,3,3,1.0,2,2,1.0
1430005,test,a36_37,2.690484,0.0,1.0,3,3,1.0,6,6,1.0
1431003,test,a36_37,3.599361,3.7768457,1.0,3,3,1.0,2,2,1.0
1431004,test,a36_37,2.9748833,0.0,1.0,3,2,1.0,2,2,1.0
1431172,test,a36_37,3.6766696,4.85698,1.0,3,3,1.0,2,2,1.0
1462004,test,a36_37,2.4626822,3.0797172,1.0,3,2,1.0,2,2,1.0
1520173,test,a36_37,3.3759122,3.835209,1.0,3,3,1.0,2,2,1.0
1522175,test,a36_37,3.1850152,4.5301976,1.0,3,3,1.0,2,2,1.0
1542006,test,a36_37,3.2658644,4.8355174,1.0,3,3,1.0,4,2,1.0
1542177,test,a36_37,3.5075164,4.1511307,1.0,3,3,1.0,2,2,1.0
1567031,test,a36_37,3.4119911,3.547917,1.0,3,3,1.0,6,6,1.0
1608031,test,a36_37,3.269988,3.8730197,1.0,3,3,1.0,2,4,1.0
1612003,test,a36_37,3.6078863,3.6263752,1.0,3,3,1.0,2,2,1.0
1621003,test,a36_37,2.4295037,3.2996137,1.0,3,3,1.0,2,2,1.0
1648003,test,a36_37,3.404802,2.9653394,1.0,3,3,1.0,2,2,1.0
1648030,test,a36_37,3.146253,0.0453653,1.0,3,2,1.0,6,6,1.0
1670172,test,a36_37,3.1156085,2.8368268,1.0,3,3,1.0,2,2,1.0
1684170,test,a36_37,0.56823575,0.0,0.0,2,-1,0.0,2,-1,0.0
1690030,test,a36_37,3.5156734,4.1288514,1.0,3,3,1.0,2,4,1.0
1692176,test,a36_37,3.2194471,0.0,0.0,3,-1,0.0,2,-1,0.0
1695030,test,a36_37,2.9159029,3.1334782,1.0,3,3,1.0,6,2,1.0
1697036,test,a36_37,3.2733598,3.9229333,1.0,3,3,1.0,6,2,1.0
1698170,test,a36_37,2.4916556,3.5876048,1.0,3,3,1.0,2,2,1.0
1700031,test,a36_37,3.4195952,3.2409673,1.0,3,3,1.0,4,4,1.0
1701003,test,a36_37,3.3999748,3.916388,1.0,3,3,1.0,6,6,1.0
1711003,test,a36_37,2.5841568,0.0,1.0,3,3,1.0,2,2,1.0
1711171,test,a36_37,3.3370874,3.416885,1.0,3,3,1.0,2,2,1.0
1732005,test,a36_37,2.8655412,3.1862996,1.0,3,3,1.0,6,4,1.0
1762187,test,a36_37,2.708492,0.0,1.0,3,2,1.0,4,2,1.0
1786187,test,a36_37,3.166893,0.0,0.0,3,-1,0.0,2,-1,0.0
1837006,test,a36_37,3.3171709,2.8220248,1.0,3,3,1.0,2,2,1.0
1850172,test,a36_37,2.3389833,3.216545,1.0,3,3,1.0,2,2,1.0
1878030,test,a36_37,3.0907679,3.456708,1.0,3,3,1.0,2,4,1.0
1879030,test,a36_37,3.3505883,4.019886,1.0,3,3,1.0,2,3,1.0
1905004,test,a36_37,3.760493,3.9048967,1.0,3,3,1.0,4,2,1.0
1919009,test,a36_37,3.2788963,0.0,1.0,3,3,1.0,2,2,1.0
1935004,test,a36_37,2.6461647,2.7594547,1.0,3,2,1.0,2,2,1.0
1936030,test,a36_37,2.572523,0.26956925,1.0,3,3,1.0,2,2,1.0
1978171,test,a36_37,2.5534775,3.1327703,1.0,3,3,1.0,2,2,1.0
2030031,test,a36_37,3.0856977,3.7052534,1.0,3,3,1.0,6,2,1.0
2117003,test,a36_37,2.8443534,2.7586699,1.0,3,3,1.0,2,2,1.0
2150172,test,a36_37,2.3004906,1.9554864,1.0,3,3,1.0,2,2,1.0
2199182,test,a36_37,2.9433246,3.717534,1.0,3,3,1.0,2,2,1.0
2206030,test,a36_37,3.9999423,3.1858559,1.0,3,3,1.0,4,2,1.0
2212031,test,a36_37,4.2199163,4.677089,1.0,3,3,1.0,6,2,1.0
2238004,test,a36_37,3.3574133,1.8278397,1.0,3,3,1.0,2,4,1.0
2238172,test,a36_37,3.020523,3.489942,1.0,3,3,1.0,2,2,1.0
2252172,test,a36_37,3.1203902,3.048963,1.0,3,3,1.0,2,2,1.0
2255030,test,a36_37,4.121072,4.375135,1.0,3,3,1.0,2,2,1.0
2277008,test,a36_37,2.6477442,2.6412227,1.0,3,3,1.0,2,2,1.0
2311172,test,a36_37,2.2976568,1.7356842,1.0,3,3,1.0,2,2,1.0
2330003,test,a36_37,3.7839847,4.0433564,1.0,3,3,1.0,6,2,1.0
2338003,test,a36_37,3.4426548,4.4704823,1.0,3,3,1.0,6,6,1.0
2341004,test,a36_37,3.120626,3.4036195,1.0,3,2,1.0,2,4,1.0
2341005,test,a36_37,2.8849018,0.0,1.0,3,3,1.0,2,2,1.0
2354004,test,a36_37,2.2329783,2.4975948,1.0,3,3,1.0,2,2,1.0
2392004,test,a36_37,2.5276375,2.7225564,1.0,3,3,1.0,2,2,1.0
2393005,test,a36_37,4.0563,3.951662,1.0,3,3,1.0,4,2,1.0
2393171,test,a36_37,3.003902,4.04496,1.0,3,3,1.0,2,2,1.0
2409006,test,a36_37,2.8547122,2.6774976,1.0,3,3,1.0,2,2,1.0
2409171,test,a36_37,2.7766175,2.409316,1.0,3,3,1.0,2,2,1.0
2422178,test,a36_37,3.4349484,3.249376,1.0,3,3,1.0,2,2,1.0
2459030,test,a36_37,3.1029096,3.8719819,1.0,3,3,1.0,2,4,1.0
2474030,test,a36_37,3.2511158,3.8730197,1.0,3,3,1.0,2,2,1.0
2474171,test,a36_37,2.5114844,1.1140053,1.0,3,2,1.0,2,2,1.0
2485173,test,a36_37,3.3494756,2.508309,1.0,3,3,1.0,4,4,1.0
2496172,test,a36_37,2.9558978,4.096741,1.0,3,3,1.0,4,4,1.0
2502005,test,a36_37,3.0533972,3.166873,1.0,3,3,1.0,2,2,1.0
2510171,test,a36_37,2.9893277,3.910636,1.0,3,3,1.0,2,2,1.0
2525174,test,a36_37,2.9179971,2.2554643,1.0,3,3,1.0,2,2,1.0
2530184,test,a36_37,2.6842077,2.9075313,1.0,3,3,1.0,2,2,1.0
2547171,test,a36_37,3.5170407,4.1239767,1.0,3,3,1.0,2,2,1.0
2580030,test,a36_37,4.079715,4.800682,1.0,3,3,1.0,2,2,1.0
2593171,test,a36_37,3.2923398,4.3840117,1.0,3,3,1.0,2,4,1.0
2615031,test,a36_37,3.3218122,3.145773,1.0,3,3,1.0,2,2,1.0
2642030,test,a36_37,2.7121518,3.1858559,1.0,3,3,1.0,2,2,1.0
2655002,test,a36_37,0.7534158,0.0,1.0,2,2,1.0,2,2,1.0
2705031,test,a36_37,3.6583998,3.901413,1.0,3,3,1.0,2,4,1.0
2707179,test,a36_37,3.0766542,2.9886043,1.0,3,3,1.0,2,2,1.0
2714031,test,a36_37,3.4386005,3.843872,1.0,3,3,1.0,2,2,1.0
2717004,test,a36_37,3.5298514,3.737305,1.0,3,3,1.0,2,2,1.0
2738171,test,a36_37,3.6277866,4.886779,1.0,3,3,1.0,2,2,1.0
2794003,test,a36_37,3.520969,3.5598774,1.0,3,3,1.0,6,2,1.0
2845030,test,a36_37,3.114729,2.2176964,1.0,3,2,1.0,6,2,1.0
2847030,test,a36_37,3.2557187,3.5965803,1.0,3,2,1.0,4,6,1.0
2848174,test,a36_37,2.4417553,0.0,1.0,3,2,1.0,6,6,1.0
2852006,test,a36_37,0.765659,2.711484,1.0,2,3,1.0,2,2,1.0
2852030,test,a36_37,3.2068367,2.4002507,1.0,3,3,1.0,2,2,1.0
2869170,test,a36_37,3.269339,3.9665751,1.0,3,3,1.0,2,2,1.0
2897006,test,a36_37,3.06888,3.8678546,1.0,3,3,1.0,6,6,1.0
2900171,test,a36_37,3.5869079,0.0,1.0,3,3,1.0,2,2,1.0
2907006,test,a36_37,2.8918142,2.5724497,1.0,3,3,1.0,2,2,1.0
2920030,test,a36_37,3.1232111,3.8583722,1.0,3,3,1.0,6,4,1.0
3107001,test,a36_37,3.1821742,3.456255,1.0,3,3,1.0,2,2,1.0
3137007,test,a36_37,2.6762393,2.624188,1.0,3,3,1.0,6,6,1.0
3283002,test,a36_37,3.7762141,3.1844463,1.0,3,3,1.0,4,6,1.0
3492001,test,a36_37,3.299815,3.896652,1.0,3,3,1.0,6,2,1.0
5016170,test,a36_37,3.173792,2.5121129,1.0,3,3,1.0,4,4,1.0
5082003,test,a36_37,3.3892956,3.835146,1.0,3,3,1.0,6,3,1.0
5145032,test,a36_37,3.3046057,3.5205016,1.0,3,3,1.0,6,6,1.0
5163030,test,a36_37,3.065033,3.3018157,1.0,3,3,1.0,2,3,1.0
5177171,test,a36_37,2.2935846,0.8605063,1.0,3,3,1.0,6,6,1.0
5199178,test,a36_37,2.8283029,2.9653394,1.0,3,3,1.0,2,2,1.0
5241030,test,a36_37,2.8466997,3.3667955,1.0,3,3,1.0,6,6,1.0
5264004,test,a36_37,3.191057,3.4554605,1.0,3,3,1.0,2,2,1.0
5294003,test,a36_37,3.312165,3.5366516,1.0,3,3,1.0,2,2,1.0
5299172,test,a36_37,2.9777265,1.9603477,1.0,3,3,1.0,2,2,1.0
5306002,test,a36_37,2.6034975,0.4569097,1.0,3,2,1.0,6,6,1.0
5350030,test,a36_37,3.0353558,2.4829748,1.0,3,3,1.0,4,6,1.0
5364006,test,a36_37,3.3322349,3.489942,1.0,3,3,1.0,6,6,1.0
5366033,test,a36_37,3.0138872,3.6431746,1.0,3,3,1.0,6,6,1.0
5406173,test,a36_37,2.8539798,3.549721,1.0,3,3,1.0,2,4,1.0
5424030,test,a36_37,2.4553773,3.3871381,1.0,3,3,1.0,6,6,1.0
5425003,test,a36_37,0.7567954,2.222384,1.0,2,3,1.0,2,2,1.0
5430031,test,a36_37,2.315641,0.7351825,1.0,3,3,1.0,6,6,1.0
5430171,test,a36_37,2.7029147,3.9490166,1.0,3,3,1.0,6,6,1.0
5443007,test,a36_37,2.2528458,2.7594547,1.0,3,3,1.0,2,2,1.0
5464032,test,a36_37,2.8819146,2.973692,1.0,3,3,1.0,3,2,1.0
5488007,test,a36_37,2.560681,2.6645033,1.0,3,3,1.0,2,2,1.0
5494005,test,a36_37,2.8375013,4.218239,1.0,3,3,1.0,6,6,1.0
5513030,test,a36_37,3.1286995,3.4137402,1.0,3,2,1.0,6,6,1.0
5549006,test,a36_37,2.6412597,2.9669845,1.0,3,3,1.0,2,4,1.0
5553173,test,a36_37,3.0862088,3.955009,1.0,3,3,1.0,2,2,1.0
5560186,test,a36_37,3.1874633,3.627258,1.0,3,3,1.0,2,2,1.0
5569009,test,a36_37,2.8642716,3.5573397,1.0,3,3,1.0,2,2,1.0
5570010,test,a36_37,3.1422195,3.6598773,1.0,3,3,1.0,3,4,1.0
5570012,test,a36_37,3.1065977,2.9124293,1.0,3,3,1.0,2,6,1.0
5570033,test,a36_37,3.2275825,3.1070757,1.0,3,3,1.0,2,2,1.0
5576031,test,a36_37,2.951044,3.0814157,1.0,3,3,1.0,4,3,1.0
5614005,test,a36_37,2.9381838,2.844158,1.0,3,3,1.0,3,3,1.0
5615010,test,a36_37,3.0383558,3.3217459,1.0,3,3,1.0,6,2,1.0
5615181,test,a36_37,3.2329502,3.5781584,1.0,3,3,1.0,2,2,1.0
5621170,test,a36_37,3.0712607,0.0,1.0,3,3,1.0,2,2,1.0
5626010,test,a36_37,2.8610525,0.0,0.0,3,-1,0.0,2,-1,0.0
5634188,test,a36_37,3.174714,0.0,0.0,3,-1,0.0,2,-1,0.0
5635031,test,a36_37,2.9183989,2.9446492,1.0,3,3,1.0,2,2,1.0
5646006,test,a36_37,0.72331905,2.2722006,1.0,2,2,1.0,6,6,1.0
5660005,test,a36_37,2.9719012,2.2830377,1.0,3,3,1.0,3,2,1.0
5664003,test,a36_37,0.6312007,2.5692537,1.0,2,2,1.0,6,6,1.0
5676007,test,a36_37,2.8876488,3.3618436,1.0,3,3,1.0,2,2,1.0
5678030,test,a36_37,2.4926105,0.0,1.0,3,2,1.0,6,6,1.0
5684034,test,a36_37,3.4424963,4.2188535,1.0,3,3,1.0,2,4,1.0
5784005,test,a36_37,0.7778424,0.0,1.0,2,2,1.0,6,6,1.0
5819005,test,a36_37,0.7018138,0.0,1.0,2,2,1.0,6,6,1.0
5821008,test,a36_37,3.0338728,2.9754534,1.0,3,3,1.0,2,2,1.0
5863033,test,a36_37,0.80014884,1.6931183,1.0,2,3,1.0,6,6,1.0
5921003,test,a36_37,2.7021804,2.588116,1.0,3,3,1.0,6,6,1.0
5922010,test,a36_37,3.0028229,2.8533432,1.0,3,3,1.0,6,6,1.0
5938031,test,a36_37,2.5314035,0.0,1.0,3,2,1.0,6,6,1.0
5960033,test,a36_37,2.9087627,3.0051901,1.0,3,3,1.0,6,6,1.0
5995005,test,a36_37,0.72717965,2.366327,1.0,2,2,1.0,6,6,1.0
6028032,test,a36_37,2.5199556,3.2584245,1.0,3,3,1.0,6,6,1.0
6030005,test,a36_37,3.2210994,3.3861604,1.0,3,3,1.0,6,6,1.0
6030008,test,a36_37,3.0923257,3.5397089,1.0,3,3,1.0,6,6,1.0
6093006,test,a36_37,0.59529173,2.0376515,1.0,2,3,1.0,6,6,1.0
6093011,test,a36_37,2.4081159,2.5042346,1.0,3,3,1.0,6,6,1.0
6114182,test,a36_37,2.873406,0.0,0.0,3,-1,0.0,3,-1,0.0
6120195,test,a36_37,0.76322603,0.0,1.0,2,2,1.0,2,2,1.0
6121030,test,a36_37,2.9676878,3.6931586,1.0,3,3,1.0,6,6,1.0
6179003,test,a36_37,3.2355769,3.3203936,1.0,3,3,1.0,2,2,1.0
6179170,test,a36_37,0.928722,0.0,1.0,2,2,1.0,2,2,1.0
6191006,test,a36_37,2.957297,3.7471669,1.0,3,3,1.0,3,2,1.0
6200175,test,a36_37,3.3230524,3.1231244,1.0,3,3,1.0,2,2,1.0
6210007,test,a36_37,3.2665844,3.5546792,1.0,3,3,1.0,6,2,1.0
6210008,test,a36_37,2.7807512,0.69897085,1.0,3,2,1.0,6,2,1.0
6350007,test,a36_37,2.959372,1.7350653,1.0,3,3,1.0,6,2,1.0
6365010,test,a36_37,0.746979,2.727774,1.0,2,3,1.0,6,6,1.0
6365011,test,a36_37,2.447705,2.0153425,1.0,3,3,1.0,2,2,1.0
6365177,test,a36_37,2.8708835,0.0,0.0,3,3,1.0,2,2,1.0
6381008,test,a36_37,3.0177283,4.1826577,1.0,3,3,1.0,2,4,1.0
6444003,test,a36_37,2.8355763,2.9450343,1.0,3,3,1.0,2,2,1.0
6475006,test,a36_37,0.6738626,0.65802634,1.0,2,3,1.0,6,6,1.0
6475007,test,a36_37,0.67377937,1.4497495,1.0,2,3,1.0,6,6,1.0
6509004,test,a36_37,3.012899,3.0907397,1.0,3,3,1.0,6,2,1.0
6545008,test,a36_37,3.4405668,3.8915806,1.0,3,3,1.0,6,2,1.0
6571003,test,a36_37,2.8760085,3.935453,1.0,3,3,1.0,6,6,1.0
6635009,test,a36_37,0.61409116,0.0,1.0,2,2,1.0,6,4,1.0
6663030,test,a36_37,3.372162,4.1571207,1.0,3,3,1.0,6,6,1.0
6674003,test,a36_37,3.2668192,4.7621493,1.0,3,3,1.0,3,3,1.0
6674005,test,a36_37,3.6575646,3.4580462,1.0,3,2,1.0,4,3,1.0
6736181,test,a36_37,2.8551426,2.5787773,1.0,3,3,1.0,2,2,1.0
6740003,test,a36_37,2.5096474,2.816746,1.0,3,3,1.0,2,2,1.0
6769008,test,a36_37,2.794701,2.4743154,1.0,3,3,1.0,3,2,1.0
6779033,test,a36_37,2.0353234,0.0,1.0,3,2,1.0,6,6,1.0
6030,test,a38_39,3.4541433,3.749288,1.0,3,3,1.0,2,2,1.0
10030,test,a38_39,3.6548567,4.5234475,1.0,3,3,1.0,6,2,1.0
41008,test,a38_39,2.3733485,0.0,1.0,3,2,1.0,2,3,1.0
68003,test,a38_39,3.4257846,4.141229,1.0,3,3,1.0,2,2,1.0
127030,test,a38_39,3.4317932,1.6800723,1.0,3,2,1.0,6,2,1.0
127031,test,a38_39,3.7184324,1.3273802,1.0,3,3,1.0,6,3,1.0
129031,test,a38_39,0.7127218,2.4149668,1.0,2,2,1.0,6,3,1.0
129196,test,a38_39,3.0039277,0.6038552,1.0,3,2,1.0,2,2,1.0
165030,test,a38_39,3.482487,3.7935455,1.0,3,3,1.0,6,2,1.0
284004,test,a38_39,3.8808901,4.218239,1.0,3,3,1.0,2,2,1.0
301032,test,a38_39,3.820445,4.051456,1.0,3,3,1.0,6,6,1.0
327003,test,a38_39,3.1797411,3.8576567,1.0,3,3,1.0,2,2,1.0
327171,test,a38_39,3.3170974,1.2899189,1.0,3,3,1.0,2,2,1.0
327172,test,a38_39,2.7030604,3.6687279,1.0,3,3,1.0,2,2,1.0
331005,test,a38_39,4.1218905,4.2639766,1.0,3,3,1.0,6,2,1.0
344178,test,a38_39,2.82515,3.3562138,1.0,3,3,1.0,2,2,1.0
461030,test,a38_39,3.5553594,3.2707531,1.0,3,3,1.0,2,2,1.0
486004,test,a38_39,3.3900254,4.1858344,1.0,3,3,1.0,2,2,1.0
563183,test,a38_39,0.5408559,4.886779,1.0,2,3,1.0,2,2,1.0
577004,test,a38_39,2.5441067,2.6426997,1.0,3,3,1.0,2,2,1.0
607030,test,a38_39,3.630022,4.340779,1.0,3,3,1.0,2,4,1.0
613173,test,a38_39,3.1568434,4.6204996,1.0,3,3,1.0,2,2,1.0
634008,test,a38_39,3.7938132,3.0124674,1.0,3,3,1.0,4,6,1.0
652005,test,a38_39,3.0742936,3.381554,1.0,3,3,1.0,2,2,1.0
672003,test,a38_39,0.54209554,3.7277038,1.0,2,3,1.0,2,4,1.0
691175,test,a38_39,3.1985445,3.1858559,1.0,3,3,1.0,2,2,1.0
699031,test,a38_39,2.5481586,3.5333405,1.0,3,3,1.0,6,6,1.0
722178,test,a38_39,0.60695803,0.0,1.0,2,2,1.0,2,2,1.0
771003,test,a38_39,3.461405,3.4782934,1.0,3,3,1.0,4,2,1.0
775005,test,a38_39,3.341282,0.0,1.0,3,2,1.0,6,2,1.0
796006,test,a38_39,3.347754,2.893335,1.0,3,3,1.0,6,6,1.0
844003,test,a38_39,3.1669707,3.416885,1.0,3,3,1.0,2,2,1.0
863006,test,a38_39,3.2089581,0.0,1.0,3,2,1.0,2,2,1.0
863173,test,a38_39,3.4909768,3.672806,1.0,3,3,1.0,2,2,1.0
866172,test,a38_39,2.9511197,2.6793635,1.0,3,3,1.0,6,2,1.0
868005,test,a38_39,3.3713639,3.7266295,1.0,3,3,1.0,2,2,1.0
875030,test,a38_39,0.75247395,0.0,1.0,2,2,1.0,2,2,1.0
897006,test,a38_39,2.9951959,2.9308307,1.0,3,3,1.0,2,4,1.0
922171,test,a38_39,3.317791,4.109105,1.0,3,3,1.0,2,2,1.0
934030,test,a38_39,3.486809,4.3578134,1.0,3,3,1.0,2,2,1.0
935005,test,a38_39,2.8901663,2.1372967,1.0,3,3,1.0,2,2,1.0
935176,test,a38_39,3.447289,3.2996137,1.0,3,3,1.0,2,2,1.0
939030,test,a38_39,3.9089305,0.0,1.0,3,2,1.0,6,2,1.0
964003,test,a38_39,0.7820265,3.2050848,1.0,2,3,1.0,6,6,1.0
970004,test,a38_39,3.4416144,2.0805924,1.0,3,3,1.0,2,2,1.0
982004,test,a38_39,3.1416438,3.4262018,1.0,3,3,1.0,2,2,1.0
1033030,test,a38_39,3.285888,3.8766596,1.0,3,3,1.0,2,2,1.0
1036003,test,a38_39,4.049323,3.149699,1.0,3,3,1.0,4,2,1.0
1048006,test,a38_39,2.643517,2.4126072,1.0,3,3,1.0,2,2,1.0
1055172,test,a38_39,2.5254173,3.7397017,1.0,3,3,1.0,2,2,1.0
1060175,test,a38_39,2.9532065,2.8523908,1.0,3,3,1.0,2,2,1.0
1064171,test,a38_39,3.6131544,4.4858203,1.0,3,3,1.0,2,2,1.0
1072171,test,a38_39,3.446478,2.8985991,1.0,3,3,1.0,2,2,1.0
1084175,test,a38_39,2.602833,1.3963474,1.0,3,2,1.0,2,2,1.0
1100172,test,a38_39,2.8777435,3.8317928,1.0,3,3,1.0,2,2,1.0
1141171,test,a38_39,2.6225898,0.752443,1.0,3,3,1.0,2,2,1.0
1142030,test,a38_39,3.4586306,3.3023171,1.0,3,3,1.0,2,2,1.0
1144032,test,a38_39,3.4661412,3.9551072,1.0,3,3,1.0,2,2,1.0
1149171,test,a38_39,3.0941007,2.588116,1.0,3,2,1.0,6,2,1.0
1162030,test,a38_39,2.8001556,3.4081893,1.0,3,3,1.0,2,2,1.0
1167030,test,a38_39,0.73458314,0.0,1.0,2,2,1.0,6,6,1.0
1168008,test,a38_39,2.754342,3.1106615,1.0,3,3,1.0,3,3,1.0
1222179,test,a38_39,2.5370429,2.342743,1.0,3,3,1.0,2,2,1.0
1260008,test,a38_39,2.8086984,2.241885,1.0,3,3,1.0,2,2,1.0
1269030,test,a38_39,3.2216642,3.9591064,1.0,3,3,1.0,2,4,1.0
1292030,test,a38_39,3.6181064,2.9246223,1.0,3,2,1.0,4,4,1.0
1298005,test,a38_39,2.7351644,3.2996137,1.0,3,3,1.0,2,2,1.0
1306030,test,a38_39,4.1261506,4.886779,1.0,3,3,1.0,2,2,1.0
1335179,test,a38_39,2.5782115,3.2282774,1.0,3,3,1.0,2,2,1.0
1353030,test,a38_39,2.6171992,0.0,1.0,3,2,1.0,2,2,1.0
1384030,test,a38_39,3.3220408,3.8597128,1.0,3,3,1.0,2,2,1.0
1399008,test,a38_39,2.63488,3.9200065,1.0,3,3,1.0,2,4,1.0
1415004,test,a38_39,2.5753944,2.7496648,1.0,3,3,1.0,2,2,1.0
1430005,test,a38_39,2.7142105,0.0,1.0,3,3,1.0,6,6,1.0
1431003,test,a38_39,3.549725,3.8332024,1.0,3,3,1.0,2,2,1.0
1431004,test,a38_39,2.996485,1.9831173,1.0,3,3,1.0,2,2,1.0
1431172,test,a38_39,3.6488419,4.455336,1.0,3,3,1.0,2,2,1.0
1462004,test,a38_39,2.5645554,0.0,1.0,3,2,1.0,2,2,1.0
1520173,test,a38_39,3.3550649,3.9155073,1.0,3,3,1.0,2,2,1.0
1522175,test,a38_39,3.1556609,4.768415,1.0,3,3,1.0,2,2,1.0
1542006,test,a38_39,3.3140788,4.418266,1.0,3,3,1.0,4,2,1.0
1542177,test,a38_39,3.4657438,4.1952477,1.0,3,3,1.0,2,2,1.0
1567031,test,a38_39,3.3658981,3.7168667,1.0,3,3,1.0,6,6,1.0
1608031,test,a38_39,3.2641103,0.0,0.0,3,-1,0.0,2,-1,0.0
1612003,test,a38_39,3.5886724,3.242958,1.0,3,3,1.0,2,4,1.0
1621003,test,a38_39,2.53583,3.437568,1.0,3,3,1.0,2,2,1.0
1648003,test,a38_39,3.4029982,2.8707297,1.0,3,3,1.0,2,2,1.0
1648030,test,a38_39,3.103272,3.2510931,1.0,3,3,1.0,6,6,1.0
1670172,test,a38_39,3.1135817,3.1246448,1.0,3,3,1.0,2,2,1.0
1684170,test,a38_39,0.58528256,2.5787773,1.0,2,3,1.0,2,2,1.0
1690030,test,a38_39,3.4902883,3.6570308,1.0,3,3,1.0,2,2,1.0
1692176,test,a38_39,3.1972191,3.5729935,1.0,3,3,1.0,2,2,1.0
1695030,test,a38_39,2.8546417,2.9226713,1.0,3,3,1.0,6,2,1.0
1697036,test,a38_39,3.1814651,1.4840773,1.0,3,3,1.0,6,2,1.0
1698170,test,a38_39,2.5181425,0.00086969405,1.0,3,3,1.0,2,2,1.0
1700031,test,a38_39,3.461785,3.282534,1.0,3,3,1.0,4,4,1.0
1701003,test,a38_39,3.3228178,3.8529587,1.0,3,3,1.0,6,6,1.0
1711003,test,a38_39,2.6566002,0.0,0.0,3,-1,0.0,2,-1,0.0
1711171,test,a38_39,3.3431501,3.6634784,1.0,3,3,1.0,2,2,1.0
1732005,test,a38_39,2.8389304,3.150554,1.0,3,3,1.0,6,4,1.0
1762187,test,a38_39,2.7825956,0.0,1.0,3,2,1.0,4,3,1.0
1786187,test,a38_39,3.1726508,3.3020296,1.0,3,3,1.0,2,2,1.0
1837006,test,a38_39,3.3100464,2.8639922,1.0,3,3,1.0,2,2,1.0
1850172,test,a38_39,2.4301567,3.312707,1.0,3,3,1.0,2,2,1.0
1878030,test,a38_39,3.133079,4.103497,1.0,3,2,1.0,2,4,1.0
1879030,test,a38_39,3.3846107,4.0583324,1.0,3,3,1.0,2,2,1.0
1905004,test,a38_39,3.7677777,4.316903,1.0,3,3,1.0,4,2,1.0
1919009,test,a38_39,3.2834656,1.6758715,1.0,3,3,1.0,2,2,1.0
1935004,test,a38_39,2.6710665,2.953849,1.0,3,3,1.0,2,2,1.0
1936030,test,a38_39,2.6548767,1.0134155,1.0,3,3,1.0,2,2,1.0
1978171,test,a38_39,2.5813081,2.7871172,1.0,3,3,1.0,2,2,1.0
2030031,test,a38_39,3.051037,3.1751428,1.0,3,3,1.0,6,2,1.0
2117003,test,a38_39,2.843391,2.6426997,1.0,3,3,1.0,2,2,1.0
2150172,test,a38_39,2.400098,2.1172922,1.0,3,3,1.0,2,2,1.0
2199182,test,a38_39,2.9605975,3.7052534,1.0,3,2,1.0,2,2,1.0
2206030,test,a38_39,4.0202,1.7450649,1.0,3,3,1.0,4,2,1.0
2212031,test,a38_39,4.1600947,4.496284,1.0,3,3,1.0,6,2,1.0
2238004,test,a38_39,3.3486416,2.8751705,1.0,3,3,1.0,2,4,1.0
2238172,test,a38_39,3.0076556,3.9032092,1.0,3,3,1.0,2,2,1.0
2252172,test,a38_39,3.1432009,2.8751705,1.0,3,3,1.0,2,2,1.0
2255030,test,a38_39,4.093127,4.374246,1.0,3,3,1.0,2,2,1.0
2277008,test,a38_39,2.6793735,2.8474362,1.0,3,3,1.0,2,2,1.0
2311172,test,a38_39,2.3876755,2.7029045,1.0,3,3,1.0,2,2,1.0
2330003,test,a38_39,3.71342,3.9039345,1.0,3,3,1.0,6,2,1.0
2338003,test,a38_39,3.3797314,4.347552,1.0,3,3,1.0,6,2,1.0
2341004,test,a38_39,3.0991426,3.5010288,1.0,3,3,1.0,2,4,1.0
2341005,test,a38_39,2.8901103,0.0,1.0,3,3,1.0,2,2,1.0
2354004,test,a38_39,2.312975,2.3049343,1.0,3,3,1.0,2,2,1.0
2392004,test,a38_39,2.5831075,2.9341648,1.0,3,3,1.0,2,2,1.0
2393005,test,a38_39,4.0557137,3.507782,1.0,3,3,1.0,4,2,1.0
2393171,test,a38_39,3.034373,4.208233,1.0,3,3,1.0,2,2,1.0
2409006,test,a38_39,2.887776,0.0,0.0,3,-1,0.0,2,-1,0.0
2409171,test,a38_39,2.7762403,2.6426997,1.0,3,3,1.0,2,3,1.0
2422178,test,a38_39,3.4172368,3.3621042,1.0,3,3,1.0,2,2,1.0
2459030,test,a38_39,3.1398315,3.924717,1.0,3,3,1.0,2,2,1.0
2474030,test,a38_39,3.249807,4.0688195,1.0,3,3,1.0,2,2,1.0
2474171,test,a38_39,2.554927,0.0,1.0,3,2,1.0,2,2,1.0
2485173,test,a38_39,3.3695738,2.1378505,1.0,3,2,1.0,4,6,1.0
2496172,test,a38_39,3.0448024,3.3488646,1.0,3,3,1.0,4,2,1.0
2502005,test,a38_39,3.0425272,3.390585,1.0,3,3,1.0,2,2,1.0
2510171,test,a38_39,2.9692714,4.289796,1.0,3,3,1.0,2,2,1.0
2525174,test,a38_39,2.9031885,1.9848303,1.0,3,2,1.0,2,2,1.0
2530184,test,a38_39,2.6960645,1.403595,1.0,3,2,1.0,2,2,1.0
2547171,test,a38_39,3.4818068,4.568962,1.0,3,3,1.0,2,2,1.0
2580030,test,a38_39,4.0415373,4.819106,1.0,3,3,1.0,2,2,1.0
2593171,test,a38_39,3.2456102,4.559393,1.0,3,3,1.0,2,4,1.0
2615031,test,a38_39,3.2999659,3.192419,1.0,3,3,1.0,2,2,1.0
2642030,test,a38_39,2.7460475,3.8566759,1.0,3,3,1.0,2,4,1.0
2655002,test,a38_39,0.76565564,0.0,0.0,2,-1,0.0,2,-1,0.0
2705031,test,a38_39,3.6591053,4.0177207,1.0,3,3,1.0,2,4,1.0
2707179,test,a38_39,3.0894475,3.1407087,1.0,3,3,1.0,2,2,1.0
2714031,test,a38_39,3.4418383,3.5910182,1.0,3,3,1.0,2,2,1.0
2717004,test,a38_39,3.4953196,3.7156205,1.0,3,3,1.0,2,2,1.0
2738171,test,a38_39,3.5998633,4.1992106,1.0,3,3,1.0,2,2,1.0
2794003,test,a38_39,3.4378014,3.6167965,1.0,3,3,1.0,6,2,1.0
2845030,test,a38_39,3.0793989,3.32431,1.0,3,3,1.0,6,2,1.0
2847030,test,a38_39,3.2640502,3.4514334,1.0,3,3,1.0,4,4,1.0
2848174,test,a38_39,2.4784822,0.0,1.0,3,2,1.0,6,2,1.0
2852006,test,a38_39,0.7729149,2.8745651,1.0,2,2,1.0,2,2,1.0
2852030,test,a38_39,3.2078867,1.7578189,1.0,3,3,1.0,2,2,1.0
2869170,test,a38_39,3.2772849,4.296681,1.0,3,3,1.0,2,2,1.0
2897006,test,a38_39,3.0051718,2.8997164,1.0,3,3,1.0,6,2,1.0
2900171,test,a38_39,3.5526595,3.857261,1.0,3,3,1.0,2,2,1.0
2907006,test,a38_39,2.894972,2.8441474,1.0,3,3,1.0,2,2,1.0
2920030,test,a38_39,3.0543187,3.5910182,1.0,3,2,1.0,6,4,1.0
3107001,test,a38_39,3.1738176,3.660574,1.0,3,3,1.0,2,2,1.0
3137007,test,a38_39,2.6371183,2.908521,1.0,3,3,1.0,6,6,1.0
3283002,test,a38_39,3.758384,3.2907898,1.0,3,3,1.0,4,6,1.0
3492001,test,a38_39,3.2081356,0.3199841,1.0,3,2,1.0,6,2,1.0
5016170,test,a38_39,3.1972632,1.8830991,1.0,3,3,1.0,4,4,1.0
5082003,test,a38_39,3.2860444,3.916388,1.0,3,3,1.0,6,4,1.0
5145032,test,a38_39,3.2353883,0.0,1.0,3,2,1.0,6,6,1.0
5163030,test,a38_39,3.0636277,2.874842,1.0,3,3,1.0,2,4,1.0
5177171,test,a38_39,2.2993643,0.5026926,1.0,3,3,1.0,6,6,1.0
5199178,test,a38_39,2.8336966,3.016735,1.0,3,3,1.0,2,2,1.0
5241030,test,a38_39,2.7765653,3.3928792,1.0,3,3,1.0,6,6,1.0
5264004,test,a38_39,3.187992,3.4920115,1.0,3,3,1.0,2,2,1.0
5294003,test,a38_39,3.2680664,3.5534267,1.0,3,3,1.0,2,2,1.0
5299172,test,a38_39,3.0004876,2.7591305,1.0,3,3,1.0,2,2,1.0
5306002,test,a38_39,2.5622528,0.5325506,1.0,3,2,1.0,6,6,1.0
5350030,test,a38_39,3.0766585,3.4463062,1.0,3,3,1.0,4,6,1.0
5364006,test,a38_39,3.2538357,3.6436281,1.0,3,2,1.0,6,6,1.0
5366033,test,a38_39,2.9528682,3.6539025,1.0,3,3,1.0,6,4,1.0
5406173,test,a38_39,2.8624218,3.4896688,1.0,3,3,1.0,2,4,1.0
5424030,test,a38_39,2.4791877,3.3914385,1.0,3,3,1.0,6,6,1.0
5425003,test,a38_39,0.7524637,2.986773,1.0,2,3,1.0,2,2,1.0
5430031,test,a38_39,2.3398716,0.0,1.0,3,2,1.0,6,6,1.0
5430171,test,a38_39,2.635805,3.2527912,1.0,3,3,1.0,6,6,1.0
5443007,test,a38_39,2.336607,0.0,1.0,3,2,1.0,2,2,1.0
5464032,test,a38_39,2.8775353,3.0959985,1.0,3,3,1.0,3,2,1.0
5488007,test,a38_39,2.5752318,2.388837,1.0,3,3,1.0,2,2,1.0
5494005,test,a38_39,2.7842066,2.6712263,1.0,3,3,1.0,6,6,1.0
5513030,test,a38_39,3.0632966,1.8739514,1.0,3,3,1.0,6,6,1.0
5549006,test,a38_39,2.664443,3.2625797,1.0,3,3,1.0,2,3,1.0
5553173,test,a38_39,3.0471313,4.113696,1.0,3,3,1.0,2,2,1.0
5560186,test,a38_39,3.1802142,3.4533525,1.0,3,3,1.0,2,2,1.0
5569009,test,a38_39,2.8526547,1.8774947,1.0,3,3,1.0,2,2,1.0
5570010,test,a38_39,3.1154737,3.7856972,1.0,3,3,1.0,3,4,1.0
5570012,test,a38_39,3.1038444,3.5299022,1.0,3,3,1.0,2,2,1.0
5570033,test,a38_39,3.2101388,3.4081893,1.0,3,3,1.0,2,2,1.0
5576031,test,a38_39,2.9841697,2.8607311,1.0,3,3,1.0,4,2,1.0
5614005,test,a38_39,2.9435873,3.0700378,1.0,3,3,1.0,3,4,1.0
5615010,test,a38_39,2.9433944,3.3347914,1.0,3,3,1.0,6,2,1.0
5615181,test,a38_39,3.216999,3.64069,1.0,3,3,1.0,2,2,1.0
5621170,test,a38_39,3.0827534,2.8751972,1.0,3,3,1.0,2,2,1.0
5626010,test,a38_39,2.8600733,3.6983402,1.0,3,3,1.0,2,4,1.0
5634188,test,a38_39,3.1615107,3.7130666,1.0,3,3,1.0,2,5,1.0
5635031,test,a38_39,2.9305308,3.0341442,1.0,3,3,1.0,2,2,1.0
5646006,test,a38_39,0.7077658,1.4691843,1.0,2,2,1.0,6,6,1.0
5660005,test,a38_39,2.9338317,3.3618436,1.0,3,3,1.0,3,2,1.0
5664003,test,a38_39,0.6162832,2.5328875,1.0,2,3,1.0,6,6,1.0
5676007,test,a38_39,2.8693423,3.2290735,1.0,3,3,1.0,2,2,1.0
5678030,test,a38_39,2.4575486,2.5460799,1.0,3,2,1.0,6,6,1.0
5684034,test,a38_39,3.4127648,4.285655,1.0,3,3,1.0,2,4,1.0
5784005,test,a38_39,0.76447535,0.98314327,1.0,2,2,1.0,6,6,1.0
5819005,test,a38_39,0.6585103,0.0,1.0,2,2,1.0,6,6,1.0
5821008,test,a38_39,3.0235777,2.9653394,1.0,3,3,1.0,2,2,1.0
5863033,test,a38_39,0.78499365,2.2691305,1.0,2,3,1.0,6,6,1.0
5921003,test,a38_39,2.6931953,2.8987672,1.0,3,3,1.0,6,6,1.0
5922010,test,a38_39,2.9475112,3.0221944,1.0,3,3,1.0,6,6,1.0
5938031,test,a38_39,2.5007563,0.0,1.0,3,2,1.0,6,6,1.0
5960033,test,a38_39,2.884184,2.9610908,1.0,3,3,1.0,6,6,1.0
5995005,test,a38_39,0.7000588,3.1931083,1.0,2,3,1.0,6,6,1.0
6028032,test,a38_39,2.5061643,3.2903967,1.0,3,3,1.0,6,6,1.0
6030005,test,a38_39,3.1149487,3.3618436,1.0,3,3,1.0,6,6,1.0
6030008,test,a38_39,3.0054312,3.4057453,1.0,3,3,1.0,6,6,1.0
6093006,test,a38_39,0.5891514,2.8947754,1.0,2,3,1.0,6,6,1.0
6093011,test,a38_39,2.381544,2.4029288,1.0,3,3,1.0,6,6,1.0
6114182,test,a38_39,2.8749084,0.0,1.0,3,-1,0.0,3,4,1.0
6120195,test,a38_39,0.7655232,0.0,1.0,2,2,1.0,2,2,1.0
6121030,test,a38_39,2.882543,3.990114,1.0,3,3,1.0,6,6,1.0
6179003,test,a38_39,3.2271178,3.4187503,1.0,3,3,1.0,2,2,1.0
6179170,test,a38_39,0.94162524,0.0,1.0,2,2,1.0,2,2,1.0
6191006,test,a38_39,2.9279737,3.497985,1.0,3,3,1.0,3,2,1.0
6200175,test,a38_39,3.2975914,0.0,0.0,3,-1,0.0,2,-1,0.0
6210007,test,a38_39,3.141133,3.3717976,1.0,3,3,1.0,6,2,1.0
6210008,test,a38_39,2.7379575,2.1378505,1.0,3,2,1.0,6,2,1.0
6350007,test,a38_39,2.9289186,3.0180361,1.0,3,3,1.0,6,2,1.0
6365010,test,a38_39,0.7418009,2.5992112,1.0,2,3,1.0,6,6,1.0
6365011,test,a38_39,2.517726,0.0,1.0,3,2,1.0,2,2,1.0
6365177,test,a38_39,2.9118729,3.1111588,1.0,3,3,1.0,2,2,1.0
6381008,test,a38_39,3.0469084,4.452307,1.0,3,2,1.0,2,4,1.0
6444003,test,a38_39,2.8803363,3.2238517,1.0,3,3,1.0,2,2,1.0
6475006,test,a38_39,0.6594372,1.6452125,1.0,2,3,1.0,6,6,1.0
6475007,test,a38_39,0.66280496,2.188878,1.0,2,3,1.0,6,6,1.0
6509004,test,a38_39,2.9810123,3.403105,1.0,3,3,1.0,6,2,1.0
6545008,test,a38_39,3.3320522,3.8777459,1.0,3,3,1.0,6,2,1.0
6571003,test,a38_39,2.8101432,3.6925054,1.0,3,3,1.0,6,6,1.0
6635009,test,a38_39,0.6087587,0.0,1.0,2,2,1.0,6,6,1.0
6663030,test,a38_39,3.281465,3.9113111,1.0,3,3,1.0,6,6,1.0
6674003,test,a38_39,3.2144406,4.0220346,1.0,3,3,1.0,3,3,1.0
6674005,test,a38_39,3.6537294,0.0,1.0,3,2,1.0,4,4,1.0
6736181,test,a38_39,2.8888745,2.6061158,1.0,3,3,1.0,2,2,1.0
6740003,test,a38_39,2.5378127,2.8639922,1.0,3,3,1.0,2,2,1.0
6769008,test,a38_39,2.791418,0.0,0.0,3,-1,0.0,3,-1,0.0
6779033,test,a38_39,2.0706537,0.0,1.0,3,2,1.0,6,6,1.0
6030,test,a40_41,3.4408793,3.7499423,1.0,3,3,1.0,2,2,1.0
10030,test,a40_41,3.5792966,4.559393,1.0,3,3,1.0,6,2,1.0
41008,test,a40_41,2.373013,0.0,1.0,3,2,1.0,2,3,1.0
68003,test,a40_41,3.4257836,4.0359044,1.0,3,3,1.0,2,2,1.0
127030,test,a40_41,3.3703735,1.9284004,1.0,3,3,1.0,6,2,1.0
127031,test,a40_41,3.6642857,2.6091545,1.0,3,3,1.0,6,4,1.0
129031,test,a40_41,0.6005317,2.0290809,1.0,2,3,1.0,6,6,1.0
129196,test,a40_41,3.044815,0.0,1.0,3,2,1.0,2,2,1.0
165030,test,a40_41,3.4476361,3.9474757,1.0,3,3,1.0,6,2,1.0
284004,test,a40_41,3.8785992,4.279761,1.0,3,3,1.0,2,2,1.0
301032,test,a40_41,3.7697926,4.00551,1.0,3,3,1.0,6,2,1.0
327003,test,a40_41,3.1818256,3.8113515,1.0,3,3,1.0,2,2,1.0
327171,test,a40_41,3.3018196,1.4956659,1.0,3,3,1.0,2,2,1.0
327172,test,a40_41,2.7223542,2.1790605,1.0,3,3,1.0,2,2,1.0
331005,test,a40_41,4.106499,4.282937,1.0,3,3,1.0,6,2,1.0
344178,test,a40_41,2.8232088,3.44694,1.0,3,3,1.0,2,2,1.0
461030,test,a40_41,3.5587955,2.8327258,1.0,3,3,1.0,2,2,1.0
486004,test,a40_41,3.3971596,3.858834,1.0,3,3,1.0,2,2,1.0
563183,test,a40_41,0.4964111,0.0,1.0,2,2,1.0,2,2,1.0
577004,test,a40_41,2.5504835,3.18551,1.0,3,3,1.0,2,2,1.0
607030,test,a40_41,3.6377528,4.129383,1.0,3,3,1.0,2,2,1.0
613173,test,a40_41,3.1042068,4.710525,1.0,3,3,1.0,2,2,1.0
634008,test,a40_41,3.826181,0.0,1.0,3,2,1.0,4,2,1.0
652005,test,a40_41,3.0733354,3.578778,1.0,3,3,1.0,2,2,1.0
672003,test,a40_41,0.50417364,3.6452837,1.0,2,3,1.0,2,4,1.0
691175,test,a40_41,3.1558356,3.0671463,1.0,3,3,1.0,2,2,1.0
699031,test,a40_41,2.528849,3.5188198,1.0,3,3,1.0,6,6,1.0
722178,test,a40_41,0.5559944,2.6435707,1.0,2,2,1.0,2,2,1.0
771003,test,a40_41,3.5086007,3.6737127,1.0,3,3,1.0,4,2,1.0
775005,test,a40_41,3.2751327,0.7834087,1.0,3,2,1.0,6,2,1.0
796006,test,a40_41,3.2850673,3.935453,1.0,3,3,1.0,6,6,1.0
844003,test,a40_41,3.2112463,3.3626049,1.0,3,3,1.0,2,2,1.0
863006,test,a40_41,3.199557,1.3168756,1.0,3,2,1.0,2,2,1.0
863173,test,a40_41,3.4957168,3.9154449,1.0,3,3,1.0,2,2,1.0
866172,test,a40_41,2.8960392,2.6542404,1.0,3,3,1.0,6,2,1.0
868005,test,a40_41,3.3583307,0.0,0.0,3,-1,0.0,2,-1,0.0
875030,test,a40_41,0.6877327,0.0,1.0,2,2,1.0,2,2,1.0
897006,test,a40_41,3.00714,2.0627527,1.0,3,2,1.0,2,4,1.0
922171,test,a40_41,3.332337,4.4280105,1.0,3,3,1.0,2,2,1.0
934030,test,a40_41,3.4862964,4.2702847,1.0,3,3,1.0,2,2,1.0
935005,test,a40_41,2.953323,2.9372149,1.0,3,3,1.0,2,2,1.0
935176,test,a40_41,3.451291,3.1244323,1.0,3,3,1.0,2,2,1.0
939030,test,a40_41,3.8965316,1.1140053,1.0,3,3,1.0,6,2,1.0
964003,test,a40_41,0.68311346,2.2928271,1.0,2,3,1.0,6,6,1.0
970004,test,a40_41,3.4359832,1.595321,1.0,3,3,1.0,2,2,1.0
982004,test,a40_41,3.1521192,3.5209594,1.0,3,3,1.0,2,2,1.0
1033030,test,a40_41,3.2909336,4.8614855,1.0,3,3,1.0,2,2,1.0
1036003,test,a40_41,4.0824933,2.884099,1.0,3,3,1.0,4,2,1.0
1048006,test,a40_41,2.652863,2.782191,1.0,3,3,1.0,2,2,1.0
1055172,test,a40_41,2.568801,3.6848996,1.0,3,3,1.0,2,2,1.0
1060175,test,a40_41,2.9369051,2.5155134,1.0,3,3,1.0,2,2,1.0
1064171,test,a40_41,3.6063085,3.8597128,1.0,3,3,1.0,2,2,1.0
1072171,test,a40_41,3.4508307,3.5870097,1.0,3,3,1.0,2,2,1.0
1084175,test,a40_41,2.64189,0.12959567,1.0,3,2,1.0,2,2,1.0
1100172,test,a40_41,2.8818636,3.9865384,1.0,3,3,1.0,2,2,1.0
1141171,test,a40_41,2.6541364,2.8288498,1.0,3,3,1.0,2,2,1.0
1142030,test,a40_41,3.4511423,3.49205,1.0,3,3,1.0,2,3,1.0
1144032,test,a40_41,3.4698663,4.25247,1.0,3,3,1.0,2,2,1.0
1149171,test,a40_41,3.0302753,3.7665071,1.0,3,3,1.0,6,2,1.0
1162030,test,a40_41,2.7870374,3.5748012,1.0,3,3,1.0,2,2,1.0
1167030,test,a40_41,0.6411774,0.0,1.0,2,2,1.0,6,6,1.0
1168008,test,a40_41,2.7729626,3.210248,1.0,3,3,1.0,3,3,1.0
1222179,test,a40_41,2.5553508,2.767858,1.0,3,3,1.0,2,2,1.0
1260008,test,a40_41,2.811747,2.63554,1.0,3,3,1.0,2,2,1.0
1269030,test,a40_41,3.2254887,4.243668,1.0,3,3,1.0,2,2,1.0
1292030,test,a40_41,3.6498706,0.8605063,1.0,3,2,1.0,4,4,1.0
1298005,test,a40_41,2.7794368,3.515135,1.0,3,3,1.0,2,2,1.0
1306030,test,a40_41,4.11477,4.886779,1.0,3,3,1.0,2,2,1.0
1335179,test,a40_41,2.5876021,3.2139137,1.0,3,3,1.0,2,2,1.0
1353030,test,a40_41,2.6891193,0.0,1.0,3,2,1.0,2,2,1.0
1384030,test,a40_41,3.340889,3.8051383,1.0,3,3,1.0,2,2,1.0
1399008,test,a40_41,2.6862106,4.0544734,1.0,3,2,1.0,2,4,1.0
1415004,test,a40_41,2.5905607,2.0535257,1.0,3,2,1.0,2,2,1.0
1430005,test,a40_41,2.7071385,0.0,1.0,3,2,1.0,6,6,1.0
1431003,test,a40_41,3.5215306,4.008891,1.0,3,3,1.0,2,2,1.0
1431004,test,a40_41,3.0107565,0.0,1.0,3,2,1.0,2,2,1.0
1431172,test,a40_41,3.6377907,4.6023507,1.0,3,3,1.0,2,2,1.0
1462004,test,a40_41,2.6243792,1.7540548,1.0,3,3,1.0,2,2,1.0
1520173,test,a40_41,3.352798,3.8882296,1.0,3,3,1.0,2,2,1.0
1522175,test,a40_41,3.1319714,4.5083756,1.0,3,3,1.0,2,2,1.0
1542006,test,a40_41,3.3625267,4.433782,1.0,3,3,1.0,4,2,1.0
1542177,test,a40_41,3.4448178,4.2022185,1.0,3,3,1.0,2,2,1.0
1567031,test,a40_41,3.324007,3.8071828,1.0,3,3,1.0,6,6,1.0
1608031,test,a40_41,3.2616658,3.1444824,1.0,3,3,1.0,2,4,1.0
1612003,test,a40_41,3.5859957,4.1677203,1.0,3,3,1.0,2,4,1.0
1621003,test,a40_41,2.5933993,3.2300382,1.0,3,3,1.0,2,2,1.0
1648003,test,a40_41,3.4154553,2.9066825,1.0,3,3,1.0,2,2,1.0
1648030,test,a40_41,3.0544405,3.3073823,1.0,3,2,1.0,6,6,1.0
1670172,test,a40_41,3.1226027,2.9212708,1.0,3,3,1.0,2,2,1.0
1684170,test,a40_41,0.53009176,0.0,0.0,2,-1,0.0,2,-1,0.0
1690030,test,a40_41,3.4826725,3.6953304,1.0,3,3,1.0,2,2,1.0
1692176,test,a40_41,3.183675,3.8142254,1.0,3,3,1.0,2,2,1.0
1695030,test,a40_41,2.7829912,2.9304814,1.0,3,3,1.0,6,2,1.0
1697036,test,a40_41,3.1002684,0.0,1.0,3,3,1.0,6,2,1.0
1698170,test,a40_41,2.521189,2.7524128,1.0,3,3,1.0,2,2,1.0
1700031,test,a40_41,3.5078998,3.4132857,1.0,3,3,1.0,4,4,1.0
1701003,test,a40_41,3.2496872,4.083866,1.0,3,3,1.0,6,6,1.0
1711003,test,a40_41,2.6961558,2.6030054,1.0,3,3,1.0,2,2,1.0
1711171,test,a40_41,3.358366,1.7564632,1.0,3,3,1.0,2,2,1.0
1732005,test,a40_41,2.7930915,3.6597633,1.0,3,3,1.0,6,4,1.0
1762187,test,a40_41,2.8444862,2.3030276,1.0,3,3,1.0,4,3,1.0
1786187,test,a40_41,3.1856172,3.3871381,1.0,3,3,1.0,2,2,1.0
1837006,test,a40_41,3.308136,2.9212708,1.0,3,3,1.0,2,2,1.0
1850172,test,a40_41,2.4793801,3.478806,1.0,3,3,1.0,2,2,1.0
1878030,test,a40_41,3.168513,0.0,1.0,3,2,1.0,2,4,1.0
1879030,test,a40_41,3.4181955,4.0048003,1.0,3,3,1.0,2,2,1.0
1905004,test,a40_41,3.7955208,3.8047087,1.0,3,3,1.0,4,2,1.0
1919009,test,a40_41,3.291632,2.2302382,1.0,3,3,1.0,2,2,1.0
1935004,test,a40_41,2.6825352,3.016735,1.0,3,3,1.0,2,2,1.0
1936030,test,a40_41,2.7101018,1.4956659,1.0,3,3,1.0,2,2,1.0
1978171,test,a40_41,2.5924072,2.6840017,1.0,3,3,1.0,2,2,1.0
2030031,test,a40_41,3.0112395,3.3526871,1.0,3,3,1.0,6,2,1.0
2117003,test,a40_41,2.8410773,2.4012594,1.0,3,3,1.0,2,2,1.0
2150172,test,a40_41,2.452762,2.8005123,1.0,3,2,1.0,2,2,1.0
2199182,test,a40_41,2.9777095,4.0846477,1.0,3,3,1.0,2,2,1.0
2206030,test,a40_41,4.056323,2.9928195,1.0,3,3,1.0,4,2,1.0
2212031,test,a40_41,4.134762,4.4331484,1.0,3,3,1.0,6,2,1.0
2238004,test,a40_41,3.3571463,3.9032092,1.0,3,3,1.0,2,4,1.0
2238172,test,a40_41,2.9972646,4.278098,1.0,3,3,1.0,2,3,1.0
2252172,test,a40_41,3.1718695,3.153995,1.0,3,3,1.0,2,2,1.0
2255030,test,a40_41,4.082566,4.886779,1.0,3,3,1.0,2,2,1.0
2277008,test,a40_41,2.6947343,2.7901263,1.0,3,3,1.0,2,2,1.0
2311172,test,a40_41,2.434773,0.74044657,1.0,3,3,1.0,2,2,1.0
2330003,test,a40_41,3.667703,3.858834,1.0,3,3,1.0,6,2,1.0
2338003,test,a40_41,3.325975,4.6548495,1.0,3,3,1.0,6,2,1.0
2341004,test,a40_41,3.088554,3.0886452,1.0,3,3,1.0,2,4,1.0
2341005,test,a40_41,2.8893793,2.4084687,1.0,3,3,1.0,2,2,1.0
2354004,test,a40_41,2.3509822,2.5044913,1.0,3,3,1.0,2,2,1.0
2392004,test,a40_41,2.6112092,0.0,0.0,3,-1,0.0,2,-1,0.0
2393005,test,a40_41,4.0770416,3.6807222,1.0,3,3,1.0,4,2,1.0
2393171,test,a40_41,3.0638623,3.9681766,1.0,3,3,1.0,2,2,1.0
2409006,test,a40_41,2.9156208,0.0,0.0,3,-1,0.0,2,-1,0.0
2409171,test,a40_41,2.770268,3.0480464,1.0,3,3,1.0,2,4,1.0
2422178,test,a40_41,3.4172506,3.4296312,1.0,3,3,1.0,2,2,1.0
2459030,test,a40_41,3.1717443,3.9497616,1.0,3,3,1.0,2,2,1.0
2474030,test,a40_41,3.2539158,4.079769,1.0,3,3,1.0,2,2,1.0
2474171,test,a40_41,2.5745468,0.0,1.0,3,2,1.0,2,2,1.0
2485173,test,a40_41,3.4051197,2.5871267,1.0,3,3,1.0,4,4,1.0
2496172,test,a40_41,3.128745,3.3445346,1.0,3,3,1.0,4,2,1.0
2502005,test,a40_41,3.0431857,3.3588138,1.0,3,3,1.0,2,2,1.0
2510171,test,a40_41,2.950367,4.455336,1.0,3,3,1.0,2,2,1.0
2525174,test,a40_41,2.884347,0.0,1.0,3,2,1.0,2,2,1.0
2530184,test,a40_41,2.6999345,0.0,1.0,3,2,1.0,2,2,1.0
2547171,test,a40_41,3.4607117,4.540295,1.0,3,3,1.0,2,2,1.0
2580030,test,a40_41,4.0246305,4.8289323,1.0,3,3,1.0,2,2,1.0
2593171,test,a40_41,3.2090387,4.5567827,1.0,3,3,1.0,2,4,1.0
2615031,test,a40_41,3.2879057,3.1635318,1.0,3,3,1.0,2,2,1.0
2642030,test,a40_41,2.7628372,3.5686162,1.0,3,3,1.0,2,2,1.0
2655002,test,a40_41,0.6987916,0.0,1.0,2,2,1.0,2,2,1.0
2705031,test,a40_41,3.6737165,3.5910182,1.0,3,3,1.0,2,4,1.0
2707179,test,a40_41,3.1064045,3.1097243,1.0,3,3,1.0,2,2,1.0
2714031,test,a40_41,3.4558947,4.4998927,1.0,3,3,1.0,2,3,1.0
2717004,test,a40_41,3.4835494,3.5781584,1.0,3,3,1.0,2,2,1.0
2738171,test,a40_41,3.5949087,4.0232816,1.0,3,3,1.0,2,2,1.0
2794003,test,a40_41,3.369482,3.718102,1.0,3,3,1.0,6,2,1.0
2845030,test,a40_41,3.0361147,3.4900744,1.0,3,3,1.0,6,2,1.0
2847030,test,a40_41,3.2744277,3.4371748,1.0,3,3,1.0,4,4,1.0
2848174,test,a40_41,2.4718826,0.0,1.0,3,3,1.0,6,2,1.0
2852006,test,a40_41,0.7044345,1.7842062,1.0,2,3,1.0,2,2,1.0
2852030,test,a40_41,3.2166922,3.4605064,1.0,3,3,1.0,2,4,1.0
2869170,test,a40_41,3.2917278,4.2101345,1.0,3,3,1.0,2,2,1.0
2897006,test,a40_41,2.9425745,0.0,1.0,3,3,1.0,6,2,1.0
2900171,test,a40_41,3.5431335,3.6409497,1.0,3,3,1.0,2,2,1.0
2907006,test,a40_41,2.901813,2.6187103,1.0,3,3,1.0,2,2,1.0
2920030,test,a40_41,2.9797738,0.0,0.0,3,-1,0.0,6,-1,0.0
3107001,test,a40_41,3.1721566,3.2733867,1.0,3,3,1.0,2,2,1.0
3137007,test,a40_41,2.5829365,2.5467622,1.0,3,3,1.0,6,6,1.0
3283002,test,a40_41,3.761673,3.921005,1.0,3,3,1.0,4,6,1.0
3492001,test,a40_41,3.1231961,0.0,1.0,3,2,1.0,6,2,1.0
5016170,test,a40_41,3.2237606,2.2421632,1.0,3,3,1.0,4,4,1.0
5082003,test,a40_41,3.1852603,3.9932265,1.0,3,3,1.0,6,4,1.0
5145032,test,a40_41,3.1714575,3.1170058,1.0,3,3,1.0,6,6,1.0
5163030,test,a40_41,3.064485,2.9642875,1.0,3,3,1.0,2,4,1.0
5177171,test,a40_41,2.269944,0.49211225,1.0,3,2,1.0,6,6,1.0
5199178,test,a40_41,2.8345642,3.59953,1.0,3,3,1.0,2,2,1.0
5241030,test,a40_41,2.7000911,3.5749753,1.0,3,3,1.0,6,6,1.0
5264004,test,a40_41,3.186172,3.5120373,1.0,3,3,1.0,2,2,1.0
5294003,test,a40_41,3.242976,3.654262,1.0,3,3,1.0,2,2,1.0
5299172,test,a40_41,3.017346,3.1953952,1.0,3,3,1.0,2,2,1.0
5306002,test,a40_41,2.5020843,0.3266577,1.0,3,2,1.0,6,6,1.0
5350030,test,a40_41,3.1185808,3.3050623,1.0,3,3,1.0,4,6,1.0
5364006,test,a40_41,3.1824124,4.7806487,1.0,3,3,1.0,6,6,1.0
5366033,test,a40_41,2.885462,3.8141546,1.0,3,3,1.0,6,4,1.0
5406173,test,a40_41,2.864971,3.6509905,1.0,3,3,1.0,2,4,1.0
5424030,test,a40_41,2.464424,1.3657057,1.0,3,3,1.0,6,6,1.0
5425003,test,a40_41,0.68476474,2.8280425,1.0,2,3,1.0,2,2,1.0
5430031,test,a40_41,2.3219666,0.6298249,1.0,3,2,1.0,6,6,1.0
5430171,test,a40_41,2.559576,2.7871172,1.0,3,3,1.0,6,6,1.0
5443007,test,a40_41,2.3760245,3.016735,1.0,3,3,1.0,2,2,1.0
5464032,test,a40_41,2.8664916,1.6090235,1.0,3,2,1.0,3,2,1.0
5488007,test,a40_41,2.5747063,2.6505947,1.0,3,3,1.0,2,2,1.0
5494005,test,a40_41,2.7266617,3.4877887,1.0,3,3,1.0,6,2,1.0
5513030,test,a40_41,2.9992294,0.0,1.0,3,3,1.0,6,6,1.0
5549006,test,a40_41,2.6719346,3.1447468,1.0,3,2,1.0,2,3,1.0
5553173,test,a40_41,3.0123158,4.0601115,1.0,3,3,1.0,2,2,1.0
5560186,test,a40_41,3.1770978,3.5258186,1.0,3,3,1.0,2,2,1.0
5569009,test,a40_41,2.848127,3.5397089,1.0,3,3,1.0,2,3,1.0
5570010,test,a40_41,3.0905216,3.7746825,1.0,3,3,1.0,3,4,1.0
5570012,test,a40_41,3.112603,3.5320323,1.0,3,3,1.0,2,2,1.0
5570033,test,a40_41,3.2011418,3.0667183,1.0,3,3,1.0,2,2,1.0
5576031,test,a40_41,3.0140038,2.7843602,1.0,3,3,1.0,4,2,1.0
5614005,test,a40_41,2.9429002,1.4687297,1.0,3,2,1.0,3,4,1.0
5615010,test,a40_41,2.8518214,3.456708,1.0,3,3,1.0,6,2,1.0
5615181,test,a40_41,3.2133036,3.760343,1.0,3,3,1.0,2,2,1.0
5621170,test,a40_41,3.094175,2.9801733,1.0,3,3,1.0,2,2,1.0
5626010,test,a40_41,2.8553777,3.3771255,1.0,3,3,1.0,2,4,1.0
5634188,test,a40_41,3.1579416,4.2273045,1.0,3,3,1.0,2,5,1.0
5635031,test,a40_41,2.9401221,2.0191162,1.0,3,2,1.0,2,2,1.0
5646006,test,a40_41,0.61291385,0.6864259,1.0,2,2,1.0,6,6,1.0
5660005,test,a40_41,2.8997383,1.360323,1.0,3,3,1.0,3,3,1.0
5664003,test,a40_41,0.5299555,2.423047,1.0,2,2,1.0,6,6,1.0
5676007,test,a40_41,2.8565195,3.4555361,1.0,3,3,1.0,2,2,1.0
5678030,test,a40_41,2.4009311,0.0,1.0,3,2,1.0,6,6,1.0
5684034,test,a40_41,3.3883812,3.965506,1.0,3,3,1.0,2,2,1.0
5784005,test,a40_41,0.66814756,0.544594,1.0,2,3,1.0,6,6,1.0
5819005,test,a40_41,0.54814124,0.0,1.0,2,3,1.0,6,6,1.0
5821008,test,a40_41,3.0253057,3.1290631,1.0,3,3,1.0,2,2,1.0
5863033,test,a40_41,0.68676007,2.174519,1.0,2,3,1.0,6,6,1.0
5921003,test,a40_41,2.6588986,3.4085956,1.0,3,3,1.0,6,6,1.0
5922010,test,a40_41,2.8846257,4.886779,1.0,3,3,1.0,6,6,1.0
5938031,test,a40_41,2.4433146,0.0,1.0,3,2,1.0,6,6,1.0
5960033,test,a40_41,2.8466253,3.553619,1.0,3,3,1.0,6,6,1.0
5995005,test,a40_41,0.6037481,0.0,1.0,2,2,1.0,6,6,1.0
6028032,test,a40_41,2.4662018,3.255347,1.0,3,3,1.0,6,6,1.0
6030005,test,a40_41,3.0138881,3.3395429,1.0,3,3,1.0,6,2,1.0
6030008,test,a40_41,2.9200492,3.1301715,1.0,3,3,1.0,6,2,1.0
6093006,test,a40_41,0.5048561,3.1447468,1.0,2,3,1.0,6,6,1.0
6093011,test,a40_41,2.3312173,3.3018157,1.0,3,3,1.0,6,6,1.0
6114182,test,a40_41,2.8696995,0.0,1.0,3,2,1.0,3,4,1.0
6120195,test,a40_41,0.6978673,0.0,1.0,2,3,1.0,2,3,1.0
6121030,test,a40_41,2.7933013,3.929484,1.0,3,3,1.0,6,6,1.0
6179003,test,a40_41,3.2239985,3.4392455,1.0,3,3,1.0,2,2,1.0
6179170,test,a40_41,0.87664306,0.0,1.0,2,2,1.0,2,2,1.0
6191006,test,a40_41,2.9006944,3.8172607,1.0,3,3,1.0,3,2,1.0
6200175,test,a40_41,3.2852356,3.2527912,1.0,3,3,1.0,2,2,1.0
6210007,test,a40_41,3.0242195,3.212376,1.0,3,3,1.0,6,2,1.0
6210008,test,a40_41,2.6847527,0.0,1.0,3,2,1.0,6,4,1.0
6350007,test,a40_41,2.888661,3.1544933,1.0,3,3,1.0,6,2,1.0
6365010,test,a40_41,0.6512927,3.0165422,1.0,2,3,1.0,6,6,1.0
6365011,test,a40_41,2.555737,0.0,1.0,3,2,1.0,2,2,1.0
6365177,test,a40_41,2.9408538,3.6634784,1.0,3,3,1.0,2,2,1.0
6381008,test,a40_41,3.0678093,0.0,1.0,3,2,1.0,2,4,1.0
6444003,test,a40_41,2.9120083,2.9807694,1.0,3,3,1.0,2,2,1.0
6475006,test,a40_41,0.56298316,0.0,1.0,2,2,1.0,6,6,1.0
6475007,test,a40_41,0.57006156,3.4318714,1.0,2,3,1.0,6,6,1.0
6509004,test,a40_41,2.9412432,3.3419354,1.0,3,3,1.0,6,2,1.0
6545008,test,a40_41,3.241708,0.0,1.0,3,3,1.0,6,2,1.0
6571003,test,a40_41,2.7376409,4.2124395,1.0,3,3,1.0,6,6,1.0
6635009,test,a40_41,0.5236305,0.0,1.0,2,2,1.0,6,6,1.0
6663030,test,a40_41,3.2010326,4.0755825,1.0,3,3,1.0,6,6,1.0
6674003,test,a40_41,3.1734312,4.3560786,1.0,3,3,1.0,3,4,1.0
6674005,test,a40_41,3.6655474,0.0,1.0,3,2,1.0,4,4,1.0
6736181,test,a40_41,2.9175801,2.6303368,1.0,3,3,1.0,2,2,1.0
6740003,test,a40_41,2.5466335,2.6061158,1.0,3,3,1.0,2,2,1.0
6769008,test,a40_41,2.7831066,2.2111993,1.0,3,3,1.0,3,3,1.0
6779033,test,a40_41,2.0525956,0.0,1.0,3,2,1.0,6,6,1.0
6030,test,a42_43,3.4075289,4.018007,1.0,3,3,1.0,2,2,1.0
10030,test,a42_43,3.503564,4.516398,1.0,3,3,1.0,6,2,1.0
41008,test,a42_43,2.3626275,0.0,1.0,3,2,1.0,2,4,1.0
68003,test,a42_43,3.4137309,3.703213,1.0,3,3,1.0,2,2,1.0
127030,test,a42_43,3.3051732,0.0,0.0,3,-1,0.0,6,-1,0.0
127031,test,a42_43,3.6038542,3.1822217,1.0,3,3,1.0,6,4,1.0
129031,test,a42_43,0.5209677,2.110738,1.0,2,3,1.0,6,6,1.0
129196,test,a42_43,3.0753691,0.0,1.0,3,2,1.0,2,2,1.0
165030,test,a42_43,3.4046745,4.0063634,1.0,3,3,1.0,6,2,1.0
284004,test,a42_43,3.8573198,4.437202,1.0,3,3,1.0,2,2,1.0
301032,test,a42_43,3.716111,3.9811094,1.0,3,3,1.0,6,2,1.0
327003,test,a42_43,3.1647327,3.8643053,1.0,3,3,1.0,2,2,1.0
327171,test,a42_43,3.2684715,2.8548763,1.0,3,3,1.0,2,2,1.0
327172,test,a42_43,2.723522,3.2091634,1.0,3,3,1.0,2,2,1.0
331005,test,a42_43,4.0826435,4.2756553,1.0,3,3,1.0,6,2,1.0
344178,test,a42_43,2.8037598,3.4481115,1.0,3,3,1.0,2,2,1.0
461030,test,a42_43,3.5500188,3.3523545,1.0,3,3,1.0,2,2,1.0
486004,test,a42_43,3.3927872,3.933598,1.0,3,3,1.0,2,2,1.0
563183,test,a42_43,0.4700992,0.0,1.0,2,2,1.0,2,2,1.0
577004,test,a42_43,2.5414512,2.9315493,1.0,3,3,1.0,2,2,1.0
607030,test,a42_43,3.6306767,3.9962149,1.0,3,3,1.0,2,2,1.0
613173,test,a42_43,3.0390155,4.227375,1.0,3,3,1.0,2,2,1.0
634008,test,a42_43,3.8452334,0.0,1.0,3,2,1.0,4,2,1.0
652005,test,a42_43,3.068277,3.6719475,1.0,3,3,1.0,2,2,1.0
672003,test,a42_43,0.4871788,3.808172,1.0,2,3,1.0,2,4,1.0
691175,test,a42_43,3.1014142,3.1299195,1.0,3,3,1.0,2,2,1.0
699031,test,a42_43,2.499695,3.583789,1.0,3,3,1.0,6,6,1.0
722178,test,a42_43,0.52277625,2.521224,1.0,2,3,1.0,2,2,1.0
771003,test,a42_43,3.5426497,3.6820703,1.0,3,3,1.0,4,2,1.0
775005,test,a42_43,3.2078915,0.8922645,1.0,3,2,1.0,6,2,1.0
796006,test,a42_43,3.2237284,3.7072225,1.0,3,3,1.0,6,6,1.0
844003,test,a42_43,3.2393084,3.515213,1.0,3,3,1.0,2,2,1.0
863006,test,a42_43,3.1706412,1.3962052,1.0,3,3,1.0,2,2,1.0
863173,test,a42_43,3.4886465,4.0801353,1.0,3,3,1.0,2,2,1.0
866172,test,a42_43,2.8443446,3.1822217,1.0,3,3,1.0,6,2,1.0
868005,test,a42_43,3.3367536,4.123802,1.0,3,3,1.0,2,2,1.0
875030,test,a42_43,0.6399466,0.0,1.0,2,2,1.0,2,2,1.0
897006,test,a42_43,3.013129,0.0,1.0,3,2,1.0,2,4,1.0
922171,test,a42_43,3.337015,4.564996,1.0,3,3,1.0,2,2,1.0
934030,test,a42_43,3.4640014,4.243668,1.0,3,3,1.0,2,2,1.0
935005,test,a42_43,2.979527,2.483961,1.0,3,3,1.0,2,2,1.0
935176,test,a42_43,3.4456415,3.3922262,1.0,3,3,1.0,2,2,1.0
939030,test,a42_43,3.876426,0.0,1.0,3,2,1.0,6,2,1.0
964003,test,a42_43,0.60720325,2.023317,1.0,2,3,1.0,6,6,1.0
970004,test,a42_43,3.4214752,3.4467251,1.0,3,3,1.0,2,2,1.0
982004,test,a42_43,3.1550043,3.616172,1.0,3,3,1.0,2,2,1.0
1033030,test,a42_43,3.2845979,4.886779,1.0,3,3,1.0,2,2,1.0
1036003,test,a42_43,4.097105,3.3667955,1.0,3,3,1.0,4,2,1.0
1048006,test,a42_43,2.6494853,2.895511,1.0,3,3,1.0,2,2,1.0
1055172,test,a42_43,2.588074,3.6527476,1.0,3,3,1.0,2,2,1.0
1060175,test,a42_43,2.9093332,2.5045755,1.0,3,3,1.0,2,2,1.0
1064171,test,a42_43,3.5890093,4.023821,1.0,3,3,1.0,2,2,1.0
1072171,test,a42_43,3.4460528,2.8696802,1.0,3,3,1.0,2,2,1.0
1084175,test,a42_43,2.6520562,0.0,1.0,3,2,1.0,2,2,1.0
1100172,test,a42_43,2.8670166,3.9111626,1.0,3,3,1.0,2,2,1.0
1141171,test,a42_43,2.666646,3.0497952,1.0,3,3,1.0,2,4,1.0
1142030,test,a42_43,3.4379156,3.3326652,1.0,3,3,1.0,2,4,1.0
1144032,test,a42_43,3.4627216,4.289485,1.0,3,3,1.0,2,2,1.0
1149171,test,a42_43,2.964717,3.9254675,1.0,3,3,1.0,6,2,1.0
1162030,test,a42_43,2.7620828,3.525854,1.0,3,3,1.0,2,2,1.0
1167030,test,a42_43,0.5775169,0.0,1.0,2,3,1.0,6,6,1.0
1168008,test,a42_43,2.776799,3.535023,1.0,3,3,1.0,3,3,1.0
1222179,test,a42_43,2.554216,2.8725085,1.0,3,3,1.0,2,2,1.0
1260008,test,a42_43,2.8005836,2.7313974,1.0,3,3,1.0,2,2,1.0
1269030,test,a42_43,3.210808,4.3682094,1.0,3,3,1.0,2,2,1.0
1292030,test,a42_43,3.6696973,0.0,1.0,3,2,1.0,4,4,1.0
1298005,test,a42_43,2.7976527,3.5551443,1.0,3,3,1.0,2,2,1.0
1306030,test,a42_43,4.082953,4.886779,1.0,3,3,1.0,2,2,1.0
1335179,test,a42_43,2.5805411,3.439407,1.0,3,3,1.0,2,2,1.0
1353030,test,a42_43,2.7252095,0.0,1.0,3,2,1.0,2,2,1.0
1384030,test,a42_43,3.3516278,3.6010532,1.0,3,3,1.0,2,2,1.0
1399008,test,a42_43,2.7064297,4.2632937,1.0,3,2,1.0,2,4,1.0
1415004,test,a42_43,2.5912075,1.6088175,1.0,3,3,1.0,2,2,1.0
1430005,test,a42_43,2.699637,0.0,1.0,3,2,1.0,6,6,1.0
1431003,test,a42_43,3.4828675,4.011046,1.0,3,3,1.0,2,2,1.0
1431004,test,a42_43,3.0024133,1.4956659,1.0,3,3,1.0,2,2,1.0
1431172,test,a42_43,3.6182919,4.584402,1.0,3,3,1.0,2,2,1.0
1462004,test,a42_43,2.659741,3.3424077,1.0,3,3,1.0,2,2,1.0
1520173,test,a42_43,3.3437023,3.747171,1.0,3,3,1.0,2,2,1.0
1522175,test,a42_43,3.0931334,4.696712,1.0,3,3,1.0,2,2,1.0
1542006,test,a42_43,3.3996937,4.3451347,1.0,3,3,1.0,4,2,1.0
1542177,test,a42_43,3.414705,4.0403357,1.0,3,3,1.0,2,2,1.0
1567031,test,a42_43,3.2846005,3.7483754,1.0,3,3,1.0,6,6,1.0
1608031,test,a42_43,3.246656,3.5092788,1.0,3,3,1.0,2,4,1.0
1612003,test,a42_43,3.5691564,4.0259957,1.0,3,3,1.0,2,4,1.0
1621003,test,a42_43,2.6181898,0.0,1.0,3,3,1.0,2,2,1.0
1648003,test,a42_43,3.4162207,2.5321536,1.0,3,3,1.0,2,2,1.0
1648030,test,a42_43,3.0136132,0.6704159,1.0,3,2,1.0,6,6,1.0
1670172,test,a42_43,3.121023,3.1949477,1.0,3,3,1.0,2,2,1.0
1684170,test,a42_43,0.4920435,3.265041,1.0,2,3,1.0,2,2,1.0
1690030,test,a42_43,3.466479,3.680744,1.0,3,3,1.0,2,2,1.0
1692176,test,a42_43,3.1665952,3.9474757,1.0,3,3,1.0,2,2,1.0
1695030,test,a42_43,2.716727,3.1937861,1.0,3,3,1.0,6,2,1.0
1697036,test,a42_43,3.02164,1.541289,1.0,3,3,1.0,6,2,1.0
1698170,test,a42_43,2.50848,2.7459342,1.0,3,3,1.0,2,2,1.0
1700031,test,a42_43,3.5406365,3.5983753,1.0,3,3,1.0,4,4,1.0
1701003,test,a42_43,3.177164,4.1992106,1.0,3,3,1.0,6,6,1.0
1711003,test,a42_43,2.7104273,0.0,1.0,3,2,1.0,2,2,1.0
1711171,test,a42_43,3.3631501,0.0,1.0,3,2,1.0,2,2,1.0
1732005,test,a42_43,2.738076,4.4446826,1.0,3,3,1.0,6,4,1.0
1762187,test,a42_43,2.9016328,1.674252,1.0,3,3,1.0,4,3,1.0
1786187,test,a42_43,3.192679,3.3329153,1.0,3,3,1.0,2,2,1.0
1837006,test,a42_43,3.2953677,2.976302,1.0,3,3,1.0,2,2,1.0
1850172,test,a42_43,2.5007765,3.4697297,1.0,3,3,1.0,2,2,1.0
1878030,test,a42_43,3.1809056,2.5655892,1.0,3,3,1.0,2,4,1.0
1879030,test,a42_43,3.4389508,4.0755825,1.0,3,3,1.0,2,2,1.0
1905004,test,a42_43,3.809884,4.7210507,1.0,3,3,1.0,4,2,1.0
1919009,test,a42_43,3.2766128,2.1802564,1.0,3,3,1.0,2,2,1.0
1935004,test,a42_43,2.6758037,1.0762821,1.0,3,3,1.0,2,2,1.0
1936030,test,a42_43,2.7341006,1.3160636,1.0,3,3,1.0,2,2,1.0
1978171,test,a42_43,2.5856423,2.9928195,1.0,3,3,1.0,2,2,1.0
2030031,test,a42_43,2.9673195,3.3705976,1.0,3,3,1.0,6,2,1.0
2117003,test,a42_43,2.822934,2.3713877,1.0,3,3,1.0,2,2,1.0
2150172,test,a42_43,2.4756138,3.0265424,1.0,3,3,1.0,2,4,1.0
2199182,test,a42_43,2.9840643,4.1060762,1.0,3,3,1.0,2,2,1.0
2206030,test,a42_43,4.0725183,2.9993773,1.0,3,3,1.0,4,2,1.0
2212031,test,a42_43,4.101009,4.3677416,1.0,3,3,1.0,6,2,1.0
2238004,test,a42_43,3.354271,4.0907726,1.0,3,3,1.0,2,4,1.0
2238172,test,a42_43,2.9702988,4.4151845,1.0,3,3,1.0,2,4,1.0
2252172,test,a42_43,3.1905794,3.0762377,1.0,3,3,1.0,2,2,1.0
2255030,test,a42_43,4.0529695,4.6077914,1.0,3,3,1.0,2,2,1.0
2277008,test,a42_43,2.6914973,2.9075313,1.0,3,3,1.0,2,2,1.0
2311172,test,a42_43,2.4549477,2.0253,1.0,3,3,1.0,2,2,1.0
2330003,test,a42_43,3.6191149,4.706708,1.0,3,3,1.0,6,2,1.0
2338003,test,a42_43,3.2684963,4.748924,1.0,3,3,1.0,6,2,1.0
2341004,test,a42_43,3.0684159,3.5317435,1.0,3,2,1.0,2,2,1.0
2341005,test,a42_43,2.8828406,4.5817747,1.0,3,3,1.0,2,2,1.0
2354004,test,a42_43,2.367873,2.3713877,1.0,3,3,1.0,2,2,1.0
2392004,test,a42_43,2.619071,3.3104866,1.0,3,3,1.0,2,3,1.0
2393005,test,a42_43,4.077821,3.3018157,1.0,3,3,1.0,4,2,1.0
2393171,test,a42_43,3.0808976,4.596202,1.0,3,3,1.0,2,2,1.0
2409006,test,a42_43,2.9346638,3.8550358,1.0,3,3,1.0,2,4,1.0
2409171,test,a42_43,2.749185,2.9554553,1.0,3,3,1.0,2,4,1.0
2422178,test,a42_43,3.4086456,3.470292,1.0,3,3,1.0,2,2,1.0
2459030,test,a42_43,3.180891,4.0590634,1.0,3,3,1.0,2,2,1.0
2474030,test,a42_43,3.247643,4.110122,1.0,3,3,1.0,2,2,1.0
2474171,test,a42_43,2.581614,0.0,1.0,3,3,1.0,2,2,1.0
2485173,test,a42_43,3.4294248,2.700981,1.0,3,3,1.0,4,2,1.0
2496172,test,a42_43,3.1939082,3.4664924,1.0,3,3,1.0,4,2,1.0
2502005,test,a42_43,3.039988,4.0467095,1.0,3,3,1.0,2,2,1.0
2510171,test,a42_43,2.9177878,4.201887,1.0,3,3,1.0,2,2,1.0
2525174,test,a42_43,2.8480387,0.0,1.0,3,2,1.0,2,2,1.0
2530184,test,a42_43,2.6870365,2.1477582,1.0,3,3,1.0,2,2,1.0
2547171,test,a42_43,3.432085,4.3276353,1.0,3,3,1.0,2,2,1.0
2580030,test,a42_43,3.9875379,4.7627664,1.0,3,3,1.0,2,2,1.0
2593171,test,a42_43,3.1609728,4.5300713,1.0,3,3,1.0,2,4,1.0
2615031,test,a42_43,3.2682848,3.1693892,1.0,3,3,1.0,2,2,1.0
2642030,test,a42_43,2.7634296,3.7204437,1.0,3,3,1.0,2,2,1.0
2655002,test,a42_43,0.6475948,0.0,1.0,2,2,1.0,2,2,1.0
2705031,test,a42_43,3.6709476,3.8177946,1.0,3,3,1.0,2,4,1.0
2707179,test,a42_43,3.119168,2.8142757,1.0,3,3,1.0,2,2,1.0
2714031,test,a42_43,3.4569285,4.569471,1.0,3,3,1.0,2,4,1.0
2717004,test,a42_43,3.461824,3.5017936,1.0,3,3,1.0,2,2,1.0
2738171,test,a42_43,3.578976,3.9697835,1.0,3,3,1.0,2,2,1.0
2794003,test,a42_43,3.305097,3.6463413,1.0,3,3,1.0,6,2,1.0
2845030,test,a42_43,2.9890606,3.6226897,1.0,3,3,1.0,6,2,1.0
2847030,test,a42_43,3.2742007,3.4256546,1.0,3,3,1.0,4,4,1.0
2848174,test,a42_43,2.4516425,2.3689122,1.0,3,3,1.0,6,2,1.0
2852006,test,a42_43,0.65264547,3.0007699,1.0,2,2,1.0,2,3,1.0
2852030,test,a42_43,3.2192185,2.2156281,1.0,3,2,1.0,2,4,1.0
2869170,test,a42_43,3.299371,4.379163,1.0,3,3,1.0,2,2,1.0
2897006,test,a42_43,2.882681,3.6260033,1.0,3,3,1.0,6,2,1.0
2900171,test,a42_43,3.5231643,3.7188902,1.0,3,3,1.0,2,2,1.0
2907006,test,a42_43,2.902422,2.8249462,1.0,3,3,1.0,2,2,1.0
2920030,test,a42_43,2.9040072,3.3265107,1.0,3,3,1.0,6,4,1.0
3107001,test,a42_43,3.1678367,1.9854654,1.0,3,3,1.0,2,4,1.0
3137007,test,a42_43,2.5269976,2.4228272,1.0,3,2,1.0,6,6,1.0
3283002,test,a42_43,3.755309,3.9443512,1.0,3,3,1.0,4,6,1.0
3492001,test,a42_43,3.0407796,0.118359506,1.0,3,2,1.0,6,2,1.0
5016170,test,a42_43,3.2407398,2.743526,1.0,3,3,1.0,4,4,1.0
5082003,test,a42_43,3.0843766,3.938906,1.0,3,3,1.0,6,4,1.0
5145032,test,a42_43,3.1066458,3.1056306,1.0,3,3,1.0,6,6,1.0
5163030,test,a42_43,3.0589418,3.1932871,1.0,3,3,1.0,2,4,1.0
5177171,test,a42_43,2.2403913,0.9682884,1.0,3,2,1.0,6,6,1.0
5199178,test,a42_43,2.822654,3.7188902,1.0,3,3,1.0,2,2,1.0
5241030,test,a42_43,2.6225002,3.4132857,1.0,3,3,1.0,6,6,1.0
5264004,test,a42_43,3.1660159,3.606141,1.0,3,3,1.0,2,2,1.0
5294003,test,a42_43,3.2129018,3.6645775,1.0,3,3,1.0,2,2,1.0
5299172,test,a42_43,3.0252585,3.3685656,1.0,3,3,1.0,2,2,1.0
5306002,test,a42_43,2.4404476,0.0,1.0,3,2,1.0,6,6,1.0
5350030,test,a42_43,3.154923,3.5163884,1.0,3,3,1.0,4,2,1.0
5364006,test,a42_43,3.1141887,4.2447352,1.0,3,3,1.0,6,6,1.0
5366033,test,a42_43,2.820514,3.8660583,1.0,3,3,1.0,6,4,1.0
5406173,test,a42_43,2.8527572,3.5017936,1.0,3,3,1.0,2,4,1.0
5424030,test,a42_43,2.4436243,2.9297807,1.0,3,3,1.0,6,6,1.0
5425003,test,a42_43,0.65340054,2.960796,1.0,2,3,1.0,2,2,1.0
5430031,test,a42_43,2.3010657,0.0,1.0,3,2,1.0,6,6,1.0
5430171,test,a42_43,2.4905753,3.5347836,1.0,3,3,1.0,6,6,1.0
5443007,test,a42_43,2.3927279,1.5825812,1.0,3,3,1.0,2,2,1.0
5464032,test,a42_43,2.8551395,3.1379235,1.0,3,3,1.0,3,2,1.0
5488007,test,a42_43,2.5647588,2.7536736,1.0,3,3,1.0,2,2,1.0
5494005,test,a42_43,2.6735559,3.4795048,1.0,3,3,1.0,6,2,1.0
5513030,test,a42_43,2.9353702,3.0000806,1.0,3,3,1.0,6,6,1.0
5549006,test,a42_43,2.6661646,3.335851,1.0,3,3,1.0,2,4,1.0
5553173,test,a42_43,2.9657207,3.8834674,1.0,3,3,1.0,2,2,1.0
5560186,test,a42_43,3.1662855,3.7111013,1.0,3,3,1.0,2,2,1.0
5569009,test,a42_43,2.841198,0.0,1.0,3,2,1.0,2,3,1.0
5570010,test,a42_43,3.067823,3.7150583,1.0,3,3,1.0,3,2,1.0
5570012,test,a42_43,3.1103482,3.6708767,1.0,3,3,1.0,2,2,1.0
5570033,test,a42_43,3.1844711,3.5471745,1.0,3,3,1.0,2,2,1.0
5576031,test,a42_43,3.0442376,2.7944415,1.0,3,3,1.0,4,2,1.0
5614005,test,a42_43,2.9401362,0.0,1.0,3,2,1.0,3,4,1.0
5615010,test,a42_43,2.7654753,3.4707472,1.0,3,3,1.0,6,2,1.0
5615181,test,a42_43,3.2026632,3.3615167,1.0,3,3,1.0,2,2,1.0
5621170,test,a42_43,3.0957813,3.3248508,1.0,3,3,1.0,2,2,1.0
5626010,test,a42_43,2.8395748,3.3940077,1.0,3,2,1.0,2,4,1.0
5634188,test,a42_43,3.1466947,4.25247,1.0,3,2,1.0,2,5,1.0
5635031,test,a42_43,2.9484031,3.5281215,1.0,3,3,1.0,2,2,1.0
5646006,test,a42_43,0.5500194,0.0,1.0,2,2,1.0,6,4,1.0
5660005,test,a42_43,2.867798,3.265041,1.0,3,3,1.0,3,4,1.0
5664003,test,a42_43,0.4796703,1.9812955,1.0,2,3,1.0,6,6,1.0
5676007,test,a42_43,2.8421376,3.488077,1.0,3,3,1.0,2,2,1.0
5678030,test,a42_43,2.3461113,2.3447468,1.0,3,2,1.0,6,6,1.0
5684034,test,a42_43,3.3506668,4.056188,1.0,3,3,1.0,2,2,1.0
5784005,test,a42_43,0.5980418,1.765224,1.0,2,3,1.0,6,6,1.0
5819005,test,a42_43,0.48080397,0.0,1.0,2,2,1.0,6,6,1.0
5821008,test,a42_43,3.0196552,2.9437988,1.0,3,3,1.0,2,2,1.0
5863033,test,a42_43,0.6182593,2.1360953,1.0,2,3,1.0,6,6,1.0
5921003,test,a42_43,2.6193635,3.4678156,1.0,3,3,1.0,6,6,1.0
5922010,test,a42_43,2.8293352,3.1974998,1.0,3,3,1.0,6,6,1.0
5938031,test,a42_43,2.3862448,0.0,1.0,3,2,1.0,6,6,1.0
5960033,test,a42_43,2.810635,3.5281215,1.0,3,3,1.0,6,6,1.0
5995005,test,a42_43,0.54613495,0.0,1.0,2,2,1.0,6,6,1.0
6028032,test,a42_43,2.4308174,3.5965803,1.0,3,3,1.0,6,6,1.0
6030005,test,a42_43,2.921821,3.335851,1.0,3,3,1.0,6,2,1.0
6030008,test,a42_43,2.8448114,3.1676285,1.0,3,3,1.0,6,2,1.0
6093006,test,a42_43,0.4504187,3.3020296,1.0,2,3,1.0,6,6,1.0
6093011,test,a42_43,2.2903707,2.8392694,1.0,3,2,1.0,6,6,1.0
6114182,test,a42_43,2.8620036,0.0,1.0,3,2,1.0,3,2,1.0
6120195,test,a42_43,0.6619642,2.568642,1.0,2,2,1.0,2,4,1.0
6121030,test,a42_43,2.713203,4.395766,1.0,3,3,1.0,6,4,1.0
6179003,test,a42_43,3.2111304,3.4805162,1.0,3,3,1.0,2,2,1.0
6179170,test,a42_43,0.83227277,0.0,1.0,2,2,1.0,2,2,1.0
6191006,test,a42_43,2.8762746,1.2621803,1.0,3,3,1.0,3,2,1.0
6200175,test,a42_43,3.267251,3.5848198,1.0,3,2,1.0,2,2,1.0
6210007,test,a42_43,2.915267,2.7452414,1.0,3,3,1.0,6,2,1.0
6210008,test,a42_43,2.6330562,0.0,1.0,3,2,1.0,6,4,1.0
6350007,test,a42_43,2.8399947,3.4393446,1.0,3,3,1.0,6,2,1.0
6365010,test,a42_43,0.5889785,3.062897,1.0,2,3,1.0,6,6,1.0
6365011,test,a42_43,2.5761936,0.0,1.0,3,2,1.0,2,2,1.0
6365177,test,a42_43,2.9587986,3.49205,1.0,3,3,1.0,2,2,1.0
6381008,test,a42_43,3.073934,3.0664406,1.0,3,3,1.0,2,4,1.0
6444003,test,a42_43,2.929658,2.7671056,1.0,3,2,1.0,2,2,1.0
6475006,test,a42_43,0.49545646,0.9349168,1.0,2,2,1.0,6,6,1.0
6475007,test,a42_43,0.50657165,3.544934,1.0,2,3,1.0,6,6,1.0
6509004,test,a42_43,2.892231,3.4451652,1.0,3,3,1.0,6,2,1.0
6545008,test,a42_43,3.1560757,3.8012211,1.0,3,3,1.0,6,2,1.0
6571003,test,a42_43,2.6735637,4.1571207,1.0,3,3,1.0,6,6,1.0
6635009,test,a42_43,0.47114587,0.0,1.0,2,2,1.0,6,6,1.0
6663030,test,a42_43,3.1269345,4.886779,1.0,3,3,1.0,6,6,1.0
6674003,test,a42_43,3.1352646,3.7940161,1.0,3,3,1.0,3,2,1.0
6674005,test,a42_43,3.6646469,0.0,1.0,3,2,1.0,4,4,1.0
6736181,test,a42_43,2.93607,2.6496801,1.0,3,3,1.0,2,2,1.0
6740003,test,a42_43,2.5476544,2.6917005,1.0,3,3,1.0,2,2,1.0
6769008,test,a42_43,2.7716255,0.0,1.0,3,2,1.0,3,4,1.0
6779033,test,a42_43,2.032445,0.0,1.0,3,2,1.0,6,6,1.0
6030,test,a44_45,3.4383376,3.6545084,1.0,3,3,1.0,2,2,1.0
10030,test,a44_45,3.5228262,4.4896984,1.0,3,3,1.0,6,2,1.0
41008,test,a44_45,2.3938136,0.0,1.0,3,2,1.0,2,4,1.0
68003,test,a44_45,3.4545135,3.819024,1.0,3,3,1.0,2,2,1.0
127030,test,a44_45,3.3302894,2.281914,1.0,3,3,1.0,6,2,1.0
127031,test,a44_45,3.6404767,3.5618536,1.0,3,3,1.0,6,4,1.0
129031,test,a44_45,0.47745323,1.9444773,1.0,2,3,1.0,6,6,1.0
129196,test,a44_45,3.1344833,0.0,1.0,3,2,1.0,2,2,1.0
165030,test,a44_45,3.4485765,4.1461926,1.0,3,3,1.0,6,2,1.0
284004,test,a44_45,3.8960824,4.4692044,1.0,3,3,1.0,2,2,1.0
301032,test,a44_45,3.7536526,4.127631,1.0,3,3,1.0,6,2,1.0
327003,test,a44_45,3.2022233,3.8237772,1.0,3,3,1.0,2,2,1.0
327171,test,a44_45,3.2956028,2.8139703,1.0,3,3,1.0,2,2,1.0
327172,test,a44_45,2.763546,3.7345612,1.0,3,3,1.0,2,2,1.0
331005,test,a44_45,4.1480055,4.2899485,1.0,3,3,1.0,6,2,1.0
344178,test,a44_45,2.8317344,3.544934,1.0,3,3,1.0,2,2,1.0
461030,test,a44_45,3.591962,0.0,1.0,3,3,1.0,2,2,1.0
486004,test,a44_45,3.4354615,3.929022,1.0,3,3,1.0,2,2,1.0
563183,test,a44_45,0.45813322,0.0,1.0,2,2,1.0,2,2,1.0
577004,test,a44_45,2.5711758,3.6034977,1.0,3,3,1.0,2,2,1.0
607030,test,a44_45,3.6759534,4.0534096,1.0,3,3,1.0,2,2,1.0
613173,test,a44_45,3.04129,4.65822,1.0,3,3,1.0,2,2,1.0
634008,test,a44_45,3.9192538,2.6840017,1.0,3,3,1.0,4,2,1.0
652005,test,a44_45,3.1083508,3.8279805,1.0,3,3,1.0,2,2,1.0
672003,test,a44_45,0.4801526,3.7935455,1.0,2,3,1.0,2,4,1.0
691175,test,a44_45,3.1149418,3.3115778,1.0,3,3,1.0,2,2,1.0
699031,test,a44_45,2.527229,3.51425,1.0,3,3,1.0,6,6,1.0
722178,test,a44_45,0.5068487,3.2750242,1.0,2,3,1.0,2,2,1.0
771003,test,a44_45,3.625897,4.1771755,1.0,3,3,1.0,4,3,1.0
775005,test,a44_45,3.2288098,0.0,1.0,3,2,1.0,6,2,1.0
796006,test,a44_45,3.2450557,4.141229,1.0,3,3,1.0,6,6,1.0
844003,test,a44_45,3.2959523,3.8602035,1.0,3,3,1.0,2,2,1.0
863006,test,a44_45,3.201006,2.9276514,1.0,3,3,1.0,2,2,1.0
863173,test,a44_45,3.5333123,4.001547,1.0,3,3,1.0,2,2,1.0
866172,test,a44_45,2.8648412,3.182386,1.0,3,3,1.0,6,2,1.0
868005,test,a44_45,3.3684268,3.982054,1.0,3,3,1.0,2,2,1.0
875030,test,a44_45,0.61739564,0.0,1.0,2,2,1.0,2,2,1.0
897006,test,a44_45,3.056841,0.0,1.0,3,2,1.0,2,4,1.0
922171,test,a44_45,3.385176,4.464358,1.0,3,3,1.0,2,2,1.0
934030,test,a44_45,3.5008752,4.293851,1.0,3,3,1.0,2,2,1.0
935005,test,a44_45,3.034916,2.7943528,1.0,3,3,1.0,2,2,1.0
935176,test,a44_45,3.4880464,3.7913468,1.0,3,3,1.0,2,2,1.0
939030,test,a44_45,3.9426112,0.0,0.0,3,-1,0.0,6,-1,0.0
964003,test,a44_45,0.563982,2.5959773,1.0,2,2,1.0,6,6,1.0
970004,test,a44_45,3.4574986,0.0,0.0,3,-1,0.0,2,-1,0.0
982004,test,a44_45,3.198164,3.535023,1.0,3,3,1.0,2,2,1.0
1033030,test,a44_45,3.3224192,4.886779,1.0,3,3,1.0,2,2,1.0
1036003,test,a44_45,4.166769,3.1379235,1.0,3,3,1.0,4,2,1.0
1048006,test,a44_45,2.6845424,2.830591,1.0,3,3,1.0,2,2,1.0
1055172,test,a44_45,2.634262,0.0,0.0,3,-1,0.0,2,-1,0.0
1060175,test,a44_45,2.9338794,3.12007,1.0,3,3,1.0,2,2,1.0
1064171,test,a44_45,3.6274178,4.769345,1.0,3,3,1.0,2,2,1.0
1072171,test,a44_45,3.4903457,2.855574,1.0,3,3,1.0,2,2,1.0
1084175,test,a44_45,2.695761,0.0,1.0,3,2,1.0,2,2,1.0
1100172,test,a44_45,2.8971581,3.1936357,1.0,3,3,1.0,2,2,1.0
1141171,test,a44_45,2.7135396,1.0692143,1.0,3,3,1.0,2,4,1.0
1142030,test,a44_45,3.4779243,3.2907898,1.0,3,3,1.0,2,4,1.0
1144032,test,a44_45,3.5038543,4.1940236,1.0,3,3,1.0,2,2,1.0
1149171,test,a44_45,2.9808335,3.959156,1.0,3,3,1.0,6,2,1.0
1162030,test,a44_45,2.78421,3.4265366,1.0,3,3,1.0,2,2,1.0
1167030,test,a44_45,0.54270256,1.8126447,1.0,2,3,1.0,6,6,1.0
1168008,test,a44_45,2.8205893,3.010371,1.0,3,3,1.0,3,3,1.0
1222179,test,a44_45,2.5909142,2.674835,1.0,3,3,1.0,2,2,1.0
1260008,test,a44_45,2.8341935,2.8787093,1.0,3,3,1.0,2,2,1.0
1269030,test,a44_45,3.246808,4.6615767,1.0,3,3,1.0,2,2,1.0
1292030,test,a44_45,3.7431679,0.0,1.0,3,2,1.0,4,4,1.0
1298005,test,a44_45,2.8464098,3.5781584,1.0,3,3,1.0,2,2,1.0
1306030,test,a44_45,4.1186423,4.886779,1.0,3,3,1.0,2,2,1.0
1335179,test,a44_45,2.6117442,3.6099567,1.0,3,3,1.0,2,2,1.0
1353030,test,a44_45,2.7820265,0.0,1.0,3,2,1.0,2,2,1.0
1384030,test,a44_45,3.404652,3.5587387,1.0,3,3,1.0,2,2,1.0
1399008,test,a44_45,2.7526383,3.9132397,1.0,3,3,1.0,2,4,1.0
1415004,test,a44_45,2.627928,1.8165611,1.0,3,3,1.0,2,2,1.0
1430005,test,a44_45,2.7434072,0.0,1.0,3,3,1.0,6,6,1.0
1431003,test,a44_45,3.5079908,4.032044,1.0,3,3,1.0,2,2,1.0
1431004,test,a44_45,3.040205,2.5601785,1.0,3,3,1.0,2,2,1.0
1431172,test,a44_45,3.6533875,4.583634,1.0,3,3,1.0,2,2,1.0
1462004,test,a44_45,2.7162676,3.4766757,1.0,3,3,1.0,2,2,1.0
1520173,test,a44_45,3.3853512,3.8397665,1.0,3,3,1.0,2,2,1.0
1522175,test,a44_45,3.1134558,4.651825,1.0,3,3,1.0,2,2,1.0
1542006,test,a44_45,3.48095,3.2005377,1.0,3,3,1.0,4,2,1.0
1542177,test,a44_45,3.4455714,4.3412447,1.0,3,3,1.0,2,2,1.0
1567031,test,a44_45,3.3218732,3.8337054,1.0,3,3,1.0,6,6,1.0
1608031,test,a44_45,3.2811503,3.5350552,1.0,3,3,1.0,2,2,1.0
1612003,test,a44_45,3.6076763,3.4995418,1.0,3,3,1.0,2,4,1.0
1621003,test,a44_45,2.6682847,3.456708,1.0,3,3,1.0,2,2,1.0
1648003,test,a44_45,3.4632487,2.9091923,1.0,3,3,1.0,2,2,1.0
1648030,test,a44_45,3.042986,0.553295,1.0,3,2,1.0,6,6,1.0
1670172,test,a44_45,3.1616251,3.416885,1.0,3,3,1.0,2,2,1.0
1684170,test,a44_45,0.47483087,3.3823977,1.0,2,3,1.0,2,2,1.0
1690030,test,a44_45,3.5047553,4.214547,1.0,3,3,1.0,2,2,1.0
1692176,test,a44_45,3.1985836,3.6672997,1.0,3,3,1.0,2,2,1.0
1695030,test,a44_45,2.727145,3.1983416,1.0,3,3,1.0,6,2,1.0
1697036,test,a44_45,3.032014,1.6775823,1.0,3,3,1.0,6,2,1.0
1698170,test,a44_45,2.5324624,2.58183,1.0,3,3,1.0,2,2,1.0
1700031,test,a44_45,3.6209729,3.881782,1.0,3,2,1.0,4,2,1.0
1701003,test,a44_45,3.1930087,4.0716443,1.0,3,3,1.0,6,6,1.0
1711003,test,a44_45,2.7555118,0.0,1.0,3,2,1.0,2,2,1.0
1711171,test,a44_45,3.4110575,0.0,0.0,3,-1,0.0,2,-1,0.0
1732005,test,a44_45,2.756362,3.738171,1.0,3,3,1.0,6,4,1.0
1762187,test,a44_45,2.9877677,2.7413988,1.0,3,3,1.0,4,3,1.0
1786187,test,a44_45,3.2403114,3.563177,1.0,3,3,1.0,2,2,1.0
1837006,test,a44_45,3.3322387,2.9535642,1.0,3,3,1.0,2,2,1.0
1850172,test,a44_45,2.5470755,3.6509905,1.0,3,3,1.0,2,2,1.0
1878030,test,a44_45,3.2369888,2.485891,1.0,3,3,1.0,2,4,1.0
1879030,test,a44_45,3.4942598,4.1844926,1.0,3,3,1.0,2,2,1.0
1905004,test,a44_45,3.880239,3.937253,1.0,3,3,1.0,4,2,1.0
1919009,test,a44_45,3.3152962,2.5942936,1.0,3,3,1.0,2,2,1.0
1935004,test,a44_45,2.712401,2.5154653,1.0,3,3,1.0,2,2,1.0
1936030,test,a44_45,2.788403,3.025048,1.0,3,3,1.0,2,2,1.0
1978171,test,a44_45,2.6190348,2.7982898,1.0,3,3,1.0,2,2,1.0
2030031,test,a44_45,2.997546,3.12007,1.0,3,3,1.0,6,2,1.0
2117003,test,a44_45,2.854155,2.533896,1.0,3,3,1.0,2,2,1.0
2150172,test,a44_45,2.5220768,2.4029288,1.0,3,3,1.0,2,4,1.0
2199182,test,a44_45,3.0298762,4.1311436,1.0,3,3,1.0,2,2,1.0
2206030,test,a44_45,4.148649,3.6876562,1.0,3,3,1.0,4,2,1.0
2212031,test,a44_45,4.159904,0.0,0.0,3,-1,0.0,6,-1,0.0
2238004,test,a44_45,3.4008913,3.7364755,1.0,3,3,1.0,2,4,1.0
2238172,test,a44_45,2.9970555,4.594401,1.0,3,3,1.0,2,4,1.0
2252172,test,a44_45,3.2456317,2.9569104,1.0,3,3,1.0,2,2,1.0
2255030,test,a44_45,4.086851,4.886779,1.0,3,3,1.0,2,2,1.0
2277008,test,a44_45,2.7266264,2.8933933,1.0,3,3,1.0,2,2,1.0
2311172,test,a44_45,2.4981973,2.0815432,1.0,3,3,1.0,2,2,1.0
2330003,test,a44_45,3.658567,4.0919957,1.0,3,3,1.0,6,2,1.0
2338003,test,a44_45,3.2955248,4.671329,1.0,3,3,1.0,6,2,1.0
2341004,test,a44_45,3.1020274,3.8012211,1.0,3,2,1.0,2,2,1.0
2341005,test,a44_45,2.9180984,4.886779,1.0,3,3,1.0,2,2,1.0
2354004,test,a44_45,2.4095235,2.4985237,1.0,3,3,1.0,2,2,1.0
2392004,test,a44_45,2.6607988,2.3108797,1.0,3,3,1.0,2,4,1.0
2393005,test,a44_45,4.1405125,3.1619115,1.0,3,3,1.0,4,2,1.0
2393171,test,a44_45,3.1305242,4.4380894,1.0,3,3,1.0,2,2,1.0
2409006,test,a44_45,2.9871664,3.8615713,1.0,3,3,1.0,2,4,1.0
2409171,test,a44_45,2.7769077,2.973692,1.0,3,3,1.0,2,4,1.0
2422178,test,a44_45,3.4509044,3.6084042,1.0,3,3,1.0,2,2,1.0
2459030,test,a44_45,3.232924,4.065095,1.0,3,3,1.0,2,2,1.0
2474030,test,a44_45,3.2833648,3.6439416,1.0,3,3,1.0,2,2,1.0
2474171,test,a44_45,2.6191528,0.0,0.0,3,-1,0.0,2,-1,0.0
2485173,test,a44_45,3.5089316,2.4565563,1.0,3,3,1.0,4,2,1.0
2496172,test,a44_45,3.2928832,3.4912474,1.0,3,3,1.0,4,2,1.0
2502005,test,a44_45,3.0804827,3.0863564,1.0,3,3,1.0,2,2,1.0
2510171,test,a44_45,2.9407103,4.201461,1.0,3,3,1.0,2,2,1.0
2525174,test,a44_45,2.8644655,3.460082,1.0,3,2,1.0,2,2,1.0
2530184,test,a44_45,2.7189531,2.852689,1.0,3,3,1.0,2,2,1.0
2547171,test,a44_45,3.4607744,4.379028,1.0,3,3,1.0,2,2,1.0
2580030,test,a44_45,4.01949,4.831237,1.0,3,3,1.0,2,2,1.0
2593171,test,a44_45,3.176004,4.5944476,1.0,3,3,1.0,2,4,1.0
2615031,test,a44_45,3.3003724,3.4200091,1.0,3,3,1.0,2,2,1.0
2642030,test,a44_45,2.8041677,3.7259781,1.0,3,3,1.0,2,2,1.0
2655002,test,a44_45,0.62309384,0.0,1.0,2,2,1.0,2,2,1.0
2705031,test,a44_45,3.720507,3.9369006,1.0,3,3,1.0,2,4,1.0
2707179,test,a44_45,3.169025,2.8540463,1.0,3,3,1.0,2,2,1.0
2714031,test,a44_45,3.5038104,4.123183,1.0,3,3,1.0,2,4,1.0
2717004,test,a44_45,3.498218,3.1718357,1.0,3,3,1.0,2,2,1.0
2738171,test,a44_45,3.620034,4.800682,1.0,3,3,1.0,2,2,1.0
2794003,test,a44_45,3.3270066,3.5488956,1.0,3,3,1.0,6,2,1.0
2845030,test,a44_45,3.0183876,3.4421458,1.0,3,3,1.0,6,2,1.0
2847030,test,a44_45,3.3316708,3.435388,1.0,3,3,1.0,4,4,1.0
2848174,test,a44_45,2.4848447,1.870879,1.0,3,3,1.0,6,2,1.0
2852006,test,a44_45,0.6289233,1.8338429,1.0,2,2,1.0,2,4,1.0
2852030,test,a44_45,3.2635498,2.9869761,1.0,3,3,1.0,2,4,1.0
2869170,test,a44_45,3.3466277,4.5567827,1.0,3,3,1.0,2,2,1.0
2897006,test,a44_45,2.9012065,2.697948,1.0,3,3,1.0,6,2,1.0
2900171,test,a44_45,3.5625134,2.600042,1.0,3,3,1.0,2,2,1.0
2907006,test,a44_45,2.940417,0.0,0.0,3,-1,0.0,2,-1,0.0
2920030,test,a44_45,2.9108348,3.6819823,1.0,3,3,1.0,6,4,1.0
3107001,test,a44_45,3.2065344,4.01561,1.0,3,3,1.0,2,4,1.0
3137007,test,a44_45,2.542656,1.9174321,1.0,3,3,1.0,6,6,1.0
3283002,test,a44_45,3.8107119,4.065468,1.0,3,2,1.0,4,2,1.0
3492001,test,a44_45,3.0474184,0.21674845,1.0,3,2,1.0,6,2,1.0
5016170,test,a44_45,3.3080468,2.8075144,1.0,3,3,1.0,4,4,1.0
5082003,test,a44_45,3.0782988,4.077138,1.0,3,3,1.0,6,4,1.0
5145032,test,a44_45,3.1265512,3.7119908,1.0,3,3,1.0,6,6,1.0
5163030,test,a44_45,3.0945468,3.60013,1.0,3,3,1.0,2,4,1.0
5177171,test,a44_45,2.264193,0.8536134,1.0,3,3,1.0,6,6,1.0
5199178,test,a44_45,2.8564172,3.813694,1.0,3,3,1.0,2,2,1.0
5241030,test,a44_45,2.6269588,3.9443512,1.0,3,3,1.0,6,6,1.0
5264004,test,a44_45,3.1966379,3.6067438,1.0,3,3,1.0,2,2,1.0
5294003,test,a44_45,3.236741,3.7558146,1.0,3,3,1.0,2,2,1.0
5299172,test,a44_45,3.0646408,3.3873496,1.0,3,3,1.0,2,2,1.0
5306002,test,a44_45,2.451075,1.4095232,1.0,3,3,1.0,6,6,1.0
5350030,test,a44_45,3.232799,3.545665,1.0,3,3,1.0,4,2,1.0
5364006,test,a44_45,3.1308331,3.901413,1.0,3,2,1.0,6,6,1.0
5366033,test,a44_45,2.8341875,3.978181,1.0,3,3,1.0,6,4,1.0
5406173,test,a44_45,2.8855262,3.4039729,1.0,3,3,1.0,2,4,1.0
5424030,test,a44_45,2.4742527,3.5287027,1.0,3,3,1.0,6,6,1.0
5425003,test,a44_45,0.6434159,3.2001226,1.0,2,3,1.0,2,2,1.0
5430031,test,a44_45,2.3282824,0.94651103,1.0,3,3,1.0,6,6,1.0
5430171,test,a44_45,2.4966598,3.6887305,1.0,3,3,1.0,6,6,1.0
5443007,test,a44_45,2.4346411,2.8802483,1.0,3,3,1.0,2,2,1.0
5464032,test,a44_45,2.8931253,3.486668,1.0,3,3,1.0,3,2,1.0
5488007,test,a44_45,2.5944767,2.703032,1.0,3,3,1.0,2,2,1.0
5494005,test,a44_45,2.6915164,3.3568435,1.0,3,3,1.0,6,2,1.0
5513030,test,a44_45,2.952939,3.2729912,1.0,3,2,1.0,6,6,1.0
5549006,test,a44_45,2.6997015,3.2234797,1.0,3,3,1.0,2,4,1.0
5553173,test,a44_45,2.9781218,3.7351592,1.0,3,3,1.0,2,2,1.0
5560186,test,a44_45,3.1974766,3.9101806,1.0,3,3,1.0,2,2,1.0
5569009,test,a44_45,2.8758984,0.1438407,1.0,3,2,1.0,2,3,1.0
5570010,test,a44_45,3.0972917,3.6708767,1.0,3,3,1.0,3,2,1.0
5570012,test,a44_45,3.1511707,3.6192079,1.0,3,3,1.0,2,2,1.0
5570033,test,a44_45,3.2138858,3.7694345,1.0,3,3,1.0,2,2,1.0
5576031,test,a44_45,3.1170723,2.7479036,1.0,3,3,1.0,4,2,1.0
5614005,test,a44_45,2.9840896,2.8548763,1.0,3,3,1.0,3,4,1.0
5615010,test,a44_45,2.76683,3.5584557,1.0,3,3,1.0,6,2,1.0
5615181,test,a44_45,3.236713,3.1251588,1.0,3,3,1.0,2,2,1.0
5621170,test,a44_45,3.1334307,3.3329153,1.0,3,3,1.0,2,2,1.0
5626010,test,a44_45,2.8711753,3.1379235,1.0,3,3,1.0,2,4,1.0
5634188,test,a44_45,3.1800587,0.0,1.0,3,2,1.0,2,5,1.0
5635031,test,a44_45,2.991616,3.6718059,1.0,3,3,1.0,2,2,1.0
5646006,test,a44_45,0.5146897,1.4624746,1.0,2,3,1.0,6,4,1.0
5660005,test,a44_45,2.8954635,3.4188793,1.0,3,3,1.0,3,4,1.0
5664003,test,a44_45,0.4515922,1.9542142,1.0,2,2,1.0,6,6,1.0
5676007,test,a44_45,2.8706803,3.5589597,1.0,3,3,1.0,2,2,1.0
5678030,test,a44_45,2.357908,0.0,1.0,3,3,1.0,6,6,1.0
5684034,test,a44_45,3.3735456,4.304901,1.0,3,3,1.0,2,2,1.0
5784005,test,a44_45,0.56024706,0.0,1.0,2,2,1.0,6,6,1.0
5819005,test,a44_45,0.44466543,0.0,1.0,2,2,1.0,6,6,1.0
5821008,test,a44_45,3.0574453,3.1327703,1.0,3,3,1.0,2,2,1.0
5863033,test,a44_45,0.5814414,2.1044023,1.0,2,3,1.0,6,6,1.0
5921003,test,a44_45,2.644171,3.2579508,1.0,3,2,1.0,6,6,1.0
5922010,test,a44_45,2.8443458,3.2839227,1.0,3,3,1.0,6,6,1.0
5938031,test,a44_45,2.3956451,1.6732749,1.0,3,2,1.0,6,6,1.0
5960033,test,a44_45,2.840734,3.0626745,1.0,3,3,1.0,6,6,1.0
5995005,test,a44_45,0.51506126,0.0,1.0,2,2,1.0,6,6,1.0
6028032,test,a44_45,2.4539666,3.4766757,1.0,3,3,1.0,6,6,1.0
6030005,test,a44_45,2.9173968,3.6509905,1.0,3,3,1.0,6,2,1.0
6030008,test,a44_45,2.8502772,3.1529975,1.0,3,3,1.0,6,2,1.0
6093006,test,a44_45,0.4199772,3.331553,1.0,2,3,1.0,6,6,1.0
6093011,test,a44_45,2.3078592,2.8645954,1.0,3,3,1.0,6,6,1.0
6114182,test,a44_45,2.903179,0.0,1.0,3,2,1.0,3,4,1.0
6120195,test,a44_45,0.64824116,0.0,1.0,2,2,1.0,2,4,1.0
6121030,test,a44_45,2.7154717,4.007859,1.0,3,3,1.0,6,4,1.0
6179003,test,a44_45,3.2424195,3.4366326,1.0,3,3,1.0,2,2,1.0
6179170,test,a44_45,0.81588185,0.0,1.0,2,2,1.0,2,2,1.0
6191006,test,a44_45,2.9082851,3.7130666,1.0,3,3,1.0,3,2,1.0
6200175,test,a44_45,3.296656,3.2409673,1.0,3,3,1.0,2,2,1.0
6210007,test,a44_45,2.9009047,2.7840075,1.0,3,3,1.0,6,2,1.0
6210008,test,a44_45,2.6499276,2.4192536,1.0,3,3,1.0,6,4,1.0
6350007,test,a44_45,2.8656962,3.3488512,1.0,3,3,1.0,6,2,1.0
6365010,test,a44_45,0.5546496,2.966243,1.0,2,3,1.0,6,6,1.0
6365011,test,a44_45,2.6227975,0.0,1.0,3,2,1.0,2,2,1.0
6365177,test,a44_45,3.00435,4.579592,1.0,3,2,1.0,2,2,1.0
6381008,test,a44_45,3.1153238,4.0907545,1.0,3,3,1.0,2,4,1.0
6444003,test,a44_45,2.9755347,3.5554013,1.0,3,3,1.0,2,2,1.0
6475006,test,a44_45,0.45811605,2.2798254,1.0,2,3,1.0,6,6,1.0
6475007,test,a44_45,0.47111392,3.49205,1.0,2,3,1.0,6,6,1.0
6509004,test,a44_45,2.9188726,3.5773633,1.0,3,3,1.0,6,2,1.0
6545008,test,a44_45,3.16073,3.809728,1.0,3,3,1.0,6,2,1.0
6571003,test,a44_45,2.684485,4.2117763,1.0,3,3,1.0,6,6,1.0
6635009,test,a44_45,0.44073296,0.0,1.0,2,2,1.0,6,6,1.0
6663030,test,a44_45,3.1375742,4.527755,1.0,3,3,1.0,6,6,1.0
6674003,test,a44_45,3.1598763,3.7786224,1.0,3,3,1.0,3,2,1.0
6674005,test,a44_45,3.724813,0.0,0.0,3,-1,0.0,4,-1,0.0
6736181,test,a44_45,2.984437,2.8547702,1.0,3,3,1.0,2,2,1.0
6740003,test,a44_45,2.581671,3.5209594,1.0,3,3,1.0,2,2,1.0
6769008,test,a44_45,2.8113568,0.0,1.0,3,2,1.0,3,4,1.0
6779033,test,a44_45,2.0565436,0.0,1.0,3,2,1.0,6,6,1.0
6820030,test,a30_31,2.9530678,0.0,1.0,3,2,1.0,6,6,1.0
6843006,test,a30_31,0.6718774,0.0,1.0,2,2,1.0,6,2,1.0
6857006,test,a30_31,3.2383404,4.886779,1.0,3,3,1.0,2,3,1.0
6820030,test,a32_33,2.998994,1.6985121,1.0,3,2,1.0,6,6,1.0
6843006,test,a32_33,0.71331215,0.0,1.0,2,2,1.0,6,6,1.0
6857006,test,a32_33,3.2291424,2.6426997,1.0,3,3,1.0,2,3,1.0
6820030,test,a34_35,2.9842715,0.0,1.0,3,2,1.0,6,6,1.0
6843006,test,a34_35,0.73083484,0.33577913,1.0,2,2,1.0,6,6,1.0
6857006,test,a34_35,3.1986938,3.9554691,1.0,3,3,1.0,2,4,1.0
6820030,test,a36_37,2.9658747,0.44449985,1.0,3,2,1.0,6,6,1.0
6843006,test,a36_37,0.73456407,1.9499075,1.0,2,3,1.0,6,6,1.0
6857006,test,a36_37,3.2017155,3.1834235,1.0,3,3,1.0,2,2,1.0
6820030,test,a38_39,2.9079227,0.0,1.0,3,2,1.0,6,6,1.0
6843006,test,a38_39,0.7256825,1.9161729,1.0,2,3,1.0,6,6,1.0
6857006,test,a38_39,3.201481,4.07775,1.0,3,3,1.0,2,2,1.0
6820030,test,a40_41,2.8428354,0.0,1.0,3,2,1.0,6,6,1.0
6843006,test,a40_41,0.6327517,1.8969418,1.0,2,2,1.0,6,2,1.0
6857006,test,a40_41,3.2106164,3.766271,1.0,3,3,1.0,2,3,1.0
6820030,test,a42_43,2.7781458,0.0,1.0,3,2,1.0,6,6,1.0
6843006,test,a42_43,0.5673597,1.5200922,1.0,2,3,1.0,6,2,1.0
6857006,test,a42_43,3.2108626,3.7407627,1.0,3,3,1.0,2,5,1.0
6820030,test,a44_45,2.790894,0.0,1.0,3,2,1.0,6,6,1.0
6843006,test,a44_45,0.5317011,0.0,1.0,2,2,1.0,6,2,1.0
6857006,test,a44_45,3.2528648,4.0956507,1.0,3,3,1.0,2,5,1.0
