----------------------------------------------------------------------------
      name:  <unnamed>
       log:  /Users/zixili/Desktop/Brown/Spring_2026/CSCI_1470/FinalProject/
> vars.log
  log type:  text
 opened on:  20 Apr 2026, 19:07:00

. describe, fullnames

Contains data from /Users/zixili/Desktop/Brown/Spring_2026/CSCI_1470/FinalPr
> oject/PSIDSHELF_1968_2021_LONG.dta
 Observations:     3,533,082                  PSID-SHELF, 1968–2021,
                                                Beta Release 2025-01, Long.
                                                Compiled 2025/02/23.
    Variables:           593                  23 Feb 2025 21:18
                                              (_dta has notes)
----------------------------------------------------------------------------
Variable      Storage   Display    Value
    name         type    format    label      Variable label
----------------------------------------------------------------------------
ID              long    %10.0g                Unique ID
                                                [(ER30001*1000)+ER30002]
YEAR            int     %10.0g                Survey year
LINEAGE         int     %10.0g                Lineage, 1968 family unit ID
                                                [ER30001]
PNUM            int     %10.0g                Person number [ER30002]
FUID            int     %10.0g                Family unit ID, wave-specific
HHDID           int     %10.0g                Household dwelling ID,
                                                wave-specific
RESPONDENT      byte    %99.0g     respondent_3cat
                                              Respondent who completed FU's
                                                interview
RESPONDENT_EXT  int     %64.0g     respondentext_19cat
                                              Respondent who completed FU's
                                                interview, extended
RINDIV          byte    %26.0g     rindiv_2cat
                                              Ind is the current respondent
                                                who completed FU's
                                                interview?
REL             byte    %28.0g     rel_4cat   Ind's relationship to FU's
                                                reference person
REL_EXT         int     %77.0g     relext_35cat
                                              Ind's relationship to FU's
                                                reference person, extended
REFCOUPLE       byte    %52.0g     refcouple_2cat
                                              Ind is a current member of
                                                FU's reference couple? (RP
                                                or SP)
SAMPLE          byte    %38.0g     sample_5cat
                                              Sample membership [ER30001]
SAMPSTAT        byte    %30.0g     sampstat_5cat
                                              Sample person status [GENVAR]
SAMPSTAT_EXT    int     %86.0g     sampstatext_7cat
                                              Sample person status, extended
                                                [ER32006]
SEQNUM          byte    %86.0g     seqnum_89cat
                                              Ind's sequence number in FU's
                                                interview
RESPONSE        byte    %112.0g    response_10cat
                                              Ind's response/reason for
                                                nonresponse
RESPONSE_EXT    int     %112.0g    responseext_40cat
                                              Ind's response/reason for
                                                nonresponse, extended
PANEL_CURRENT   byte    %39.0g     panelcurrent_2cat
                                              Ind's panel status, assoc with
                                                PSID FU, current member of
                                                FU?
PANEL_INST      byte    %40.0g     panelinst_6cat
                                              Ind's panel status, assoc with
                                                PSID FU, lives in
                                                institution?
PANEL_MOVE      byte    %36.0g     panelmove_2cat
                                              Ind's panel status, assoc with
                                                PSID FU, moved out since
                                                last wave?
PANEL_DROP_STAT byte    %65.0g     paneldropstat_3cat
                                              FU's panel status, SEO sample
                                                drop, status [GENVAR]
PANEL_DROP_REIN byte    %49.0g     paneldroprein_2cat
                                              FU's panel status, SEO sample
                                                drop, FU was reinstated
                                                after 1997?
PANEL_REIN_ELIG byte    %41.0g     panelreinelig_2cat
                                              FU's panel status, SEO
                                                reinstatement, FU has Ind
                                                from 1997 CDS-elig FU?
FW              double  %49.0g     fw_general_1cat
                                              FU's family weight,
                                                longitudinal
FW_CROSS        long    %12.0g                FU's family weight,
                                                cross-sectional
FW_LATIN_MAIN   double  %10.0g                FU's family weight,
                                                longitudinal, Latino and
                                                main samples
FW_LATIN_ONLY   double  %10.0g                FU's family weight,
                                                longitudinal, Latino sample
                                                only
IW              double  %117.0g    iw_general_1cat
                                              Ind's individual weight,
                                                longitudinal
IW_CROSS        long    %117.0g    iw_general_1cat
                                              Ind's individual weight,
                                                cross-sectional
IW_LATIN_MAIN   double  %10.0g                Ind's individual weight,
                                                longitudinal, Latino and
                                                main samples
IW_LATIN_ONLY   double  %10.0g                Ind's individual weight,
                                                longitudinal, Latino sample
                                                only
STRATUM         byte    %64.0g     stratum_94cat
                                              Sample stratum (for
                                                calculating sampling
                                                variance/errors) [ER31996]
CLUSTER         byte    %10.0g                Sample cluster (for
                                                calculating samplng
                                                variance/errors) [ER31997]
DEMO_SEX        byte    %10.0g     sex_2cat   Ind's demographics, sex
                                                [ER32000]
DEMO_BIRTH_YEAR int     %10.0g                Ind's demographics, birth year
                                                [GENVAR]
DEMO_BIRTH_MONTH
                byte    %10.0g                Ind's demographics, birth
                                                month [GENVAR]
DEMO_DEATH_REP  byte    %35.0g     demo_death_rep_2cat
                                              Ind's demographics, reported
                                                death? [GENVAR]
DEMO_DEATH_YEAR int     %12.0g     deathyear_1cat
                                              Ind's demographics, death year
                                                [GENVAR]
DEMO_AGE_GEN    int     %10.0g                Ind's demographics, age,
                                                generated from birth year
DEMO_AGE_REP    int     %12.0g     agerep_1cat
                                              Ind's demographics, age,
                                                reported by respondent at
                                                time of interview
EDU_YEAR        byte    %10.0g                Ind's education, total years
                                                of schooling
EDU_YEAR_RP     byte    %10.0g                RP's education, total years of
                                                schooling
EDU_YEAR_SP     byte    %10.0g                SP's education, total years of
                                                schooling
EDU_YEAR_MAX    byte    %10.0g                Ind's education, total years
                                                of schooling, max ever
                                                [GENVAR]
EDU_YEAR_MAX_RP byte    %10.0g                RP's education, total years of
                                                schooling, max ever
EDU_YEAR_MAX_SP byte    %10.0g                SP's education, total years of
                                                schooling, max ever
EDU_LEVEL       byte    %45.0g     edulevel_5cat
                                              Ind's education, highest level
                                                of education
EDU_LEVEL_RP    byte    %10.0g                RP's education, highest level
                                                of education
EDU_LEVEL_SP    byte    %10.0g                SP's education, highest level
                                                of education
EDU_LEVEL_MAX   byte    %10.0g                Ind's education, highest level
                                                of education, max ever
                                                [GENVAR]
EDU_LEVEL_MAX_RP
                byte    %10.0g                RP's education, highest level
                                                of education, max ever
EDU_LEVEL_MAX_SP
                byte    %10.0g                SP's education, highest level
                                                of education, max ever
EDU_GRDE        byte    %8.0g                 Ind's education, highest grade
                                                completed
EDU_HSCH        byte    %33.0g     eduhsgradrep_3cat
                                              Ind's education, high school
                                                graduation status
EDU_COLL_ATT    byte    %24.0g     eduanycolrep_2cat
                                              Ind's education, college, ever
                                                attended?
EDU_COLL_DEG    byte    %33.0g     edudegreerep_8cat
                                              Ind's education, college,
                                                highest degree type
EDU_COLL_GRA    byte    %46.0g     educollgra_2cat
                                              Ind's education, college,
                                                received degree?
EDU_COLL_NUM    byte    %25.0g     educollnum_5cat
                                              Ind's education, college,
                                                number of years completed
EDU_ICOL_ATT    byte    %22.0g     edufinstrep_4cat
                                              Ind's education, international
                                                college, ever attended?
EDU_ICOL_DEG    byte    %41.0g     edufdegreerep_7cat
                                              Ind's education, international
                                                college, highest degree type
FAM_SIZE        byte    %10.0g                FU's family type, total number
                                                of people living in FU
FAM_SIZE_CHI    byte    %11.0g     famchild_lab_1972_2019
                                              FU's family type, number of
                                                children under 18 living in
                                                FU
FAM_PARTNERED   byte    %32.0g     fampartner_2cat
                                              FU's family type, RP has a
                                                spouse or partner who lives
                                                in FU?
FAM_PARSTAT     byte    %101.0g    famparstat_6cat
                                              FU's family type, partnership
                                                status of RP
FAM_PARTYPE     byte    %80.0g     fampartype_5cat
                                              FU's family type, RP's current
                                                partner type
FAM_MARRIED     byte    %61.0g     fammarried_2cat
                                              FU's family type, RP is
                                                legally married to spouse
                                                who lives in FU?
FAM_MARSTAT     byte    %66.0g     fammarstat_5cat
                                              FU's family type, legal
                                                marital status of RP
GEO_REGION      byte    %33.0g     georegion_6cat
                                              FU's geography, current region
GEO_STATE       int     %71.0g     geostate_58cat
                                              FU's geography, current state
GEO_METRO       byte    %72.0g     geometro_3cat
                                              FU's geography, currently live
                                                in metro area?
CGEO_REGION     byte    %33.0g     georegion_6cat
                                              Ind's childhood geography,
                                                region where grew up
                                                [GENVAR]
CGEO_STATE      int     %71.0g     geostate_58cat
                                              Ind's childhood geography,
                                                state where grew up [GENVAR]
RACE_ETH_MAJ    byte    %49.0g     raceethnicity_15cat
                                              Ind's race/ethnicity, from
                                                first mention, maj ever
                                                [GENVAR]
RACE_ETH_MAJ_COL
                byte    %10.0g     raceethnicity_summary_4cat
                                              Ind's race/ethnicity, from
                                                first mention, maj ever,
                                                collapsed [GENVAR]
RACE_ETH_MM_MAJ byte    %49.0g     raceethnicity_15cat
                                              Ind's race/ethnicity, from
                                                multi mention, maj ever
                                                [GENVAR]
RACE_ETH_MM_MAJ_COL
                byte    %10.0g     raceethnicity_summary_4cat
                                              Ind's race/ethnicity, from
                                                multi mention, maj ever,
                                                collapsed [GENVAR]
RACE_ETH_MAJ_RP byte    %10.0g                RP's race/ethnicity, from
                                                first mention, maj ever
RACE_ETH_MAJ_SP byte    %10.0g                SP's race/ethnicity, from
                                                first mention, maj ever
RACE_ETH_MAJ_COL_RP
                byte    %10.0g                RP's race/ethnicity, from
                                                first mention, maj ever,
                                                collapsed
RACE_ETH_MAJ_COL_SP
                byte    %10.0g                SP's race/ethnicity, from
                                                first mention, maj ever,
                                                collapsed
RACE_ETH_MM_MAJ_RP
                byte    %10.0g                RP's race/ethnicity, from
                                                multi mention, maj ever
RACE_ETH_MM_MAJ_SP
                byte    %10.0g                SP's race/ethnicity, from
                                                multi mention, maj ever
RACE_ETH_MM_MAJ_COL_RP
                byte    %10.0g                RP's race/ethnicity, from
                                                multi mention, maj ever,
                                                collapsed
RACE_ETH_MM_MAJ_COL_SP
                byte    %10.0g                SP's race/ethnicity, from
                                                multi mention, maj ever,
                                                collapsed
ETH_ONLY_SPAN   byte    %70.0g     ethospan_8cat
                                              Ind's ethnic origin only,
                                                Spanish descent
RACE_ONLY_1M    byte    %35.0g     raceonly_9cat
                                              Ind's race only, mention 1
RACE_ONLY_2M    byte    %35.0g     raceonly_9cat
                                              Ind's race only, mention 2
RACE_ONLY_3M    byte    %35.0g     raceonly_9cat
                                              Ind's race only, mention 3
RACE_ONLY_4M    byte    %35.0g     raceonly_9cat
                                              Ind's race only, mention 4
TIME_ACAR       int     %10.0g     hours_care_rp_1cat
                                              Ind's time use, care for
                                                adult, hours in typical week
TIME_CCAR       int     %10.0g     hours_care_rp_1cat
                                              Ind's time use, care for
                                                child, hours in typical week
TIME_EDUC       int     %17.0g     hours_gen_rp_2cat
                                              Ind's time use, educational
                                                activities, hours in typical
                                                week
TIME_HOUS       double  %17.0g     hours_hous_rp_1995_2099_2cat
                                              Ind's time use, housework,
                                                hours in typical week
TIME_LEIS       int     %17.0g     hours_gen_rp_2cat
                                              Ind's time use, leisure
                                                activities, hours in typical
                                                week
TIME_PERS       int     %17.0g     hours_gen_rp_2cat
                                              Ind's time use, personal care,
                                                hours in typical week
TIME_SHOP       int     %17.0g     hours_gen_rp_2cat
                                              Ind's time use, shopping,
                                                hours in typical week
TIME_VOLU       int     %17.0g     hours_gen_rp_2cat
                                              Ind's time use, volunteering,
                                                hours in typical week
TIME_WORK       int     %17.0g     hours_gen_rp_2cat
                                              Ind's time use, paid work,
                                                hours in typical week
CCON_ARTH_DIAG_ANY
                byte    %71.0g     ccondiagany_gen_2cat
                                              Ind's chron cond, arthritis,
                                                diagnosis, any ever?
CCON_ARTH_DIAG_AGE
                byte    %20.0g     ccondiagage_gen_2017_2099_1cat
                                              Ind's chron cond, arthritis,
                                                diagnosis, age of first
CCON_ARTH_DEGR  byte    %13.0g     ccondegr_gen_4cat
                                              Ind's chron cond, arthritis,
                                                degree of limitation
CCON_ARTH_CARE  byte    %86.0g     cconcare_arth_2cat
                                              Ind's chron cond, arthritis,
                                                gets care, meds/treat?
CCON_ASTH_DIAG_ANY
                byte    %71.0g     ccondiagany_gen_2cat
                                              Ind's chron cond, asthma,
                                                diagnosis, any ever?
CCON_ASTH_DIAG_AGE
                byte    %20.0g     ccondiagage_gen_2017_2099_1cat
                                              Ind's chron cond, asthma,
                                                diagnosis, age of first
CCON_ASTH_DEGR  byte    %13.0g     ccondegr_gen_4cat
                                              Ind's chron cond, asthma,
                                                degree of limitation
CCON_ASTH_CARE  byte    %82.0g     cconcare_asth_2cat
                                              Ind's chron cond, asthma, gets
                                                care, meds?
CCON_CANC_DIAG_ANY
                byte    %71.0g     ccondiagany_gen_2cat
                                              Ind's chron cond, cancer,
                                                diagnosis, any ever?
CCON_CANC_DIAG_AGE
                int     %20.0g     ccondiagage_gen_2017_2099_1cat
                                              Ind's chron cond, cancer,
                                                diagnosis, age of first
CCON_CANC_DEGR  byte    %13.0g     ccondegr_gen_4cat
                                              Ind's chron cond, cancer,
                                                degree of limitation
CCON_CANC_STAT  byte    %10.0g     cconstat_cans_2cat
                                              Ind's chron cond, cancer,
                                                treatment status
CCON_CANC_TYPE_1M
                byte    %43.0g     ccontype_canc_12cat
                                              Ind's chron cond, cancer,
                                                type, mention 1
CCON_CANC_TYPE_2M
                byte    %43.0g     ccontype_canc_12cat
                                              Ind's chron cond, cancer,
                                                type, mention 2
CCON_DIAB_DIAG_ANY
                byte    %71.0g     ccondiagany_gen_2cat
                                              Ind's chron cond, diabetes,
                                                diagnosis, any ever?
CCON_DIAB_DIAG_AGE
                byte    %20.0g     ccondiagage_gen_2017_2099_1cat
                                              Ind's chron cond, diabetes,
                                                diagnosis, age of first
CCON_DIAB_DEGR  byte    %13.0g     ccondegr_gen_4cat
                                              Ind's chron cond, diabetes,
                                                degree of limitation
CCON_DIAB_CARE  byte    %92.0g     cconcare_diab_2cat
                                              Ind's chron cond, diabetes,
                                                gets care, meds/equip?
CCON_EMOP_DIAG_ANY
                byte    %71.0g     ccondiagany_gen_2cat
                                              Ind's chron cond, emo/psych
                                                prob, diagnosis, any ever?
CCON_EMOP_DIAG_AGE
                byte    %20.0g     ccondiagage_gen_2017_2099_1cat
                                              Ind's chron cond, emo/psych
                                                prob, diagnosis, age of
                                                first
CCON_EMOP_DEGR  byte    %13.0g     ccondegr_gen_4cat
                                              Ind's chron cond, emo/psych
                                                prob, degree of limitation
CCON_EMOP_CARE  byte    %77.0g     cconcare_emop_2cat
                                              Ind's chron cond, emo/psych
                                                prob, gets care, meds?
CCON_EMOP_TYPE_1M
                byte    %94.0g     ccontype_emop_13cat
                                              Ind's chron cond, emo/psych
                                                prob, type, mention 1
CCON_EMOP_TYPE_2M
                byte    %94.0g     ccontype_emop_13cat
                                              Ind's chron cond, emo/psych
                                                prob, type, mention 2
CCON_EMOP_TYPE_3M
                byte    %94.0g     ccontype_emop_13cat
                                              Ind's chron cond, emo/psych
                                                prob, type, mention 3
CCON_HATT_DIAG_ANY
                byte    %74.0g     ccondiagany_hatt_2cat
                                              Ind's chron cond, heart
                                                attack, diagnosis, any ever?
CCON_HATT_DIAG_AGE
                byte    %20.0g     ccondiagage_gen_2017_2099_1cat
                                              Ind's chron cond, heart
                                                attack, diagnosis, age of
                                                first
CCON_HATT_DIAG_2ND
                byte    %78.0g     ccondiag2nd_hatt_2cat
                                              Ind's chron cond, heart
                                                attack, diagnosis, second
                                                ever?
CCON_HATT_DEGR  byte    %13.0g     ccondegr_gen_4cat
                                              Ind's chron cond, heart
                                                attack, degree of limitation
CCON_HATT_CARE  byte    %71.0g     cconcare_hatt_2cat
                                              Ind's chron cond, heart
                                                attack, gets care, meds?
CCON_HDIS_DIAG_ANY
                byte    %71.0g     ccondiagany_gen_2cat
                                              Ind's chron cond, heart
                                                disease, diagnosis, any
                                                ever?
CCON_HDIS_DIAG_AGE
                byte    %20.0g     ccondiagage_gen_2017_2099_1cat
                                              Ind's chron cond, heart
                                                disease, diagnosis, age of
                                                first
CCON_HDIS_DEGR  byte    %13.0g     ccondegr_gen_4cat
                                              Ind's chron cond, heart
                                                disease, degree of
                                                limitation
CCON_HDIS_CARE  byte    %117.0g    cconcare_hdis_2cat
                                              Ind's chron cond, heart
                                                disease, gets care, meds?
CCON_HIBP_DIAG_ANY
                byte    %71.0g     ccondiagany_gen_2cat
                                              Ind's chron cond, high blood
                                                pres, diagnosis, any ever?
CCON_HIBP_DIAG_AGE
                byte    %20.0g     ccondiagage_gen_2017_2099_1cat
                                              Ind's chron cond, high blood
                                                pres, diagnosis, age of
                                                first
CCON_HIBP_DEGR  byte    %13.0g     ccondegr_gen_4cat
                                              Ind's chron cond, high blood
                                                pres, degree of limitation
CCON_HIBP_CARE  byte    %59.0g     cconcare_hibp_2cat
                                              Ind's chron cond, high blood
                                                pres, gets care, meds?
CCON_LDIS_DIAG_ANY
                byte    %71.0g     ccondiagany_gen_2cat
                                              Ind's chron cond, learning
                                                disord, diagnosis, any ever?
CCON_LDIS_DIAG_AGE
                byte    %20.0g     ccondiagage_gen_2017_2099_1cat
                                              Ind's chron cond, learning
                                                disord, diagnosis, age of
                                                first
CCON_LDIS_DEGR  byte    %13.0g     ccondegr_gen_4cat
                                              Ind's chron cond, learning
                                                disord, degree of limitation
CCON_LDIS_CARE  byte    %89.0g     cconcare_ldis_2cat
                                              Ind's chron cond, learning
                                                disorder, gets care,
                                                meds/treat?
CCON_LMEM_DIAG_ANY
                byte    %71.0g     ccondiagany_gen_2cat
                                              Ind's chron cond, loss
                                                mem/ment abil, diagnosis,
                                                any ever?
CCON_LMEM_DIAG_AGE
                int     %20.0g     ccondiagage_gen_2017_2099_1cat
                                              Ind's chron cond, loss
                                                mem/ment abil, diagnosis,
                                                age of first
CCON_LMEM_DEGR  byte    %13.0g     ccondegr_gen_4cat
                                              Ind's chron cond, loss
                                                mem/ment abil, degree of
                                                limitation
CCON_LMEM_CARE  byte    %87.0g     cconcare_lmem_2cat
                                              Ind's chron cond, loss
                                                mem/ment abil, gets care,
                                                meds?
CCON_LUNG_DIAG_ANY
                byte    %71.0g     ccondiagany_gen_2cat
                                              Ind's chron cond, lung
                                                disease, diagnosis, any
                                                ever?
CCON_LUNG_DIAG_AGE
                byte    %20.0g     ccondiagage_gen_2017_2099_1cat
                                              Ind's chron cond, lung
                                                disease, diagnosis, age of
                                                first
CCON_LUNG_DEGR  byte    %13.0g     ccondegr_gen_4cat
                                              Ind's chron cond, lung
                                                disease, degree of
                                                limitation
CCON_LUNG_CARE  byte    %90.0g     cconcare_lung_2cat
                                              Ind's chron cond, lung
                                                disease, gets care,
                                                meds/treat?
CCON_STRO_DIAG_ANY
                byte    %68.0g     ccondiagany_stro_2cat
                                              Ind's chron cond, stroke,
                                                diagnosis, any ever?
CCON_STRO_DIAG_AGE
                byte    %20.0g     ccondiagage_gen_2017_2099_1cat
                                              Ind's chron cond, stroke,
                                                diagnosis, age of first
CCON_STRO_DIAG_2ND
                byte    %72.0g     ccondiag2nd_stro_2cat
                                              Ind's chron cond, stroke,
                                                diagnosis, second ever?
CCON_STRO_DEGR  byte    %13.0g     ccondegr_gen_4cat
                                              Ind's chron cond, stroke,
                                                degree of limitation
CCON_STRO_CARE  byte    %74.0g     cconcare_stro_2cat
                                              Ind's chron cond, stroke, gets
                                                care, meds?
CCON_OCON_DIAG_ANY
                byte    %71.0g     ccondiagany_gen_2cat
                                              Ind's chron cond, other cond,
                                                diagnosis, any ever?
CCON_OCON_DIAG_AGE
                byte    %20.0g     ccondiagage_gen_2017_2099_1cat
                                              Ind's chron cond, other cond,
                                                diagnosis, age of first
CCON_OCON_DEGR  byte    %13.0g     ccondegr_gen_4cat
                                              Ind's chron cond, other cond,
                                                degree of limitation
CCON_OCON_CARE  byte    %49.0g     cconcare_ocon_2cat
                                              Ind's chron cond, other cond,
                                                gets care, meds?
CCON_OCON_TYPE  byte    %132.0g    ccontype_ocon_18cat
                                              Ind's chron cond, other cond,
                                                type
COVID_VACC      byte    %28.0g     covid_vacc_2cat
                                              Ind's COVID-19, vaccine, ever
                                                received?
COVID_POSI      byte    %30.0g     covid_posi_2cat
                                              Ind's COVID-19, positive (diag
                                                or presumed), ever had?
COVID_MEDI      byte    %38.0g     covid_medi_7cat
                                              Ind's COVID-19, medical pro,
                                                ever talked to about
                                                COVID-19?
COVID_TEST      byte    %25.0g     covid_test_2cat
                                              Ind's COVID-19, test, ever
                                                taken?
COVID_DIAG      byte    %38.0g     covid_diag_2cat
                                              Ind's COVID-19, confirmed diag
                                                (by medical pro, test), any
                                                ever?
COVID_SYMP      byte    %36.0g     covid_symp_2cat
                                              Ind's COVID-19, symptoms, any
                                                ever?
COVID_HOSP_ANY  byte    %33.0g     covid_hosp_any_2cat
                                              Ind's COVID-19, hospital
                                                admission, any ever?
COVID_HOSP_NUM  byte    %10.0g                Ind's COVID-19, hospital
                                                admission, number of nights
COVID_HOSP_TREAT_ICU
                byte    %35.0g     covid_treat_icu_2cat
                                              Ind's COVID-19, hospital
                                                admission, treatment, ICU?
COVID_HOSP_TREAT_OXY
                byte    %40.0g     covid_treat_oxy_2cat
                                              Ind's COVID-19, hospital
                                                admission, treatment,
                                                oxygen?
COVID_HOSP_TREAT_VEN
                byte    %44.0g     covid_treat_ven_2cat
                                              Ind's COVID-19, hospital
                                                admission, treatment,
                                                ventilator?
COVID_HOSP_TREAT_OTH
                byte    %71.0g     covid_treat_oth_2cat
                                              Ind's COVID-19, hospital
                                                admission, treatment, other?
COVID_LING_ANY  byte    %33.0g     covid_hosp_any_2cat
                                              Ind's COVID-19, lingering
                                                effects, any ever?
COVID_LING_TYPE byte    %43.0g     covid_ling_type_4cat
                                              Ind's COVID-19, lingering
                                                effects, type
COVID_LING_SEV  byte    %30.0g     covid_ling_sev_5cat
                                              Ind's COVID-19, lingering
                                                effects, severity
DMNT_SCORE_TOT  byte    %10.0g     NONE       Ind's dementia, AD8 dementia
                                                screener, tot score
DMNT_SCORE_CUT  byte    %36.0g     dmntcutoff_2cat
                                              Ind's dementia, AD8 dementia
                                                screener, 2+ score?
DMNT_ELIG       byte    %57.0g     dmntelig_2cat
                                              Ind's dementia, eligible for
                                                screener? (age 65 or older)
DMNT_Q1_ANY     byte    %13.0g     dmntprob_2cat
                                              Ind's dementia, screener Q1,
                                                make decisions, any change?
DMNT_Q2_ANY     byte    %13.0g     dmntprob_2cat
                                              Ind's dementia, screener Q2,
                                                interest activities, any
                                                change?
DMNT_Q3_ANY     byte    %13.0g     dmntprob_2cat
                                              Ind's dementia, screener Q3,
                                                repeat stories, any change?
DMNT_Q4_ANY     byte    %13.0g     dmntprob_2cat
                                              Ind's dementia, screener Q4,
                                                learn to use devices, any
                                                change?
DMNT_Q5_ANY     byte    %13.0g     dmntprob_2cat
                                              Ind's dementia, screener Q5,
                                                forget the date, any change?
DMNT_Q6_ANY     byte    %13.0g     dmntprob_2cat
                                              Ind's dementia, screener Q6,
                                                handle bills/money, any
                                                change?
DMNT_Q7_ANY     byte    %13.0g     dmntprob_2cat
                                              Ind's dementia, screener Q7,
                                                remember appointment, any
                                                change?
DMNT_Q8_ANY     byte    %13.0g     dmntprob_2cat
                                              Ind's dementia, screener Q8,
                                                daily thinking/mem, any
                                                change?
DEP_SCORE_TOT   byte    %10.0g                Ind's depression, K6 psych
                                                distress screener, tot score
DEP_SCORE_CUT   byte    %34.0g     depcutoff_2cat
                                              Ind's depression, K6 psych
                                                distress screener, 13+
                                                score?
DEP_DEGR        byte    %10.0g     depinterfere_4cat
                                              Ind's depression, degree of
                                                interference with
                                                life/activities
DEP_Q1_FREQ     byte    %20.0g     depfreq_5cat
                                              Ind's depression, screener Q1,
                                                sadness, freq 30 days
DEP_Q2_FREQ     byte    %20.0g     depfreq_5cat
                                              Ind's depression, screener Q2,
                                                nervousness, freq 30 days
DEP_Q3_FREQ     byte    %20.0g     depfreq_5cat
                                              Ind's depression, screener Q3,
                                                restlessness, freq 30 days
DEP_Q4_FREQ     byte    %20.0g     depfreq_5cat
                                              Ind's depression, screener Q4,
                                                hopelessness, freq 30 days
DEP_Q5_FREQ     byte    %20.0g     depfreq_5cat
                                              Ind's depression, screener Q5,
                                                everything effort, freq 30
                                                days
DEP_Q6_FREQ     byte    %20.0g     depfreq_5cat
                                              Ind's depression, screener Q6,
                                                worthlessness, freq 30 days
ADL_SUM_TOT     byte    %10.0g     NONE       Ind's disability, summary of
                                                ADL instrument, tot count
ADL_SUM_ANY     byte    %10.0g     disprobthresh_2cat
                                              Ind's disability, summary of
                                                ADL instrument, 1+
                                                difficulties?
ADL_Q1_ANY      byte    %40.0g     adlprob_2cat
                                              Ind's disability, ADL Q1,
                                                bath/shower self, any
                                                difficulty?
ADL_Q1_HLP      byte    %47.0g     adlhelp_2cat
                                              Ind's disability, ADL Q1,
                                                bath/shower self, receives
                                                help?
ADL_Q2_ANY      byte    %40.0g     adlprob_2cat
                                              Ind's disability, ADL Q2,
                                                dress self, any difficulty?
ADL_Q2_HLP      byte    %47.0g     adlhelp_2cat
                                              Ind's disability, ADL Q2,
                                                dress self, receives help?
ADL_Q3_ANY      byte    %40.0g     adlprob_2cat
                                              Ind's disability, ADL Q3, feed
                                                self, any difficulty?
ADL_Q3_HLP      byte    %47.0g     adlhelp_2cat
                                              Ind's disability, ADL Q3, feed
                                                self, receives help?
ADL_Q4_ANY      byte    %40.0g     adlprob_2cat
                                              Ind's disability, ADL Q4, move
                                                from bed/chair, any
                                                difficulty?
ADL_Q4_HLP      byte    %47.0g     adlhelp_2cat
                                              Ind's disability, ADL Q4, move
                                                from bed/chair, receives
                                                help?
ADL_Q5_ANY      byte    %40.0g     adlprob_2cat
                                              Ind's disability, ADL Q5, walk
                                                without assist, any
                                                difficulty?
ADL_Q5_HLP      byte    %47.0g     adlhelp_2cat
                                              Ind's disability, ADL Q5, walk
                                                without assist, receives
                                                help?
ADL_Q6_ANY      byte    %40.0g     adlprob_2cat
                                              Ind's disability, ADL Q6, get
                                                outside, any difficulty?
ADL_Q6_HLP      byte    %47.0g     adlhelp_2cat
                                              Ind's disability, ADL Q6, get
                                                outside, receives help?
ADL_Q7_ANY      byte    %40.0g     adlprob_2cat
                                              Ind's disability, ADL Q7,
                                                use/get to toilet, any
                                                difficulty?
ADL_Q7_HLP      byte    %47.0g     adlhelp_2cat
                                              Ind's disability, ADL Q7,
                                                use/get to toilet, receives
                                                help?
IADL_SUM_TOT    byte    %10.0g     NONE       Ind's disability, summary of
                                                IADL instrument, tot count
IADL_SUM_ANY    byte    %10.0g     disprobthresh_2cat
                                              Ind's disability, summary of
                                                IADL instrument, 1+
                                                difficulties?
IADL_Q1_ANY     byte    %40.0g     iadlprob_3cat
                                              Ind's disability, IADL Q1,
                                                prepare own meals, any
                                                difficulty?
IADL_Q1_HEA     byte    %62.0g     iadlnahealth_2cat
                                              Ind's disability, IADL Q1,
                                                prepare own meals, health
                                                reason?
IADL_Q2_ANY     byte    %40.0g     iadlprob_3cat
                                              Ind's disability, IADL Q2,
                                                shop toilet/meds, any
                                                difficulty?
IADL_Q2_HEA     byte    %62.0g     iadlnahealth_2cat
                                              Ind's disability, IADL Q2,
                                                shop toilet/meds, health
                                                reason?
IADL_Q3_ANY     byte    %40.0g     iadlprob_3cat
                                              Ind's disability, IADL Q3,
                                                manage bills/money, any
                                                difficulty?
IADL_Q3_HEA     byte    %62.0g     iadlnahealth_2cat
                                              Ind's disability, IADL Q3,
                                                manage bills/money, health
                                                reason?
IADL_Q4_ANY     byte    %40.0g     iadlprob_3cat
                                              Ind's disability, IADL Q4, use
                                                phone, any difficulty?
IADL_Q4_HEA     byte    %62.0g     iadlnahealth_2cat
                                              Ind's disability, IADL Q4, use
                                                phone, health reason?
IADL_Q5_ANY     byte    %40.0g     iadlprob_3cat
                                              Ind's disability, IADL Q5, do
                                                heavy housework, any
                                                difficulty?
IADL_Q5_HEA     byte    %62.0g     iadlnahealth_2cat
                                              Ind's disability, IADL Q5, do
                                                heavy housework, health
                                                reason?
IADL_Q6_ANY     byte    %40.0g     iadlprob_3cat
                                              Ind's disability, IADL Q6, do
                                                light housework, any
                                                difficulty?
IADL_Q6_HEA     byte    %62.0g     iadlnahealth_2cat
                                              Ind's disability, IADL Q6, do
                                                light housework, health
                                                reason?
NHLTH_BIRTH_WGHT
                int     %48.0g     birthwght_2cat
                                              Ind's neonatal health, birth
                                                weight, total, ounces
                                                [ER32014]
GHLTH_STAT      byte    %10.0g     hlthstat_scale_5cat
                                              Ind's general health, current
                                                status
GHLTH_POOR      byte    %33.0g     hlthpoor_comb_2cat
                                              Ind's general health,
                                                currently in poor health?
GHLTH_CHNG      byte    %31.0g     hlthchng_3cat
                                              Ind's general health, change
                                                from two years ago?
HOSP_ANY        byte    %56.0g     hospany_2cat
                                              Ind's hospitalization, any
                                                admissions? (prev year)
HOSP_NUM        int     %10.0g                Ind's hospitalization, number
                                                of nights (prev year)
BODY_HGHT_IN    double  %26.0g     bodyhghtin_2cat
                                              Ind's body, current height,
                                                total, inches
BODY_HGHT_CM    double  %26.0g     bodyhghtcm_2cat
                                              Ind's body, current height,
                                                total, centimeters
BODY_WGHT_LB    double  %48.0g     bodywghtlb_2cat
                                              Ind's body, current weight,
                                                total, pounds
BODY_WGHT_KG    double  %48.0g     bodywghtkg_2cat
                                              Ind's body, current weight,
                                                total, kilograms
LIFE_STAT       byte    %20.0g     lifesat_5cat
                                              Ind's general life
                                                satisfaction, current status
EARN_TOT_ND     long    %12.0g                Ind's earnings, tot labor inc
                                                (nominal USD), tax yr
EARN_TOT_NDF    double  %12.0g                Ind's earnings, tot labor inc
                                                (nominal USD, fam size adj),
                                                tax yr
EARN_TOT_RD     double  %12.0g                Ind's earnings, tot labor inc
                                                (real USD 2024), tax yr
EARN_TOT_RDF    double  %12.0g                Ind's earnings, tot labor inc
                                                (real USD 2024, fam size
                                                adj), tax yr
EARN_TOT_ND_RP  long    %12.0g     incval_general
                                              RP's earnings, tot labor inc
                                                (nominal USD), tax yr
EARN_TOT_ND_SP  long    %12.0g     incval_general
                                              SP's earnings, tot labor inc
                                                (nominal USD), tax yr
EARN_TOT_NDF_RP double  %12.0g     incval_general
                                              RP's earnings, tot labor inc
                                                (nominal USD, fam size adj),
                                                tax yr
EARN_TOT_NDF_SP double  %12.0g     incval_general
                                              SP's earnings, tot labor inc
                                                (nominal USD, fam size adj),
                                                tax yr
EARN_TOT_RD_RP  double  %12.0g     incval_general
                                              RP's earnings, tot labor inc
                                                (real USD 2024), tax yr
EARN_TOT_RD_SP  double  %12.0g     incval_general
                                              SP's earnings, tot labor inc
                                                (real USD 2024), tax yr
EARN_TOT_RDF_RP double  %12.0g     incval_general
                                              RP's earnings, tot labor inc
                                                (real USD 2024, fam size
                                                adj), tax yr
EARN_TOT_RDF_SP double  %12.0g     incval_general
                                              SP's earnings, tot labor inc
                                                (real USD 2024, fam size
                                                adj), tax yr
EMP_STAT_1M     byte    %67.0g     empstat_8cat
                                              Ind's employment, current
                                                status, mention 1
EMP_STAT_2M     byte    %67.0g     empstat_8cat
                                              Ind's employment, current
                                                status, mention 2
EMP_STAT_3M     byte    %67.0g     empstat_8cat
                                              Ind's employment, current
                                                status, mention 3
EMP_STAT_1M_RP  byte    %67.0g     empstat_8cat
                                              RP's employment, current
                                                status, mention 1
EMP_STAT_2M_RP  byte    %67.0g     empstat_8cat
                                              RP's employment, current
                                                status, mention 2
EMP_STAT_3M_RP  byte    %67.0g     empstat_8cat
                                              RP's employment, current
                                                status, mention 3
EMP_STAT_1M_SP  byte    %67.0g     empstat_8cat
                                              SP's employment, current
                                                status, mention 1
EMP_STAT_2M_SP  byte    %67.0g     empstat_8cat
                                              SP's employment, current
                                                status, mention 2
EMP_STAT_3M_SP  byte    %67.0g     empstat_8cat
                                              SP's employment, current
                                                status, mention 3
EMP_WORK        byte    %10.0g                Ind's employment, working now?
                                                from first mention
EMP_WORK_RP     byte    %10.0g                RP's employment, working now?
                                                from first mention
EMP_WORK_SP     byte    %10.0g                SP's employment, working now?
                                                from first mention
EMP_WORK_MM     byte    %10.0g                Ind's employment, working now?
                                                from multi mention
EMP_WORK_MM_RP  byte    %10.0g                RP's employment, working now?
                                                from multi mention
EMP_WORK_MM_SP  byte    %10.0g                SP's employment, working now?
                                                from multi mention
EXPN_TOT_ND     long    %10.0g                FU's expend, tot spending
                                                (nominal USD), tax yr
EXPN_TOT_NDF    double  %10.0g                FU's expend, tot spending
                                                (nominal USD, fam size adj),
                                                tax yr
EXPN_TOT_RD     double  %10.0g                FU's expend, tot spending
                                                (real USD 2024), tax yr
EXPN_TOT_RDF    double  %10.0g                FU's expend, tot spending
                                                (real USD 2024, fam size
                                                adj), tax yr
EXPN_TOT_IRV_ND long    %10.0g                FU's expend, tot, incl rent
                                                val (nominal USD), tax yr
EXPN_TOT_IRV_NDF
                double  %10.0g                FU's expend, tot, incl rent
                                                val (nominal USD, fam size
                                                adj), tax yr
EXPN_TOT_IRV_RD double  %10.0g                FU's expend, tot, incl rent
                                                val (real USD 2024), tax yr
EXPN_TOT_IRV_RDF
                double  %10.0g                FU's expend, tot, incl rent
                                                val (real USD 2024, fam size
                                                adj), tax yr
EXPN_CCAR_TOT_ND
                double  %10.0g                FU's expend, comp, childcare,
                                                tot val (nominal USD), tax
                                                yr
EXPN_CCAR_TOT_NDF
                double  %10.0g                FU's expend, comp, childcare,
                                                tot val (nominal USD, fam
                                                size adj), tax yr
EXPN_CCAR_TOT_RD
                double  %10.0g                FU's expend, comp, childcare,
                                                tot val (real USD 2024), tax
                                                yr
EXPN_CCAR_TOT_RDF
                double  %10.0g                FU's expend, comp, childcare,
                                                tot val (real USD 2024, fam
                                                size adj), tax yr
EXPN_CLOT_TOT_ND
                long    %10.0g                FU's expend, comp, clothing,
                                                tot val (nominal USD), tax
                                                yr
EXPN_CLOT_TOT_NDF
                double  %10.0g                FU's expend, comp, clothing,
                                                tot val (nominal USD, fam
                                                size adj), tax yr
EXPN_CLOT_TOT_RD
                double  %10.0g                FU's expend, comp, clothing,
                                                tot val (real USD 2024), tax
                                                yr
EXPN_CLOT_TOT_RDF
                double  %10.0g                FU's expend, comp, clothing,
                                                tot val (real USD 2024, fam
                                                size adj), tax yr
EXPN_COMP_TOT_ND
                double  %10.0g                FU's expend, comp, computing,
                                                tot val (nominal USD), tax
                                                yr
EXPN_COMP_TOT_NDF
                double  %10.0g                FU's expend, comp, computing,
                                                tot val (nominal USD, fam
                                                size adj), tax yr
EXPN_COMP_TOT_RD
                double  %10.0g                FU's expend, comp, computing,
                                                tot val (real USD 2024), tax
                                                yr
EXPN_COMP_TOT_RDF
                double  %10.0g                FU's expend, comp, computing,
                                                tot val (real USD 2024, fam
                                                size adj), tax yr
EXPN_EDUC_TOT_ND
                long    %10.0g                FU's expend, comp, education,
                                                tot val (nominal USD), tax
                                                yr
EXPN_EDUC_TOT_NDF
                double  %10.0g                FU's expend, comp, education,
                                                tot val (nominal USD, fam
                                                size adj), tax yr
EXPN_EDUC_TOT_RD
                double  %10.0g                FU's expend, comp, education,
                                                tot val (real USD 2024), tax
                                                yr
EXPN_EDUC_TOT_RDF
                double  %10.0g                FU's expend, comp, education,
                                                tot val (real USD 2024, fam
                                                size adj), tax yr
EXPN_FOOD_TOT_ND
                long    %10.0g                FU's expend, comp, food, tot
                                                val (nominal USD), tax yr
EXPN_FOOD_TOT_NDF
                double  %10.0g                FU's expend, comp, food, tot
                                                val (nominal USD, fam size
                                                adj), tax yr
EXPN_FOOD_TOT_RD
                double  %10.0g                FU's expend, comp, food, tot
                                                val (real USD 2024), tax yr
EXPN_FOOD_TOT_RDF
                double  %10.0g                FU's expend, comp, food, tot
                                                val (real USD 2024, fam size
                                                adj), tax yr
EXPN_HLTH_TOT_ND
                long    %10.0g                FU's expend, comp, health, tot
                                                val (nominal USD), tax yr
EXPN_HLTH_TOT_NDF
                double  %10.0g                FU's expend, comp, health, tot
                                                val (nominal USD, fam size
                                                adj), tax yr
EXPN_HLTH_TOT_RD
                double  %10.0g                FU's expend, comp, health, tot
                                                val (real USD 2024), tax yr
EXPN_HLTH_TOT_RDF
                double  %10.0g                FU's expend, comp, health, tot
                                                val (real USD 2024, fam size
                                                adj), tax yr
EXPN_HLTH_DOC_ND
                double  %10.0g                FU's expend, comp, health,
                                                doctors (nominal USD), tax
                                                yr
EXPN_HLTH_DOC_NDF
                double  %10.0g                FU's expend, comp, health,
                                                doctors (nominal USD, fam
                                                size adj), tax yr
EXPN_HLTH_DOC_RD
                double  %10.0g                FU's expend, comp, health,
                                                doctors (real USD 2024), tax
                                                yr
EXPN_HLTH_DOC_RDF
                double  %10.0g                FU's expend, comp, health,
                                                doctors (real USD 2024, fam
                                                size adj), tax yr
EXPN_HLTH_HOS_ND
                long    %10.0g                FU's expend, comp, health,
                                                hospitals (nominal USD), tax
                                                yr
EXPN_HLTH_HOS_NDF
                double  %10.0g                FU's expend, comp, health,
                                                hospitals (nominal USD, fam
                                                size adj), tax yr
EXPN_HLTH_HOS_RD
                double  %10.0g                FU's expend, comp, health,
                                                hospitals (real USD 2024),
                                                tax yr
EXPN_HLTH_HOS_RDF
                double  %10.0g                FU's expend, comp, health,
                                                hospitals (real USD 2024,
                                                fam size adj), tax yr
EXPN_HLTH_INS_ND
                double  %10.0g                FU's expend, comp, health,
                                                insurance (nominal USD), tax
                                                yr
EXPN_HLTH_INS_NDF
                double  %10.0g                FU's expend, comp, health,
                                                insurance (nominal USD, fam
                                                size adj), tax yr
EXPN_HLTH_INS_RD
                double  %10.0g                FU's expend, comp, health,
                                                insurance (real USD 2024),
                                                tax yr
EXPN_HLTH_INS_RDF
                double  %10.0g                FU's expend, comp, health,
                                                insurance (real USD 2024,
                                                fam size adj), tax yr
EXPN_HLTH_PRE_ND
                double  %10.0g                FU's expend, comp, health,
                                                prescrip (nominal USD), tax
                                                yr
EXPN_HLTH_PRE_NDF
                double  %10.0g                FU's expend, comp, health,
                                                prescrip (nominal USD, fam
                                                size adj), tax yr
EXPN_HLTH_PRE_RD
                double  %10.0g                FU's expend, comp, health,
                                                prescrip (real USD 2024),
                                                tax yr
EXPN_HLTH_PRE_RDF
                double  %10.0g                FU's expend, comp, health,
                                                prescrip (real USD 2024, fam
                                                size adj), tax yr
EXPN_HOUS_TOT_ND
                long    %10.0g                FU's expend, comp, housing,
                                                tot val (nominal USD), tax
                                                yr
EXPN_HOUS_TOT_NDF
                double  %10.0g                FU's expend, comp, housing,
                                                tot val (nominal USD, fam
                                                size adj), tax yr
EXPN_HOUS_TOT_RD
                double  %10.0g                FU's expend, comp, housing,
                                                tot val (real USD 2024), tax
                                                yr
EXPN_HOUS_TOT_RDF
                double  %10.0g                FU's expend, comp, housing,
                                                tot val (real USD 2024, fam
                                                size adj), tax yr
EXPN_OREC_TOT_ND
                long    %10.0g                FU's expend, comp, other rec,
                                                tot val (nominal USD), tax
                                                yr
EXPN_OREC_TOT_NDF
                double  %10.0g                FU's expend, comp, other rec,
                                                tot val (nominal USD, fam
                                                size adj), tax yr
EXPN_OREC_TOT_RD
                double  %10.0g                FU's expend, comp, other rec,
                                                tot val (real USD 2024), tax
                                                yr
EXPN_OREC_TOT_RDF
                double  %10.0g                FU's expend, comp, other rec,
                                                tot val (real USD 2024, fam
                                                size adj), tax yr
EXPN_TRAN_TOT_ND
                long    %10.0g                FU's expend, comp, transport,
                                                tot val (nominal USD), tax
                                                yr
EXPN_TRAN_TOT_NDF
                double  %10.0g                FU's expend, comp, transport,
                                                tot val (nominal USD, fam
                                                size adj), tax yr
EXPN_TRAN_TOT_RD
                double  %10.0g                FU's expend, comp, transport,
                                                tot val (real USD 2024), tax
                                                yr
EXPN_TRAN_TOT_RDF
                double  %10.0g                FU's expend, comp, transport,
                                                tot val (real USD 2024, fam
                                                size adj), tax yr
EXPN_TRIP_TOT_ND
                long    %10.0g                FU's expend, comp, trips, tot
                                                val (nominal USD), tax yr
EXPN_TRIP_TOT_NDF
                double  %10.0g                FU's expend, comp, trips, tot
                                                val (nominal USD, fam size
                                                adj), tax yr
EXPN_TRIP_TOT_RD
                double  %10.0g                FU's expend, comp, trips, tot
                                                val (real USD 2024), tax yr
EXPN_TRIP_TOT_RDF
                double  %10.0g                FU's expend, comp, trips, tot
                                                val (real USD 2024, fam size
                                                adj), tax yr
FINC_TOT_ND     double  %25.0g     incval_tc9999997
                                              FU's family income, total
                                                (nominal USD), tax yr
FINC_TOT_NDF    double  %25.0g     incval_tc9999997
                                              FU's family income, total
                                                (nominal USD, fam size adj),
                                                tax yr
FINC_TOT_RD     double  %25.0g     incval_tc9999997
                                              FU's family income, total
                                                (real USD 2024), tax yr
FINC_TOT_RDF    double  %25.0g     incval_tc9999997
                                              FU's family income, total
                                                (real USD 2024, fam size
                                                adj), tax yr
OCC_1970C       int     %8.0g                 Ind's occupation, 1970 code
                                                (COC1970)
OCC_2000C_1M    int     %8.0g                 Ind's occupation, 2000 code
                                                (COC2000), mention 1
OCC_2000C_2M    int     %8.0g                 Ind's occupation, 2000 code
                                                (COC2000), mention 2
OCC_2000C_3M    int     %8.0g                 Ind's occupation, 2000 code
                                                (COC2000), mention 3
OCC_2000C_4M    int     %8.0g                 Ind's occupation, 2000 code
                                                (COC2000), mention 4
OCC_2010C_1M    int     %170.0g    occ2010c_cat
                                              Ind's occupation, 2010 code
                                                (COC2010), mention 1
OCC_2010C_2M    int     %170.0g    occ2010c_cat
                                              Ind's occupation, 2010 code
                                                (COC2010), mention 2
OCC_2010C_3M    int     %170.0g    occ2010c_cat
                                              Ind's occupation, 2010 code
                                                (COC2010), mention 3
OCC_2010C_4M    int     %170.0g    occ2010c_cat
                                              Ind's occupation, 2010 code
                                                (COC2010), mention 4
HOME_STAT       byte    %31.0g     homestat_3cat
                                              FU's primary home, current
                                                status, owner or pays rent
HOME_OWN_VAL_ND long    %26.0g     homevaluend_lab_2021_2099
                                              FU's primary home, owner,
                                                house val (nominal USD)
HOME_OWN_VAL_NDF
                double  %26.0g     homevaluend_lab_2021_2099
                                              FU's primary home, owner,
                                                house val (nominal USD, fam
                                                size adj)
HOME_OWN_VAL_RD double  %26.0g     homevaluend_lab_2021_2099
                                              FU's primary home, owner,
                                                house val (real USD 2024)
HOME_OWN_VAL_RDF
                double  %26.0g     homevaluend_lab_2021_2099
                                              FU's primary home, owner,
                                                house val (real USD 2024,
                                                fam size adj)
HOME_OWN_MOR_ANY_1M
                byte    %28.0g     homeownmorany1m_2cat
                                              FU's primary home, owner, has
                                                1st mortgage?
HOME_OWN_MOR_ANY_2M
                byte    %35.0g     homeownmorany2m_2cat
                                              FU's primary home, owner, has
                                                2nd mortgage?
HOME_OWN_MOR_ANY_3M
                byte    %8.0g                 FU's primary home, owner, has
                                                3rd mortgage?
HOME_OWN_MOR_VAL_1M_ND
                long    %10.0g     homeownmorvalnd_lab_2021_2099
                                              FU's primary home, owner, 1st
                                                mortgage val (nominal USD)
HOME_OWN_MOR_VAL_1M_NDF
                double  %10.0g     homeownmorvalnd_lab_2021_2099
                                              FU's primary home, owner, 1st
                                                mortgage val (nominal USD,
                                                fam size adj)
HOME_OWN_MOR_VAL_1M_RD
                double  %10.0g     homeownmorvalnd_lab_2021_2099
                                              FU's primary home, owner, 1st
                                                mortgage val (real USD 2024)
HOME_OWN_MOR_VAL_1M_RDF
                double  %10.0g     homeownmorvalnd_lab_2021_2099
                                              FU's primary home, owner, 1st
                                                mortgage val (real USD 2024,
                                                fam size adj)
HOME_OWN_MOR_VAL_2M_ND
                long    %10.0g     homeownmorvalnd_lab_2021_2099
                                              FU's primary home, owner, 2nd
                                                mortgage val (nominal USD)
HOME_OWN_MOR_VAL_2M_NDF
                double  %10.0g     homeownmorvalnd_lab_2021_2099
                                              FU's primary home, owner, 2nd
                                                mortgage val (nominal USD,
                                                fam size adj)
HOME_OWN_MOR_VAL_2M_RD
                double  %10.0g     homeownmorvalnd_lab_2021_2099
                                              FU's primary home, owner, 2nd
                                                mortgage val (real USD 2024)
HOME_OWN_MOR_VAL_2M_RDF
                double  %10.0g     homeownmorvalnd_lab_2021_2099
                                              FU's primary home, owner, 2nd
                                                mortgage val (real USD 2024,
                                                fam size adj)
WLTH_TOT_NET_ND long    %15.0f                FU's wealth, tot net worth
                                                (nominal USD)
WLTH_TOT_NET_NDF
                double  %15.0f                FU's wealth, tot net worth
                                                (nominal USD, fam size adj)
WLTH_TOT_NET_RD double  %15.0f                FU's wealth, tot net worth
                                                (real USD 2024)
WLTH_TOT_NET_RDF
                double  %15.0f                FU's wealth, tot net worth
                                                (real USD 2024, fam size
                                                adj)
WLTH_TOT_NET_XH_ND
                long    %15.0f                FU's wealth, tot net worth,
                                                excl home (nominal USD)
WLTH_TOT_NET_XH_NDF
                double  %15.0f                FU's wealth, tot net worth,
                                                excl home (nominal USD, fam
                                                size adj)
WLTH_TOT_NET_XH_RD
                double  %15.0f                FU's wealth, tot net worth,
                                                excl home (real USD 2024)
WLTH_TOT_NET_XH_RDF
                double  %15.0f                FU's wealth, tot net worth,
                                                excl home (real USD 2024,
                                                fam size adj)
WLTH_TOT_NET_XHR_ND
                long    %15.0f                FU's wealth, tot net wth, excl
                                                home/real est (nominal USD)
WLTH_TOT_NET_XHR_NDF
                double  %15.0f                FU's wealth, tot net wth, excl
                                                home/real est (nominal USD,
                                                fam size adj)
WLTH_TOT_NET_XHR_RD
                double  %15.0f                FU's wealth, tot net wth, excl
                                                home/real est (real USD
                                                2024)
WLTH_TOT_NET_XHR_RDF
                double  %15.0f                FU's wealth, tot net wth, excl
                                                home/real est (real USD
                                                2024, fam size adj)
WLTH_TOT_ASS_ND long    %15.0f                FU's wealth, tot assets
                                                (nominal USD)
WLTH_TOT_ASS_NDF
                double  %15.0f                FU's wealth, tot assets
                                                (nominal USD, fam size adj)
WLTH_TOT_ASS_RD double  %15.0f                FU's wealth, tot assets (real
                                                USD 2024)
WLTH_TOT_ASS_RDF
                double  %15.0f                FU's wealth, tot assets (real
                                                USD 2024, fam size adj)
WLTH_TOT_ASS_XH_ND
                long    %15.0f                FU's wealth, tot assets, excl
                                                home (nominal USD)
WLTH_TOT_ASS_XH_NDF
                double  %15.0f                FU's wealth, tot assets, excl
                                                home (nominal USD, fam size
                                                adj)
WLTH_TOT_ASS_XH_RD
                double  %15.0f                FU's wealth, tot assets, excl
                                                home (real USD 2024)
WLTH_TOT_ASS_XH_RDF
                double  %15.0f                FU's wealth, tot assets, excl
                                                home (real USD 2024, fam
                                                size adj)
WLTH_TOT_ASS_XHR_ND
                long    %15.0f                FU's wealth, tot assets, excl
                                                home/real est (nominal USD)
WLTH_TOT_ASS_XHR_NDF
                double  %15.0f                FU's wealth, tot assets, excl
                                                home/real est (nominal USD,
                                                fam size adj)
WLTH_TOT_ASS_XHR_RD
                double  %15.0f                FU's wealth, tot assets, excl
                                                home/real est (real USD
                                                2024)
WLTH_TOT_ASS_XHR_RDF
                double  %15.0f                FU's wealth, tot assets, excl
                                                home/real est (real USD
                                                2024, fam size adj)
WLTH_TOT_DEB_ND long    %15.0f                FU's wealth, tot debts, tot
                                                (nominal USD)
WLTH_TOT_DEB_NDF
                double  %15.0f                FU's wealth, tot debts, tot
                                                (nominal USD, fam size adj)
WLTH_TOT_DEB_RD double  %15.0f                FU's wealth, tot debts, tot
                                                (real USD 2024)
WLTH_TOT_DEB_RDF
                double  %15.0f                FU's wealth, tot debts, tot
                                                (real USD 2024, fam size
                                                adj)
WLTH_TOT_DEB_XH_ND
                long    %15.0f                FU's wealth, tot debts, excl
                                                home (nominal USD)
WLTH_TOT_DEB_XH_NDF
                double  %15.0f                FU's wealth, tot debts, excl
                                                home (nominal USD, fam size
                                                adj)
WLTH_TOT_DEB_XH_RD
                double  %15.0f                FU's wealth, tot debts, excl
                                                home (real USD 2024)
WLTH_TOT_DEB_XH_RDF
                double  %15.0f                FU's wealth, tot debts, excl
                                                home (real USD 2024, fam
                                                size adj)
WLTH_TOT_DEB_XHR_ND
                long    %15.0f                FU's wealth, tot debts, excl
                                                home/real est (nominal USD)
WLTH_TOT_DEB_XHR_NDF
                double  %15.0f                FU's wealth, tot debts, excl
                                                home/real est (nominal USD,
                                                fam size adj)
WLTH_TOT_DEB_XHR_RD
                double  %15.0f                FU's wealth, tot debts, excl
                                                home/real est (real USD
                                                2024)
WLTH_TOT_DEB_XHR_RDF
                double  %15.0f                FU's wealth, tot debts, excl
                                                home/real est (real USD
                                                2024, fam size adj)
WLTH_HOME_NET_ND
                long    %15.0f                FU's wealth, comp, primary
                                                home, net val (nominal USD)
WLTH_HOME_NET_NDF
                double  %15.0f                FU's wealth, comp, primary
                                                home, net val (nominal USD,
                                                fam size adj)
WLTH_HOME_NET_RD
                double  %15.0f                FU's wealth, comp, primary
                                                home, net val (real USD
                                                2024)
WLTH_HOME_NET_RDF
                double  %15.0f                FU's wealth, comp, primary
                                                home, net val (real USD
                                                2024, fam size adj)
WLTH_HOME_ASS_ND
                long    %15.0f                FU's wealth, comp, primary
                                                home, assets (nominal USD)
WLTH_HOME_ASS_NDF
                double  %15.0f                FU's wealth, comp, primary
                                                home, assets (nominal USD,
                                                fam size adj)
WLTH_HOME_ASS_RD
                double  %15.0f                FU's wealth, comp, primary
                                                home, assets (real USD 2024)
WLTH_HOME_ASS_RDF
                double  %15.0f                FU's wealth, comp, primary
                                                home, assets (real USD 2024,
                                                fam size adj)
WLTH_HOME_DEB_ND
                long    %15.0f                FU's wealth, comp, primary
                                                home, debts (nominal USD)
WLTH_HOME_DEB_NDF
                double  %15.0f                FU's wealth, comp, primary
                                                home, debts (nominal USD,
                                                fam size adj)
WLTH_HOME_DEB_RD
                double  %15.0f                FU's wealth, comp, primary
                                                home, debts (real USD 2024)
WLTH_HOME_DEB_RDF
                double  %15.0f                FU's wealth, comp, primary
                                                home, debts (real USD 2024,
                                                fam size adj)
WLTH_REAL_NET_ND
                long    %15.0f                FU's wealth, comp, real
                                                estate, net val (nominal
                                                USD)
WLTH_REAL_NET_NDF
                double  %15.0f                FU's wealth, comp, real
                                                estate, net val (nominal
                                                USD, fam size adj)
WLTH_REAL_NET_RD
                double  %15.0f                FU's wealth, comp, real
                                                estate, net val (real USD
                                                2024)
WLTH_REAL_NET_RDF
                double  %15.0f                FU's wealth, comp, real
                                                estate, net val (real USD
                                                2024, fam size adj)
WLTH_REAL_ASS_ND
                long    %15.0f                FU's wealth, comp, real
                                                estate, assets (nominal USD)
WLTH_REAL_ASS_NDF
                double  %15.0f                FU's wealth, comp, real
                                                estate, assets (nominal USD,
                                                fam size adj)
WLTH_REAL_ASS_RD
                double  %15.0f                FU's wealth, comp, real
                                                estate, assets (real USD
                                                2024)
WLTH_REAL_ASS_RDF
                double  %15.0f                FU's wealth, comp, real
                                                estate, assets (real USD
                                                2024, fam size adj)
WLTH_REAL_DEB_ND
                long    %15.0f                FU's wealth, comp, real
                                                estate, debts (nominal USD)
WLTH_REAL_DEB_NDF
                double  %15.0f                FU's wealth, comp, real
                                                estate, debts (nominal USD,
                                                fam size adj)
WLTH_REAL_DEB_RD
                double  %15.0f                FU's wealth, comp, real
                                                estate, debts (real USD
                                                2024)
WLTH_REAL_DEB_RDF
                double  %15.0f                FU's wealth, comp, real
                                                estate, debts (real USD
                                                2024, fam size adj)
WLTH_FBUS_NET_ND
                long    %15.0f                FU's wealth, comp,
                                                farm/business, net val
                                                (nominal USD)
WLTH_FBUS_NET_NDF
                double  %15.0f                FU's wealth, comp,
                                                farm/business, net val
                                                (nominal USD, fam size adj)
WLTH_FBUS_NET_RD
                double  %15.0f                FU's wealth, comp,
                                                farm/business, net val (real
                                                USD 2024)
WLTH_FBUS_NET_RDF
                double  %15.0f                FU's wealth, comp,
                                                farm/business, net val (real
                                                USD 2024, fam size adj)
WLTH_FBUS_ASS_ND
                long    %15.0f                FU's wealth, comp,
                                                farm/business, assets
                                                (nominal USD)
WLTH_FBUS_ASS_NDF
                double  %15.0f                FU's wealth, comp,
                                                farm/business, assets
                                                (nominal USD, fam size adj)
WLTH_FBUS_ASS_RD
                double  %15.0f                FU's wealth, comp,
                                                farm/business, assets (real
                                                USD 2024)
WLTH_FBUS_ASS_RDF
                double  %15.0f                FU's wealth, comp,
                                                farm/business, assets (real
                                                USD 2024, fam size adj)
WLTH_FBUS_DEB_ND
                long    %15.0f                FU's wealth, comp,
                                                farm/business, debts
                                                (nominal USD)
WLTH_FBUS_DEB_NDF
                double  %15.0f                FU's wealth, comp,
                                                farm/business, debts
                                                (nominal USD, fam size adj)
WLTH_FBUS_DEB_RD
                double  %15.0f                FU's wealth, comp,
                                                farm/business, debts (real
                                                USD 2024)
WLTH_FBUS_DEB_RDF
                double  %15.0f                FU's wealth, comp,
                                                farm/business, debts (real
                                                USD 2024, fam size adj)
WLTH_SAVI_NET_ND
                long    %15.0f                FU's wealth, comp, savings,
                                                net val (nominal USD)
WLTH_SAVI_NET_NDF
                double  %15.0f                FU's wealth, comp, savings,
                                                net val (nominal USD, fam
                                                size adj)
WLTH_SAVI_NET_RD
                double  %15.0f                FU's wealth, comp, savings,
                                                net val (real USD 2024)
WLTH_SAVI_NET_RDF
                double  %15.0f                FU's wealth, comp, savings,
                                                net val (real USD 2024, fam
                                                size adj)
WLTH_SAVI_BNK_ND
                long    %15.0f                FU's wealth, comp, savings,
                                                cash/checking (nominal USD)
WLTH_SAVI_BNK_NDF
                double  %15.0f                FU's wealth, comp, savings,
                                                cash/checking (nominal USD,
                                                fam size adj)
WLTH_SAVI_BNK_RD
                double  %15.0f                FU's wealth, comp, savings,
                                                cash/checking (real USD
                                                2024)
WLTH_SAVI_BNK_RDF
                double  %15.0f                FU's wealth, comp, savings,
                                                cash/checking (real USD
                                                2024, fam size adj)
WLTH_SAVI_BND_ND
                long    %15.0f                FU's wealth, comp, savings,
                                                bonds/CDs (nominal USD)
WLTH_SAVI_BND_NDF
                double  %15.0f                FU's wealth, comp, savings,
                                                bonds/CDs (nominal USD, fam
                                                size adj)
WLTH_SAVI_BND_RD
                double  %15.0f                FU's wealth, comp, savings,
                                                bonds/CDs (real USD 2024)
WLTH_SAVI_BND_RDF
                double  %15.0f                FU's wealth, comp, savings,
                                                bonds/CDs (real USD 2024,
                                                fam size adj)
WLTH_INVE_NET_ND
                long    %15.0f                FU's wealth, comp,
                                                investments, net val
                                                (nominal USD)
WLTH_INVE_NET_NDF
                double  %15.0f                FU's wealth, comp,
                                                investments, net val
                                                (nominal USD, fam size adj)
WLTH_INVE_NET_RD
                double  %15.0f                FU's wealth, comp,
                                                investments, net val (real
                                                USD 2024)
WLTH_INVE_NET_RDF
                double  %15.0f                FU's wealth, comp,
                                                investments, net val (real
                                                USD 2024, fam size adj)
WLTH_INVE_IRA_ND
                long    %15.0f                FU's wealth, comp,
                                                investments, IRA/annuity
                                                (nominal USD)
WLTH_INVE_IRA_NDF
                double  %15.0f                FU's wealth, comp,
                                                investments, IRA/annuity
                                                (nominal USD, fam size adj)
WLTH_INVE_IRA_RD
                double  %15.0f                FU's wealth, comp,
                                                investments, IRA/annuity
                                                (real USD 2024)
WLTH_INVE_IRA_RDF
                double  %15.0f                FU's wealth, comp,
                                                investments, IRA/annuity
                                                (real USD 2024, fam size
                                                adj)
WLTH_INVE_STK_ND
                long    %15.0f                FU's wealth, comp,
                                                investments, stocks (nominal
                                                USD)
WLTH_INVE_STK_NDF
                double  %15.0f                FU's wealth, comp,
                                                investments, stocks (nominal
                                                USD, fam size adj)
WLTH_INVE_STK_RD
                double  %15.0f                FU's wealth, comp,
                                                investments, stocks (real
                                                USD 2024)
WLTH_INVE_STK_RDF
                double  %15.0f                FU's wealth, comp,
                                                investments, stocks (real
                                                USD 2024, fam size adj)
WLTH_VEHI_NET_ND
                long    %15.0f                FU's wealth, comp, vehicles,
                                                net val (nominal USD)
WLTH_VEHI_NET_NDF
                double  %15.0f                FU's wealth, comp, vehicles,
                                                net val (nominal USD, fam
                                                size adj)
WLTH_VEHI_NET_RD
                double  %15.0f                FU's wealth, comp, vehicles,
                                                net val (real USD 2024)
WLTH_VEHI_NET_RDF
                double  %15.0f                FU's wealth, comp, vehicles,
                                                net val (real USD 2024, fam
                                                size adj)
WLTH_OASS_NET_ND
                long    %15.0f                FU's wealth, comp, other
                                                assets, net val (nominal
                                                USD)
WLTH_OASS_NET_NDF
                double  %15.0f                FU's wealth, comp, other
                                                assets, net val (nominal
                                                USD, fam size adj)
WLTH_OASS_NET_RD
                double  %15.0f                FU's wealth, comp, other
                                                assets, net val (real USD
                                                2024)
WLTH_OASS_NET_RDF
                double  %15.0f                FU's wealth, comp, other
                                                assets, net val (real USD
                                                2024, fam size adj)
WLTH_ODEB_NET_ND
                long    %15.0f                FU's wealth, comp, other
                                                debts, net val (nominal USD)
WLTH_ODEB_NET_NDF
                double  %15.0f                FU's wealth, comp, other
                                                debts, net val (nominal USD,
                                                fam size adj)
WLTH_ODEB_NET_RD
                double  %15.0f                FU's wealth, comp, other
                                                debts, net val (real USD
                                                2024)
WLTH_ODEB_NET_RDF
                double  %15.0f                FU's wealth, comp, other
                                                debts, net val (real USD
                                                2024, fam size adj)
WLTH_ODEB_CRE_ND
                long    %15.0f                FU's wealth, comp, other
                                                debts, cred cards (nominal
                                                USD)
WLTH_ODEB_CRE_NDF
                double  %15.0f                FU's wealth, comp, other
                                                debts, cred cards (nominal
                                                USD, fam size adj)
WLTH_ODEB_CRE_RD
                double  %15.0f                FU's wealth, comp, other
                                                debts, cred cards (real USD
                                                2024)
WLTH_ODEB_CRE_RDF
                double  %15.0f                FU's wealth, comp, other
                                                debts, cred cards (real USD
                                                2024, fam size adj)
WLTH_ODEB_FAM_ND
                long    %15.0f                FU's wealth, comp, other
                                                debts, fam loans (nominal
                                                USD)
WLTH_ODEB_FAM_NDF
                double  %15.0f                FU's wealth, comp, other
                                                debts, fam loans (nominal
                                                USD, fam size adj)
WLTH_ODEB_FAM_RD
                double  %15.0f                FU's wealth, comp, other
                                                debts, fam loans (real USD
                                                2024)
WLTH_ODEB_FAM_RDF
                double  %15.0f                FU's wealth, comp, other
                                                debts, fam loans (real USD
                                                2024, fam size adj)
WLTH_ODEB_LEG_ND
                long    %15.0f                FU's wealth, comp, other
                                                debts, legal bills (nominal
                                                USD)
WLTH_ODEB_LEG_NDF
                double  %15.0f                FU's wealth, comp, other
                                                debts, legal bills (nominal
                                                USD, fam size adj)
WLTH_ODEB_LEG_RD
                double  %15.0f                FU's wealth, comp, other
                                                debts, legal bills (real USD
                                                2024)
WLTH_ODEB_LEG_RDF
                double  %15.0f                FU's wealth, comp, other
                                                debts, legal bills (real USD
                                                2024, fam size adj)
WLTH_ODEB_MED_ND
                long    %15.0f                FU's wealth, comp, other
                                                debts, med bills (nominal
                                                USD)
WLTH_ODEB_MED_NDF
                double  %15.0f                FU's wealth, comp, other
                                                debts, med bills (nominal
                                                USD, fam size adj)
WLTH_ODEB_MED_RD
                double  %15.0f                FU's wealth, comp, other
                                                debts, med bills (real USD
                                                2024)
WLTH_ODEB_MED_RDF
                double  %15.0f                FU's wealth, comp, other
                                                debts, med bills (real USD
                                                2024, fam size adj)
WLTH_ODEB_STU_ND
                long    %15.0f                FU's wealth, comp, other
                                                debts, educ loans (nominal
                                                USD)
WLTH_ODEB_STU_NDF
                double  %15.0f                FU's wealth, comp, other
                                                debts, educ loans (nominal
                                                USD, fam size adj)
WLTH_ODEB_STU_RD
                double  %15.0f                FU's wealth, comp, other
                                                debts, educ loans (real USD
                                                2024)
WLTH_ODEB_STU_RDF
                double  %15.0f                FU's wealth, comp, other
                                                debts, educ loans (real USD
                                                2024, fam size adj)
WLTH_ODEB_REM_ND
                long    %15.0f                FU's wealth, comp, other
                                                debts, remain val (nominal
                                                USD)
WLTH_ODEB_REM_NDF
                double  %15.0f                FU's wealth, comp, other
                                                debts, remain val (nominal
                                                USD, fam size adj)
WLTH_ODEB_REM_RD
                double  %15.0f                FU's wealth, comp, other
                                                debts, remain val (real USD
                                                2024)
WLTH_ODEB_REM_RDF
                double  %15.0f                FU's wealth, comp, other
                                                debts, remain val (real USD
                                                2024, fam size adj)
REL_PAR_TOT     byte    %10.0g                Ind's total number of parent
                                                records
REL_PAR_BF_ID   long    %10.0g                Ind's parent, birth father,
                                                unique ID
REL_PAR_BM_ID   long    %10.0g                Ind's parent, birth mother,
                                                unique ID
REL_PAR_AF1_ID  long    %10.0g                Ind's parent, adoptive father
                                                1, unique ID
REL_PAR_AF2_ID  long    %10.0g                Ind's parent, adoptive father
                                                2, unique ID
REL_PAR_AM1_ID  long    %10.0g                Ind's parent, adoptive mother
                                                1, unique ID
REL_PAR_AM2_ID  long    %10.0g                Ind's parent, adoptive mother
                                                2, unique ID
REL_CHI_TOT     byte    %10.0g                Ind's total number of child
                                                records
REL_CHI_REP     byte    %10.0g                Ind's reported number of
                                                children, with or without
                                                records
REL_CHI1_ID     long    %10.0g                Ind's child 1, unique ID
REL_CHI1_TYPE   byte    %16.0g     relchitype_2cat
                                              Ind's child 1, type of record
REL_CHI1_BYEAR  int     %10.0g                Ind's child 1, birth year
REL_CHI2_ID     long    %10.0g                Ind's child 2, unique ID
REL_CHI2_TYPE   byte    %16.0g     relchitype_2cat
                                              Ind's child 2, type of record
REL_CHI2_BYEAR  int     %10.0g                Ind's child 2, birth year
REL_CHI3_ID     long    %10.0g                Ind's child 3, unique ID
REL_CHI3_TYPE   byte    %16.0g     relchitype_2cat
                                              Ind's child 3, type of record
REL_CHI3_BYEAR  int     %10.0g                Ind's child 3, birth year
REL_CHI4_ID     long    %10.0g                Ind's child 4, unique ID
REL_CHI4_TYPE   byte    %16.0g     relchitype_2cat
                                              Ind's child 4, type of record
REL_CHI4_BYEAR  int     %10.0g                Ind's child 4, birth year
REL_CHI5_ID     long    %10.0g                Ind's child 5, unique ID
REL_CHI5_TYPE   byte    %16.0g     relchitype_2cat
                                              Ind's child 5, type of record
REL_CHI5_BYEAR  int     %10.0g                Ind's child 5, birth year
REL_CHI6_ID     long    %10.0g                Ind's child 6, unique ID
REL_CHI6_TYPE   byte    %16.0g     relchitype_2cat
                                              Ind's child 6, type of record
REL_CHI6_BYEAR  int     %10.0g                Ind's child 6, birth year
REL_CHI7_ID     long    %10.0g                Ind's child 7, unique ID
REL_CHI7_TYPE   byte    %16.0g     relchitype_2cat
                                              Ind's child 7, type of record
REL_CHI7_BYEAR  int     %10.0g                Ind's child 7, birth year
REL_CHI8_ID     long    %10.0g                Ind's child 8, unique ID
REL_CHI8_TYPE   byte    %16.0g     relchitype_2cat
                                              Ind's child 8, type of record
REL_CHI8_BYEAR  int     %10.0g                Ind's child 8, birth year
REL_CHI9_ID     long    %10.0g                Ind's child 9, unique ID
REL_CHI9_TYPE   byte    %16.0g     relchitype_2cat
                                              Ind's child 9, type of record
REL_CHI9_BYEAR  int     %10.0g                Ind's child 9, birth year
REL_CHI10_ID    long    %10.0g                Ind's child 10, unique ID
REL_CHI10_TYPE  byte    %16.0g     relchitype_2cat
                                              Ind's child 10, type of record
REL_CHI10_BYEAR int     %10.0g                Ind's child 10, birth year
REL_CHI11_ID    long    %10.0g                Ind's child 11, unique ID
REL_CHI11_TYPE  byte    %16.0g     relchitype_2cat
                                              Ind's child 11, type of record
REL_CHI11_BYEAR int     %10.0g                Ind's child 11, birth year
REL_CHI12_ID    long    %10.0g                Ind's child 12, unique ID
REL_CHI12_TYPE  byte    %16.0g     relchitype_2cat
                                              Ind's child 12, type of record
REL_CHI12_BYEAR int     %10.0g                Ind's child 12, birth year
REL_CHI13_ID    long    %10.0g                Ind's child 13, unique ID
REL_CHI13_TYPE  byte    %16.0g     relchitype_2cat
                                              Ind's child 13, type of record
REL_CHI13_BYEAR int     %10.0g                Ind's child 13, birth year
REL_CHI14_ID    long    %10.0g                Ind's child 14, unique ID
REL_CHI14_TYPE  byte    %16.0g     relchitype_2cat
                                              Ind's child 14, type of record
REL_CHI14_BYEAR int     %10.0g                Ind's child 14, birth year
REL_CHI15_ID    long    %10.0g                Ind's child 15, unique ID
REL_CHI15_TYPE  byte    %16.0g     relchitype_2cat
                                              Ind's child 15, type of record
REL_CHI15_BYEAR int     %10.0g                Ind's child 15, birth year
REL_CHI16_ID    long    %10.0g                Ind's child 16, unique ID
REL_CHI16_TYPE  byte    %16.0g     relchitype_2cat
                                              Ind's child 16, type of record
REL_CHI16_BYEAR int     %10.0g                Ind's child 16, birth year
REL_CHI17_ID    long    %10.0g                Ind's child 17, unique ID
REL_CHI17_TYPE  byte    %16.0g     relchitype_2cat
                                              Ind's child 17, type of record
REL_CHI17_BYEAR int     %10.0g                Ind's child 17, birth year
REL_CHI18_ID    long    %10.0g                Ind's child 18, unique ID
REL_CHI18_TYPE  byte    %16.0g     relchitype_2cat
                                              Ind's child 18, type of record
REL_CHI18_BYEAR int     %10.0g                Ind's child 18, birth year
REL_CHI19_ID    long    %10.0g                Ind's child 19, unique ID
REL_CHI19_TYPE  byte    %16.0g     relchitype_2cat
                                              Ind's child 19, type of record
REL_CHI19_BYEAR byte    %10.0g                Ind's child 19, birth year
REL_CHI20_ID    long    %10.0g                Ind's child 20, unique ID
REL_CHI20_TYPE  byte    %16.0g     relchitype_2cat
                                              Ind's child 20, type of record
REL_CHI20_BYEAR byte    %10.0g                Ind's child 20, birth year
REL_MAR_TOT     byte    %10.0g                Ind's total number of marriage
                                                records
REL_MAR_REP     byte    %10.0g                Ind's reported number of
                                                marriages, with or without
                                                records
REL_MAR1_ID     long    %10.0g                Ind's mariage 1, unique ID
REL_MAR1_MYEAR  int     %10.0g                Ind's mariage 1, marriage year
REL_MAR1_SYEAR  int     %10.0g                Ind's mariage 1, separation
                                                year
REL_MAR1_DYEAR  int     %10.0g                Ind's mariage 1, dissolution
                                                year
REL_MAR2_ID     long    %10.0g                Ind's mariage 2, unique ID
REL_MAR2_MYEAR  int     %10.0g                Ind's mariage 2, marriage year
REL_MAR2_SYEAR  int     %10.0g                Ind's mariage 2, separation
                                                year
REL_MAR2_DYEAR  int     %10.0g                Ind's mariage 2, dissolution
                                                year
REL_MAR3_ID     long    %10.0g                Ind's mariage 3, unique ID
REL_MAR3_MYEAR  int     %10.0g                Ind's mariage 3, marriage year
REL_MAR3_SYEAR  int     %10.0g                Ind's mariage 3, separation
                                                year
REL_MAR3_DYEAR  int     %10.0g                Ind's mariage 3, dissolution
                                                year
REL_MAR4_ID     long    %10.0g                Ind's mariage 4, unique ID
REL_MAR4_MYEAR  int     %10.0g                Ind's mariage 4, marriage year
REL_MAR4_SYEAR  int     %10.0g                Ind's mariage 4, separation
                                                year
REL_MAR4_DYEAR  int     %10.0g                Ind's mariage 4, dissolution
                                                year
REL_MAR5_ID     long    %10.0g                Ind's mariage 5, unique ID
REL_MAR5_MYEAR  int     %10.0g                Ind's mariage 5, marriage year
REL_MAR5_SYEAR  int     %10.0g                Ind's mariage 5, separation
                                                year
REL_MAR5_DYEAR  int     %10.0g                Ind's mariage 5, dissolution
                                                year
REL_MAR6_ID     long    %10.0g                Ind's mariage 6, unique ID
REL_MAR6_MYEAR  int     %10.0g                Ind's mariage 6, marriage year
REL_MAR6_SYEAR  int     %10.0g                Ind's mariage 6, separation
                                                year
REL_MAR6_DYEAR  int     %10.0g                Ind's mariage 6, dissolution
                                                year
REL_MAR7_ID     long    %10.0g                Ind's mariage 7, unique ID
REL_MAR7_MYEAR  int     %10.0g                Ind's mariage 7, marriage year
REL_MAR7_SYEAR  int     %10.0g                Ind's mariage 7, separation
                                                year
REL_MAR7_DYEAR  int     %10.0g                Ind's mariage 7, dissolution
                                                year
REL_MAR8_ID     long    %10.0g                Ind's mariage 8, unique ID
REL_MAR8_MYEAR  int     %10.0g                Ind's mariage 8, marriage year
REL_MAR8_SYEAR  int     %10.0g                Ind's mariage 8, separation
                                                year
REL_MAR8_DYEAR  int     %10.0g                Ind's mariage 8, dissolution
                                                year
PSID_RETRIEVE   long    %15.0f     psid_retrieve_1cat
                                              Retrieval date of main PSID
                                                data, for generating
                                                PSID-SHELF
PSIDSHELF_COMPILE
                long    %15.0f     psidshelf_compile_1cat
                                              Compile date of PSID-SHELF,
                                                current data file
PSIDSHELF_RELEASE
                long    %15.0f     psidshelf_release_1cat
                                              Release number of PSID-SHELF,
                                                current data file
----------------------------------------------------------------------------
Sorted by: ID  YEAR

. log close
      name:  <unnamed>
       log:  /Users/zixili/Desktop/Brown/Spring_2026/CSCI_1470/FinalProject/
> vars.log
  log type:  text
 closed on:  20 Apr 2026, 19:07:00
----------------------------------------------------------------------------
