ID,split,target_bin,pred_earn,true_earn,mask_earn,pred_emp,true_emp,mask_emp,pred_mar,true_mar,mask_mar
4007,val,a30_31,3.0727162,1.2333428,1.0,3,2,1.0,2,2,1.0
6174,val,a30_31,3.5067477,3.5177844,1.0,3,3,1.0,2,2,1.0
14004,val,a30_31,3.4708693,3.7227888,1.0,3,3,1.0,2,2,1.0
14172,val,a30_31,0.82833385,0.0,1.0,2,2,1.0,2,2,1.0
14173,val,a30_31,2.684468,3.7706354,1.0,3,3,1.0,2,2,1.0
18031,val,a30_31,0.68964493,0.81838655,1.0,2,2,1.0,2,2,1.0
18185,val,a30_31,1.727026,0.0,1.0,3,3,1.0,2,3,1.0
23031,val,a30_31,2.955409,2.8751705,1.0,3,3,1.0,6,6,1.0
40173,val,a30_31,3.5051823,4.076673,1.0,3,3,1.0,2,4,1.0
51171,val,a30_31,3.351623,3.2225082,1.0,3,3,1.0,2,2,1.0
84005,val,a30_31,3.3278484,4.049696,1.0,3,3,1.0,6,6,1.0
121173,val,a30_31,3.4301648,4.0438795,1.0,3,3,1.0,2,2,1.0
128004,val,a30_31,3.6278343,3.8195267,1.0,3,3,1.0,2,2,1.0
145170,val,a30_31,3.0225298,3.3709557,1.0,3,3,1.0,2,2,1.0
161004,val,a30_31,3.3894892,4.204043,1.0,3,3,1.0,6,6,1.0
172031,val,a30_31,3.4674356,3.4236188,1.0,3,3,1.0,2,2,1.0
174175,val,a30_31,1.7239507,3.4206977,1.0,3,3,1.0,2,2,1.0
221031,val,a30_31,3.734476,3.6323774,1.0,3,3,1.0,2,2,1.0
223030,val,a30_31,3.4520588,3.2050848,1.0,3,2,1.0,2,2,1.0
227003,val,a30_31,3.7499447,3.901564,1.0,3,3,1.0,6,2,1.0
257175,val,a30_31,2.7367964,3.1132894,1.0,3,3,1.0,2,2,1.0
263182,val,a30_31,3.3621244,3.5551443,1.0,3,3,1.0,2,2,1.0
321005,val,a30_31,1.0253165,0.0,0.0,3,-1,0.0,2,-1,0.0
361175,val,a30_31,1.7496178,2.389918,1.0,3,3,1.0,4,4,1.0
377170,val,a30_31,3.466456,3.303338,1.0,3,3,1.0,2,2,1.0
450030,val,a30_31,3.5308342,4.141229,1.0,3,3,1.0,6,6,1.0
465030,val,a30_31,1.9526918,2.9653394,1.0,3,3,1.0,4,4,1.0
478030,val,a30_31,2.2691543,2.9689102,1.0,3,2,1.0,4,2,1.0
503031,val,a30_31,3.1212783,3.7946298,1.0,3,3,1.0,4,2,1.0
514172,val,a30_31,3.6748564,3.7249148,1.0,3,3,1.0,2,2,1.0
534030,val,a30_31,3.3619168,3.3445346,1.0,3,3,1.0,2,2,1.0
534171,val,a30_31,3.5980601,3.6154544,1.0,3,3,1.0,2,2,1.0
544170,val,a30_31,2.6587772,2.5946815,1.0,3,3,1.0,2,2,1.0
563193,val,a30_31,3.2863877,2.9333522,1.0,3,3,1.0,2,2,1.0
577174,val,a30_31,3.1830158,2.6081264,1.0,3,2,1.0,2,2,1.0
613006,val,a30_31,2.7300513,4.2846055,1.0,3,3,1.0,2,6,1.0
618170,val,a30_31,3.8594184,4.2050204,1.0,3,3,1.0,2,2,1.0
631030,val,a30_31,2.827979,0.0,0.0,3,3,1.0,2,2,1.0
633031,val,a30_31,3.114697,3.3445346,1.0,3,3,1.0,4,2,1.0
652173,val,a30_31,3.4454145,3.6388054,1.0,3,3,1.0,2,2,1.0
655172,val,a30_31,3.5072503,3.6167312,1.0,3,3,1.0,2,2,1.0
656005,val,a30_31,2.8230019,1.7369525,1.0,3,3,1.0,2,2,1.0
691171,val,a30_31,2.6429734,0.0,0.0,3,-1,0.0,2,-1,0.0
738172,val,a30_31,2.296169,2.6902387,1.0,3,3,1.0,2,2,1.0
751030,val,a30_31,2.028179,0.0,1.0,3,2,1.0,2,2,1.0
762170,val,a30_31,3.7947607,4.4477153,1.0,3,3,1.0,2,2,1.0
783171,val,a30_31,3.1267617,3.4384992,1.0,3,3,1.0,2,2,1.0
863007,val,a30_31,2.6132464,2.2456512,1.0,3,3,1.0,2,2,1.0
893170,val,a30_31,2.9737477,2.9455593,1.0,3,3,1.0,2,2,1.0
894031,val,a30_31,3.2889726,2.461121,1.0,3,3,1.0,2,2,1.0
898181,val,a30_31,2.545762,3.0409112,1.0,3,2,1.0,2,2,1.0
899003,val,a30_31,3.3984349,3.0307395,1.0,3,3,1.0,4,4,1.0
916032,val,a30_31,2.5386589,3.3619723,1.0,3,3,1.0,6,6,1.0
922005,val,a30_31,3.7769244,3.2996137,1.0,3,3,1.0,2,2,1.0
931172,val,a30_31,3.3178158,3.1621735,1.0,3,3,1.0,2,2,1.0
939032,val,a30_31,4.1009274,0.0,1.0,3,3,1.0,2,2,1.0
958030,val,a30_31,3.2805195,3.497985,1.0,3,3,1.0,2,2,1.0
958173,val,a30_31,2.9071717,2.9178963,1.0,3,3,1.0,2,2,1.0
961005,val,a30_31,2.9673085,2.9415638,1.0,3,3,1.0,4,4,1.0
961030,val,a30_31,2.5009887,3.5397089,1.0,3,3,1.0,6,6,1.0
961175,val,a30_31,3.3052244,3.023627,1.0,3,3,1.0,2,2,1.0
1051183,val,a30_31,3.7166753,4.358222,1.0,3,3,1.0,2,2,1.0
1084005,val,a30_31,3.1889658,2.8418088,1.0,3,2,1.0,2,2,1.0
1089003,val,a30_31,3.2455697,3.3856127,1.0,3,3,1.0,2,2,1.0
1093003,val,a30_31,1.048102,0.0,1.0,3,2,1.0,2,2,1.0
1107173,val,a30_31,1.8119495,1.0235457,1.0,3,3,1.0,2,2,1.0
1109174,val,a30_31,1.6177325,0.6388453,1.0,3,2,1.0,2,2,1.0
1121030,val,a30_31,3.294191,3.028002,1.0,3,3,1.0,2,2,1.0
1121175,val,a30_31,1.8847071,1.7948437,1.0,3,3,1.0,2,2,1.0
1125172,val,a30_31,2.8494558,2.3413634,1.0,3,3,1.0,2,2,1.0
1126030,val,a30_31,3.0246234,0.8757976,1.0,3,2,1.0,2,2,1.0
1126176,val,a30_31,1.294935,4.886779,1.0,3,3,1.0,2,2,1.0
1152180,val,a30_31,3.4168947,3.4580646,1.0,3,3,1.0,2,2,1.0
1164004,val,a30_31,3.4534636,3.0181873,1.0,3,3,1.0,2,2,1.0
1184032,val,a30_31,3.523818,3.2616544,1.0,3,3,1.0,2,2,1.0
1184033,val,a30_31,2.1996262,3.2050848,1.0,3,3,1.0,6,6,1.0
1185003,val,a30_31,3.5834885,3.8515978,1.0,3,2,1.0,2,2,1.0
1222004,val,a30_31,2.5086606,2.0934732,1.0,3,2,1.0,2,2,1.0
1222006,val,a30_31,3.0952344,3.177607,1.0,3,3,1.0,2,2,1.0
1284170,val,a30_31,3.392511,3.9491403,1.0,3,3,1.0,2,2,1.0
1292004,val,a30_31,2.4610207,1.9329143,1.0,3,2,1.0,2,2,1.0
1314172,val,a30_31,3.3646047,0.0,1.0,3,2,1.0,2,2,1.0
1332005,val,a30_31,4.0419383,4.41165,1.0,3,2,1.0,2,4,1.0
1335010,val,a30_31,3.175648,2.8107677,1.0,3,3,1.0,2,2,1.0
1338003,val,a30_31,3.2140632,3.6048794,1.0,3,3,1.0,6,6,1.0
1345006,val,a30_31,2.7155607,3.5205963,1.0,3,2,1.0,2,4,1.0
1345007,val,a30_31,2.4052634,3.6249468,1.0,3,3,1.0,6,6,1.0
1346030,val,a30_31,3.4011438,0.0,1.0,3,2,1.0,6,2,1.0
1391033,val,a30_31,3.474206,3.6421258,1.0,3,3,1.0,6,2,1.0
1391175,val,a30_31,0.5152825,0.0,1.0,2,2,1.0,2,2,1.0
1394033,val,a30_31,1.2730709,0.0,1.0,2,2,1.0,4,4,1.0
1397005,val,a30_31,3.2784877,3.6570578,1.0,3,3,1.0,2,2,1.0
1397172,val,a30_31,1.7150178,0.0,1.0,3,2,1.0,2,2,1.0
1426004,val,a30_31,1.1504681,1.5148215,1.0,3,3,1.0,6,2,1.0
1434032,val,a30_31,2.640174,2.5882483,1.0,3,2,1.0,2,2,1.0
1434170,val,a30_31,3.1017046,2.7760577,1.0,3,3,1.0,2,2,1.0
1435005,val,a30_31,3.5151405,3.8998532,1.0,3,3,1.0,2,6,1.0
1485171,val,a30_31,3.4292371,3.5806315,1.0,3,3,1.0,2,2,1.0
1520031,val,a30_31,3.5472035,3.6576927,1.0,3,3,1.0,4,4,1.0
1540005,val,a30_31,3.9631267,4.493356,1.0,3,3,1.0,6,6,1.0
1559003,val,a30_31,3.9924235,4.33515,1.0,3,3,1.0,2,2,1.0
1559170,val,a30_31,3.5548315,3.7329192,1.0,3,3,1.0,2,2,1.0
1565180,val,a30_31,3.2817488,2.850009,1.0,3,3,1.0,2,2,1.0
1579030,val,a30_31,3.0357149,3.539721,1.0,3,3,1.0,2,2,1.0
1613007,val,a30_31,2.5736406,3.3296845,1.0,3,2,1.0,2,2,1.0
1621171,val,a30_31,3.757549,4.0290737,1.0,3,3,1.0,2,2,1.0
1644004,val,a30_31,3.12698,3.1041627,1.0,3,2,1.0,2,2,1.0
1652031,val,a30_31,2.933236,3.7628198,1.0,3,3,1.0,2,2,1.0
1682032,val,a30_31,3.0203674,4.232157,1.0,3,3,1.0,6,6,1.0
1684173,val,a30_31,3.1667097,3.0831435,1.0,3,3,1.0,2,2,1.0
1687003,val,a30_31,3.2207751,3.0770123,1.0,3,3,1.0,2,2,1.0
1690170,val,a30_31,1.821341,2.9952161,1.0,3,3,1.0,2,2,1.0
1692030,val,a30_31,0.45668674,0.0,1.0,2,2,1.0,2,2,1.0
1695034,val,a30_31,3.0246627,3.154082,1.0,3,3,1.0,2,2,1.0
1701004,val,a30_31,2.59547,2.9586496,1.0,3,3,1.0,2,2,1.0
1721030,val,a30_31,3.4641635,4.218239,1.0,3,3,1.0,4,4,1.0
1723005,val,a30_31,0.5019498,0.0,1.0,2,2,1.0,2,2,1.0
1762030,val,a30_31,2.4368098,1.8541794,1.0,3,3,1.0,2,2,1.0
1762031,val,a30_31,3.4359038,3.4748342,1.0,3,3,1.0,2,2,1.0
1762032,val,a30_31,1.543134,0.8422866,1.0,3,3,1.0,2,2,1.0
1774170,val,a30_31,3.514308,3.530886,1.0,3,3,1.0,2,2,1.0
1774171,val,a30_31,3.4953492,3.757377,1.0,3,3,1.0,2,2,1.0
1784171,val,a30_31,3.7146075,4.354948,1.0,3,3,1.0,2,2,1.0
1786191,val,a30_31,3.662737,4.0242934,1.0,3,3,1.0,2,2,1.0
1787005,val,a30_31,3.5840278,3.5573397,1.0,3,3,1.0,2,2,1.0
1787174,val,a30_31,2.924089,3.4187503,1.0,3,3,1.0,2,2,1.0
1802003,val,a30_31,2.8520129,2.8268056,1.0,3,3,1.0,2,2,1.0
1845170,val,a30_31,3.7418966,3.5920963,1.0,3,3,1.0,2,2,1.0
1862171,val,a30_31,3.1439676,1.0280056,1.0,3,3,1.0,2,2,1.0
1898004,val,a30_31,2.8072002,4.0346365,1.0,3,3,1.0,6,6,1.0
1911030,val,a30_31,1.2329044,3.1301715,1.0,3,3,1.0,2,3,1.0
1914003,val,a30_31,1.1727717,0.13113108,1.0,3,3,1.0,2,2,1.0
1919007,val,a30_31,3.9313304,3.7895627,1.0,3,3,1.0,2,2,1.0
1954003,val,a30_31,3.4873266,3.2025814,1.0,3,3,1.0,2,2,1.0
1959005,val,a30_31,3.6054955,4.0288734,1.0,3,3,1.0,6,6,1.0
1964031,val,a30_31,1.4222395,0.0,0.0,3,-1,0.0,2,-1,0.0
1972173,val,a30_31,1.0586503,0.0,1.0,3,2,1.0,2,2,1.0
1978030,val,a30_31,3.2994087,3.5649583,1.0,3,3,1.0,2,2,1.0
2005030,val,a30_31,3.1256003,2.9669423,1.0,3,3,1.0,6,6,1.0
2011174,val,a30_31,3.1129556,2.6167932,1.0,3,3,1.0,4,2,1.0
2023030,val,a30_31,3.5834851,4.596575,1.0,3,3,1.0,6,6,1.0
2028030,val,a30_31,3.5268874,3.7856972,1.0,3,3,1.0,4,4,1.0
2055003,val,a30_31,2.8040247,2.474848,1.0,3,3,1.0,2,2,1.0
2067005,val,a30_31,3.7038822,3.8257277,1.0,3,3,1.0,2,2,1.0
2080170,val,a30_31,1.6496474,0.7748619,1.0,3,3,1.0,2,2,1.0
2106171,val,a30_31,0.73317003,0.0,1.0,2,2,1.0,2,2,1.0
2109002,val,a30_31,3.468636,4.0631533,1.0,3,3,1.0,2,2,1.0
2129186,val,a30_31,3.1513374,3.000162,1.0,3,3,1.0,2,2,1.0
2181007,val,a30_31,0.46152878,0.0,1.0,2,2,1.0,6,6,1.0
2181030,val,a30_31,3.0192418,3.2536054,1.0,3,3,1.0,4,4,1.0
2243174,val,a30_31,3.5196657,4.1554103,1.0,3,3,1.0,2,2,1.0
2260173,val,a30_31,2.5151474,1.88501,1.0,3,2,1.0,2,2,1.0
2261030,val,a30_31,3.0122075,2.6918542,1.0,3,3,1.0,2,2,1.0
2271171,val,a30_31,2.3443687,2.9267282,1.0,3,3,1.0,2,2,1.0
2282005,val,a30_31,3.3550262,3.3026655,1.0,3,3,1.0,4,4,1.0
2302195,val,a30_31,0.5241009,0.0,1.0,2,2,1.0,2,2,1.0
2334031,val,a30_31,3.651801,4.190539,1.0,3,3,1.0,2,2,1.0
2341172,val,a30_31,2.8356233,1.6821941,1.0,3,2,1.0,2,2,1.0
2354175,val,a30_31,3.3330338,0.02431143,1.0,3,3,1.0,6,2,1.0
2355004,val,a30_31,1.3917258,2.3455245,1.0,3,3,1.0,4,4,1.0
2391030,val,a30_31,3.5313864,3.3619723,1.0,3,3,1.0,2,2,1.0
2397173,val,a30_31,1.1623671,0.0,1.0,3,2,1.0,2,3,1.0
2408170,val,a30_31,2.824183,2.1372008,1.0,3,3,1.0,6,2,1.0
2425003,val,a30_31,2.9801214,1.4242183,1.0,3,3,1.0,2,2,1.0
2432030,val,a30_31,0.64785004,0.0,1.0,2,2,1.0,4,4,1.0
2435172,val,a30_31,2.0242827,1.2739747,1.0,3,3,1.0,2,2,1.0
2436174,val,a30_31,0.5318184,0.0,1.0,2,2,1.0,2,2,1.0
2436176,val,a30_31,0.9615176,1.6717893,1.0,3,3,1.0,2,2,1.0
2441003,val,a30_31,1.0949998,2.0608215,1.0,3,3,1.0,2,2,1.0
2441173,val,a30_31,2.8386056,3.6020598,1.0,3,3,1.0,2,2,1.0
2458031,val,a30_31,3.9035115,4.507845,1.0,3,3,1.0,2,6,1.0
2461004,val,a30_31,0.8076793,1.2221372,1.0,2,2,1.0,2,2,1.0
2461030,val,a30_31,3.3105135,4.886779,1.0,3,3,1.0,2,2,1.0
2473004,val,a30_31,3.411425,3.5453892,1.0,3,3,1.0,2,2,1.0
2483030,val,a30_31,2.791559,1.4439538,1.0,3,2,1.0,2,2,1.0
2503030,val,a30_31,3.4881186,4.153324,1.0,3,3,1.0,6,6,1.0
2510005,val,a30_31,3.3609545,3.681525,1.0,3,3,1.0,2,2,1.0
2525003,val,a30_31,2.844736,1.0911466,1.0,3,2,1.0,2,2,1.0
2529030,val,a30_31,3.2343028,3.6850972,1.0,3,3,1.0,2,2,1.0
2529174,val,a30_31,3.3956485,3.8850634,1.0,3,3,1.0,2,2,1.0
2530003,val,a30_31,1.6906133,2.4984546,1.0,3,3,1.0,2,2,1.0
2530004,val,a30_31,3.0992255,3.1229002,1.0,3,3,1.0,2,2,1.0
2569033,val,a30_31,2.7407153,3.1590667,1.0,3,3,1.0,6,2,1.0
2601006,val,a30_31,3.2630708,4.568841,1.0,3,3,1.0,6,2,1.0
2608006,val,a30_31,2.9989352,3.104259,1.0,3,3,1.0,2,2,1.0
2615034,val,a30_31,3.6122088,4.351215,1.0,3,3,1.0,2,2,1.0
2639004,val,a30_31,0.9308722,3.4125912,1.0,2,3,1.0,2,6,1.0
2665177,val,a30_31,1.2954692,0.50427806,1.0,3,2,1.0,6,6,1.0
2672006,val,a30_31,3.4898665,3.8187668,1.0,3,3,1.0,6,6,1.0
2672171,val,a30_31,1.7673731,4.456984,1.0,3,3,1.0,2,4,1.0
2697003,val,a30_31,3.553286,3.9311678,1.0,3,3,1.0,2,4,1.0
2704031,val,a30_31,3.0206447,3.4627373,1.0,3,3,1.0,6,2,1.0
2705030,val,a30_31,3.510767,3.8132377,1.0,3,3,1.0,2,2,1.0
2707007,val,a30_31,2.8238454,2.7866313,1.0,3,3,1.0,2,2,1.0
2712172,val,a30_31,2.274335,2.5026433,1.0,3,3,1.0,2,2,1.0
2731003,val,a30_31,3.0095816,3.2932556,1.0,3,3,1.0,6,6,1.0
2731005,val,a30_31,3.635795,4.5509243,1.0,3,3,1.0,6,6,1.0
2770031,val,a30_31,3.4662242,3.598622,1.0,3,3,1.0,2,2,1.0
2816004,val,a30_31,1.134206,0.0,1.0,3,2,1.0,2,2,1.0
2910002,val,a30_31,3.092531,2.9302201,1.0,3,3,1.0,2,2,1.0
3062001,val,a30_31,3.5039158,3.2921891,1.0,3,3,1.0,2,2,1.0
3235002,val,a30_31,2.9520311,2.637326,1.0,3,3,1.0,2,2,1.0
3306001,val,a30_31,3.7675092,4.2639766,1.0,3,3,1.0,2,2,1.0
5015030,val,a30_31,1.8654897,3.053964,1.0,3,3,1.0,2,2,1.0
5048030,val,a30_31,2.7799964,0.9035515,1.0,3,3,1.0,6,6,1.0
5052033,val,a30_31,2.4517326,2.1652112,1.0,3,3,1.0,6,6,1.0
5057008,val,a30_31,0.4017439,0.0,1.0,2,2,1.0,6,6,1.0
5170009,val,a30_31,3.4915395,3.6723797,1.0,3,3,1.0,2,2,1.0
5230008,val,a30_31,3.251101,3.3242893,1.0,3,3,1.0,2,2,1.0
5299010,val,a30_31,2.478887,1.4410384,1.0,3,3,1.0,6,6,1.0
5336179,val,a30_31,3.0237932,2.2973404,1.0,3,2,1.0,2,2,1.0
5364005,val,a30_31,2.839183,3.2058682,1.0,3,3,1.0,2,3,1.0
5379004,val,a30_31,3.3112683,2.9469423,1.0,3,3,1.0,4,4,1.0
5430173,val,a30_31,2.685092,0.0,0.0,3,-1,0.0,6,-1,0.0
5488006,val,a30_31,3.17282,3.6987822,1.0,3,3,1.0,6,6,1.0
5493007,val,a30_31,0.45927048,0.0,1.0,2,2,1.0,3,5,1.0
5537009,val,a30_31,2.418276,2.2175868,1.0,3,3,1.0,2,2,1.0
5537177,val,a30_31,1.0559725,0.0,1.0,2,2,1.0,2,2,1.0
5537183,val,a30_31,3.4655666,0.0,1.0,3,2,1.0,2,2,1.0
5569010,val,a30_31,2.8893294,3.477633,1.0,3,3,1.0,2,2,1.0
5600005,val,a30_31,1.272137,2.3809192,1.0,3,2,1.0,6,6,1.0
5615183,val,a30_31,2.8680165,4.037687,1.0,3,3,1.0,2,2,1.0
5749006,val,a30_31,1.7577367,2.652741,1.0,3,3,1.0,4,2,1.0
5822175,val,a30_31,2.92149,2.9794602,1.0,3,3,1.0,2,2,1.0
5832003,val,a30_31,2.9847288,0.0,0.0,3,-1,0.0,6,-1,0.0
5872005,val,a30_31,0.42746496,0.0,1.0,2,2,1.0,6,6,1.0
5898005,val,a30_31,2.2226493,0.0,1.0,3,2,1.0,6,4,1.0
5904033,val,a30_31,2.9520538,2.6030054,1.0,3,3,1.0,2,3,1.0
5987188,val,a30_31,3.1321428,3.0227742,1.0,3,3,1.0,2,2,1.0
6026005,val,a30_31,3.0974083,3.6704879,1.0,3,3,1.0,6,6,1.0
6026172,val,a30_31,3.2139459,3.7018018,1.0,3,3,1.0,6,6,1.0
6054031,val,a30_31,3.5371413,4.3773117,1.0,3,3,1.0,6,6,1.0
6121033,val,a30_31,1.3056754,0.0,0.0,2,2,1.0,6,6,1.0
6156008,val,a30_31,3.3223248,3.766229,1.0,3,3,1.0,6,6,1.0
6157003,val,a30_31,2.2825985,2.724433,1.0,3,3,1.0,2,2,1.0
6210183,val,a30_31,2.5158558,3.5983658,1.0,3,3,1.0,6,2,1.0
6262030,val,a30_31,3.5171096,3.6729314,1.0,3,3,1.0,2,2,1.0
6368007,val,a30_31,1.876632,1.520187,1.0,3,2,1.0,6,6,1.0
6381181,val,a30_31,3.2908208,3.8400397,1.0,3,3,1.0,6,6,1.0
6396003,val,a30_31,1.5595934,1.6638994,1.0,3,3,1.0,4,2,1.0
6431008,val,a30_31,2.9774106,3.2574513,1.0,3,3,1.0,2,2,1.0
6475170,val,a30_31,2.1858497,2.6670494,1.0,3,3,1.0,6,6,1.0
6522004,val,a30_31,1.6779435,0.0,1.0,3,2,1.0,6,6,1.0
6537032,val,a30_31,2.7980914,2.6992998,1.0,3,2,1.0,2,2,1.0
6541178,val,a30_31,3.4542818,4.0980587,1.0,3,3,1.0,2,2,1.0
6545006,val,a30_31,1.0132492,0.0,0.0,3,-1,0.0,2,-1,0.0
6547171,val,a30_31,2.7957728,2.844415,1.0,3,3,1.0,2,2,1.0
6571031,val,a30_31,3.018839,0.0,0.0,3,-1,0.0,2,-1,0.0
6590008,val,a30_31,2.7642758,3.052779,1.0,3,3,1.0,2,2,1.0
6616007,val,a30_31,2.5251818,2.4154687,1.0,3,2,1.0,2,2,1.0
6649003,val,a30_31,1.8024807,3.1905797,1.0,3,2,1.0,6,6,1.0
6710030,val,a30_31,0.49422026,3.334712,1.0,2,3,1.0,6,6,1.0
6745007,val,a30_31,2.738703,0.0,0.0,3,-1,0.0,6,-1,0.0
6750005,val,a30_31,2.3366933,0.0,1.0,3,3,1.0,2,3,1.0
6765006,val,a30_31,0.9672613,0.0,1.0,2,3,1.0,2,2,1.0
6822176,val,a30_31,3.2704928,3.7020907,1.0,3,3,1.0,2,3,1.0
4007,val,a32_33,3.0566497,1.0867418,1.0,3,3,1.0,2,2,1.0
6174,val,a32_33,3.4793534,3.4142132,1.0,3,3,1.0,2,2,1.0
14004,val,a32_33,3.4261255,3.97576,1.0,3,3,1.0,2,2,1.0
14172,val,a32_33,0.75719595,0.0,1.0,2,2,1.0,2,2,1.0
14173,val,a32_33,3.1306722,3.566897,1.0,3,3,1.0,2,2,1.0
18031,val,a32_33,0.6584599,0.0,1.0,2,2,1.0,2,2,1.0
18185,val,a32_33,1.9468914,3.419789,1.0,3,3,1.0,2,4,1.0
23031,val,a32_33,3.0826786,2.7639472,1.0,3,3,1.0,6,6,1.0
40173,val,a32_33,3.4633415,4.1959877,1.0,3,3,1.0,2,2,1.0
51171,val,a32_33,3.3682718,3.4484794,1.0,3,3,1.0,2,2,1.0
84005,val,a32_33,3.3477614,3.628354,1.0,3,3,1.0,6,6,1.0
121173,val,a32_33,3.3408866,4.8089485,1.0,3,3,1.0,2,2,1.0
128004,val,a32_33,3.5300665,3.699267,1.0,3,3,1.0,2,2,1.0
145170,val,a32_33,3.1174927,3.7859023,1.0,3,3,1.0,2,2,1.0
161004,val,a32_33,3.4031506,4.144882,1.0,3,3,1.0,6,6,1.0
172031,val,a32_33,3.4111905,3.4698775,1.0,3,3,1.0,2,2,1.0
174175,val,a32_33,2.0626118,3.505085,1.0,3,3,1.0,2,2,1.0
221031,val,a32_33,3.6515038,3.6850972,1.0,3,3,1.0,2,2,1.0
223030,val,a32_33,3.4630232,3.5649583,1.0,3,3,1.0,2,2,1.0
227003,val,a32_33,3.6981888,1.4325641,1.0,3,3,1.0,6,4,1.0
257175,val,a32_33,2.829204,2.9559011,1.0,3,3,1.0,2,2,1.0
263182,val,a32_33,3.355869,3.1111588,1.0,3,3,1.0,2,2,1.0
321005,val,a32_33,1.6936821,0.0,1.0,3,3,1.0,2,2,1.0
361175,val,a32_33,2.5137413,2.4523063,1.0,3,2,1.0,4,2,1.0
377170,val,a32_33,3.492396,4.1439614,1.0,3,3,1.0,2,2,1.0
450030,val,a32_33,3.5228896,3.9492195,1.0,3,3,1.0,6,6,1.0
465030,val,a32_33,2.1871502,3.4057453,1.0,3,3,1.0,4,2,1.0
478030,val,a32_33,2.5864158,2.441683,1.0,3,2,1.0,4,5,1.0
503031,val,a32_33,3.2024977,4.011046,1.0,3,3,1.0,4,2,1.0
514172,val,a32_33,3.5922074,4.8569217,1.0,3,3,1.0,2,2,1.0
534030,val,a32_33,3.310498,3.5290773,1.0,3,3,1.0,2,2,1.0
534171,val,a32_33,3.531569,3.4207587,1.0,3,3,1.0,2,2,1.0
544170,val,a32_33,2.7098815,2.4005008,1.0,3,3,1.0,2,2,1.0
563193,val,a32_33,3.3190708,1.2695827,1.0,3,2,1.0,2,2,1.0
577174,val,a32_33,3.2431018,1.7688432,1.0,3,3,1.0,2,2,1.0
613006,val,a32_33,3.204063,4.381024,1.0,3,3,1.0,2,6,1.0
618170,val,a32_33,3.7497687,4.21746,1.0,3,3,1.0,2,2,1.0
631030,val,a32_33,3.0429177,3.6409497,1.0,3,2,1.0,2,4,1.0
633031,val,a32_33,3.1224494,3.587975,1.0,3,3,1.0,4,2,1.0
652173,val,a32_33,3.3706162,3.7014766,1.0,3,3,1.0,2,2,1.0
655172,val,a32_33,3.3968706,2.5599382,1.0,3,3,1.0,2,2,1.0
656005,val,a32_33,2.907019,1.6182599,1.0,3,2,1.0,2,2,1.0
691171,val,a32_33,2.681553,2.3093877,1.0,3,3,1.0,2,4,1.0
738172,val,a32_33,2.5720317,3.3051815,1.0,3,3,1.0,2,2,1.0
751030,val,a32_33,2.306136,2.7029045,1.0,3,3,1.0,2,2,1.0
762170,val,a32_33,3.6918569,4.7859936,1.0,3,3,1.0,2,2,1.0
783171,val,a32_33,3.110739,0.0,1.0,3,2,1.0,2,2,1.0
863007,val,a32_33,2.6961403,2.0965526,1.0,3,3,1.0,2,2,1.0
893170,val,a32_33,2.9701166,1.1484697,1.0,3,2,1.0,2,2,1.0
894031,val,a32_33,3.202888,2.920467,1.0,3,3,1.0,2,2,1.0
898181,val,a32_33,2.9230053,2.303382,1.0,3,2,1.0,2,2,1.0
899003,val,a32_33,3.4387884,3.1265504,1.0,3,3,1.0,4,4,1.0
916032,val,a32_33,2.6739984,3.433667,1.0,3,3,1.0,6,6,1.0
922005,val,a32_33,3.6704493,2.0455058,1.0,3,3,1.0,2,2,1.0
931172,val,a32_33,3.322742,2.9653394,1.0,3,3,1.0,2,2,1.0
939032,val,a32_33,3.99923,4.886779,1.0,3,3,1.0,2,2,1.0
958030,val,a32_33,3.2410183,3.514469,1.0,3,3,1.0,2,2,1.0
958173,val,a32_33,2.9249291,3.0765197,1.0,3,3,1.0,2,2,1.0
961005,val,a32_33,3.0387645,2.9124293,1.0,3,2,1.0,4,2,1.0
961030,val,a32_33,2.720127,3.8700032,1.0,3,3,1.0,6,6,1.0
961175,val,a32_33,3.310534,3.3337398,1.0,3,3,1.0,2,2,1.0
1051183,val,a32_33,3.6234775,3.8180304,1.0,3,3,1.0,2,2,1.0
1084005,val,a32_33,3.1348226,0.0,1.0,3,2,1.0,2,2,1.0
1089003,val,a32_33,3.1992426,3.267166,1.0,3,3,1.0,2,2,1.0
1093003,val,a32_33,1.584723,0.0,1.0,3,2,1.0,2,2,1.0
1107173,val,a32_33,2.0418017,2.8713987,1.0,3,3,1.0,2,2,1.0
1109174,val,a32_33,1.9948432,1.7994808,1.0,3,2,1.0,2,2,1.0
1121030,val,a32_33,3.2856994,3.2479649,1.0,3,3,1.0,2,2,1.0
1121175,val,a32_33,2.0699747,2.7939436,1.0,3,3,1.0,2,2,1.0
1125172,val,a32_33,2.8702903,2.505347,1.0,3,3,1.0,2,2,1.0
1126030,val,a32_33,3.0149302,3.0186512,1.0,3,3,1.0,2,2,1.0
1126176,val,a32_33,1.8406739,4.886779,1.0,3,3,1.0,2,2,1.0
1152180,val,a32_33,3.3364625,3.2781074,1.0,3,3,1.0,2,2,1.0
1164004,val,a32_33,3.4316714,3.232986,1.0,3,3,1.0,2,2,1.0
1184032,val,a32_33,3.4806817,3.3217459,1.0,3,3,1.0,2,2,1.0
1184033,val,a32_33,2.4731352,0.0,1.0,3,2,1.0,6,2,1.0
1185003,val,a32_33,3.461431,2.8616178,1.0,3,2,1.0,2,2,1.0
1222004,val,a32_33,2.5807335,0.0,1.0,3,2,1.0,2,2,1.0
1222006,val,a32_33,3.1958675,3.2669837,1.0,3,3,1.0,2,2,1.0
1284170,val,a32_33,3.299411,3.8794374,1.0,3,3,1.0,2,2,1.0
1292004,val,a32_33,2.535314,1.8490136,1.0,3,3,1.0,2,2,1.0
1314172,val,a32_33,3.3862398,1.2554071,1.0,3,3,1.0,2,2,1.0
1332005,val,a32_33,3.915717,1.8490136,1.0,3,3,1.0,2,4,1.0
1335010,val,a32_33,3.1606777,2.8287268,1.0,3,3,1.0,2,2,1.0
1338003,val,a32_33,3.23388,3.5806177,1.0,3,3,1.0,6,6,1.0
1345006,val,a32_33,2.754373,3.5201502,1.0,3,3,1.0,2,4,1.0
1345007,val,a32_33,2.6496203,3.3856368,1.0,3,3,1.0,6,6,1.0
1346030,val,a32_33,3.3635929,0.0,1.0,3,2,1.0,6,2,1.0
1391033,val,a32_33,3.4934278,3.8577616,1.0,3,3,1.0,6,2,1.0
1391175,val,a32_33,0.52654076,2.1802564,1.0,2,3,1.0,2,2,1.0
1394033,val,a32_33,1.1156621,0.0,1.0,2,2,1.0,4,4,1.0
1397005,val,a32_33,3.3081427,3.384829,1.0,3,3,1.0,2,2,1.0
1397172,val,a32_33,2.070344,0.6637555,1.0,3,2,1.0,2,2,1.0
1426004,val,a32_33,1.4583393,1.2936131,1.0,3,2,1.0,6,3,1.0
1434032,val,a32_33,2.6958234,1.6391988,1.0,3,3,1.0,2,2,1.0
1434170,val,a32_33,3.124315,2.9495683,1.0,3,3,1.0,2,2,1.0
1435005,val,a32_33,3.7673688,3.904213,1.0,3,3,1.0,2,2,1.0
1485171,val,a32_33,3.4056435,1.6021421,1.0,3,3,1.0,2,2,1.0
1520031,val,a32_33,3.5077658,3.9380646,1.0,3,3,1.0,4,2,1.0
1540005,val,a32_33,3.939636,2.2967575,1.0,3,3,1.0,6,2,1.0
1559003,val,a32_33,3.8742695,4.4298196,1.0,3,3,1.0,2,2,1.0
1559170,val,a32_33,3.441638,3.635588,1.0,3,3,1.0,2,2,1.0
1565180,val,a32_33,3.2272136,3.4698775,1.0,3,3,1.0,2,2,1.0
1579030,val,a32_33,3.2427018,3.4738486,1.0,3,3,1.0,2,2,1.0
1613007,val,a32_33,2.9608793,0.38016513,1.0,3,2,1.0,2,2,1.0
1621171,val,a32_33,3.6581554,4.339688,1.0,3,3,1.0,2,2,1.0
1644004,val,a32_33,3.0825708,1.2289442,1.0,3,3,1.0,2,2,1.0
1652031,val,a32_33,2.9214344,0.0,1.0,3,2,1.0,2,2,1.0
1682032,val,a32_33,3.1582606,4.266328,1.0,3,3,1.0,6,6,1.0
1684173,val,a32_33,3.1827111,3.2957816,1.0,3,3,1.0,2,2,1.0
1687003,val,a32_33,3.2187972,3.19179,1.0,3,3,1.0,2,2,1.0
1690170,val,a32_33,2.059634,3.3861604,1.0,3,3,1.0,2,2,1.0
1692030,val,a32_33,0.45816684,1.5561625,1.0,2,3,1.0,2,2,1.0
1695034,val,a32_33,3.0371463,3.4795048,1.0,3,3,1.0,2,2,1.0
1701004,val,a32_33,2.678475,3.2293725,1.0,3,3,1.0,2,2,1.0
1721030,val,a32_33,3.423802,3.8455408,1.0,3,3,1.0,4,2,1.0
1723005,val,a32_33,0.5169605,0.82886904,1.0,2,2,1.0,2,2,1.0
1762030,val,a32_33,2.57026,1.9757252,1.0,3,3,1.0,2,2,1.0
1762031,val,a32_33,3.4020407,3.5925455,1.0,3,3,1.0,2,2,1.0
1762032,val,a32_33,1.8084114,1.6391988,1.0,3,3,1.0,2,3,1.0
1774170,val,a32_33,3.4007592,3.9912028,1.0,3,3,1.0,2,2,1.0
1774171,val,a32_33,3.390796,3.549721,1.0,3,3,1.0,2,2,1.0
1784171,val,a32_33,3.6305242,4.220819,1.0,3,3,1.0,2,2,1.0
1786191,val,a32_33,3.5819519,3.9380646,1.0,3,3,1.0,2,2,1.0
1787005,val,a32_33,3.5094004,3.6982102,1.0,3,3,1.0,2,2,1.0
1787174,val,a32_33,2.9226103,3.4946194,1.0,3,3,1.0,2,2,1.0
1802003,val,a32_33,2.8923764,2.9506648,1.0,3,3,1.0,2,2,1.0
1845170,val,a32_33,3.6580029,3.4964852,1.0,3,3,1.0,2,2,1.0
1862171,val,a32_33,3.142832,3.7249148,1.0,3,3,1.0,2,2,1.0
1898004,val,a32_33,2.8736966,3.97414,1.0,3,3,1.0,6,6,1.0
1911030,val,a32_33,1.6087589,3.1334782,1.0,3,3,1.0,2,2,1.0
1914003,val,a32_33,1.5808063,1.1835238,1.0,3,3,1.0,2,2,1.0
1919007,val,a32_33,3.832941,3.963373,1.0,3,3,1.0,2,2,1.0
1954003,val,a32_33,3.432481,3.3071876,1.0,3,3,1.0,2,2,1.0
1959005,val,a32_33,3.5923612,4.227319,1.0,3,3,1.0,6,6,1.0
1964031,val,a32_33,1.9623153,0.0,0.0,3,-1,0.0,2,-1,0.0
1972173,val,a32_33,1.5975046,3.2300382,1.0,3,3,1.0,2,3,1.0
1978030,val,a32_33,3.2398262,3.9380646,1.0,3,3,1.0,2,2,1.0
2005030,val,a32_33,3.1496744,3.6323774,1.0,3,3,1.0,6,6,1.0
2011174,val,a32_33,3.2205858,3.1610117,1.0,3,3,1.0,4,2,1.0
2023030,val,a32_33,3.5534148,4.676276,1.0,3,3,1.0,6,6,1.0
2028030,val,a32_33,3.5022392,3.8275414,1.0,3,3,1.0,4,4,1.0
2055003,val,a32_33,2.8526664,2.436415,1.0,3,3,1.0,2,2,1.0
2067005,val,a32_33,3.644249,3.8835647,1.0,3,3,1.0,2,2,1.0
2080170,val,a32_33,1.9608576,1.5193015,1.0,3,3,1.0,2,2,1.0
2106171,val,a32_33,0.6874565,1.9249718,1.0,2,3,1.0,2,2,1.0
2109002,val,a32_33,3.386747,4.320229,1.0,3,3,1.0,2,3,1.0
2129186,val,a32_33,3.1964624,3.4382844,1.0,3,3,1.0,2,2,1.0
2181007,val,a32_33,0.4799826,0.0,1.0,2,2,1.0,6,6,1.0
2181030,val,a32_33,3.0760262,3.2005377,1.0,3,3,1.0,4,4,1.0
2243174,val,a32_33,3.3969784,4.3128266,1.0,3,3,1.0,2,2,1.0
2260173,val,a32_33,2.5789957,1.8636948,1.0,3,3,1.0,2,2,1.0
2261030,val,a32_33,2.9958131,3.46386,1.0,3,3,1.0,2,2,1.0
2271171,val,a32_33,2.4454927,2.8805687,1.0,3,3,1.0,2,2,1.0
2282005,val,a32_33,3.3357513,2.6999228,1.0,3,3,1.0,4,4,1.0
2302195,val,a32_33,0.5343934,0.0,1.0,2,2,1.0,2,3,1.0
2334031,val,a32_33,3.5137572,4.3227935,1.0,3,3,1.0,2,2,1.0
2341172,val,a32_33,2.8488195,1.4055939,1.0,3,3,1.0,2,2,1.0
2354175,val,a32_33,3.36748,3.5770934,1.0,3,3,1.0,6,2,1.0
2355004,val,a32_33,1.7705399,3.1516616,1.0,3,3,1.0,4,4,1.0
2391030,val,a32_33,3.5134408,3.3850226,1.0,3,3,1.0,2,2,1.0
2397173,val,a32_33,1.6785307,1.5610666,1.0,3,2,1.0,2,4,1.0
2408170,val,a32_33,2.8995128,1.7504245,1.0,3,3,1.0,6,2,1.0
2425003,val,a32_33,3.0502615,1.0458099,1.0,3,3,1.0,2,2,1.0
2432030,val,a32_33,0.6869719,3.1244323,1.0,2,3,1.0,4,4,1.0
2435172,val,a32_33,2.267551,2.6671154,1.0,3,3,1.0,2,2,1.0
2436174,val,a32_33,0.5294336,0.0,1.0,2,2,1.0,2,2,1.0
2436176,val,a32_33,1.752166,2.3387928,1.0,3,3,1.0,2,2,1.0
2441003,val,a32_33,1.5060728,2.767564,1.0,3,3,1.0,2,2,1.0
2441173,val,a32_33,2.8893886,3.35304,1.0,3,2,1.0,2,2,1.0
2458031,val,a32_33,3.938499,4.4858203,1.0,3,3,1.0,2,6,1.0
2461004,val,a32_33,0.6360655,0.0,1.0,2,2,1.0,2,2,1.0
2461030,val,a32_33,3.3253708,4.886779,1.0,3,3,1.0,2,2,1.0
2473004,val,a32_33,3.3518038,3.5253677,1.0,3,3,1.0,2,2,1.0
2483030,val,a32_33,2.815969,2.811228,1.0,3,3,1.0,2,3,1.0
2503030,val,a32_33,3.5038471,3.3822985,1.0,3,2,1.0,6,6,1.0
2510005,val,a32_33,3.320276,3.1491687,1.0,3,3,1.0,2,2,1.0
2525003,val,a32_33,3.0110223,1.4930412,1.0,3,2,1.0,2,2,1.0
2529030,val,a32_33,3.2382834,2.3032491,1.0,3,3,1.0,2,2,1.0
2529174,val,a32_33,3.3361225,4.1124773,1.0,3,3,1.0,2,2,1.0
2530003,val,a32_33,1.8923123,0.0,0.0,3,-1,0.0,2,-1,0.0
2530004,val,a32_33,3.0529265,3.012737,1.0,3,3,1.0,2,2,1.0
2569033,val,a32_33,2.7993064,3.4540765,1.0,3,3,1.0,6,2,1.0
2601006,val,a32_33,3.2874923,4.6354756,1.0,3,3,1.0,6,2,1.0
2608006,val,a32_33,3.1087093,3.1019585,1.0,3,3,1.0,2,2,1.0
2615034,val,a32_33,3.4634907,4.0760427,1.0,3,3,1.0,2,2,1.0
2639004,val,a32_33,0.7278092,3.5780287,1.0,2,3,1.0,2,4,1.0
2665177,val,a32_33,1.6772358,0.0,1.0,3,2,1.0,6,6,1.0
2672006,val,a32_33,3.4715755,3.845893,1.0,3,3,1.0,6,2,1.0
2672171,val,a32_33,2.2094116,3.2094243,1.0,3,3,1.0,2,4,1.0
2697003,val,a32_33,3.5299911,4.1256022,1.0,3,3,1.0,2,4,1.0
2704031,val,a32_33,3.0704064,3.3051815,1.0,3,3,1.0,6,2,1.0
2705030,val,a32_33,3.4119012,4.1353226,1.0,3,3,1.0,2,2,1.0
2707007,val,a32_33,2.8640568,2.9212708,1.0,3,3,1.0,2,2,1.0
2712172,val,a32_33,2.4753366,2.9834774,1.0,3,3,1.0,2,2,1.0
2731003,val,a32_33,3.0001202,3.4424026,1.0,3,3,1.0,6,6,1.0
2731005,val,a32_33,3.5708055,4.657845,1.0,3,3,1.0,6,6,1.0
2770031,val,a32_33,3.3701434,3.5017936,1.0,3,3,1.0,2,2,1.0
2816004,val,a32_33,1.6385939,0.99481934,1.0,3,3,1.0,2,2,1.0
2910002,val,a32_33,3.0639546,2.9570043,1.0,3,2,1.0,2,2,1.0
3062001,val,a32_33,3.4386234,3.0165422,1.0,3,3,1.0,2,2,1.0
3235002,val,a32_33,2.9774528,3.067396,1.0,3,3,1.0,2,2,1.0
3306001,val,a32_33,3.634758,4.5033164,1.0,3,3,1.0,2,2,1.0
5015030,val,a32_33,2.2091727,3.1231244,1.0,3,3,1.0,2,2,1.0
5048030,val,a32_33,2.8315437,0.85221577,1.0,3,3,1.0,6,6,1.0
5052033,val,a32_33,2.5600271,2.1177578,1.0,3,3,1.0,6,6,1.0
5057008,val,a32_33,0.40656018,0.0,1.0,2,2,1.0,6,6,1.0
5170009,val,a32_33,3.3561969,3.754378,1.0,3,3,1.0,2,2,1.0
5230008,val,a32_33,3.1828945,3.23986,1.0,3,3,1.0,2,2,1.0
5299010,val,a32_33,2.6083257,0.0,1.0,3,2,1.0,6,6,1.0
5336179,val,a32_33,3.1569693,2.1424496,1.0,3,3,1.0,2,2,1.0
5364005,val,a32_33,2.8472266,3.1292195,1.0,3,3,1.0,2,3,1.0
5379004,val,a32_33,3.3552313,3.4401562,1.0,3,3,1.0,4,4,1.0
5430173,val,a32_33,2.789727,0.0,1.0,3,2,1.0,6,6,1.0
5488006,val,a32_33,3.154937,3.6953425,1.0,3,3,1.0,6,6,1.0
5493007,val,a32_33,0.47955942,0.0,1.0,2,2,1.0,3,6,1.0
5537009,val,a32_33,2.5220313,0.0,0.0,3,-1,0.0,2,-1,0.0
5537177,val,a32_33,0.9438149,0.0,1.0,2,2,1.0,2,2,1.0
5537183,val,a32_33,3.414744,3.904599,1.0,3,3,1.0,2,2,1.0
5569010,val,a32_33,2.8262732,3.7087364,1.0,3,3,1.0,2,2,1.0
5600005,val,a32_33,1.5737858,2.8738692,1.0,3,3,1.0,6,6,1.0
5615183,val,a32_33,3.0370727,3.4054897,1.0,3,3,1.0,2,2,1.0
5749006,val,a32_33,2.000432,2.906099,1.0,3,3,1.0,4,2,1.0
5822175,val,a32_33,3.0264661,3.410315,1.0,3,3,1.0,2,2,1.0
5832003,val,a32_33,2.9730544,3.3075924,1.0,3,2,1.0,6,6,1.0
5872005,val,a32_33,0.44246674,0.0,1.0,2,2,1.0,6,6,1.0
5898005,val,a32_33,2.2684782,1.7823017,1.0,3,3,1.0,6,4,1.0
5904033,val,a32_33,2.9815967,0.84036845,1.0,3,3,1.0,2,3,1.0
5987188,val,a32_33,3.1318946,2.9850528,1.0,3,3,1.0,2,2,1.0
6026005,val,a32_33,3.179852,3.9760501,1.0,3,3,1.0,6,2,1.0
6026172,val,a32_33,3.2187004,3.810312,1.0,3,3,1.0,6,2,1.0
6054031,val,a32_33,3.5243258,3.938906,1.0,3,3,1.0,6,6,1.0
6121033,val,a32_33,1.0385076,0.0,0.0,2,-1,0.0,6,-1,0.0
6156008,val,a32_33,3.28626,3.793373,1.0,3,3,1.0,6,6,1.0
6157003,val,a32_33,2.4159834,2.9488564,1.0,3,3,1.0,2,2,1.0
6210183,val,a32_33,2.6717372,3.3647535,1.0,3,3,1.0,6,2,1.0
6262030,val,a32_33,3.4656901,4.031533,1.0,3,3,1.0,2,2,1.0
6368007,val,a32_33,2.1277637,0.41118228,1.0,3,2,1.0,6,6,1.0
6381181,val,a32_33,3.2654133,4.056612,1.0,3,3,1.0,6,2,1.0
6396003,val,a32_33,1.9810898,1.5197067,1.0,3,3,1.0,4,2,1.0
6431008,val,a32_33,3.0316947,3.2996137,1.0,3,3,1.0,2,2,1.0
6475170,val,a32_33,2.3191652,2.8357437,1.0,3,3,1.0,6,6,1.0
6522004,val,a32_33,1.9717886,0.0,1.0,3,2,1.0,6,6,1.0
6537032,val,a32_33,2.7868118,0.0,1.0,3,2,1.0,2,2,1.0
6541178,val,a32_33,3.339229,4.160322,1.0,3,3,1.0,2,2,1.0
6545006,val,a32_33,1.6176064,0.0,0.0,3,-1,0.0,2,-1,0.0
6547171,val,a32_33,2.8303113,2.8279142,1.0,3,3,1.0,2,2,1.0
6571031,val,a32_33,3.0725396,3.3175473,1.0,3,3,1.0,2,3,1.0
6590008,val,a32_33,2.79931,3.1238058,1.0,3,3,1.0,2,2,1.0
6616007,val,a32_33,2.6497946,2.2041533,1.0,3,3,1.0,2,3,1.0
6649003,val,a32_33,1.9915904,2.9051325,1.0,3,3,1.0,6,6,1.0
6710030,val,a32_33,0.485543,0.0,0.0,2,-1,0.0,6,-1,0.0
6745007,val,a32_33,2.8133292,0.0,0.0,3,-1,0.0,6,-1,0.0
6750005,val,a32_33,2.586405,3.182522,1.0,3,3,1.0,2,4,1.0
6765006,val,a32_33,0.7458718,2.837602,1.0,2,3,1.0,2,2,1.0
6822176,val,a32_33,3.206983,3.8595586,1.0,3,3,1.0,2,4,1.0
4007,val,a34_35,3.0446682,2.800409,1.0,3,3,1.0,2,2,1.0
6174,val,a34_35,3.4474351,3.436764,1.0,3,3,1.0,2,2,1.0
14004,val,a34_35,3.3954203,3.998868,1.0,3,3,1.0,2,2,1.0
14172,val,a34_35,0.7105268,0.0,1.0,2,2,1.0,2,2,1.0
14173,val,a34_35,3.2274077,3.6810904,1.0,3,3,1.0,2,2,1.0
18031,val,a34_35,0.6328814,0.68363804,1.0,2,2,1.0,2,2,1.0
18185,val,a34_35,2.1083307,0.9108581,1.0,3,2,1.0,2,2,1.0
23031,val,a34_35,3.1667542,3.4142132,1.0,3,3,1.0,6,6,1.0
40173,val,a34_35,3.4276514,3.7375634,1.0,3,3,1.0,2,2,1.0
51171,val,a34_35,3.3617468,3.6482122,1.0,3,3,1.0,2,2,1.0
84005,val,a34_35,3.3736496,3.8661423,1.0,3,3,1.0,6,6,1.0
121173,val,a34_35,3.2801666,4.4823527,1.0,3,3,1.0,2,2,1.0
128004,val,a34_35,3.4684553,3.7695422,1.0,3,3,1.0,2,2,1.0
145170,val,a34_35,3.1613533,3.050315,1.0,3,3,1.0,2,2,1.0
161004,val,a34_35,3.4221249,4.29205,1.0,3,3,1.0,6,6,1.0
172031,val,a34_35,3.367966,3.0302796,1.0,3,3,1.0,2,2,1.0
174175,val,a34_35,2.2577188,3.4826064,1.0,3,3,1.0,2,2,1.0
221031,val,a34_35,3.592514,4.00667,1.0,3,3,1.0,2,2,1.0
223030,val,a34_35,3.4615698,4.1992106,1.0,3,3,1.0,2,2,1.0
227003,val,a34_35,3.6750703,3.9942298,1.0,3,3,1.0,6,4,1.0
257175,val,a34_35,2.8870738,1.5653204,1.0,3,3,1.0,2,2,1.0
263182,val,a34_35,3.3428528,3.226835,1.0,3,3,1.0,2,2,1.0
321005,val,a34_35,1.9892688,1.8506196,1.0,3,3,1.0,2,2,1.0
361175,val,a34_35,2.7986538,0.5806059,1.0,3,2,1.0,4,2,1.0
377170,val,a34_35,3.476464,4.052736,1.0,3,3,1.0,2,2,1.0
450030,val,a34_35,3.5401762,3.535023,1.0,3,3,1.0,6,6,1.0
465030,val,a34_35,2.3557444,3.46386,1.0,3,3,1.0,4,2,1.0
478030,val,a34_35,2.709365,0.0,1.0,3,3,1.0,4,5,1.0
503031,val,a34_35,3.2525654,4.179109,1.0,3,3,1.0,4,2,1.0
514172,val,a34_35,3.5290046,4.4858203,1.0,3,3,1.0,2,2,1.0
534030,val,a34_35,3.2683964,1.7294579,1.0,3,3,1.0,2,2,1.0
534171,val,a34_35,3.481383,3.2709668,1.0,3,3,1.0,2,2,1.0
544170,val,a34_35,2.7496002,2.6415782,1.0,3,3,1.0,2,2,1.0
563193,val,a34_35,3.3199968,0.0,1.0,3,2,1.0,2,2,1.0
577174,val,a34_35,3.2624834,2.117311,1.0,3,3,1.0,2,2,1.0
613006,val,a34_35,3.311706,3.412913,1.0,3,2,1.0,2,6,1.0
618170,val,a34_35,3.6694987,4.139663,1.0,3,3,1.0,2,2,1.0
631030,val,a34_35,3.11913,4.0355644,1.0,3,3,1.0,2,4,1.0
633031,val,a34_35,3.1244078,3.806156,1.0,3,3,1.0,4,2,1.0
652173,val,a34_35,3.3109455,3.5265098,1.0,3,3,1.0,2,2,1.0
655172,val,a34_35,3.3243058,3.625488,1.0,3,2,1.0,2,2,1.0
656005,val,a34_35,2.9568925,2.2859914,1.0,3,3,1.0,2,2,1.0
691171,val,a34_35,2.7167,2.9259071,1.0,3,3,1.0,2,4,1.0
738172,val,a34_35,2.6980238,2.920467,1.0,3,3,1.0,2,2,1.0
751030,val,a34_35,2.4533696,2.1802564,1.0,3,3,1.0,2,2,1.0
762170,val,a34_35,3.6176713,4.451708,1.0,3,3,1.0,2,2,1.0
783171,val,a34_35,3.093629,0.0,1.0,3,2,1.0,2,2,1.0
863007,val,a34_35,2.7579322,2.018303,1.0,3,3,1.0,2,2,1.0
893170,val,a34_35,2.969476,0.0,1.0,3,2,1.0,2,2,1.0
894031,val,a34_35,3.158867,3.045166,1.0,3,3,1.0,2,2,1.0
898181,val,a34_35,3.0056024,2.2668793,1.0,3,3,1.0,2,2,1.0
899003,val,a34_35,3.4597185,3.2250204,1.0,3,3,1.0,4,4,1.0
916032,val,a34_35,2.7644105,0.97904295,1.0,3,3,1.0,6,6,1.0
922005,val,a34_35,3.6025698,2.986773,1.0,3,3,1.0,2,2,1.0
931172,val,a34_35,3.3152907,2.7452414,1.0,3,3,1.0,2,2,1.0
939032,val,a34_35,3.9294686,4.8055015,1.0,3,3,1.0,2,2,1.0
958030,val,a34_35,3.2192702,3.643596,1.0,3,3,1.0,2,2,1.0
958173,val,a34_35,2.9351735,3.051619,1.0,3,3,1.0,2,2,1.0
961005,val,a34_35,3.088114,2.7400177,1.0,3,3,1.0,4,4,1.0
961030,val,a34_35,2.8526967,4.009967,1.0,3,3,1.0,6,2,1.0
961175,val,a34_35,3.3041089,3.5397089,1.0,3,3,1.0,2,2,1.0
1051183,val,a34_35,3.5570464,3.5068526,1.0,3,3,1.0,2,2,1.0
1084005,val,a34_35,3.096428,1.2412424,1.0,3,3,1.0,2,2,1.0
1089003,val,a34_35,3.1639628,3.223352,1.0,3,3,1.0,2,2,1.0
1093003,val,a34_35,1.8758209,0.0,1.0,3,2,1.0,2,2,1.0
1107173,val,a34_35,2.1989644,0.0,1.0,3,2,1.0,2,2,1.0
1109174,val,a34_35,2.2126489,1.7912925,1.0,3,3,1.0,2,2,1.0
1121030,val,a34_35,3.2770414,3.3347914,1.0,3,3,1.0,2,2,1.0
1121175,val,a34_35,2.2041788,2.8474362,1.0,3,3,1.0,2,2,1.0
1125172,val,a34_35,2.886391,2.8422003,1.0,3,3,1.0,2,2,1.0
1126030,val,a34_35,3.0125656,3.5079842,1.0,3,3,1.0,2,2,1.0
1126176,val,a34_35,2.124133,4.886779,1.0,3,3,1.0,2,2,1.0
1152180,val,a34_35,3.282532,3.3841953,1.0,3,3,1.0,2,2,1.0
1164004,val,a34_35,3.4152763,3.3247015,1.0,3,3,1.0,2,2,1.0
1184032,val,a34_35,3.4516096,3.718973,1.0,3,3,1.0,2,2,1.0
1184033,val,a34_35,2.649732,0.0,1.0,3,2,1.0,6,2,1.0
1185003,val,a34_35,3.3869035,0.1392965,1.0,3,2,1.0,2,2,1.0
1222004,val,a34_35,2.6364946,0.6502385,1.0,3,3,1.0,2,2,1.0
1222006,val,a34_35,3.24882,0.0,1.0,3,3,1.0,2,2,1.0
1284170,val,a34_35,3.241075,2.9825165,1.0,3,3,1.0,2,2,1.0
1292004,val,a34_35,2.5968642,2.6426997,1.0,3,3,1.0,2,2,1.0
1314172,val,a34_35,3.3801353,3.6161854,1.0,3,3,1.0,2,2,1.0
1332005,val,a34_35,3.823457,3.4484794,1.0,3,3,1.0,2,2,1.0
1335010,val,a34_35,3.1503787,2.9968593,1.0,3,3,1.0,2,2,1.0
1338003,val,a34_35,3.2655861,3.7758262,1.0,3,3,1.0,6,6,1.0
1345006,val,a34_35,2.7815526,2.5475004,1.0,3,3,1.0,2,2,1.0
1345007,val,a34_35,2.8356788,4.046768,1.0,3,3,1.0,6,6,1.0
1346030,val,a34_35,3.3551295,0.0,1.0,3,2,1.0,6,2,1.0
1391033,val,a34_35,3.5207596,3.6222303,1.0,3,3,1.0,6,2,1.0
1391175,val,a34_35,0.5301676,3.1423733,1.0,2,3,1.0,2,4,1.0
1394033,val,a34_35,1.0289234,0.0,1.0,2,2,1.0,4,4,1.0
1397005,val,a34_35,3.3274877,3.6320806,1.0,3,3,1.0,2,2,1.0
1397172,val,a34_35,2.2736845,0.0,1.0,3,2,1.0,2,2,1.0
1426004,val,a34_35,1.6839697,2.7400177,1.0,3,3,1.0,6,6,1.0
1434032,val,a34_35,2.7440636,1.6446948,1.0,3,3,1.0,2,2,1.0
1434170,val,a34_35,3.1385999,3.3065176,1.0,3,3,1.0,2,2,1.0
1435005,val,a34_35,3.781684,4.083877,1.0,3,3,1.0,2,2,1.0
1485171,val,a34_35,3.3828692,3.1599016,1.0,3,3,1.0,2,2,1.0
1520031,val,a34_35,3.4800918,4.223541,1.0,3,3,1.0,4,3,1.0
1540005,val,a34_35,3.9285145,1.1484697,1.0,3,3,1.0,6,2,1.0
1559003,val,a34_35,3.7952209,4.581772,1.0,3,3,1.0,2,2,1.0
1559170,val,a34_35,3.3663387,3.1855898,1.0,3,3,1.0,2,2,1.0
1565180,val,a34_35,3.186925,3.8731043,1.0,3,3,1.0,2,2,1.0
1579030,val,a34_35,3.317813,3.2707531,1.0,3,3,1.0,2,2,1.0
1613007,val,a34_35,3.04623,1.1782345,1.0,3,3,1.0,2,2,1.0
1621171,val,a34_35,3.58669,4.233549,1.0,3,3,1.0,2,2,1.0
1644004,val,a34_35,3.0585873,3.4810104,1.0,3,3,1.0,2,2,1.0
1652031,val,a34_35,2.9281456,1.224851,1.0,3,3,1.0,2,2,1.0
1682032,val,a34_35,3.2624087,4.058486,1.0,3,3,1.0,6,2,1.0
1684173,val,a34_35,3.1912565,3.449071,1.0,3,3,1.0,2,2,1.0
1687003,val,a34_35,3.2174969,3.3014047,1.0,3,3,1.0,2,2,1.0
1690170,val,a34_35,2.2175484,3.3312128,1.0,3,3,1.0,2,2,1.0
1692030,val,a34_35,0.45645523,2.5444038,1.0,2,3,1.0,2,4,1.0
1695034,val,a34_35,3.0495088,3.5729935,1.0,3,2,1.0,2,2,1.0
1701004,val,a34_35,2.7398863,3.4728677,1.0,3,3,1.0,2,2,1.0
1721030,val,a34_35,3.3959846,3.6708767,1.0,3,3,1.0,4,2,1.0
1723005,val,a34_35,0.52179015,1.1481966,1.0,2,2,1.0,2,2,1.0
1762030,val,a34_35,2.65625,2.3319604,1.0,3,2,1.0,2,3,1.0
1762031,val,a34_35,3.3716035,3.7397017,1.0,3,3,1.0,2,2,1.0
1762032,val,a34_35,1.9931598,2.5473228,1.0,3,3,1.0,2,3,1.0
1774170,val,a34_35,3.3258734,3.9032092,1.0,3,2,1.0,2,2,1.0
1774171,val,a34_35,3.3211758,3.6229506,1.0,3,3,1.0,2,2,1.0
1784171,val,a34_35,3.567885,4.4212785,1.0,3,3,1.0,2,2,1.0
1786191,val,a34_35,3.5218868,3.9449332,1.0,3,3,1.0,2,2,1.0
1787005,val,a34_35,3.4499507,4.0148044,1.0,3,3,1.0,2,2,1.0
1787174,val,a34_35,2.9259326,3.3078308,1.0,3,3,1.0,2,2,1.0
1802003,val,a34_35,2.926346,2.8173234,1.0,3,3,1.0,2,2,1.0
1845170,val,a34_35,3.5946403,3.315087,1.0,3,3,1.0,2,2,1.0
1862171,val,a34_35,3.1402578,3.937253,1.0,3,3,1.0,2,2,1.0
1898004,val,a34_35,2.9542978,0.0,1.0,3,3,1.0,6,6,1.0
1911030,val,a34_35,1.8316846,3.0814157,1.0,3,3,1.0,2,2,1.0
1914003,val,a34_35,1.8129826,1.988769,1.0,3,3,1.0,2,2,1.0
1919007,val,a34_35,3.756599,4.069468,1.0,3,3,1.0,2,2,1.0
1954003,val,a34_35,3.390257,3.410345,1.0,3,3,1.0,2,2,1.0
1959005,val,a34_35,3.6022882,3.8789423,1.0,3,3,1.0,6,2,1.0
1964031,val,a34_35,2.2214882,2.4798064,1.0,3,3,1.0,2,4,1.0
1972173,val,a34_35,1.8727403,1.5825812,1.0,3,3,1.0,2,2,1.0
1978030,val,a34_35,3.205267,3.8594756,1.0,3,3,1.0,2,2,1.0
2005030,val,a34_35,3.161397,3.584206,1.0,3,3,1.0,6,6,1.0
2011174,val,a34_35,3.262661,3.2372046,1.0,3,3,1.0,4,2,1.0
2023030,val,a34_35,3.5445418,4.71018,1.0,3,3,1.0,6,6,1.0
2028030,val,a34_35,3.483262,4.2104487,1.0,3,3,1.0,4,4,1.0
2055003,val,a34_35,2.8869555,2.3580952,1.0,3,3,1.0,2,2,1.0
2067005,val,a34_35,3.5956511,3.8198578,1.0,3,3,1.0,2,2,1.0
2080170,val,a34_35,2.1546583,1.8996137,1.0,3,3,1.0,2,2,1.0
2106171,val,a34_35,0.65716493,0.0,1.0,2,2,1.0,2,2,1.0
2109002,val,a34_35,3.3328497,4.7713423,1.0,3,3,1.0,2,3,1.0
2129186,val,a34_35,3.21537,3.3685656,1.0,3,3,1.0,2,2,1.0
2181007,val,a34_35,0.48674822,1.3514186,1.0,2,3,1.0,6,6,1.0
2181030,val,a34_35,3.1030848,3.4647295,1.0,3,3,1.0,4,4,1.0
2243174,val,a34_35,3.3187516,4.886779,1.0,3,3,1.0,2,2,1.0
2260173,val,a34_35,2.6314063,2.816037,1.0,3,3,1.0,2,2,1.0
2261030,val,a34_35,2.9903793,3.1945803,1.0,3,3,1.0,2,2,1.0
2271171,val,a34_35,2.5227153,3.3082037,1.0,3,3,1.0,2,2,1.0
2282005,val,a34_35,3.3249898,2.147233,1.0,3,3,1.0,4,6,1.0
2302195,val,a34_35,0.53750634,0.0,1.0,2,2,1.0,2,3,1.0
2334031,val,a34_35,3.4350133,4.4581056,1.0,3,3,1.0,2,2,1.0
2341172,val,a34_35,2.864862,3.2996137,1.0,3,2,1.0,2,2,1.0
2354175,val,a34_35,3.3982692,0.29350135,1.0,3,3,1.0,6,2,1.0
2355004,val,a34_35,2.0296228,3.3921888,1.0,3,3,1.0,4,4,1.0
2391030,val,a34_35,3.4887934,3.4039729,1.0,3,3,1.0,2,2,1.0
2397173,val,a34_35,1.9609545,2.5756848,1.0,3,3,1.0,2,4,1.0
2408170,val,a34_35,2.9664433,3.1023672,1.0,3,2,1.0,6,2,1.0
2425003,val,a34_35,3.084491,2.1094406,1.0,3,3,1.0,2,2,1.0
2432030,val,a34_35,0.718681,2.844158,1.0,2,3,1.0,4,4,1.0
2435172,val,a34_35,2.4234772,2.4191318,1.0,3,3,1.0,2,2,1.0
2436174,val,a34_35,0.52583027,0.0,1.0,2,3,1.0,2,4,1.0
2436176,val,a34_35,2.0906265,2.1727228,1.0,3,3,1.0,2,2,1.0
2441003,val,a34_35,1.738627,3.1773481,1.0,3,3,1.0,2,2,1.0
2441173,val,a34_35,2.928888,3.4186516,1.0,3,2,1.0,2,2,1.0
2458031,val,a34_35,3.8764462,4.2520056,1.0,3,3,1.0,2,6,1.0
2461004,val,a34_35,0.56666267,0.0,1.0,2,2,1.0,2,2,1.0
2461030,val,a34_35,3.3358297,4.886779,1.0,3,3,1.0,2,2,1.0
2473004,val,a34_35,3.3103313,3.5252342,1.0,3,3,1.0,2,2,1.0
2483030,val,a34_35,2.8293304,2.1516867,1.0,3,3,1.0,2,4,1.0
2503030,val,a34_35,3.5230768,3.2300382,1.0,3,3,1.0,6,6,1.0
2510005,val,a34_35,3.2943764,3.0696194,1.0,3,3,1.0,2,2,1.0
2525003,val,a34_35,3.1033602,4.3761644,1.0,3,3,1.0,2,2,1.0
2529030,val,a34_35,3.2401109,1.2899189,1.0,3,3,1.0,2,2,1.0
2529174,val,a34_35,3.2844417,4.05028,1.0,3,3,1.0,2,2,1.0
2530003,val,a34_35,2.0422797,2.347849,1.0,3,3,1.0,2,2,1.0
2530004,val,a34_35,3.0190372,3.3155382,1.0,3,3,1.0,2,2,1.0
2569033,val,a34_35,2.844666,3.3997273,1.0,3,3,1.0,6,2,1.0
2601006,val,a34_35,3.322311,4.6199427,1.0,3,3,1.0,6,2,1.0
2608006,val,a34_35,3.1409574,3.3245888,1.0,3,3,1.0,2,2,1.0
2615034,val,a34_35,3.3795292,4.264327,1.0,3,3,1.0,2,2,1.0
2639004,val,a34_35,0.63891554,3.1244323,1.0,2,3,1.0,2,4,1.0
2665177,val,a34_35,1.9480865,0.0,1.0,3,2,1.0,6,6,1.0
2672006,val,a34_35,3.4557228,4.088642,1.0,3,3,1.0,6,2,1.0
2672171,val,a34_35,2.4043746,3.5206954,1.0,3,3,1.0,2,4,1.0
2697003,val,a34_35,3.5083475,3.654262,1.0,3,3,1.0,2,4,1.0
2704031,val,a34_35,3.1152902,3.5243149,1.0,3,3,1.0,6,2,1.0
2705030,val,a34_35,3.3548753,4.117977,1.0,3,3,1.0,2,2,1.0
2707007,val,a34_35,2.8983166,2.8901737,1.0,3,3,1.0,2,2,1.0
2712172,val,a34_35,2.5839841,3.0806043,1.0,3,3,1.0,2,2,1.0
2731003,val,a34_35,2.9913368,3.4291623,1.0,3,3,1.0,6,6,1.0
2731005,val,a34_35,3.543082,4.602144,1.0,3,3,1.0,6,6,1.0
2770031,val,a34_35,3.3098016,3.2963169,1.0,3,3,1.0,2,2,1.0
2816004,val,a34_35,1.9190443,2.8679018,1.0,3,3,1.0,2,2,1.0
2910002,val,a34_35,3.0318835,1.33938,1.0,3,2,1.0,2,2,1.0
3062001,val,a34_35,3.3919246,3.044029,1.0,3,2,1.0,2,2,1.0
3235002,val,a34_35,2.9843724,3.1709757,1.0,3,3,1.0,2,2,1.0
3306001,val,a34_35,3.5472136,4.4437504,1.0,3,3,1.0,2,2,1.0
5015030,val,a34_35,2.4022212,3.3798187,1.0,3,3,1.0,2,2,1.0
5048030,val,a34_35,2.8689134,2.0504565,1.0,3,3,1.0,6,6,1.0
5052033,val,a34_35,2.6392457,1.8831539,1.0,3,2,1.0,6,6,1.0
5057008,val,a34_35,0.40448976,0.0,1.0,2,2,1.0,6,6,1.0
5170009,val,a34_35,3.2694802,3.381349,1.0,3,3,1.0,2,2,1.0
5230008,val,a34_35,3.1369553,3.4894347,1.0,3,3,1.0,2,2,1.0
5299010,val,a34_35,2.7102673,1.8428315,1.0,3,2,1.0,6,6,1.0
5336179,val,a34_35,3.198985,2.7212331,1.0,3,3,1.0,2,2,1.0
5364005,val,a34_35,2.8538017,3.4310503,1.0,3,3,1.0,2,3,1.0
5379004,val,a34_35,3.371316,3.8497841,1.0,3,2,1.0,4,4,1.0
5430173,val,a34_35,2.884295,0.0,1.0,3,3,1.0,6,6,1.0
5488006,val,a34_35,3.156404,3.6707966,1.0,3,3,1.0,6,6,1.0
5493007,val,a34_35,0.4944222,0.0,1.0,2,2,1.0,3,5,1.0
5537009,val,a34_35,2.5893784,2.8268414,1.0,3,3,1.0,2,2,1.0
5537177,val,a34_35,0.8669803,0.0,1.0,2,2,1.0,2,2,1.0
5537183,val,a34_35,3.3754349,4.8345804,1.0,3,3,1.0,2,2,1.0
5569010,val,a34_35,2.7956748,3.5150862,1.0,3,3,1.0,2,2,1.0
5600005,val,a34_35,1.808046,2.8289354,1.0,3,3,1.0,6,2,1.0
5615183,val,a34_35,3.096948,3.2685068,1.0,3,2,1.0,2,2,1.0
5749006,val,a34_35,2.168868,3.0684395,1.0,3,3,1.0,4,2,1.0
5822175,val,a34_35,3.0746996,3.432247,1.0,3,3,1.0,2,2,1.0
5832003,val,a34_35,2.9858232,2.955636,1.0,3,2,1.0,6,6,1.0
5872005,val,a34_35,0.44738436,0.0,1.0,2,2,1.0,6,6,1.0
5898005,val,a34_35,2.337126,0.0,0.0,3,-1,0.0,6,-1,0.0
5904033,val,a34_35,2.9889586,2.9226713,1.0,3,3,1.0,2,4,1.0
5987188,val,a34_35,3.1138003,2.993095,1.0,3,3,1.0,2,2,1.0
6026005,val,a34_35,3.248519,4.1942463,1.0,3,3,1.0,6,2,1.0
6026172,val,a34_35,3.2375433,3.5880518,1.0,3,2,1.0,6,2,1.0
6054031,val,a34_35,3.5393229,3.894498,1.0,3,3,1.0,6,6,1.0
6121033,val,a34_35,0.86947906,0.0,1.0,2,2,1.0,6,6,1.0
6156008,val,a34_35,3.2576427,3.6999114,1.0,3,3,1.0,6,6,1.0
6157003,val,a34_35,2.5108168,3.2246761,1.0,3,3,1.0,2,2,1.0
6210183,val,a34_35,2.8095477,3.1390646,1.0,3,3,1.0,6,2,1.0
6262030,val,a34_35,3.423388,3.820049,1.0,3,3,1.0,2,2,1.0
6368007,val,a34_35,2.3210604,2.02827,1.0,3,3,1.0,6,6,1.0
6381181,val,a34_35,3.245946,4.0212197,1.0,3,3,1.0,6,2,1.0
6396003,val,a34_35,2.2253737,2.1782289,1.0,3,3,1.0,4,2,1.0
6431008,val,a34_35,3.0562983,3.717182,1.0,3,3,1.0,2,2,1.0
6475170,val,a34_35,2.4279308,2.4331408,1.0,3,3,1.0,6,6,1.0
6522004,val,a34_35,2.2105558,0.0,1.0,3,2,1.0,6,6,1.0
6537032,val,a34_35,2.793261,2.8025348,1.0,3,2,1.0,2,2,1.0
6541178,val,a34_35,3.2647882,4.1634727,1.0,3,3,1.0,2,2,1.0
6545006,val,a34_35,1.850326,2.961514,1.0,3,3,1.0,2,4,1.0
6547171,val,a34_35,2.8517416,2.1509397,1.0,3,2,1.0,2,2,1.0
6571031,val,a34_35,3.0997999,2.9221067,1.0,3,3,1.0,2,3,1.0
6590008,val,a34_35,2.8299155,3.3649793,1.0,3,3,1.0,2,2,1.0
6616007,val,a34_35,2.7050834,2.1483917,1.0,3,3,1.0,2,4,1.0
6649003,val,a34_35,2.1423874,3.5800602,1.0,3,3,1.0,6,2,1.0
6710030,val,a34_35,0.47457242,3.2300382,1.0,2,3,1.0,6,6,1.0
6745007,val,a34_35,2.8830802,3.248457,1.0,3,3,1.0,6,6,1.0
6750005,val,a34_35,2.6970525,3.0114257,1.0,3,3,1.0,2,4,1.0
6765006,val,a34_35,0.6433184,2.7225564,1.0,2,3,1.0,2,2,1.0
6822176,val,a34_35,3.1632295,3.2707531,1.0,3,3,1.0,2,4,1.0
4007,val,a36_37,3.075927,3.4327393,1.0,3,3,1.0,2,4,1.0
6174,val,a36_37,3.4673471,3.778162,1.0,3,3,1.0,2,2,1.0
14004,val,a36_37,3.4149473,4.02684,1.0,3,3,1.0,2,2,1.0
14172,val,a36_37,0.69662523,2.8672464,1.0,2,3,1.0,2,2,1.0
14173,val,a36_37,3.3095856,3.4728956,1.0,3,3,1.0,2,2,1.0
18031,val,a36_37,0.6270025,0.0,1.0,2,3,1.0,2,2,1.0
18185,val,a36_37,2.25467,0.0,1.0,3,2,1.0,2,2,1.0
23031,val,a36_37,3.2636888,3.5235963,1.0,3,2,1.0,6,6,1.0
40173,val,a36_37,3.4448369,3.8670228,1.0,3,3,1.0,2,2,1.0
51171,val,a36_37,3.3980536,3.705001,1.0,3,3,1.0,2,2,1.0
84005,val,a36_37,3.4314287,3.92555,1.0,3,3,1.0,6,6,1.0
121173,val,a36_37,3.2817135,0.0,1.0,3,2,1.0,2,2,1.0
128004,val,a36_37,3.4686794,3.8585868,1.0,3,3,1.0,2,2,1.0
145170,val,a36_37,3.2293248,3.5600896,1.0,3,3,1.0,2,2,1.0
161004,val,a36_37,3.4758835,1.0080107,1.0,3,2,1.0,6,4,1.0
172031,val,a36_37,3.3757439,3.3619175,1.0,3,3,1.0,2,2,1.0
174175,val,a36_37,2.41571,3.392162,1.0,3,3,1.0,2,2,1.0
221031,val,a36_37,3.5912223,4.201887,1.0,3,3,1.0,2,2,1.0
223030,val,a36_37,3.5034862,4.0583324,1.0,3,3,1.0,2,2,1.0
227003,val,a36_37,3.695422,4.205097,1.0,3,3,1.0,6,4,1.0
257175,val,a36_37,2.9669101,3.3451939,1.0,3,3,1.0,2,2,1.0
263182,val,a36_37,3.3753107,3.2001226,1.0,3,3,1.0,2,2,1.0
321005,val,a36_37,2.1926441,1.8774471,1.0,3,2,1.0,2,2,1.0
361175,val,a36_37,2.9735942,0.0,1.0,3,2,1.0,4,2,1.0
377170,val,a36_37,3.5057414,4.0868087,1.0,3,3,1.0,2,2,1.0
450030,val,a36_37,3.5970316,3.7491298,1.0,3,3,1.0,6,6,1.0
465030,val,a36_37,2.5029967,3.3018157,1.0,3,3,1.0,4,2,1.0
478030,val,a36_37,2.8133602,0.0,1.0,3,3,1.0,4,5,1.0
503031,val,a36_37,3.312531,4.3654175,1.0,3,3,1.0,4,2,1.0
514172,val,a36_37,3.5266066,4.2520056,1.0,3,3,1.0,2,2,1.0
534030,val,a36_37,3.2792513,1.7535818,1.0,3,3,1.0,2,2,1.0
534171,val,a36_37,3.486455,3.0798528,1.0,3,3,1.0,2,2,1.0
544170,val,a36_37,2.8139606,2.6569633,1.0,3,3,1.0,2,2,1.0
563193,val,a36_37,3.362186,0.0,1.0,3,2,1.0,2,2,1.0
577174,val,a36_37,3.315012,2.7346222,1.0,3,3,1.0,2,2,1.0
613006,val,a36_37,3.4005404,3.5822034,1.0,3,3,1.0,2,6,1.0
618170,val,a36_37,3.6579022,4.2245264,1.0,3,3,1.0,2,2,1.0
631030,val,a36_37,3.2048273,4.2520056,1.0,3,2,1.0,2,4,1.0
633031,val,a36_37,3.156294,3.678776,1.0,3,3,1.0,4,2,1.0
652173,val,a36_37,3.3128643,3.7556844,1.0,3,3,1.0,2,2,1.0
655172,val,a36_37,3.3162024,3.5016189,1.0,3,3,1.0,2,2,1.0
656005,val,a36_37,3.02929,0.57833385,1.0,3,3,1.0,2,2,1.0
691171,val,a36_37,2.7801108,2.144181,1.0,3,3,1.0,2,4,1.0
738172,val,a36_37,2.8077226,3.4647295,1.0,3,3,1.0,2,2,1.0
751030,val,a36_37,2.578373,2.331206,1.0,3,3,1.0,2,2,1.0
762170,val,a36_37,3.606515,4.6750684,1.0,3,3,1.0,2,2,1.0
783171,val,a36_37,3.1207542,0.0,1.0,3,2,1.0,2,2,1.0
863007,val,a36_37,2.8388083,2.4012594,1.0,3,3,1.0,2,2,1.0
893170,val,a36_37,3.0082684,0.0,1.0,3,2,1.0,2,2,1.0
894031,val,a36_37,3.1730044,3.3179958,1.0,3,3,1.0,2,2,1.0
898181,val,a36_37,3.0802665,2.4601953,1.0,3,3,1.0,2,2,1.0
899003,val,a36_37,3.504374,3.4753656,1.0,3,3,1.0,4,4,1.0
916032,val,a36_37,2.8603404,1.3594984,1.0,3,3,1.0,6,6,1.0
922005,val,a36_37,3.6001039,2.5992112,1.0,3,3,1.0,2,2,1.0
931172,val,a36_37,3.3503313,3.2485132,1.0,3,3,1.0,2,2,1.0
939032,val,a36_37,3.924468,4.237259,1.0,3,3,1.0,2,2,1.0
958030,val,a36_37,3.2464716,3.1858559,1.0,3,3,1.0,2,2,1.0
958173,val,a36_37,2.9816427,3.2416787,1.0,3,3,1.0,2,2,1.0
961005,val,a36_37,3.1512752,2.5763686,1.0,3,3,1.0,4,4,1.0
961030,val,a36_37,2.9741952,3.616172,1.0,3,3,1.0,6,2,1.0
961175,val,a36_37,3.3402343,3.9032092,1.0,3,3,1.0,2,2,1.0
1051183,val,a36_37,3.552434,3.3599384,1.0,3,3,1.0,2,2,1.0
1084005,val,a36_37,3.1092327,2.5692537,1.0,3,3,1.0,2,2,1.0
1089003,val,a36_37,3.1786938,2.474308,1.0,3,3,1.0,2,2,1.0
1093003,val,a36_37,2.094866,0.0,1.0,3,2,1.0,2,2,1.0
1107173,val,a36_37,2.339003,3.6353216,1.0,3,3,1.0,2,4,1.0
1109174,val,a36_37,2.3857572,2.245844,1.0,3,2,1.0,2,2,1.0
1121030,val,a36_37,3.3106747,3.456708,1.0,3,3,1.0,2,2,1.0
1121175,val,a36_37,2.331948,0.0,1.0,3,2,1.0,2,2,1.0
1125172,val,a36_37,2.9364367,2.4460173,1.0,3,2,1.0,2,2,1.0
1126030,val,a36_37,3.0508404,2.8064811,1.0,3,3,1.0,2,2,1.0
1126176,val,a36_37,2.3361235,4.886779,1.0,3,3,1.0,2,2,1.0
1152180,val,a36_37,3.2855208,3.4601078,1.0,3,3,1.0,2,2,1.0
1164004,val,a36_37,3.4419098,3.4775372,1.0,3,2,1.0,2,2,1.0
1184032,val,a36_37,3.475103,3.7188902,1.0,3,3,1.0,2,2,1.0
1184033,val,a36_37,2.803822,2.8802483,1.0,3,3,1.0,6,4,1.0
1185003,val,a36_37,3.3782396,0.0,1.0,3,2,1.0,2,2,1.0
1222004,val,a36_37,2.7126122,2.876907,1.0,3,3,1.0,2,2,1.0
1222006,val,a36_37,3.3244433,3.2434895,1.0,3,3,1.0,2,2,1.0
1284170,val,a36_37,3.2444937,1.6771642,1.0,3,3,1.0,2,2,1.0
1292004,val,a36_37,2.677769,2.7496648,1.0,3,3,1.0,2,2,1.0
1314172,val,a36_37,3.4154751,3.6824348,1.0,3,3,1.0,2,2,1.0
1332005,val,a36_37,3.795834,0.0,0.0,3,-1,0.0,2,3,1.0
1335010,val,a36_37,3.181437,3.1051395,1.0,3,3,1.0,2,2,1.0
1338003,val,a36_37,3.332549,4.1280828,1.0,3,3,1.0,6,6,1.0
1345006,val,a36_37,2.8375711,2.9832191,1.0,3,3,1.0,2,2,1.0
1345007,val,a36_37,3.0094213,3.8132377,1.0,3,3,1.0,6,6,1.0
1346030,val,a36_37,3.3873646,0.0,1.0,3,2,1.0,6,2,1.0
1391033,val,a36_37,3.5810323,3.811287,1.0,3,3,1.0,6,2,1.0
1391175,val,a36_37,0.5467051,3.079403,1.0,2,3,1.0,2,4,1.0
1394033,val,a36_37,0.99394286,0.0,1.0,2,2,1.0,4,4,1.0
1397005,val,a36_37,3.3860106,3.7173688,1.0,3,3,1.0,2,2,1.0
1397172,val,a36_37,2.4354212,0.6802275,1.0,3,3,1.0,2,2,1.0
1426004,val,a36_37,1.8777353,2.8489583,1.0,3,3,1.0,6,6,1.0
1434032,val,a36_37,2.8162956,2.180618,1.0,3,3,1.0,2,2,1.0
1434170,val,a36_37,3.1909728,2.939788,1.0,3,3,1.0,2,2,1.0
1435005,val,a36_37,3.8234878,4.7467794,1.0,3,3,1.0,2,3,1.0
1485171,val,a36_37,3.407006,3.4317987,1.0,3,3,1.0,2,2,1.0
1520031,val,a36_37,3.4897227,4.363858,1.0,3,3,1.0,4,2,1.0
1540005,val,a36_37,3.9539828,2.37132,1.0,3,3,1.0,6,2,1.0
1559003,val,a36_37,3.783758,4.417404,1.0,3,3,1.0,2,2,1.0
1559170,val,a36_37,3.3582478,4.11546,1.0,3,3,1.0,2,2,1.0
1565180,val,a36_37,3.2008529,3.4647295,1.0,3,2,1.0,2,2,1.0
1579030,val,a36_37,3.3969023,3.3667955,1.0,3,3,1.0,2,2,1.0
1613007,val,a36_37,3.1229439,1.3834741,1.0,3,3,1.0,2,2,1.0
1621171,val,a36_37,3.5796082,4.886779,1.0,3,3,1.0,2,2,1.0
1644004,val,a36_37,3.0838518,3.3606308,1.0,3,3,1.0,2,2,1.0
1652031,val,a36_37,2.9771166,3.1768782,1.0,3,3,1.0,2,2,1.0
1682032,val,a36_37,3.3752332,3.8405538,1.0,3,3,1.0,6,2,1.0
1684173,val,a36_37,3.236895,3.4290798,1.0,3,3,1.0,2,2,1.0
1687003,val,a36_37,3.2558455,3.3888075,1.0,3,3,1.0,2,2,1.0
1690170,val,a36_37,2.358793,3.0869684,1.0,3,3,1.0,2,2,1.0
1692030,val,a36_37,0.47001386,2.6670494,1.0,2,3,1.0,2,4,1.0
1695034,val,a36_37,3.0989351,3.3662376,1.0,3,3,1.0,2,2,1.0
1701004,val,a36_37,2.8192978,3.5780287,1.0,3,3,1.0,2,2,1.0
1721030,val,a36_37,3.4090993,0.0,1.0,3,2,1.0,4,2,1.0
1723005,val,a36_37,0.5376142,1.8636948,1.0,2,2,1.0,2,2,1.0
1762030,val,a36_37,2.7502286,1.9106654,1.0,3,3,1.0,2,3,1.0
1762031,val,a36_37,3.390777,3.641588,1.0,3,3,1.0,2,2,1.0
1762032,val,a36_37,2.1538668,1.7876599,1.0,3,3,1.0,2,3,1.0
1774170,val,a36_37,3.3175488,0.0,1.0,3,2,1.0,2,2,1.0
1774171,val,a36_37,3.317001,3.3619723,1.0,3,3,1.0,2,2,1.0
1784171,val,a36_37,3.566815,4.5877905,1.0,3,3,1.0,2,2,1.0
1786191,val,a36_37,3.5202832,3.8410935,1.0,3,3,1.0,2,2,1.0
1787005,val,a36_37,3.4474576,3.9825108,1.0,3,3,1.0,2,2,1.0
1787174,val,a36_37,2.9697247,3.1686609,1.0,3,3,1.0,2,2,1.0
1802003,val,a36_37,2.9912636,2.7790923,1.0,3,3,1.0,2,2,1.0
1845170,val,a36_37,3.5925038,3.0690727,1.0,3,3,1.0,2,2,1.0
1862171,val,a36_37,3.1780562,3.7537568,1.0,3,3,1.0,2,2,1.0
1898004,val,a36_37,3.0625308,3.7632077,1.0,3,3,1.0,6,6,1.0
1911030,val,a36_37,2.0097961,3.295633,1.0,3,3,1.0,2,2,1.0
1914003,val,a36_37,1.9962485,1.980423,1.0,3,3,1.0,2,2,1.0
1919007,val,a36_37,3.7477317,4.8790894,1.0,3,3,1.0,2,3,1.0
1954003,val,a36_37,3.4005742,3.254356,1.0,3,3,1.0,2,2,1.0
1959005,val,a36_37,3.6510646,4.18122,1.0,3,3,1.0,6,2,1.0
1964031,val,a36_37,2.4137614,2.7394176,1.0,3,3,1.0,2,4,1.0
1972173,val,a36_37,2.0749967,0.0,0.0,3,-1,0.0,2,-1,0.0
1978030,val,a36_37,3.2216952,4.1103644,1.0,3,3,1.0,2,2,1.0
2005030,val,a36_37,3.2033732,2.6480696,1.0,3,3,1.0,6,4,1.0
2011174,val,a36_37,3.3172424,3.2482402,1.0,3,3,1.0,4,2,1.0
2023030,val,a36_37,3.576541,4.862917,1.0,3,3,1.0,6,6,1.0
2028030,val,a36_37,3.5040889,4.247286,1.0,3,3,1.0,4,4,1.0
2055003,val,a36_37,2.948317,2.5747566,1.0,3,3,1.0,2,2,1.0
2067005,val,a36_37,3.6046395,3.9193912,1.0,3,3,1.0,2,2,1.0
2080170,val,a36_37,2.315971,2.2188706,1.0,3,3,1.0,2,2,1.0
2106171,val,a36_37,0.6527927,0.0,1.0,2,2,1.0,2,2,1.0
2109002,val,a36_37,3.340492,4.713481,1.0,3,3,1.0,2,2,1.0
2129186,val,a36_37,3.2692761,3.3345084,1.0,3,3,1.0,2,2,1.0
2181007,val,a36_37,0.5126991,0.96344346,1.0,2,2,1.0,6,6,1.0
2181030,val,a36_37,3.1484733,3.6312973,1.0,3,3,1.0,4,2,1.0
2243174,val,a36_37,3.306632,4.30575,1.0,3,3,1.0,2,2,1.0
2260173,val,a36_37,2.7054498,0.0,1.0,3,3,1.0,2,2,1.0
2261030,val,a36_37,3.0247774,2.9075313,1.0,3,3,1.0,2,2,1.0
2271171,val,a36_37,2.6150656,3.3811612,1.0,3,3,1.0,2,2,1.0
2282005,val,a36_37,3.3505974,2.9124293,1.0,3,3,1.0,4,6,1.0
2302195,val,a36_37,0.5531821,0.0,1.0,2,2,1.0,2,3,1.0
2334031,val,a36_37,3.4249659,4.3349156,1.0,3,3,1.0,2,2,1.0
2341172,val,a36_37,2.914724,1.6123989,1.0,3,3,1.0,2,2,1.0
2354175,val,a36_37,3.461996,3.8595586,1.0,3,3,1.0,6,2,1.0
2355004,val,a36_37,2.2389898,3.6927035,1.0,3,3,1.0,4,2,1.0
2391030,val,a36_37,3.513297,3.6864588,1.0,3,3,1.0,2,2,1.0
2397173,val,a36_37,2.168903,2.470555,1.0,3,3,1.0,2,4,1.0
2408170,val,a36_37,3.057592,2.883854,1.0,3,3,1.0,6,2,1.0
2425003,val,a36_37,3.1474378,1.7356842,1.0,3,3,1.0,2,2,1.0
2432030,val,a36_37,0.7567842,3.029656,1.0,2,2,1.0,4,4,1.0
2435172,val,a36_37,2.5568905,2.2948132,1.0,3,3,1.0,2,2,1.0
2436174,val,a36_37,0.5381905,1.5490171,1.0,2,3,1.0,2,4,1.0
2436176,val,a36_37,2.31282,2.7887027,1.0,3,3,1.0,2,2,1.0
2441003,val,a36_37,1.922428,3.1246448,1.0,3,3,1.0,2,2,1.0
2441173,val,a36_37,2.9956832,3.7351284,1.0,3,2,1.0,2,2,1.0
2458031,val,a36_37,3.874007,4.41717,1.0,3,3,1.0,2,6,1.0
2461004,val,a36_37,0.5507828,1.6316046,1.0,2,3,1.0,2,2,1.0
2461030,val,a36_37,3.3841565,4.886779,1.0,3,3,1.0,2,2,1.0
2473004,val,a36_37,3.3204136,3.620147,1.0,3,3,1.0,2,2,1.0
2483030,val,a36_37,2.8753297,2.4331408,1.0,3,2,1.0,2,4,1.0
2503030,val,a36_37,3.5770764,3.1709757,1.0,3,3,1.0,6,6,1.0
2510005,val,a36_37,3.318866,3.445601,1.0,3,3,1.0,2,2,1.0
2525003,val,a36_37,3.2026963,4.7141504,1.0,3,3,1.0,2,2,1.0
2529030,val,a36_37,3.2808776,0.0,1.0,3,2,1.0,2,2,1.0
2529174,val,a36_37,3.2912025,3.9753668,1.0,3,3,1.0,2,2,1.0
2530003,val,a36_37,2.182335,3.4057453,1.0,3,2,1.0,2,4,1.0
2530004,val,a36_37,3.0341654,3.170426,1.0,3,3,1.0,2,2,1.0
2569033,val,a36_37,2.910837,3.3809729,1.0,3,3,1.0,6,2,1.0
2601006,val,a36_37,3.389724,4.845638,1.0,3,3,1.0,6,2,1.0
2608006,val,a36_37,3.1980324,3.223352,1.0,3,3,1.0,2,2,1.0
2615034,val,a36_37,3.3665252,3.896652,1.0,3,3,1.0,2,2,1.0
2639004,val,a36_37,0.6139113,3.2300382,1.0,2,3,1.0,2,4,1.0
2665177,val,a36_37,2.178399,0.0,1.0,3,2,1.0,6,6,1.0
2672006,val,a36_37,3.477698,4.056694,1.0,3,3,1.0,6,2,1.0
2672171,val,a36_37,2.5545912,3.7282312,1.0,3,3,1.0,2,4,1.0
2697003,val,a36_37,3.5322664,3.5551443,1.0,3,3,1.0,2,4,1.0
2704031,val,a36_37,3.1873717,0.0,0.0,3,-1,0.0,6,-1,0.0
2705030,val,a36_37,3.359438,4.279099,1.0,3,3,1.0,2,2,1.0
2707007,val,a36_37,2.9626744,1.9724138,1.0,3,3,1.0,2,2,1.0
2712172,val,a36_37,2.6859133,3.2804124,1.0,3,3,1.0,2,2,1.0
2731003,val,a36_37,3.017219,3.2931156,1.0,3,3,1.0,6,6,1.0
2731005,val,a36_37,3.5615797,4.5862164,1.0,3,3,1.0,6,6,1.0
2770031,val,a36_37,3.3088138,2.668859,1.0,3,2,1.0,2,2,1.0
2816004,val,a36_37,2.1307652,3.182522,1.0,3,3,1.0,2,2,1.0
2910002,val,a36_37,3.0487869,2.7591305,1.0,3,3,1.0,2,2,1.0
3062001,val,a36_37,3.4006078,1.9881068,1.0,3,3,1.0,2,2,1.0
3235002,val,a36_37,3.0280252,3.2806733,1.0,3,3,1.0,2,3,1.0
3306001,val,a36_37,3.5297928,4.5110793,1.0,3,3,1.0,2,2,1.0
5015030,val,a36_37,2.559454,3.3488512,1.0,3,2,1.0,2,2,1.0
5048030,val,a36_37,2.928123,2.4680142,1.0,3,3,1.0,6,6,1.0
5052033,val,a36_37,2.731643,2.2469683,1.0,3,3,1.0,6,6,1.0
5057008,val,a36_37,0.42817688,0.0,0.0,2,-1,0.0,6,-1,0.0
5170009,val,a36_37,3.2512612,3.788717,1.0,3,3,1.0,2,2,1.0
5230008,val,a36_37,3.1463542,3.5082257,1.0,3,3,1.0,2,2,1.0
5299010,val,a36_37,2.8239522,0.303701,1.0,3,3,1.0,6,6,1.0
5336179,val,a36_37,3.260614,2.7841861,1.0,3,3,1.0,2,2,1.0
5364005,val,a36_37,2.8950818,3.3207188,1.0,3,3,1.0,2,3,1.0
5379004,val,a36_37,3.4127164,3.8999038,1.0,3,3,1.0,4,4,1.0
5430173,val,a36_37,2.9982352,1.7842062,1.0,3,2,1.0,6,6,1.0
5488006,val,a36_37,3.1964145,3.7725368,1.0,3,3,1.0,6,6,1.0
5493007,val,a36_37,0.5193641,0.0,1.0,2,2,1.0,3,5,1.0
5537009,val,a36_37,2.671313,2.7819886,1.0,3,3,1.0,2,2,1.0
5537177,val,a36_37,0.8354558,2.0426283,1.0,2,3,1.0,2,2,1.0
5537183,val,a36_37,3.388231,3.67495,1.0,3,3,1.0,2,2,1.0
5569010,val,a36_37,2.8163497,3.5010288,1.0,3,3,1.0,2,2,1.0
5600005,val,a36_37,2.017688,0.0,1.0,3,2,1.0,6,2,1.0
5615183,val,a36_37,3.1680393,3.2485132,1.0,3,3,1.0,2,2,1.0
5749006,val,a36_37,2.3151124,2.3568232,1.0,3,3,1.0,4,2,1.0
5822175,val,a36_37,3.1443527,3.4142132,1.0,3,3,1.0,2,2,1.0
5832003,val,a36_37,3.0454264,2.3835883,1.0,3,3,1.0,6,6,1.0
5872005,val,a36_37,0.47448707,0.0,1.0,2,2,1.0,6,6,1.0
5898005,val,a36_37,2.4453208,0.0,0.0,3,-1,0.0,6,-1,0.0
5904033,val,a36_37,3.0310597,3.029786,1.0,3,3,1.0,2,4,1.0
5987188,val,a36_37,3.1398559,2.8467143,1.0,3,3,1.0,2,2,1.0
6026005,val,a36_37,3.339139,4.496649,1.0,3,2,1.0,6,4,1.0
6026172,val,a36_37,3.292347,0.0,0.0,3,-1,0.0,6,-1,0.0
6054031,val,a36_37,3.5934234,3.8914962,1.0,3,3,1.0,6,6,1.0
6121033,val,a36_37,0.7980865,0.0,1.0,2,2,1.0,6,6,1.0
6156008,val,a36_37,3.2681742,4.005205,1.0,3,3,1.0,6,6,1.0
6157003,val,a36_37,2.6113758,3.432247,1.0,3,3,1.0,2,2,1.0
6210183,val,a36_37,2.9580607,3.218641,1.0,3,3,1.0,6,2,1.0
6262030,val,a36_37,3.432271,3.9705956,1.0,3,3,1.0,2,2,1.0
6368007,val,a36_37,2.50452,1.9674397,1.0,3,2,1.0,6,6,1.0
6381181,val,a36_37,3.2654638,3.98491,1.0,3,3,1.0,6,2,1.0
6396003,val,a36_37,2.4086864,2.8208497,1.0,3,2,1.0,4,3,1.0
6431008,val,a36_37,3.1099195,4.5862164,1.0,3,3,1.0,2,3,1.0
6475170,val,a36_37,2.5464969,3.029786,1.0,3,3,1.0,6,6,1.0
6522004,val,a36_37,2.425683,0.0,1.0,3,2,1.0,6,6,1.0
6537032,val,a36_37,2.8416219,3.0605385,1.0,3,3,1.0,2,2,1.0
6541178,val,a36_37,3.2530937,4.302973,1.0,3,3,1.0,2,2,1.0
6545006,val,a36_37,2.0179756,2.5066333,1.0,3,3,1.0,2,4,1.0
6547171,val,a36_37,2.9045146,1.2300977,1.0,3,3,1.0,2,2,1.0
6571031,val,a36_37,3.1563892,3.68331,1.0,3,3,1.0,2,3,1.0
6590008,val,a36_37,2.8903277,3.3406534,1.0,3,3,1.0,2,2,1.0
6616007,val,a36_37,2.7693803,2.9124293,1.0,3,3,1.0,2,4,1.0
6649003,val,a36_37,2.284979,3.8332024,1.0,3,3,1.0,6,2,1.0
6710030,val,a36_37,0.49044728,3.2485132,1.0,2,3,1.0,6,6,1.0
6745007,val,a36_37,2.9735968,3.5649583,1.0,3,3,1.0,6,6,1.0
6750005,val,a36_37,2.794231,3.1132894,1.0,3,3,1.0,2,4,1.0
6765006,val,a36_37,0.60813713,2.7347896,1.0,2,3,1.0,2,2,1.0
6822176,val,a36_37,3.174813,3.6318047,1.0,3,2,1.0,2,4,1.0
4007,val,a38_39,3.1070945,3.6353216,1.0,3,3,1.0,2,4,1.0
6174,val,a38_39,3.5028126,3.9045892,1.0,3,3,1.0,2,2,1.0
14004,val,a38_39,3.4519613,3.9676125,1.0,3,3,1.0,2,2,1.0
14172,val,a38_39,0.65560734,3.149699,1.0,2,3,1.0,2,2,1.0
14173,val,a38_39,3.3780153,3.5534267,1.0,3,3,1.0,2,2,1.0
18031,val,a38_39,0.58575773,3.4983966,1.0,2,3,1.0,2,5,1.0
18185,val,a38_39,2.358622,0.0,1.0,3,2,1.0,2,2,1.0
23031,val,a38_39,3.3533144,0.0,1.0,3,2,1.0,6,6,1.0
40173,val,a38_39,3.4795642,3.2282774,1.0,3,2,1.0,2,2,1.0
51171,val,a38_39,3.4435816,3.708396,1.0,3,3,1.0,2,2,1.0
84005,val,a38_39,3.491014,3.9163692,1.0,3,3,1.0,6,6,1.0
121173,val,a38_39,3.2952938,0.0,1.0,3,2,1.0,2,2,1.0
128004,val,a38_39,3.4940722,3.97414,1.0,3,3,1.0,2,2,1.0
145170,val,a38_39,3.2951593,3.2996137,1.0,3,3,1.0,2,2,1.0
161004,val,a38_39,3.537538,3.4987814,1.0,3,3,1.0,6,4,1.0
172031,val,a38_39,3.4012475,3.1943314,1.0,3,3,1.0,2,2,1.0
174175,val,a38_39,2.51928,4.3165617,1.0,3,3,1.0,2,2,1.0
221031,val,a38_39,3.6126933,4.1482253,1.0,3,3,1.0,2,2,1.0
223030,val,a38_39,3.5608351,4.169046,1.0,3,3,1.0,2,2,1.0
227003,val,a38_39,3.7313008,4.074686,1.0,3,3,1.0,6,4,1.0
257175,val,a38_39,3.0396314,2.8933933,1.0,3,3,1.0,2,2,1.0
263182,val,a38_39,3.419356,3.3483999,1.0,3,3,1.0,2,2,1.0
321005,val,a38_39,2.320319,2.7218363,1.0,3,3,1.0,2,2,1.0
361175,val,a38_39,3.077127,0.23207553,1.0,3,3,1.0,4,2,1.0
377170,val,a38_39,3.5463645,4.0544734,1.0,3,3,1.0,2,2,1.0
450030,val,a38_39,3.6553383,3.854094,1.0,3,3,1.0,6,6,1.0
465030,val,a38_39,2.6134808,3.5433505,1.0,3,3,1.0,4,4,1.0
478030,val,a38_39,2.8923016,2.8278043,1.0,3,2,1.0,4,2,1.0
503031,val,a38_39,3.362858,4.2451234,1.0,3,3,1.0,4,2,1.0
514172,val,a38_39,3.5476427,4.3578134,1.0,3,3,1.0,2,2,1.0
534030,val,a38_39,3.3003669,1.9284004,1.0,3,3,1.0,2,2,1.0
534171,val,a38_39,3.5132458,3.300611,1.0,3,3,1.0,2,2,1.0
544170,val,a38_39,2.868085,3.0027869,1.0,3,3,1.0,2,2,1.0
563193,val,a38_39,3.4122941,0.0,1.0,3,2,1.0,2,2,1.0
577174,val,a38_39,3.368788,0.0,1.0,3,3,1.0,2,2,1.0
613006,val,a38_39,3.4731035,3.558165,1.0,3,3,1.0,2,6,1.0
618170,val,a38_39,3.675148,4.457448,1.0,3,3,1.0,2,2,1.0
631030,val,a38_39,3.2792392,0.0,1.0,3,3,1.0,2,4,1.0
633031,val,a38_39,3.1927004,3.6561131,1.0,3,3,1.0,4,2,1.0
652173,val,a38_39,3.3268504,3.5541687,1.0,3,3,1.0,2,2,1.0
655172,val,a38_39,3.3255968,3.5138078,1.0,3,3,1.0,2,2,1.0
656005,val,a38_39,3.0872316,0.0,1.0,3,2,1.0,2,2,1.0
691171,val,a38_39,2.8344896,3.772668,1.0,3,3,1.0,2,4,1.0
738172,val,a38_39,2.8837066,3.2605875,1.0,3,3,1.0,2,2,1.0
751030,val,a38_39,2.6679811,3.029786,1.0,3,3,1.0,2,4,1.0
762170,val,a38_39,3.624939,4.375797,1.0,3,3,1.0,2,2,1.0
783171,val,a38_39,3.1523757,0.0,1.0,3,2,1.0,2,2,1.0
863007,val,a38_39,2.9043803,2.5121129,1.0,3,3,1.0,2,2,1.0
893170,val,a38_39,3.046239,0.0,1.0,3,2,1.0,2,2,1.0
894031,val,a38_39,3.2012165,3.4273427,1.0,3,3,1.0,2,2,1.0
898181,val,a38_39,3.133837,2.437192,1.0,3,2,1.0,2,2,1.0
899003,val,a38_39,3.5487623,3.5736656,1.0,3,3,1.0,4,4,1.0
916032,val,a38_39,2.9367957,2.3076265,1.0,3,2,1.0,6,2,1.0
922005,val,a38_39,3.6146345,2.0202856,1.0,3,3,1.0,2,2,1.0
931172,val,a38_39,3.3945947,3.1641526,1.0,3,3,1.0,2,2,1.0
939032,val,a38_39,3.9497838,4.886779,1.0,3,3,1.0,2,2,1.0
958030,val,a38_39,3.2897308,3.2040205,1.0,3,3,1.0,2,2,1.0
958173,val,a38_39,3.0223167,3.2682788,1.0,3,3,1.0,2,2,1.0
961005,val,a38_39,3.205365,0.0,0.0,3,-1,0.0,4,-1,0.0
961030,val,a38_39,3.073814,3.668479,1.0,3,3,1.0,6,2,1.0
961175,val,a38_39,3.3852777,4.009967,1.0,3,3,1.0,2,2,1.0
1051183,val,a38_39,3.5740125,3.3806858,1.0,3,3,1.0,2,2,1.0
1084005,val,a38_39,3.134446,3.1447468,1.0,3,3,1.0,2,2,1.0
1089003,val,a38_39,3.2004948,2.1620421,1.0,3,3,1.0,2,2,1.0
1093003,val,a38_39,2.2433677,0.0,1.0,3,2,1.0,2,2,1.0
1107173,val,a38_39,2.4392648,4.035927,1.0,3,3,1.0,2,4,1.0
1109174,val,a38_39,2.4991705,0.0,1.0,3,2,1.0,2,2,1.0
1121030,val,a38_39,3.3569086,3.1423733,1.0,3,3,1.0,2,2,1.0
1121175,val,a38_39,2.4239118,0.0,1.0,3,2,1.0,2,2,1.0
1125172,val,a38_39,2.9811041,2.3582149,1.0,3,3,1.0,2,2,1.0
1126030,val,a38_39,3.0886424,1.7614238,1.0,3,3,1.0,2,2,1.0
1126176,val,a38_39,2.4866824,4.886779,1.0,3,3,1.0,2,2,1.0
1152180,val,a38_39,3.301549,3.542661,1.0,3,3,1.0,2,2,1.0
1164004,val,a38_39,3.4797735,1.9587568,1.0,3,3,1.0,2,2,1.0
1184032,val,a38_39,3.5058484,3.901413,1.0,3,3,1.0,2,2,1.0
1184033,val,a38_39,2.9204366,2.153746,1.0,3,3,1.0,6,4,1.0
1185003,val,a38_39,3.390987,0.0,1.0,3,2,1.0,2,2,1.0
1222004,val,a38_39,2.773622,3.1263244,1.0,3,3,1.0,2,2,1.0
1222006,val,a38_39,3.3944714,4.346328,1.0,3,3,1.0,2,2,1.0
1284170,val,a38_39,3.2630966,0.0,1.0,3,2,1.0,2,2,1.0
1292004,val,a38_39,2.741469,2.7189043,1.0,3,3,1.0,2,2,1.0
1314172,val,a38_39,3.4601116,4.0920806,1.0,3,3,1.0,2,2,1.0
1332005,val,a38_39,3.8055358,3.6850972,1.0,3,3,1.0,2,3,1.0
1335010,val,a38_39,3.2212236,0.0,1.0,3,3,1.0,2,2,1.0
1338003,val,a38_39,3.3985162,3.9032092,1.0,3,3,1.0,6,6,1.0
1345006,val,a38_39,2.8906872,0.9750868,1.0,3,3,1.0,2,2,1.0
1345007,val,a38_39,3.1406913,3.6275852,1.0,3,3,1.0,6,2,1.0
1346030,val,a38_39,3.4278395,0.0,1.0,3,2,1.0,6,2,1.0
1391033,val,a38_39,3.6436017,3.5923295,1.0,3,3,1.0,6,2,1.0
1391175,val,a38_39,0.5248265,3.037984,1.0,2,3,1.0,2,4,1.0
1394033,val,a38_39,0.93766785,0.0,1.0,2,2,1.0,4,4,1.0
1397005,val,a38_39,3.4514222,3.7930343,1.0,3,3,1.0,2,2,1.0
1397172,val,a38_39,2.5440671,2.722233,1.0,3,3,1.0,2,2,1.0
1426004,val,a38_39,2.0110416,2.7029045,1.0,3,3,1.0,6,6,1.0
1434032,val,a38_39,2.8769357,2.5541692,1.0,3,3,1.0,2,2,1.0
1434170,val,a38_39,3.247998,3.1573586,1.0,3,3,1.0,2,2,1.0
1435005,val,a38_39,3.8728929,4.657845,1.0,3,3,1.0,2,4,1.0
1485171,val,a38_39,3.4470496,3.566306,1.0,3,3,1.0,2,2,1.0
1520031,val,a38_39,3.5091615,4.2071943,1.0,3,3,1.0,4,2,1.0
1540005,val,a38_39,3.994995,2.7591305,1.0,3,3,1.0,6,2,1.0
1559003,val,a38_39,3.7996702,4.306588,1.0,3,3,1.0,2,2,1.0
1559170,val,a38_39,3.3675501,2.9866662,1.0,3,3,1.0,2,2,1.0
1565180,val,a38_39,3.2210581,4.457509,1.0,3,3,1.0,2,2,1.0
1579030,val,a38_39,3.470293,3.2040205,1.0,3,2,1.0,2,2,1.0
1613007,val,a38_39,3.1792994,1.5874135,1.0,3,2,1.0,2,2,1.0
1621171,val,a38_39,3.598534,4.886779,1.0,3,3,1.0,2,2,1.0
1644004,val,a38_39,3.115965,3.6033251,1.0,3,3,1.0,2,2,1.0
1652031,val,a38_39,3.0267515,3.4982743,1.0,3,3,1.0,2,2,1.0
1682032,val,a38_39,3.4741073,3.8038778,1.0,3,3,1.0,6,2,1.0
1684173,val,a38_39,3.2906756,3.254356,1.0,3,3,1.0,2,2,1.0
1687003,val,a38_39,3.3020403,3.154596,1.0,3,3,1.0,2,2,1.0
1690170,val,a38_39,2.4584389,3.4580646,1.0,3,3,1.0,2,2,1.0
1692030,val,a38_39,0.4462645,2.5415993,1.0,2,3,1.0,2,4,1.0
1695034,val,a38_39,3.1451998,3.0865474,1.0,3,3,1.0,2,2,1.0
1701004,val,a38_39,2.8833084,3.5397089,1.0,3,2,1.0,2,2,1.0
1721030,val,a38_39,3.4310958,0.0,1.0,3,2,1.0,4,2,1.0
1723005,val,a38_39,0.5156163,2.2601643,1.0,2,3,1.0,2,2,1.0
1762030,val,a38_39,2.8224778,1.5906423,1.0,3,2,1.0,2,3,1.0
1762031,val,a38_39,3.4294508,3.7323906,1.0,3,3,1.0,2,2,1.0
1762032,val,a38_39,2.268114,3.2139137,1.0,3,3,1.0,2,4,1.0
1774170,val,a38_39,3.3252103,0.0,1.0,3,2,1.0,2,2,1.0
1774171,val,a38_39,3.3288093,3.4094932,1.0,3,3,1.0,2,2,1.0
1784171,val,a38_39,3.5909586,4.120623,1.0,3,3,1.0,2,2,1.0
1786191,val,a38_39,3.544872,4.2188535,1.0,3,3,1.0,2,2,1.0
1787005,val,a38_39,3.464891,3.6963296,1.0,3,3,1.0,2,2,1.0
1787174,val,a38_39,3.0097575,3.2707531,1.0,3,3,1.0,2,2,1.0
1802003,val,a38_39,3.053236,0.0,0.0,3,-1,0.0,2,-1,0.0
1845170,val,a38_39,3.6158226,0.0,0.0,3,-1,0.0,2,-1,0.0
1862171,val,a38_39,3.2212784,3.9098039,1.0,3,3,1.0,2,2,1.0
1898004,val,a38_39,3.158056,4.498319,1.0,3,3,1.0,6,6,1.0
1911030,val,a38_39,2.1355486,3.324597,1.0,3,3,1.0,2,2,1.0
1914003,val,a38_39,2.1200037,2.0297983,1.0,3,3,1.0,2,2,1.0
1919007,val,a38_39,3.7681236,4.878869,1.0,3,3,1.0,2,3,1.0
1954003,val,a38_39,3.4272127,3.2460208,1.0,3,2,1.0,2,2,1.0
1959005,val,a38_39,3.703867,4.291962,1.0,3,3,1.0,6,2,1.0
1964031,val,a38_39,2.5428607,1.9279978,1.0,3,2,1.0,2,4,1.0
1972173,val,a38_39,2.2083752,0.0,1.0,3,2,1.0,2,2,1.0
1978030,val,a38_39,3.2489507,4.0177207,1.0,3,3,1.0,2,2,1.0
2005030,val,a38_39,3.2498622,2.9945555,1.0,3,3,1.0,6,2,1.0
2011174,val,a38_39,3.3578575,3.233253,1.0,3,3,1.0,4,2,1.0
2023030,val,a38_39,3.62002,4.886779,1.0,3,3,1.0,6,6,1.0
2028030,val,a38_39,3.5287793,4.309778,1.0,3,3,1.0,4,4,1.0
2055003,val,a38_39,3.0027971,3.507782,1.0,3,3,1.0,2,2,1.0
2067005,val,a38_39,3.631782,4.193517,1.0,3,3,1.0,2,2,1.0
2080170,val,a38_39,2.4243517,3.0143547,1.0,3,3,1.0,2,2,1.0
2106171,val,a38_39,0.61860025,0.0,1.0,2,2,1.0,2,2,1.0
2109002,val,a38_39,3.3604941,4.4848623,1.0,3,3,1.0,2,2,1.0
2129186,val,a38_39,3.32585,0.0,0.0,3,-1,0.0,2,-1,0.0
2181007,val,a38_39,0.49403906,1.8672017,1.0,2,3,1.0,6,6,1.0
2181030,val,a38_39,3.1881237,3.4467623,1.0,3,3,1.0,4,2,1.0
2243174,val,a38_39,3.3153398,0.0,1.0,3,2,1.0,2,2,1.0
2260173,val,a38_39,2.7651463,1.9724138,1.0,3,3,1.0,2,2,1.0
2261030,val,a38_39,3.0614572,2.8148165,1.0,3,3,1.0,2,2,1.0
2271171,val,a38_39,2.6867056,3.4070678,1.0,3,3,1.0,2,2,1.0
2282005,val,a38_39,3.3847837,3.1244323,1.0,3,3,1.0,4,6,1.0
2302195,val,a38_39,0.5317582,0.0,1.0,2,2,1.0,2,3,1.0
2334031,val,a38_39,3.4375222,3.9690573,1.0,3,3,1.0,2,2,1.0
2341172,val,a38_39,2.961475,2.2928271,1.0,3,3,1.0,2,2,1.0
2354175,val,a38_39,3.5322723,2.859516,1.0,3,3,1.0,6,2,1.0
2355004,val,a38_39,2.3872912,4.0868087,1.0,3,3,1.0,4,2,1.0
2391030,val,a38_39,3.549324,3.4141958,1.0,3,2,1.0,2,2,1.0
2397173,val,a38_39,2.3062973,2.4192536,1.0,3,3,1.0,2,4,1.0
2408170,val,a38_39,3.1389375,3.2554533,1.0,3,3,1.0,6,4,1.0
2425003,val,a38_39,3.1991777,1.4095232,1.0,3,3,1.0,2,2,1.0
2432030,val,a38_39,0.74807584,1.0048428,1.0,2,3,1.0,4,4,1.0
2435172,val,a38_39,2.6517634,0.0,1.0,3,2,1.0,2,2,1.0
2436174,val,a38_39,0.5131048,0.0,1.0,2,2,1.0,2,4,1.0
2436176,val,a38_39,2.4482656,3.0837762,1.0,3,3,1.0,2,2,1.0
2441003,val,a38_39,2.0473576,3.437568,1.0,3,3,1.0,2,2,1.0
2441173,val,a38_39,3.0607212,3.8851874,1.0,3,3,1.0,2,2,1.0
2458031,val,a38_39,3.8992538,4.775503,1.0,3,3,1.0,2,6,1.0
2461004,val,a38_39,0.51110375,0.0,1.0,2,2,1.0,2,2,1.0
2461030,val,a38_39,3.4429443,4.597478,1.0,3,3,1.0,2,2,1.0
2473004,val,a38_39,3.347437,4.1472106,1.0,3,3,1.0,2,2,1.0
2483030,val,a38_39,2.9185145,2.5445042,1.0,3,3,1.0,2,4,1.0
2503030,val,a38_39,3.639278,3.0326545,1.0,3,3,1.0,6,6,1.0
2510005,val,a38_39,3.3635612,3.0930045,1.0,3,3,1.0,2,2,1.0
2525003,val,a38_39,3.2909856,4.7362037,1.0,3,3,1.0,2,2,1.0
2529030,val,a38_39,3.3294668,0.0,1.0,3,2,1.0,2,4,1.0
2529174,val,a38_39,3.3079057,4.315193,1.0,3,3,1.0,2,2,1.0
2530003,val,a38_39,2.2835405,0.0,0.0,3,-1,0.0,2,-1,0.0
2530004,val,a38_39,3.0591636,3.0504405,1.0,3,3,1.0,2,2,1.0
2569033,val,a38_39,2.9694362,3.3326652,1.0,3,3,1.0,6,2,1.0
2601006,val,a38_39,3.4579868,4.8403034,1.0,3,3,1.0,6,2,1.0
2608006,val,a38_39,3.2486444,3.18551,1.0,3,3,1.0,2,2,1.0
2615034,val,a38_39,3.378011,3.7510855,1.0,3,3,1.0,2,2,1.0
2639004,val,a38_39,0.5708407,3.59953,1.0,2,2,1.0,2,4,1.0
2665177,val,a38_39,2.3405418,0.0,1.0,3,2,1.0,6,6,1.0
2672006,val,a38_39,3.5122192,0.0,1.0,3,3,1.0,6,4,1.0
2672171,val,a38_39,2.6563463,3.8403308,1.0,3,3,1.0,2,4,1.0
2697003,val,a38_39,3.5750222,3.4481115,1.0,3,3,1.0,2,2,1.0
2704031,val,a38_39,3.258551,2.7730844,1.0,3,3,1.0,6,4,1.0
2705030,val,a38_39,3.3806143,4.222725,1.0,3,3,1.0,2,2,1.0
2707007,val,a38_39,3.0177984,1.7174486,1.0,3,3,1.0,2,2,1.0
2712172,val,a38_39,2.7597666,3.1861079,1.0,3,3,1.0,2,2,1.0
2731003,val,a38_39,3.0479558,3.048963,1.0,3,3,1.0,6,6,1.0
2731005,val,a38_39,3.5951192,4.507845,1.0,3,3,1.0,6,6,1.0
2770031,val,a38_39,3.3247783,1.3663594,1.0,3,3,1.0,2,2,1.0
2816004,val,a38_39,2.2740862,3.2435856,1.0,3,3,1.0,2,2,1.0
2910002,val,a38_39,3.0673544,2.9807694,1.0,3,3,1.0,2,2,1.0
3062001,val,a38_39,3.4299436,2.4661696,1.0,3,3,1.0,2,2,1.0
3235002,val,a38_39,3.0658586,3.5533636,1.0,3,3,1.0,2,3,1.0
3306001,val,a38_39,3.5433702,4.496284,1.0,3,3,1.0,2,2,1.0
5015030,val,a38_39,2.664695,0.35408652,1.0,3,2,1.0,2,2,1.0
5048030,val,a38_39,2.9807174,2.7750175,1.0,3,3,1.0,6,6,1.0
5052033,val,a38_39,2.8070946,2.1022828,1.0,3,2,1.0,6,6,1.0
5057008,val,a38_39,0.40623164,3.3816826,1.0,2,3,1.0,6,6,1.0
5170009,val,a38_39,3.2523758,3.8525667,1.0,3,3,1.0,2,2,1.0
5230008,val,a38_39,3.1625037,3.8347166,1.0,3,3,1.0,2,2,1.0
5299010,val,a38_39,2.9132543,0.0,1.0,3,2,1.0,6,6,1.0
5336179,val,a38_39,3.3171458,3.4054897,1.0,3,3,1.0,2,2,1.0
5364005,val,a38_39,2.9351964,3.6897547,1.0,3,3,1.0,2,3,1.0
5379004,val,a38_39,3.4536624,4.1776333,1.0,3,3,1.0,4,4,1.0
5430173,val,a38_39,3.098135,0.0,1.0,3,2,1.0,6,6,1.0
5488006,val,a38_39,3.240096,3.6850972,1.0,3,3,1.0,6,6,1.0
5493007,val,a38_39,0.5002656,0.0,1.0,2,2,1.0,3,5,1.0
5537009,val,a38_39,2.731239,2.9333522,1.0,3,3,1.0,2,2,1.0
5537177,val,a38_39,0.7827916,1.8505303,1.0,2,2,1.0,2,2,1.0
5537183,val,a38_39,3.416788,3.955919,1.0,3,3,1.0,2,2,1.0
5569010,val,a38_39,2.843343,3.5969393,1.0,3,3,1.0,2,2,1.0
5600005,val,a38_39,2.170413,3.1264517,1.0,3,2,1.0,6,3,1.0
5615183,val,a38_39,3.230826,0.070574746,1.0,3,3,1.0,2,2,1.0
5749006,val,a38_39,2.4229357,1.8636948,1.0,3,2,1.0,4,2,1.0
5822175,val,a38_39,3.2066169,3.6260033,1.0,3,3,1.0,2,2,1.0
5832003,val,a38_39,3.1092083,0.0,0.0,3,-1,0.0,6,-1,0.0
5872005,val,a38_39,0.45521307,0.0,1.0,2,2,1.0,6,6,1.0
5898005,val,a38_39,2.5444005,0.0,0.0,3,-1,0.0,6,-1,0.0
5904033,val,a38_39,3.0710397,3.0257523,1.0,3,3,1.0,2,4,1.0
5987188,val,a38_39,3.1658585,3.1053386,1.0,3,3,1.0,2,2,1.0
6026005,val,a38_39,3.4264517,3.1735432,1.0,3,2,1.0,6,4,1.0
6026172,val,a38_39,3.3494017,1.3209659,1.0,3,3,1.0,6,4,1.0
6054031,val,a38_39,3.65064,3.9497616,1.0,3,3,1.0,6,6,1.0
6121033,val,a38_39,0.71425426,0.0,1.0,2,2,1.0,6,6,1.0
6156008,val,a38_39,3.2930021,3.3272858,1.0,3,3,1.0,6,6,1.0
6157003,val,a38_39,2.6867177,3.3871381,1.0,3,3,1.0,2,3,1.0
6210183,val,a38_39,3.0733585,3.2967014,1.0,3,-1,0.0,6,2,1.0
6262030,val,a38_39,3.4631317,4.0377684,1.0,3,3,1.0,2,2,1.0
6368007,val,a38_39,2.6461158,1.7459805,1.0,3,2,1.0,6,6,1.0
6381181,val,a38_39,3.29726,3.9647489,1.0,3,3,1.0,6,2,1.0
6396003,val,a38_39,2.5258462,0.0,1.0,3,2,1.0,4,4,1.0
6431008,val,a38_39,3.1606214,4.63572,1.0,3,3,1.0,2,4,1.0
6475170,val,a38_39,2.639315,3.2242525,1.0,3,3,1.0,6,6,1.0
6522004,val,a38_39,2.579349,0.9147846,1.0,3,2,1.0,6,6,1.0
6537032,val,a38_39,2.889305,1.2648275,1.0,3,2,1.0,2,2,1.0
6541178,val,a38_39,3.259769,4.122309,1.0,3,2,1.0,2,2,1.0
6545006,val,a38_39,2.1276155,3.1551504,1.0,3,3,1.0,2,4,1.0
6547171,val,a38_39,2.948611,2.7027802,1.0,3,3,1.0,2,2,1.0
6571031,val,a38_39,3.210048,1.7769312,1.0,3,2,1.0,2,3,1.0
6590008,val,a38_39,2.9459753,3.329783,1.0,3,3,1.0,2,2,1.0
6616007,val,a38_39,2.8186588,3.7570312,1.0,3,3,1.0,2,4,1.0
6649003,val,a38_39,2.3897078,3.3337348,1.0,3,3,1.0,6,2,1.0
6710030,val,a38_39,0.46423268,3.2527912,1.0,2,3,1.0,6,6,1.0
6745007,val,a38_39,3.055033,3.583648,1.0,3,3,1.0,6,6,1.0
6750005,val,a38_39,2.8628244,3.578878,1.0,3,3,1.0,2,4,1.0
6765006,val,a38_39,0.5549991,2.8015413,1.0,2,3,1.0,2,2,1.0
6822176,val,a38_39,3.1945314,2.0905557,1.0,3,3,1.0,2,4,1.0
4007,val,a40_41,3.1338696,4.096741,1.0,3,3,1.0,2,4,1.0
6174,val,a40_41,3.5295622,3.9414282,1.0,3,3,1.0,2,2,1.0
14004,val,a40_41,3.4789,3.9032092,1.0,3,3,1.0,2,2,1.0
14172,val,a40_41,0.6139989,3.3626049,1.0,2,3,1.0,2,2,1.0
14173,val,a40_41,3.422883,3.737305,1.0,3,3,1.0,2,2,1.0
18031,val,a40_41,0.5428164,3.4141958,1.0,2,3,1.0,2,5,1.0
18185,val,a40_41,2.4348996,0.0,1.0,3,2,1.0,2,2,1.0
23031,val,a40_41,3.424458,0.0,1.0,3,2,1.0,6,6,1.0
40173,val,a40_41,3.5056424,3.426771,1.0,3,3,1.0,2,2,1.0
51171,val,a40_41,3.477182,3.886613,1.0,3,3,1.0,2,2,1.0
84005,val,a40_41,3.5447984,4.077138,1.0,3,3,1.0,6,6,1.0
121173,val,a40_41,3.3096302,0.0,1.0,3,2,1.0,2,2,1.0
128004,val,a40_41,3.5159137,4.218239,1.0,3,3,1.0,2,2,1.0
145170,val,a40_41,3.3424869,3.8678546,1.0,3,3,1.0,2,2,1.0
161004,val,a40_41,3.5895584,3.0361922,1.0,3,2,1.0,6,4,1.0
172031,val,a40_41,3.424276,3.2188306,1.0,3,3,1.0,2,2,1.0
174175,val,a40_41,2.5956783,4.886779,1.0,3,3,1.0,2,2,1.0
221031,val,a40_41,3.6312919,4.1335025,1.0,3,3,1.0,2,2,1.0
223030,val,a40_41,3.6052349,3.6286082,1.0,3,2,1.0,2,2,1.0
227003,val,a40_41,3.7671742,4.008891,1.0,3,3,1.0,6,2,1.0
257175,val,a40_41,3.0917397,0.42037553,1.0,3,2,1.0,2,2,1.0
263182,val,a40_41,3.4519286,3.4826956,1.0,3,3,1.0,2,2,1.0
321005,val,a40_41,2.4122589,2.8158593,1.0,3,3,1.0,2,2,1.0
361175,val,a40_41,3.150321,1.7118756,1.0,3,2,1.0,4,2,1.0
377170,val,a40_41,3.5743146,4.2009177,1.0,3,3,1.0,2,2,1.0
450030,val,a40_41,3.7089796,3.847051,1.0,3,3,1.0,6,6,1.0
465030,val,a40_41,2.700256,3.7935455,1.0,3,3,1.0,4,4,1.0
478030,val,a40_41,2.9540038,2.907154,1.0,3,2,1.0,4,3,1.0
503031,val,a40_41,3.4021728,4.475371,1.0,3,3,1.0,4,4,1.0
514172,val,a40_41,3.5629344,4.04607,1.0,3,3,1.0,2,2,1.0
534030,val,a40_41,3.3214545,1.9053723,1.0,3,3,1.0,2,2,1.0
534171,val,a40_41,3.53369,3.7922242,1.0,3,3,1.0,2,2,1.0
544170,val,a40_41,2.9092152,3.178121,1.0,3,3,1.0,2,2,1.0
563193,val,a40_41,3.4494362,0.0,1.0,3,2,1.0,2,2,1.0
577174,val,a40_41,3.4087827,3.0114257,1.0,3,3,1.0,2,2,1.0
613006,val,a40_41,3.521973,3.7471669,1.0,3,3,1.0,2,2,1.0
618170,val,a40_41,3.688629,4.5326686,1.0,3,3,1.0,2,2,1.0
631030,val,a40_41,3.3328109,3.3098624,1.0,3,3,1.0,2,4,1.0
633031,val,a40_41,3.223493,3.6491034,1.0,3,3,1.0,4,2,1.0
652173,val,a40_41,3.341956,3.5666425,1.0,3,3,1.0,2,2,1.0
655172,val,a40_41,3.3369853,3.749749,1.0,3,3,1.0,2,2,1.0
656005,val,a40_41,3.1329443,0.9626811,1.0,3,3,1.0,2,2,1.0
691171,val,a40_41,2.8762736,2.3365629,1.0,3,3,1.0,2,4,1.0
738172,val,a40_41,2.9389637,3.8163328,1.0,3,3,1.0,2,2,1.0
751030,val,a40_41,2.7329087,2.7778397,1.0,3,3,1.0,2,4,1.0
762170,val,a40_41,3.638836,4.3971753,1.0,3,3,1.0,2,2,1.0
783171,val,a40_41,3.179519,3.7198489,1.0,3,3,1.0,2,2,1.0
863007,val,a40_41,2.9547703,2.8474362,1.0,3,3,1.0,2,2,1.0
893170,val,a40_41,3.0765488,0.0,1.0,3,2,1.0,2,2,1.0
894031,val,a40_41,3.227302,3.2252226,1.0,3,3,1.0,2,2,1.0
898181,val,a40_41,3.174192,1.1858279,1.0,3,3,1.0,2,2,1.0
899003,val,a40_41,3.584527,3.5209594,1.0,3,3,1.0,4,2,1.0
916032,val,a40_41,3.0007107,3.1679091,1.0,3,3,1.0,6,2,1.0
922005,val,a40_41,3.631019,2.5942936,1.0,3,3,1.0,2,2,1.0
931172,val,a40_41,3.427753,3.1120167,1.0,3,2,1.0,2,2,1.0
939032,val,a40_41,3.9708688,4.886779,1.0,3,3,1.0,2,2,1.0
958030,val,a40_41,3.3239675,3.1199777,1.0,3,3,1.0,2,2,1.0
958173,val,a40_41,3.0553718,3.1463857,1.0,3,3,1.0,2,2,1.0
961005,val,a40_41,3.2482247,3.1784346,1.0,3,3,1.0,4,2,1.0
961030,val,a40_41,3.1524239,3.4617243,1.0,3,3,1.0,6,2,1.0
961175,val,a40_41,3.4190612,4.0225544,1.0,3,3,1.0,2,2,1.0
1051183,val,a40_41,3.5891535,3.3424077,1.0,3,3,1.0,2,2,1.0
1084005,val,a40_41,3.1575012,3.6850972,1.0,3,2,1.0,2,3,1.0
1089003,val,a40_41,3.221344,3.3619723,1.0,3,3,1.0,2,2,1.0
1093003,val,a40_41,2.351696,0.0,1.0,3,2,1.0,2,2,1.0
1107173,val,a40_41,2.5117784,4.0036206,1.0,3,3,1.0,2,4,1.0
1109174,val,a40_41,2.582559,2.1663687,1.0,3,3,1.0,2,2,1.0
1121030,val,a40_41,3.3913612,3.615111,1.0,3,3,1.0,2,2,1.0
1121175,val,a40_41,2.4922338,0.0,1.0,3,2,1.0,2,2,1.0
1125172,val,a40_41,3.0161538,0.0,0.0,3,-1,0.0,2,-1,0.0
1126030,val,a40_41,3.119827,2.3645113,1.0,3,3,1.0,2,2,1.0
1126176,val,a40_41,2.595002,4.886184,1.0,3,3,1.0,2,2,1.0
1152180,val,a40_41,3.3187935,3.4620757,1.0,3,3,1.0,2,2,1.0
1164004,val,a40_41,3.5087109,3.5871162,1.0,3,3,1.0,2,2,1.0
1184032,val,a40_41,3.5335555,3.843872,1.0,3,3,1.0,2,2,1.0
1184033,val,a40_41,3.0126371,1.4233128,1.0,3,3,1.0,6,4,1.0
1185003,val,a40_41,3.4043016,0.0,1.0,3,2,1.0,2,2,1.0
1222004,val,a40_41,2.8199117,3.154596,1.0,3,3,1.0,2,2,1.0
1222006,val,a40_41,3.4468272,2.026318,1.0,3,3,1.0,2,2,1.0
1284170,val,a40_41,3.280751,0.0,1.0,3,2,1.0,2,2,1.0
1292004,val,a40_41,2.7903752,3.105974,1.0,3,3,1.0,2,4,1.0
1314172,val,a40_41,3.492846,3.949036,1.0,3,3,1.0,2,2,1.0
1332005,val,a40_41,3.8142593,3.6204543,1.0,3,3,1.0,2,3,1.0
1335010,val,a40_41,3.2518547,3.0401068,1.0,3,3,1.0,2,2,1.0
1338003,val,a40_41,3.4567785,3.5987248,1.0,3,3,1.0,6,2,1.0
1345006,val,a40_41,2.9334002,2.9212708,1.0,3,3,1.0,2,2,1.0
1345007,val,a40_41,3.246255,3.57801,1.0,3,3,1.0,6,2,1.0
1346030,val,a40_41,3.4688833,0.0,1.0,3,2,1.0,6,2,1.0
1391033,val,a40_41,3.6990376,3.647873,1.0,3,3,1.0,6,4,1.0
1391175,val,a40_41,0.49806356,0.0,0.0,2,-1,0.0,2,-1,0.0
1394033,val,a40_41,0.8810698,0.0,1.0,2,2,1.0,4,4,1.0
1397005,val,a40_41,3.4984343,3.7439065,1.0,3,3,1.0,2,2,1.0
1397172,val,a40_41,2.623119,3.0469735,1.0,3,3,1.0,2,2,1.0
1426004,val,a40_41,2.114779,2.9762707,1.0,3,3,1.0,6,6,1.0
1434032,val,a40_41,2.9226649,2.0527534,1.0,3,3,1.0,2,2,1.0
1434170,val,a40_41,3.2888784,3.1865816,1.0,3,3,1.0,2,2,1.0
1435005,val,a40_41,3.9086857,4.6204996,1.0,3,2,1.0,2,4,1.0
1485171,val,a40_41,3.4762092,3.2274153,1.0,3,3,1.0,2,2,1.0
1520031,val,a40_41,3.5276632,3.9851773,1.0,3,3,1.0,4,2,1.0
1540005,val,a40_41,4.0329566,2.3726282,1.0,3,3,1.0,6,2,1.0
1559003,val,a40_41,3.8148036,4.472791,1.0,3,3,1.0,2,2,1.0
1559170,val,a40_41,3.3781204,3.2300382,1.0,3,3,1.0,2,2,1.0
1565180,val,a40_41,3.2402556,4.194441,1.0,3,3,1.0,2,2,1.0
1579030,val,a40_41,3.522709,3.0597289,1.0,3,3,1.0,2,2,1.0
1613007,val,a40_41,3.221744,0.6793294,1.0,3,3,1.0,2,2,1.0
1621171,val,a40_41,3.6138222,4.886779,1.0,3,3,1.0,2,2,1.0
1644004,val,a40_41,3.143424,3.496418,1.0,3,3,1.0,2,2,1.0
1652031,val,a40_41,3.0666,3.3802066,1.0,3,3,1.0,2,2,1.0
1682032,val,a40_41,3.5530684,3.8730197,1.0,3,3,1.0,6,2,1.0
1684173,val,a40_41,3.3294382,3.6152012,1.0,3,2,1.0,2,2,1.0
1687003,val,a40_41,3.337153,3.3729873,1.0,3,3,1.0,2,2,1.0
1690170,val,a40_41,2.5320945,3.5111582,1.0,3,3,1.0,2,2,1.0
1692030,val,a40_41,0.41725636,0.0,1.0,2,2,1.0,2,2,1.0
1695034,val,a40_41,3.1818478,3.6491034,1.0,3,3,1.0,2,2,1.0
1701004,val,a40_41,2.9319737,3.9664857,1.0,3,3,1.0,2,2,1.0
1721030,val,a40_41,3.4511914,3.6687279,1.0,3,3,1.0,4,2,1.0
1723005,val,a40_41,0.48906875,2.2075644,1.0,2,3,1.0,2,2,1.0
1762030,val,a40_41,2.8767886,0.0,1.0,3,2,1.0,2,4,1.0
1762031,val,a40_41,3.458601,3.7650766,1.0,3,3,1.0,2,2,1.0
1762032,val,a40_41,2.352203,1.9069004,1.0,3,3,1.0,2,4,1.0
1774170,val,a40_41,3.3362443,1.3671789,1.0,3,2,1.0,2,2,1.0
1774171,val,a40_41,3.3421237,3.3073823,1.0,3,3,1.0,2,2,1.0
1784171,val,a40_41,3.609303,4.1698217,1.0,3,3,1.0,2,2,1.0
1786191,val,a40_41,3.5636468,3.9422066,1.0,3,3,1.0,2,2,1.0
1787005,val,a40_41,3.4834917,3.6848996,1.0,3,3,1.0,2,2,1.0
1787174,val,a40_41,3.0431218,3.3667955,1.0,3,3,1.0,2,2,1.0
1802003,val,a40_41,3.1003537,3.489942,1.0,3,2,1.0,2,4,1.0
1845170,val,a40_41,3.6332972,3.0869684,1.0,3,3,1.0,2,2,1.0
1862171,val,a40_41,3.2536442,3.5262845,1.0,3,3,1.0,2,2,1.0
1898004,val,a40_41,3.2401621,3.4094932,1.0,3,3,1.0,6,6,1.0
1911030,val,a40_41,2.2297611,0.0,0.0,3,-1,0.0,2,-1,0.0
1914003,val,a40_41,2.2098706,2.8751705,1.0,3,3,1.0,2,2,1.0
1919007,val,a40_41,3.7843096,4.886779,1.0,3,3,1.0,2,4,1.0
1954003,val,a40_41,3.4482324,2.9361172,1.0,3,3,1.0,2,2,1.0
1959005,val,a40_41,3.7527509,4.3370132,1.0,3,3,1.0,6,2,1.0
1964031,val,a40_41,2.637322,0.0,1.0,3,2,1.0,2,4,1.0
1972173,val,a40_41,2.3044932,0.0,0.0,3,-1,0.0,2,-1,0.0
1978030,val,a40_41,3.272999,3.693618,1.0,3,3,1.0,2,2,1.0
2005030,val,a40_41,3.2892487,3.1062326,1.0,3,3,1.0,6,4,1.0
2011174,val,a40_41,3.3914351,3.3237946,1.0,3,3,1.0,4,2,1.0
2023030,val,a40_41,3.6593657,4.886779,1.0,3,3,1.0,6,6,1.0
2028030,val,a40_41,3.5510936,4.421971,1.0,3,3,1.0,4,4,1.0
2055003,val,a40_41,3.045248,1.7300621,1.0,3,3,1.0,2,2,1.0
2067005,val,a40_41,3.6543894,4.1546817,1.0,3,3,1.0,2,2,1.0
2080170,val,a40_41,2.5043507,2.3160753,1.0,3,3,1.0,2,2,1.0
2106171,val,a40_41,0.5828221,0.0,1.0,2,2,1.0,2,2,1.0
2109002,val,a40_41,3.3800073,4.482823,1.0,3,3,1.0,2,2,1.0
2129186,val,a40_41,3.3660066,3.496005,1.0,3,3,1.0,2,2,1.0
2181007,val,a40_41,0.466182,1.966612,1.0,2,2,1.0,6,6,1.0
2181030,val,a40_41,3.2202072,3.3319657,1.0,3,3,1.0,4,2,1.0
2243174,val,a40_41,3.3243299,3.0664406,1.0,3,3,1.0,2,2,1.0
2260173,val,a40_41,2.8106682,0.40987092,1.0,3,2,1.0,2,2,1.0
2261030,val,a40_41,3.0913157,2.5095816,1.0,3,3,1.0,2,2,1.0
2271171,val,a40_41,2.7413456,3.6543715,1.0,3,3,1.0,2,2,1.0
2282005,val,a40_41,3.4124653,0.0,1.0,3,3,1.0,4,6,1.0
2302195,val,a40_41,0.50609446,0.39853728,1.0,2,2,1.0,2,3,1.0
2334031,val,a40_41,3.4536169,3.8142254,1.0,3,3,1.0,2,2,1.0
2341172,val,a40_41,2.9962752,2.8913167,1.0,3,3,1.0,2,2,1.0
2354175,val,a40_41,3.5895982,3.3073823,1.0,3,3,1.0,6,2,1.0
2355004,val,a40_41,2.49993,3.7249148,1.0,3,3,1.0,4,2,1.0
2391030,val,a40_41,3.5780191,3.1996279,1.0,3,3,1.0,2,2,1.0
2397173,val,a40_41,2.4051242,2.7536736,1.0,3,3,1.0,2,2,1.0
2408170,val,a40_41,3.2083085,2.2054408,1.0,3,2,1.0,6,4,1.0
2425003,val,a40_41,3.241144,1.1611937,1.0,3,3,1.0,2,2,1.0
2432030,val,a40_41,0.7258096,2.766588,1.0,2,3,1.0,4,4,1.0
2435172,val,a40_41,2.719456,0.5612031,1.0,3,3,1.0,2,2,1.0
2436174,val,a40_41,0.48446584,0.0,1.0,2,2,1.0,2,4,1.0
2436176,val,a40_41,2.5446684,3.0665076,1.0,3,3,1.0,2,2,1.0
2441003,val,a40_41,2.1386917,3.1931083,1.0,3,3,1.0,2,2,1.0
2441173,val,a40_41,3.1082518,4.1230373,1.0,3,3,1.0,2,2,1.0
2458031,val,a40_41,3.91962,4.7487354,1.0,3,3,1.0,2,6,1.0
2461004,val,a40_41,0.47398257,2.4098656,1.0,2,3,1.0,2,2,1.0
2461030,val,a40_41,3.4857762,0.0,1.0,3,3,1.0,2,4,1.0
2473004,val,a40_41,3.369403,3.8582711,1.0,3,3,1.0,2,2,1.0
2483030,val,a40_41,2.9541118,1.7093322,1.0,3,3,1.0,2,4,1.0
2503030,val,a40_41,3.6913016,3.0149915,1.0,3,3,1.0,6,6,1.0
2510005,val,a40_41,3.3973007,3.0679493,1.0,3,3,1.0,2,2,1.0
2525003,val,a40_41,3.353509,4.886779,1.0,3,3,1.0,2,2,1.0
2529030,val,a40_41,3.3667774,0.0,1.0,3,2,1.0,2,4,1.0
2529174,val,a40_41,3.3248763,3.9823928,1.0,3,3,1.0,2,2,1.0
2530003,val,a40_41,2.358998,2.8040938,1.0,3,3,1.0,2,2,1.0
2530004,val,a40_41,3.0827742,3.0475352,1.0,3,3,1.0,2,2,1.0
2569033,val,a40_41,3.0217586,3.3889637,1.0,3,3,1.0,6,2,1.0
2601006,val,a40_41,3.5183551,0.0,0.0,3,-1,0.0,6,-1,0.0
2608006,val,a40_41,3.2858317,3.153995,1.0,3,3,1.0,2,2,1.0
2615034,val,a40_41,3.3914125,3.5209804,1.0,3,3,1.0,2,2,1.0
2639004,val,a40_41,0.5292593,2.0256755,1.0,2,2,1.0,2,4,1.0
2665177,val,a40_41,2.4702268,0.0,1.0,3,2,1.0,6,2,1.0
2672006,val,a40_41,3.545924,4.190539,1.0,3,3,1.0,6,4,1.0
2672171,val,a40_41,2.7301278,4.158148,1.0,3,3,1.0,2,4,1.0
2697003,val,a40_41,3.6083734,3.3715646,1.0,3,3,1.0,2,2,1.0
2704031,val,a40_41,3.3195722,2.5460799,1.0,3,3,1.0,6,4,1.0
2705030,val,a40_41,3.401504,4.6122894,1.0,3,3,1.0,2,3,1.0
2707007,val,a40_41,3.060751,2.015335,1.0,3,3,1.0,2,2,1.0
2712172,val,a40_41,2.8140192,3.172238,1.0,3,3,1.0,2,2,1.0
2731003,val,a40_41,3.0769095,3.1447468,1.0,3,3,1.0,6,6,1.0
2731005,val,a40_41,3.625136,4.564996,1.0,3,3,1.0,6,6,1.0
2770031,val,a40_41,3.341794,1.7136508,1.0,3,3,1.0,2,2,1.0
2816004,val,a40_41,2.3780065,3.4309494,1.0,3,3,1.0,2,2,1.0
2910002,val,a40_41,3.0845838,3.1706843,1.0,3,2,1.0,2,2,1.0
3062001,val,a40_41,3.4519005,3.958687,1.0,3,3,1.0,2,2,1.0
3235002,val,a40_41,3.0954573,3.6333046,1.0,3,3,1.0,2,3,1.0
3306001,val,a40_41,3.5546055,4.594867,1.0,3,3,1.0,2,2,1.0
5015030,val,a40_41,2.7421608,0.0,1.0,3,2,1.0,2,2,1.0
5048030,val,a40_41,3.028097,2.79805,1.0,3,3,1.0,6,6,1.0
5052033,val,a40_41,2.8713,2.355517,1.0,3,3,1.0,6,6,1.0
5057008,val,a40_41,0.3740666,3.5037935,1.0,2,3,1.0,6,6,1.0
5170009,val,a40_41,3.2564855,3.8322608,1.0,3,3,1.0,2,2,1.0
5230008,val,a40_41,3.178438,3.7570312,1.0,3,3,1.0,2,2,1.0
5299010,val,a40_41,2.9898493,0.0,1.0,3,2,1.0,6,6,1.0
5336179,val,a40_41,3.3581147,3.3685656,1.0,3,3,1.0,2,2,1.0
5364005,val,a40_41,2.9669805,3.3224595,1.0,3,3,1.0,2,3,1.0
5379004,val,a40_41,3.485704,4.8131404,1.0,3,3,1.0,4,4,1.0
5430173,val,a40_41,3.1792433,0.0,1.0,3,2,1.0,6,6,1.0
5488006,val,a40_41,3.2808576,3.6807222,1.0,3,3,1.0,6,6,1.0
5493007,val,a40_41,0.47220397,0.0,1.0,2,2,1.0,3,5,1.0
5537009,val,a40_41,2.777718,2.9591303,1.0,3,3,1.0,2,2,1.0
5537177,val,a40_41,0.73137164,1.2297416,1.0,2,2,1.0,2,2,1.0
5537183,val,a40_41,3.438875,3.031698,1.0,3,3,1.0,2,2,1.0
5569010,val,a40_41,2.8654335,3.265041,1.0,3,3,1.0,2,2,1.0
5600005,val,a40_41,2.2933831,2.2039053,1.0,3,2,1.0,6,2,1.0
5615183,val,a40_41,3.2769568,2.9662764,1.0,3,3,1.0,2,2,1.0
5749006,val,a40_41,2.505687,0.37078482,1.0,3,2,1.0,4,2,1.0
5822175,val,a40_41,3.252473,3.7130666,1.0,3,3,1.0,2,2,1.0
5832003,val,a40_41,3.1658716,2.3181431,1.0,3,2,1.0,6,6,1.0
5872005,val,a40_41,0.42653608,0.0,0.0,2,-1,0.0,6,-1,0.0
5898005,val,a40_41,2.6321938,0.0,0.0,3,-1,0.0,6,-1,0.0
5904033,val,a40_41,3.1046855,1.9870218,1.0,3,3,1.0,2,4,1.0
5987188,val,a40_41,3.1877422,3.0869684,1.0,3,3,1.0,2,2,1.0
6026005,val,a40_41,3.4962187,3.3871381,1.0,3,2,1.0,6,4,1.0
6026172,val,a40_41,3.401151,3.6983402,1.0,3,3,1.0,6,4,1.0
6054031,val,a40_41,3.7022552,3.9765851,1.0,3,3,1.0,6,6,1.0
6121033,val,a40_41,0.63791096,0.0,1.0,2,2,1.0,6,6,1.0
6156008,val,a40_41,3.3183925,3.7570312,1.0,3,3,1.0,6,6,1.0
6157003,val,a40_41,2.7429068,3.2381604,1.0,3,3,1.0,2,3,1.0
6210183,val,a40_41,3.1657228,3.3488646,1.0,3,3,1.0,6,2,1.0
6262030,val,a40_41,3.48816,4.052318,1.0,3,3,1.0,2,2,1.0
6368007,val,a40_41,2.7599895,0.0,1.0,3,2,1.0,6,6,1.0
6381181,val,a40_41,3.3250427,4.0398784,1.0,3,3,1.0,6,2,1.0
6396003,val,a40_41,2.6132562,0.0,1.0,3,2,1.0,4,4,1.0
6431008,val,a40_41,3.1990757,4.745581,1.0,3,3,1.0,2,4,1.0
6475170,val,a40_41,2.7173831,3.0000806,1.0,3,3,1.0,6,6,1.0
6522004,val,a40_41,2.7027805,0.0,0.0,3,2,1.0,6,4,1.0
6537032,val,a40_41,2.92649,2.9993773,1.0,3,3,1.0,2,2,1.0
6541178,val,a40_41,3.2683988,4.1655335,1.0,3,3,1.0,2,2,1.0
6545006,val,a40_41,2.2066996,2.3224509,1.0,3,3,1.0,2,4,1.0
6547171,val,a40_41,2.9832304,3.0869684,1.0,3,3,1.0,2,2,1.0
6571031,val,a40_41,3.2508416,0.0,0.0,3,-1,0.0,2,-1,0.0
6590008,val,a40_41,2.9887087,0.0,1.0,3,3,1.0,2,2,1.0
6616007,val,a40_41,2.8565009,3.6222303,1.0,3,3,1.0,2,4,1.0
6649003,val,a40_41,2.4751425,3.6229506,1.0,3,3,1.0,6,2,1.0
6710030,val,a40_41,0.42849827,3.2437427,1.0,2,3,1.0,6,6,1.0
6745007,val,a40_41,3.1210825,3.587975,1.0,3,3,1.0,6,6,1.0
6750005,val,a40_41,2.9136255,3.9030106,1.0,3,3,1.0,2,4,1.0
6765006,val,a40_41,0.50988376,2.6505947,1.0,2,3,1.0,2,2,1.0
6822176,val,a40_41,3.2110946,3.546035,1.0,3,3,1.0,2,4,1.0
4007,val,a42_43,3.1517415,0.0,0.0,3,-1,0.0,2,-1,0.0
6174,val,a42_43,3.5538266,4.3904777,1.0,3,3,1.0,2,2,1.0
14004,val,a42_43,3.5038457,3.7619069,1.0,3,3,1.0,2,2,1.0
14172,val,a42_43,0.583405,3.7323906,1.0,2,3,1.0,2,2,1.0
14173,val,a42_43,3.457736,4.0403357,1.0,3,3,1.0,2,2,1.0
18031,val,a42_43,0.5112529,3.5281215,1.0,2,3,1.0,2,5,1.0
18185,val,a42_43,2.4954104,0.0,1.0,3,2,1.0,2,3,1.0
23031,val,a42_43,3.4902973,0.0,1.0,3,2,1.0,6,6,1.0
40173,val,a42_43,3.529856,3.5162604,1.0,3,3,1.0,2,2,1.0
51171,val,a42_43,3.50633,3.9461741,1.0,3,3,1.0,2,2,1.0
84005,val,a42_43,3.5892243,3.9647489,1.0,3,3,1.0,6,6,1.0
121173,val,a42_43,3.3189914,3.016735,1.0,3,3,1.0,2,2,1.0
128004,val,a42_43,3.536047,4.198069,1.0,3,3,1.0,2,2,1.0
145170,val,a42_43,3.3818338,3.507782,1.0,3,3,1.0,2,2,1.0
161004,val,a42_43,3.6334472,3.1872697,1.0,3,3,1.0,6,4,1.0
172031,val,a42_43,3.4434304,3.126861,1.0,3,3,1.0,2,2,1.0
174175,val,a42_43,2.6513631,4.886779,1.0,3,3,1.0,2,2,1.0
221031,val,a42_43,3.6483374,3.9811552,1.0,3,3,1.0,2,2,1.0
223030,val,a42_43,3.644779,3.4196575,1.0,3,3,1.0,2,2,1.0
227003,val,a42_43,3.7994652,3.9589236,1.0,3,3,1.0,6,2,1.0
257175,val,a42_43,3.13702,0.56697226,1.0,3,3,1.0,2,2,1.0
263182,val,a42_43,3.480601,3.456537,1.0,3,3,1.0,2,2,1.0
321005,val,a42_43,2.478938,3.067396,1.0,3,3,1.0,2,2,1.0
361175,val,a42_43,3.2044299,2.6412401,1.0,3,3,1.0,4,2,1.0
377170,val,a42_43,3.5988417,4.30575,1.0,3,3,1.0,2,2,1.0
450030,val,a42_43,3.7519138,4.0109034,1.0,3,2,1.0,6,6,1.0
465030,val,a42_43,2.7755477,3.854094,1.0,3,3,1.0,4,4,1.0
478030,val,a42_43,3.0041943,3.0282621,1.0,3,3,1.0,4,3,1.0
503031,val,a42_43,3.4356778,4.717123,1.0,3,3,1.0,4,4,1.0
514172,val,a42_43,3.5795727,4.2617564,1.0,3,3,1.0,2,2,1.0
534030,val,a42_43,3.3364594,3.2387373,1.0,3,3,1.0,2,2,1.0
534171,val,a42_43,3.552967,3.8186266,1.0,3,3,1.0,2,2,1.0
544170,val,a42_43,2.9408193,3.378522,1.0,3,3,1.0,2,2,1.0
563193,val,a42_43,3.4821682,0.0,1.0,3,2,1.0,2,2,1.0
577174,val,a42_43,3.4409866,3.1931083,1.0,3,3,1.0,2,2,1.0
613006,val,a42_43,3.558349,3.4896688,1.0,3,3,1.0,2,2,1.0
618170,val,a42_43,3.7028434,4.7028666,1.0,3,3,1.0,2,2,1.0
631030,val,a42_43,3.3755312,3.7247293,1.0,3,3,1.0,2,4,1.0
633031,val,a42_43,3.2497017,3.6932049,1.0,3,3,1.0,4,2,1.0
652173,val,a42_43,3.3514435,3.6409497,1.0,3,3,1.0,2,2,1.0
655172,val,a42_43,3.3448029,4.2897096,1.0,3,3,1.0,2,2,1.0
656005,val,a42_43,3.1655421,1.5825812,1.0,3,3,1.0,2,2,1.0
691171,val,a42_43,2.908668,2.422265,1.0,3,3,1.0,2,4,1.0
738172,val,a42_43,2.9791977,4.6475396,1.0,3,3,1.0,2,2,1.0
751030,val,a42_43,2.783097,3.128094,1.0,3,2,1.0,2,4,1.0
762170,val,a42_43,3.6540332,4.3866534,1.0,3,3,1.0,2,2,1.0
783171,val,a42_43,3.2001977,3.627258,1.0,3,3,1.0,2,2,1.0
863007,val,a42_43,2.9934177,3.0570593,1.0,3,3,1.0,2,2,1.0
893170,val,a42_43,3.0984604,0.0,1.0,3,2,1.0,2,2,1.0
894031,val,a42_43,3.2487168,3.4939215,1.0,3,3,1.0,2,2,1.0
898181,val,a42_43,3.199874,2.0642657,1.0,3,3,1.0,2,2,1.0
899003,val,a42_43,3.6169567,3.5290773,1.0,3,3,1.0,4,2,1.0
916032,val,a42_43,3.0546017,2.66215,1.0,3,2,1.0,6,2,1.0
922005,val,a42_43,3.643793,2.8607311,1.0,3,3,1.0,2,2,1.0
931172,val,a42_43,3.455904,2.3561735,1.0,3,3,1.0,2,2,1.0
939032,val,a42_43,3.993377,4.886779,1.0,3,3,1.0,2,2,1.0
958030,val,a42_43,3.3551822,3.0001054,1.0,3,3,1.0,2,2,1.0
958173,val,a42_43,3.0791316,3.188211,1.0,3,3,1.0,2,2,1.0
961005,val,a42_43,3.284803,3.0807095,1.0,3,3,1.0,4,2,1.0
961030,val,a42_43,3.2212775,3.5064607,1.0,3,3,1.0,6,2,1.0
961175,val,a42_43,3.4477086,3.858515,1.0,3,3,1.0,2,2,1.0
1051183,val,a42_43,3.6061015,3.4141958,1.0,3,3,1.0,2,2,1.0
1084005,val,a42_43,3.1745071,2.8569546,1.0,3,2,1.0,2,4,1.0
1089003,val,a42_43,3.2361588,3.397333,1.0,3,3,1.0,2,2,1.0
1093003,val,a42_43,2.4354725,0.0,1.0,3,2,1.0,2,2,1.0
1107173,val,a42_43,2.5691924,0.0,1.0,3,2,1.0,2,4,1.0
1109174,val,a42_43,2.6437793,2.241885,1.0,3,3,1.0,2,2,1.0
1121030,val,a42_43,3.4222195,3.7256048,1.0,3,3,1.0,2,2,1.0
1121175,val,a42_43,2.5454552,0.0,1.0,3,2,1.0,2,2,1.0
1125172,val,a42_43,3.041592,2.6918542,1.0,3,3,1.0,2,2,1.0
1126030,val,a42_43,3.142296,2.3410416,1.0,3,3,1.0,2,2,1.0
1126176,val,a42_43,2.6813445,4.2375464,1.0,3,3,1.0,2,2,1.0
1152180,val,a42_43,3.3306599,3.382096,1.0,3,3,1.0,2,2,1.0
1164004,val,a42_43,3.5329819,3.6850972,1.0,3,3,1.0,2,2,1.0
1184032,val,a42_43,3.55472,0.0,0.0,3,-1,0.0,2,-1,0.0
1184033,val,a42_43,3.088704,2.9884706,1.0,3,3,1.0,6,4,1.0
1185003,val,a42_43,3.4154208,0.0,1.0,3,2,1.0,2,2,1.0
1222004,val,a42_43,2.854451,3.1974998,1.0,3,3,1.0,2,2,1.0
1222006,val,a42_43,3.4885888,3.4334857,1.0,3,3,1.0,2,2,1.0
1284170,val,a42_43,3.2945678,0.0,1.0,3,2,1.0,2,2,1.0
1292004,val,a42_43,2.8273716,3.0276508,1.0,3,3,1.0,2,4,1.0
1314172,val,a42_43,3.5212278,3.955919,1.0,3,3,1.0,2,2,1.0
1332005,val,a42_43,3.8276887,4.0859733,1.0,3,3,1.0,2,3,1.0
1335010,val,a42_43,3.2773514,3.5913725,1.0,3,3,1.0,2,2,1.0
1338003,val,a42_43,3.502223,0.0,1.0,3,2,1.0,6,2,1.0
1345006,val,a42_43,2.9666405,2.8901737,1.0,3,3,1.0,2,2,1.0
1345007,val,a42_43,3.3249202,3.4974828,1.0,3,3,1.0,6,2,1.0
1346030,val,a42_43,3.5010395,1.209378,1.0,3,2,1.0,6,2,1.0
1391033,val,a42_43,3.744453,3.9802005,1.0,3,3,1.0,6,4,1.0
1391175,val,a42_43,0.4775045,3.1796627,1.0,2,3,1.0,2,4,1.0
1394033,val,a42_43,0.8386173,0.0,1.0,2,2,1.0,4,4,1.0
1397005,val,a42_43,3.539586,3.749749,1.0,3,3,1.0,2,2,1.0
1397172,val,a42_43,2.6810126,3.0798528,1.0,3,3,1.0,2,2,1.0
1426004,val,a42_43,2.198668,3.4137402,1.0,3,3,1.0,6,6,1.0
1434032,val,a42_43,2.958629,2.134075,1.0,3,3,1.0,2,2,1.0
1434170,val,a42_43,3.324525,3.2432585,1.0,3,3,1.0,2,2,1.0
1435005,val,a42_43,3.9374785,2.8346472,1.0,3,3,1.0,2,4,1.0
1485171,val,a42_43,3.5025358,3.4779825,1.0,3,3,1.0,2,2,1.0
1520031,val,a42_43,3.5452604,0.0,1.0,3,3,1.0,4,2,1.0
1540005,val,a42_43,4.0691557,3.2980824,1.0,3,3,1.0,6,2,1.0
1559003,val,a42_43,3.8292913,4.455336,1.0,3,3,1.0,2,2,1.0
1559170,val,a42_43,3.386408,3.46386,1.0,3,3,1.0,2,2,1.0
1565180,val,a42_43,3.2534554,3.7453756,1.0,3,3,1.0,2,2,1.0
1579030,val,a42_43,3.5659852,2.21841,1.0,3,3,1.0,2,2,1.0
1613007,val,a42_43,3.2488031,1.4655625,1.0,3,3,1.0,2,2,1.0
1621171,val,a42_43,3.6287515,4.5817747,1.0,3,3,1.0,2,2,1.0
1644004,val,a42_43,3.1641357,3.3623176,1.0,3,3,1.0,2,2,1.0
1652031,val,a42_43,3.0990534,3.6539025,1.0,3,3,1.0,2,2,1.0
1682032,val,a42_43,3.6170316,3.8923383,1.0,3,3,1.0,6,2,1.0
1684173,val,a42_43,3.363384,3.4133592,1.0,3,3,1.0,2,2,1.0
1687003,val,a42_43,3.3665433,2.1154792,1.0,3,3,1.0,2,2,1.0
1690170,val,a42_43,2.5890677,3.81582,1.0,3,3,1.0,2,2,1.0
1692030,val,a42_43,0.39630294,0.0,1.0,2,2,1.0,2,2,1.0
1695034,val,a42_43,3.2101457,3.7629457,1.0,3,3,1.0,2,2,1.0
1701004,val,a42_43,2.9690478,4.257973,1.0,3,3,1.0,2,2,1.0
1721030,val,a42_43,3.471552,3.348836,1.0,3,3,1.0,4,2,1.0
1723005,val,a42_43,0.46864057,2.2497153,1.0,2,3,1.0,2,2,1.0
1762030,val,a42_43,2.9181128,0.0,1.0,3,2,1.0,2,4,1.0
1762031,val,a42_43,3.4858696,3.7924998,1.0,3,3,1.0,2,2,1.0
1762032,val,a42_43,2.4188197,2.2055602,1.0,3,3,1.0,2,4,1.0
1774170,val,a42_43,3.3438354,1.7535818,1.0,3,3,1.0,2,2,1.0
1774171,val,a42_43,3.3520646,3.736019,1.0,3,3,1.0,2,2,1.0
1784171,val,a42_43,3.6275167,4.1252284,1.0,3,3,1.0,2,2,1.0
1786191,val,a42_43,3.5831013,4.227405,1.0,3,3,1.0,2,2,1.0
1787005,val,a42_43,3.498976,3.6104138,1.0,3,3,1.0,2,2,1.0
1787174,val,a42_43,3.0676413,3.3523545,1.0,3,3,1.0,2,2,1.0
1802003,val,a42_43,3.13854,3.4832323,1.0,3,2,1.0,2,4,1.0
1845170,val,a42_43,3.6506195,3.3217459,1.0,3,3,1.0,2,2,1.0
1862171,val,a42_43,3.2812445,3.4461362,1.0,3,3,1.0,2,2,1.0
1898004,val,a42_43,3.3066187,4.3638077,1.0,3,3,1.0,6,6,1.0
1911030,val,a42_43,2.3054452,2.9322286,1.0,3,3,1.0,2,2,1.0
1914003,val,a42_43,2.28153,3.0930045,1.0,3,3,1.0,2,2,1.0
1919007,val,a42_43,3.8007765,4.8387165,1.0,3,3,1.0,2,4,1.0
1954003,val,a42_43,3.4659884,3.7558146,1.0,3,3,1.0,2,4,1.0
1959005,val,a42_43,3.7939548,4.521836,1.0,3,3,1.0,6,2,1.0
1964031,val,a42_43,2.70582,0.0,1.0,3,2,1.0,2,4,1.0
1972173,val,a42_43,2.3776977,2.3260252,1.0,3,3,1.0,2,3,1.0
1978030,val,a42_43,3.2919164,3.4900744,1.0,3,3,1.0,2,2,1.0
2005030,val,a42_43,3.327687,3.211439,1.0,3,3,1.0,6,4,1.0
2011174,val,a42_43,3.4188547,3.177646,1.0,3,3,1.0,4,2,1.0
2023030,val,a42_43,3.6969352,4.886779,1.0,3,3,1.0,6,6,1.0
2028030,val,a42_43,3.5733652,4.886779,1.0,3,3,1.0,4,4,1.0
2055003,val,a42_43,3.0770924,1.367364,1.0,3,3,1.0,2,2,1.0
2067005,val,a42_43,3.6735203,4.480925,1.0,3,3,1.0,2,2,1.0
2080170,val,a42_43,2.5652547,2.4098656,1.0,3,3,1.0,2,2,1.0
2106171,val,a42_43,0.5557647,0.0,1.0,2,2,1.0,2,2,1.0
2109002,val,a42_43,3.3938663,4.472431,1.0,3,3,1.0,2,2,1.0
2129186,val,a42_43,3.4005651,3.851873,1.0,3,3,1.0,2,2,1.0
2181007,val,a42_43,0.4383359,2.5885363,1.0,2,3,1.0,6,6,1.0
2181030,val,a42_43,3.2478032,3.6084042,1.0,3,3,1.0,4,2,1.0
2243174,val,a42_43,3.3329084,2.9595175,1.0,3,3,1.0,2,2,1.0
2260173,val,a42_43,2.8459966,0.0,1.0,3,2,1.0,2,2,1.0
2261030,val,a42_43,3.1139376,3.173361,1.0,3,3,1.0,2,2,1.0
2271171,val,a42_43,2.7832527,3.7394035,1.0,3,3,1.0,2,2,1.0
2282005,val,a42_43,3.437969,3.46386,1.0,3,3,1.0,4,6,1.0
2302195,val,a42_43,0.48635507,0.0,1.0,2,2,1.0,2,6,1.0
2334031,val,a42_43,3.4669304,3.8580909,1.0,3,3,1.0,2,2,1.0
2341172,val,a42_43,3.024329,2.8802483,1.0,3,3,1.0,2,2,1.0
2354175,val,a42_43,3.6401653,3.651173,1.0,3,3,1.0,6,2,1.0
2355004,val,a42_43,2.5946894,4.1334863,1.0,3,3,1.0,4,2,1.0
2391030,val,a42_43,3.6018145,3.859207,1.0,3,3,1.0,2,2,1.0
2397173,val,a42_43,2.4796996,3.1475887,1.0,3,3,1.0,2,2,1.0
2408170,val,a42_43,3.2643209,2.146546,1.0,3,3,1.0,6,4,1.0
2425003,val,a42_43,3.2714386,0.0,1.0,3,2,1.0,2,2,1.0
2432030,val,a42_43,0.70806825,4.2273545,1.0,2,3,1.0,4,4,1.0
2435172,val,a42_43,2.770374,0.0,1.0,3,2,1.0,2,2,1.0
2436174,val,a42_43,0.46277118,0.0,1.0,2,2,1.0,2,4,1.0
2436176,val,a42_43,2.6121745,3.0895233,1.0,3,3,1.0,2,2,1.0
2441003,val,a42_43,2.211412,3.9165187,1.0,3,3,1.0,2,2,1.0
2441173,val,a42_43,3.147936,4.077138,1.0,3,3,1.0,2,2,1.0
2458031,val,a42_43,3.9396338,4.886779,1.0,3,3,1.0,2,6,1.0
2461004,val,a42_43,0.44945598,2.196764,1.0,2,2,1.0,2,2,1.0
2461030,val,a42_43,3.5242774,4.353723,1.0,3,3,1.0,2,2,1.0
2473004,val,a42_43,3.3879395,3.2980824,1.0,3,3,1.0,2,2,1.0
2483030,val,a42_43,2.9811764,0.0,1.0,3,2,1.0,2,4,1.0
2503030,val,a42_43,3.7371988,3.295633,1.0,3,3,1.0,6,6,1.0
2510005,val,a42_43,3.4287884,3.307799,1.0,3,3,1.0,2,2,1.0
2525003,val,a42_43,3.4050636,4.886779,1.0,3,3,1.0,2,2,1.0
2529030,val,a42_43,3.398504,0.0,1.0,3,2,1.0,2,4,1.0
2529174,val,a42_43,3.3356667,1.8595463,1.0,3,3,1.0,2,2,1.0
2530003,val,a42_43,2.4172933,0.0,1.0,3,2,1.0,2,2,1.0
2530004,val,a42_43,3.099887,3.4409633,1.0,3,3,1.0,2,2,1.0
2569033,val,a42_43,3.0656848,3.469144,1.0,3,3,1.0,6,2,1.0
2601006,val,a42_43,3.568572,4.845492,1.0,3,3,1.0,6,2,1.0
2608006,val,a42_43,3.3146462,2.9372149,1.0,3,3,1.0,2,2,1.0
2615034,val,a42_43,3.4037166,3.4548087,1.0,3,3,1.0,2,2,1.0
2639004,val,a42_43,0.50360394,2.589703,1.0,2,3,1.0,2,4,1.0
2665177,val,a42_43,2.5710008,0.0,1.0,3,2,1.0,6,2,1.0
2672006,val,a42_43,3.5779152,4.276182,1.0,3,3,1.0,6,2,1.0
2672171,val,a42_43,2.7840796,4.019886,1.0,3,3,1.0,2,4,1.0
2697003,val,a42_43,3.6385202,3.3189862,1.0,3,3,1.0,2,2,1.0
2704031,val,a42_43,3.3694375,3.6725805,1.0,3,3,1.0,6,4,1.0
2705030,val,a42_43,3.4186177,4.6246047,1.0,3,3,1.0,2,4,1.0
2707007,val,a42_43,3.0935466,0.0,1.0,3,3,1.0,2,2,1.0
2712172,val,a42_43,2.8538978,3.1996279,1.0,3,3,1.0,2,2,1.0
2731003,val,a42_43,3.1031895,3.6003644,1.0,3,3,1.0,6,6,1.0
2731005,val,a42_43,3.6554935,4.716656,1.0,3,3,1.0,6,6,1.0
2770031,val,a42_43,3.355137,2.2437658,1.0,3,3,1.0,2,2,1.0
2816004,val,a42_43,2.4587374,3.2776077,1.0,3,3,1.0,2,2,1.0
2910002,val,a42_43,3.094926,1.7300621,1.0,3,3,1.0,2,2,1.0
3062001,val,a42_43,3.47388,2.110738,1.0,3,3,1.0,2,2,1.0
3235002,val,a42_43,3.117931,3.3702624,1.0,3,3,1.0,2,3,1.0
3306001,val,a42_43,3.56844,4.886779,1.0,3,3,1.0,2,3,1.0
5015030,val,a42_43,2.7989736,0.0,1.0,3,2,1.0,2,2,1.0
5048030,val,a42_43,3.0672174,2.967192,1.0,3,3,1.0,6,6,1.0
5052033,val,a42_43,2.9209554,3.1251361,1.0,3,3,1.0,6,6,1.0
5057008,val,a42_43,0.346179,3.3570445,1.0,2,3,1.0,6,6,1.0
5170009,val,a42_43,3.259833,3.9032092,1.0,3,3,1.0,2,2,1.0
5230008,val,a42_43,3.188705,4.158148,1.0,3,3,1.0,2,3,1.0
5299010,val,a42_43,3.0468311,0.0,1.0,3,2,1.0,6,6,1.0
5336179,val,a42_43,3.3895414,3.3871381,1.0,3,3,1.0,2,2,1.0
5364005,val,a42_43,2.9904056,4.009967,1.0,3,3,1.0,2,3,1.0
5379004,val,a42_43,3.5161383,4.766838,1.0,3,3,1.0,4,4,1.0
5430173,val,a42_43,3.2445538,1.5333589,1.0,3,3,1.0,6,6,1.0
5488006,val,a42_43,3.313825,3.8038778,1.0,3,3,1.0,6,6,1.0
5493007,val,a42_43,0.44707465,0.0,1.0,2,2,1.0,3,5,1.0
5537009,val,a42_43,2.8116057,3.0807095,1.0,3,3,1.0,2,2,1.0
5537177,val,a42_43,0.69526243,1.6738045,1.0,2,2,1.0,2,2,1.0
5537183,val,a42_43,3.458558,3.7742858,1.0,3,3,1.0,2,2,1.0
5569010,val,a42_43,2.8833117,3.3445346,1.0,3,3,1.0,2,2,1.0
5600005,val,a42_43,2.3913631,0.0,1.0,3,2,1.0,6,2,1.0
5615183,val,a42_43,3.3130064,3.8142254,1.0,3,3,1.0,2,2,1.0
5749006,val,a42_43,2.575861,0.0,1.0,3,2,1.0,4,2,1.0
5822175,val,a42_43,3.2886708,0.0,0.0,3,-1,0.0,2,-1,0.0
5832003,val,a42_43,3.2124553,1.6818666,1.0,3,2,1.0,6,6,1.0
5872005,val,a42_43,0.3996036,0.0,1.0,2,2,1.0,6,6,1.0
5898005,val,a42_43,2.7067208,3.3248508,1.0,3,3,1.0,6,2,1.0
5904033,val,a42_43,3.1297183,3.5165677,1.0,3,3,1.0,2,4,1.0
5987188,val,a42_43,3.2023468,3.0930045,1.0,3,3,1.0,2,2,1.0
6026005,val,a42_43,3.5548222,4.0232816,1.0,3,3,1.0,6,2,1.0
6026172,val,a42_43,3.4431992,4.4520135,1.0,3,3,1.0,6,4,1.0
6054031,val,a42_43,3.7442877,0.0,1.0,3,2,1.0,6,6,1.0
6121033,val,a42_43,0.5782963,0.0,0.0,2,-1,0.0,6,-1,0.0
6156008,val,a42_43,3.3438601,4.542774,1.0,3,3,1.0,6,6,1.0
6157003,val,a42_43,2.78662,3.3940077,1.0,3,3,1.0,2,4,1.0
6210183,val,a42_43,3.235591,3.3445346,1.0,3,3,1.0,6,2,1.0
6262030,val,a42_43,3.5113678,4.125177,1.0,3,3,1.0,2,2,1.0
6368007,val,a42_43,2.8520677,0.0,1.0,3,2,1.0,6,6,1.0
6381181,val,a42_43,3.3557105,4.0755825,1.0,3,3,1.0,6,2,1.0
6396003,val,a42_43,2.6823678,0.0,1.0,3,2,1.0,4,4,1.0
6431008,val,a42_43,3.229033,4.776755,1.0,3,3,1.0,2,2,1.0
6475170,val,a42_43,2.7779222,3.0592763,1.0,3,3,1.0,6,6,1.0
6522004,val,a42_43,2.7967186,2.1584442,1.0,3,3,1.0,6,4,1.0
6537032,val,a42_43,2.9567873,2.9880683,1.0,3,3,1.0,2,2,1.0
6541178,val,a42_43,3.274367,4.145609,1.0,3,3,1.0,2,2,1.0
6545006,val,a42_43,2.2670777,2.389911,1.0,3,3,1.0,2,4,1.0
6547171,val,a42_43,3.00893,2.5756848,1.0,3,3,1.0,2,2,1.0
6571031,val,a42_43,3.2828395,3.8278039,1.0,3,3,1.0,2,3,1.0
6590008,val,a42_43,3.0221965,3.2681394,1.0,3,3,1.0,2,2,1.0
6616007,val,a42_43,2.8837037,1.9724138,1.0,3,2,1.0,2,2,1.0
6649003,val,a42_43,2.5444684,3.4457722,1.0,3,3,1.0,6,2,1.0
6710030,val,a42_43,0.39635658,3.0664406,1.0,2,2,1.0,6,6,1.0
6745007,val,a42_43,3.1758728,3.2379806,1.0,3,3,1.0,6,6,1.0
6750005,val,a42_43,2.9498892,3.9043536,1.0,3,3,1.0,2,4,1.0
6765006,val,a42_43,0.4787531,3.0149915,1.0,2,3,1.0,2,2,1.0
6822176,val,a42_43,3.2248755,3.337991,1.0,3,3,1.0,2,4,1.0
4007,val,a44_45,3.182364,4.058416,1.0,3,3,1.0,2,4,1.0
6174,val,a44_45,3.5838943,4.491118,1.0,3,3,1.0,2,2,1.0
14004,val,a44_45,3.5366542,0.0,1.0,3,2,1.0,2,2,1.0
14172,val,a44_45,0.5808699,3.481501,1.0,2,3,1.0,2,2,1.0
14173,val,a44_45,3.493823,3.718973,1.0,3,3,1.0,2,2,1.0
18031,val,a44_45,0.5093286,3.5790346,1.0,2,3,1.0,2,5,1.0
18185,val,a44_45,2.5545998,1.3926231,1.0,3,3,1.0,2,4,1.0
23031,val,a44_45,3.5698512,0.0,1.0,3,2,1.0,6,2,1.0
40173,val,a44_45,3.559906,0.0,0.0,3,-1,0.0,2,-1,0.0
51171,val,a44_45,3.5400524,3.9082706,1.0,3,3,1.0,2,2,1.0
84005,val,a44_45,3.6535711,4.022493,1.0,3,3,1.0,6,6,1.0
121173,val,a44_45,3.3427975,3.0124674,1.0,3,3,1.0,2,2,1.0
128004,val,a44_45,3.5671728,3.9815128,1.0,3,3,1.0,2,2,1.0
145170,val,a44_45,3.4227517,3.937253,1.0,3,3,1.0,2,2,1.0
161004,val,a44_45,3.6917806,3.0668867,1.0,3,3,1.0,6,4,1.0
172031,val,a44_45,3.4734838,3.4983218,1.0,3,3,1.0,2,2,1.0
174175,val,a44_45,2.7070396,4.886779,1.0,3,3,1.0,2,2,1.0
221031,val,a44_45,3.6761723,3.8177946,1.0,3,3,1.0,2,2,1.0
223030,val,a44_45,3.690878,3.5600863,1.0,3,3,1.0,2,2,1.0
227003,val,a44_45,3.8543446,3.9815128,1.0,3,3,1.0,6,2,1.0
257175,val,a44_45,3.1816297,0.48750186,1.0,3,3,1.0,2,2,1.0
263182,val,a44_45,3.5138483,3.4627783,1.0,3,3,1.0,2,2,1.0
321005,val,a44_45,2.5431194,2.99307,1.0,3,3,1.0,2,2,1.0
361175,val,a44_45,3.2637022,2.3818378,1.0,3,2,1.0,4,2,1.0
377170,val,a44_45,3.6287627,4.2520056,1.0,3,3,1.0,2,2,1.0
450030,val,a44_45,3.813002,3.9245687,1.0,3,3,1.0,6,6,1.0
465030,val,a44_45,2.851745,3.8660583,1.0,3,3,1.0,4,2,1.0
478030,val,a44_45,3.0660758,3.486668,1.0,3,2,1.0,4,3,1.0
503031,val,a44_45,3.480898,4.7228627,1.0,3,3,1.0,4,4,1.0
514172,val,a44_45,3.6028848,4.4358616,1.0,3,3,1.0,2,2,1.0
534030,val,a44_45,3.366444,3.402656,1.0,3,3,1.0,2,2,1.0
534171,val,a44_45,3.5798614,3.9701915,1.0,3,3,1.0,2,2,1.0
544170,val,a44_45,2.9801025,0.0,0.0,3,-1,0.0,2,-1,0.0
563193,val,a44_45,3.517664,0.0,1.0,3,2,1.0,2,2,1.0
577174,val,a44_45,3.477289,3.3248508,1.0,3,3,1.0,2,2,1.0
613006,val,a44_45,3.5969799,2.8015413,1.0,3,2,1.0,2,2,1.0
618170,val,a44_45,3.7257648,4.628189,1.0,3,3,1.0,2,2,1.0
631030,val,a44_45,3.4210167,4.1159654,1.0,3,3,1.0,2,4,1.0
633031,val,a44_45,3.2929668,3.6920335,1.0,3,3,1.0,4,2,1.0
652173,val,a44_45,3.375196,3.671648,1.0,3,3,1.0,2,2,1.0
655172,val,a44_45,3.3670268,4.415885,1.0,3,3,1.0,2,2,1.0
656005,val,a44_45,3.2071981,1.9453716,1.0,3,3,1.0,2,2,1.0
691171,val,a44_45,2.9486122,2.8106601,1.0,3,3,1.0,2,4,1.0
738172,val,a44_45,3.0227025,4.459952,1.0,3,3,1.0,2,2,1.0
751030,val,a44_45,2.8358855,2.66215,1.0,3,3,1.0,2,4,1.0
762170,val,a44_45,3.6778586,4.343294,1.0,3,3,1.0,2,2,1.0
783171,val,a44_45,3.2316217,3.6628857,1.0,3,3,1.0,2,2,1.0
863007,val,a44_45,3.038217,3.2183783,1.0,3,3,1.0,2,3,1.0
893170,val,a44_45,3.1312854,0.0,1.0,3,2,1.0,2,2,1.0
894031,val,a44_45,3.2841437,3.4421458,1.0,3,3,1.0,2,2,1.0
898181,val,a44_45,3.2346268,1.5825812,1.0,3,3,1.0,2,2,1.0
899003,val,a44_45,3.6604326,3.4738846,1.0,3,3,1.0,4,2,1.0
916032,val,a44_45,3.1266487,3.7278583,1.0,3,3,1.0,6,2,1.0
922005,val,a44_45,3.670761,2.9191911,1.0,3,3,1.0,2,2,1.0
931172,val,a44_45,3.4891787,3.1937861,1.0,3,3,1.0,2,2,1.0
939032,val,a44_45,4.0265174,4.886779,1.0,3,3,1.0,2,2,1.0
958030,val,a44_45,3.3950567,3.161957,1.0,3,3,1.0,2,2,1.0
958173,val,a44_45,3.1131377,3.2852573,1.0,3,3,1.0,2,2,1.0
961005,val,a44_45,3.334811,3.5486436,1.0,3,3,1.0,4,2,1.0
961030,val,a44_45,3.3021224,3.8178444,1.0,3,3,1.0,6,2,1.0
961175,val,a44_45,3.4813628,3.8142254,1.0,3,3,1.0,2,2,1.0
1051183,val,a44_45,3.6306076,3.8177946,1.0,3,3,1.0,2,2,1.0
1084005,val,a44_45,3.2041662,2.9441254,1.0,3,2,1.0,2,2,1.0
1089003,val,a44_45,3.2642026,3.3568435,1.0,3,3,1.0,2,2,1.0
1093003,val,a44_45,2.5114398,0.0,1.0,3,2,1.0,2,2,1.0
1107173,val,a44_45,2.626432,0.0,1.0,3,2,1.0,2,4,1.0
1109174,val,a44_45,2.7037618,2.7272375,1.0,3,3,1.0,2,2,1.0
1121030,val,a44_45,3.459122,3.958687,1.0,3,3,1.0,2,2,1.0
1121175,val,a44_45,2.6002233,0.0,1.0,3,2,1.0,2,2,1.0
1125172,val,a44_45,3.077018,2.6219666,1.0,3,3,1.0,2,2,1.0
1126030,val,a44_45,3.1763663,0.6136192,1.0,3,2,1.0,2,2,1.0
1126176,val,a44_45,2.7554884,0.0,0.0,3,-1,0.0,2,-1,0.0
1152180,val,a44_45,3.3583102,3.4450095,1.0,3,3,1.0,2,2,1.0
1164004,val,a44_45,3.5652518,3.8595586,1.0,3,3,1.0,2,2,1.0
1184032,val,a44_45,3.5875468,3.948575,1.0,3,3,1.0,2,2,1.0
1184033,val,a44_45,3.1774712,2.7982898,1.0,3,3,1.0,6,4,1.0
1185003,val,a44_45,3.4421902,0.0,1.0,3,2,1.0,2,2,1.0
1222004,val,a44_45,2.8967412,3.388434,1.0,3,3,1.0,2,2,1.0
1222006,val,a44_45,3.533109,2.0481088,1.0,3,3,1.0,2,2,1.0
1284170,val,a44_45,3.3204346,0.0,1.0,3,2,1.0,2,2,1.0
1292004,val,a44_45,2.871981,1.4956659,1.0,3,2,1.0,2,4,1.0
1314172,val,a44_45,3.5543194,3.7518084,1.0,3,3,1.0,2,2,1.0
1332005,val,a44_45,3.853201,4.2493205,1.0,3,3,1.0,2,3,1.0
1335010,val,a44_45,3.3096943,3.4333792,1.0,3,3,1.0,2,2,1.0
1338003,val,a44_45,3.5644479,3.4137402,1.0,3,3,1.0,6,2,1.0
1345006,val,a44_45,3.0089674,2.9125555,1.0,3,3,1.0,2,2,1.0
1345007,val,a44_45,3.4121547,3.8308244,1.0,3,3,1.0,6,2,1.0
1346030,val,a44_45,3.555381,0.0,0.0,3,-1,0.0,6,-1,0.0
1391033,val,a44_45,3.8067155,4.3236156,1.0,3,3,1.0,6,4,1.0
1391175,val,a44_45,0.4827001,3.4613209,1.0,2,3,1.0,2,4,1.0
1394033,val,a44_45,0.83173716,0.0,1.0,2,2,1.0,4,4,1.0
1397005,val,a44_45,3.584901,4.0859733,1.0,3,3,1.0,2,2,1.0
1397172,val,a44_45,2.7377594,3.100371,1.0,3,3,1.0,2,2,1.0
1426004,val,a44_45,2.2872093,3.223611,1.0,3,3,1.0,6,6,1.0
1434032,val,a44_45,3.0015247,2.1239266,1.0,3,3,1.0,2,2,1.0
1434170,val,a44_45,3.3631873,3.4116857,1.0,3,3,1.0,2,2,1.0
1435005,val,a44_45,3.973568,4.3006,1.0,3,3,1.0,2,2,1.0
1485171,val,a44_45,3.5345254,3.121372,1.0,3,3,1.0,2,2,1.0
1520031,val,a44_45,3.580316,3.9939451,1.0,3,2,1.0,4,2,1.0
1540005,val,a44_45,4.125067,2.9066825,1.0,3,3,1.0,6,2,1.0
1559003,val,a44_45,3.8564806,4.886779,1.0,3,3,1.0,2,2,1.0
1559170,val,a44_45,3.4079857,2.2020712,1.0,3,3,1.0,2,2,1.0
1565180,val,a44_45,3.2798529,4.1940236,1.0,3,3,1.0,2,2,1.0
1579030,val,a44_45,3.6125407,3.1251361,1.0,3,3,1.0,2,3,1.0
1613007,val,a44_45,3.284597,2.5992112,1.0,3,3,1.0,2,2,1.0
1621171,val,a44_45,3.652532,4.706708,1.0,3,3,1.0,2,2,1.0
1644004,val,a44_45,3.19556,3.1415145,1.0,3,3,1.0,2,2,1.0
1652031,val,a44_45,3.141988,3.4925067,1.0,3,3,1.0,2,2,1.0
1682032,val,a44_45,3.6910162,3.9247546,1.0,3,3,1.0,6,2,1.0
1684173,val,a44_45,3.4013054,3.1698432,1.0,3,3,1.0,2,2,1.0
1687003,val,a44_45,3.4021864,3.295199,1.0,3,3,1.0,2,2,1.0
1690170,val,a44_45,2.645964,3.8913128,1.0,3,3,1.0,2,2,1.0
1692030,val,a44_45,0.40122867,0.0,1.0,2,2,1.0,2,2,1.0
1695034,val,a44_45,3.247315,3.8376126,1.0,3,3,1.0,2,2,1.0
1701004,val,a44_45,3.0128794,4.343721,1.0,3,3,1.0,2,2,1.0
1721030,val,a44_45,3.508314,2.8269699,1.0,3,2,1.0,4,2,1.0
1723005,val,a44_45,0.47288656,2.372633,1.0,2,3,1.0,2,2,1.0
1762030,val,a44_45,2.964558,0.67576194,1.0,3,2,1.0,2,4,1.0
1762031,val,a44_45,3.5199647,3.8211,1.0,3,3,1.0,2,2,1.0
1762032,val,a44_45,2.4845946,2.5097702,1.0,3,3,1.0,2,4,1.0
1774170,val,a44_45,3.3659112,0.0,1.0,3,2,1.0,2,2,1.0
1774171,val,a44_45,3.3752043,3.608866,1.0,3,3,1.0,2,2,1.0
1784171,val,a44_45,3.653452,4.0109563,1.0,3,3,1.0,2,2,1.0
1786191,val,a44_45,3.610614,3.9470103,1.0,3,3,1.0,2,2,1.0
1787005,val,a44_45,3.525692,3.7915301,1.0,3,3,1.0,2,2,1.0
1787174,val,a44_45,3.1021209,0.0,0.0,3,-1,0.0,2,-1,0.0
1802003,val,a44_45,3.180912,3.7913468,1.0,3,2,1.0,2,4,1.0
1845170,val,a44_45,3.6757755,3.5111582,1.0,3,3,1.0,2,2,1.0
1862171,val,a44_45,3.3143206,3.5587387,1.0,3,3,1.0,2,2,1.0
1898004,val,a44_45,3.3858964,4.41717,1.0,3,3,1.0,6,6,1.0
1911030,val,a44_45,2.3764262,0.0,1.0,3,2,1.0,2,2,1.0
1914003,val,a44_45,2.348585,3.0497952,1.0,3,3,1.0,2,2,1.0
1919007,val,a44_45,3.8270473,4.4151845,1.0,3,3,1.0,2,4,1.0
1954003,val,a44_45,3.4921703,3.7009902,1.0,3,2,1.0,2,4,1.0
1959005,val,a44_45,3.8539872,4.886779,1.0,3,3,1.0,6,2,1.0
1964031,val,a44_45,2.772777,0.0,1.0,3,2,1.0,2,4,1.0
1972173,val,a44_45,2.4461138,2.7334437,1.0,3,3,1.0,2,3,1.0
1978030,val,a44_45,3.323689,3.4785342,1.0,3,3,1.0,2,2,1.0
2005030,val,a44_45,3.3864765,3.2576559,1.0,3,3,1.0,6,4,1.0
2011174,val,a44_45,3.4596672,3.363831,1.0,3,3,1.0,4,2,1.0
2023030,val,a44_45,3.7536283,4.886779,1.0,3,3,1.0,6,6,1.0
2028030,val,a44_45,3.6104376,4.886779,1.0,3,3,1.0,4,4,1.0
2055003,val,a44_45,3.1179156,3.6527476,1.0,3,3,1.0,2,2,1.0
2067005,val,a44_45,3.7018256,4.55367,1.0,3,3,1.0,2,2,1.0
2080170,val,a44_45,2.624876,2.564471,1.0,3,3,1.0,2,2,1.0
2106171,val,a44_45,0.5549166,0.0,1.0,2,2,1.0,2,2,1.0
2109002,val,a44_45,3.4208307,4.4351645,1.0,3,3,1.0,2,2,1.0
2129186,val,a44_45,3.4380412,3.486668,1.0,3,3,1.0,2,2,1.0
2181007,val,a44_45,0.42813158,2.0622702,1.0,2,3,1.0,6,6,1.0
2181030,val,a44_45,3.291969,3.9479043,1.0,3,3,1.0,4,2,1.0
2243174,val,a44_45,3.3545132,3.3215134,1.0,3,3,1.0,2,2,1.0
2260173,val,a44_45,2.8882308,3.094222,1.0,3,2,1.0,2,2,1.0
2261030,val,a44_45,3.1473486,3.2630742,1.0,3,3,1.0,2,2,1.0
2271171,val,a44_45,2.8300238,3.6277134,1.0,3,3,1.0,2,2,1.0
2282005,val,a44_45,3.4802723,2.2020712,1.0,3,3,1.0,4,6,1.0
2302195,val,a44_45,0.49153566,0.0,1.0,2,2,1.0,2,6,1.0
2334031,val,a44_45,3.4966488,4.167855,1.0,3,3,1.0,2,2,1.0
2341172,val,a44_45,3.0603213,3.5905602,1.0,3,3,1.0,2,2,1.0
2354175,val,a44_45,3.7026184,3.4766757,1.0,3,3,1.0,6,2,1.0
2355004,val,a44_45,2.685959,3.8594756,1.0,3,3,1.0,4,2,1.0
2391030,val,a44_45,3.633162,3.7593637,1.0,3,3,1.0,2,2,1.0
2397173,val,a44_45,2.5476403,3.5917382,1.0,3,3,1.0,2,3,1.0
2408170,val,a44_45,3.3341174,2.8284745,1.0,3,3,1.0,6,4,1.0
2425003,val,a44_45,3.3101954,0.0,1.0,3,2,1.0,2,2,1.0
2432030,val,a44_45,0.7174128,2.2314599,1.0,2,3,1.0,4,4,1.0
2435172,val,a44_45,2.821575,0.0,1.0,3,2,1.0,2,2,1.0
2436174,val,a44_45,0.46743083,0.0,1.0,2,2,1.0,2,4,1.0
2436176,val,a44_45,2.6760077,3.174653,1.0,3,3,1.0,2,2,1.0
2441003,val,a44_45,2.2802148,3.9449332,1.0,3,3,1.0,2,2,1.0
2441173,val,a44_45,3.1901145,4.1105485,1.0,3,3,1.0,2,2,1.0
2458031,val,a44_45,3.968826,4.886779,1.0,3,3,1.0,2,6,1.0
2461004,val,a44_45,0.45427465,0.0,1.0,2,2,1.0,2,2,1.0
2461030,val,a44_45,3.5688605,4.886779,1.0,3,3,1.0,2,2,1.0
2473004,val,a44_45,3.4159732,4.1026144,1.0,3,3,1.0,2,2,1.0
2483030,val,a44_45,3.0191166,0.0,1.0,3,3,1.0,2,4,1.0
2503030,val,a44_45,3.7969854,3.3104484,1.0,3,3,1.0,6,2,1.0
2510005,val,a44_45,3.467874,3.3073823,1.0,3,3,1.0,2,2,1.0
2525003,val,a44_45,3.4557583,4.886779,1.0,3,3,1.0,2,2,1.0
2529030,val,a44_45,3.4373045,0.0,1.0,3,2,1.0,2,4,1.0
2529174,val,a44_45,3.360343,4.0926714,1.0,3,3,1.0,2,2,1.0
2530003,val,a44_45,2.4763904,0.0,1.0,3,2,1.0,2,2,1.0
2530004,val,a44_45,3.130932,3.6657484,1.0,3,3,1.0,2,2,1.0
2569033,val,a44_45,3.1316457,3.3814466,1.0,3,3,1.0,6,2,1.0
2601006,val,a44_45,3.63833,0.0,1.0,3,2,1.0,6,2,1.0
2608006,val,a44_45,3.34814,2.8357437,1.0,3,3,1.0,2,2,1.0
2615034,val,a44_45,3.4318268,3.5372634,1.0,3,3,1.0,2,2,1.0
2639004,val,a44_45,0.50729847,0.0,0.0,2,-1,0.0,2,-1,0.0
2665177,val,a44_45,2.6716552,0.0,1.0,3,2,1.0,6,2,1.0
2672006,val,a44_45,3.6344554,4.573825,1.0,3,3,1.0,6,5,1.0
2672171,val,a44_45,2.8387475,3.6641996,1.0,3,3,1.0,2,4,1.0
2697003,val,a44_45,3.6748004,3.3045707,1.0,3,3,1.0,2,2,1.0
2704031,val,a44_45,3.4358866,3.7778184,1.0,3,3,1.0,6,4,1.0
2705030,val,a44_45,3.4504623,4.633699,1.0,3,3,1.0,2,4,1.0
2707007,val,a44_45,3.1341283,2.4932044,1.0,3,3,1.0,2,2,1.0
2712172,val,a44_45,2.8987634,3.188211,1.0,3,3,1.0,2,2,1.0
2731003,val,a44_45,3.15415,3.858834,1.0,3,3,1.0,6,6,1.0
2731005,val,a44_45,3.704813,4.6893663,1.0,3,3,1.0,6,6,1.0
2770031,val,a44_45,3.3836927,2.47013,1.0,3,3,1.0,2,2,1.0
2816004,val,a44_45,2.532261,3.3207881,1.0,3,3,1.0,2,2,1.0
2910002,val,a44_45,3.1198626,3.7874484,1.0,3,3,1.0,2,2,1.0
3062001,val,a44_45,3.5024981,2.2482457,1.0,3,3,1.0,2,3,1.0
3235002,val,a44_45,3.1493638,3.4900744,1.0,3,3,1.0,2,4,1.0
3306001,val,a44_45,3.5912735,4.886779,1.0,3,3,1.0,2,4,1.0
5015030,val,a44_45,2.8570406,0.0,1.0,3,2,1.0,2,2,1.0
5048030,val,a44_45,3.1294925,3.156508,1.0,3,3,1.0,6,6,1.0
5052033,val,a44_45,2.9864104,2.6440241,1.0,3,3,1.0,6,6,1.0
5057008,val,a44_45,0.33514714,3.627258,1.0,2,3,1.0,6,6,1.0
5170009,val,a44_45,3.2779398,4.047763,1.0,3,3,1.0,2,2,1.0
5230008,val,a44_45,3.2132933,4.175959,1.0,3,3,1.0,2,3,1.0
5299010,val,a44_45,3.1184893,0.0,1.0,3,2,1.0,6,6,1.0
5336179,val,a44_45,3.425009,3.3914385,1.0,3,3,1.0,2,2,1.0
5364005,val,a44_45,3.0247824,3.7940028,1.0,3,3,1.0,2,2,1.0
5379004,val,a44_45,3.557201,4.5817747,1.0,3,3,1.0,4,4,1.0
5430173,val,a44_45,3.320312,1.9704351,1.0,3,3,1.0,6,6,1.0
5488006,val,a44_45,3.3671017,3.982054,1.0,3,3,1.0,6,6,1.0
5493007,val,a44_45,0.44404054,0.0,1.0,2,2,1.0,3,5,1.0
5537009,val,a44_45,2.8534584,2.8186514,1.0,3,3,1.0,2,2,1.0
5537177,val,a44_45,0.68849385,1.8782891,1.0,2,2,1.0,2,2,1.0
5537183,val,a44_45,3.4857626,4.192416,1.0,3,3,1.0,2,2,1.0
5569010,val,a44_45,2.914504,1.5302846,1.0,3,3,1.0,2,2,1.0
5600005,val,a44_45,2.4920099,0.0,1.0,3,2,1.0,6,2,1.0
5615183,val,a44_45,3.352503,3.0865474,1.0,3,3,1.0,2,2,1.0
5749006,val,a44_45,2.650449,1.0628753,1.0,3,3,1.0,4,2,1.0
5822175,val,a44_45,3.3277683,3.553619,1.0,3,3,1.0,2,2,1.0
5832003,val,a44_45,3.2764935,3.2903967,1.0,3,2,1.0,6,6,1.0
5872005,val,a44_45,0.38953662,0.0,1.0,2,2,1.0,6,6,1.0
5898005,val,a44_45,2.7908015,3.433667,1.0,3,3,1.0,6,2,1.0
5904033,val,a44_45,3.165955,3.4421458,1.0,3,3,1.0,2,4,1.0
5987188,val,a44_45,3.2296257,3.0497952,1.0,3,3,1.0,2,2,1.0
6026005,val,a44_45,3.623994,3.9234436,1.0,3,2,1.0,6,2,1.0
6026172,val,a44_45,3.502834,4.6887918,1.0,3,3,1.0,6,4,1.0
6054031,val,a44_45,3.8041973,0.0,1.0,3,2,1.0,6,6,1.0
6121033,val,a44_45,0.54812264,0.0,1.0,2,2,1.0,6,6,1.0
6156008,val,a44_45,3.3920808,3.9220536,1.0,3,3,1.0,6,6,1.0
6157003,val,a44_45,2.8344631,3.3523545,1.0,3,3,1.0,2,4,1.0
6210183,val,a44_45,3.3154676,3.3465555,1.0,3,3,1.0,6,2,1.0
6262030,val,a44_45,3.5442047,4.0141034,1.0,3,3,1.0,2,2,1.0
6368007,val,a44_45,2.9458947,0.0,1.0,3,2,1.0,6,6,1.0
6381181,val,a44_45,3.4081657,4.2348075,1.0,3,3,1.0,6,2,1.0
6396003,val,a44_45,2.7534244,0.0,1.0,3,2,1.0,4,4,1.0
6431008,val,a44_45,3.263908,4.2303786,1.0,3,3,1.0,2,2,1.0
6475170,val,a44_45,2.8520865,3.4794178,1.0,3,3,1.0,6,6,1.0
6522004,val,a44_45,2.8940613,1.8124303,1.0,3,3,1.0,6,4,1.0
6537032,val,a44_45,2.9978483,3.8368883,1.0,3,3,1.0,2,2,1.0
6541178,val,a44_45,3.2958088,4.2320933,1.0,3,3,1.0,2,3,1.0
6545006,val,a44_45,2.3290446,3.1106615,1.0,3,3,1.0,2,4,1.0
6547171,val,a44_45,3.0437875,1.8387105,1.0,3,3,1.0,2,2,1.0
6571031,val,a44_45,3.3200266,0.0,1.0,3,2,1.0,2,2,1.0
6590008,val,a44_45,3.0609555,3.5488956,1.0,3,3,1.0,2,2,1.0
6616007,val,a44_45,2.9186726,3.2707531,1.0,3,3,1.0,2,4,1.0
6649003,val,a44_45,2.6271594,3.4194636,1.0,3,3,1.0,6,2,1.0
6710030,val,a44_45,0.38320255,3.5064607,1.0,2,3,1.0,6,6,1.0
6745007,val,a44_45,3.244134,2.6745934,1.0,3,3,1.0,6,6,1.0
6750005,val,a44_45,2.9927497,3.3510303,1.0,3,3,1.0,2,4,1.0
6765006,val,a44_45,0.47801876,3.0664406,1.0,2,3,1.0,2,2,1.0
6822176,val,a44_45,3.2500353,3.3265107,1.0,3,3,1.0,2,4,1.0
6828003,val,a30_31,0.6311197,0.00086969405,1.0,2,3,1.0,2,2,1.0
6872003,val,a30_31,2.7361298,3.403978,1.0,3,3,1.0,6,2,1.0
6828003,val,a32_33,0.5988364,0.0,1.0,2,2,1.0,2,2,1.0
6872003,val,a32_33,2.8461561,3.5754573,1.0,3,3,1.0,6,2,1.0
6828003,val,a34_35,0.5772935,2.461633,1.0,2,3,1.0,2,2,1.0
6872003,val,a34_35,2.9344044,3.5162253,1.0,3,3,1.0,6,2,1.0
6828003,val,a36_37,0.5790974,0.0,1.0,2,2,1.0,2,2,1.0
6872003,val,a36_37,3.041361,3.5643752,1.0,3,3,1.0,6,2,1.0
6828003,val,a38_39,0.54634285,0.0,1.0,2,3,1.0,2,2,1.0
6872003,val,a38_39,3.1337464,3.3542435,1.0,3,3,1.0,6,2,1.0
6828003,val,a40_41,0.5136261,0.29730862,1.0,2,2,1.0,2,2,1.0
6872003,val,a40_41,3.2104163,3.611991,1.0,3,3,1.0,6,2,1.0
6828003,val,a42_43,0.48868632,0.0,1.0,2,2,1.0,2,2,1.0
6872003,val,a42_43,3.2709508,3.393006,1.0,3,3,1.0,6,2,1.0
6828003,val,a44_45,0.48977137,0.0,1.0,2,2,1.0,2,2,1.0
6872003,val,a44_45,3.3411858,3.4513288,1.0,3,3,1.0,6,2,1.0
6030,test,a30_31,3.6999304,4.0443435,1.0,3,3,1.0,2,2,1.0
10030,test,a30_31,3.4665194,4.8131404,1.0,3,3,1.0,6,6,1.0
41008,test,a30_31,2.4847379,0.0,1.0,3,2,1.0,2,2,1.0
68003,test,a30_31,3.4133725,3.6228404,1.0,3,3,1.0,2,2,1.0
127030,test,a30_31,3.4325106,3.8933127,1.0,3,3,1.0,6,6,1.0
127031,test,a30_31,3.4968889,4.455336,1.0,3,3,1.0,6,6,1.0
129031,test,a30_31,0.5634004,1.159328,1.0,2,3,1.0,6,4,1.0
129196,test,a30_31,2.7526193,2.0602975,1.0,3,2,1.0,2,2,1.0
165030,test,a30_31,3.4191747,3.431768,1.0,3,3,1.0,6,2,1.0
284004,test,a30_31,3.9909127,4.6835566,1.0,3,3,1.0,2,2,1.0
301032,test,a30_31,3.7448006,3.5725698,1.0,3,3,1.0,6,6,1.0
327003,test,a30_31,3.4669476,3.4121542,1.0,3,3,1.0,2,2,1.0
327171,test,a30_31,3.5137622,3.8332024,1.0,3,2,1.0,2,2,1.0
327172,test,a30_31,2.8418558,3.2615511,1.0,3,3,1.0,2,2,1.0
331005,test,a30_31,3.8347063,4.5540724,1.0,3,3,1.0,6,6,1.0
344178,test,a30_31,3.0902922,3.154086,1.0,3,3,1.0,2,2,1.0
461030,test,a30_31,3.6326447,3.7856972,1.0,3,3,1.0,2,2,1.0
486004,test,a30_31,3.4756954,3.5620697,1.0,3,3,1.0,2,2,1.0
563183,test,a30_31,0.5968976,2.9157038,1.0,2,3,1.0,2,2,1.0
577004,test,a30_31,2.687243,2.3891363,1.0,3,3,1.0,2,2,1.0
607030,test,a30_31,3.7264972,3.7182508,1.0,3,3,1.0,2,2,1.0
613173,test,a30_31,3.6340418,4.11935,1.0,3,3,1.0,2,2,1.0
634008,test,a30_31,3.4946501,3.9311678,1.0,3,3,1.0,4,4,1.0
652005,test,a30_31,3.2203383,3.0010586,1.0,3,3,1.0,2,2,1.0
672003,test,a30_31,0.5125644,0.0,1.0,2,2,1.0,2,2,1.0
691175,test,a30_31,3.5874848,3.7946298,1.0,3,3,1.0,2,2,1.0
699031,test,a30_31,1.4222244,3.1676114,1.0,3,3,1.0,6,6,1.0
722178,test,a30_31,0.8239248,0.0,1.0,2,2,1.0,2,2,1.0
771003,test,a30_31,3.2747803,3.0751624,1.0,3,3,1.0,4,4,1.0
775005,test,a30_31,3.074573,0.0,0.0,3,-1,0.0,6,-1,0.0
796006,test,a30_31,3.6221128,3.7020767,1.0,3,3,1.0,6,6,1.0
844003,test,a30_31,2.68084,3.4397702,1.0,3,3,1.0,2,2,1.0
863006,test,a30_31,3.5103364,3.8158545,1.0,3,3,1.0,2,2,1.0
863173,test,a30_31,3.602249,2.555125,1.0,3,3,1.0,2,2,1.0
866172,test,a30_31,2.7458591,3.027694,1.0,3,3,1.0,6,6,1.0
868005,test,a30_31,3.549283,3.5248713,1.0,3,3,1.0,2,2,1.0
875030,test,a30_31,0.8246968,0.0,1.0,2,2,1.0,2,2,1.0
897006,test,a30_31,2.7315707,2.2707846,1.0,3,2,1.0,2,2,1.0
922171,test,a30_31,3.350061,3.9658422,1.0,3,3,1.0,2,2,1.0
934030,test,a30_31,3.412078,4.0753117,1.0,3,3,1.0,2,2,1.0
935005,test,a30_31,2.6046455,2.53768,1.0,3,2,1.0,2,2,1.0
935176,test,a30_31,3.4854527,3.4484873,1.0,3,3,1.0,2,2,1.0
939030,test,a30_31,3.7043653,4.0583153,1.0,3,3,1.0,6,6,1.0
964003,test,a30_31,0.62427163,0.0,1.0,2,2,1.0,6,6,1.0
970004,test,a30_31,3.482485,3.7108538,1.0,3,3,1.0,2,2,1.0
982004,test,a30_31,3.1538036,3.2337272,1.0,3,3,1.0,2,4,1.0
1033030,test,a30_31,3.4800549,3.9603353,1.0,3,3,1.0,2,3,1.0
1036003,test,a30_31,3.8182626,3.820191,1.0,3,3,1.0,4,4,1.0
1048006,test,a30_31,2.364639,2.5494602,1.0,3,2,1.0,2,3,1.0
1055172,test,a30_31,1.7009571,1.5379702,1.0,3,2,1.0,2,2,1.0
1060175,test,a30_31,3.1843145,3.8012211,1.0,3,3,1.0,2,2,1.0
1064171,test,a30_31,3.7307124,4.467433,1.0,3,3,1.0,2,2,1.0
1072171,test,a30_31,3.5293102,3.5926886,1.0,3,3,1.0,2,2,1.0
1084175,test,a30_31,2.4717238,0.0,1.0,3,2,1.0,2,2,1.0
1100172,test,a30_31,3.0488718,3.2967014,1.0,3,3,1.0,2,2,1.0
1141171,test,a30_31,1.7536013,0.0,0.0,3,-1,0.0,2,-1,0.0
1142030,test,a30_31,3.5623388,3.07714,1.0,3,3,1.0,2,4,1.0
1144032,test,a30_31,3.5037627,3.5717494,1.0,3,3,1.0,2,2,1.0
1149171,test,a30_31,2.9970338,3.076803,1.0,3,3,1.0,2,2,1.0
1162030,test,a30_31,3.1996396,3.1995935,1.0,3,3,1.0,2,2,1.0
1167030,test,a30_31,0.8807827,0.42005378,1.0,2,2,1.0,6,6,1.0
1168008,test,a30_31,2.1356645,3.0341482,1.0,3,3,1.0,3,3,1.0
1222179,test,a30_31,2.9310362,1.9917881,1.0,3,3,1.0,2,2,1.0
1260008,test,a30_31,3.012649,2.880258,1.0,3,3,1.0,2,2,1.0
1269030,test,a30_31,3.070562,3.6963296,1.0,3,3,1.0,2,2,1.0
1292030,test,a30_31,3.3767126,3.4003475,1.0,3,3,1.0,4,2,1.0
1298005,test,a30_31,2.7230365,3.193401,1.0,3,3,1.0,2,2,1.0
1306030,test,a30_31,4.1821914,4.886779,1.0,3,3,1.0,2,2,1.0
1335179,test,a30_31,2.6310086,3.4640977,1.0,3,3,1.0,2,2,1.0
1353030,test,a30_31,1.6712596,0.0,1.0,3,2,1.0,2,2,1.0
1384030,test,a30_31,2.8455145,3.5397089,1.0,3,3,1.0,2,2,1.0
1399008,test,a30_31,1.6467495,2.1851575,1.0,3,2,1.0,2,2,1.0
1415004,test,a30_31,1.8104987,2.707386,1.0,3,3,1.0,2,2,1.0
1430005,test,a30_31,1.7320497,1.2974701,1.0,3,3,1.0,6,6,1.0
1431003,test,a30_31,3.7392473,3.7720938,1.0,3,3,1.0,2,2,1.0
1431004,test,a30_31,2.597251,0.0,1.0,3,2,1.0,2,2,1.0
1431172,test,a30_31,3.6177907,0.0,0.0,3,-1,0.0,2,-1,0.0
1462004,test,a30_31,2.1971273,3.4702528,1.0,3,3,1.0,2,2,1.0
1520173,test,a30_31,3.178421,3.549721,1.0,3,3,1.0,2,2,1.0
1522175,test,a30_31,3.317974,3.9098516,1.0,3,3,1.0,2,2,1.0
1542006,test,a30_31,2.936274,3.2926252,1.0,3,3,1.0,2,4,1.0
1542177,test,a30_31,3.721173,3.6178148,1.0,3,2,1.0,2,2,1.0
1567031,test,a30_31,3.2995977,3.6645775,1.0,3,3,1.0,6,6,1.0
1608031,test,a30_31,3.3352141,3.3391688,1.0,3,2,1.0,4,2,1.0
1612003,test,a30_31,3.7054653,4.0829945,1.0,3,2,1.0,2,2,1.0
1621003,test,a30_31,2.139933,2.1435423,1.0,3,3,1.0,2,2,1.0
1648003,test,a30_31,3.4824123,3.0544064,1.0,3,3,1.0,2,2,1.0
1648030,test,a30_31,3.2371163,3.8708656,1.0,3,3,1.0,6,6,1.0
1670172,test,a30_31,2.6652756,2.5325868,1.0,3,3,1.0,2,2,1.0
1684170,test,a30_31,0.4760425,0.0,1.0,2,3,1.0,2,2,1.0
1690030,test,a30_31,3.611,3.814594,1.0,3,3,1.0,2,2,1.0
1692176,test,a30_31,3.3493736,3.7050061,1.0,3,3,1.0,2,2,1.0
1695030,test,a30_31,3.0717447,3.3822985,1.0,3,3,1.0,6,6,1.0
1697036,test,a30_31,3.2359407,3.1997752,1.0,3,3,1.0,6,2,1.0
1698170,test,a30_31,2.270649,1.3173809,1.0,3,2,1.0,2,2,1.0
1700031,test,a30_31,3.3220568,3.2681394,1.0,3,3,1.0,2,4,1.0
1701003,test,a30_31,3.481364,3.1641855,1.0,3,3,1.0,6,6,1.0
1711003,test,a30_31,2.1592116,3.0908527,1.0,3,3,1.0,2,2,1.0
1711171,test,a30_31,3.3620348,3.6934254,1.0,3,2,1.0,2,2,1.0
1732005,test,a30_31,2.5747147,0.0,0.0,3,-1,0.0,6,-1,0.0
1762187,test,a30_31,1.0190476,1.8384329,1.0,2,3,1.0,2,2,1.0
1786187,test,a30_31,3.1795068,3.2494287,1.0,3,3,1.0,2,2,1.0
1837006,test,a30_31,3.4720998,3.500706,1.0,3,3,1.0,2,2,1.0
1850172,test,a30_31,1.391213,2.0709207,1.0,3,3,1.0,2,2,1.0
1878030,test,a30_31,3.3813055,3.2616544,1.0,3,3,1.0,2,2,1.0
1879030,test,a30_31,3.194317,4.1256022,1.0,3,3,1.0,2,3,1.0
1905004,test,a30_31,3.639663,3.9012198,1.0,3,3,1.0,2,2,1.0
1919009,test,a30_31,3.5394566,3.3816369,1.0,3,3,1.0,2,2,1.0
1935004,test,a30_31,2.9837756,0.0,1.0,3,2,1.0,2,2,1.0
1936030,test,a30_31,2.348953,0.0,1.0,3,2,1.0,2,2,1.0
1978171,test,a30_31,2.917594,2.4012594,1.0,3,3,1.0,2,2,1.0
2030031,test,a30_31,2.7990074,0.0,1.0,3,3,1.0,6,2,1.0
2117003,test,a30_31,3.3077939,2.8032591,1.0,3,3,1.0,2,2,1.0
2150172,test,a30_31,1.6003402,1.6647161,1.0,3,2,1.0,2,2,1.0
2199182,test,a30_31,2.5132964,3.7839584,1.0,3,3,1.0,2,2,1.0
2206030,test,a30_31,3.7064247,3.820771,1.0,3,3,1.0,4,2,1.0
2212031,test,a30_31,3.8616035,4.352703,1.0,3,3,1.0,6,6,1.0
2238004,test,a30_31,3.4698384,3.473372,1.0,3,3,1.0,2,2,1.0
2238172,test,a30_31,3.3883307,3.6698914,1.0,3,3,1.0,2,2,1.0
2252172,test,a30_31,3.075944,2.392142,1.0,3,3,1.0,2,2,1.0
2255030,test,a30_31,4.090748,4.8865457,1.0,3,3,1.0,2,2,1.0
2277008,test,a30_31,2.572706,2.4704232,1.0,3,3,1.0,2,2,1.0
2311172,test,a30_31,1.70404,1.7819266,1.0,3,3,1.0,2,3,1.0
2330003,test,a30_31,3.5999918,4.546308,1.0,3,3,1.0,6,6,1.0
2338003,test,a30_31,3.2315302,3.5962741,1.0,3,3,1.0,6,6,1.0
2341004,test,a30_31,2.122547,3.6550374,1.0,3,3,1.0,2,2,1.0
2341005,test,a30_31,3.0019145,2.985549,1.0,3,3,1.0,2,2,1.0
2354004,test,a30_31,1.3688996,2.6002262,1.0,3,3,1.0,2,3,1.0
2392004,test,a30_31,1.9263837,2.486088,1.0,3,3,1.0,2,2,1.0
2393005,test,a30_31,3.8220158,3.8599086,1.0,3,3,1.0,6,3,1.0
2393171,test,a30_31,2.4830463,3.2835505,1.0,3,3,1.0,2,2,1.0
2409006,test,a30_31,2.3496594,0.0,0.0,3,-1,0.0,2,-1,0.0
2409171,test,a30_31,3.2117338,0.0,0.0,3,-1,0.0,2,-1,0.0
2422178,test,a30_31,3.5491898,3.3685656,1.0,3,3,1.0,2,2,1.0
2459030,test,a30_31,3.358745,3.289887,1.0,3,3,1.0,2,2,1.0
2474030,test,a30_31,3.3206346,3.5847976,1.0,3,3,1.0,2,2,1.0
2474171,test,a30_31,1.5766711,1.9812955,1.0,3,3,1.0,2,2,1.0
2485173,test,a30_31,3.3609958,1.3737665,1.0,3,2,1.0,4,4,1.0
2496172,test,a30_31,1.3331317,2.6033032,1.0,3,3,1.0,2,4,1.0
2502005,test,a30_31,2.6221006,3.0639424,1.0,3,3,1.0,2,2,1.0
2510171,test,a30_31,3.2586603,3.45875,1.0,3,3,1.0,2,2,1.0
2525174,test,a30_31,3.0474696,3.576559,1.0,3,3,1.0,2,2,1.0
2530184,test,a30_31,2.371337,2.8265765,1.0,3,3,1.0,2,2,1.0
2547171,test,a30_31,3.592866,3.964761,1.0,3,3,1.0,2,2,1.0
2580030,test,a30_31,4.151127,4.73331,1.0,3,3,1.0,2,2,1.0
2593171,test,a30_31,3.5956793,4.1230373,1.0,3,3,1.0,2,2,1.0
2615031,test,a30_31,3.48914,3.6966453,1.0,3,3,1.0,2,2,1.0
2642030,test,a30_31,2.915766,2.6918542,1.0,3,3,1.0,2,2,1.0
2655002,test,a30_31,0.97343135,0.0,1.0,2,2,1.0,2,2,1.0
2705031,test,a30_31,3.7956076,3.0183833,1.0,3,3,1.0,2,2,1.0
2707179,test,a30_31,3.051055,2.888504,1.0,3,3,1.0,2,2,1.0
2714031,test,a30_31,3.511263,3.2921891,1.0,3,3,1.0,2,2,1.0
2717004,test,a30_31,3.6772375,4.0724216,1.0,3,3,1.0,2,2,1.0
2738171,test,a30_31,3.7103171,4.41911,1.0,3,3,1.0,2,2,1.0
2794003,test,a30_31,3.3881917,4.088578,1.0,3,3,1.0,6,6,1.0
2845030,test,a30_31,2.2790492,0.80540437,1.0,3,3,1.0,6,6,1.0
2847030,test,a30_31,3.2563083,3.2781074,1.0,3,3,1.0,4,6,1.0
2848174,test,a30_31,1.972846,0.0,1.0,3,2,1.0,6,6,1.0
2852006,test,a30_31,1.0304022,0.0,1.0,2,2,1.0,2,2,1.0
2852030,test,a30_31,3.00459,3.1400328,1.0,3,3,1.0,2,2,1.0
2869170,test,a30_31,3.1970832,3.318679,1.0,3,3,1.0,2,2,1.0
2897006,test,a30_31,3.0255692,2.5091708,1.0,3,3,1.0,6,6,1.0
2900171,test,a30_31,3.7164211,1.9216049,1.0,3,3,1.0,2,2,1.0
2907006,test,a30_31,3.0027976,2.6151106,1.0,3,3,1.0,2,2,1.0
2920030,test,a30_31,3.3082395,2.973692,1.0,3,3,1.0,6,6,1.0
3107001,test,a30_31,3.3175192,3.501158,1.0,3,3,1.0,2,2,1.0
3137007,test,a30_31,2.3642714,2.5756848,1.0,3,3,1.0,6,6,1.0
3283002,test,a30_31,3.4859045,4.300126,1.0,3,3,1.0,2,4,1.0
3492001,test,a30_31,3.2154965,4.1655335,1.0,3,3,1.0,6,6,1.0
5016170,test,a30_31,3.0674276,2.9827757,1.0,3,3,1.0,4,4,1.0
5082003,test,a30_31,3.582724,3.590824,1.0,3,3,1.0,6,2,1.0
5145032,test,a30_31,3.2316308,3.6708767,1.0,3,3,1.0,6,6,1.0
5163030,test,a30_31,3.202436,3.7953534,1.0,3,3,1.0,2,3,1.0
5177171,test,a30_31,1.6832751,0.0,1.0,3,2,1.0,6,6,1.0
5199178,test,a30_31,3.1460705,3.0284073,1.0,3,3,1.0,2,2,1.0
5241030,test,a30_31,2.656105,3.463671,1.0,3,3,1.0,6,6,1.0
5264004,test,a30_31,3.4256835,3.254645,1.0,3,3,1.0,2,2,1.0
5294003,test,a30_31,3.548635,3.6888347,1.0,3,3,1.0,2,2,1.0
5299172,test,a30_31,2.866788,0.0,0.0,3,-1,0.0,2,-1,0.0
5306002,test,a30_31,2.4539902,1.5553043,1.0,3,2,1.0,6,6,1.0
5350030,test,a30_31,2.613869,1.5019395,1.0,3,3,1.0,4,6,1.0
5364006,test,a30_31,3.0593746,4.02594,1.0,3,3,1.0,6,6,1.0
5366033,test,a30_31,2.8841076,3.2203383,1.0,3,2,1.0,6,6,1.0
5406173,test,a30_31,3.1611586,0.0,0.0,3,-1,0.0,2,-1,0.0
5424030,test,a30_31,1.4197863,1.9499075,1.0,3,2,1.0,6,6,1.0
5425003,test,a30_31,0.8385917,0.52543235,1.0,2,3,1.0,2,2,1.0
5430031,test,a30_31,1.3045583,2.1480308,1.0,3,2,1.0,6,6,1.0
5430171,test,a30_31,2.528243,3.769422,1.0,3,3,1.0,6,6,1.0
5443007,test,a30_31,1.7317905,0.43289578,1.0,3,2,1.0,2,2,1.0
5464032,test,a30_31,2.5812404,2.712402,1.0,3,2,1.0,3,2,1.0
5488007,test,a30_31,2.5955896,2.4527671,1.0,3,2,1.0,2,2,1.0
5494005,test,a30_31,2.2776337,2.5930448,1.0,3,3,1.0,6,6,1.0
5513030,test,a30_31,2.8615246,3.6436281,1.0,3,3,1.0,6,6,1.0
5549006,test,a30_31,2.4368246,2.3896143,1.0,3,3,1.0,2,2,1.0
5553173,test,a30_31,3.4397402,3.5880518,1.0,3,3,1.0,2,2,1.0
5560186,test,a30_31,3.2486982,3.2274153,1.0,3,3,1.0,2,2,1.0
5569009,test,a30_31,3.1043723,1.642214,1.0,3,2,1.0,2,2,1.0
5570010,test,a30_31,3.056785,3.5521383,1.0,3,3,1.0,2,4,1.0
5570012,test,a30_31,2.6612456,2.5876174,1.0,3,3,1.0,2,6,1.0
5570033,test,a30_31,3.3662984,2.8641582,1.0,3,3,1.0,2,2,1.0
5576031,test,a30_31,2.7112327,3.016735,1.0,3,3,1.0,4,2,1.0
5614005,test,a30_31,2.2261713,2.6726115,1.0,3,3,1.0,4,3,1.0
5615010,test,a30_31,2.9996977,3.1390646,1.0,3,3,1.0,6,2,1.0
5615181,test,a30_31,3.3910627,3.3987124,1.0,3,3,1.0,2,2,1.0
5621170,test,a30_31,3.0905356,3.0994895,1.0,3,3,1.0,2,2,1.0
5626010,test,a30_31,3.1989512,2.9399865,1.0,3,3,1.0,2,2,1.0
5634188,test,a30_31,3.3187969,0.0,0.0,3,-1,0.0,2,-1,0.0
5635031,test,a30_31,2.7955794,2.960809,1.0,3,3,1.0,2,2,1.0
5646006,test,a30_31,0.95965695,0.5639118,1.0,2,3,1.0,6,6,1.0
5660005,test,a30_31,2.9533236,3.541386,1.0,3,3,1.0,2,3,1.0
5664003,test,a30_31,1.6423764,0.10998343,1.0,3,2,1.0,6,6,1.0
5676007,test,a30_31,3.0576217,0.0,0.0,3,-1,0.0,2,-1,0.0
5678030,test,a30_31,1.7821815,2.8913167,1.0,3,2,1.0,6,6,1.0
5684034,test,a30_31,3.5827084,4.3079896,1.0,3,3,1.0,2,4,1.0
5784005,test,a30_31,0.4915595,0.0,1.0,2,2,1.0,6,6,1.0
5819005,test,a30_31,1.386287,1.0981487,1.0,3,3,1.0,6,6,1.0
5821008,test,a30_31,2.6258695,3.01234,1.0,3,3,1.0,2,2,1.0
5863033,test,a30_31,0.998189,1.3019751,1.0,2,3,1.0,6,6,1.0
5921003,test,a30_31,2.528518,0.0,0.0,3,-1,0.0,6,-1,0.0
5922010,test,a30_31,3.2181633,2.721544,1.0,3,3,1.0,6,6,1.0
5938031,test,a30_31,2.2914948,0.0,1.0,3,2,1.0,6,6,1.0
5960033,test,a30_31,2.2664065,2.5757463,1.0,3,3,1.0,6,6,1.0
5995005,test,a30_31,1.7668872,0.31933862,1.0,3,2,1.0,6,6,1.0
6028032,test,a30_31,1.9850585,2.8981428,1.0,3,3,1.0,6,6,1.0
6030005,test,a30_31,3.5306883,3.7041867,1.0,3,3,1.0,6,6,1.0
6030008,test,a30_31,3.3559365,3.6057901,1.0,3,3,1.0,6,6,1.0
6093006,test,a30_31,0.84324384,2.0916247,1.0,2,3,1.0,6,6,1.0
6093011,test,a30_31,1.6332197,1.3332126,1.0,3,3,1.0,6,6,1.0
6114182,test,a30_31,2.5408237,2.5692537,1.0,3,3,1.0,4,3,1.0
6120195,test,a30_31,0.67347014,0.0,1.0,2,2,1.0,2,2,1.0
6121030,test,a30_31,3.1627662,3.769311,1.0,3,3,1.0,6,6,1.0
6179003,test,a30_31,3.2975361,3.361893,1.0,3,3,1.0,2,2,1.0
6179170,test,a30_31,0.5671252,0.0,1.0,2,2,1.0,2,2,1.0
6191006,test,a30_31,2.0136397,3.2669687,1.0,3,3,1.0,3,4,1.0
6200175,test,a30_31,3.4362159,3.180232,1.0,3,3,1.0,2,2,1.0
6210007,test,a30_31,3.1802557,0.0,0.0,3,-1,0.0,6,-1,0.0
6210008,test,a30_31,2.4382648,1.7660555,1.0,3,3,1.0,6,6,1.0
6350007,test,a30_31,2.412064,2.5048919,1.0,3,3,1.0,6,6,1.0
6365010,test,a30_31,0.8916712,0.47892067,1.0,2,3,1.0,6,6,1.0
6365011,test,a30_31,1.5436049,0.1931983,1.0,3,2,1.0,2,2,1.0
6365177,test,a30_31,2.6402595,3.0710416,1.0,3,3,1.0,2,2,1.0
6381008,test,a30_31,2.827946,0.0,0.0,3,-1,0.0,2,-1,0.0
6444003,test,a30_31,2.7071538,2.0211048,1.0,3,3,1.0,2,2,1.0
6475006,test,a30_31,0.4085865,0.67106354,1.0,2,3,1.0,6,6,1.0
6475007,test,a30_31,0.6456431,0.1422398,1.0,2,2,1.0,6,6,1.0
6509004,test,a30_31,2.839148,3.5568442,1.0,3,3,1.0,6,6,1.0
6545008,test,a30_31,3.4138336,3.18138,1.0,3,3,1.0,6,6,1.0
6571003,test,a30_31,2.634962,3.4242733,1.0,3,3,1.0,6,6,1.0
6635009,test,a30_31,1.123842,0.0,1.0,3,2,1.0,6,4,1.0
6663030,test,a30_31,3.4819603,3.6323774,1.0,3,2,1.0,6,6,1.0
6674003,test,a30_31,3.376944,3.3601112,1.0,3,3,1.0,3,2,1.0
6674005,test,a30_31,3.4698095,3.4521801,1.0,3,3,1.0,4,2,1.0
6736181,test,a30_31,2.8089602,1.9612347,1.0,3,2,1.0,2,2,1.0
6740003,test,a30_31,1.7941707,2.7489104,1.0,3,3,1.0,2,2,1.0
6769008,test,a30_31,2.5883288,0.47086632,1.0,3,2,1.0,3,3,1.0
6779033,test,a30_31,0.8892423,1.7719439,1.0,2,3,1.0,6,6,1.0
6030,test,a32_33,3.5720696,3.632802,1.0,3,3,1.0,2,2,1.0
10030,test,a32_33,3.4194562,4.5643663,1.0,3,3,1.0,6,2,1.0
41008,test,a32_33,2.8423269,0.0,1.0,3,2,1.0,2,2,1.0
68003,test,a32_33,3.394175,3.5880518,1.0,3,3,1.0,2,2,1.0
127030,test,a32_33,3.427361,3.6983402,1.0,3,3,1.0,6,2,1.0
127031,test,a32_33,3.489666,4.2671986,1.0,3,3,1.0,6,6,1.0
129031,test,a32_33,0.5232096,1.5868585,1.0,2,2,1.0,6,4,1.0
129196,test,a32_33,2.8996425,1.7348825,1.0,3,3,1.0,2,2,1.0
165030,test,a32_33,3.4536495,3.6426375,1.0,3,3,1.0,6,2,1.0
284004,test,a32_33,3.8772278,4.498754,1.0,3,3,1.0,2,2,1.0
301032,test,a32_33,3.7338438,3.9674697,1.0,3,3,1.0,6,6,1.0
327003,test,a32_33,3.396709,3.7635956,1.0,3,3,1.0,2,2,1.0
327171,test,a32_33,3.3959646,0.0,1.0,3,2,1.0,2,2,1.0
327172,test,a32_33,2.875751,3.306851,1.0,3,3,1.0,2,2,1.0
331005,test,a32_33,3.793913,4.197571,1.0,3,3,1.0,6,2,1.0
344178,test,a32_33,3.061026,3.281228,1.0,3,3,1.0,2,2,1.0
461030,test,a32_33,3.5759282,3.5299022,1.0,3,3,1.0,2,2,1.0
486004,test,a32_33,3.4474375,3.690261,1.0,3,3,1.0,2,2,1.0
563183,test,a32_33,0.58636546,0.0008918604,1.0,2,3,1.0,2,2,1.0
577004,test,a32_33,2.7079964,2.5712075,1.0,3,3,1.0,2,2,1.0
607030,test,a32_33,3.6635363,3.6452837,1.0,3,3,1.0,2,2,1.0
613173,test,a32_33,3.4841688,4.1078057,1.0,3,3,1.0,2,2,1.0
634008,test,a32_33,3.4644532,3.3915641,1.0,3,2,1.0,4,4,1.0
652005,test,a32_33,3.2212641,3.5727725,1.0,3,3,1.0,2,2,1.0
672003,test,a32_33,0.48675537,3.0547795,1.0,2,3,1.0,2,2,1.0
691175,test,a32_33,3.4334278,0.0,1.0,3,3,1.0,2,2,1.0
699031,test,a32_33,1.8013837,3.1536906,1.0,3,2,1.0,6,6,1.0
722178,test,a32_33,0.74163365,0.5729554,1.0,2,3,1.0,2,2,1.0
771003,test,a32_33,3.3138542,3.360967,1.0,3,3,1.0,4,4,1.0
775005,test,a32_33,3.1699278,3.814005,1.0,3,3,1.0,6,2,1.0
796006,test,a32_33,3.6063027,3.19808,1.0,3,3,1.0,6,6,1.0
844003,test,a32_33,2.8429995,3.7556844,1.0,3,3,1.0,2,2,1.0
863006,test,a32_33,3.4208755,3.7389832,1.0,3,3,1.0,2,2,1.0
863173,test,a32_33,3.5864015,2.8179777,1.0,3,3,1.0,2,2,1.0
866172,test,a32_33,2.8855233,2.6271625,1.0,3,2,1.0,6,6,1.0
868005,test,a32_33,3.5016193,3.4759133,1.0,3,3,1.0,2,2,1.0
875030,test,a32_33,0.76002634,0.0,1.0,2,2,1.0,2,2,1.0
897006,test,a32_33,2.8200483,0.9259037,1.0,3,2,1.0,2,3,1.0
922171,test,a32_33,3.359167,3.2271986,1.0,3,3,1.0,2,2,1.0
934030,test,a32_33,3.353509,4.169727,1.0,3,3,1.0,2,2,1.0
935005,test,a32_33,2.7364337,1.9715426,1.0,3,3,1.0,2,2,1.0
935176,test,a32_33,3.4473045,2.686293,1.0,3,3,1.0,2,2,1.0
939030,test,a32_33,3.6964087,4.2601495,1.0,3,3,1.0,6,2,1.0
964003,test,a32_33,0.5696335,0.48986647,1.0,2,2,1.0,6,6,1.0
970004,test,a32_33,3.4257145,3.9415355,1.0,3,3,1.0,2,2,1.0
982004,test,a32_33,3.1614714,3.577894,1.0,3,3,1.0,2,4,1.0
1033030,test,a32_33,3.466002,3.3248508,1.0,3,3,1.0,2,4,1.0
1036003,test,a32_33,3.7966366,3.242958,1.0,3,3,1.0,4,2,1.0
1048006,test,a32_33,2.4358885,2.5528998,1.0,3,3,1.0,2,2,1.0
1055172,test,a32_33,1.9331205,2.4084587,1.0,3,3,1.0,2,2,1.0
1060175,test,a32_33,3.093422,3.5963154,1.0,3,3,1.0,2,2,1.0
1064171,test,a32_33,3.6434088,4.3601055,1.0,3,3,1.0,2,2,1.0
1072171,test,a32_33,3.4946938,3.6353216,1.0,3,3,1.0,2,2,1.0
1084175,test,a32_33,2.697788,0.0,1.0,3,2,1.0,2,2,1.0
1100172,test,a32_33,3.0247808,3.3882806,1.0,3,3,1.0,2,2,1.0
1141171,test,a32_33,2.1939085,1.0577683,1.0,3,3,1.0,2,4,1.0
1142030,test,a32_33,3.496182,3.4778206,1.0,3,2,1.0,2,2,1.0
1144032,test,a32_33,3.4630034,3.9998453,1.0,3,3,1.0,2,2,1.0
1149171,test,a32_33,3.3147964,3.3627808,1.0,3,3,1.0,2,2,1.0
1162030,test,a32_33,3.1357968,3.2774415,1.0,3,3,1.0,2,2,1.0
1167030,test,a32_33,0.7145133,1.6452125,1.0,2,2,1.0,6,6,1.0
1168008,test,a32_33,2.194051,3.6681044,1.0,3,3,1.0,3,3,1.0
1222179,test,a32_33,2.9744258,2.62906,1.0,3,3,1.0,2,2,1.0
1260008,test,a32_33,2.987945,3.0003862,1.0,3,3,1.0,2,2,1.0
1269030,test,a32_33,3.0537686,3.8594756,1.0,3,3,1.0,2,2,1.0
1292030,test,a32_33,3.3646197,3.3685656,1.0,3,3,1.0,4,2,1.0
1298005,test,a32_33,2.8107705,3.0073462,1.0,3,3,1.0,2,2,1.0
1306030,test,a32_33,4.0346384,4.845492,1.0,3,3,1.0,2,2,1.0
1335179,test,a32_33,2.6728842,3.2921014,1.0,3,3,1.0,2,2,1.0
1353030,test,a32_33,1.986322,0.0,1.0,3,2,1.0,2,2,1.0
1384030,test,a32_33,2.9899106,3.4832323,1.0,3,3,1.0,2,2,1.0
1399008,test,a32_33,1.9782183,2.609165,1.0,3,2,1.0,2,4,1.0
1415004,test,a32_33,1.9840035,2.7626214,1.0,3,3,1.0,2,2,1.0
1430005,test,a32_33,2.084228,3.35943,1.0,3,3,1.0,6,6,1.0
1431003,test,a32_33,3.6048257,3.793413,1.0,3,3,1.0,2,2,1.0
1431004,test,a32_33,2.7215388,0.0,1.0,3,2,1.0,2,2,1.0
1431172,test,a32_33,3.538218,4.257112,1.0,3,3,1.0,2,2,1.0
1462004,test,a32_33,2.3768096,4.6827054,1.0,3,3,1.0,2,2,1.0
1520173,test,a32_33,3.2199051,3.8655198,1.0,3,3,1.0,2,2,1.0
1522175,test,a32_33,3.2359324,4.128193,1.0,3,3,1.0,2,2,1.0
1542006,test,a32_33,2.9490235,3.1334329,1.0,3,3,1.0,2,2,1.0
1542177,test,a32_33,3.6660118,3.5846753,1.0,3,3,1.0,2,2,1.0
1567031,test,a32_33,3.3735406,3.6204543,1.0,3,3,1.0,6,6,1.0
1608031,test,a32_33,3.3841274,3.9165187,1.0,3,3,1.0,4,2,1.0
1612003,test,a32_33,3.626431,3.0623057,1.0,3,3,1.0,2,2,1.0
1621003,test,a32_33,2.349153,2.9558797,1.0,3,3,1.0,2,2,1.0
1648003,test,a32_33,3.4769597,3.4529707,1.0,3,3,1.0,2,2,1.0
1648030,test,a32_33,3.2902703,2.149199,1.0,3,3,1.0,6,6,1.0
1670172,test,a32_33,3.1005692,2.9805765,1.0,3,3,1.0,2,2,1.0
1684170,test,a32_33,0.504591,1.0173271,1.0,2,2,1.0,2,2,1.0
1690030,test,a32_33,3.5513468,4.7354703,1.0,3,3,1.0,2,3,1.0
1692176,test,a32_33,3.3310568,0.0,0.0,3,-1,0.0,2,-1,0.0
1695030,test,a32_33,3.094941,3.6850972,1.0,3,3,1.0,6,2,1.0
1697036,test,a32_33,3.2952733,1.4949695,1.0,3,3,1.0,6,2,1.0
1698170,test,a32_33,2.3710988,1.139272,1.0,3,2,1.0,2,2,1.0
1700031,test,a32_33,3.3303404,4.201887,1.0,3,3,1.0,2,4,1.0
1701003,test,a32_33,3.4472036,3.60501,1.0,3,3,1.0,6,6,1.0
1711003,test,a32_33,2.3233109,2.810277,1.0,3,3,1.0,2,2,1.0
1711171,test,a32_33,3.364388,3.8577616,1.0,3,3,1.0,2,2,1.0
1732005,test,a32_33,2.6808724,2.342187,1.0,3,3,1.0,6,2,1.0
1762187,test,a32_33,0.8796016,1.8211237,1.0,2,2,1.0,2,2,1.0
1786187,test,a32_33,3.2063484,3.1765072,1.0,3,3,1.0,2,2,1.0
1837006,test,a32_33,3.4436574,3.6559155,1.0,3,3,1.0,2,2,1.0
1850172,test,a32_33,1.729245,2.5812435,1.0,3,3,1.0,2,2,1.0
1878030,test,a32_33,3.3993134,3.4057453,1.0,3,3,1.0,2,4,1.0
1879030,test,a32_33,3.242884,4.3343844,1.0,3,3,1.0,2,3,1.0
1905004,test,a32_33,3.5916843,3.8433187,1.0,3,3,1.0,2,2,1.0
1919009,test,a32_33,3.4556336,3.1504118,1.0,3,3,1.0,2,2,1.0
1935004,test,a32_33,3.1015654,0.0,1.0,3,2,1.0,2,2,1.0
1936030,test,a32_33,2.6599445,0.0,1.0,3,2,1.0,2,2,1.0
1978171,test,a32_33,2.9398026,1.6958811,1.0,3,3,1.0,2,2,1.0
2030031,test,a32_33,2.9751415,3.6641996,1.0,3,3,1.0,6,2,1.0
2117003,test,a32_33,3.277482,2.5893922,1.0,3,2,1.0,2,2,1.0
2150172,test,a32_33,1.906481,1.3598045,1.0,3,3,1.0,2,2,1.0
2199182,test,a32_33,2.82007,3.9495156,1.0,3,3,1.0,2,2,1.0
2206030,test,a32_33,3.647541,4.886779,1.0,3,3,1.0,4,2,1.0
2212031,test,a32_33,3.8042395,4.483134,1.0,3,3,1.0,6,2,1.0
2238004,test,a32_33,3.4972339,3.472241,1.0,3,3,1.0,2,2,1.0
2238172,test,a32_33,3.3088465,3.5254576,1.0,3,3,1.0,2,2,1.0
2252172,test,a32_33,3.1641173,2.3470397,1.0,3,3,1.0,2,2,1.0
2255030,test,a32_33,3.9817662,4.876434,1.0,3,3,1.0,2,2,1.0
2277008,test,a32_33,2.6309226,2.5990877,1.0,3,3,1.0,2,2,1.0
2311172,test,a32_33,2.0120087,1.0779065,1.0,3,2,1.0,2,2,1.0
2330003,test,a32_33,3.6263282,4.301492,1.0,3,3,1.0,6,6,1.0
2338003,test,a32_33,3.3119173,4.023426,1.0,3,3,1.0,6,6,1.0
2341004,test,a32_33,2.6520646,3.4735646,1.0,3,3,1.0,2,2,1.0
2341005,test,a32_33,3.048817,0.8661617,1.0,3,3,1.0,2,2,1.0
2354004,test,a32_33,1.6265063,2.448841,1.0,3,3,1.0,2,2,1.0
2392004,test,a32_33,2.1326752,2.7262917,1.0,3,3,1.0,2,2,1.0
2393005,test,a32_33,3.7805095,4.0622745,1.0,3,3,1.0,6,3,1.0
2393171,test,a32_33,2.7066917,1.606789,1.0,3,3,1.0,2,2,1.0
2409006,test,a32_33,2.65349,0.0,0.0,3,-1,0.0,2,-1,0.0
2409171,test,a32_33,3.1675107,0.0,0.0,3,-1,0.0,2,-1,0.0
2422178,test,a32_33,3.515716,3.2781074,1.0,3,3,1.0,2,2,1.0
2459030,test,a32_33,3.3583264,3.753117,1.0,3,3,1.0,2,4,1.0
2474030,test,a32_33,3.3143935,4.23237,1.0,3,3,1.0,2,2,1.0
2474171,test,a32_33,1.7927593,1.367364,1.0,3,3,1.0,2,2,1.0
2485173,test,a32_33,3.3832357,1.1069015,1.0,3,3,1.0,4,4,1.0
2496172,test,a32_33,2.1083503,3.6005192,1.0,3,3,1.0,2,2,1.0
2502005,test,a32_33,2.7250464,2.9134128,1.0,3,3,1.0,2,2,1.0
2510171,test,a32_33,3.1683114,3.5230017,1.0,3,3,1.0,2,2,1.0
2525174,test,a32_33,3.0241256,3.8745465,1.0,3,3,1.0,2,2,1.0
2530184,test,a32_33,2.5160897,2.973692,1.0,3,3,1.0,2,2,1.0
2547171,test,a32_33,3.5261993,4.052104,1.0,3,3,1.0,2,2,1.0
2580030,test,a32_33,3.9985032,4.886779,1.0,3,3,1.0,2,2,1.0
2593171,test,a32_33,3.4450016,4.246229,1.0,3,3,1.0,2,2,1.0
2615031,test,a32_33,3.4522874,3.44694,1.0,3,3,1.0,2,2,1.0
2642030,test,a32_33,2.9347816,2.8015413,1.0,3,3,1.0,2,2,1.0
2655002,test,a32_33,0.8554872,0.0,1.0,2,2,1.0,2,2,1.0
2705031,test,a32_33,3.7640018,3.306851,1.0,3,3,1.0,2,4,1.0
2707179,test,a32_33,3.104202,2.8268414,1.0,3,3,1.0,2,2,1.0
2714031,test,a32_33,3.493495,0.0,0.0,3,3,1.0,2,2,1.0
2717004,test,a32_33,3.6183925,3.742696,1.0,3,3,1.0,2,2,1.0
2738171,test,a32_33,3.6558397,4.886779,1.0,3,3,1.0,2,2,1.0
2794003,test,a32_33,3.4168036,3.8923466,1.0,3,2,1.0,6,2,1.0
2845030,test,a32_33,2.5492706,3.2903967,1.0,3,3,1.0,6,4,1.0
2847030,test,a32_33,3.227179,3.456708,1.0,3,3,1.0,4,6,1.0
2848174,test,a32_33,2.2300937,1.0409111,1.0,3,2,1.0,6,6,1.0
2852006,test,a32_33,0.885978,2.1415117,1.0,2,3,1.0,2,2,1.0
2852030,test,a32_33,3.0522647,2.0998244,1.0,3,3,1.0,2,2,1.0
2869170,test,a32_33,3.2077377,3.6555576,1.0,3,3,1.0,2,2,1.0
2897006,test,a32_33,3.1358635,2.8197732,1.0,3,3,1.0,6,6,1.0
2900171,test,a32_33,3.661623,3.8746612,1.0,3,3,1.0,2,2,1.0
2907006,test,a32_33,3.0549498,2.623763,1.0,3,3,1.0,2,2,1.0
2920030,test,a32_33,3.3479998,3.4575856,1.0,3,3,1.0,6,2,1.0
3107001,test,a32_33,3.2866375,3.231012,1.0,3,3,1.0,2,2,1.0
3137007,test,a32_33,2.5212467,2.48373,1.0,3,3,1.0,6,6,1.0
3283002,test,a32_33,3.3657117,4.0583324,1.0,3,3,1.0,2,6,1.0
3492001,test,a32_33,3.201408,4.1102557,1.0,3,3,1.0,6,6,1.0
5016170,test,a32_33,3.1099617,2.6426997,1.0,3,3,1.0,4,4,1.0
5082003,test,a32_33,3.502646,3.5662766,1.0,3,3,1.0,6,2,1.0
5145032,test,a32_33,3.240386,3.616172,1.0,3,3,1.0,6,6,1.0
5163030,test,a32_33,3.2263312,2.769646,1.0,3,3,1.0,2,3,1.0
5177171,test,a32_33,1.9919822,0.41334957,1.0,3,3,1.0,6,6,1.0
5199178,test,a32_33,3.136176,3.096526,1.0,3,3,1.0,2,2,1.0
5241030,test,a32_33,2.763744,3.5277414,1.0,3,3,1.0,6,6,1.0
5264004,test,a32_33,3.3498678,3.264431,1.0,3,3,1.0,2,2,1.0
5294003,test,a32_33,3.460461,3.6584685,1.0,3,3,1.0,2,2,1.0
5299172,test,a32_33,2.9206421,2.760259,1.0,3,3,1.0,2,2,1.0
5306002,test,a32_33,2.5838401,0.919919,1.0,3,2,1.0,6,6,1.0
5350030,test,a32_33,2.7423835,2.5756848,1.0,3,3,1.0,4,6,1.0
5364006,test,a32_33,3.0745928,0.0,0.0,3,-1,0.0,6,-1,0.0
5366033,test,a32_33,2.935288,3.3051815,1.0,3,3,1.0,6,6,1.0
5406173,test,a32_33,3.1312451,3.5137413,1.0,3,3,1.0,2,3,1.0
5424030,test,a32_33,1.7031393,2.0490751,1.0,3,3,1.0,6,6,1.0
5425003,test,a32_33,0.69669473,0.72459835,1.0,2,2,1.0,2,2,1.0
5430031,test,a32_33,1.6676416,0.0,1.0,3,2,1.0,6,6,1.0
5430171,test,a32_33,2.6274488,2.512427,1.0,3,3,1.0,6,6,1.0
5443007,test,a32_33,2.0073283,2.1780865,1.0,3,3,1.0,2,2,1.0
5464032,test,a32_33,2.5845735,2.7760577,1.0,3,3,1.0,4,2,1.0
5488007,test,a32_33,2.620713,2.1782289,1.0,3,3,1.0,2,2,1.0
5494005,test,a32_33,2.47876,0.63777095,1.0,3,3,1.0,6,6,1.0
5513030,test,a32_33,2.925923,2.4798064,1.0,3,3,1.0,6,6,1.0
5549006,test,a32_33,2.5360937,2.637893,1.0,3,3,1.0,2,3,1.0
5553173,test,a32_33,3.3320827,3.935453,1.0,3,3,1.0,2,2,1.0
5560186,test,a32_33,3.228932,3.2524583,1.0,3,3,1.0,2,2,1.0
5569009,test,a32_33,3.1193774,2.2377331,1.0,3,3,1.0,2,2,1.0
5570010,test,a32_33,3.063067,3.5858245,1.0,3,3,1.0,2,4,1.0
5570012,test,a32_33,3.0919924,2.6474972,1.0,3,3,1.0,2,6,1.0
5570033,test,a32_33,3.324844,3.3018157,1.0,3,3,1.0,2,2,1.0
5576031,test,a32_33,2.7652822,2.9333522,1.0,3,3,1.0,4,2,1.0
5614005,test,a32_33,2.5021887,2.8111508,1.0,3,3,1.0,4,3,1.0
5615010,test,a32_33,3.0157185,3.3717976,1.0,3,3,1.0,6,2,1.0
5615181,test,a32_33,3.3718498,3.4054897,1.0,3,3,1.0,2,2,1.0
5621170,test,a32_33,3.1178513,3.0953097,1.0,3,3,1.0,2,2,1.0
5626010,test,a32_33,3.1542408,3.139954,1.0,3,3,1.0,2,2,1.0
5634188,test,a32_33,3.2973123,3.7881985,1.0,3,3,1.0,2,5,1.0
5635031,test,a32_33,2.8073206,2.7840075,1.0,3,3,1.0,2,2,1.0
5646006,test,a32_33,0.78742814,0.77602905,1.0,2,2,1.0,6,6,1.0
5660005,test,a32_33,2.9437623,3.4027286,1.0,3,3,1.0,2,2,1.0
5664003,test,a32_33,1.9269986,1.7976818,1.0,3,3,1.0,6,6,1.0
5676007,test,a32_33,3.0432272,3.7587788,1.0,3,3,1.0,2,4,1.0
5678030,test,a32_33,2.0173116,2.4192536,1.0,3,2,1.0,6,6,1.0
5684034,test,a32_33,3.43711,1.4764752,1.0,3,3,1.0,2,2,1.0
5784005,test,a32_33,0.49141812,0.0,1.0,2,2,1.0,6,6,1.0
5819005,test,a32_33,1.735742,1.068429,1.0,3,2,1.0,6,6,1.0
5821008,test,a32_33,3.040008,2.9484503,1.0,3,3,1.0,2,2,1.0
5863033,test,a32_33,0.8120866,2.2928271,1.0,2,3,1.0,6,6,1.0
5921003,test,a32_33,2.6404538,3.0847182,1.0,3,3,1.0,6,6,1.0
5922010,test,a32_33,3.2526264,2.9869597,1.0,3,3,1.0,6,6,1.0
5938031,test,a32_33,2.463689,0.0,1.0,3,2,1.0,6,6,1.0
5960033,test,a32_33,2.411448,2.8474362,1.0,3,3,1.0,6,3,1.0
5995005,test,a32_33,2.0518126,0.21103315,1.0,3,2,1.0,6,6,1.0
6028032,test,a32_33,2.1680937,2.8268414,1.0,3,3,1.0,6,6,1.0
6030005,test,a32_33,3.4660904,3.4111378,1.0,3,3,1.0,6,6,1.0
6030008,test,a32_33,3.321755,3.602513,1.0,3,3,1.0,6,6,1.0
6093006,test,a32_33,0.69170344,1.3977581,1.0,2,2,1.0,6,6,1.0
6093011,test,a32_33,1.840193,2.5990877,1.0,3,3,1.0,6,6,1.0
6114182,test,a32_33,2.801014,2.8005123,1.0,3,3,1.0,4,3,1.0
6120195,test,a32_33,0.5953977,0.0,1.0,2,2,1.0,2,2,1.0
6121030,test,a32_33,3.1349363,3.6708767,1.0,3,3,1.0,6,6,1.0
6179003,test,a32_33,3.2656243,3.426249,1.0,3,3,1.0,2,2,1.0
6179170,test,a32_33,0.5872803,0.2411282,1.0,2,2,1.0,2,2,1.0
6191006,test,a32_33,2.1447132,3.4436505,1.0,3,3,1.0,3,2,1.0
6200175,test,a32_33,3.3881164,2.5210872,1.0,3,3,1.0,2,2,1.0
6210007,test,a32_33,3.1894488,0.0,0.0,3,-1,0.0,6,-1,0.0
6210008,test,a32_33,2.6396313,1.382737,1.0,3,2,1.0,6,6,1.0
6350007,test,a32_33,2.5746899,1.2189263,1.0,3,2,1.0,6,6,1.0
6365010,test,a32_33,0.7314116,2.0176098,1.0,2,3,1.0,6,6,1.0
6365011,test,a32_33,1.813896,2.6077433,1.0,3,3,1.0,2,2,1.0
6365177,test,a32_33,2.779044,2.7674904,1.0,3,3,1.0,2,2,1.0
6381008,test,a32_33,2.9483926,0.0,0.0,3,-1,0.0,2,-1,0.0
6444003,test,a32_33,2.828585,3.1936855,1.0,3,3,1.0,2,2,1.0
6475006,test,a32_33,0.410331,1.2301495,1.0,2,3,1.0,6,6,1.0
6475007,test,a32_33,0.56098664,1.8487327,1.0,2,2,1.0,6,6,1.0
6509004,test,a32_33,2.9741907,3.8708656,1.0,3,3,1.0,6,6,1.0
6545008,test,a32_33,3.4066823,4.3289056,1.0,3,3,1.0,6,6,1.0
6571003,test,a32_33,2.69321,3.5926886,1.0,3,3,1.0,6,6,1.0
6635009,test,a32_33,1.4982661,0.0,1.0,3,2,1.0,6,4,1.0
6663030,test,a32_33,3.4542332,3.800088,1.0,3,3,1.0,6,6,1.0
6674003,test,a32_33,3.3025787,3.4202895,1.0,3,3,1.0,4,2,1.0
6674005,test,a32_33,3.40929,3.4833505,1.0,3,3,1.0,4,2,1.0
6736181,test,a32_33,2.97493,0.0,0.0,3,-1,0.0,2,-1,0.0
6740003,test,a32_33,1.9564847,2.884239,1.0,3,3,1.0,2,2,1.0
6769008,test,a32_33,2.6356707,0.8178876,1.0,3,3,1.0,4,3,1.0
6779033,test,a32_33,0.75517464,1.8801916,1.0,2,2,1.0,6,6,1.0
6030,test,a34_35,3.4936883,3.5367897,1.0,3,3,1.0,2,2,1.0
10030,test,a34_35,3.4077299,4.673836,1.0,3,3,1.0,6,2,1.0
41008,test,a34_35,2.9173698,0.0,1.0,3,2,1.0,2,2,1.0
68003,test,a34_35,3.3802168,3.2616544,1.0,3,3,1.0,2,2,1.0
127030,test,a34_35,3.4349153,3.1696036,1.0,3,3,1.0,6,2,1.0
127031,test,a34_35,3.50881,4.0902915,1.0,3,3,1.0,6,2,1.0
129031,test,a34_35,0.49951434,1.0162153,1.0,2,3,1.0,6,2,1.0
129196,test,a34_35,2.9788218,3.4254856,1.0,3,3,1.0,2,2,1.0
165030,test,a34_35,3.4961324,3.7463372,1.0,3,3,1.0,6,2,1.0
284004,test,a34_35,3.7997715,4.32185,1.0,3,3,1.0,2,2,1.0
301032,test,a34_35,3.7353911,3.9348762,1.0,3,3,1.0,6,6,1.0
327003,test,a34_35,3.3449209,3.8840168,1.0,3,3,1.0,2,2,1.0
327171,test,a34_35,3.3195822,0.0,1.0,3,2,1.0,2,2,1.0
327172,test,a34_35,2.8958762,3.5017936,1.0,3,3,1.0,2,2,1.0
331005,test,a34_35,3.777086,4.082121,1.0,3,2,1.0,6,2,1.0
344178,test,a34_35,3.0438073,3.2559896,1.0,3,3,1.0,2,2,1.0
461030,test,a34_35,3.5318735,3.3020296,1.0,3,3,1.0,2,2,1.0
486004,test,a34_35,3.4230106,3.745459,1.0,3,3,1.0,2,2,1.0
563183,test,a34_35,0.5765809,3.2996137,1.0,2,3,1.0,2,2,1.0
577004,test,a34_35,2.728064,2.9370773,1.0,3,3,1.0,2,2,1.0
607030,test,a34_35,3.617278,3.7506254,1.0,3,3,1.0,2,2,1.0
613173,test,a34_35,3.3874958,4.4183064,1.0,3,3,1.0,2,2,1.0
634008,test,a34_35,3.4465811,3.5026178,1.0,3,3,1.0,4,6,1.0
652005,test,a34_35,3.2144866,3.2600136,1.0,3,3,1.0,2,2,1.0
672003,test,a34_35,0.47256303,3.0886452,1.0,2,3,1.0,2,2,1.0
691175,test,a34_35,3.3401752,2.0974402,1.0,3,3,1.0,2,2,1.0
699031,test,a34_35,2.0559182,3.2485132,1.0,3,3,1.0,6,6,1.0
722178,test,a34_35,0.68882823,0.90117526,1.0,2,2,1.0,2,2,1.0
771003,test,a34_35,3.3309495,3.0115244,1.0,3,3,1.0,4,2,1.0
775005,test,a34_35,3.2561464,3.5560908,1.0,3,3,1.0,6,2,1.0
796006,test,a34_35,3.582707,2.8919485,1.0,3,3,1.0,6,6,1.0
844003,test,a34_35,2.9414039,3.629688,1.0,3,3,1.0,2,2,1.0
863006,test,a34_35,3.3566337,3.2548606,1.0,3,2,1.0,2,2,1.0
863173,test,a34_35,3.5500557,3.5450659,1.0,3,3,1.0,2,2,1.0
866172,test,a34_35,2.9881153,2.3603847,1.0,3,3,1.0,6,6,1.0
868005,test,a34_35,3.466366,3.578231,1.0,3,3,1.0,2,2,1.0
875030,test,a34_35,0.7120558,0.0,1.0,2,2,1.0,2,2,1.0
897006,test,a34_35,2.878927,2.946233,1.0,3,3,1.0,2,4,1.0
922171,test,a34_35,3.353393,3.7955704,1.0,3,3,1.0,2,2,1.0
934030,test,a34_35,3.3176117,4.2341943,1.0,3,3,1.0,2,2,1.0
935005,test,a34_35,2.8290884,2.2448769,1.0,3,3,1.0,2,2,1.0
935176,test,a34_35,3.4148116,3.2378259,1.0,3,3,1.0,2,2,1.0
939030,test,a34_35,3.7036524,0.08555014,1.0,3,2,1.0,6,2,1.0
964003,test,a34_35,0.533525,0.82413214,1.0,2,2,1.0,6,6,1.0
970004,test,a34_35,3.3863332,3.9748664,1.0,3,3,1.0,2,2,1.0
982004,test,a34_35,3.1642027,3.7351284,1.0,3,3,1.0,2,4,1.0
1033030,test,a34_35,3.4483378,3.3329153,1.0,3,3,1.0,2,2,1.0
1036003,test,a34_35,3.77389,3.2967014,1.0,3,3,1.0,4,2,1.0
1048006,test,a34_35,2.493095,0.0,1.0,3,2,1.0,2,2,1.0
1055172,test,a34_35,2.0960855,3.521578,1.0,3,3,1.0,2,4,1.0
1060175,test,a34_35,3.0460846,3.1174548,1.0,3,3,1.0,2,2,1.0
1064171,test,a34_35,3.576439,0.0,1.0,3,3,1.0,2,2,1.0
1072171,test,a34_35,3.4585655,3.370511,1.0,3,3,1.0,2,2,1.0
1084175,test,a34_35,2.7985146,0.0,1.0,3,2,1.0,2,2,1.0
1100172,test,a34_35,3.0122566,3.6426375,1.0,3,3,1.0,2,2,1.0
1141171,test,a34_35,2.3903227,1.1201222,1.0,3,2,1.0,2,4,1.0
1142030,test,a34_35,3.4466746,3.153995,1.0,3,2,1.0,2,2,1.0
1144032,test,a34_35,3.4340358,3.9447289,1.0,3,3,1.0,2,2,1.0
1149171,test,a34_35,3.3559532,3.6550784,1.0,3,3,1.0,2,2,1.0
1162030,test,a34_35,3.1054246,3.4707472,1.0,3,3,1.0,2,4,1.0
1167030,test,a34_35,0.6085981,1.1457466,1.0,2,2,1.0,6,6,1.0
1168008,test,a34_35,2.2748153,3.1447468,1.0,3,3,1.0,4,3,1.0
1222179,test,a34_35,2.991572,2.810277,1.0,3,3,1.0,2,2,1.0
1260008,test,a34_35,2.9743855,2.9488564,1.0,3,3,1.0,2,2,1.0
1269030,test,a34_35,3.0502105,4.2420487,1.0,3,3,1.0,2,4,1.0
1292030,test,a34_35,3.3582516,3.1872697,1.0,3,3,1.0,4,3,1.0
1298005,test,a34_35,2.873479,3.1977408,1.0,3,3,1.0,2,2,1.0
1306030,test,a34_35,3.9388926,4.8005466,1.0,3,3,1.0,2,2,1.0
1335179,test,a34_35,2.7105513,3.3347914,1.0,3,3,1.0,2,2,1.0
1353030,test,a34_35,2.193478,0.0,1.0,3,2,1.0,2,2,1.0
1384030,test,a34_35,3.0815144,3.59953,1.0,3,3,1.0,2,2,1.0
1399008,test,a34_35,2.186103,2.624538,1.0,3,3,1.0,2,4,1.0
1415004,test,a34_35,2.112457,2.663206,1.0,3,3,1.0,2,2,1.0
1430005,test,a34_35,2.317902,2.0200462,1.0,3,3,1.0,6,6,1.0
1431003,test,a34_35,3.5152192,3.7301474,1.0,3,3,1.0,2,2,1.0
1431004,test,a34_35,2.7879436,0.0,1.0,3,2,1.0,2,2,1.0
1431172,test,a34_35,3.4816842,4.886779,1.0,3,2,1.0,2,2,1.0
1462004,test,a34_35,2.4976363,3.378522,1.0,3,3,1.0,2,2,1.0
1520173,test,a34_35,3.2339506,3.9266827,1.0,3,3,1.0,2,2,1.0
1522175,test,a34_35,3.184928,4.5377207,1.0,3,3,1.0,2,2,1.0
1542006,test,a34_35,2.9545975,3.5747643,1.0,3,3,1.0,2,2,1.0
1542177,test,a34_35,3.6088157,3.8778384,1.0,3,3,1.0,2,2,1.0
1567031,test,a34_35,3.430837,3.6260033,1.0,3,3,1.0,6,6,1.0
1608031,test,a34_35,3.4102836,3.8359485,1.0,3,3,1.0,4,3,1.0
1612003,test,a34_35,3.5692134,3.2975547,1.0,3,3,1.0,2,2,1.0
1621003,test,a34_35,2.4785087,3.2045677,1.0,3,3,1.0,2,2,1.0
1648003,test,a34_35,3.459082,3.0027869,1.0,3,3,1.0,2,2,1.0
1648030,test,a34_35,3.3183708,2.0603547,1.0,3,3,1.0,6,6,1.0
1670172,test,a34_35,3.1955078,3.0779936,1.0,3,3,1.0,2,2,1.0
1684170,test,a34_35,0.5166178,0.0,1.0,2,3,1.0,2,2,1.0
1690030,test,a34_35,3.506631,4.0259957,1.0,3,3,1.0,2,4,1.0
1692176,test,a34_35,3.3147233,0.0,0.0,3,-1,0.0,2,-1,0.0
1695030,test,a34_35,3.112331,3.2234797,1.0,3,3,1.0,6,2,1.0
1697036,test,a34_35,3.3470702,3.0575554,1.0,3,3,1.0,6,2,1.0
1698170,test,a34_35,2.4551022,2.4663796,1.0,3,3,1.0,2,2,1.0
1700031,test,a34_35,3.3259883,2.600042,1.0,3,2,1.0,2,4,1.0
1701003,test,a34_35,3.4222062,3.7449346,1.0,3,3,1.0,6,6,1.0
1711003,test,a34_35,2.4303415,2.4021344,1.0,3,3,1.0,2,2,1.0
1711171,test,a34_35,3.3530884,0.0,0.0,3,-1,0.0,2,-1,0.0
1732005,test,a34_35,2.778716,2.4728203,1.0,3,2,1.0,6,4,1.0
1762187,test,a34_35,0.7747704,0.0,1.0,2,2,1.0,2,2,1.0
1786187,test,a34_35,3.2174778,3.3312128,1.0,3,3,1.0,2,2,1.0
1837006,test,a34_35,3.424106,3.3800976,1.0,3,3,1.0,2,2,1.0
1850172,test,a34_35,1.9471341,3.1974778,1.0,3,3,1.0,2,2,1.0
1878030,test,a34_35,3.3972135,3.8423843,1.0,3,3,1.0,2,4,1.0
1879030,test,a34_35,3.2785516,3.960946,1.0,3,3,1.0,2,4,1.0
1905004,test,a34_35,3.5470972,3.6536653,1.0,3,3,1.0,2,2,1.0
1919009,test,a34_35,3.4010892,0.0,1.0,3,2,1.0,2,2,1.0
1935004,test,a34_35,3.1134877,2.810277,1.0,3,3,1.0,2,2,1.0
1936030,test,a34_35,2.8085918,0.0,1.0,3,2,1.0,2,2,1.0
1978171,test,a34_35,2.950841,2.3303957,1.0,3,3,1.0,2,2,1.0
2030031,test,a34_35,3.1084182,3.929022,1.0,3,3,1.0,6,2,1.0
2117003,test,a34_35,3.2414908,0.0,1.0,3,3,1.0,2,2,1.0
2150172,test,a34_35,2.1013272,1.9371668,1.0,3,3,1.0,2,2,1.0
2199182,test,a34_35,2.9565601,4.0530524,1.0,3,3,1.0,2,2,1.0
2206030,test,a34_35,3.6099987,3.4664924,1.0,3,3,1.0,4,2,1.0
2212031,test,a34_35,3.7839665,4.7276397,1.0,3,3,1.0,6,2,1.0
2238004,test,a34_35,3.4845474,3.4629118,1.0,3,3,1.0,2,2,1.0
2238172,test,a34_35,3.254798,0.0,0.0,3,-1,0.0,2,-1,0.0
2252172,test,a34_35,3.2001088,2.8005908,1.0,3,3,1.0,2,2,1.0
2255030,test,a34_35,3.906085,4.8156514,1.0,3,3,1.0,2,2,1.0
2277008,test,a34_35,2.6796768,2.5626314,1.0,3,3,1.0,2,2,1.0
2311172,test,a34_35,2.1918724,1.5610666,1.0,3,2,1.0,2,2,1.0
2330003,test,a34_35,3.6546252,4.2113166,1.0,3,3,1.0,6,2,1.0
2338003,test,a34_35,3.3824034,4.046953,1.0,3,3,1.0,6,6,1.0
2341004,test,a34_35,2.8082666,3.563381,1.0,3,2,1.0,2,4,1.0
2341005,test,a34_35,3.0718536,0.0,1.0,3,3,1.0,2,2,1.0
2354004,test,a34_35,1.8152108,2.3899386,1.0,3,3,1.0,2,2,1.0
2392004,test,a34_35,2.2698178,2.9586284,1.0,3,3,1.0,2,2,1.0
2393005,test,a34_35,3.7518792,3.8332024,1.0,3,3,1.0,6,2,1.0
2393171,test,a34_35,2.823682,3.5780287,1.0,3,3,1.0,2,2,1.0
2409006,test,a34_35,2.788567,2.7969706,1.0,3,3,1.0,2,2,1.0
2409171,test,a34_35,3.1355116,2.0512705,1.0,3,2,1.0,2,2,1.0
2422178,test,a34_35,3.479761,3.4795048,1.0,3,3,1.0,2,2,1.0
2459030,test,a34_35,3.3573604,3.9479196,1.0,3,3,1.0,2,4,1.0
2474030,test,a34_35,3.3081734,3.3850226,1.0,3,3,1.0,2,2,1.0
2474171,test,a34_35,1.9587427,1.4149004,1.0,3,3,1.0,2,2,1.0
2485173,test,a34_35,3.38015,2.4313986,1.0,3,3,1.0,4,6,1.0
2496172,test,a34_35,2.4483662,3.916388,1.0,3,3,1.0,2,4,1.0
2502005,test,a34_35,2.791495,3.1504118,1.0,3,3,1.0,2,2,1.0
2510171,test,a34_35,3.1167054,3.625488,1.0,3,3,1.0,2,2,1.0
2525174,test,a34_35,3.0123582,1.6816704,1.0,3,2,1.0,2,2,1.0
2530184,test,a34_35,2.6047342,2.9591303,1.0,3,2,1.0,2,2,1.0
2547171,test,a34_35,3.4782968,4.05604,1.0,3,3,1.0,2,2,1.0
2580030,test,a34_35,3.8959785,4.7499347,1.0,3,3,1.0,2,2,1.0
2593171,test,a34_35,3.3492417,4.30575,1.0,3,3,1.0,2,2,1.0
2615031,test,a34_35,3.424188,3.5979483,1.0,3,3,1.0,2,2,1.0
2642030,test,a34_35,2.9442508,2.8383443,1.0,3,3,1.0,2,2,1.0
2655002,test,a34_35,0.77757764,0.0,1.0,2,2,1.0,2,2,1.0
2705031,test,a34_35,3.732607,3.8038778,1.0,3,3,1.0,2,4,1.0
2707179,test,a34_35,3.1321278,2.844158,1.0,3,3,1.0,2,2,1.0
2714031,test,a34_35,3.473103,3.611134,1.0,3,3,1.0,2,2,1.0
2717004,test,a34_35,3.5628343,3.3915641,1.0,3,3,1.0,2,2,1.0
2738171,test,a34_35,3.5988777,4.886779,1.0,3,3,1.0,2,2,1.0
2794003,test,a34_35,3.4446607,3.7379057,1.0,3,3,1.0,6,2,1.0
2845030,test,a34_35,2.7425082,3.4714644,1.0,3,2,1.0,6,2,1.0
2847030,test,a34_35,3.2059426,3.611134,1.0,3,3,1.0,4,6,1.0
2848174,test,a34_35,2.4192894,0.0,1.0,3,2,1.0,6,6,1.0
2852006,test,a34_35,0.7904718,2.784962,1.0,2,3,1.0,2,2,1.0
2852030,test,a34_35,3.085869,2.1877906,1.0,3,3,1.0,2,2,1.0
2869170,test,a34_35,3.2107387,3.8547711,1.0,3,3,1.0,2,2,1.0
2897006,test,a34_35,3.2199202,3.2996137,1.0,3,3,1.0,6,6,1.0
2900171,test,a34_35,3.6041894,3.6154544,1.0,3,3,1.0,2,2,1.0
2907006,test,a34_35,3.0743723,2.5451865,1.0,3,3,1.0,2,2,1.0
2920030,test,a34_35,3.3593345,3.68331,1.0,3,2,1.0,6,3,1.0
3107001,test,a34_35,3.262212,3.5433505,1.0,3,3,1.0,2,2,1.0
3137007,test,a34_35,2.648472,2.4969764,1.0,3,3,1.0,6,6,1.0
3283002,test,a34_35,3.277255,4.138284,1.0,3,2,1.0,2,6,1.0
3492001,test,a34_35,3.2059712,3.8507123,1.0,3,3,1.0,6,2,1.0
5016170,test,a34_35,3.135772,2.4672387,1.0,3,3,1.0,4,4,1.0
5082003,test,a34_35,3.443789,3.6362765,1.0,3,3,1.0,6,2,1.0
5145032,test,a34_35,3.2620034,3.4762192,1.0,3,3,1.0,6,6,1.0
5163030,test,a34_35,3.2397075,2.9795868,1.0,3,3,1.0,2,3,1.0
5177171,test,a34_35,2.2125638,1.3270341,1.0,3,3,1.0,6,6,1.0
5199178,test,a34_35,3.113699,2.888504,1.0,3,3,1.0,2,2,1.0
5241030,test,a34_35,2.8587365,3.3329153,1.0,3,3,1.0,6,6,1.0
5264004,test,a34_35,3.3012497,3.36784,1.0,3,3,1.0,2,2,1.0
5294003,test,a34_35,3.399766,3.537279,1.0,3,3,1.0,2,2,1.0
5299172,test,a34_35,2.9587462,2.8502738,1.0,3,3,1.0,2,2,1.0
5306002,test,a34_35,2.6994605,0.45013475,1.0,3,2,1.0,6,6,1.0
5350030,test,a34_35,2.824797,3.0497952,1.0,3,3,1.0,4,6,1.0
5364006,test,a34_35,3.1013603,3.475767,1.0,3,3,1.0,6,6,1.0
5366033,test,a34_35,2.9797764,3.5589597,1.0,3,3,1.0,6,6,1.0
5406173,test,a34_35,3.105707,3.3717976,1.0,3,3,1.0,2,4,1.0
5424030,test,a34_35,1.92804,2.595237,1.0,3,3,1.0,6,6,1.0
5425003,test,a34_35,0.63023853,0.48401323,1.0,2,2,1.0,2,2,1.0
5430031,test,a34_35,1.9002732,0.0,1.0,3,3,1.0,6,6,1.0
5430171,test,a34_35,2.7147949,3.8255706,1.0,3,3,1.0,6,6,1.0
5443007,test,a34_35,2.167035,2.4250603,1.0,3,3,1.0,2,2,1.0
5464032,test,a34_35,2.71937,2.8707297,1.0,3,3,1.0,4,2,1.0
5488007,test,a34_35,2.6435142,2.7225564,1.0,3,3,1.0,2,2,1.0
5494005,test,a34_35,2.6307638,3.9408863,1.0,3,3,1.0,6,6,1.0
5513030,test,a34_35,2.9898844,3.1696036,1.0,3,3,1.0,6,6,1.0
5549006,test,a34_35,2.5968976,2.8014016,1.0,3,2,1.0,2,3,1.0
5553173,test,a34_35,3.263864,3.9032092,1.0,3,3,1.0,2,2,1.0
5560186,test,a34_35,3.2144072,3.8197687,1.0,3,3,1.0,2,2,1.0
5569009,test,a34_35,3.1098557,3.4386227,1.0,3,3,1.0,2,2,1.0
5570010,test,a34_35,3.0646572,3.9157524,1.0,3,3,1.0,2,4,1.0
5570012,test,a34_35,3.1865208,3.1862996,1.0,3,3,1.0,2,6,1.0
5570033,test,a34_35,3.2948613,3.249376,1.0,3,3,1.0,2,2,1.0
5576031,test,a34_35,2.813818,3.0570593,1.0,3,3,1.0,4,2,1.0
5614005,test,a34_35,2.6297553,2.9017913,1.0,3,3,1.0,4,3,1.0
5615010,test,a34_35,3.0446024,3.4926202,1.0,3,3,1.0,6,2,1.0
5615181,test,a34_35,3.3469868,2.9341648,1.0,3,3,1.0,2,2,1.0
5621170,test,a34_35,3.1311707,3.1195464,1.0,3,3,1.0,2,2,1.0
5626010,test,a34_35,3.1170464,2.9627197,1.0,3,2,1.0,2,2,1.0
5634188,test,a34_35,3.2794237,3.9144979,1.0,3,3,1.0,2,5,1.0
5635031,test,a34_35,2.8332412,2.974314,1.0,3,3,1.0,2,2,1.0
5646006,test,a34_35,0.6774411,0.3688904,1.0,2,3,1.0,6,6,1.0
5660005,test,a34_35,2.9297688,3.0857325,1.0,3,3,1.0,2,2,1.0
5664003,test,a34_35,2.1590047,1.1182684,1.0,3,3,1.0,6,6,1.0
5676007,test,a34_35,3.0340104,3.820191,1.0,3,3,1.0,2,4,1.0
5678030,test,a34_35,2.1912832,2.51976,1.0,3,2,1.0,6,6,1.0
5684034,test,a34_35,3.355266,3.496005,1.0,3,3,1.0,2,3,1.0
5784005,test,a34_35,0.48681402,0.0,1.0,2,2,1.0,6,6,1.0
5819005,test,a34_35,1.9803979,1.6023945,1.0,3,2,1.0,6,6,1.0
5821008,test,a34_35,3.128967,2.913222,1.0,3,3,1.0,2,2,1.0
5863033,test,a34_35,0.6918924,1.6256766,1.0,2,2,1.0,6,6,1.0
5921003,test,a34_35,2.745151,3.6592255,1.0,3,3,1.0,6,6,1.0
5922010,test,a34_35,3.2671459,2.873433,1.0,3,3,1.0,6,6,1.0
5938031,test,a34_35,2.574478,0.0,1.0,3,2,1.0,6,6,1.0
5960033,test,a34_35,2.5439458,2.8802483,1.0,3,3,1.0,6,3,1.0
5995005,test,a34_35,2.2820978,0.5575978,1.0,3,2,1.0,6,6,1.0
6028032,test,a34_35,2.30173,2.7959223,1.0,3,3,1.0,6,6,1.0
6030005,test,a34_35,3.4150398,3.6211877,1.0,3,3,1.0,6,6,1.0
6030008,test,a34_35,3.2931218,3.714141,1.0,3,3,1.0,6,6,1.0
6093006,test,a34_35,0.5954344,2.4245872,1.0,2,3,1.0,6,6,1.0
6093011,test,a34_35,2.0028863,2.5032198,1.0,3,3,1.0,6,6,1.0
6114182,test,a34_35,2.9072163,3.1132894,1.0,3,3,1.0,4,3,1.0
6120195,test,a34_35,0.55892944,0.83994776,1.0,2,2,1.0,2,2,1.0
6121030,test,a34_35,3.1148367,3.7940028,1.0,3,3,1.0,6,6,1.0
6179003,test,a34_35,3.2458742,3.4774165,1.0,3,3,1.0,2,2,1.0
6179170,test,a34_35,0.5928675,0.3768285,1.0,2,2,1.0,2,2,1.0
6191006,test,a34_35,2.2542267,3.5682108,1.0,3,3,1.0,4,2,1.0
6200175,test,a34_35,3.3514729,3.159689,1.0,3,2,1.0,2,2,1.0
6210007,test,a34_35,3.2059932,3.315958,1.0,3,3,1.0,6,2,1.0
6210008,test,a34_35,2.7870944,1.8576616,1.0,3,2,1.0,6,6,1.0
6350007,test,a34_35,2.7188268,2.6312733,1.0,3,3,1.0,6,6,1.0
6365010,test,a34_35,0.6292968,2.3485115,1.0,2,3,1.0,6,6,1.0
6365011,test,a34_35,2.0031772,1.4984527,1.0,3,2,1.0,2,2,1.0
6365177,test,a34_35,2.858675,3.154596,1.0,3,3,1.0,2,2,1.0
6381008,test,a34_35,3.0228233,4.0242934,1.0,3,3,1.0,2,4,1.0
6444003,test,a34_35,2.9041646,3.0920978,1.0,3,3,1.0,2,2,1.0
6475006,test,a34_35,0.40805578,0.88690853,1.0,2,2,1.0,6,6,1.0
6475007,test,a34_35,0.5082439,0.0,1.0,2,2,1.0,6,6,1.0
6509004,test,a34_35,3.0914555,2.9017913,1.0,3,2,1.0,6,2,1.0
6545008,test,a34_35,3.4158478,3.81034,1.0,3,3,1.0,6,2,1.0
6571003,test,a34_35,2.7514315,3.97414,1.0,3,3,1.0,6,6,1.0
6635009,test,a34_35,1.767097,0.0,1.0,3,2,1.0,6,4,1.0
6663030,test,a34_35,3.42782,3.9220536,1.0,3,3,1.0,6,6,1.0
6674003,test,a34_35,3.3461742,3.3930228,1.0,3,3,1.0,4,2,1.0
6674005,test,a34_35,3.3724988,3.3309689,1.0,3,3,1.0,4,2,1.0
6736181,test,a34_35,3.0399082,0.95784134,1.0,3,3,1.0,2,2,1.0
6740003,test,a34_35,2.084492,2.6543815,1.0,3,3,1.0,2,2,1.0
6769008,test,a34_35,2.8526697,1.5597403,1.0,3,2,1.0,4,4,1.0
6779033,test,a34_35,0.6451355,0.0,1.0,2,2,1.0,6,6,1.0
6030,test,a36_37,3.482054,3.74332,1.0,3,3,1.0,2,2,1.0
10030,test,a36_37,3.4401345,4.447782,1.0,3,3,1.0,6,2,1.0
41008,test,a36_37,2.9865813,0.0,1.0,3,2,1.0,2,2,1.0
68003,test,a36_37,3.415771,4.3019257,1.0,3,3,1.0,2,2,1.0
127030,test,a36_37,3.4769297,1.1681,1.0,3,2,1.0,6,2,1.0
127031,test,a36_37,3.5673046,3.8766596,1.0,3,3,1.0,6,2,1.0
129031,test,a36_37,0.51023483,0.0,1.0,2,2,1.0,6,2,1.0
129196,test,a36_37,3.069059,2.9811652,1.0,3,3,1.0,2,2,1.0
165030,test,a36_37,3.5700312,3.8713226,1.0,3,3,1.0,6,2,1.0
284004,test,a36_37,3.7902555,4.153324,1.0,3,3,1.0,2,2,1.0
301032,test,a36_37,3.7754767,4.375446,1.0,3,3,1.0,6,6,1.0
327003,test,a36_37,3.3502142,3.8161197,1.0,3,3,1.0,2,2,1.0
327171,test,a36_37,3.3090425,0.0,1.0,3,2,1.0,2,2,1.0
327172,test,a36_37,2.948562,3.3073823,1.0,3,3,1.0,2,2,1.0
331005,test,a36_37,3.8017435,4.384486,1.0,3,3,1.0,6,2,1.0
344178,test,a36_37,3.0716786,3.283957,1.0,3,3,1.0,2,2,1.0
461030,test,a36_37,3.5431526,3.416885,1.0,3,3,1.0,2,2,1.0
486004,test,a36_37,3.4475956,3.7570312,1.0,3,3,1.0,2,2,1.0
563183,test,a36_37,0.5859219,3.9435904,1.0,2,3,1.0,2,2,1.0
577004,test,a36_37,2.7804208,3.4728677,1.0,3,3,1.0,2,2,1.0
607030,test,a36_37,3.6251059,3.736019,1.0,3,3,1.0,2,2,1.0
613173,test,a36_37,3.3680856,4.599529,1.0,3,3,1.0,2,2,1.0
634008,test,a36_37,3.4664133,3.2418456,1.0,3,3,1.0,4,6,1.0
652005,test,a36_37,3.2497582,3.4032557,1.0,3,3,1.0,2,2,1.0
672003,test,a36_37,0.47932434,3.3391197,1.0,2,3,1.0,2,4,1.0
691175,test,a36_37,3.3199692,2.3309872,1.0,3,3,1.0,2,2,1.0
699031,test,a36_37,2.2723622,3.3599384,1.0,3,3,1.0,6,6,1.0
722178,test,a36_37,0.6721126,0.0,1.0,2,2,1.0,2,2,1.0
771003,test,a36_37,3.3734076,2.9920292,1.0,3,3,1.0,4,2,1.0
775005,test,a36_37,3.3626091,3.612571,1.0,3,3,1.0,6,2,1.0
796006,test,a36_37,3.5953672,3.5002303,1.0,3,3,1.0,6,6,1.0
844003,test,a36_37,3.043202,3.4309494,1.0,3,3,1.0,2,2,1.0
863006,test,a36_37,3.3535423,3.216545,1.0,3,3,1.0,2,2,1.0
863173,test,a36_37,3.566436,3.6074202,1.0,3,3,1.0,2,2,1.0
866172,test,a36_37,3.1020694,2.7199008,1.0,3,3,1.0,6,2,1.0
868005,test,a36_37,3.4830518,3.7930343,1.0,3,3,1.0,2,2,1.0
875030,test,a36_37,0.6925452,0.0,1.0,2,2,1.0,2,2,1.0
897006,test,a36_37,2.9574182,2.712402,1.0,3,2,1.0,2,4,1.0
922171,test,a36_37,3.3896785,4.013992,1.0,3,3,1.0,2,2,1.0
934030,test,a36_37,3.3354037,4.2906785,1.0,3,3,1.0,2,2,1.0
935005,test,a36_37,2.9244976,1.9161729,1.0,3,3,1.0,2,2,1.0
935176,test,a36_37,3.4343066,3.945999,1.0,3,3,1.0,2,2,1.0
939030,test,a36_37,3.7467682,0.0,1.0,3,2,1.0,6,2,1.0
964003,test,a36_37,0.5385735,3.0027869,1.0,2,3,1.0,6,6,1.0
970004,test,a36_37,3.3999398,3.9361787,1.0,3,3,1.0,2,2,1.0
982004,test,a36_37,3.2054749,3.7953534,1.0,3,3,1.0,2,4,1.0
1033030,test,a36_37,3.4764693,4.0324144,1.0,3,3,1.0,2,4,1.0
1036003,test,a36_37,3.7907257,2.5812607,1.0,3,3,1.0,4,2,1.0
1048006,test,a36_37,2.5709934,0.3958271,1.0,3,3,1.0,2,2,1.0
1055172,test,a36_37,2.2410734,3.6951494,1.0,3,3,1.0,2,2,1.0
1060175,test,a36_37,3.0583138,2.6840017,1.0,3,3,1.0,2,2,1.0
1064171,test,a36_37,3.573306,4.499283,1.0,3,3,1.0,2,2,1.0
1072171,test,a36_37,3.4755082,3.753342,1.0,3,3,1.0,2,2,1.0
1084175,test,a36_37,2.8930328,1.176917,1.0,3,2,1.0,2,2,1.0
1100172,test,a36_37,3.0415936,3.616172,1.0,3,3,1.0,2,2,1.0
1141171,test,a36_37,2.5394292,0.0,0.0,3,-1,0.0,2,-1,0.0
1142030,test,a36_37,3.4514225,2.9372149,1.0,3,3,1.0,2,2,1.0
1144032,test,a36_37,3.453556,3.9697835,1.0,3,3,1.0,2,2,1.0
1149171,test,a36_37,3.4112403,3.6696174,1.0,3,3,1.0,2,2,1.0
1162030,test,a36_37,3.1277933,3.5584557,1.0,3,3,1.0,2,4,1.0
1167030,test,a36_37,0.57407606,0.0,1.0,2,2,1.0,6,6,1.0
1168008,test,a36_37,2.5357504,3.2307491,1.0,3,3,1.0,4,3,1.0
1222179,test,a36_37,3.0418234,2.6426997,1.0,3,3,1.0,2,2,1.0
1260008,test,a36_37,3.0043945,2.9115193,1.0,3,3,1.0,2,2,1.0
1269030,test,a36_37,3.0869591,4.35901,1.0,3,3,1.0,2,4,1.0
1292030,test,a36_37,3.3848119,3.3329153,1.0,3,2,1.0,4,4,1.0
1298005,test,a36_37,2.9572096,3.0895898,1.0,3,3,1.0,2,2,1.0
1306030,test,a36_37,3.9167757,4.886779,1.0,3,3,1.0,2,2,1.0
1335179,test,a36_37,2.7742636,3.2806733,1.0,3,3,1.0,2,2,1.0
1353030,test,a36_37,2.3650672,0.0,1.0,3,2,1.0,2,2,1.0
1384030,test,a36_37,3.1880915,3.7110548,1.0,3,3,1.0,2,2,1.0
1399008,test,a36_37,2.3594327,4.0375032,1.0,3,3,1.0,2,4,1.0
1415004,test,a36_37,2.2367902,2.5033958,1.0,3,3,1.0,2,2,1.0
1430005,test,a36_37,2.5158784,0.0,1.0,3,3,1.0,6,6,1.0
1431003,test,a36_37,3.4946737,3.7768457,1.0,3,3,1.0,2,2,1.0
1431004,test,a36_37,2.86395,0.0,1.0,3,2,1.0,2,2,1.0
1431172,test,a36_37,3.4837875,4.85698,1.0,3,3,1.0,2,2,1.0
1462004,test,a36_37,2.6217027,3.0797172,1.0,3,2,1.0,2,2,1.0
1520173,test,a36_37,3.2829852,3.835209,1.0,3,3,1.0,2,2,1.0
1522175,test,a36_37,3.1908455,4.5301976,1.0,3,3,1.0,2,2,1.0
1542006,test,a36_37,2.996457,4.8355174,1.0,3,3,1.0,2,2,1.0
1542177,test,a36_37,3.6130958,4.1511307,1.0,3,3,1.0,2,2,1.0
1567031,test,a36_37,3.5138752,3.547917,1.0,3,3,1.0,6,6,1.0
1608031,test,a36_37,3.4544842,3.8730197,1.0,3,3,1.0,4,4,1.0
1612003,test,a36_37,3.5714192,3.6263752,1.0,3,3,1.0,2,2,1.0
1621003,test,a36_37,2.5960321,3.2996137,1.0,3,3,1.0,2,2,1.0
1648003,test,a36_37,3.4882529,2.9653394,1.0,3,3,1.0,2,2,1.0
1648030,test,a36_37,3.3723743,0.0453653,1.0,3,2,1.0,6,6,1.0
1670172,test,a36_37,3.2752302,2.8368268,1.0,3,3,1.0,2,2,1.0
1684170,test,a36_37,0.53719413,0.0,0.0,2,-1,0.0,2,-1,0.0
1690030,test,a36_37,3.5179381,4.1288514,1.0,3,3,1.0,2,4,1.0
1692176,test,a36_37,3.3448286,0.0,0.0,3,-1,0.0,2,-1,0.0
1695030,test,a36_37,3.1586695,3.1334782,1.0,3,3,1.0,6,2,1.0
1697036,test,a36_37,3.424623,3.9229333,1.0,3,3,1.0,6,2,1.0
1698170,test,a36_37,2.5518506,3.5876048,1.0,3,3,1.0,2,2,1.0
1700031,test,a36_37,3.3609052,3.2409673,1.0,3,3,1.0,2,4,1.0
1701003,test,a36_37,3.4377317,3.916388,1.0,3,3,1.0,6,6,1.0
1711003,test,a36_37,2.5340192,0.0,1.0,3,3,1.0,2,2,1.0
1711171,test,a36_37,3.3842545,3.416885,1.0,3,3,1.0,2,2,1.0
1732005,test,a36_37,2.892471,3.1862996,1.0,3,3,1.0,6,4,1.0
1762187,test,a36_37,0.72491205,0.0,1.0,2,2,1.0,2,2,1.0
1786187,test,a36_37,3.26511,0.0,0.0,3,-1,0.0,2,-1,0.0
1837006,test,a36_37,3.4510107,2.8220248,1.0,3,3,1.0,2,2,1.0
1850172,test,a36_37,2.125976,3.216545,1.0,3,3,1.0,2,2,1.0
1878030,test,a36_37,3.4371302,3.456708,1.0,3,3,1.0,2,4,1.0
1879030,test,a36_37,3.345882,4.019886,1.0,3,3,1.0,2,3,1.0
1905004,test,a36_37,3.5572972,3.9048967,1.0,3,3,1.0,2,2,1.0
1919009,test,a36_37,3.4066813,0.0,1.0,3,3,1.0,2,2,1.0
1935004,test,a36_37,3.1542392,2.7594547,1.0,3,2,1.0,2,2,1.0
1936030,test,a36_37,2.9349504,0.26956925,1.0,3,3,1.0,2,2,1.0
1978171,test,a36_37,2.9967685,3.1327703,1.0,3,3,1.0,2,2,1.0
2030031,test,a36_37,3.244106,3.7052534,1.0,3,3,1.0,6,2,1.0
2117003,test,a36_37,3.2581003,2.7586699,1.0,3,3,1.0,2,2,1.0
2150172,test,a36_37,2.2644062,1.9554864,1.0,3,3,1.0,2,2,1.0
2199182,test,a36_37,3.0746315,3.717534,1.0,3,3,1.0,2,2,1.0
2206030,test,a36_37,3.615943,3.1858559,1.0,3,3,1.0,4,2,1.0
2212031,test,a36_37,3.8093433,4.677089,1.0,3,3,1.0,6,2,1.0
2238004,test,a36_37,3.514997,1.8278397,1.0,3,3,1.0,2,4,1.0
2238172,test,a36_37,3.2609339,3.489942,1.0,3,3,1.0,2,2,1.0
2252172,test,a36_37,3.263194,3.048963,1.0,3,3,1.0,2,2,1.0
2255030,test,a36_37,3.89604,4.375135,1.0,3,3,1.0,2,2,1.0
2277008,test,a36_37,2.7520566,2.6412227,1.0,3,3,1.0,2,2,1.0
2311172,test,a36_37,2.3429563,1.7356842,1.0,3,3,1.0,2,2,1.0
2330003,test,a36_37,3.718306,4.0433564,1.0,3,3,1.0,6,2,1.0
2338003,test,a36_37,3.4775949,4.4704823,1.0,3,3,1.0,6,6,1.0
2341004,test,a36_37,2.9221864,3.4036195,1.0,3,2,1.0,2,4,1.0
2341005,test,a36_37,3.1221206,0.0,1.0,3,3,1.0,2,2,1.0
2354004,test,a36_37,1.9813832,2.4975948,1.0,3,3,1.0,2,2,1.0
2392004,test,a36_37,2.3959389,2.7225564,1.0,3,3,1.0,2,2,1.0
2393005,test,a36_37,3.772661,3.951662,1.0,3,3,1.0,6,2,1.0
2393171,test,a36_37,2.9346118,4.04496,1.0,3,3,1.0,2,2,1.0
2409006,test,a36_37,2.903776,2.6774976,1.0,3,3,1.0,2,2,1.0
2409171,test,a36_37,3.1540627,2.409316,1.0,3,3,1.0,2,2,1.0
2422178,test,a36_37,3.4968746,3.249376,1.0,3,3,1.0,2,2,1.0
2459030,test,a36_37,3.400377,3.8719819,1.0,3,3,1.0,2,4,1.0
2474030,test,a36_37,3.343638,3.8730197,1.0,3,3,1.0,2,2,1.0
2474171,test,a36_37,2.109256,1.1140053,1.0,3,2,1.0,2,2,1.0
2485173,test,a36_37,3.4087176,2.508309,1.0,3,3,1.0,4,4,1.0
2496172,test,a36_37,2.6780055,4.096741,1.0,3,3,1.0,2,4,1.0
2502005,test,a36_37,2.876845,3.166873,1.0,3,3,1.0,2,2,1.0
2510171,test,a36_37,3.1244469,3.910636,1.0,3,3,1.0,2,2,1.0
2525174,test,a36_37,3.045444,2.2554643,1.0,3,3,1.0,2,2,1.0
2530184,test,a36_37,2.700203,2.9075313,1.0,3,3,1.0,2,2,1.0
2547171,test,a36_37,3.4873433,4.1239767,1.0,3,3,1.0,2,2,1.0
2580030,test,a36_37,3.868004,4.800682,1.0,3,3,1.0,2,2,1.0
2593171,test,a36_37,3.326122,4.3840117,1.0,3,3,1.0,2,4,1.0
2615031,test,a36_37,3.4458892,3.145773,1.0,3,3,1.0,2,2,1.0
2642030,test,a36_37,2.9877992,3.1858559,1.0,3,3,1.0,2,2,1.0
2655002,test,a36_37,0.7451199,0.0,1.0,2,2,1.0,2,2,1.0
2705031,test,a36_37,3.753456,3.901413,1.0,3,3,1.0,2,4,1.0
2707179,test,a36_37,3.1907017,2.9886043,1.0,3,3,1.0,2,2,1.0
2714031,test,a36_37,3.5003312,3.843872,1.0,3,3,1.0,2,2,1.0
2717004,test,a36_37,3.5669265,3.737305,1.0,3,3,1.0,2,2,1.0
2738171,test,a36_37,3.6023488,4.886779,1.0,3,3,1.0,2,2,1.0
2794003,test,a36_37,3.5070882,3.5598774,1.0,3,3,1.0,6,2,1.0
2845030,test,a36_37,2.9237757,2.2176964,1.0,3,2,1.0,6,2,1.0
2847030,test,a36_37,3.2205977,3.5965803,1.0,3,2,1.0,4,6,1.0
2848174,test,a36_37,2.593193,0.0,1.0,3,2,1.0,6,6,1.0
2852006,test,a36_37,0.74729717,2.711484,1.0,2,3,1.0,2,2,1.0
2852030,test,a36_37,3.149404,2.4002507,1.0,3,3,1.0,2,2,1.0
2869170,test,a36_37,3.253388,3.9665751,1.0,3,3,1.0,2,2,1.0
2897006,test,a36_37,3.3243608,3.8678546,1.0,3,3,1.0,6,6,1.0
2900171,test,a36_37,3.607036,0.0,1.0,3,3,1.0,2,2,1.0
2907006,test,a36_37,3.1251876,2.5724497,1.0,3,3,1.0,2,2,1.0
2920030,test,a36_37,3.3889468,3.8583722,1.0,3,3,1.0,6,4,1.0
3107001,test,a36_37,3.2864938,3.456255,1.0,3,3,1.0,2,2,1.0
3137007,test,a36_37,2.7822213,2.624188,1.0,3,3,1.0,6,6,1.0
3283002,test,a36_37,3.2506218,3.1844463,1.0,3,3,1.0,2,6,1.0
3492001,test,a36_37,3.2487726,3.896652,1.0,3,3,1.0,6,2,1.0
5016170,test,a36_37,3.1809251,2.5121129,1.0,3,3,1.0,4,4,1.0
5082003,test,a36_37,3.4320867,3.835146,1.0,3,3,1.0,6,3,1.0
5145032,test,a36_37,3.3165658,3.5205016,1.0,3,3,1.0,6,6,1.0
5163030,test,a36_37,3.2892346,3.3018157,1.0,3,3,1.0,2,3,1.0
5177171,test,a36_37,2.4105325,0.8605063,1.0,3,3,1.0,6,6,1.0
5199178,test,a36_37,3.1368532,2.9653394,1.0,3,3,1.0,2,2,1.0
5241030,test,a36_37,2.964927,3.3667955,1.0,3,3,1.0,6,6,1.0
5264004,test,a36_37,3.3087316,3.4554605,1.0,3,3,1.0,2,2,1.0
5294003,test,a36_37,3.3997507,3.5366516,1.0,3,3,1.0,2,2,1.0
5299172,test,a36_37,3.0233462,1.9603477,1.0,3,3,1.0,2,2,1.0
5306002,test,a36_37,2.8310337,0.4569097,1.0,3,2,1.0,6,6,1.0
5350030,test,a36_37,2.91162,2.4829748,1.0,3,3,1.0,4,6,1.0
5364006,test,a36_37,3.1583803,3.489942,1.0,3,3,1.0,6,6,1.0
5366033,test,a36_37,3.0481486,3.6431746,1.0,3,3,1.0,6,6,1.0
5406173,test,a36_37,3.127634,3.549721,1.0,3,3,1.0,2,4,1.0
5424030,test,a36_37,2.1330338,3.3871381,1.0,3,3,1.0,6,6,1.0
5425003,test,a36_37,0.6132921,2.222384,1.0,2,3,1.0,2,2,1.0
5430031,test,a36_37,2.0903876,0.7351825,1.0,3,3,1.0,6,6,1.0
5430171,test,a36_37,2.8217874,3.9490166,1.0,3,3,1.0,6,6,1.0
5443007,test,a36_37,2.301829,2.7594547,1.0,3,3,1.0,2,2,1.0
5464032,test,a36_37,2.8156183,2.973692,1.0,3,3,1.0,4,2,1.0
5488007,test,a36_37,2.6970627,2.6645033,1.0,3,3,1.0,2,2,1.0
5494005,test,a36_37,2.7801492,4.218239,1.0,3,3,1.0,6,6,1.0
5513030,test,a36_37,3.0755956,3.4137402,1.0,3,2,1.0,6,6,1.0
5549006,test,a36_37,2.671239,2.9669845,1.0,3,3,1.0,2,4,1.0
5553173,test,a36_37,3.2584257,3.955009,1.0,3,3,1.0,2,2,1.0
5560186,test,a36_37,3.2420647,3.627258,1.0,3,3,1.0,2,2,1.0
5569009,test,a36_37,3.1409183,3.5573397,1.0,3,3,1.0,2,2,1.0
5570010,test,a36_37,3.1039147,3.6598773,1.0,3,3,1.0,2,4,1.0
5570012,test,a36_37,3.2660322,2.9124293,1.0,3,3,1.0,2,6,1.0
5570033,test,a36_37,3.3123474,3.1070757,1.0,3,3,1.0,2,2,1.0
5576031,test,a36_37,2.879208,3.0814157,1.0,3,3,1.0,4,3,1.0
5614005,test,a36_37,2.7402916,2.844158,1.0,3,3,1.0,4,3,1.0
5615010,test,a36_37,3.1070664,3.3217459,1.0,3,3,1.0,6,2,1.0
5615181,test,a36_37,3.3700242,3.5781584,1.0,3,3,1.0,2,2,1.0
5621170,test,a36_37,3.1784837,0.0,1.0,3,3,1.0,2,2,1.0
5626010,test,a36_37,3.1314733,0.0,0.0,3,-1,0.0,2,-1,0.0
5634188,test,a36_37,3.3072827,0.0,0.0,3,-1,0.0,2,-1,0.0
5635031,test,a36_37,2.8964481,2.9446492,1.0,3,3,1.0,2,2,1.0
5646006,test,a36_37,0.64212453,2.2722006,1.0,2,2,1.0,6,6,1.0
5660005,test,a36_37,2.958929,2.2830377,1.0,3,3,1.0,2,2,1.0
5664003,test,a36_37,2.3694122,2.5692537,1.0,3,2,1.0,6,6,1.0
5676007,test,a36_37,3.0659893,3.3618436,1.0,3,3,1.0,2,2,1.0
5678030,test,a36_37,2.3490756,0.0,1.0,3,2,1.0,6,6,1.0
5684034,test,a36_37,3.3427577,4.2188535,1.0,3,3,1.0,2,4,1.0
5784005,test,a36_37,0.50844574,0.0,1.0,2,2,1.0,6,6,1.0
5819005,test,a36_37,2.1890855,0.0,1.0,3,2,1.0,6,6,1.0
5821008,test,a36_37,3.205232,2.9754534,1.0,3,3,1.0,2,2,1.0
5863033,test,a36_37,0.6492654,1.6931183,1.0,2,3,1.0,6,6,1.0
5921003,test,a36_37,2.8699822,2.588116,1.0,3,3,1.0,6,6,1.0
5922010,test,a36_37,3.3090208,2.8533432,1.0,3,3,1.0,6,6,1.0
5938031,test,a36_37,2.6779687,0.0,1.0,3,2,1.0,6,6,1.0
5960033,test,a36_37,2.6837606,3.0051901,1.0,3,3,1.0,6,6,1.0
5995005,test,a36_37,2.490624,2.366327,1.0,3,2,1.0,6,6,1.0
6028032,test,a36_37,2.4288096,3.2584245,1.0,3,3,1.0,6,6,1.0
6030005,test,a36_37,3.4060593,3.3861604,1.0,3,3,1.0,6,6,1.0
6030008,test,a36_37,3.3014572,3.5397089,1.0,3,3,1.0,6,6,1.0
6093006,test,a36_37,0.56873846,2.0376515,1.0,2,3,1.0,6,6,1.0
6093011,test,a36_37,2.1546865,2.5042346,1.0,3,3,1.0,6,6,1.0
6114182,test,a36_37,2.9986672,0.0,0.0,3,-1,0.0,4,-1,0.0
6120195,test,a36_37,0.55627143,0.0,1.0,2,2,1.0,2,2,1.0
6121030,test,a36_37,3.1311257,3.6931586,1.0,3,3,1.0,6,6,1.0
6179003,test,a36_37,3.2699697,3.3203936,1.0,3,3,1.0,2,2,1.0
6179170,test,a36_37,0.6073406,0.0,1.0,2,2,1.0,2,2,1.0
6191006,test,a36_37,2.5467072,3.7471669,1.0,3,3,1.0,4,2,1.0
6200175,test,a36_37,3.367055,3.1231244,1.0,3,3,1.0,2,2,1.0
6210007,test,a36_37,3.247046,3.5546792,1.0,3,3,1.0,6,2,1.0
6210008,test,a36_37,2.9299953,0.69897085,1.0,3,2,1.0,6,2,1.0
6350007,test,a36_37,2.8707612,1.7350653,1.0,3,3,1.0,6,2,1.0
6365010,test,a36_37,0.59663343,2.727774,1.0,2,3,1.0,6,6,1.0
6365011,test,a36_37,2.1664422,2.0153425,1.0,3,3,1.0,2,2,1.0
6365177,test,a36_37,2.948046,0.0,0.0,3,3,1.0,2,2,1.0
6381008,test,a36_37,3.108,4.1826577,1.0,3,3,1.0,2,4,1.0
6444003,test,a36_37,2.9917824,2.9450343,1.0,3,3,1.0,2,2,1.0
6475006,test,a36_37,0.43086815,0.65802634,1.0,2,3,1.0,6,6,1.0
6475007,test,a36_37,0.5028279,1.4497495,1.0,2,3,1.0,6,6,1.0
6509004,test,a36_37,3.2228827,3.0907397,1.0,3,3,1.0,6,2,1.0
6545008,test,a36_37,3.4632964,3.8915806,1.0,3,3,1.0,6,2,1.0
6571003,test,a36_37,2.83368,3.935453,1.0,3,3,1.0,6,6,1.0
6635009,test,a36_37,1.9963579,0.0,1.0,3,2,1.0,6,4,1.0
6663030,test,a36_37,3.4378126,4.1571207,1.0,3,3,1.0,6,6,1.0
6674003,test,a36_37,3.3853405,4.7621493,1.0,3,3,1.0,4,3,1.0
6674005,test,a36_37,3.3790414,3.4580462,1.0,3,2,1.0,4,3,1.0
6736181,test,a36_37,3.116907,2.5787773,1.0,3,3,1.0,2,2,1.0
6740003,test,a36_37,2.2093437,2.816746,1.0,3,3,1.0,2,2,1.0
6769008,test,a36_37,2.9696686,2.4743154,1.0,3,3,1.0,4,2,1.0
6779033,test,a36_37,0.60186195,0.0,1.0,2,2,1.0,6,6,1.0
6030,test,a38_39,3.4922504,3.749288,1.0,3,3,1.0,2,2,1.0
10030,test,a38_39,3.4815955,4.5234475,1.0,3,3,1.0,6,2,1.0
41008,test,a38_39,3.035358,0.0,1.0,3,2,1.0,2,3,1.0
68003,test,a38_39,3.4667547,4.141229,1.0,3,3,1.0,2,2,1.0
127030,test,a38_39,3.524447,1.6800723,1.0,3,2,1.0,6,2,1.0
127031,test,a38_39,3.6264787,1.3273802,1.0,3,3,1.0,6,3,1.0
129031,test,a38_39,0.48031592,2.4149668,1.0,2,2,1.0,6,3,1.0
129196,test,a38_39,3.1460352,0.6038552,1.0,3,2,1.0,2,2,1.0
165030,test,a38_39,3.6399906,3.7935455,1.0,3,3,1.0,6,2,1.0
284004,test,a38_39,3.81001,4.218239,1.0,3,3,1.0,2,2,1.0
301032,test,a38_39,3.82859,4.051456,1.0,3,3,1.0,6,6,1.0
327003,test,a38_39,3.3685105,3.8576567,1.0,3,3,1.0,2,2,1.0
327171,test,a38_39,3.3159347,1.2899189,1.0,3,3,1.0,2,2,1.0
327172,test,a38_39,2.9928372,3.6687279,1.0,3,3,1.0,2,2,1.0
331005,test,a38_39,3.840578,4.2639766,1.0,3,3,1.0,6,2,1.0
344178,test,a38_39,3.1036508,3.3562138,1.0,3,3,1.0,2,2,1.0
461030,test,a38_39,3.5725014,3.2707531,1.0,3,3,1.0,2,2,1.0
486004,test,a38_39,3.4838965,4.1858344,1.0,3,3,1.0,2,2,1.0
563183,test,a38_39,0.559379,4.886779,1.0,2,3,1.0,2,2,1.0
577004,test,a38_39,2.827706,2.6426997,1.0,3,3,1.0,2,2,1.0
607030,test,a38_39,3.6582994,4.340779,1.0,3,3,1.0,2,4,1.0
613173,test,a38_39,3.3703997,4.6204996,1.0,3,3,1.0,2,2,1.0
634008,test,a38_39,3.4916534,3.0124674,1.0,3,3,1.0,4,6,1.0
652005,test,a38_39,3.2911644,3.381554,1.0,3,3,1.0,2,2,1.0
672003,test,a38_39,0.45346713,3.7277038,1.0,2,3,1.0,2,4,1.0
691175,test,a38_39,3.3236222,3.1858559,1.0,3,3,1.0,2,2,1.0
699031,test,a38_39,2.430607,3.5333405,1.0,3,3,1.0,6,6,1.0
722178,test,a38_39,0.6293285,0.0,1.0,2,2,1.0,2,2,1.0
771003,test,a38_39,3.4088063,3.4782934,1.0,3,3,1.0,4,2,1.0
775005,test,a38_39,3.4580002,0.0,1.0,3,2,1.0,6,2,1.0
796006,test,a38_39,3.6275482,2.893335,1.0,3,3,1.0,6,6,1.0
844003,test,a38_39,3.1307685,3.416885,1.0,3,3,1.0,2,2,1.0
863006,test,a38_39,3.3681254,0.0,1.0,3,2,1.0,2,2,1.0
863173,test,a38_39,3.5990195,3.672806,1.0,3,3,1.0,2,2,1.0
866172,test,a38_39,3.2028093,2.6793635,1.0,3,3,1.0,6,2,1.0
868005,test,a38_39,3.5163383,3.7266295,1.0,3,3,1.0,2,2,1.0
875030,test,a38_39,0.6396972,0.0,1.0,2,2,1.0,2,2,1.0
897006,test,a38_39,3.0271304,2.9308307,1.0,3,3,1.0,2,4,1.0
922171,test,a38_39,3.436226,4.109105,1.0,3,3,1.0,2,2,1.0
934030,test,a38_39,3.361366,4.3578134,1.0,3,3,1.0,2,2,1.0
935005,test,a38_39,2.9994893,2.1372967,1.0,3,3,1.0,2,2,1.0
935176,test,a38_39,3.4695714,3.2996137,1.0,3,3,1.0,2,2,1.0
939030,test,a38_39,3.795164,0.0,1.0,3,2,1.0,6,2,1.0
964003,test,a38_39,0.5117494,3.2050848,1.0,2,3,1.0,6,6,1.0
970004,test,a38_39,3.4299083,2.0805924,1.0,3,3,1.0,2,2,1.0
982004,test,a38_39,3.2508407,3.4262018,1.0,3,3,1.0,2,2,1.0
1033030,test,a38_39,3.5177593,3.8766596,1.0,3,3,1.0,2,2,1.0
1036003,test,a38_39,3.8225608,3.149699,1.0,3,3,1.0,4,2,1.0
1048006,test,a38_39,2.6334388,2.4126072,1.0,3,3,1.0,2,2,1.0
1055172,test,a38_39,2.3435173,3.7397017,1.0,3,3,1.0,2,2,1.0
1060175,test,a38_39,3.0858006,2.8523908,1.0,3,3,1.0,2,2,1.0
1064171,test,a38_39,3.593814,4.4858203,1.0,3,3,1.0,2,2,1.0
1072171,test,a38_39,3.5080838,2.8985991,1.0,3,3,1.0,2,2,1.0
1084175,test,a38_39,2.9612844,1.3963474,1.0,3,2,1.0,2,2,1.0
1100172,test,a38_39,3.075787,3.8317928,1.0,3,3,1.0,2,2,1.0
1141171,test,a38_39,2.6397803,0.752443,1.0,3,3,1.0,2,2,1.0
1142030,test,a38_39,3.481935,3.3023171,1.0,3,3,1.0,2,2,1.0
1144032,test,a38_39,3.489815,3.9551072,1.0,3,3,1.0,2,2,1.0
1149171,test,a38_39,3.4678469,2.588116,1.0,3,2,1.0,2,2,1.0
1162030,test,a38_39,3.162176,3.4081893,1.0,3,3,1.0,2,2,1.0
1167030,test,a38_39,0.51745236,0.0,1.0,2,2,1.0,6,6,1.0
1168008,test,a38_39,2.659389,3.1106615,1.0,3,3,1.0,4,3,1.0
1222179,test,a38_39,3.0837135,2.342743,1.0,3,3,1.0,2,2,1.0
1260008,test,a38_39,3.042351,2.241885,1.0,3,3,1.0,2,2,1.0
1269030,test,a38_39,3.125945,3.9591064,1.0,3,3,1.0,2,4,1.0
1292030,test,a38_39,3.4126506,2.9246223,1.0,3,2,1.0,4,4,1.0
1298005,test,a38_39,3.0258262,3.2996137,1.0,3,3,1.0,2,2,1.0
1306030,test,a38_39,3.9323142,4.886779,1.0,3,3,1.0,2,2,1.0
1335179,test,a38_39,2.8283672,3.2282774,1.0,3,3,1.0,2,2,1.0
1353030,test,a38_39,2.4870028,0.0,1.0,3,2,1.0,2,2,1.0
1384030,test,a38_39,3.2813063,3.8597128,1.0,3,3,1.0,2,2,1.0
1399008,test,a38_39,2.483287,3.9200065,1.0,3,3,1.0,2,4,1.0
1415004,test,a38_39,2.3261664,2.7496648,1.0,3,3,1.0,2,2,1.0
1430005,test,a38_39,2.6631138,0.0,1.0,3,3,1.0,6,6,1.0
1431003,test,a38_39,3.5007844,3.8332024,1.0,3,3,1.0,2,2,1.0
1431004,test,a38_39,2.9229205,1.9831173,1.0,3,3,1.0,2,2,1.0
1431172,test,a38_39,3.5094154,4.455336,1.0,3,3,1.0,2,2,1.0
1462004,test,a38_39,2.7202945,0.0,1.0,3,2,1.0,2,2,1.0
1520173,test,a38_39,3.3373442,3.9155073,1.0,3,3,1.0,2,2,1.0
1522175,test,a38_39,3.2102404,4.768415,1.0,3,3,1.0,2,2,1.0
1542006,test,a38_39,3.040238,4.418266,1.0,3,3,1.0,2,2,1.0
1542177,test,a38_39,3.639286,4.1952477,1.0,3,3,1.0,2,2,1.0
1567031,test,a38_39,3.599331,3.7168667,1.0,3,3,1.0,6,6,1.0
1608031,test,a38_39,3.4976249,0.0,0.0,3,-1,0.0,4,-1,0.0
1612003,test,a38_39,3.5950408,3.242958,1.0,3,3,1.0,2,4,1.0
1621003,test,a38_39,2.6803737,3.437568,1.0,3,3,1.0,2,2,1.0
1648003,test,a38_39,3.5282145,2.8707297,1.0,3,3,1.0,2,2,1.0
1648030,test,a38_39,3.4315832,3.2510931,1.0,3,3,1.0,6,6,1.0
1670172,test,a38_39,3.3409772,3.1246448,1.0,3,3,1.0,2,2,1.0
1684170,test,a38_39,0.5173367,2.5787773,1.0,2,3,1.0,2,2,1.0
1690030,test,a38_39,3.5476034,3.6570308,1.0,3,3,1.0,2,2,1.0
1692176,test,a38_39,3.387821,3.5729935,1.0,3,3,1.0,2,2,1.0
1695030,test,a38_39,3.2065473,2.9226713,1.0,3,3,1.0,6,2,1.0
1697036,test,a38_39,3.499023,1.4840773,1.0,3,3,1.0,6,2,1.0
1698170,test,a38_39,2.6282175,0.00086969405,1.0,3,3,1.0,2,2,1.0
1700031,test,a38_39,3.4106293,3.282534,1.0,3,3,1.0,2,4,1.0
1701003,test,a38_39,3.4671612,3.8529587,1.0,3,3,1.0,6,6,1.0
1711003,test,a38_39,2.61323,0.0,0.0,3,-1,0.0,2,-1,0.0
1711171,test,a38_39,3.4258134,3.6634784,1.0,3,3,1.0,2,2,1.0
1732005,test,a38_39,2.9884272,3.150554,1.0,3,3,1.0,6,4,1.0
1762187,test,a38_39,0.66213536,0.0,1.0,2,2,1.0,2,3,1.0
1786187,test,a38_39,3.3195138,3.3020296,1.0,3,3,1.0,2,2,1.0
1837006,test,a38_39,3.491687,2.8639922,1.0,3,3,1.0,2,2,1.0
1850172,test,a38_39,2.2479422,3.312707,1.0,3,3,1.0,2,2,1.0
1878030,test,a38_39,3.4787307,4.103497,1.0,3,2,1.0,2,4,1.0
1879030,test,a38_39,3.4162743,4.0583324,1.0,3,3,1.0,2,2,1.0
1905004,test,a38_39,3.5888298,4.316903,1.0,3,3,1.0,2,2,1.0
1919009,test,a38_39,3.4262693,1.6758715,1.0,3,3,1.0,2,2,1.0
1935004,test,a38_39,3.1929083,2.953849,1.0,3,3,1.0,2,2,1.0
1936030,test,a38_39,3.0227003,1.0134155,1.0,3,3,1.0,2,2,1.0
1978171,test,a38_39,3.0371003,2.7871172,1.0,3,3,1.0,2,2,1.0
2030031,test,a38_39,3.3579202,3.1751428,1.0,3,3,1.0,6,2,1.0
2117003,test,a38_39,3.281498,2.6426997,1.0,3,3,1.0,2,2,1.0
2150172,test,a38_39,2.3767679,2.1172922,1.0,3,3,1.0,2,2,1.0
2199182,test,a38_39,3.1667871,3.7052534,1.0,3,2,1.0,2,2,1.0
2206030,test,a38_39,3.6368885,1.7450649,1.0,3,3,1.0,4,2,1.0
2212031,test,a38_39,3.8454213,4.496284,1.0,3,3,1.0,6,2,1.0
2238004,test,a38_39,3.5546064,2.8751705,1.0,3,3,1.0,2,4,1.0
2238172,test,a38_39,3.2787902,3.9032092,1.0,3,3,1.0,2,2,1.0
2252172,test,a38_39,3.3231957,2.8751705,1.0,3,3,1.0,2,2,1.0
2255030,test,a38_39,3.9155807,4.374246,1.0,3,3,1.0,2,2,1.0
2277008,test,a38_39,2.8116214,2.8474362,1.0,3,3,1.0,2,2,1.0
2311172,test,a38_39,2.4478157,2.7029045,1.0,3,3,1.0,2,2,1.0
2330003,test,a38_39,3.7882977,3.9039345,1.0,3,3,1.0,6,2,1.0
2338003,test,a38_39,3.569331,4.347552,1.0,3,3,1.0,6,2,1.0
2341004,test,a38_39,3.007682,3.5010288,1.0,3,3,1.0,2,4,1.0
2341005,test,a38_39,3.173655,0.0,1.0,3,3,1.0,2,2,1.0
2354004,test,a38_39,2.096815,2.3049343,1.0,3,3,1.0,2,2,1.0
2392004,test,a38_39,2.4846063,2.9341648,1.0,3,3,1.0,2,2,1.0
2393005,test,a38_39,3.8138988,3.507782,1.0,3,3,1.0,6,2,1.0
2393171,test,a38_39,3.0220988,4.208233,1.0,3,3,1.0,2,2,1.0
2409006,test,a38_39,2.9943757,0.0,0.0,3,-1,0.0,2,-1,0.0
2409171,test,a38_39,3.1795192,2.6426997,1.0,3,3,1.0,2,3,1.0
2422178,test,a38_39,3.5306726,3.3621042,1.0,3,3,1.0,2,2,1.0
2459030,test,a38_39,3.4442677,3.924717,1.0,3,3,1.0,2,2,1.0
2474030,test,a38_39,3.3887396,4.0688195,1.0,3,3,1.0,2,2,1.0
2474171,test,a38_39,2.216529,0.0,1.0,3,2,1.0,2,2,1.0
2485173,test,a38_39,3.4346704,2.1378505,1.0,3,2,1.0,4,6,1.0
2496172,test,a38_39,2.8352067,3.3488646,1.0,3,3,1.0,2,2,1.0
2502005,test,a38_39,2.9499316,3.390585,1.0,3,3,1.0,2,2,1.0
2510171,test,a38_39,3.146824,4.289796,1.0,3,3,1.0,2,2,1.0
2525174,test,a38_39,3.0815988,1.9848303,1.0,3,2,1.0,2,2,1.0
2530184,test,a38_39,2.7702398,1.403595,1.0,3,2,1.0,2,2,1.0
2547171,test,a38_39,3.518196,4.568962,1.0,3,3,1.0,2,2,1.0
2580030,test,a38_39,3.8750746,4.819106,1.0,3,3,1.0,2,2,1.0
2593171,test,a38_39,3.323909,4.559393,1.0,3,3,1.0,2,4,1.0
2615031,test,a38_39,3.482654,3.192419,1.0,3,3,1.0,2,2,1.0
2642030,test,a38_39,3.0289142,3.8566759,1.0,3,3,1.0,2,4,1.0
2655002,test,a38_39,0.6906804,0.0,0.0,2,-1,0.0,2,-1,0.0
2705031,test,a38_39,3.792868,4.0177207,1.0,3,3,1.0,2,4,1.0
2707179,test,a38_39,3.2515159,3.1407087,1.0,3,3,1.0,2,2,1.0
2714031,test,a38_39,3.5403628,3.5910182,1.0,3,3,1.0,2,2,1.0
2717004,test,a38_39,3.5897071,3.7156205,1.0,3,3,1.0,2,2,1.0
2738171,test,a38_39,3.6285133,4.1992106,1.0,3,3,1.0,2,2,1.0
2794003,test,a38_39,3.5781488,3.6167965,1.0,3,3,1.0,6,2,1.0
2845030,test,a38_39,3.066048,3.32431,1.0,3,3,1.0,6,2,1.0
2847030,test,a38_39,3.2399566,3.4514334,1.0,3,3,1.0,4,4,1.0
2848174,test,a38_39,2.7220297,0.0,1.0,3,2,1.0,6,2,1.0
2852006,test,a38_39,0.68587744,2.8745651,1.0,2,2,1.0,2,2,1.0
2852030,test,a38_39,3.2137575,1.7578189,1.0,3,3,1.0,2,2,1.0
2869170,test,a38_39,3.3037808,4.296681,1.0,3,3,1.0,2,2,1.0
2897006,test,a38_39,3.4194632,2.8997164,1.0,3,3,1.0,6,2,1.0
2900171,test,a38_39,3.6328592,3.857261,1.0,3,3,1.0,2,2,1.0
2907006,test,a38_39,3.1719246,2.8441474,1.0,3,3,1.0,2,2,1.0
2920030,test,a38_39,3.4256613,3.5910182,1.0,3,2,1.0,6,4,1.0
3107001,test,a38_39,3.326567,3.660574,1.0,3,3,1.0,2,2,1.0
3137007,test,a38_39,2.884557,2.908521,1.0,3,3,1.0,6,6,1.0
3283002,test,a38_39,3.2490864,3.2907898,1.0,3,3,1.0,2,6,1.0
3492001,test,a38_39,3.2957363,0.3199841,1.0,3,2,1.0,6,2,1.0
5016170,test,a38_39,3.2183642,1.8830991,1.0,3,3,1.0,4,4,1.0
5082003,test,a38_39,3.4428287,3.916388,1.0,3,3,1.0,6,4,1.0
5145032,test,a38_39,3.3717759,0.0,1.0,3,2,1.0,6,6,1.0
5163030,test,a38_39,3.3435302,2.874842,1.0,3,3,1.0,2,4,1.0
5177171,test,a38_39,2.5558856,0.5026926,1.0,3,3,1.0,6,6,1.0
5199178,test,a38_39,3.1608484,3.016735,1.0,3,3,1.0,2,2,1.0
5241030,test,a38_39,3.0498977,3.3928792,1.0,3,3,1.0,6,6,1.0
5264004,test,a38_39,3.3272462,3.4920115,1.0,3,3,1.0,2,2,1.0
5294003,test,a38_39,3.4171453,3.5534267,1.0,3,3,1.0,2,2,1.0
5299172,test,a38_39,3.0862813,2.7591305,1.0,3,3,1.0,2,2,1.0
5306002,test,a38_39,2.934864,0.5325506,1.0,3,2,1.0,6,6,1.0
5350030,test,a38_39,2.9810622,3.4463062,1.0,3,3,1.0,4,6,1.0
5364006,test,a38_39,3.214415,3.6436281,1.0,3,2,1.0,6,6,1.0
5366033,test,a38_39,3.1111634,3.6539025,1.0,3,3,1.0,6,4,1.0
5406173,test,a38_39,3.15185,3.4896688,1.0,3,3,1.0,2,4,1.0
5424030,test,a38_39,2.2850149,3.3914385,1.0,3,3,1.0,6,6,1.0
5425003,test,a38_39,0.5708873,2.986773,1.0,2,3,1.0,2,2,1.0
5430031,test,a38_39,2.2219448,0.0,1.0,3,2,1.0,6,6,1.0
5430171,test,a38_39,2.910506,3.2527912,1.0,3,3,1.0,6,6,1.0
5443007,test,a38_39,2.3923092,0.0,1.0,3,2,1.0,2,2,1.0
5464032,test,a38_39,2.8882563,3.0959985,1.0,3,3,1.0,4,2,1.0
5488007,test,a38_39,2.7409656,2.388837,1.0,3,3,1.0,2,2,1.0
5494005,test,a38_39,2.8982306,2.6712263,1.0,3,3,1.0,6,6,1.0
5513030,test,a38_39,3.1501093,1.8739514,1.0,3,3,1.0,6,6,1.0
5549006,test,a38_39,2.727955,3.2625797,1.0,3,3,1.0,2,3,1.0
5553173,test,a38_39,3.269399,4.113696,1.0,3,3,1.0,2,2,1.0
5560186,test,a38_39,3.2816854,3.4533525,1.0,3,3,1.0,2,2,1.0
5569009,test,a38_39,3.1754084,1.8774947,1.0,3,3,1.0,2,2,1.0
5570010,test,a38_39,3.1497574,3.7856972,1.0,3,3,1.0,2,4,1.0
5570012,test,a38_39,3.3300626,3.5299022,1.0,3,3,1.0,2,2,1.0
5570033,test,a38_39,3.3432946,3.4081893,1.0,3,3,1.0,2,2,1.0
5576031,test,a38_39,2.9392574,2.8607311,1.0,3,3,1.0,4,2,1.0
5614005,test,a38_39,2.8268049,3.0700378,1.0,3,3,1.0,4,4,1.0
5615010,test,a38_39,3.1646442,3.3347914,1.0,3,3,1.0,6,2,1.0
5615181,test,a38_39,3.4048574,3.64069,1.0,3,3,1.0,2,2,1.0
5621170,test,a38_39,3.2298043,2.8751972,1.0,3,3,1.0,2,2,1.0
5626010,test,a38_39,3.151921,3.6983402,1.0,3,3,1.0,2,4,1.0
5634188,test,a38_39,3.3440943,3.7130666,1.0,3,3,1.0,2,5,1.0
5635031,test,a38_39,2.9641552,3.0341442,1.0,3,3,1.0,2,2,1.0
5646006,test,a38_39,0.5835259,1.4691843,1.0,2,2,1.0,6,6,1.0
5660005,test,a38_39,2.989485,3.3618436,1.0,3,3,1.0,2,2,1.0
5664003,test,a38_39,2.5180736,2.5328875,1.0,3,3,1.0,6,6,1.0
5676007,test,a38_39,3.103071,3.2290735,1.0,3,3,1.0,2,2,1.0
5678030,test,a38_39,2.463243,2.5460799,1.0,3,2,1.0,6,6,1.0
5684034,test,a38_39,3.3540955,4.285655,1.0,3,3,1.0,2,4,1.0
5784005,test,a38_39,0.48548436,0.98314327,1.0,2,2,1.0,6,6,1.0
5819005,test,a38_39,2.3324206,0.0,1.0,3,2,1.0,6,6,1.0
5821008,test,a38_39,3.2657304,2.9653394,1.0,3,3,1.0,2,2,1.0
5863033,test,a38_39,0.58689296,2.2691305,1.0,2,3,1.0,6,6,1.0
5921003,test,a38_39,2.9764905,2.8987672,1.0,3,3,1.0,6,6,1.0
5922010,test,a38_39,3.3590744,3.0221944,1.0,3,3,1.0,6,6,1.0
5938031,test,a38_39,2.7568266,0.0,1.0,3,2,1.0,6,6,1.0
5960033,test,a38_39,2.7970402,2.9610908,1.0,3,3,1.0,6,6,1.0
5995005,test,a38_39,2.6393864,3.1931083,1.0,3,3,1.0,6,6,1.0
6028032,test,a38_39,2.5214622,3.2903967,1.0,3,3,1.0,6,6,1.0
6030005,test,a38_39,3.4167974,3.3618436,1.0,3,3,1.0,6,6,1.0
6030008,test,a38_39,3.3234239,3.4057453,1.0,3,3,1.0,6,6,1.0
6093006,test,a38_39,0.5151752,2.8947754,1.0,2,3,1.0,6,6,1.0
6093011,test,a38_39,2.2631667,2.4029288,1.0,3,3,1.0,6,6,1.0
6114182,test,a38_39,3.0636296,0.0,1.0,3,-1,0.0,4,4,1.0
6120195,test,a38_39,0.52096784,0.0,1.0,2,2,1.0,2,2,1.0
6121030,test,a38_39,3.1555216,3.990114,1.0,3,3,1.0,6,6,1.0
6179003,test,a38_39,3.3053799,3.4187503,1.0,3,3,1.0,2,2,1.0
6179170,test,a38_39,0.5839422,0.0,1.0,2,2,1.0,2,2,1.0
6191006,test,a38_39,2.6736054,3.497985,1.0,3,3,1.0,4,2,1.0
6200175,test,a38_39,3.398531,0.0,0.0,3,-1,0.0,2,-1,0.0
6210007,test,a38_39,3.2916975,3.3717976,1.0,3,3,1.0,6,2,1.0
6210008,test,a38_39,3.042247,2.1378505,1.0,3,2,1.0,6,2,1.0
6350007,test,a38_39,2.9888031,3.0180361,1.0,3,3,1.0,6,2,1.0
6365010,test,a38_39,0.5409579,2.5992112,1.0,2,3,1.0,6,6,1.0
6365011,test,a38_39,2.2784214,0.0,1.0,3,2,1.0,2,2,1.0
6365177,test,a38_39,3.024264,3.1111588,1.0,3,3,1.0,2,2,1.0
6381008,test,a38_39,3.1833992,4.452307,1.0,3,2,1.0,2,4,1.0
6444003,test,a38_39,3.0640733,3.2238517,1.0,3,3,1.0,2,2,1.0
6475006,test,a38_39,0.40814757,1.6452125,1.0,2,3,1.0,6,6,1.0
6475007,test,a38_39,0.46196222,2.188878,1.0,2,3,1.0,6,6,1.0
6509004,test,a38_39,3.3306584,3.403105,1.0,3,3,1.0,6,2,1.0
6545008,test,a38_39,3.517109,3.8777459,1.0,3,3,1.0,6,2,1.0
6571003,test,a38_39,2.9049954,3.6925054,1.0,3,3,1.0,6,6,1.0
6635009,test,a38_39,2.1540937,0.0,1.0,3,2,1.0,6,6,1.0
6663030,test,a38_39,3.4649005,3.9113111,1.0,3,3,1.0,6,6,1.0
6674003,test,a38_39,3.4238477,4.0220346,1.0,3,3,1.0,4,3,1.0
6674005,test,a38_39,3.3954957,0.0,1.0,3,2,1.0,4,4,1.0
6736181,test,a38_39,3.1842701,2.6061158,1.0,3,3,1.0,2,2,1.0
6740003,test,a38_39,2.299524,2.8639922,1.0,3,3,1.0,2,2,1.0
6769008,test,a38_39,3.040329,0.0,0.0,3,-1,0.0,4,-1,0.0
6779033,test,a38_39,0.5387727,0.0,1.0,2,2,1.0,6,6,1.0
6030,test,a40_41,3.506124,3.7499423,1.0,3,3,1.0,2,2,1.0
10030,test,a40_41,3.521923,4.559393,1.0,3,3,1.0,6,2,1.0
41008,test,a40_41,3.0726209,0.0,1.0,3,2,1.0,2,3,1.0
68003,test,a40_41,3.50352,4.0359044,1.0,3,3,1.0,2,2,1.0
127030,test,a40_41,3.5697308,1.9284004,1.0,3,3,1.0,6,2,1.0
127031,test,a40_41,3.681335,2.6091545,1.0,3,3,1.0,6,4,1.0
129031,test,a40_41,0.44434285,2.0290809,1.0,2,3,1.0,6,6,1.0
129196,test,a40_41,3.2020922,0.0,1.0,3,2,1.0,2,2,1.0
165030,test,a40_41,3.7021723,3.9474757,1.0,3,3,1.0,6,2,1.0
284004,test,a40_41,3.8271952,4.279761,1.0,3,3,1.0,2,2,1.0
301032,test,a40_41,3.8738837,4.00551,1.0,3,3,1.0,6,2,1.0
327003,test,a40_41,3.3879144,3.8113515,1.0,3,3,1.0,2,2,1.0
327171,test,a40_41,3.325161,1.4956659,1.0,3,3,1.0,2,2,1.0
327172,test,a40_41,3.028374,2.1790605,1.0,3,3,1.0,2,2,1.0
331005,test,a40_41,3.8778484,4.282937,1.0,3,3,1.0,6,2,1.0
344178,test,a40_41,3.130285,3.44694,1.0,3,3,1.0,2,2,1.0
461030,test,a40_41,3.5959682,2.8327258,1.0,3,3,1.0,2,2,1.0
486004,test,a40_41,3.5131607,3.858834,1.0,3,3,1.0,2,2,1.0
563183,test,a40_41,0.52903414,0.0,1.0,2,2,1.0,2,2,1.0
577004,test,a40_41,2.864923,3.18551,1.0,3,3,1.0,2,2,1.0
607030,test,a40_41,3.6850603,4.129383,1.0,3,3,1.0,2,2,1.0
613173,test,a40_41,3.3746116,4.710525,1.0,3,3,1.0,2,2,1.0
634008,test,a40_41,3.5149422,0.0,1.0,3,2,1.0,4,2,1.0
652005,test,a40_41,3.3235865,3.578778,1.0,3,3,1.0,2,2,1.0
672003,test,a40_41,0.42247295,3.6452837,1.0,2,3,1.0,2,4,1.0
691175,test,a40_41,3.332622,3.0671463,1.0,3,3,1.0,2,2,1.0
699031,test,a40_41,2.556155,3.5188198,1.0,3,3,1.0,6,6,1.0
722178,test,a40_41,0.5875311,2.6435707,1.0,2,2,1.0,2,2,1.0
771003,test,a40_41,3.4398108,3.6737127,1.0,3,3,1.0,4,2,1.0
775005,test,a40_41,3.535892,0.7834087,1.0,3,2,1.0,6,2,1.0
796006,test,a40_41,3.6567142,3.935453,1.0,3,3,1.0,6,6,1.0
844003,test,a40_41,3.1936576,3.3626049,1.0,3,3,1.0,2,2,1.0
863006,test,a40_41,3.3844435,1.3168756,1.0,3,2,1.0,2,2,1.0
863173,test,a40_41,3.6224833,3.9154449,1.0,3,3,1.0,2,2,1.0
866172,test,a40_41,3.2827573,2.6542404,1.0,3,3,1.0,6,2,1.0
868005,test,a40_41,3.541378,0.0,0.0,3,-1,0.0,2,-1,0.0
875030,test,a40_41,0.5891186,0.0,1.0,2,2,1.0,2,2,1.0
897006,test,a40_41,3.0785258,2.0627527,1.0,3,2,1.0,2,4,1.0
922171,test,a40_41,3.470138,4.4280105,1.0,3,3,1.0,2,2,1.0
934030,test,a40_41,3.3850121,4.2702847,1.0,3,3,1.0,2,2,1.0
935005,test,a40_41,3.0542958,2.9372149,1.0,3,3,1.0,2,2,1.0
935176,test,a40_41,3.4965034,3.1244323,1.0,3,3,1.0,2,2,1.0
939030,test,a40_41,3.840622,1.1140053,1.0,3,3,1.0,6,2,1.0
964003,test,a40_41,0.47862387,2.2928271,1.0,2,3,1.0,6,6,1.0
970004,test,a40_41,3.4542413,1.595321,1.0,3,3,1.0,2,2,1.0
982004,test,a40_41,3.286506,3.5209594,1.0,3,3,1.0,2,2,1.0
1033030,test,a40_41,3.5498738,4.8614855,1.0,3,3,1.0,2,2,1.0
1036003,test,a40_41,3.8491416,2.884099,1.0,3,3,1.0,4,2,1.0
1048006,test,a40_41,2.6813047,2.782191,1.0,3,3,1.0,2,2,1.0
1055172,test,a40_41,2.4178367,3.6848996,1.0,3,3,1.0,2,2,1.0
1060175,test,a40_41,3.1092832,2.5155134,1.0,3,3,1.0,2,2,1.0
1064171,test,a40_41,3.6104836,3.8597128,1.0,3,3,1.0,2,2,1.0
1072171,test,a40_41,3.5332265,3.5870097,1.0,3,3,1.0,2,2,1.0
1084175,test,a40_41,3.0120254,0.12959567,1.0,3,2,1.0,2,2,1.0
1100172,test,a40_41,3.103145,3.9865384,1.0,3,3,1.0,2,2,1.0
1141171,test,a40_41,2.7123587,2.8288498,1.0,3,3,1.0,2,2,1.0
1142030,test,a40_41,3.5044732,3.49205,1.0,3,3,1.0,2,3,1.0
1144032,test,a40_41,3.5183983,4.25247,1.0,3,3,1.0,2,2,1.0
1149171,test,a40_41,3.5063496,3.7665071,1.0,3,3,1.0,2,2,1.0
1162030,test,a40_41,3.1905432,3.5748012,1.0,3,3,1.0,2,2,1.0
1167030,test,a40_41,0.46297812,0.0,1.0,2,2,1.0,6,6,1.0
1168008,test,a40_41,2.740364,3.210248,1.0,3,3,1.0,4,3,1.0
1222179,test,a40_41,3.118161,2.767858,1.0,3,3,1.0,2,2,1.0
1260008,test,a40_41,3.0748796,2.63554,1.0,3,3,1.0,2,2,1.0
1269030,test,a40_41,3.1570606,4.243668,1.0,3,3,1.0,2,2,1.0
1292030,test,a40_41,3.4384725,0.8605063,1.0,3,2,1.0,4,4,1.0
1298005,test,a40_41,3.0791419,3.515135,1.0,3,3,1.0,2,2,1.0
1306030,test,a40_41,3.9457462,4.886779,1.0,3,3,1.0,2,2,1.0
1335179,test,a40_41,2.8700776,3.2139137,1.0,3,3,1.0,2,2,1.0
1353030,test,a40_41,2.5760534,0.0,1.0,3,2,1.0,2,2,1.0
1384030,test,a40_41,3.349759,3.8051383,1.0,3,3,1.0,2,2,1.0
1399008,test,a40_41,2.5741398,4.0544734,1.0,3,2,1.0,2,4,1.0
1415004,test,a40_41,2.3926933,2.0535257,1.0,3,2,1.0,2,2,1.0
1430005,test,a40_41,2.777997,0.0,1.0,3,2,1.0,6,6,1.0
1431003,test,a40_41,3.509725,4.008891,1.0,3,3,1.0,2,2,1.0
1431004,test,a40_41,2.9678252,0.0,1.0,3,2,1.0,2,2,1.0
1431172,test,a40_41,3.5292773,4.6023507,1.0,3,3,1.0,2,2,1.0
1462004,test,a40_41,2.794887,1.7540548,1.0,3,3,1.0,2,2,1.0
1520173,test,a40_41,3.3768153,3.8882296,1.0,3,3,1.0,2,2,1.0
1522175,test,a40_41,3.228201,4.5083756,1.0,3,3,1.0,2,2,1.0
1542006,test,a40_41,3.076237,4.433782,1.0,3,3,1.0,2,2,1.0
1542177,test,a40_41,3.6571722,4.2022185,1.0,3,3,1.0,2,2,1.0
1567031,test,a40_41,3.6686378,3.8071828,1.0,3,3,1.0,6,6,1.0
1608031,test,a40_41,3.5299444,3.1444824,1.0,3,3,1.0,4,4,1.0
1612003,test,a40_41,3.6140957,4.1677203,1.0,3,3,1.0,2,4,1.0
1621003,test,a40_41,2.7419991,3.2300382,1.0,3,3,1.0,2,2,1.0
1648003,test,a40_41,3.5593023,2.9066825,1.0,3,3,1.0,2,2,1.0
1648030,test,a40_41,3.4814315,3.3073823,1.0,3,2,1.0,6,6,1.0
1670172,test,a40_41,3.3859496,2.9212708,1.0,3,3,1.0,2,2,1.0
1684170,test,a40_41,0.4919598,0.0,0.0,2,-1,0.0,2,-1,0.0
1690030,test,a40_41,3.571327,3.6953304,1.0,3,3,1.0,2,2,1.0
1692176,test,a40_41,3.4183483,3.8142254,1.0,3,3,1.0,2,2,1.0
1695030,test,a40_41,3.2505503,2.9304814,1.0,3,3,1.0,6,2,1.0
1697036,test,a40_41,3.561298,0.0,1.0,3,3,1.0,6,2,1.0
1698170,test,a40_41,2.6847105,2.7524128,1.0,3,3,1.0,2,2,1.0
1700031,test,a40_41,3.4483733,3.4132857,1.0,3,3,1.0,2,4,1.0
1701003,test,a40_41,3.4975834,4.083866,1.0,3,3,1.0,6,6,1.0
1711003,test,a40_41,2.6734726,2.6030054,1.0,3,3,1.0,2,2,1.0
1711171,test,a40_41,3.456809,1.7564632,1.0,3,3,1.0,2,2,1.0
1732005,test,a40_41,3.0653598,3.6597633,1.0,3,3,1.0,6,4,1.0
1762187,test,a40_41,0.6096889,2.3030276,1.0,2,3,1.0,2,3,1.0
1786187,test,a40_41,3.3589396,3.3871381,1.0,3,3,1.0,2,2,1.0
1837006,test,a40_41,3.5223145,2.9212708,1.0,3,3,1.0,2,2,1.0
1850172,test,a40_41,2.3374426,3.478806,1.0,3,3,1.0,2,2,1.0
1878030,test,a40_41,3.5151348,0.0,1.0,3,2,1.0,2,4,1.0
1879030,test,a40_41,3.4686327,4.0048003,1.0,3,3,1.0,2,2,1.0
1905004,test,a40_41,3.615304,3.8047087,1.0,3,3,1.0,2,2,1.0
1919009,test,a40_41,3.4449413,2.2302382,1.0,3,3,1.0,2,2,1.0
1935004,test,a40_41,3.2242284,3.016735,1.0,3,3,1.0,2,2,1.0
1936030,test,a40_41,3.088182,1.4956659,1.0,3,3,1.0,2,2,1.0
1978171,test,a40_41,3.0702791,2.6840017,1.0,3,3,1.0,2,2,1.0
2030031,test,a40_41,3.4494271,3.3526871,1.0,3,3,1.0,6,2,1.0
2117003,test,a40_41,3.303031,2.4012594,1.0,3,3,1.0,2,2,1.0
2150172,test,a40_41,2.458854,2.8005123,1.0,3,2,1.0,2,2,1.0
2199182,test,a40_41,3.2301173,4.0846477,1.0,3,3,1.0,2,2,1.0
2206030,test,a40_41,3.6567802,2.9928195,1.0,3,3,1.0,4,2,1.0
2212031,test,a40_41,3.882189,4.4331484,1.0,3,3,1.0,6,2,1.0
2238004,test,a40_41,3.5849707,3.9032092,1.0,3,3,1.0,2,4,1.0
2238172,test,a40_41,3.2963839,4.278098,1.0,3,3,1.0,2,3,1.0
2252172,test,a40_41,3.3675778,3.153995,1.0,3,3,1.0,2,2,1.0
2255030,test,a40_41,3.932323,4.886779,1.0,3,3,1.0,2,2,1.0
2277008,test,a40_41,2.8574066,2.7901263,1.0,3,3,1.0,2,2,1.0
2311172,test,a40_41,2.5247047,0.74044657,1.0,3,3,1.0,2,2,1.0
2330003,test,a40_41,3.845875,3.858834,1.0,3,3,1.0,6,2,1.0
2338003,test,a40_41,3.642456,4.6548495,1.0,3,3,1.0,6,2,1.0
2341004,test,a40_41,3.06886,3.0886452,1.0,3,3,1.0,2,4,1.0
2341005,test,a40_41,3.2106817,2.4084687,1.0,3,3,1.0,2,2,1.0
2354004,test,a40_41,2.181509,2.5044913,1.0,3,3,1.0,2,2,1.0
2392004,test,a40_41,2.55022,0.0,0.0,3,-1,0.0,2,-1,0.0
2393005,test,a40_41,3.8524733,3.6807222,1.0,3,3,1.0,6,2,1.0
2393171,test,a40_41,3.0852494,3.9681766,1.0,3,3,1.0,2,2,1.0
2409006,test,a40_41,3.0604706,0.0,0.0,3,-1,0.0,2,-1,0.0
2409171,test,a40_41,3.2026193,3.0480464,1.0,3,3,1.0,2,4,1.0
2422178,test,a40_41,3.556066,3.4296312,1.0,3,3,1.0,2,2,1.0
2459030,test,a40_41,3.4816232,3.9497616,1.0,3,3,1.0,2,2,1.0
2474030,test,a40_41,3.422711,4.079769,1.0,3,3,1.0,2,2,1.0
2474171,test,a40_41,2.2954357,0.0,1.0,3,2,1.0,2,2,1.0
2485173,test,a40_41,3.4586353,2.5871267,1.0,3,3,1.0,4,4,1.0
2496172,test,a40_41,2.9450128,3.3445346,1.0,3,3,1.0,2,2,1.0
2502005,test,a40_41,3.0049367,3.3588138,1.0,3,3,1.0,2,2,1.0
2510171,test,a40_41,3.1673326,4.455336,1.0,3,3,1.0,2,2,1.0
2525174,test,a40_41,3.10983,0.0,1.0,3,2,1.0,2,2,1.0
2530184,test,a40_41,2.8240547,0.0,1.0,3,2,1.0,2,2,1.0
2547171,test,a40_41,3.5398092,4.540295,1.0,3,3,1.0,2,2,1.0
2580030,test,a40_41,3.883253,4.8289323,1.0,3,3,1.0,2,2,1.0
2593171,test,a40_41,3.326436,4.5567827,1.0,3,3,1.0,2,4,1.0
2615031,test,a40_41,3.5096097,3.1635318,1.0,3,3,1.0,2,2,1.0
2642030,test,a40_41,3.0628805,3.5686162,1.0,3,3,1.0,2,2,1.0
2655002,test,a40_41,0.63813484,0.0,1.0,2,2,1.0,2,2,1.0
2705031,test,a40_41,3.8221643,3.5910182,1.0,3,3,1.0,2,4,1.0
2707179,test,a40_41,3.2954736,3.1097243,1.0,3,3,1.0,2,2,1.0
2714031,test,a40_41,3.570869,4.4998927,1.0,3,3,1.0,2,3,1.0
2717004,test,a40_41,3.6093495,3.5781584,1.0,3,3,1.0,2,2,1.0
2738171,test,a40_41,3.6479638,4.0232816,1.0,3,3,1.0,2,2,1.0
2794003,test,a40_41,3.6356215,3.718102,1.0,3,3,1.0,6,2,1.0
2845030,test,a40_41,3.1819391,3.4900744,1.0,3,3,1.0,6,2,1.0
2847030,test,a40_41,3.2562492,3.4371748,1.0,3,3,1.0,4,4,1.0
2848174,test,a40_41,2.826383,0.0,1.0,3,3,1.0,6,2,1.0
2852006,test,a40_41,0.6278132,1.7842062,1.0,2,3,1.0,2,2,1.0
2852030,test,a40_41,3.2612684,3.4605064,1.0,3,3,1.0,2,4,1.0
2869170,test,a40_41,3.3412156,4.2101345,1.0,3,3,1.0,2,2,1.0
2897006,test,a40_41,3.4966457,0.0,1.0,3,3,1.0,6,2,1.0
2900171,test,a40_41,3.6521454,3.6409497,1.0,3,3,1.0,2,2,1.0
2907006,test,a40_41,3.2084756,2.6187103,1.0,3,3,1.0,2,2,1.0
2920030,test,a40_41,3.459373,0.0,0.0,3,-1,0.0,6,-1,0.0
3107001,test,a40_41,3.3566961,3.2733867,1.0,3,3,1.0,2,2,1.0
3137007,test,a40_41,2.970479,2.5467622,1.0,3,3,1.0,6,6,1.0
3283002,test,a40_41,3.2536788,3.921005,1.0,3,3,1.0,2,6,1.0
3492001,test,a40_41,3.3396802,0.0,1.0,3,2,1.0,6,2,1.0
5016170,test,a40_41,3.2482219,2.2421632,1.0,3,3,1.0,4,4,1.0
5082003,test,a40_41,3.455287,3.9932265,1.0,3,3,1.0,6,4,1.0
5145032,test,a40_41,3.421399,3.1170058,1.0,3,3,1.0,6,6,1.0
5163030,test,a40_41,3.3829193,2.9642875,1.0,3,3,1.0,2,4,1.0
5177171,test,a40_41,2.6729565,0.49211225,1.0,3,2,1.0,6,6,1.0
5199178,test,a40_41,3.18137,3.59953,1.0,3,3,1.0,2,2,1.0
5241030,test,a40_41,3.1215744,3.5749753,1.0,3,3,1.0,6,6,1.0
5264004,test,a40_41,3.344643,3.5120373,1.0,3,3,1.0,2,2,1.0
5294003,test,a40_41,3.433311,3.654262,1.0,3,3,1.0,2,2,1.0
5299172,test,a40_41,3.1323113,3.1953952,1.0,3,3,1.0,2,2,1.0
5306002,test,a40_41,3.020711,0.3266577,1.0,3,2,1.0,6,6,1.0
5350030,test,a40_41,3.0353508,3.3050623,1.0,3,3,1.0,4,6,1.0
5364006,test,a40_41,3.2644088,4.7806487,1.0,3,3,1.0,6,6,1.0
5366033,test,a40_41,3.1644552,3.8141546,1.0,3,3,1.0,6,4,1.0
5406173,test,a40_41,3.1726046,3.6509905,1.0,3,3,1.0,2,4,1.0
5424030,test,a40_41,2.4066172,1.3657057,1.0,3,3,1.0,6,6,1.0
5425003,test,a40_41,0.53255284,2.8280425,1.0,2,3,1.0,2,2,1.0
5430031,test,a40_41,2.3242826,0.6298249,1.0,3,2,1.0,6,6,1.0
5430171,test,a40_41,2.9857228,2.7871172,1.0,3,3,1.0,6,6,1.0
5443007,test,a40_41,2.4581149,3.016735,1.0,3,3,1.0,2,2,1.0
5464032,test,a40_41,2.9443297,1.6090235,1.0,3,2,1.0,4,2,1.0
5488007,test,a40_41,2.7750537,2.6505947,1.0,3,3,1.0,2,2,1.0
5494005,test,a40_41,2.993441,3.4877887,1.0,3,3,1.0,6,2,1.0
5513030,test,a40_41,3.2144437,0.0,1.0,3,3,1.0,6,6,1.0
5549006,test,a40_41,2.7708669,3.1447468,1.0,3,2,1.0,2,3,1.0
5553173,test,a40_41,3.279613,4.0601115,1.0,3,3,1.0,2,2,1.0
5560186,test,a40_41,3.3109846,3.5258186,1.0,3,3,1.0,2,2,1.0
5569009,test,a40_41,3.2041488,3.5397089,1.0,3,3,1.0,2,3,1.0
5570010,test,a40_41,3.184833,3.7746825,1.0,3,3,1.0,2,4,1.0
5570012,test,a40_41,3.3745947,3.5320323,1.0,3,3,1.0,2,2,1.0
5570033,test,a40_41,3.367825,3.0667183,1.0,3,3,1.0,2,2,1.0
5576031,test,a40_41,2.9879363,2.7843602,1.0,3,3,1.0,4,2,1.0
5614005,test,a40_41,2.8947504,1.4687297,1.0,3,2,1.0,4,4,1.0
5615010,test,a40_41,3.2167826,3.456708,1.0,3,3,1.0,6,2,1.0
5615181,test,a40_41,3.43133,3.760343,1.0,3,3,1.0,2,2,1.0
5621170,test,a40_41,3.2675936,2.9801733,1.0,3,3,1.0,2,2,1.0
5626010,test,a40_41,3.1705744,3.3771255,1.0,3,3,1.0,2,4,1.0
5634188,test,a40_41,3.3732188,4.2273045,1.0,3,3,1.0,2,5,1.0
5635031,test,a40_41,3.015119,2.0191162,1.0,3,2,1.0,2,2,1.0
5646006,test,a40_41,0.52841973,0.6864259,1.0,2,2,1.0,6,6,1.0
5660005,test,a40_41,3.0156674,1.360323,1.0,3,3,1.0,2,3,1.0
5664003,test,a40_41,2.6376126,2.423047,1.0,3,2,1.0,6,6,1.0
5676007,test,a40_41,3.1326923,3.4555361,1.0,3,3,1.0,2,2,1.0
5678030,test,a40_41,2.5557961,0.0,1.0,3,2,1.0,6,6,1.0
5684034,test,a40_41,3.3667946,3.965506,1.0,3,3,1.0,2,2,1.0
5784005,test,a40_41,0.4536302,0.544594,1.0,2,3,1.0,6,6,1.0
5819005,test,a40_41,2.447174,0.0,1.0,3,3,1.0,6,6,1.0
5821008,test,a40_41,3.308509,3.1290631,1.0,3,3,1.0,2,2,1.0
5863033,test,a40_41,0.5271425,2.174519,1.0,2,3,1.0,6,6,1.0
5921003,test,a40_41,3.0644581,3.4085956,1.0,3,3,1.0,6,6,1.0
5922010,test,a40_41,3.4010348,4.886779,1.0,3,3,1.0,6,6,1.0
5938031,test,a40_41,2.8194258,0.0,1.0,3,2,1.0,6,6,1.0
5960033,test,a40_41,2.8915067,3.553619,1.0,3,3,1.0,6,6,1.0
5995005,test,a40_41,2.759654,0.0,1.0,3,2,1.0,6,6,1.0
6028032,test,a40_41,2.5962873,3.255347,1.0,3,3,1.0,6,6,1.0
6030005,test,a40_41,3.431942,3.3395429,1.0,3,3,1.0,6,2,1.0
6030008,test,a40_41,3.3471923,3.1301715,1.0,3,3,1.0,6,2,1.0
6093006,test,a40_41,0.46437597,3.1447468,1.0,2,3,1.0,6,6,1.0
6093011,test,a40_41,2.349905,3.3018157,1.0,3,3,1.0,6,6,1.0
6114182,test,a40_41,3.1139028,0.0,1.0,3,2,1.0,4,4,1.0
6120195,test,a40_41,0.48670363,0.0,1.0,2,3,1.0,2,3,1.0
6121030,test,a40_41,3.182166,3.929484,1.0,3,3,1.0,6,6,1.0
6179003,test,a40_41,3.332971,3.4392455,1.0,3,3,1.0,2,2,1.0
6179170,test,a40_41,0.556257,0.0,1.0,2,2,1.0,2,2,1.0
6191006,test,a40_41,2.7585917,3.8172607,1.0,3,3,1.0,4,2,1.0
6200175,test,a40_41,3.4226127,3.2527912,1.0,3,3,1.0,2,2,1.0
6210007,test,a40_41,3.331326,3.212376,1.0,3,3,1.0,6,2,1.0
6210008,test,a40_41,3.1317186,0.0,1.0,3,2,1.0,6,4,1.0
6350007,test,a40_41,3.0846982,3.1544933,1.0,3,3,1.0,6,2,1.0
6365010,test,a40_41,0.48754978,3.0165422,1.0,2,3,1.0,6,6,1.0
6365011,test,a40_41,2.3618379,0.0,1.0,3,2,1.0,2,2,1.0
6365177,test,a40_41,3.0792148,3.6634784,1.0,3,3,1.0,2,2,1.0
6381008,test,a40_41,3.2365375,0.0,1.0,3,2,1.0,2,4,1.0
6444003,test,a40_41,3.1188633,2.9807694,1.0,3,3,1.0,2,2,1.0
6475006,test,a40_41,0.3788755,0.0,1.0,2,2,1.0,6,6,1.0
6475007,test,a40_41,0.41948724,3.4318714,1.0,2,3,1.0,6,6,1.0
6509004,test,a40_41,3.4180517,3.3419354,1.0,3,3,1.0,6,2,1.0
6545008,test,a40_41,3.5638704,0.0,1.0,3,3,1.0,6,2,1.0
6571003,test,a40_41,2.9666991,4.2124395,1.0,3,3,1.0,6,6,1.0
6635009,test,a40_41,2.280689,0.0,1.0,3,2,1.0,6,6,1.0
6663030,test,a40_41,3.4913445,4.0755825,1.0,3,3,1.0,6,6,1.0
6674003,test,a40_41,3.4532554,4.3560786,1.0,3,3,1.0,4,4,1.0
6674005,test,a40_41,3.4116626,0.0,1.0,3,2,1.0,4,4,1.0
6736181,test,a40_41,3.2337148,2.6303368,1.0,3,3,1.0,2,2,1.0
6740003,test,a40_41,2.3666992,2.6061158,1.0,3,3,1.0,2,2,1.0
6769008,test,a40_41,3.092974,2.2111993,1.0,3,3,1.0,4,3,1.0
6779033,test,a40_41,0.4811859,0.0,1.0,2,2,1.0,6,6,1.0
6030,test,a42_43,3.5173895,4.018007,1.0,3,3,1.0,2,2,1.0
10030,test,a42_43,3.5556355,4.516398,1.0,3,3,1.0,6,2,1.0
41008,test,a42_43,3.095299,0.0,1.0,3,2,1.0,2,4,1.0
68003,test,a42_43,3.5381017,3.703213,1.0,3,3,1.0,2,2,1.0
127030,test,a42_43,3.6080732,0.0,0.0,3,-1,0.0,6,-1,0.0
127031,test,a42_43,3.7245955,3.1822217,1.0,3,3,1.0,6,4,1.0
129031,test,a42_43,0.41196704,2.110738,1.0,2,3,1.0,6,6,1.0
129196,test,a42_43,3.2467394,0.0,1.0,3,2,1.0,2,2,1.0
165030,test,a42_43,3.753069,4.0063634,1.0,3,3,1.0,6,2,1.0
284004,test,a42_43,3.8441594,4.437202,1.0,3,3,1.0,2,2,1.0
301032,test,a42_43,3.9152036,3.9811094,1.0,3,3,1.0,6,2,1.0
327003,test,a42_43,3.4008973,3.8643053,1.0,3,3,1.0,2,2,1.0
327171,test,a42_43,3.3317466,2.8548763,1.0,3,3,1.0,2,2,1.0
327172,test,a42_43,3.0539148,3.2091634,1.0,3,3,1.0,2,2,1.0
331005,test,a42_43,3.9124217,4.2756553,1.0,3,3,1.0,6,2,1.0
344178,test,a42_43,3.1496997,3.4481115,1.0,3,3,1.0,2,2,1.0
461030,test,a42_43,3.6166797,3.3523545,1.0,3,3,1.0,2,2,1.0
486004,test,a42_43,3.5367208,3.933598,1.0,3,3,1.0,2,2,1.0
563183,test,a42_43,0.50682783,0.0,1.0,2,2,1.0,2,2,1.0
577004,test,a42_43,2.892629,2.9315493,1.0,3,3,1.0,2,2,1.0
607030,test,a42_43,3.7108722,3.9962149,1.0,3,3,1.0,2,2,1.0
613173,test,a42_43,3.3791218,4.227375,1.0,3,3,1.0,2,2,1.0
634008,test,a42_43,3.5364523,0.0,1.0,3,2,1.0,4,2,1.0
652005,test,a42_43,3.349659,3.6719475,1.0,3,3,1.0,2,2,1.0
672003,test,a42_43,0.40138698,3.808172,1.0,2,3,1.0,2,4,1.0
691175,test,a42_43,3.339594,3.1299195,1.0,3,3,1.0,2,2,1.0
699031,test,a42_43,2.6562123,3.583789,1.0,3,3,1.0,6,6,1.0
722178,test,a42_43,0.5567814,2.521224,1.0,2,3,1.0,2,2,1.0
771003,test,a42_43,3.4659338,3.6820703,1.0,3,3,1.0,4,2,1.0
775005,test,a42_43,3.5978618,0.8922645,1.0,3,2,1.0,6,2,1.0
796006,test,a42_43,3.6881773,3.7072225,1.0,3,3,1.0,6,6,1.0
844003,test,a42_43,3.244706,3.515213,1.0,3,3,1.0,2,2,1.0
863006,test,a42_43,3.395926,1.3962052,1.0,3,3,1.0,2,2,1.0
863173,test,a42_43,3.643567,4.0801353,1.0,3,3,1.0,2,2,1.0
866172,test,a42_43,3.3493938,3.1822217,1.0,3,3,1.0,6,2,1.0
868005,test,a42_43,3.5640824,4.123802,1.0,3,3,1.0,2,2,1.0
875030,test,a42_43,0.5522878,0.0,1.0,2,2,1.0,2,2,1.0
897006,test,a42_43,3.1207862,0.0,1.0,3,2,1.0,2,4,1.0
922171,test,a42_43,3.4992948,4.564996,1.0,3,3,1.0,2,2,1.0
934030,test,a42_43,3.402777,4.243668,1.0,3,3,1.0,2,2,1.0
935005,test,a42_43,3.09587,2.483961,1.0,3,3,1.0,2,2,1.0
935176,test,a42_43,3.5198758,3.3922262,1.0,3,3,1.0,2,2,1.0
939030,test,a42_43,3.881536,0.0,1.0,3,2,1.0,6,2,1.0
964003,test,a42_43,0.45029807,2.023317,1.0,2,3,1.0,6,6,1.0
970004,test,a42_43,3.4746022,3.4467251,1.0,3,3,1.0,2,2,1.0
982004,test,a42_43,3.3148475,3.616172,1.0,3,3,1.0,2,2,1.0
1033030,test,a42_43,3.5770671,4.886779,1.0,3,3,1.0,2,2,1.0
1036003,test,a42_43,3.8769982,3.3667955,1.0,3,3,1.0,4,2,1.0
1048006,test,a42_43,2.7182548,2.895511,1.0,3,3,1.0,2,2,1.0
1055172,test,a42_43,2.4764924,3.6527476,1.0,3,3,1.0,2,2,1.0
1060175,test,a42_43,3.1295958,2.5045755,1.0,3,3,1.0,2,2,1.0
1064171,test,a42_43,3.6264906,4.023821,1.0,3,3,1.0,2,2,1.0
1072171,test,a42_43,3.555235,2.8696802,1.0,3,3,1.0,2,2,1.0
1084175,test,a42_43,3.0483541,0.0,1.0,3,2,1.0,2,2,1.0
1100172,test,a42_43,3.1243906,3.9111626,1.0,3,3,1.0,2,2,1.0
1141171,test,a42_43,2.7647555,3.0497952,1.0,3,3,1.0,2,4,1.0
1142030,test,a42_43,3.5276408,3.3326652,1.0,3,3,1.0,2,4,1.0
1144032,test,a42_43,3.543551,4.289485,1.0,3,3,1.0,2,2,1.0
1149171,test,a42_43,3.5381088,3.9254675,1.0,3,3,1.0,2,2,1.0
1162030,test,a42_43,3.2149744,3.525854,1.0,3,3,1.0,2,2,1.0
1167030,test,a42_43,0.41722155,0.0,1.0,2,3,1.0,6,6,1.0
1168008,test,a42_43,2.8030298,3.535023,1.0,3,3,1.0,4,3,1.0
1222179,test,a42_43,3.14205,2.8725085,1.0,3,3,1.0,2,2,1.0
1260008,test,a42_43,3.0999541,2.7313974,1.0,3,3,1.0,2,2,1.0
1269030,test,a42_43,3.1813266,4.3682094,1.0,3,3,1.0,2,2,1.0
1292030,test,a42_43,3.460466,0.0,1.0,3,2,1.0,4,4,1.0
1298005,test,a42_43,3.1186922,3.5551443,1.0,3,3,1.0,2,2,1.0
1306030,test,a42_43,3.9631076,4.886779,1.0,3,3,1.0,2,2,1.0
1335179,test,a42_43,2.9016163,3.439407,1.0,3,3,1.0,2,2,1.0
1353030,test,a42_43,2.6447055,0.0,1.0,3,2,1.0,2,2,1.0
1384030,test,a42_43,3.4067204,3.6010532,1.0,3,3,1.0,2,2,1.0
1399008,test,a42_43,2.645646,4.2632937,1.0,3,2,1.0,2,4,1.0
1415004,test,a42_43,2.4454038,1.6088175,1.0,3,3,1.0,2,2,1.0
1430005,test,a42_43,2.8730373,0.0,1.0,3,2,1.0,6,6,1.0
1431003,test,a42_43,3.517359,4.011046,1.0,3,3,1.0,2,2,1.0
1431004,test,a42_43,3.0005217,1.4956659,1.0,3,3,1.0,2,2,1.0
1431172,test,a42_43,3.5483482,4.584402,1.0,3,3,1.0,2,2,1.0
1462004,test,a42_43,2.8558376,3.3424077,1.0,3,3,1.0,2,2,1.0
1520173,test,a42_43,3.4113128,3.747171,1.0,3,3,1.0,2,2,1.0
1522175,test,a42_43,3.2413979,4.696712,1.0,3,3,1.0,2,2,1.0
1542006,test,a42_43,3.1032696,4.3451347,1.0,3,3,1.0,2,2,1.0
1542177,test,a42_43,3.674817,4.0403357,1.0,3,3,1.0,2,2,1.0
1567031,test,a42_43,3.73014,3.7483754,1.0,3,3,1.0,6,6,1.0
1608031,test,a42_43,3.5602317,3.5092788,1.0,3,3,1.0,4,4,1.0
1612003,test,a42_43,3.6312966,4.0259957,1.0,3,3,1.0,2,4,1.0
1621003,test,a42_43,2.7872906,0.0,1.0,3,3,1.0,2,2,1.0
1648003,test,a42_43,3.5846634,2.5321536,1.0,3,3,1.0,2,2,1.0
1648030,test,a42_43,3.5287871,0.6704159,1.0,3,2,1.0,6,6,1.0
1670172,test,a42_43,3.4187636,3.1949477,1.0,3,3,1.0,2,2,1.0
1684170,test,a42_43,0.4725101,3.265041,1.0,2,3,1.0,2,2,1.0
1690030,test,a42_43,3.592652,3.680744,1.0,3,3,1.0,2,2,1.0
1692176,test,a42_43,3.4463205,3.9474757,1.0,3,3,1.0,2,2,1.0
1695030,test,a42_43,3.289458,3.1937861,1.0,3,3,1.0,6,2,1.0
1697036,test,a42_43,3.6107993,1.541289,1.0,3,3,1.0,6,2,1.0
1698170,test,a42_43,2.729045,2.7459342,1.0,3,3,1.0,2,2,1.0
1700031,test,a42_43,3.4826984,3.5983753,1.0,3,3,1.0,2,4,1.0
1701003,test,a42_43,3.5267365,4.1992106,1.0,3,3,1.0,6,6,1.0
1711003,test,a42_43,2.7197304,0.0,1.0,3,2,1.0,2,2,1.0
1711171,test,a42_43,3.4832714,0.0,1.0,3,2,1.0,2,2,1.0
1732005,test,a42_43,3.1289432,4.4446826,1.0,3,3,1.0,6,4,1.0
1762187,test,a42_43,0.5728065,1.674252,1.0,2,3,1.0,2,3,1.0
1786187,test,a42_43,3.3928952,3.3329153,1.0,3,3,1.0,2,2,1.0
1837006,test,a42_43,3.5491061,2.976302,1.0,3,3,1.0,2,2,1.0
1850172,test,a42_43,2.4074545,3.4697297,1.0,3,3,1.0,2,2,1.0
1878030,test,a42_43,3.5427723,2.5655892,1.0,3,3,1.0,2,4,1.0
1879030,test,a42_43,3.5126202,4.0755825,1.0,3,3,1.0,2,2,1.0
1905004,test,a42_43,3.6395907,4.7210507,1.0,3,3,1.0,2,2,1.0
1919009,test,a42_43,3.459608,2.1802564,1.0,3,3,1.0,2,2,1.0
1935004,test,a42_43,3.245119,1.0762821,1.0,3,3,1.0,2,2,1.0
1936030,test,a42_43,3.1352222,1.3160636,1.0,3,3,1.0,2,2,1.0
1978171,test,a42_43,3.094194,2.9928195,1.0,3,3,1.0,2,2,1.0
2030031,test,a42_43,3.5226073,3.3705976,1.0,3,3,1.0,6,2,1.0
2117003,test,a42_43,3.3170848,2.3713877,1.0,3,3,1.0,2,2,1.0
2150172,test,a42_43,2.5221663,3.0265424,1.0,3,3,1.0,2,4,1.0
2199182,test,a42_43,3.2804296,4.1060762,1.0,3,3,1.0,2,2,1.0
2206030,test,a42_43,3.6774373,2.9993773,1.0,3,3,1.0,4,2,1.0
2212031,test,a42_43,3.9144127,4.3677416,1.0,3,3,1.0,6,2,1.0
2238004,test,a42_43,3.6088977,4.0907726,1.0,3,3,1.0,2,4,1.0
2238172,test,a42_43,3.3093739,4.4151845,1.0,3,3,1.0,2,4,1.0
2252172,test,a42_43,3.4029436,3.0762377,1.0,3,3,1.0,2,2,1.0
2255030,test,a42_43,3.9499993,4.6077914,1.0,3,3,1.0,2,2,1.0
2277008,test,a42_43,2.8924685,2.9075313,1.0,3,3,1.0,2,2,1.0
2311172,test,a42_43,2.5824847,2.0253,1.0,3,3,1.0,2,2,1.0
2330003,test,a42_43,3.8938262,4.706708,1.0,3,3,1.0,6,2,1.0
2338003,test,a42_43,3.7050471,4.748924,1.0,3,3,1.0,6,2,1.0
2341004,test,a42_43,3.116115,3.5317435,1.0,3,2,1.0,2,2,1.0
2341005,test,a42_43,3.2417545,4.5817747,1.0,3,3,1.0,2,2,1.0
2354004,test,a42_43,2.2495604,2.3713877,1.0,3,3,1.0,2,2,1.0
2392004,test,a42_43,2.600377,3.3104866,1.0,3,3,1.0,2,3,1.0
2393005,test,a42_43,3.8909361,3.3018157,1.0,3,3,1.0,6,2,1.0
2393171,test,a42_43,3.135045,4.596202,1.0,3,3,1.0,2,2,1.0
2409006,test,a42_43,3.1121762,3.8550358,1.0,3,3,1.0,2,4,1.0
2409171,test,a42_43,3.2190633,2.9554553,1.0,3,3,1.0,2,4,1.0
2422178,test,a42_43,3.5791101,3.470292,1.0,3,3,1.0,2,2,1.0
2459030,test,a42_43,3.510696,4.0590634,1.0,3,3,1.0,2,2,1.0
2474030,test,a42_43,3.4512494,4.110122,1.0,3,3,1.0,2,2,1.0
2474171,test,a42_43,2.3590977,0.0,1.0,3,3,1.0,2,2,1.0
2485173,test,a42_43,3.4797049,2.700981,1.0,3,3,1.0,4,2,1.0
2496172,test,a42_43,3.0276973,3.4664924,1.0,3,3,1.0,2,2,1.0
2502005,test,a42_43,3.0499914,4.0467095,1.0,3,3,1.0,2,2,1.0
2510171,test,a42_43,3.183722,4.201887,1.0,3,3,1.0,2,2,1.0
2525174,test,a42_43,3.1325278,0.0,1.0,3,2,1.0,2,2,1.0
2530184,test,a42_43,2.8648257,2.1477582,1.0,3,3,1.0,2,2,1.0
2547171,test,a42_43,3.56106,4.3276353,1.0,3,3,1.0,2,2,1.0
2580030,test,a42_43,3.8943253,4.7627664,1.0,3,3,1.0,2,2,1.0
2593171,test,a42_43,3.328506,4.5300713,1.0,3,3,1.0,2,4,1.0
2615031,test,a42_43,3.53422,3.1693892,1.0,3,3,1.0,2,2,1.0
2642030,test,a42_43,3.087755,3.7204437,1.0,3,3,1.0,2,2,1.0
2655002,test,a42_43,0.60076606,0.0,1.0,2,2,1.0,2,2,1.0
2705031,test,a42_43,3.8497524,3.8177946,1.0,3,3,1.0,2,4,1.0
2707179,test,a42_43,3.3330612,2.8142757,1.0,3,3,1.0,2,2,1.0
2714031,test,a42_43,3.597334,4.569471,1.0,3,3,1.0,2,4,1.0
2717004,test,a42_43,3.625491,3.5017936,1.0,3,3,1.0,2,2,1.0
2738171,test,a42_43,3.6664245,3.9697835,1.0,3,3,1.0,2,2,1.0
2794003,test,a42_43,3.6857631,3.6463413,1.0,3,3,1.0,6,2,1.0
2845030,test,a42_43,3.2732162,3.6226897,1.0,3,3,1.0,6,2,1.0
2847030,test,a42_43,3.2708344,3.4256546,1.0,3,3,1.0,4,4,1.0
2848174,test,a42_43,2.906049,2.3689122,1.0,3,3,1.0,6,2,1.0
2852006,test,a42_43,0.5874127,3.0007699,1.0,2,2,1.0,2,3,1.0
2852030,test,a42_43,3.301918,2.2156281,1.0,3,2,1.0,2,4,1.0
2869170,test,a42_43,3.3730397,4.379163,1.0,3,3,1.0,2,2,1.0
2897006,test,a42_43,3.5595152,3.6260033,1.0,3,3,1.0,6,2,1.0
2900171,test,a42_43,3.6701603,3.7188902,1.0,3,3,1.0,2,2,1.0
2907006,test,a42_43,3.2359157,2.8249462,1.0,3,3,1.0,2,2,1.0
2920030,test,a42_43,3.4913418,3.3265107,1.0,3,3,1.0,6,4,1.0
3107001,test,a42_43,3.3850412,1.9854654,1.0,3,3,1.0,2,4,1.0
3137007,test,a42_43,3.0369494,2.4228272,1.0,3,2,1.0,6,6,1.0
3283002,test,a42_43,3.2581968,3.9443512,1.0,3,3,1.0,2,6,1.0
3492001,test,a42_43,3.3747654,0.118359506,1.0,3,2,1.0,6,2,1.0
5016170,test,a42_43,3.273736,2.743526,1.0,3,3,1.0,4,4,1.0
5082003,test,a42_43,3.4736953,3.938906,1.0,3,3,1.0,6,4,1.0
5145032,test,a42_43,3.4615588,3.1056306,1.0,3,3,1.0,6,6,1.0
5163030,test,a42_43,3.416261,3.1932871,1.0,3,3,1.0,2,4,1.0
5177171,test,a42_43,2.7655296,0.9682884,1.0,3,2,1.0,6,6,1.0
5199178,test,a42_43,3.1955552,3.7188902,1.0,3,3,1.0,2,2,1.0
5241030,test,a42_43,3.1756198,3.4132857,1.0,3,3,1.0,6,6,1.0
5264004,test,a42_43,3.3568463,3.606141,1.0,3,3,1.0,2,2,1.0
5294003,test,a42_43,3.4460983,3.6645775,1.0,3,3,1.0,2,2,1.0
5299172,test,a42_43,3.1699061,3.3685656,1.0,3,3,1.0,2,2,1.0
5306002,test,a42_43,3.086467,0.0,1.0,3,2,1.0,6,6,1.0
5350030,test,a42_43,3.0826192,3.5163884,1.0,3,3,1.0,4,2,1.0
5364006,test,a42_43,3.3062189,4.2447352,1.0,3,3,1.0,6,6,1.0
5366033,test,a42_43,3.2078369,3.8660583,1.0,3,3,1.0,6,4,1.0
5406173,test,a42_43,3.186931,3.5017936,1.0,3,3,1.0,2,4,1.0
5424030,test,a42_43,2.5052664,2.9297807,1.0,3,3,1.0,6,6,1.0
5425003,test,a42_43,0.5058279,2.960796,1.0,2,3,1.0,2,2,1.0
5430031,test,a42_43,2.4047475,0.0,1.0,3,2,1.0,6,6,1.0
5430171,test,a42_43,3.044754,3.5347836,1.0,3,3,1.0,6,6,1.0
5443007,test,a42_43,2.506381,1.5825812,1.0,3,3,1.0,2,2,1.0
5464032,test,a42_43,2.9903152,3.1379235,1.0,3,3,1.0,4,2,1.0
5488007,test,a42_43,2.800024,2.7536736,1.0,3,3,1.0,2,2,1.0
5494005,test,a42_43,3.0697758,3.4795048,1.0,3,3,1.0,6,2,1.0
5513030,test,a42_43,3.2648878,3.0000806,1.0,3,3,1.0,6,6,1.0
5549006,test,a42_43,2.802864,3.335851,1.0,3,3,1.0,2,4,1.0
5553173,test,a42_43,3.2889297,3.8834674,1.0,3,3,1.0,2,2,1.0
5560186,test,a42_43,3.3364387,3.7111013,1.0,3,3,1.0,2,2,1.0
5569009,test,a42_43,3.225588,0.0,1.0,3,2,1.0,2,3,1.0
5570010,test,a42_43,3.2135825,3.7150583,1.0,3,3,1.0,2,2,1.0
5570012,test,a42_43,3.4062703,3.6708767,1.0,3,3,1.0,2,2,1.0
5570033,test,a42_43,3.3883495,3.5471745,1.0,3,3,1.0,2,2,1.0
5576031,test,a42_43,3.0305479,2.7944415,1.0,3,3,1.0,4,2,1.0
5614005,test,a42_43,2.952031,0.0,1.0,3,2,1.0,4,4,1.0
5615010,test,a42_43,3.256667,3.4707472,1.0,3,3,1.0,6,2,1.0
5615181,test,a42_43,3.4537883,3.3615167,1.0,3,3,1.0,2,2,1.0
5621170,test,a42_43,3.2985349,3.3248508,1.0,3,3,1.0,2,2,1.0
5626010,test,a42_43,3.1841304,3.3940077,1.0,3,2,1.0,2,4,1.0
5634188,test,a42_43,3.3969288,4.25247,1.0,3,2,1.0,2,5,1.0
5635031,test,a42_43,3.061043,3.5281215,1.0,3,3,1.0,2,2,1.0
5646006,test,a42_43,0.48204255,0.0,1.0,2,2,1.0,6,4,1.0
5660005,test,a42_43,3.0345387,3.265041,1.0,3,3,1.0,2,4,1.0
5664003,test,a42_43,2.7288034,1.9812955,1.0,3,3,1.0,6,6,1.0
5676007,test,a42_43,3.1560135,3.488077,1.0,3,3,1.0,2,2,1.0
5678030,test,a42_43,2.6276448,2.3447468,1.0,3,2,1.0,6,6,1.0
5684034,test,a42_43,3.3783202,4.056188,1.0,3,3,1.0,2,2,1.0
5784005,test,a42_43,0.42464042,1.765224,1.0,2,3,1.0,6,6,1.0
5819005,test,a42_43,2.5346367,0.0,1.0,3,2,1.0,6,6,1.0
5821008,test,a42_43,3.3384502,2.9437988,1.0,3,3,1.0,2,2,1.0
5863033,test,a42_43,0.47714543,2.1360953,1.0,2,3,1.0,6,6,1.0
5921003,test,a42_43,3.1340053,3.4678156,1.0,3,3,1.0,6,6,1.0
5922010,test,a42_43,3.4411144,3.1974998,1.0,3,3,1.0,6,6,1.0
5938031,test,a42_43,2.8722606,0.0,1.0,3,2,1.0,6,6,1.0
5960033,test,a42_43,2.9676185,3.5281215,1.0,3,3,1.0,6,6,1.0
5995005,test,a42_43,2.8505044,0.0,1.0,3,2,1.0,6,6,1.0
6028032,test,a42_43,2.6564186,3.5965803,1.0,3,3,1.0,6,6,1.0
6030005,test,a42_43,3.4493074,3.335851,1.0,3,3,1.0,6,2,1.0
6030008,test,a42_43,3.3713398,3.1676285,1.0,3,3,1.0,6,2,1.0
6093006,test,a42_43,0.42211246,3.3020296,1.0,2,3,1.0,6,6,1.0
6093011,test,a42_43,2.4206178,2.8392694,1.0,3,2,1.0,6,6,1.0
6114182,test,a42_43,3.1548429,0.0,1.0,3,2,1.0,4,2,1.0
6120195,test,a42_43,0.4612322,2.568642,1.0,2,2,1.0,2,4,1.0
6121030,test,a42_43,3.206017,4.395766,1.0,3,3,1.0,6,4,1.0
6179003,test,a42_43,3.355612,3.4805162,1.0,3,3,1.0,2,2,1.0
6179170,test,a42_43,0.5345634,0.0,1.0,2,2,1.0,2,2,1.0
6191006,test,a42_43,2.8211682,1.2621803,1.0,3,3,1.0,4,2,1.0
6200175,test,a42_43,3.4438229,3.5848198,1.0,3,2,1.0,2,2,1.0
6210007,test,a42_43,3.3641934,2.7452414,1.0,3,3,1.0,6,2,1.0
6210008,test,a42_43,3.2009993,0.0,1.0,3,2,1.0,6,4,1.0
6350007,test,a42_43,3.1570888,3.4393446,1.0,3,3,1.0,6,2,1.0
6365010,test,a42_43,0.44188762,3.062897,1.0,2,3,1.0,6,6,1.0
6365011,test,a42_43,2.4252932,0.0,1.0,3,2,1.0,2,2,1.0
6365177,test,a42_43,3.123046,3.49205,1.0,3,3,1.0,2,2,1.0
6381008,test,a42_43,3.2800531,3.0664406,1.0,3,3,1.0,2,4,1.0
6444003,test,a42_43,3.1600707,2.7671056,1.0,3,2,1.0,2,2,1.0
6475006,test,a42_43,0.35180497,0.9349168,1.0,2,2,1.0,6,6,1.0
6475007,test,a42_43,0.3818648,3.544934,1.0,2,3,1.0,6,6,1.0
6509004,test,a42_43,3.4872234,3.4451652,1.0,3,3,1.0,6,2,1.0
6545008,test,a42_43,3.6016774,3.8012211,1.0,3,3,1.0,6,2,1.0
6571003,test,a42_43,3.0160673,4.1571207,1.0,3,3,1.0,6,6,1.0
6635009,test,a42_43,2.3790357,0.0,1.0,3,2,1.0,6,6,1.0
6663030,test,a42_43,3.520112,4.886779,1.0,3,3,1.0,6,6,1.0
6674003,test,a42_43,3.47833,3.7940161,1.0,3,3,1.0,4,2,1.0
6674005,test,a42_43,3.4269207,0.0,1.0,3,2,1.0,4,4,1.0
6736181,test,a42_43,3.2723794,2.6496801,1.0,3,3,1.0,2,2,1.0
6740003,test,a42_43,2.4190733,2.6917005,1.0,3,3,1.0,2,2,1.0
6769008,test,a42_43,3.132455,0.0,1.0,3,2,1.0,4,4,1.0
6779033,test,a42_43,0.4353192,0.0,1.0,2,2,1.0,6,6,1.0
6030,test,a44_45,3.5450673,3.6545084,1.0,3,3,1.0,2,2,1.0
10030,test,a44_45,3.610541,4.4896984,1.0,3,3,1.0,6,2,1.0
41008,test,a44_45,3.1282547,0.0,1.0,3,2,1.0,2,4,1.0
68003,test,a44_45,3.57862,3.819024,1.0,3,3,1.0,2,2,1.0
127030,test,a44_45,3.6674209,2.281914,1.0,3,3,1.0,6,2,1.0
127031,test,a44_45,3.7864509,3.5618536,1.0,3,3,1.0,6,4,1.0
129031,test,a44_45,0.39873385,1.9444773,1.0,2,3,1.0,6,6,1.0
129196,test,a44_45,3.29212,0.0,1.0,3,2,1.0,2,2,1.0
165030,test,a44_45,3.8209832,4.1461926,1.0,3,3,1.0,6,2,1.0
284004,test,a44_45,3.8721318,4.4692044,1.0,3,3,1.0,2,2,1.0
301032,test,a44_45,3.9716582,4.127631,1.0,3,3,1.0,6,2,1.0
327003,test,a44_45,3.4300566,3.8237772,1.0,3,3,1.0,2,2,1.0
327171,test,a44_45,3.3532777,2.8139703,1.0,3,3,1.0,2,2,1.0
327172,test,a44_45,3.08921,3.7345612,1.0,3,3,1.0,2,2,1.0
331005,test,a44_45,3.9689174,4.2899485,1.0,3,3,1.0,6,2,1.0
344178,test,a44_45,3.180416,3.544934,1.0,3,3,1.0,2,2,1.0
461030,test,a44_45,3.6454768,0.0,1.0,3,3,1.0,2,2,1.0
486004,test,a44_45,3.568169,3.929022,1.0,3,3,1.0,2,2,1.0
563183,test,a44_45,0.51070344,0.0,1.0,2,2,1.0,2,2,1.0
577004,test,a44_45,2.930947,3.6034977,1.0,3,3,1.0,2,2,1.0
607030,test,a44_45,3.7466788,4.0534096,1.0,3,3,1.0,2,2,1.0
613173,test,a44_45,3.397706,4.65822,1.0,3,3,1.0,2,2,1.0
634008,test,a44_45,3.5735426,2.6840017,1.0,3,3,1.0,4,2,1.0
652005,test,a44_45,3.3820984,3.8279805,1.0,3,3,1.0,2,2,1.0
672003,test,a44_45,0.40800834,3.7935455,1.0,2,3,1.0,2,4,1.0
691175,test,a44_45,3.3627226,3.3115778,1.0,3,3,1.0,2,2,1.0
699031,test,a44_45,2.7583919,3.51425,1.0,3,3,1.0,6,6,1.0
722178,test,a44_45,0.55483127,3.2750242,1.0,2,3,1.0,2,2,1.0
771003,test,a44_45,3.5072386,4.1771755,1.0,3,3,1.0,4,3,1.0
775005,test,a44_45,3.6710043,0.0,1.0,3,2,1.0,6,2,1.0
796006,test,a44_45,3.7403064,4.141229,1.0,3,3,1.0,6,6,1.0
844003,test,a44_45,3.2949336,3.8602035,1.0,3,3,1.0,2,2,1.0
863006,test,a44_45,3.4225354,2.9276514,1.0,3,3,1.0,2,2,1.0
863173,test,a44_45,3.6711352,4.001547,1.0,3,3,1.0,2,2,1.0
866172,test,a44_45,3.4230266,3.182386,1.0,3,3,1.0,6,2,1.0
868005,test,a44_45,3.5938935,3.982054,1.0,3,3,1.0,2,2,1.0
875030,test,a44_45,0.5470339,0.0,1.0,2,2,1.0,2,2,1.0
897006,test,a44_45,3.1651626,0.0,1.0,3,2,1.0,2,4,1.0
922171,test,a44_45,3.5331302,4.464358,1.0,3,3,1.0,2,2,1.0
934030,test,a44_45,3.4332333,4.293851,1.0,3,3,1.0,2,2,1.0
935005,test,a44_45,3.142658,2.7943528,1.0,3,3,1.0,2,2,1.0
935176,test,a44_45,3.5498273,3.7913468,1.0,3,3,1.0,2,2,1.0
939030,test,a44_45,3.9436364,0.0,0.0,3,-1,0.0,6,-1,0.0
964003,test,a44_45,0.44062972,2.5959773,1.0,2,2,1.0,6,6,1.0
970004,test,a44_45,3.5033507,0.0,0.0,3,-1,0.0,2,-1,0.0
982004,test,a44_45,3.349628,3.535023,1.0,3,3,1.0,2,2,1.0
1033030,test,a44_45,3.6118143,4.886779,1.0,3,3,1.0,2,2,1.0
1036003,test,a44_45,3.9180138,3.1379235,1.0,3,3,1.0,4,2,1.0
1048006,test,a44_45,2.76326,2.830591,1.0,3,3,1.0,2,2,1.0
1055172,test,a44_45,2.5352488,0.0,0.0,3,-1,0.0,2,-1,0.0
1060175,test,a44_45,3.1619186,3.12007,1.0,3,3,1.0,2,2,1.0
1064171,test,a44_45,3.6508887,4.769345,1.0,3,3,1.0,2,2,1.0
1072171,test,a44_45,3.5839977,2.855574,1.0,3,3,1.0,2,2,1.0
1084175,test,a44_45,3.089365,0.0,1.0,3,2,1.0,2,2,1.0
1100172,test,a44_45,3.1559336,3.1936357,1.0,3,3,1.0,2,2,1.0
1141171,test,a44_45,2.8186214,1.0692143,1.0,3,3,1.0,2,4,1.0
1142030,test,a44_45,3.5590465,3.2907898,1.0,3,3,1.0,2,4,1.0
1144032,test,a44_45,3.577188,4.1940236,1.0,3,3,1.0,2,2,1.0
1149171,test,a44_45,3.573438,3.959156,1.0,3,3,1.0,2,2,1.0
1162030,test,a44_45,3.2523527,3.4265366,1.0,3,3,1.0,2,2,1.0
1167030,test,a44_45,0.39801288,1.8126447,1.0,2,3,1.0,6,6,1.0
1168008,test,a44_45,2.8674076,3.010371,1.0,3,3,1.0,4,3,1.0
1222179,test,a44_45,3.1760063,2.674835,1.0,3,3,1.0,2,2,1.0
1260008,test,a44_45,3.1383228,2.8787093,1.0,3,3,1.0,2,2,1.0
1269030,test,a44_45,3.2166927,4.6615767,1.0,3,3,1.0,2,2,1.0
1292030,test,a44_45,3.4993584,0.0,1.0,3,2,1.0,4,4,1.0
1298005,test,a44_45,3.1651106,3.5781584,1.0,3,3,1.0,2,2,1.0
1306030,test,a44_45,3.9917178,4.886779,1.0,3,3,1.0,2,2,1.0
1335179,test,a44_45,2.941527,3.6099567,1.0,3,3,1.0,2,2,1.0
1353030,test,a44_45,2.7110145,0.0,1.0,3,2,1.0,2,2,1.0
1384030,test,a44_45,3.4624066,3.5587387,1.0,3,3,1.0,2,2,1.0
1399008,test,a44_45,2.7139966,3.9132397,1.0,3,3,1.0,2,4,1.0
1415004,test,a44_45,2.4997756,1.8165611,1.0,3,3,1.0,2,2,1.0
1430005,test,a44_45,2.9738593,0.0,1.0,3,3,1.0,6,6,1.0
1431003,test,a44_45,3.5377326,4.032044,1.0,3,3,1.0,2,2,1.0
1431004,test,a44_45,3.0406551,2.5601785,1.0,3,3,1.0,2,2,1.0
1431172,test,a44_45,3.5751817,4.583634,1.0,3,3,1.0,2,2,1.0
1462004,test,a44_45,2.9213521,3.4766757,1.0,3,3,1.0,2,2,1.0
1520173,test,a44_45,3.4484043,3.8397665,1.0,3,3,1.0,2,2,1.0
1522175,test,a44_45,3.267643,4.651825,1.0,3,3,1.0,2,2,1.0
1542006,test,a44_45,3.1410325,3.2005377,1.0,3,3,1.0,2,2,1.0
1542177,test,a44_45,3.6997583,4.3412447,1.0,3,3,1.0,2,2,1.0
1567031,test,a44_45,3.8032546,3.8337054,1.0,3,3,1.0,6,6,1.0
1608031,test,a44_45,3.601358,3.5350552,1.0,3,3,1.0,4,2,1.0
1612003,test,a44_45,3.6577096,3.4995418,1.0,3,3,1.0,2,4,1.0
1621003,test,a44_45,2.8357062,3.456708,1.0,3,3,1.0,2,2,1.0
1648003,test,a44_45,3.6167016,2.9091923,1.0,3,3,1.0,2,2,1.0
1648030,test,a44_45,3.593913,0.553295,1.0,3,2,1.0,6,6,1.0
1670172,test,a44_45,3.4544683,3.416885,1.0,3,3,1.0,2,2,1.0
1684170,test,a44_45,0.47657466,3.3823977,1.0,2,3,1.0,2,2,1.0
1690030,test,a44_45,3.6218576,4.214547,1.0,3,3,1.0,2,2,1.0
1692176,test,a44_45,3.4791055,3.6672997,1.0,3,3,1.0,2,2,1.0
1695030,test,a44_45,3.3516335,3.1983416,1.0,3,3,1.0,6,2,1.0
1697036,test,a44_45,3.6751409,1.6775823,1.0,3,3,1.0,6,2,1.0
1698170,test,a44_45,2.7773113,2.58183,1.0,3,3,1.0,2,2,1.0
1700031,test,a44_45,3.523663,3.881782,1.0,3,2,1.0,2,2,1.0
1701003,test,a44_45,3.5814009,4.0716443,1.0,3,3,1.0,6,6,1.0
1711003,test,a44_45,2.769482,0.0,1.0,3,2,1.0,2,2,1.0
1711171,test,a44_45,3.5152617,0.0,0.0,3,-1,0.0,2,-1,0.0
1732005,test,a44_45,3.2056465,3.738171,1.0,3,3,1.0,6,4,1.0
1762187,test,a44_45,0.5679989,2.7413988,1.0,2,3,1.0,2,3,1.0
1786187,test,a44_45,3.4305425,3.563177,1.0,3,3,1.0,2,2,1.0
1837006,test,a44_45,3.584322,2.9535642,1.0,3,3,1.0,2,2,1.0
1850172,test,a44_45,2.4736109,3.6509905,1.0,3,3,1.0,2,2,1.0
1878030,test,a44_45,3.5833972,2.485891,1.0,3,3,1.0,2,4,1.0
1879030,test,a44_45,3.559687,4.1844926,1.0,3,3,1.0,2,2,1.0
1905004,test,a44_45,3.6717374,3.937253,1.0,3,3,1.0,2,2,1.0
1919009,test,a44_45,3.4868271,2.5942936,1.0,3,3,1.0,2,2,1.0
1935004,test,a44_45,3.2783651,2.5154653,1.0,3,3,1.0,2,2,1.0
1936030,test,a44_45,3.1854582,3.025048,1.0,3,3,1.0,2,2,1.0
1978171,test,a44_45,3.127967,2.7982898,1.0,3,3,1.0,2,2,1.0
2030031,test,a44_45,3.604988,3.12007,1.0,3,3,1.0,6,2,1.0
2117003,test,a44_45,3.343903,2.533896,1.0,3,3,1.0,2,2,1.0
2150172,test,a44_45,2.5836117,2.4029288,1.0,3,3,1.0,2,4,1.0
2199182,test,a44_45,3.3276756,4.1311436,1.0,3,3,1.0,2,2,1.0
2206030,test,a44_45,3.717073,3.6876562,1.0,3,3,1.0,4,2,1.0
2212031,test,a44_45,3.9685607,0.0,0.0,3,-1,0.0,6,-1,0.0
2238004,test,a44_45,3.6400218,3.7364755,1.0,3,3,1.0,2,4,1.0
2238172,test,a44_45,3.3347573,4.594401,1.0,3,3,1.0,2,4,1.0
2252172,test,a44_45,3.441543,2.9569104,1.0,3,3,1.0,2,2,1.0
2255030,test,a44_45,3.9774823,4.886779,1.0,3,3,1.0,2,2,1.0
2277008,test,a44_45,2.935431,2.8933933,1.0,3,3,1.0,2,2,1.0
2311172,test,a44_45,2.6401277,2.0815432,1.0,3,3,1.0,2,2,1.0
2330003,test,a44_45,3.9555376,4.0919957,1.0,3,3,1.0,6,2,1.0
2338003,test,a44_45,3.7780929,4.671329,1.0,3,3,1.0,6,2,1.0
2341004,test,a44_45,3.1648214,3.8012211,1.0,3,2,1.0,2,2,1.0
2341005,test,a44_45,3.2785625,4.886779,1.0,3,3,1.0,2,2,1.0
2354004,test,a44_45,2.3151078,2.4985237,1.0,3,3,1.0,2,2,1.0
2392004,test,a44_45,2.6531768,2.3108797,1.0,3,3,1.0,2,4,1.0
2393005,test,a44_45,3.9463518,3.1619115,1.0,3,3,1.0,6,2,1.0
2393171,test,a44_45,3.1833267,4.4380894,1.0,3,3,1.0,2,2,1.0
2409006,test,a44_45,3.1643617,3.8615713,1.0,3,3,1.0,2,4,1.0
2409171,test,a44_45,3.2484431,2.973692,1.0,3,3,1.0,2,4,1.0
2422178,test,a44_45,3.6081562,3.6084042,1.0,3,3,1.0,2,2,1.0
2459030,test,a44_45,3.5501041,4.065095,1.0,3,3,1.0,2,2,1.0
2474030,test,a44_45,3.486041,3.6439416,1.0,3,3,1.0,2,2,1.0
2474171,test,a44_45,2.420637,0.0,0.0,3,-1,0.0,2,-1,0.0
2485173,test,a44_45,3.5164943,2.4565563,1.0,3,3,1.0,4,2,1.0
2496172,test,a44_45,3.0979893,3.4912474,1.0,3,3,1.0,2,2,1.0
2502005,test,a44_45,3.0958657,3.0863564,1.0,3,3,1.0,2,2,1.0
2510171,test,a44_45,3.2138152,4.201461,1.0,3,3,1.0,2,2,1.0
2525174,test,a44_45,3.164549,3.460082,1.0,3,2,1.0,2,2,1.0
2530184,test,a44_45,2.9100518,2.852689,1.0,3,3,1.0,2,2,1.0
2547171,test,a44_45,3.5891109,4.379028,1.0,3,3,1.0,2,2,1.0
2580030,test,a44_45,3.9171176,4.831237,1.0,3,3,1.0,2,2,1.0
2593171,test,a44_45,3.3464613,4.5944476,1.0,3,3,1.0,2,4,1.0
2615031,test,a44_45,3.565414,3.4200091,1.0,3,3,1.0,2,2,1.0
2642030,test,a44_45,3.125211,3.7259781,1.0,3,3,1.0,2,2,1.0
2655002,test,a44_45,0.59429884,0.0,1.0,2,2,1.0,2,2,1.0
2705031,test,a44_45,3.8837018,3.9369006,1.0,3,3,1.0,2,4,1.0
2707179,test,a44_45,3.3732812,2.8540463,1.0,3,3,1.0,2,2,1.0
2714031,test,a44_45,3.6303601,4.123183,1.0,3,3,1.0,2,4,1.0
2717004,test,a44_45,3.6509564,3.1718357,1.0,3,3,1.0,2,2,1.0
2738171,test,a44_45,3.692103,4.800682,1.0,3,3,1.0,2,2,1.0
2794003,test,a44_45,3.7481594,3.5488956,1.0,3,3,1.0,6,2,1.0
2845030,test,a44_45,3.3707492,3.4421458,1.0,3,3,1.0,6,2,1.0
2847030,test,a44_45,3.3032408,3.435388,1.0,3,3,1.0,4,4,1.0
2848174,test,a44_45,2.992167,1.870879,1.0,3,3,1.0,6,2,1.0
2852006,test,a44_45,0.5793047,1.8338429,1.0,2,2,1.0,2,4,1.0
2852030,test,a44_45,3.3452296,2.9869761,1.0,3,3,1.0,2,4,1.0
2869170,test,a44_45,3.4092722,4.5567827,1.0,3,3,1.0,2,2,1.0
2897006,test,a44_45,3.6312633,2.697948,1.0,3,3,1.0,6,2,1.0
2900171,test,a44_45,3.6959143,2.600042,1.0,3,3,1.0,2,2,1.0
2907006,test,a44_45,3.2692924,0.0,0.0,3,-1,0.0,2,-1,0.0
2920030,test,a44_45,3.5440693,3.6819823,1.0,3,3,1.0,6,4,1.0
3107001,test,a44_45,3.4193058,4.01561,1.0,3,3,1.0,2,4,1.0
3137007,test,a44_45,3.1137307,1.9174321,1.0,3,3,1.0,6,6,1.0
3283002,test,a44_45,3.277833,4.065468,1.0,3,2,1.0,2,2,1.0
3492001,test,a44_45,3.429391,0.21674845,1.0,3,2,1.0,6,2,1.0
5016170,test,a44_45,3.3133273,2.8075144,1.0,3,3,1.0,4,4,1.0
5082003,test,a44_45,3.51775,4.077138,1.0,3,3,1.0,6,4,1.0
5145032,test,a44_45,3.521224,3.7119908,1.0,3,3,1.0,6,6,1.0
5163030,test,a44_45,3.4540985,3.60013,1.0,3,3,1.0,2,4,1.0
5177171,test,a44_45,2.8586447,0.8536134,1.0,3,3,1.0,6,6,1.0
5199178,test,a44_45,3.2224965,3.813694,1.0,3,3,1.0,2,2,1.0
5241030,test,a44_45,3.2436502,3.9443512,1.0,3,3,1.0,6,6,1.0
5264004,test,a44_45,3.3829741,3.6067438,1.0,3,3,1.0,2,2,1.0
5294003,test,a44_45,3.4695253,3.7558146,1.0,3,3,1.0,2,2,1.0
5299172,test,a44_45,3.2109346,3.3873496,1.0,3,3,1.0,2,2,1.0
5306002,test,a44_45,3.1643484,1.4095232,1.0,3,3,1.0,6,6,1.0
5350030,test,a44_45,3.1402185,3.545665,1.0,3,3,1.0,4,2,1.0
5364006,test,a44_45,3.3679333,3.901413,1.0,3,2,1.0,6,6,1.0
5366033,test,a44_45,3.2698357,3.978181,1.0,3,3,1.0,6,4,1.0
5406173,test,a44_45,3.2139125,3.4039729,1.0,3,3,1.0,2,4,1.0
5424030,test,a44_45,2.6059039,3.5287027,1.0,3,3,1.0,6,6,1.0
5425003,test,a44_45,0.5078403,3.2001226,1.0,2,3,1.0,2,2,1.0
5430031,test,a44_45,2.4920557,0.94651103,1.0,3,3,1.0,6,6,1.0
5430171,test,a44_45,3.116219,3.6887305,1.0,3,3,1.0,6,6,1.0
5443007,test,a44_45,2.5571783,2.8802483,1.0,3,3,1.0,2,2,1.0
5464032,test,a44_45,3.046764,3.486668,1.0,3,3,1.0,4,2,1.0
5488007,test,a44_45,2.8352776,2.703032,1.0,3,3,1.0,2,2,1.0
5494005,test,a44_45,3.1527126,3.3568435,1.0,3,3,1.0,6,2,1.0
5513030,test,a44_45,3.3320704,3.2729912,1.0,3,2,1.0,6,6,1.0
5549006,test,a44_45,2.8430715,3.2234797,1.0,3,3,1.0,2,4,1.0
5553173,test,a44_45,3.311473,3.7351592,1.0,3,3,1.0,2,2,1.0
5560186,test,a44_45,3.3680758,3.9101806,1.0,3,3,1.0,2,2,1.0
5569009,test,a44_45,3.2556796,0.1438407,1.0,3,2,1.0,2,3,1.0
5570010,test,a44_45,3.2487288,3.6708767,1.0,3,3,1.0,2,2,1.0
5570012,test,a44_45,3.4419985,3.6192079,1.0,3,3,1.0,2,2,1.0
5570033,test,a44_45,3.416928,3.7694345,1.0,3,3,1.0,2,2,1.0
5576031,test,a44_45,3.087653,2.7479036,1.0,3,3,1.0,4,2,1.0
5614005,test,a44_45,3.0186148,2.8548763,1.0,3,3,1.0,4,4,1.0
5615010,test,a44_45,3.3156748,3.5584557,1.0,3,3,1.0,6,2,1.0
5615181,test,a44_45,3.4828353,3.1251588,1.0,3,3,1.0,2,2,1.0
5621170,test,a44_45,3.3341913,3.3329153,1.0,3,3,1.0,2,2,1.0
5626010,test,a44_45,3.2112966,3.1379235,1.0,3,3,1.0,2,4,1.0
5634188,test,a44_45,3.4281864,0.0,1.0,3,2,1.0,2,5,1.0
5635031,test,a44_45,3.1118739,3.6718059,1.0,3,3,1.0,2,2,1.0
5646006,test,a44_45,0.46265507,1.4624746,1.0,2,3,1.0,6,4,1.0
5660005,test,a44_45,3.0646117,3.4188793,1.0,3,3,1.0,2,4,1.0
5664003,test,a44_45,2.8235807,1.9542142,1.0,3,2,1.0,6,6,1.0
5676007,test,a44_45,3.1868577,3.5589597,1.0,3,3,1.0,2,2,1.0
5678030,test,a44_45,2.7083867,0.0,1.0,3,3,1.0,6,6,1.0
5684034,test,a44_45,3.4063637,4.304901,1.0,3,3,1.0,2,2,1.0
5784005,test,a44_45,0.41329193,0.0,1.0,2,2,1.0,6,6,1.0
5819005,test,a44_45,2.6259549,0.0,1.0,3,2,1.0,6,6,1.0
5821008,test,a44_45,3.372637,3.1327703,1.0,3,3,1.0,2,2,1.0
5863033,test,a44_45,0.45592785,2.1044023,1.0,2,3,1.0,6,6,1.0
5921003,test,a44_45,3.2158868,3.2579508,1.0,3,2,1.0,6,6,1.0
5922010,test,a44_45,3.4994462,3.2839227,1.0,3,3,1.0,6,6,1.0
5938031,test,a44_45,2.941142,1.6732749,1.0,3,2,1.0,6,6,1.0
5960033,test,a44_45,3.0546012,3.0626745,1.0,3,3,1.0,6,6,1.0
5995005,test,a44_45,2.945693,0.0,1.0,3,2,1.0,6,6,1.0
6028032,test,a44_45,2.732214,3.4766757,1.0,3,3,1.0,6,6,1.0
6030005,test,a44_45,3.4915514,3.6509905,1.0,3,3,1.0,6,2,1.0
6030008,test,a44_45,3.4193516,3.1529975,1.0,3,3,1.0,6,2,1.0
6093006,test,a44_45,0.40443254,3.331553,1.0,2,3,1.0,6,6,1.0
6093011,test,a44_45,2.5024776,2.8645954,1.0,3,3,1.0,6,6,1.0
6114182,test,a44_45,3.2062922,0.0,1.0,3,2,1.0,4,4,1.0
6120195,test,a44_45,0.46335745,0.0,1.0,2,2,1.0,2,4,1.0
6121030,test,a44_45,3.2570915,4.007859,1.0,3,3,1.0,6,4,1.0
6179003,test,a44_45,3.386831,3.4366326,1.0,3,3,1.0,2,2,1.0
6179170,test,a44_45,0.5372622,0.0,1.0,2,2,1.0,2,2,1.0
6191006,test,a44_45,2.8858328,3.7130666,1.0,3,3,1.0,4,2,1.0
6200175,test,a44_45,3.472038,3.2409673,1.0,3,3,1.0,2,2,1.0
6210007,test,a44_45,3.4155521,2.7840075,1.0,3,3,1.0,6,2,1.0
6210008,test,a44_45,3.2763562,2.4192536,1.0,3,3,1.0,6,4,1.0
6350007,test,a44_45,3.2404385,3.3488512,1.0,3,3,1.0,6,2,1.0
6365010,test,a44_45,0.42282033,2.966243,1.0,2,3,1.0,6,6,1.0
6365011,test,a44_45,2.4884994,0.0,1.0,3,2,1.0,2,2,1.0
6365177,test,a44_45,3.1683462,4.579592,1.0,3,2,1.0,2,2,1.0
6381008,test,a44_45,3.3248875,4.0907545,1.0,3,3,1.0,2,4,1.0
6444003,test,a44_45,3.2051728,3.5554013,1.0,3,3,1.0,2,2,1.0
6475006,test,a44_45,0.34068847,2.2798254,1.0,2,3,1.0,6,6,1.0
6475007,test,a44_45,0.36625552,3.49205,1.0,2,3,1.0,6,6,1.0
6509004,test,a44_45,3.5661478,3.5773633,1.0,3,3,1.0,6,2,1.0
6545008,test,a44_45,3.6554656,3.809728,1.0,3,3,1.0,6,2,1.0
6571003,test,a44_45,3.082459,4.2117763,1.0,3,3,1.0,6,6,1.0
6635009,test,a44_45,2.477758,0.0,1.0,3,2,1.0,6,6,1.0
6663030,test,a44_45,3.5705397,4.527755,1.0,3,3,1.0,6,6,1.0
6674003,test,a44_45,3.5147817,3.7786224,1.0,3,3,1.0,4,2,1.0
6674005,test,a44_45,3.4607093,0.0,0.0,3,-1,0.0,4,-1,0.0
6736181,test,a44_45,3.3139935,2.8547702,1.0,3,3,1.0,2,2,1.0
6740003,test,a44_45,2.4732935,3.5209594,1.0,3,3,1.0,2,2,1.0
6769008,test,a44_45,3.1818137,0.0,1.0,3,2,1.0,4,4,1.0
6779033,test,a44_45,0.41491127,0.0,1.0,2,2,1.0,6,6,1.0
6820030,test,a30_31,2.612587,0.0,1.0,3,2,1.0,6,6,1.0
6843006,test,a30_31,0.66941905,0.0,1.0,2,2,1.0,6,2,1.0
6857006,test,a30_31,3.2225866,4.886779,1.0,3,3,1.0,2,3,1.0
6820030,test,a32_33,2.7292693,1.6985121,1.0,3,2,1.0,6,6,1.0
6843006,test,a32_33,0.5872774,0.0,1.0,2,2,1.0,6,6,1.0
6857006,test,a32_33,3.2702377,2.6426997,1.0,3,3,1.0,2,3,1.0
6820030,test,a34_35,2.8089008,0.0,1.0,3,2,1.0,6,6,1.0
6843006,test,a34_35,0.535861,0.33577913,1.0,2,2,1.0,6,6,1.0
6857006,test,a34_35,3.2906225,3.9554691,1.0,3,3,1.0,2,4,1.0
6820030,test,a36_37,2.8959763,0.44449985,1.0,3,2,1.0,6,6,1.0
6843006,test,a36_37,0.5306784,1.9499075,1.0,2,3,1.0,6,6,1.0
6857006,test,a36_37,3.3447413,3.1834235,1.0,3,3,1.0,2,2,1.0
6820030,test,a38_39,2.9679534,0.0,1.0,3,2,1.0,6,6,1.0
6843006,test,a38_39,0.49043632,1.9161729,1.0,2,3,1.0,6,6,1.0
6857006,test,a38_39,3.398068,4.07775,1.0,3,3,1.0,2,2,1.0
6820030,test,a40_41,3.0266554,0.0,1.0,3,2,1.0,6,6,1.0
6843006,test,a40_41,0.44605398,1.8969418,1.0,2,2,1.0,6,2,1.0
6857006,test,a40_41,3.4383457,3.766271,1.0,3,3,1.0,2,3,1.0
6820030,test,a42_43,3.0790782,0.0,1.0,3,2,1.0,6,6,1.0
6843006,test,a42_43,0.40708303,1.5200922,1.0,2,3,1.0,6,2,1.0
6857006,test,a42_43,3.471027,3.7407627,1.0,3,3,1.0,2,5,1.0
6820030,test,a44_45,3.1489418,0.0,1.0,3,2,1.0,6,6,1.0
6843006,test,a44_45,0.39190674,0.0,1.0,2,2,1.0,6,2,1.0
6857006,test,a44_45,3.5088768,4.0956507,1.0,3,3,1.0,2,5,1.0
