ID,split,target_bin,pred_earn,true_earn,mask_earn,pred_emp,true_emp,mask_emp,pred_mar,true_mar,mask_mar
4007,val,a30_31,2.689923,1.2333428,1.0,3,2,1.0,2,2,1.0
6174,val,a30_31,2.689923,3.5177844,1.0,3,3,1.0,2,2,1.0
14004,val,a30_31,2.689923,3.7227888,1.0,3,3,1.0,2,2,1.0
14172,val,a30_31,2.689923,0.0,1.0,3,2,1.0,2,2,1.0
14173,val,a30_31,2.689923,3.7706354,1.0,3,3,1.0,2,2,1.0
18031,val,a30_31,2.689923,0.81838655,1.0,3,2,1.0,2,2,1.0
18185,val,a30_31,2.689923,0.0,1.0,3,3,1.0,2,3,1.0
23031,val,a30_31,2.689923,2.8751705,1.0,3,3,1.0,2,6,1.0
40173,val,a30_31,2.689923,4.076673,1.0,3,3,1.0,2,4,1.0
51171,val,a30_31,2.689923,3.2225082,1.0,3,3,1.0,2,2,1.0
84005,val,a30_31,2.689923,4.049696,1.0,3,3,1.0,2,6,1.0
121173,val,a30_31,2.689923,4.0438795,1.0,3,3,1.0,2,2,1.0
128004,val,a30_31,2.689923,3.8195267,1.0,3,3,1.0,2,2,1.0
145170,val,a30_31,2.689923,3.3709557,1.0,3,3,1.0,2,2,1.0
161004,val,a30_31,2.689923,4.204043,1.0,3,3,1.0,2,6,1.0
172031,val,a30_31,2.689923,3.4236188,1.0,3,3,1.0,2,2,1.0
174175,val,a30_31,2.689923,3.4206977,1.0,3,3,1.0,2,2,1.0
221031,val,a30_31,2.689923,3.6323774,1.0,3,3,1.0,2,2,1.0
223030,val,a30_31,2.689923,3.2050848,1.0,3,2,1.0,2,2,1.0
227003,val,a30_31,2.689923,3.901564,1.0,3,3,1.0,2,2,1.0
257175,val,a30_31,2.689923,3.1132894,1.0,3,3,1.0,2,2,1.0
263182,val,a30_31,2.689923,3.5551443,1.0,3,3,1.0,2,2,1.0
321005,val,a30_31,2.689923,0.0,0.0,3,-1,0.0,2,-1,0.0
361175,val,a30_31,2.689923,2.389918,1.0,3,3,1.0,2,4,1.0
377170,val,a30_31,2.689923,3.303338,1.0,3,3,1.0,2,2,1.0
450030,val,a30_31,2.689923,4.141229,1.0,3,3,1.0,2,6,1.0
465030,val,a30_31,2.689923,2.9653394,1.0,3,3,1.0,2,4,1.0
478030,val,a30_31,2.689923,2.9689102,1.0,3,2,1.0,2,2,1.0
503031,val,a30_31,2.689923,3.7946298,1.0,3,3,1.0,2,2,1.0
514172,val,a30_31,2.689923,3.7249148,1.0,3,3,1.0,2,2,1.0
534030,val,a30_31,2.689923,3.3445346,1.0,3,3,1.0,2,2,1.0
534171,val,a30_31,2.689923,3.6154544,1.0,3,3,1.0,2,2,1.0
544170,val,a30_31,2.689923,2.5946815,1.0,3,3,1.0,2,2,1.0
563193,val,a30_31,2.689923,2.9333522,1.0,3,3,1.0,2,2,1.0
577174,val,a30_31,2.689923,2.6081264,1.0,3,2,1.0,2,2,1.0
613006,val,a30_31,2.689923,4.2846055,1.0,3,3,1.0,2,6,1.0
618170,val,a30_31,2.689923,4.2050204,1.0,3,3,1.0,2,2,1.0
631030,val,a30_31,2.689923,0.0,0.0,3,3,1.0,2,2,1.0
633031,val,a30_31,2.689923,3.3445346,1.0,3,3,1.0,2,2,1.0
652173,val,a30_31,2.689923,3.6388054,1.0,3,3,1.0,2,2,1.0
655172,val,a30_31,2.689923,3.6167312,1.0,3,3,1.0,2,2,1.0
656005,val,a30_31,2.689923,1.7369525,1.0,3,3,1.0,2,2,1.0
691171,val,a30_31,2.689923,0.0,0.0,3,-1,0.0,2,-1,0.0
738172,val,a30_31,2.689923,2.6902387,1.0,3,3,1.0,2,2,1.0
751030,val,a30_31,2.689923,0.0,1.0,3,2,1.0,2,2,1.0
762170,val,a30_31,2.689923,4.4477153,1.0,3,3,1.0,2,2,1.0
783171,val,a30_31,2.689923,3.4384992,1.0,3,3,1.0,2,2,1.0
863007,val,a30_31,2.689923,2.2456512,1.0,3,3,1.0,2,2,1.0
893170,val,a30_31,2.689923,2.9455593,1.0,3,3,1.0,2,2,1.0
894031,val,a30_31,2.689923,2.461121,1.0,3,3,1.0,2,2,1.0
898181,val,a30_31,2.689923,3.0409112,1.0,3,2,1.0,2,2,1.0
899003,val,a30_31,2.689923,3.0307395,1.0,3,3,1.0,2,4,1.0
916032,val,a30_31,2.689923,3.3619723,1.0,3,3,1.0,2,6,1.0
922005,val,a30_31,2.689923,3.2996137,1.0,3,3,1.0,2,2,1.0
931172,val,a30_31,2.689923,3.1621735,1.0,3,3,1.0,2,2,1.0
939032,val,a30_31,2.689923,0.0,1.0,3,3,1.0,2,2,1.0
958030,val,a30_31,2.689923,3.497985,1.0,3,3,1.0,2,2,1.0
958173,val,a30_31,2.689923,2.9178963,1.0,3,3,1.0,2,2,1.0
961005,val,a30_31,2.689923,2.9415638,1.0,3,3,1.0,2,4,1.0
961030,val,a30_31,2.689923,3.5397089,1.0,3,3,1.0,2,6,1.0
961175,val,a30_31,2.689923,3.023627,1.0,3,3,1.0,2,2,1.0
1051183,val,a30_31,2.689923,4.358222,1.0,3,3,1.0,2,2,1.0
1084005,val,a30_31,2.689923,2.8418088,1.0,3,2,1.0,2,2,1.0
1089003,val,a30_31,2.689923,3.3856127,1.0,3,3,1.0,2,2,1.0
1093003,val,a30_31,2.689923,0.0,1.0,3,2,1.0,2,2,1.0
1107173,val,a30_31,2.689923,1.0235457,1.0,3,3,1.0,2,2,1.0
1109174,val,a30_31,2.689923,0.6388453,1.0,3,2,1.0,2,2,1.0
1121030,val,a30_31,2.689923,3.028002,1.0,3,3,1.0,2,2,1.0
1121175,val,a30_31,2.689923,1.7948437,1.0,3,3,1.0,2,2,1.0
1125172,val,a30_31,2.689923,2.3413634,1.0,3,3,1.0,2,2,1.0
1126030,val,a30_31,2.689923,0.8757976,1.0,3,2,1.0,2,2,1.0
1126176,val,a30_31,2.689923,4.886779,1.0,3,3,1.0,2,2,1.0
1152180,val,a30_31,2.689923,3.4580646,1.0,3,3,1.0,2,2,1.0
1164004,val,a30_31,2.689923,3.0181873,1.0,3,3,1.0,2,2,1.0
1184032,val,a30_31,2.689923,3.2616544,1.0,3,3,1.0,2,2,1.0
1184033,val,a30_31,2.689923,3.2050848,1.0,3,3,1.0,2,6,1.0
1185003,val,a30_31,2.689923,3.8515978,1.0,3,2,1.0,2,2,1.0
1222004,val,a30_31,2.689923,2.0934732,1.0,3,2,1.0,2,2,1.0
1222006,val,a30_31,2.689923,3.177607,1.0,3,3,1.0,2,2,1.0
1284170,val,a30_31,2.689923,3.9491403,1.0,3,3,1.0,2,2,1.0
1292004,val,a30_31,2.689923,1.9329143,1.0,3,2,1.0,2,2,1.0
1314172,val,a30_31,2.689923,0.0,1.0,3,2,1.0,2,2,1.0
1332005,val,a30_31,2.689923,4.41165,1.0,3,2,1.0,2,4,1.0
1335010,val,a30_31,2.689923,2.8107677,1.0,3,3,1.0,2,2,1.0
1338003,val,a30_31,2.689923,3.6048794,1.0,3,3,1.0,2,6,1.0
1345006,val,a30_31,2.689923,3.5205963,1.0,3,2,1.0,2,4,1.0
1345007,val,a30_31,2.689923,3.6249468,1.0,3,3,1.0,2,6,1.0
1346030,val,a30_31,2.689923,0.0,1.0,3,2,1.0,2,2,1.0
1391033,val,a30_31,2.689923,3.6421258,1.0,3,3,1.0,2,2,1.0
1391175,val,a30_31,2.689923,0.0,1.0,3,2,1.0,2,2,1.0
1394033,val,a30_31,2.689923,0.0,1.0,3,2,1.0,2,4,1.0
1397005,val,a30_31,2.689923,3.6570578,1.0,3,3,1.0,2,2,1.0
1397172,val,a30_31,2.689923,0.0,1.0,3,2,1.0,2,2,1.0
1426004,val,a30_31,2.689923,1.5148215,1.0,3,3,1.0,2,2,1.0
1434032,val,a30_31,2.689923,2.5882483,1.0,3,2,1.0,2,2,1.0
1434170,val,a30_31,2.689923,2.7760577,1.0,3,3,1.0,2,2,1.0
1435005,val,a30_31,2.689923,3.8998532,1.0,3,3,1.0,2,6,1.0
1485171,val,a30_31,2.689923,3.5806315,1.0,3,3,1.0,2,2,1.0
1520031,val,a30_31,2.689923,3.6576927,1.0,3,3,1.0,2,4,1.0
1540005,val,a30_31,2.689923,4.493356,1.0,3,3,1.0,2,6,1.0
1559003,val,a30_31,2.689923,4.33515,1.0,3,3,1.0,2,2,1.0
1559170,val,a30_31,2.689923,3.7329192,1.0,3,3,1.0,2,2,1.0
1565180,val,a30_31,2.689923,2.850009,1.0,3,3,1.0,2,2,1.0
1579030,val,a30_31,2.689923,3.539721,1.0,3,3,1.0,2,2,1.0
1613007,val,a30_31,2.689923,3.3296845,1.0,3,2,1.0,2,2,1.0
1621171,val,a30_31,2.689923,4.0290737,1.0,3,3,1.0,2,2,1.0
1644004,val,a30_31,2.689923,3.1041627,1.0,3,2,1.0,2,2,1.0
1652031,val,a30_31,2.689923,3.7628198,1.0,3,3,1.0,2,2,1.0
1682032,val,a30_31,2.689923,4.232157,1.0,3,3,1.0,2,6,1.0
1684173,val,a30_31,2.689923,3.0831435,1.0,3,3,1.0,2,2,1.0
1687003,val,a30_31,2.689923,3.0770123,1.0,3,3,1.0,2,2,1.0
1690170,val,a30_31,2.689923,2.9952161,1.0,3,3,1.0,2,2,1.0
1692030,val,a30_31,2.689923,0.0,1.0,3,2,1.0,2,2,1.0
1695034,val,a30_31,2.689923,3.154082,1.0,3,3,1.0,2,2,1.0
1701004,val,a30_31,2.689923,2.9586496,1.0,3,3,1.0,2,2,1.0
1721030,val,a30_31,2.689923,4.218239,1.0,3,3,1.0,2,4,1.0
1723005,val,a30_31,2.689923,0.0,1.0,3,2,1.0,2,2,1.0
1762030,val,a30_31,2.689923,1.8541794,1.0,3,3,1.0,2,2,1.0
1762031,val,a30_31,2.689923,3.4748342,1.0,3,3,1.0,2,2,1.0
1762032,val,a30_31,2.689923,0.8422866,1.0,3,3,1.0,2,2,1.0
1774170,val,a30_31,2.689923,3.530886,1.0,3,3,1.0,2,2,1.0
1774171,val,a30_31,2.689923,3.757377,1.0,3,3,1.0,2,2,1.0
1784171,val,a30_31,2.689923,4.354948,1.0,3,3,1.0,2,2,1.0
1786191,val,a30_31,2.689923,4.0242934,1.0,3,3,1.0,2,2,1.0
1787005,val,a30_31,2.689923,3.5573397,1.0,3,3,1.0,2,2,1.0
1787174,val,a30_31,2.689923,3.4187503,1.0,3,3,1.0,2,2,1.0
1802003,val,a30_31,2.689923,2.8268056,1.0,3,3,1.0,2,2,1.0
1845170,val,a30_31,2.689923,3.5920963,1.0,3,3,1.0,2,2,1.0
1862171,val,a30_31,2.689923,1.0280056,1.0,3,3,1.0,2,2,1.0
1898004,val,a30_31,2.689923,4.0346365,1.0,3,3,1.0,2,6,1.0
1911030,val,a30_31,2.689923,3.1301715,1.0,3,3,1.0,2,3,1.0
1914003,val,a30_31,2.689923,0.13113108,1.0,3,3,1.0,2,2,1.0
1919007,val,a30_31,2.689923,3.7895627,1.0,3,3,1.0,2,2,1.0
1954003,val,a30_31,2.689923,3.2025814,1.0,3,3,1.0,2,2,1.0
1959005,val,a30_31,2.689923,4.0288734,1.0,3,3,1.0,2,6,1.0
1964031,val,a30_31,2.689923,0.0,0.0,3,-1,0.0,2,-1,0.0
1972173,val,a30_31,2.689923,0.0,1.0,3,2,1.0,2,2,1.0
1978030,val,a30_31,2.689923,3.5649583,1.0,3,3,1.0,2,2,1.0
2005030,val,a30_31,2.689923,2.9669423,1.0,3,3,1.0,2,6,1.0
2011174,val,a30_31,2.689923,2.6167932,1.0,3,3,1.0,2,2,1.0
2023030,val,a30_31,2.689923,4.596575,1.0,3,3,1.0,2,6,1.0
2028030,val,a30_31,2.689923,3.7856972,1.0,3,3,1.0,2,4,1.0
2055003,val,a30_31,2.689923,2.474848,1.0,3,3,1.0,2,2,1.0
2067005,val,a30_31,2.689923,3.8257277,1.0,3,3,1.0,2,2,1.0
2080170,val,a30_31,2.689923,0.7748619,1.0,3,3,1.0,2,2,1.0
2106171,val,a30_31,2.689923,0.0,1.0,3,2,1.0,2,2,1.0
2109002,val,a30_31,2.689923,4.0631533,1.0,3,3,1.0,2,2,1.0
2129186,val,a30_31,2.689923,3.000162,1.0,3,3,1.0,2,2,1.0
2181007,val,a30_31,2.689923,0.0,1.0,3,2,1.0,2,6,1.0
2181030,val,a30_31,2.689923,3.2536054,1.0,3,3,1.0,2,4,1.0
2243174,val,a30_31,2.689923,4.1554103,1.0,3,3,1.0,2,2,1.0
2260173,val,a30_31,2.689923,1.88501,1.0,3,2,1.0,2,2,1.0
2261030,val,a30_31,2.689923,2.6918542,1.0,3,3,1.0,2,2,1.0
2271171,val,a30_31,2.689923,2.9267282,1.0,3,3,1.0,2,2,1.0
2282005,val,a30_31,2.689923,3.3026655,1.0,3,3,1.0,2,4,1.0
2302195,val,a30_31,2.689923,0.0,1.0,3,2,1.0,2,2,1.0
2334031,val,a30_31,2.689923,4.190539,1.0,3,3,1.0,2,2,1.0
2341172,val,a30_31,2.689923,1.6821941,1.0,3,2,1.0,2,2,1.0
2354175,val,a30_31,2.689923,0.02431143,1.0,3,3,1.0,2,2,1.0
2355004,val,a30_31,2.689923,2.3455245,1.0,3,3,1.0,2,4,1.0
2391030,val,a30_31,2.689923,3.3619723,1.0,3,3,1.0,2,2,1.0
2397173,val,a30_31,2.689923,0.0,1.0,3,2,1.0,2,3,1.0
2408170,val,a30_31,2.689923,2.1372008,1.0,3,3,1.0,2,2,1.0
2425003,val,a30_31,2.689923,1.4242183,1.0,3,3,1.0,2,2,1.0
2432030,val,a30_31,2.689923,0.0,1.0,3,2,1.0,2,4,1.0
2435172,val,a30_31,2.689923,1.2739747,1.0,3,3,1.0,2,2,1.0
2436174,val,a30_31,2.689923,0.0,1.0,3,2,1.0,2,2,1.0
2436176,val,a30_31,2.689923,1.6717893,1.0,3,3,1.0,2,2,1.0
2441003,val,a30_31,2.689923,2.0608215,1.0,3,3,1.0,2,2,1.0
2441173,val,a30_31,2.689923,3.6020598,1.0,3,3,1.0,2,2,1.0
2458031,val,a30_31,2.689923,4.507845,1.0,3,3,1.0,2,6,1.0
2461004,val,a30_31,2.689923,1.2221372,1.0,3,2,1.0,2,2,1.0
2461030,val,a30_31,2.689923,4.886779,1.0,3,3,1.0,2,2,1.0
2473004,val,a30_31,2.689923,3.5453892,1.0,3,3,1.0,2,2,1.0
2483030,val,a30_31,2.689923,1.4439538,1.0,3,2,1.0,2,2,1.0
2503030,val,a30_31,2.689923,4.153324,1.0,3,3,1.0,2,6,1.0
2510005,val,a30_31,2.689923,3.681525,1.0,3,3,1.0,2,2,1.0
2525003,val,a30_31,2.689923,1.0911466,1.0,3,2,1.0,2,2,1.0
2529030,val,a30_31,2.689923,3.6850972,1.0,3,3,1.0,2,2,1.0
2529174,val,a30_31,2.689923,3.8850634,1.0,3,3,1.0,2,2,1.0
2530003,val,a30_31,2.689923,2.4984546,1.0,3,3,1.0,2,2,1.0
2530004,val,a30_31,2.689923,3.1229002,1.0,3,3,1.0,2,2,1.0
2569033,val,a30_31,2.689923,3.1590667,1.0,3,3,1.0,2,2,1.0
2601006,val,a30_31,2.689923,4.568841,1.0,3,3,1.0,2,2,1.0
2608006,val,a30_31,2.689923,3.104259,1.0,3,3,1.0,2,2,1.0
2615034,val,a30_31,2.689923,4.351215,1.0,3,3,1.0,2,2,1.0
2639004,val,a30_31,2.689923,3.4125912,1.0,3,3,1.0,2,6,1.0
2665177,val,a30_31,2.689923,0.50427806,1.0,3,2,1.0,2,6,1.0
2672006,val,a30_31,2.689923,3.8187668,1.0,3,3,1.0,2,6,1.0
2672171,val,a30_31,2.689923,4.456984,1.0,3,3,1.0,2,4,1.0
2697003,val,a30_31,2.689923,3.9311678,1.0,3,3,1.0,2,4,1.0
2704031,val,a30_31,2.689923,3.4627373,1.0,3,3,1.0,2,2,1.0
2705030,val,a30_31,2.689923,3.8132377,1.0,3,3,1.0,2,2,1.0
2707007,val,a30_31,2.689923,2.7866313,1.0,3,3,1.0,2,2,1.0
2712172,val,a30_31,2.689923,2.5026433,1.0,3,3,1.0,2,2,1.0
2731003,val,a30_31,2.689923,3.2932556,1.0,3,3,1.0,2,6,1.0
2731005,val,a30_31,2.689923,4.5509243,1.0,3,3,1.0,2,6,1.0
2770031,val,a30_31,2.689923,3.598622,1.0,3,3,1.0,2,2,1.0
2816004,val,a30_31,2.689923,0.0,1.0,3,2,1.0,2,2,1.0
2910002,val,a30_31,2.689923,2.9302201,1.0,3,3,1.0,2,2,1.0
3062001,val,a30_31,2.689923,3.2921891,1.0,3,3,1.0,2,2,1.0
3235002,val,a30_31,2.689923,2.637326,1.0,3,3,1.0,2,2,1.0
3306001,val,a30_31,2.689923,4.2639766,1.0,3,3,1.0,2,2,1.0
5015030,val,a30_31,2.689923,3.053964,1.0,3,3,1.0,2,2,1.0
5048030,val,a30_31,2.689923,0.9035515,1.0,3,3,1.0,2,6,1.0
5052033,val,a30_31,2.689923,2.1652112,1.0,3,3,1.0,2,6,1.0
5057008,val,a30_31,2.689923,0.0,1.0,3,2,1.0,2,6,1.0
5170009,val,a30_31,2.689923,3.6723797,1.0,3,3,1.0,2,2,1.0
5230008,val,a30_31,2.689923,3.3242893,1.0,3,3,1.0,2,2,1.0
5299010,val,a30_31,2.689923,1.4410384,1.0,3,3,1.0,2,6,1.0
5336179,val,a30_31,2.689923,2.2973404,1.0,3,2,1.0,2,2,1.0
5364005,val,a30_31,2.689923,3.2058682,1.0,3,3,1.0,2,3,1.0
5379004,val,a30_31,2.689923,2.9469423,1.0,3,3,1.0,2,4,1.0
5430173,val,a30_31,2.689923,0.0,0.0,3,-1,0.0,2,-1,0.0
5488006,val,a30_31,2.689923,3.6987822,1.0,3,3,1.0,2,6,1.0
5493007,val,a30_31,2.689923,0.0,1.0,3,2,1.0,2,5,1.0
5537009,val,a30_31,2.689923,2.2175868,1.0,3,3,1.0,2,2,1.0
5537177,val,a30_31,2.689923,0.0,1.0,3,2,1.0,2,2,1.0
5537183,val,a30_31,2.689923,0.0,1.0,3,2,1.0,2,2,1.0
5569010,val,a30_31,2.689923,3.477633,1.0,3,3,1.0,2,2,1.0
5600005,val,a30_31,2.689923,2.3809192,1.0,3,2,1.0,2,6,1.0
5615183,val,a30_31,2.689923,4.037687,1.0,3,3,1.0,2,2,1.0
5749006,val,a30_31,2.689923,2.652741,1.0,3,3,1.0,2,2,1.0
5822175,val,a30_31,2.689923,2.9794602,1.0,3,3,1.0,2,2,1.0
5832003,val,a30_31,2.689923,0.0,0.0,3,-1,0.0,2,-1,0.0
5872005,val,a30_31,2.689923,0.0,1.0,3,2,1.0,2,6,1.0
5898005,val,a30_31,2.689923,0.0,1.0,3,2,1.0,2,4,1.0
5904033,val,a30_31,2.689923,2.6030054,1.0,3,3,1.0,2,3,1.0
5987188,val,a30_31,2.689923,3.0227742,1.0,3,3,1.0,2,2,1.0
6026005,val,a30_31,2.689923,3.6704879,1.0,3,3,1.0,2,6,1.0
6026172,val,a30_31,2.689923,3.7018018,1.0,3,3,1.0,2,6,1.0
6054031,val,a30_31,2.689923,4.3773117,1.0,3,3,1.0,2,6,1.0
6121033,val,a30_31,2.689923,0.0,0.0,3,2,1.0,2,6,1.0
6156008,val,a30_31,2.689923,3.766229,1.0,3,3,1.0,2,6,1.0
6157003,val,a30_31,2.689923,2.724433,1.0,3,3,1.0,2,2,1.0
6210183,val,a30_31,2.689923,3.5983658,1.0,3,3,1.0,2,2,1.0
6262030,val,a30_31,2.689923,3.6729314,1.0,3,3,1.0,2,2,1.0
6368007,val,a30_31,2.689923,1.520187,1.0,3,2,1.0,2,6,1.0
6381181,val,a30_31,2.689923,3.8400397,1.0,3,3,1.0,2,6,1.0
6396003,val,a30_31,2.689923,1.6638994,1.0,3,3,1.0,2,2,1.0
6431008,val,a30_31,2.689923,3.2574513,1.0,3,3,1.0,2,2,1.0
6475170,val,a30_31,2.689923,2.6670494,1.0,3,3,1.0,2,6,1.0
6522004,val,a30_31,2.689923,0.0,1.0,3,2,1.0,2,6,1.0
6537032,val,a30_31,2.689923,2.6992998,1.0,3,2,1.0,2,2,1.0
6541178,val,a30_31,2.689923,4.0980587,1.0,3,3,1.0,2,2,1.0
6545006,val,a30_31,2.689923,0.0,0.0,3,-1,0.0,2,-1,0.0
6547171,val,a30_31,2.689923,2.844415,1.0,3,3,1.0,2,2,1.0
6571031,val,a30_31,2.689923,0.0,0.0,3,-1,0.0,2,-1,0.0
6590008,val,a30_31,2.689923,3.052779,1.0,3,3,1.0,2,2,1.0
6616007,val,a30_31,2.689923,2.4154687,1.0,3,2,1.0,2,2,1.0
6649003,val,a30_31,2.689923,3.1905797,1.0,3,2,1.0,2,6,1.0
6710030,val,a30_31,2.689923,3.334712,1.0,3,3,1.0,2,6,1.0
6745007,val,a30_31,2.689923,0.0,0.0,3,-1,0.0,2,-1,0.0
6750005,val,a30_31,2.689923,0.0,1.0,3,3,1.0,2,3,1.0
6765006,val,a30_31,2.689923,0.0,1.0,3,3,1.0,2,2,1.0
6822176,val,a30_31,2.689923,3.7020907,1.0,3,3,1.0,2,3,1.0
6828003,val,a30_31,2.689923,0.00086969405,1.0,3,3,1.0,2,2,1.0
6872003,val,a30_31,2.689923,3.403978,1.0,3,3,1.0,2,2,1.0
4007,val,a32_33,2.7215714,1.0867418,1.0,3,3,1.0,2,2,1.0
6174,val,a32_33,2.7215714,3.4142132,1.0,3,3,1.0,2,2,1.0
14004,val,a32_33,2.7215714,3.97576,1.0,3,3,1.0,2,2,1.0
14172,val,a32_33,2.7215714,0.0,1.0,3,2,1.0,2,2,1.0
14173,val,a32_33,2.7215714,3.566897,1.0,3,3,1.0,2,2,1.0
18031,val,a32_33,2.7215714,0.0,1.0,3,2,1.0,2,2,1.0
18185,val,a32_33,2.7215714,3.419789,1.0,3,3,1.0,2,4,1.0
23031,val,a32_33,2.7215714,2.7639472,1.0,3,3,1.0,2,6,1.0
40173,val,a32_33,2.7215714,4.1959877,1.0,3,3,1.0,2,2,1.0
51171,val,a32_33,2.7215714,3.4484794,1.0,3,3,1.0,2,2,1.0
84005,val,a32_33,2.7215714,3.628354,1.0,3,3,1.0,2,6,1.0
121173,val,a32_33,2.7215714,4.8089485,1.0,3,3,1.0,2,2,1.0
128004,val,a32_33,2.7215714,3.699267,1.0,3,3,1.0,2,2,1.0
145170,val,a32_33,2.7215714,3.7859023,1.0,3,3,1.0,2,2,1.0
161004,val,a32_33,2.7215714,4.144882,1.0,3,3,1.0,2,6,1.0
172031,val,a32_33,2.7215714,3.4698775,1.0,3,3,1.0,2,2,1.0
174175,val,a32_33,2.7215714,3.505085,1.0,3,3,1.0,2,2,1.0
221031,val,a32_33,2.7215714,3.6850972,1.0,3,3,1.0,2,2,1.0
223030,val,a32_33,2.7215714,3.5649583,1.0,3,3,1.0,2,2,1.0
227003,val,a32_33,2.7215714,1.4325641,1.0,3,3,1.0,2,4,1.0
257175,val,a32_33,2.7215714,2.9559011,1.0,3,3,1.0,2,2,1.0
263182,val,a32_33,2.7215714,3.1111588,1.0,3,3,1.0,2,2,1.0
321005,val,a32_33,2.7215714,0.0,1.0,3,3,1.0,2,2,1.0
361175,val,a32_33,2.7215714,2.4523063,1.0,3,2,1.0,2,2,1.0
377170,val,a32_33,2.7215714,4.1439614,1.0,3,3,1.0,2,2,1.0
450030,val,a32_33,2.7215714,3.9492195,1.0,3,3,1.0,2,6,1.0
465030,val,a32_33,2.7215714,3.4057453,1.0,3,3,1.0,2,2,1.0
478030,val,a32_33,2.7215714,2.441683,1.0,3,2,1.0,2,5,1.0
503031,val,a32_33,2.7215714,4.011046,1.0,3,3,1.0,2,2,1.0
514172,val,a32_33,2.7215714,4.8569217,1.0,3,3,1.0,2,2,1.0
534030,val,a32_33,2.7215714,3.5290773,1.0,3,3,1.0,2,2,1.0
534171,val,a32_33,2.7215714,3.4207587,1.0,3,3,1.0,2,2,1.0
544170,val,a32_33,2.7215714,2.4005008,1.0,3,3,1.0,2,2,1.0
563193,val,a32_33,2.7215714,1.2695827,1.0,3,2,1.0,2,2,1.0
577174,val,a32_33,2.7215714,1.7688432,1.0,3,3,1.0,2,2,1.0
613006,val,a32_33,2.7215714,4.381024,1.0,3,3,1.0,2,6,1.0
618170,val,a32_33,2.7215714,4.21746,1.0,3,3,1.0,2,2,1.0
631030,val,a32_33,2.7215714,3.6409497,1.0,3,2,1.0,2,4,1.0
633031,val,a32_33,2.7215714,3.587975,1.0,3,3,1.0,2,2,1.0
652173,val,a32_33,2.7215714,3.7014766,1.0,3,3,1.0,2,2,1.0
655172,val,a32_33,2.7215714,2.5599382,1.0,3,3,1.0,2,2,1.0
656005,val,a32_33,2.7215714,1.6182599,1.0,3,2,1.0,2,2,1.0
691171,val,a32_33,2.7215714,2.3093877,1.0,3,3,1.0,2,4,1.0
738172,val,a32_33,2.7215714,3.3051815,1.0,3,3,1.0,2,2,1.0
751030,val,a32_33,2.7215714,2.7029045,1.0,3,3,1.0,2,2,1.0
762170,val,a32_33,2.7215714,4.7859936,1.0,3,3,1.0,2,2,1.0
783171,val,a32_33,2.7215714,0.0,1.0,3,2,1.0,2,2,1.0
863007,val,a32_33,2.7215714,2.0965526,1.0,3,3,1.0,2,2,1.0
893170,val,a32_33,2.7215714,1.1484697,1.0,3,2,1.0,2,2,1.0
894031,val,a32_33,2.7215714,2.920467,1.0,3,3,1.0,2,2,1.0
898181,val,a32_33,2.7215714,2.303382,1.0,3,2,1.0,2,2,1.0
899003,val,a32_33,2.7215714,3.1265504,1.0,3,3,1.0,2,4,1.0
916032,val,a32_33,2.7215714,3.433667,1.0,3,3,1.0,2,6,1.0
922005,val,a32_33,2.7215714,2.0455058,1.0,3,3,1.0,2,2,1.0
931172,val,a32_33,2.7215714,2.9653394,1.0,3,3,1.0,2,2,1.0
939032,val,a32_33,2.7215714,4.886779,1.0,3,3,1.0,2,2,1.0
958030,val,a32_33,2.7215714,3.514469,1.0,3,3,1.0,2,2,1.0
958173,val,a32_33,2.7215714,3.0765197,1.0,3,3,1.0,2,2,1.0
961005,val,a32_33,2.7215714,2.9124293,1.0,3,2,1.0,2,2,1.0
961030,val,a32_33,2.7215714,3.8700032,1.0,3,3,1.0,2,6,1.0
961175,val,a32_33,2.7215714,3.3337398,1.0,3,3,1.0,2,2,1.0
1051183,val,a32_33,2.7215714,3.8180304,1.0,3,3,1.0,2,2,1.0
1084005,val,a32_33,2.7215714,0.0,1.0,3,2,1.0,2,2,1.0
1089003,val,a32_33,2.7215714,3.267166,1.0,3,3,1.0,2,2,1.0
1093003,val,a32_33,2.7215714,0.0,1.0,3,2,1.0,2,2,1.0
1107173,val,a32_33,2.7215714,2.8713987,1.0,3,3,1.0,2,2,1.0
1109174,val,a32_33,2.7215714,1.7994808,1.0,3,2,1.0,2,2,1.0
1121030,val,a32_33,2.7215714,3.2479649,1.0,3,3,1.0,2,2,1.0
1121175,val,a32_33,2.7215714,2.7939436,1.0,3,3,1.0,2,2,1.0
1125172,val,a32_33,2.7215714,2.505347,1.0,3,3,1.0,2,2,1.0
1126030,val,a32_33,2.7215714,3.0186512,1.0,3,3,1.0,2,2,1.0
1126176,val,a32_33,2.7215714,4.886779,1.0,3,3,1.0,2,2,1.0
1152180,val,a32_33,2.7215714,3.2781074,1.0,3,3,1.0,2,2,1.0
1164004,val,a32_33,2.7215714,3.232986,1.0,3,3,1.0,2,2,1.0
1184032,val,a32_33,2.7215714,3.3217459,1.0,3,3,1.0,2,2,1.0
1184033,val,a32_33,2.7215714,0.0,1.0,3,2,1.0,2,2,1.0
1185003,val,a32_33,2.7215714,2.8616178,1.0,3,2,1.0,2,2,1.0
1222004,val,a32_33,2.7215714,0.0,1.0,3,2,1.0,2,2,1.0
1222006,val,a32_33,2.7215714,3.2669837,1.0,3,3,1.0,2,2,1.0
1284170,val,a32_33,2.7215714,3.8794374,1.0,3,3,1.0,2,2,1.0
1292004,val,a32_33,2.7215714,1.8490136,1.0,3,3,1.0,2,2,1.0
1314172,val,a32_33,2.7215714,1.2554071,1.0,3,3,1.0,2,2,1.0
1332005,val,a32_33,2.7215714,1.8490136,1.0,3,3,1.0,2,4,1.0
1335010,val,a32_33,2.7215714,2.8287268,1.0,3,3,1.0,2,2,1.0
1338003,val,a32_33,2.7215714,3.5806177,1.0,3,3,1.0,2,6,1.0
1345006,val,a32_33,2.7215714,3.5201502,1.0,3,3,1.0,2,4,1.0
1345007,val,a32_33,2.7215714,3.3856368,1.0,3,3,1.0,2,6,1.0
1346030,val,a32_33,2.7215714,0.0,1.0,3,2,1.0,2,2,1.0
1391033,val,a32_33,2.7215714,3.8577616,1.0,3,3,1.0,2,2,1.0
1391175,val,a32_33,2.7215714,2.1802564,1.0,3,3,1.0,2,2,1.0
1394033,val,a32_33,2.7215714,0.0,1.0,3,2,1.0,2,4,1.0
1397005,val,a32_33,2.7215714,3.384829,1.0,3,3,1.0,2,2,1.0
1397172,val,a32_33,2.7215714,0.6637555,1.0,3,2,1.0,2,2,1.0
1426004,val,a32_33,2.7215714,1.2936131,1.0,3,2,1.0,2,3,1.0
1434032,val,a32_33,2.7215714,1.6391988,1.0,3,3,1.0,2,2,1.0
1434170,val,a32_33,2.7215714,2.9495683,1.0,3,3,1.0,2,2,1.0
1435005,val,a32_33,2.7215714,3.904213,1.0,3,3,1.0,2,2,1.0
1485171,val,a32_33,2.7215714,1.6021421,1.0,3,3,1.0,2,2,1.0
1520031,val,a32_33,2.7215714,3.9380646,1.0,3,3,1.0,2,2,1.0
1540005,val,a32_33,2.7215714,2.2967575,1.0,3,3,1.0,2,2,1.0
1559003,val,a32_33,2.7215714,4.4298196,1.0,3,3,1.0,2,2,1.0
1559170,val,a32_33,2.7215714,3.635588,1.0,3,3,1.0,2,2,1.0
1565180,val,a32_33,2.7215714,3.4698775,1.0,3,3,1.0,2,2,1.0
1579030,val,a32_33,2.7215714,3.4738486,1.0,3,3,1.0,2,2,1.0
1613007,val,a32_33,2.7215714,0.38016513,1.0,3,2,1.0,2,2,1.0
1621171,val,a32_33,2.7215714,4.339688,1.0,3,3,1.0,2,2,1.0
1644004,val,a32_33,2.7215714,1.2289442,1.0,3,3,1.0,2,2,1.0
1652031,val,a32_33,2.7215714,0.0,1.0,3,2,1.0,2,2,1.0
1682032,val,a32_33,2.7215714,4.266328,1.0,3,3,1.0,2,6,1.0
1684173,val,a32_33,2.7215714,3.2957816,1.0,3,3,1.0,2,2,1.0
1687003,val,a32_33,2.7215714,3.19179,1.0,3,3,1.0,2,2,1.0
1690170,val,a32_33,2.7215714,3.3861604,1.0,3,3,1.0,2,2,1.0
1692030,val,a32_33,2.7215714,1.5561625,1.0,3,3,1.0,2,2,1.0
1695034,val,a32_33,2.7215714,3.4795048,1.0,3,3,1.0,2,2,1.0
1701004,val,a32_33,2.7215714,3.2293725,1.0,3,3,1.0,2,2,1.0
1721030,val,a32_33,2.7215714,3.8455408,1.0,3,3,1.0,2,2,1.0
1723005,val,a32_33,2.7215714,0.82886904,1.0,3,2,1.0,2,2,1.0
1762030,val,a32_33,2.7215714,1.9757252,1.0,3,3,1.0,2,2,1.0
1762031,val,a32_33,2.7215714,3.5925455,1.0,3,3,1.0,2,2,1.0
1762032,val,a32_33,2.7215714,1.6391988,1.0,3,3,1.0,2,3,1.0
1774170,val,a32_33,2.7215714,3.9912028,1.0,3,3,1.0,2,2,1.0
1774171,val,a32_33,2.7215714,3.549721,1.0,3,3,1.0,2,2,1.0
1784171,val,a32_33,2.7215714,4.220819,1.0,3,3,1.0,2,2,1.0
1786191,val,a32_33,2.7215714,3.9380646,1.0,3,3,1.0,2,2,1.0
1787005,val,a32_33,2.7215714,3.6982102,1.0,3,3,1.0,2,2,1.0
1787174,val,a32_33,2.7215714,3.4946194,1.0,3,3,1.0,2,2,1.0
1802003,val,a32_33,2.7215714,2.9506648,1.0,3,3,1.0,2,2,1.0
1845170,val,a32_33,2.7215714,3.4964852,1.0,3,3,1.0,2,2,1.0
1862171,val,a32_33,2.7215714,3.7249148,1.0,3,3,1.0,2,2,1.0
1898004,val,a32_33,2.7215714,3.97414,1.0,3,3,1.0,2,6,1.0
1911030,val,a32_33,2.7215714,3.1334782,1.0,3,3,1.0,2,2,1.0
1914003,val,a32_33,2.7215714,1.1835238,1.0,3,3,1.0,2,2,1.0
1919007,val,a32_33,2.7215714,3.963373,1.0,3,3,1.0,2,2,1.0
1954003,val,a32_33,2.7215714,3.3071876,1.0,3,3,1.0,2,2,1.0
1959005,val,a32_33,2.7215714,4.227319,1.0,3,3,1.0,2,6,1.0
1964031,val,a32_33,2.7215714,0.0,0.0,3,-1,0.0,2,-1,0.0
1972173,val,a32_33,2.7215714,3.2300382,1.0,3,3,1.0,2,3,1.0
1978030,val,a32_33,2.7215714,3.9380646,1.0,3,3,1.0,2,2,1.0
2005030,val,a32_33,2.7215714,3.6323774,1.0,3,3,1.0,2,6,1.0
2011174,val,a32_33,2.7215714,3.1610117,1.0,3,3,1.0,2,2,1.0
2023030,val,a32_33,2.7215714,4.676276,1.0,3,3,1.0,2,6,1.0
2028030,val,a32_33,2.7215714,3.8275414,1.0,3,3,1.0,2,4,1.0
2055003,val,a32_33,2.7215714,2.436415,1.0,3,3,1.0,2,2,1.0
2067005,val,a32_33,2.7215714,3.8835647,1.0,3,3,1.0,2,2,1.0
2080170,val,a32_33,2.7215714,1.5193015,1.0,3,3,1.0,2,2,1.0
2106171,val,a32_33,2.7215714,1.9249718,1.0,3,3,1.0,2,2,1.0
2109002,val,a32_33,2.7215714,4.320229,1.0,3,3,1.0,2,3,1.0
2129186,val,a32_33,2.7215714,3.4382844,1.0,3,3,1.0,2,2,1.0
2181007,val,a32_33,2.7215714,0.0,1.0,3,2,1.0,2,6,1.0
2181030,val,a32_33,2.7215714,3.2005377,1.0,3,3,1.0,2,4,1.0
2243174,val,a32_33,2.7215714,4.3128266,1.0,3,3,1.0,2,2,1.0
2260173,val,a32_33,2.7215714,1.8636948,1.0,3,3,1.0,2,2,1.0
2261030,val,a32_33,2.7215714,3.46386,1.0,3,3,1.0,2,2,1.0
2271171,val,a32_33,2.7215714,2.8805687,1.0,3,3,1.0,2,2,1.0
2282005,val,a32_33,2.7215714,2.6999228,1.0,3,3,1.0,2,4,1.0
2302195,val,a32_33,2.7215714,0.0,1.0,3,2,1.0,2,3,1.0
2334031,val,a32_33,2.7215714,4.3227935,1.0,3,3,1.0,2,2,1.0
2341172,val,a32_33,2.7215714,1.4055939,1.0,3,3,1.0,2,2,1.0
2354175,val,a32_33,2.7215714,3.5770934,1.0,3,3,1.0,2,2,1.0
2355004,val,a32_33,2.7215714,3.1516616,1.0,3,3,1.0,2,4,1.0
2391030,val,a32_33,2.7215714,3.3850226,1.0,3,3,1.0,2,2,1.0
2397173,val,a32_33,2.7215714,1.5610666,1.0,3,2,1.0,2,4,1.0
2408170,val,a32_33,2.7215714,1.7504245,1.0,3,3,1.0,2,2,1.0
2425003,val,a32_33,2.7215714,1.0458099,1.0,3,3,1.0,2,2,1.0
2432030,val,a32_33,2.7215714,3.1244323,1.0,3,3,1.0,2,4,1.0
2435172,val,a32_33,2.7215714,2.6671154,1.0,3,3,1.0,2,2,1.0
2436174,val,a32_33,2.7215714,0.0,1.0,3,2,1.0,2,2,1.0
2436176,val,a32_33,2.7215714,2.3387928,1.0,3,3,1.0,2,2,1.0
2441003,val,a32_33,2.7215714,2.767564,1.0,3,3,1.0,2,2,1.0
2441173,val,a32_33,2.7215714,3.35304,1.0,3,2,1.0,2,2,1.0
2458031,val,a32_33,2.7215714,4.4858203,1.0,3,3,1.0,2,6,1.0
2461004,val,a32_33,2.7215714,0.0,1.0,3,2,1.0,2,2,1.0
2461030,val,a32_33,2.7215714,4.886779,1.0,3,3,1.0,2,2,1.0
2473004,val,a32_33,2.7215714,3.5253677,1.0,3,3,1.0,2,2,1.0
2483030,val,a32_33,2.7215714,2.811228,1.0,3,3,1.0,2,3,1.0
2503030,val,a32_33,2.7215714,3.3822985,1.0,3,2,1.0,2,6,1.0
2510005,val,a32_33,2.7215714,3.1491687,1.0,3,3,1.0,2,2,1.0
2525003,val,a32_33,2.7215714,1.4930412,1.0,3,2,1.0,2,2,1.0
2529030,val,a32_33,2.7215714,2.3032491,1.0,3,3,1.0,2,2,1.0
2529174,val,a32_33,2.7215714,4.1124773,1.0,3,3,1.0,2,2,1.0
2530003,val,a32_33,2.7215714,0.0,0.0,3,-1,0.0,2,-1,0.0
2530004,val,a32_33,2.7215714,3.012737,1.0,3,3,1.0,2,2,1.0
2569033,val,a32_33,2.7215714,3.4540765,1.0,3,3,1.0,2,2,1.0
2601006,val,a32_33,2.7215714,4.6354756,1.0,3,3,1.0,2,2,1.0
2608006,val,a32_33,2.7215714,3.1019585,1.0,3,3,1.0,2,2,1.0
2615034,val,a32_33,2.7215714,4.0760427,1.0,3,3,1.0,2,2,1.0
2639004,val,a32_33,2.7215714,3.5780287,1.0,3,3,1.0,2,4,1.0
2665177,val,a32_33,2.7215714,0.0,1.0,3,2,1.0,2,6,1.0
2672006,val,a32_33,2.7215714,3.845893,1.0,3,3,1.0,2,2,1.0
2672171,val,a32_33,2.7215714,3.2094243,1.0,3,3,1.0,2,4,1.0
2697003,val,a32_33,2.7215714,4.1256022,1.0,3,3,1.0,2,4,1.0
2704031,val,a32_33,2.7215714,3.3051815,1.0,3,3,1.0,2,2,1.0
2705030,val,a32_33,2.7215714,4.1353226,1.0,3,3,1.0,2,2,1.0
2707007,val,a32_33,2.7215714,2.9212708,1.0,3,3,1.0,2,2,1.0
2712172,val,a32_33,2.7215714,2.9834774,1.0,3,3,1.0,2,2,1.0
2731003,val,a32_33,2.7215714,3.4424026,1.0,3,3,1.0,2,6,1.0
2731005,val,a32_33,2.7215714,4.657845,1.0,3,3,1.0,2,6,1.0
2770031,val,a32_33,2.7215714,3.5017936,1.0,3,3,1.0,2,2,1.0
2816004,val,a32_33,2.7215714,0.99481934,1.0,3,3,1.0,2,2,1.0
2910002,val,a32_33,2.7215714,2.9570043,1.0,3,2,1.0,2,2,1.0
3062001,val,a32_33,2.7215714,3.0165422,1.0,3,3,1.0,2,2,1.0
3235002,val,a32_33,2.7215714,3.067396,1.0,3,3,1.0,2,2,1.0
3306001,val,a32_33,2.7215714,4.5033164,1.0,3,3,1.0,2,2,1.0
5015030,val,a32_33,2.7215714,3.1231244,1.0,3,3,1.0,2,2,1.0
5048030,val,a32_33,2.7215714,0.85221577,1.0,3,3,1.0,2,6,1.0
5052033,val,a32_33,2.7215714,2.1177578,1.0,3,3,1.0,2,6,1.0
5057008,val,a32_33,2.7215714,0.0,1.0,3,2,1.0,2,6,1.0
5170009,val,a32_33,2.7215714,3.754378,1.0,3,3,1.0,2,2,1.0
5230008,val,a32_33,2.7215714,3.23986,1.0,3,3,1.0,2,2,1.0
5299010,val,a32_33,2.7215714,0.0,1.0,3,2,1.0,2,6,1.0
5336179,val,a32_33,2.7215714,2.1424496,1.0,3,3,1.0,2,2,1.0
5364005,val,a32_33,2.7215714,3.1292195,1.0,3,3,1.0,2,3,1.0
5379004,val,a32_33,2.7215714,3.4401562,1.0,3,3,1.0,2,4,1.0
5430173,val,a32_33,2.7215714,0.0,1.0,3,2,1.0,2,6,1.0
5488006,val,a32_33,2.7215714,3.6953425,1.0,3,3,1.0,2,6,1.0
5493007,val,a32_33,2.7215714,0.0,1.0,3,2,1.0,2,6,1.0
5537009,val,a32_33,2.7215714,0.0,0.0,3,-1,0.0,2,-1,0.0
5537177,val,a32_33,2.7215714,0.0,1.0,3,2,1.0,2,2,1.0
5537183,val,a32_33,2.7215714,3.904599,1.0,3,3,1.0,2,2,1.0
5569010,val,a32_33,2.7215714,3.7087364,1.0,3,3,1.0,2,2,1.0
5600005,val,a32_33,2.7215714,2.8738692,1.0,3,3,1.0,2,6,1.0
5615183,val,a32_33,2.7215714,3.4054897,1.0,3,3,1.0,2,2,1.0
5749006,val,a32_33,2.7215714,2.906099,1.0,3,3,1.0,2,2,1.0
5822175,val,a32_33,2.7215714,3.410315,1.0,3,3,1.0,2,2,1.0
5832003,val,a32_33,2.7215714,3.3075924,1.0,3,2,1.0,2,6,1.0
5872005,val,a32_33,2.7215714,0.0,1.0,3,2,1.0,2,6,1.0
5898005,val,a32_33,2.7215714,1.7823017,1.0,3,3,1.0,2,4,1.0
5904033,val,a32_33,2.7215714,0.84036845,1.0,3,3,1.0,2,3,1.0
5987188,val,a32_33,2.7215714,2.9850528,1.0,3,3,1.0,2,2,1.0
6026005,val,a32_33,2.7215714,3.9760501,1.0,3,3,1.0,2,2,1.0
6026172,val,a32_33,2.7215714,3.810312,1.0,3,3,1.0,2,2,1.0
6054031,val,a32_33,2.7215714,3.938906,1.0,3,3,1.0,2,6,1.0
6121033,val,a32_33,2.7215714,0.0,0.0,3,-1,0.0,2,-1,0.0
6156008,val,a32_33,2.7215714,3.793373,1.0,3,3,1.0,2,6,1.0
6157003,val,a32_33,2.7215714,2.9488564,1.0,3,3,1.0,2,2,1.0
6210183,val,a32_33,2.7215714,3.3647535,1.0,3,3,1.0,2,2,1.0
6262030,val,a32_33,2.7215714,4.031533,1.0,3,3,1.0,2,2,1.0
6368007,val,a32_33,2.7215714,0.41118228,1.0,3,2,1.0,2,6,1.0
6381181,val,a32_33,2.7215714,4.056612,1.0,3,3,1.0,2,2,1.0
6396003,val,a32_33,2.7215714,1.5197067,1.0,3,3,1.0,2,2,1.0
6431008,val,a32_33,2.7215714,3.2996137,1.0,3,3,1.0,2,2,1.0
6475170,val,a32_33,2.7215714,2.8357437,1.0,3,3,1.0,2,6,1.0
6522004,val,a32_33,2.7215714,0.0,1.0,3,2,1.0,2,6,1.0
6537032,val,a32_33,2.7215714,0.0,1.0,3,2,1.0,2,2,1.0
6541178,val,a32_33,2.7215714,4.160322,1.0,3,3,1.0,2,2,1.0
6545006,val,a32_33,2.7215714,0.0,0.0,3,-1,0.0,2,-1,0.0
6547171,val,a32_33,2.7215714,2.8279142,1.0,3,3,1.0,2,2,1.0
6571031,val,a32_33,2.7215714,3.3175473,1.0,3,3,1.0,2,3,1.0
6590008,val,a32_33,2.7215714,3.1238058,1.0,3,3,1.0,2,2,1.0
6616007,val,a32_33,2.7215714,2.2041533,1.0,3,3,1.0,2,3,1.0
6649003,val,a32_33,2.7215714,2.9051325,1.0,3,3,1.0,2,6,1.0
6710030,val,a32_33,2.7215714,0.0,0.0,3,-1,0.0,2,-1,0.0
6745007,val,a32_33,2.7215714,0.0,0.0,3,-1,0.0,2,-1,0.0
6750005,val,a32_33,2.7215714,3.182522,1.0,3,3,1.0,2,4,1.0
6765006,val,a32_33,2.7215714,2.837602,1.0,3,3,1.0,2,2,1.0
6822176,val,a32_33,2.7215714,3.8595586,1.0,3,3,1.0,2,4,1.0
6828003,val,a32_33,2.7215714,0.0,1.0,3,2,1.0,2,2,1.0
6872003,val,a32_33,2.7215714,3.5754573,1.0,3,3,1.0,2,2,1.0
4007,val,a34_35,2.752879,2.800409,1.0,3,3,1.0,2,2,1.0
6174,val,a34_35,2.752879,3.436764,1.0,3,3,1.0,2,2,1.0
14004,val,a34_35,2.752879,3.998868,1.0,3,3,1.0,2,2,1.0
14172,val,a34_35,2.752879,0.0,1.0,3,2,1.0,2,2,1.0
14173,val,a34_35,2.752879,3.6810904,1.0,3,3,1.0,2,2,1.0
18031,val,a34_35,2.752879,0.68363804,1.0,3,2,1.0,2,2,1.0
18185,val,a34_35,2.752879,0.9108581,1.0,3,2,1.0,2,2,1.0
23031,val,a34_35,2.752879,3.4142132,1.0,3,3,1.0,2,6,1.0
40173,val,a34_35,2.752879,3.7375634,1.0,3,3,1.0,2,2,1.0
51171,val,a34_35,2.752879,3.6482122,1.0,3,3,1.0,2,2,1.0
84005,val,a34_35,2.752879,3.8661423,1.0,3,3,1.0,2,6,1.0
121173,val,a34_35,2.752879,4.4823527,1.0,3,3,1.0,2,2,1.0
128004,val,a34_35,2.752879,3.7695422,1.0,3,3,1.0,2,2,1.0
145170,val,a34_35,2.752879,3.050315,1.0,3,3,1.0,2,2,1.0
161004,val,a34_35,2.752879,4.29205,1.0,3,3,1.0,2,6,1.0
172031,val,a34_35,2.752879,3.0302796,1.0,3,3,1.0,2,2,1.0
174175,val,a34_35,2.752879,3.4826064,1.0,3,3,1.0,2,2,1.0
221031,val,a34_35,2.752879,4.00667,1.0,3,3,1.0,2,2,1.0
223030,val,a34_35,2.752879,4.1992106,1.0,3,3,1.0,2,2,1.0
227003,val,a34_35,2.752879,3.9942298,1.0,3,3,1.0,2,4,1.0
257175,val,a34_35,2.752879,1.5653204,1.0,3,3,1.0,2,2,1.0
263182,val,a34_35,2.752879,3.226835,1.0,3,3,1.0,2,2,1.0
321005,val,a34_35,2.752879,1.8506196,1.0,3,3,1.0,2,2,1.0
361175,val,a34_35,2.752879,0.5806059,1.0,3,2,1.0,2,2,1.0
377170,val,a34_35,2.752879,4.052736,1.0,3,3,1.0,2,2,1.0
450030,val,a34_35,2.752879,3.535023,1.0,3,3,1.0,2,6,1.0
465030,val,a34_35,2.752879,3.46386,1.0,3,3,1.0,2,2,1.0
478030,val,a34_35,2.752879,0.0,1.0,3,3,1.0,2,5,1.0
503031,val,a34_35,2.752879,4.179109,1.0,3,3,1.0,2,2,1.0
514172,val,a34_35,2.752879,4.4858203,1.0,3,3,1.0,2,2,1.0
534030,val,a34_35,2.752879,1.7294579,1.0,3,3,1.0,2,2,1.0
534171,val,a34_35,2.752879,3.2709668,1.0,3,3,1.0,2,2,1.0
544170,val,a34_35,2.752879,2.6415782,1.0,3,3,1.0,2,2,1.0
563193,val,a34_35,2.752879,0.0,1.0,3,2,1.0,2,2,1.0
577174,val,a34_35,2.752879,2.117311,1.0,3,3,1.0,2,2,1.0
613006,val,a34_35,2.752879,3.412913,1.0,3,2,1.0,2,6,1.0
618170,val,a34_35,2.752879,4.139663,1.0,3,3,1.0,2,2,1.0
631030,val,a34_35,2.752879,4.0355644,1.0,3,3,1.0,2,4,1.0
633031,val,a34_35,2.752879,3.806156,1.0,3,3,1.0,2,2,1.0
652173,val,a34_35,2.752879,3.5265098,1.0,3,3,1.0,2,2,1.0
655172,val,a34_35,2.752879,3.625488,1.0,3,2,1.0,2,2,1.0
656005,val,a34_35,2.752879,2.2859914,1.0,3,3,1.0,2,2,1.0
691171,val,a34_35,2.752879,2.9259071,1.0,3,3,1.0,2,4,1.0
738172,val,a34_35,2.752879,2.920467,1.0,3,3,1.0,2,2,1.0
751030,val,a34_35,2.752879,2.1802564,1.0,3,3,1.0,2,2,1.0
762170,val,a34_35,2.752879,4.451708,1.0,3,3,1.0,2,2,1.0
783171,val,a34_35,2.752879,0.0,1.0,3,2,1.0,2,2,1.0
863007,val,a34_35,2.752879,2.018303,1.0,3,3,1.0,2,2,1.0
893170,val,a34_35,2.752879,0.0,1.0,3,2,1.0,2,2,1.0
894031,val,a34_35,2.752879,3.045166,1.0,3,3,1.0,2,2,1.0
898181,val,a34_35,2.752879,2.2668793,1.0,3,3,1.0,2,2,1.0
899003,val,a34_35,2.752879,3.2250204,1.0,3,3,1.0,2,4,1.0
916032,val,a34_35,2.752879,0.97904295,1.0,3,3,1.0,2,6,1.0
922005,val,a34_35,2.752879,2.986773,1.0,3,3,1.0,2,2,1.0
931172,val,a34_35,2.752879,2.7452414,1.0,3,3,1.0,2,2,1.0
939032,val,a34_35,2.752879,4.8055015,1.0,3,3,1.0,2,2,1.0
958030,val,a34_35,2.752879,3.643596,1.0,3,3,1.0,2,2,1.0
958173,val,a34_35,2.752879,3.051619,1.0,3,3,1.0,2,2,1.0
961005,val,a34_35,2.752879,2.7400177,1.0,3,3,1.0,2,4,1.0
961030,val,a34_35,2.752879,4.009967,1.0,3,3,1.0,2,2,1.0
961175,val,a34_35,2.752879,3.5397089,1.0,3,3,1.0,2,2,1.0
1051183,val,a34_35,2.752879,3.5068526,1.0,3,3,1.0,2,2,1.0
1084005,val,a34_35,2.752879,1.2412424,1.0,3,3,1.0,2,2,1.0
1089003,val,a34_35,2.752879,3.223352,1.0,3,3,1.0,2,2,1.0
1093003,val,a34_35,2.752879,0.0,1.0,3,2,1.0,2,2,1.0
1107173,val,a34_35,2.752879,0.0,1.0,3,2,1.0,2,2,1.0
1109174,val,a34_35,2.752879,1.7912925,1.0,3,3,1.0,2,2,1.0
1121030,val,a34_35,2.752879,3.3347914,1.0,3,3,1.0,2,2,1.0
1121175,val,a34_35,2.752879,2.8474362,1.0,3,3,1.0,2,2,1.0
1125172,val,a34_35,2.752879,2.8422003,1.0,3,3,1.0,2,2,1.0
1126030,val,a34_35,2.752879,3.5079842,1.0,3,3,1.0,2,2,1.0
1126176,val,a34_35,2.752879,4.886779,1.0,3,3,1.0,2,2,1.0
1152180,val,a34_35,2.752879,3.3841953,1.0,3,3,1.0,2,2,1.0
1164004,val,a34_35,2.752879,3.3247015,1.0,3,3,1.0,2,2,1.0
1184032,val,a34_35,2.752879,3.718973,1.0,3,3,1.0,2,2,1.0
1184033,val,a34_35,2.752879,0.0,1.0,3,2,1.0,2,2,1.0
1185003,val,a34_35,2.752879,0.1392965,1.0,3,2,1.0,2,2,1.0
1222004,val,a34_35,2.752879,0.6502385,1.0,3,3,1.0,2,2,1.0
1222006,val,a34_35,2.752879,0.0,1.0,3,3,1.0,2,2,1.0
1284170,val,a34_35,2.752879,2.9825165,1.0,3,3,1.0,2,2,1.0
1292004,val,a34_35,2.752879,2.6426997,1.0,3,3,1.0,2,2,1.0
1314172,val,a34_35,2.752879,3.6161854,1.0,3,3,1.0,2,2,1.0
1332005,val,a34_35,2.752879,3.4484794,1.0,3,3,1.0,2,2,1.0
1335010,val,a34_35,2.752879,2.9968593,1.0,3,3,1.0,2,2,1.0
1338003,val,a34_35,2.752879,3.7758262,1.0,3,3,1.0,2,6,1.0
1345006,val,a34_35,2.752879,2.5475004,1.0,3,3,1.0,2,2,1.0
1345007,val,a34_35,2.752879,4.046768,1.0,3,3,1.0,2,6,1.0
1346030,val,a34_35,2.752879,0.0,1.0,3,2,1.0,2,2,1.0
1391033,val,a34_35,2.752879,3.6222303,1.0,3,3,1.0,2,2,1.0
1391175,val,a34_35,2.752879,3.1423733,1.0,3,3,1.0,2,4,1.0
1394033,val,a34_35,2.752879,0.0,1.0,3,2,1.0,2,4,1.0
1397005,val,a34_35,2.752879,3.6320806,1.0,3,3,1.0,2,2,1.0
1397172,val,a34_35,2.752879,0.0,1.0,3,2,1.0,2,2,1.0
1426004,val,a34_35,2.752879,2.7400177,1.0,3,3,1.0,2,6,1.0
1434032,val,a34_35,2.752879,1.6446948,1.0,3,3,1.0,2,2,1.0
1434170,val,a34_35,2.752879,3.3065176,1.0,3,3,1.0,2,2,1.0
1435005,val,a34_35,2.752879,4.083877,1.0,3,3,1.0,2,2,1.0
1485171,val,a34_35,2.752879,3.1599016,1.0,3,3,1.0,2,2,1.0
1520031,val,a34_35,2.752879,4.223541,1.0,3,3,1.0,2,3,1.0
1540005,val,a34_35,2.752879,1.1484697,1.0,3,3,1.0,2,2,1.0
1559003,val,a34_35,2.752879,4.581772,1.0,3,3,1.0,2,2,1.0
1559170,val,a34_35,2.752879,3.1855898,1.0,3,3,1.0,2,2,1.0
1565180,val,a34_35,2.752879,3.8731043,1.0,3,3,1.0,2,2,1.0
1579030,val,a34_35,2.752879,3.2707531,1.0,3,3,1.0,2,2,1.0
1613007,val,a34_35,2.752879,1.1782345,1.0,3,3,1.0,2,2,1.0
1621171,val,a34_35,2.752879,4.233549,1.0,3,3,1.0,2,2,1.0
1644004,val,a34_35,2.752879,3.4810104,1.0,3,3,1.0,2,2,1.0
1652031,val,a34_35,2.752879,1.224851,1.0,3,3,1.0,2,2,1.0
1682032,val,a34_35,2.752879,4.058486,1.0,3,3,1.0,2,2,1.0
1684173,val,a34_35,2.752879,3.449071,1.0,3,3,1.0,2,2,1.0
1687003,val,a34_35,2.752879,3.3014047,1.0,3,3,1.0,2,2,1.0
1690170,val,a34_35,2.752879,3.3312128,1.0,3,3,1.0,2,2,1.0
1692030,val,a34_35,2.752879,2.5444038,1.0,3,3,1.0,2,4,1.0
1695034,val,a34_35,2.752879,3.5729935,1.0,3,2,1.0,2,2,1.0
1701004,val,a34_35,2.752879,3.4728677,1.0,3,3,1.0,2,2,1.0
1721030,val,a34_35,2.752879,3.6708767,1.0,3,3,1.0,2,2,1.0
1723005,val,a34_35,2.752879,1.1481966,1.0,3,2,1.0,2,2,1.0
1762030,val,a34_35,2.752879,2.3319604,1.0,3,2,1.0,2,3,1.0
1762031,val,a34_35,2.752879,3.7397017,1.0,3,3,1.0,2,2,1.0
1762032,val,a34_35,2.752879,2.5473228,1.0,3,3,1.0,2,3,1.0
1774170,val,a34_35,2.752879,3.9032092,1.0,3,2,1.0,2,2,1.0
1774171,val,a34_35,2.752879,3.6229506,1.0,3,3,1.0,2,2,1.0
1784171,val,a34_35,2.752879,4.4212785,1.0,3,3,1.0,2,2,1.0
1786191,val,a34_35,2.752879,3.9449332,1.0,3,3,1.0,2,2,1.0
1787005,val,a34_35,2.752879,4.0148044,1.0,3,3,1.0,2,2,1.0
1787174,val,a34_35,2.752879,3.3078308,1.0,3,3,1.0,2,2,1.0
1802003,val,a34_35,2.752879,2.8173234,1.0,3,3,1.0,2,2,1.0
1845170,val,a34_35,2.752879,3.315087,1.0,3,3,1.0,2,2,1.0
1862171,val,a34_35,2.752879,3.937253,1.0,3,3,1.0,2,2,1.0
1898004,val,a34_35,2.752879,0.0,1.0,3,3,1.0,2,6,1.0
1911030,val,a34_35,2.752879,3.0814157,1.0,3,3,1.0,2,2,1.0
1914003,val,a34_35,2.752879,1.988769,1.0,3,3,1.0,2,2,1.0
1919007,val,a34_35,2.752879,4.069468,1.0,3,3,1.0,2,2,1.0
1954003,val,a34_35,2.752879,3.410345,1.0,3,3,1.0,2,2,1.0
1959005,val,a34_35,2.752879,3.8789423,1.0,3,3,1.0,2,2,1.0
1964031,val,a34_35,2.752879,2.4798064,1.0,3,3,1.0,2,4,1.0
1972173,val,a34_35,2.752879,1.5825812,1.0,3,3,1.0,2,2,1.0
1978030,val,a34_35,2.752879,3.8594756,1.0,3,3,1.0,2,2,1.0
2005030,val,a34_35,2.752879,3.584206,1.0,3,3,1.0,2,6,1.0
2011174,val,a34_35,2.752879,3.2372046,1.0,3,3,1.0,2,2,1.0
2023030,val,a34_35,2.752879,4.71018,1.0,3,3,1.0,2,6,1.0
2028030,val,a34_35,2.752879,4.2104487,1.0,3,3,1.0,2,4,1.0
2055003,val,a34_35,2.752879,2.3580952,1.0,3,3,1.0,2,2,1.0
2067005,val,a34_35,2.752879,3.8198578,1.0,3,3,1.0,2,2,1.0
2080170,val,a34_35,2.752879,1.8996137,1.0,3,3,1.0,2,2,1.0
2106171,val,a34_35,2.752879,0.0,1.0,3,2,1.0,2,2,1.0
2109002,val,a34_35,2.752879,4.7713423,1.0,3,3,1.0,2,3,1.0
2129186,val,a34_35,2.752879,3.3685656,1.0,3,3,1.0,2,2,1.0
2181007,val,a34_35,2.752879,1.3514186,1.0,3,3,1.0,2,6,1.0
2181030,val,a34_35,2.752879,3.4647295,1.0,3,3,1.0,2,4,1.0
2243174,val,a34_35,2.752879,4.886779,1.0,3,3,1.0,2,2,1.0
2260173,val,a34_35,2.752879,2.816037,1.0,3,3,1.0,2,2,1.0
2261030,val,a34_35,2.752879,3.1945803,1.0,3,3,1.0,2,2,1.0
2271171,val,a34_35,2.752879,3.3082037,1.0,3,3,1.0,2,2,1.0
2282005,val,a34_35,2.752879,2.147233,1.0,3,3,1.0,2,6,1.0
2302195,val,a34_35,2.752879,0.0,1.0,3,2,1.0,2,3,1.0
2334031,val,a34_35,2.752879,4.4581056,1.0,3,3,1.0,2,2,1.0
2341172,val,a34_35,2.752879,3.2996137,1.0,3,2,1.0,2,2,1.0
2354175,val,a34_35,2.752879,0.29350135,1.0,3,3,1.0,2,2,1.0
2355004,val,a34_35,2.752879,3.3921888,1.0,3,3,1.0,2,4,1.0
2391030,val,a34_35,2.752879,3.4039729,1.0,3,3,1.0,2,2,1.0
2397173,val,a34_35,2.752879,2.5756848,1.0,3,3,1.0,2,4,1.0
2408170,val,a34_35,2.752879,3.1023672,1.0,3,2,1.0,2,2,1.0
2425003,val,a34_35,2.752879,2.1094406,1.0,3,3,1.0,2,2,1.0
2432030,val,a34_35,2.752879,2.844158,1.0,3,3,1.0,2,4,1.0
2435172,val,a34_35,2.752879,2.4191318,1.0,3,3,1.0,2,2,1.0
2436174,val,a34_35,2.752879,0.0,1.0,3,3,1.0,2,4,1.0
2436176,val,a34_35,2.752879,2.1727228,1.0,3,3,1.0,2,2,1.0
2441003,val,a34_35,2.752879,3.1773481,1.0,3,3,1.0,2,2,1.0
2441173,val,a34_35,2.752879,3.4186516,1.0,3,2,1.0,2,2,1.0
2458031,val,a34_35,2.752879,4.2520056,1.0,3,3,1.0,2,6,1.0
2461004,val,a34_35,2.752879,0.0,1.0,3,2,1.0,2,2,1.0
2461030,val,a34_35,2.752879,4.886779,1.0,3,3,1.0,2,2,1.0
2473004,val,a34_35,2.752879,3.5252342,1.0,3,3,1.0,2,2,1.0
2483030,val,a34_35,2.752879,2.1516867,1.0,3,3,1.0,2,4,1.0
2503030,val,a34_35,2.752879,3.2300382,1.0,3,3,1.0,2,6,1.0
2510005,val,a34_35,2.752879,3.0696194,1.0,3,3,1.0,2,2,1.0
2525003,val,a34_35,2.752879,4.3761644,1.0,3,3,1.0,2,2,1.0
2529030,val,a34_35,2.752879,1.2899189,1.0,3,3,1.0,2,2,1.0
2529174,val,a34_35,2.752879,4.05028,1.0,3,3,1.0,2,2,1.0
2530003,val,a34_35,2.752879,2.347849,1.0,3,3,1.0,2,2,1.0
2530004,val,a34_35,2.752879,3.3155382,1.0,3,3,1.0,2,2,1.0
2569033,val,a34_35,2.752879,3.3997273,1.0,3,3,1.0,2,2,1.0
2601006,val,a34_35,2.752879,4.6199427,1.0,3,3,1.0,2,2,1.0
2608006,val,a34_35,2.752879,3.3245888,1.0,3,3,1.0,2,2,1.0
2615034,val,a34_35,2.752879,4.264327,1.0,3,3,1.0,2,2,1.0
2639004,val,a34_35,2.752879,3.1244323,1.0,3,3,1.0,2,4,1.0
2665177,val,a34_35,2.752879,0.0,1.0,3,2,1.0,2,6,1.0
2672006,val,a34_35,2.752879,4.088642,1.0,3,3,1.0,2,2,1.0
2672171,val,a34_35,2.752879,3.5206954,1.0,3,3,1.0,2,4,1.0
2697003,val,a34_35,2.752879,3.654262,1.0,3,3,1.0,2,4,1.0
2704031,val,a34_35,2.752879,3.5243149,1.0,3,3,1.0,2,2,1.0
2705030,val,a34_35,2.752879,4.117977,1.0,3,3,1.0,2,2,1.0
2707007,val,a34_35,2.752879,2.8901737,1.0,3,3,1.0,2,2,1.0
2712172,val,a34_35,2.752879,3.0806043,1.0,3,3,1.0,2,2,1.0
2731003,val,a34_35,2.752879,3.4291623,1.0,3,3,1.0,2,6,1.0
2731005,val,a34_35,2.752879,4.602144,1.0,3,3,1.0,2,6,1.0
2770031,val,a34_35,2.752879,3.2963169,1.0,3,3,1.0,2,2,1.0
2816004,val,a34_35,2.752879,2.8679018,1.0,3,3,1.0,2,2,1.0
2910002,val,a34_35,2.752879,1.33938,1.0,3,2,1.0,2,2,1.0
3062001,val,a34_35,2.752879,3.044029,1.0,3,2,1.0,2,2,1.0
3235002,val,a34_35,2.752879,3.1709757,1.0,3,3,1.0,2,2,1.0
3306001,val,a34_35,2.752879,4.4437504,1.0,3,3,1.0,2,2,1.0
5015030,val,a34_35,2.752879,3.3798187,1.0,3,3,1.0,2,2,1.0
5048030,val,a34_35,2.752879,2.0504565,1.0,3,3,1.0,2,6,1.0
5052033,val,a34_35,2.752879,1.8831539,1.0,3,2,1.0,2,6,1.0
5057008,val,a34_35,2.752879,0.0,1.0,3,2,1.0,2,6,1.0
5170009,val,a34_35,2.752879,3.381349,1.0,3,3,1.0,2,2,1.0
5230008,val,a34_35,2.752879,3.4894347,1.0,3,3,1.0,2,2,1.0
5299010,val,a34_35,2.752879,1.8428315,1.0,3,2,1.0,2,6,1.0
5336179,val,a34_35,2.752879,2.7212331,1.0,3,3,1.0,2,2,1.0
5364005,val,a34_35,2.752879,3.4310503,1.0,3,3,1.0,2,3,1.0
5379004,val,a34_35,2.752879,3.8497841,1.0,3,2,1.0,2,4,1.0
5430173,val,a34_35,2.752879,0.0,1.0,3,3,1.0,2,6,1.0
5488006,val,a34_35,2.752879,3.6707966,1.0,3,3,1.0,2,6,1.0
5493007,val,a34_35,2.752879,0.0,1.0,3,2,1.0,2,5,1.0
5537009,val,a34_35,2.752879,2.8268414,1.0,3,3,1.0,2,2,1.0
5537177,val,a34_35,2.752879,0.0,1.0,3,2,1.0,2,2,1.0
5537183,val,a34_35,2.752879,4.8345804,1.0,3,3,1.0,2,2,1.0
5569010,val,a34_35,2.752879,3.5150862,1.0,3,3,1.0,2,2,1.0
5600005,val,a34_35,2.752879,2.8289354,1.0,3,3,1.0,2,2,1.0
5615183,val,a34_35,2.752879,3.2685068,1.0,3,2,1.0,2,2,1.0
5749006,val,a34_35,2.752879,3.0684395,1.0,3,3,1.0,2,2,1.0
5822175,val,a34_35,2.752879,3.432247,1.0,3,3,1.0,2,2,1.0
5832003,val,a34_35,2.752879,2.955636,1.0,3,2,1.0,2,6,1.0
5872005,val,a34_35,2.752879,0.0,1.0,3,2,1.0,2,6,1.0
5898005,val,a34_35,2.752879,0.0,0.0,3,-1,0.0,2,-1,0.0
5904033,val,a34_35,2.752879,2.9226713,1.0,3,3,1.0,2,4,1.0
5987188,val,a34_35,2.752879,2.993095,1.0,3,3,1.0,2,2,1.0
6026005,val,a34_35,2.752879,4.1942463,1.0,3,3,1.0,2,2,1.0
6026172,val,a34_35,2.752879,3.5880518,1.0,3,2,1.0,2,2,1.0
6054031,val,a34_35,2.752879,3.894498,1.0,3,3,1.0,2,6,1.0
6121033,val,a34_35,2.752879,0.0,1.0,3,2,1.0,2,6,1.0
6156008,val,a34_35,2.752879,3.6999114,1.0,3,3,1.0,2,6,1.0
6157003,val,a34_35,2.752879,3.2246761,1.0,3,3,1.0,2,2,1.0
6210183,val,a34_35,2.752879,3.1390646,1.0,3,3,1.0,2,2,1.0
6262030,val,a34_35,2.752879,3.820049,1.0,3,3,1.0,2,2,1.0
6368007,val,a34_35,2.752879,2.02827,1.0,3,3,1.0,2,6,1.0
6381181,val,a34_35,2.752879,4.0212197,1.0,3,3,1.0,2,2,1.0
6396003,val,a34_35,2.752879,2.1782289,1.0,3,3,1.0,2,2,1.0
6431008,val,a34_35,2.752879,3.717182,1.0,3,3,1.0,2,2,1.0
6475170,val,a34_35,2.752879,2.4331408,1.0,3,3,1.0,2,6,1.0
6522004,val,a34_35,2.752879,0.0,1.0,3,2,1.0,2,6,1.0
6537032,val,a34_35,2.752879,2.8025348,1.0,3,2,1.0,2,2,1.0
6541178,val,a34_35,2.752879,4.1634727,1.0,3,3,1.0,2,2,1.0
6545006,val,a34_35,2.752879,2.961514,1.0,3,3,1.0,2,4,1.0
6547171,val,a34_35,2.752879,2.1509397,1.0,3,2,1.0,2,2,1.0
6571031,val,a34_35,2.752879,2.9221067,1.0,3,3,1.0,2,3,1.0
6590008,val,a34_35,2.752879,3.3649793,1.0,3,3,1.0,2,2,1.0
6616007,val,a34_35,2.752879,2.1483917,1.0,3,3,1.0,2,4,1.0
6649003,val,a34_35,2.752879,3.5800602,1.0,3,3,1.0,2,2,1.0
6710030,val,a34_35,2.752879,3.2300382,1.0,3,3,1.0,2,6,1.0
6745007,val,a34_35,2.752879,3.248457,1.0,3,3,1.0,2,6,1.0
6750005,val,a34_35,2.752879,3.0114257,1.0,3,3,1.0,2,4,1.0
6765006,val,a34_35,2.752879,2.7225564,1.0,3,3,1.0,2,2,1.0
6822176,val,a34_35,2.752879,3.2707531,1.0,3,3,1.0,2,4,1.0
6828003,val,a34_35,2.752879,2.461633,1.0,3,3,1.0,2,2,1.0
6872003,val,a34_35,2.752879,3.5162253,1.0,3,3,1.0,2,2,1.0
4007,val,a36_37,2.7958376,3.4327393,1.0,3,3,1.0,2,4,1.0
6174,val,a36_37,2.7958376,3.778162,1.0,3,3,1.0,2,2,1.0
14004,val,a36_37,2.7958376,4.02684,1.0,3,3,1.0,2,2,1.0
14172,val,a36_37,2.7958376,2.8672464,1.0,3,3,1.0,2,2,1.0
14173,val,a36_37,2.7958376,3.4728956,1.0,3,3,1.0,2,2,1.0
18031,val,a36_37,2.7958376,0.0,1.0,3,3,1.0,2,2,1.0
18185,val,a36_37,2.7958376,0.0,1.0,3,2,1.0,2,2,1.0
23031,val,a36_37,2.7958376,3.5235963,1.0,3,2,1.0,2,6,1.0
40173,val,a36_37,2.7958376,3.8670228,1.0,3,3,1.0,2,2,1.0
51171,val,a36_37,2.7958376,3.705001,1.0,3,3,1.0,2,2,1.0
84005,val,a36_37,2.7958376,3.92555,1.0,3,3,1.0,2,6,1.0
121173,val,a36_37,2.7958376,0.0,1.0,3,2,1.0,2,2,1.0
128004,val,a36_37,2.7958376,3.8585868,1.0,3,3,1.0,2,2,1.0
145170,val,a36_37,2.7958376,3.5600896,1.0,3,3,1.0,2,2,1.0
161004,val,a36_37,2.7958376,1.0080107,1.0,3,2,1.0,2,4,1.0
172031,val,a36_37,2.7958376,3.3619175,1.0,3,3,1.0,2,2,1.0
174175,val,a36_37,2.7958376,3.392162,1.0,3,3,1.0,2,2,1.0
221031,val,a36_37,2.7958376,4.201887,1.0,3,3,1.0,2,2,1.0
223030,val,a36_37,2.7958376,4.0583324,1.0,3,3,1.0,2,2,1.0
227003,val,a36_37,2.7958376,4.205097,1.0,3,3,1.0,2,4,1.0
257175,val,a36_37,2.7958376,3.3451939,1.0,3,3,1.0,2,2,1.0
263182,val,a36_37,2.7958376,3.2001226,1.0,3,3,1.0,2,2,1.0
321005,val,a36_37,2.7958376,1.8774471,1.0,3,2,1.0,2,2,1.0
361175,val,a36_37,2.7958376,0.0,1.0,3,2,1.0,2,2,1.0
377170,val,a36_37,2.7958376,4.0868087,1.0,3,3,1.0,2,2,1.0
450030,val,a36_37,2.7958376,3.7491298,1.0,3,3,1.0,2,6,1.0
465030,val,a36_37,2.7958376,3.3018157,1.0,3,3,1.0,2,2,1.0
478030,val,a36_37,2.7958376,0.0,1.0,3,3,1.0,2,5,1.0
503031,val,a36_37,2.7958376,4.3654175,1.0,3,3,1.0,2,2,1.0
514172,val,a36_37,2.7958376,4.2520056,1.0,3,3,1.0,2,2,1.0
534030,val,a36_37,2.7958376,1.7535818,1.0,3,3,1.0,2,2,1.0
534171,val,a36_37,2.7958376,3.0798528,1.0,3,3,1.0,2,2,1.0
544170,val,a36_37,2.7958376,2.6569633,1.0,3,3,1.0,2,2,1.0
563193,val,a36_37,2.7958376,0.0,1.0,3,2,1.0,2,2,1.0
577174,val,a36_37,2.7958376,2.7346222,1.0,3,3,1.0,2,2,1.0
613006,val,a36_37,2.7958376,3.5822034,1.0,3,3,1.0,2,6,1.0
618170,val,a36_37,2.7958376,4.2245264,1.0,3,3,1.0,2,2,1.0
631030,val,a36_37,2.7958376,4.2520056,1.0,3,2,1.0,2,4,1.0
633031,val,a36_37,2.7958376,3.678776,1.0,3,3,1.0,2,2,1.0
652173,val,a36_37,2.7958376,3.7556844,1.0,3,3,1.0,2,2,1.0
655172,val,a36_37,2.7958376,3.5016189,1.0,3,3,1.0,2,2,1.0
656005,val,a36_37,2.7958376,0.57833385,1.0,3,3,1.0,2,2,1.0
691171,val,a36_37,2.7958376,2.144181,1.0,3,3,1.0,2,4,1.0
738172,val,a36_37,2.7958376,3.4647295,1.0,3,3,1.0,2,2,1.0
751030,val,a36_37,2.7958376,2.331206,1.0,3,3,1.0,2,2,1.0
762170,val,a36_37,2.7958376,4.6750684,1.0,3,3,1.0,2,2,1.0
783171,val,a36_37,2.7958376,0.0,1.0,3,2,1.0,2,2,1.0
863007,val,a36_37,2.7958376,2.4012594,1.0,3,3,1.0,2,2,1.0
893170,val,a36_37,2.7958376,0.0,1.0,3,2,1.0,2,2,1.0
894031,val,a36_37,2.7958376,3.3179958,1.0,3,3,1.0,2,2,1.0
898181,val,a36_37,2.7958376,2.4601953,1.0,3,3,1.0,2,2,1.0
899003,val,a36_37,2.7958376,3.4753656,1.0,3,3,1.0,2,4,1.0
916032,val,a36_37,2.7958376,1.3594984,1.0,3,3,1.0,2,6,1.0
922005,val,a36_37,2.7958376,2.5992112,1.0,3,3,1.0,2,2,1.0
931172,val,a36_37,2.7958376,3.2485132,1.0,3,3,1.0,2,2,1.0
939032,val,a36_37,2.7958376,4.237259,1.0,3,3,1.0,2,2,1.0
958030,val,a36_37,2.7958376,3.1858559,1.0,3,3,1.0,2,2,1.0
958173,val,a36_37,2.7958376,3.2416787,1.0,3,3,1.0,2,2,1.0
961005,val,a36_37,2.7958376,2.5763686,1.0,3,3,1.0,2,4,1.0
961030,val,a36_37,2.7958376,3.616172,1.0,3,3,1.0,2,2,1.0
961175,val,a36_37,2.7958376,3.9032092,1.0,3,3,1.0,2,2,1.0
1051183,val,a36_37,2.7958376,3.3599384,1.0,3,3,1.0,2,2,1.0
1084005,val,a36_37,2.7958376,2.5692537,1.0,3,3,1.0,2,2,1.0
1089003,val,a36_37,2.7958376,2.474308,1.0,3,3,1.0,2,2,1.0
1093003,val,a36_37,2.7958376,0.0,1.0,3,2,1.0,2,2,1.0
1107173,val,a36_37,2.7958376,3.6353216,1.0,3,3,1.0,2,4,1.0
1109174,val,a36_37,2.7958376,2.245844,1.0,3,2,1.0,2,2,1.0
1121030,val,a36_37,2.7958376,3.456708,1.0,3,3,1.0,2,2,1.0
1121175,val,a36_37,2.7958376,0.0,1.0,3,2,1.0,2,2,1.0
1125172,val,a36_37,2.7958376,2.4460173,1.0,3,2,1.0,2,2,1.0
1126030,val,a36_37,2.7958376,2.8064811,1.0,3,3,1.0,2,2,1.0
1126176,val,a36_37,2.7958376,4.886779,1.0,3,3,1.0,2,2,1.0
1152180,val,a36_37,2.7958376,3.4601078,1.0,3,3,1.0,2,2,1.0
1164004,val,a36_37,2.7958376,3.4775372,1.0,3,2,1.0,2,2,1.0
1184032,val,a36_37,2.7958376,3.7188902,1.0,3,3,1.0,2,2,1.0
1184033,val,a36_37,2.7958376,2.8802483,1.0,3,3,1.0,2,4,1.0
1185003,val,a36_37,2.7958376,0.0,1.0,3,2,1.0,2,2,1.0
1222004,val,a36_37,2.7958376,2.876907,1.0,3,3,1.0,2,2,1.0
1222006,val,a36_37,2.7958376,3.2434895,1.0,3,3,1.0,2,2,1.0
1284170,val,a36_37,2.7958376,1.6771642,1.0,3,3,1.0,2,2,1.0
1292004,val,a36_37,2.7958376,2.7496648,1.0,3,3,1.0,2,2,1.0
1314172,val,a36_37,2.7958376,3.6824348,1.0,3,3,1.0,2,2,1.0
1332005,val,a36_37,2.7958376,0.0,0.0,3,-1,0.0,2,3,1.0
1335010,val,a36_37,2.7958376,3.1051395,1.0,3,3,1.0,2,2,1.0
1338003,val,a36_37,2.7958376,4.1280828,1.0,3,3,1.0,2,6,1.0
1345006,val,a36_37,2.7958376,2.9832191,1.0,3,3,1.0,2,2,1.0
1345007,val,a36_37,2.7958376,3.8132377,1.0,3,3,1.0,2,6,1.0
1346030,val,a36_37,2.7958376,0.0,1.0,3,2,1.0,2,2,1.0
1391033,val,a36_37,2.7958376,3.811287,1.0,3,3,1.0,2,2,1.0
1391175,val,a36_37,2.7958376,3.079403,1.0,3,3,1.0,2,4,1.0
1394033,val,a36_37,2.7958376,0.0,1.0,3,2,1.0,2,4,1.0
1397005,val,a36_37,2.7958376,3.7173688,1.0,3,3,1.0,2,2,1.0
1397172,val,a36_37,2.7958376,0.6802275,1.0,3,3,1.0,2,2,1.0
1426004,val,a36_37,2.7958376,2.8489583,1.0,3,3,1.0,2,6,1.0
1434032,val,a36_37,2.7958376,2.180618,1.0,3,3,1.0,2,2,1.0
1434170,val,a36_37,2.7958376,2.939788,1.0,3,3,1.0,2,2,1.0
1435005,val,a36_37,2.7958376,4.7467794,1.0,3,3,1.0,2,3,1.0
1485171,val,a36_37,2.7958376,3.4317987,1.0,3,3,1.0,2,2,1.0
1520031,val,a36_37,2.7958376,4.363858,1.0,3,3,1.0,2,2,1.0
1540005,val,a36_37,2.7958376,2.37132,1.0,3,3,1.0,2,2,1.0
1559003,val,a36_37,2.7958376,4.417404,1.0,3,3,1.0,2,2,1.0
1559170,val,a36_37,2.7958376,4.11546,1.0,3,3,1.0,2,2,1.0
1565180,val,a36_37,2.7958376,3.4647295,1.0,3,2,1.0,2,2,1.0
1579030,val,a36_37,2.7958376,3.3667955,1.0,3,3,1.0,2,2,1.0
1613007,val,a36_37,2.7958376,1.3834741,1.0,3,3,1.0,2,2,1.0
1621171,val,a36_37,2.7958376,4.886779,1.0,3,3,1.0,2,2,1.0
1644004,val,a36_37,2.7958376,3.3606308,1.0,3,3,1.0,2,2,1.0
1652031,val,a36_37,2.7958376,3.1768782,1.0,3,3,1.0,2,2,1.0
1682032,val,a36_37,2.7958376,3.8405538,1.0,3,3,1.0,2,2,1.0
1684173,val,a36_37,2.7958376,3.4290798,1.0,3,3,1.0,2,2,1.0
1687003,val,a36_37,2.7958376,3.3888075,1.0,3,3,1.0,2,2,1.0
1690170,val,a36_37,2.7958376,3.0869684,1.0,3,3,1.0,2,2,1.0
1692030,val,a36_37,2.7958376,2.6670494,1.0,3,3,1.0,2,4,1.0
1695034,val,a36_37,2.7958376,3.3662376,1.0,3,3,1.0,2,2,1.0
1701004,val,a36_37,2.7958376,3.5780287,1.0,3,3,1.0,2,2,1.0
1721030,val,a36_37,2.7958376,0.0,1.0,3,2,1.0,2,2,1.0
1723005,val,a36_37,2.7958376,1.8636948,1.0,3,2,1.0,2,2,1.0
1762030,val,a36_37,2.7958376,1.9106654,1.0,3,3,1.0,2,3,1.0
1762031,val,a36_37,2.7958376,3.641588,1.0,3,3,1.0,2,2,1.0
1762032,val,a36_37,2.7958376,1.7876599,1.0,3,3,1.0,2,3,1.0
1774170,val,a36_37,2.7958376,0.0,1.0,3,2,1.0,2,2,1.0
1774171,val,a36_37,2.7958376,3.3619723,1.0,3,3,1.0,2,2,1.0
1784171,val,a36_37,2.7958376,4.5877905,1.0,3,3,1.0,2,2,1.0
1786191,val,a36_37,2.7958376,3.8410935,1.0,3,3,1.0,2,2,1.0
1787005,val,a36_37,2.7958376,3.9825108,1.0,3,3,1.0,2,2,1.0
1787174,val,a36_37,2.7958376,3.1686609,1.0,3,3,1.0,2,2,1.0
1802003,val,a36_37,2.7958376,2.7790923,1.0,3,3,1.0,2,2,1.0
1845170,val,a36_37,2.7958376,3.0690727,1.0,3,3,1.0,2,2,1.0
1862171,val,a36_37,2.7958376,3.7537568,1.0,3,3,1.0,2,2,1.0
1898004,val,a36_37,2.7958376,3.7632077,1.0,3,3,1.0,2,6,1.0
1911030,val,a36_37,2.7958376,3.295633,1.0,3,3,1.0,2,2,1.0
1914003,val,a36_37,2.7958376,1.980423,1.0,3,3,1.0,2,2,1.0
1919007,val,a36_37,2.7958376,4.8790894,1.0,3,3,1.0,2,3,1.0
1954003,val,a36_37,2.7958376,3.254356,1.0,3,3,1.0,2,2,1.0
1959005,val,a36_37,2.7958376,4.18122,1.0,3,3,1.0,2,2,1.0
1964031,val,a36_37,2.7958376,2.7394176,1.0,3,3,1.0,2,4,1.0
1972173,val,a36_37,2.7958376,0.0,0.0,3,-1,0.0,2,-1,0.0
1978030,val,a36_37,2.7958376,4.1103644,1.0,3,3,1.0,2,2,1.0
2005030,val,a36_37,2.7958376,2.6480696,1.0,3,3,1.0,2,4,1.0
2011174,val,a36_37,2.7958376,3.2482402,1.0,3,3,1.0,2,2,1.0
2023030,val,a36_37,2.7958376,4.862917,1.0,3,3,1.0,2,6,1.0
2028030,val,a36_37,2.7958376,4.247286,1.0,3,3,1.0,2,4,1.0
2055003,val,a36_37,2.7958376,2.5747566,1.0,3,3,1.0,2,2,1.0
2067005,val,a36_37,2.7958376,3.9193912,1.0,3,3,1.0,2,2,1.0
2080170,val,a36_37,2.7958376,2.2188706,1.0,3,3,1.0,2,2,1.0
2106171,val,a36_37,2.7958376,0.0,1.0,3,2,1.0,2,2,1.0
2109002,val,a36_37,2.7958376,4.713481,1.0,3,3,1.0,2,2,1.0
2129186,val,a36_37,2.7958376,3.3345084,1.0,3,3,1.0,2,2,1.0
2181007,val,a36_37,2.7958376,0.96344346,1.0,3,2,1.0,2,6,1.0
2181030,val,a36_37,2.7958376,3.6312973,1.0,3,3,1.0,2,2,1.0
2243174,val,a36_37,2.7958376,4.30575,1.0,3,3,1.0,2,2,1.0
2260173,val,a36_37,2.7958376,0.0,1.0,3,3,1.0,2,2,1.0
2261030,val,a36_37,2.7958376,2.9075313,1.0,3,3,1.0,2,2,1.0
2271171,val,a36_37,2.7958376,3.3811612,1.0,3,3,1.0,2,2,1.0
2282005,val,a36_37,2.7958376,2.9124293,1.0,3,3,1.0,2,6,1.0
2302195,val,a36_37,2.7958376,0.0,1.0,3,2,1.0,2,3,1.0
2334031,val,a36_37,2.7958376,4.3349156,1.0,3,3,1.0,2,2,1.0
2341172,val,a36_37,2.7958376,1.6123989,1.0,3,3,1.0,2,2,1.0
2354175,val,a36_37,2.7958376,3.8595586,1.0,3,3,1.0,2,2,1.0
2355004,val,a36_37,2.7958376,3.6927035,1.0,3,3,1.0,2,2,1.0
2391030,val,a36_37,2.7958376,3.6864588,1.0,3,3,1.0,2,2,1.0
2397173,val,a36_37,2.7958376,2.470555,1.0,3,3,1.0,2,4,1.0
2408170,val,a36_37,2.7958376,2.883854,1.0,3,3,1.0,2,2,1.0
2425003,val,a36_37,2.7958376,1.7356842,1.0,3,3,1.0,2,2,1.0
2432030,val,a36_37,2.7958376,3.029656,1.0,3,2,1.0,2,4,1.0
2435172,val,a36_37,2.7958376,2.2948132,1.0,3,3,1.0,2,2,1.0
2436174,val,a36_37,2.7958376,1.5490171,1.0,3,3,1.0,2,4,1.0
2436176,val,a36_37,2.7958376,2.7887027,1.0,3,3,1.0,2,2,1.0
2441003,val,a36_37,2.7958376,3.1246448,1.0,3,3,1.0,2,2,1.0
2441173,val,a36_37,2.7958376,3.7351284,1.0,3,2,1.0,2,2,1.0
2458031,val,a36_37,2.7958376,4.41717,1.0,3,3,1.0,2,6,1.0
2461004,val,a36_37,2.7958376,1.6316046,1.0,3,3,1.0,2,2,1.0
2461030,val,a36_37,2.7958376,4.886779,1.0,3,3,1.0,2,2,1.0
2473004,val,a36_37,2.7958376,3.620147,1.0,3,3,1.0,2,2,1.0
2483030,val,a36_37,2.7958376,2.4331408,1.0,3,2,1.0,2,4,1.0
2503030,val,a36_37,2.7958376,3.1709757,1.0,3,3,1.0,2,6,1.0
2510005,val,a36_37,2.7958376,3.445601,1.0,3,3,1.0,2,2,1.0
2525003,val,a36_37,2.7958376,4.7141504,1.0,3,3,1.0,2,2,1.0
2529030,val,a36_37,2.7958376,0.0,1.0,3,2,1.0,2,2,1.0
2529174,val,a36_37,2.7958376,3.9753668,1.0,3,3,1.0,2,2,1.0
2530003,val,a36_37,2.7958376,3.4057453,1.0,3,2,1.0,2,4,1.0
2530004,val,a36_37,2.7958376,3.170426,1.0,3,3,1.0,2,2,1.0
2569033,val,a36_37,2.7958376,3.3809729,1.0,3,3,1.0,2,2,1.0
2601006,val,a36_37,2.7958376,4.845638,1.0,3,3,1.0,2,2,1.0
2608006,val,a36_37,2.7958376,3.223352,1.0,3,3,1.0,2,2,1.0
2615034,val,a36_37,2.7958376,3.896652,1.0,3,3,1.0,2,2,1.0
2639004,val,a36_37,2.7958376,3.2300382,1.0,3,3,1.0,2,4,1.0
2665177,val,a36_37,2.7958376,0.0,1.0,3,2,1.0,2,6,1.0
2672006,val,a36_37,2.7958376,4.056694,1.0,3,3,1.0,2,2,1.0
2672171,val,a36_37,2.7958376,3.7282312,1.0,3,3,1.0,2,4,1.0
2697003,val,a36_37,2.7958376,3.5551443,1.0,3,3,1.0,2,4,1.0
2704031,val,a36_37,2.7958376,0.0,0.0,3,-1,0.0,2,-1,0.0
2705030,val,a36_37,2.7958376,4.279099,1.0,3,3,1.0,2,2,1.0
2707007,val,a36_37,2.7958376,1.9724138,1.0,3,3,1.0,2,2,1.0
2712172,val,a36_37,2.7958376,3.2804124,1.0,3,3,1.0,2,2,1.0
2731003,val,a36_37,2.7958376,3.2931156,1.0,3,3,1.0,2,6,1.0
2731005,val,a36_37,2.7958376,4.5862164,1.0,3,3,1.0,2,6,1.0
2770031,val,a36_37,2.7958376,2.668859,1.0,3,2,1.0,2,2,1.0
2816004,val,a36_37,2.7958376,3.182522,1.0,3,3,1.0,2,2,1.0
2910002,val,a36_37,2.7958376,2.7591305,1.0,3,3,1.0,2,2,1.0
3062001,val,a36_37,2.7958376,1.9881068,1.0,3,3,1.0,2,2,1.0
3235002,val,a36_37,2.7958376,3.2806733,1.0,3,3,1.0,2,3,1.0
3306001,val,a36_37,2.7958376,4.5110793,1.0,3,3,1.0,2,2,1.0
5015030,val,a36_37,2.7958376,3.3488512,1.0,3,2,1.0,2,2,1.0
5048030,val,a36_37,2.7958376,2.4680142,1.0,3,3,1.0,2,6,1.0
5052033,val,a36_37,2.7958376,2.2469683,1.0,3,3,1.0,2,6,1.0
5057008,val,a36_37,2.7958376,0.0,0.0,3,-1,0.0,2,-1,0.0
5170009,val,a36_37,2.7958376,3.788717,1.0,3,3,1.0,2,2,1.0
5230008,val,a36_37,2.7958376,3.5082257,1.0,3,3,1.0,2,2,1.0
5299010,val,a36_37,2.7958376,0.303701,1.0,3,3,1.0,2,6,1.0
5336179,val,a36_37,2.7958376,2.7841861,1.0,3,3,1.0,2,2,1.0
5364005,val,a36_37,2.7958376,3.3207188,1.0,3,3,1.0,2,3,1.0
5379004,val,a36_37,2.7958376,3.8999038,1.0,3,3,1.0,2,4,1.0
5430173,val,a36_37,2.7958376,1.7842062,1.0,3,2,1.0,2,6,1.0
5488006,val,a36_37,2.7958376,3.7725368,1.0,3,3,1.0,2,6,1.0
5493007,val,a36_37,2.7958376,0.0,1.0,3,2,1.0,2,5,1.0
5537009,val,a36_37,2.7958376,2.7819886,1.0,3,3,1.0,2,2,1.0
5537177,val,a36_37,2.7958376,2.0426283,1.0,3,3,1.0,2,2,1.0
5537183,val,a36_37,2.7958376,3.67495,1.0,3,3,1.0,2,2,1.0
5569010,val,a36_37,2.7958376,3.5010288,1.0,3,3,1.0,2,2,1.0
5600005,val,a36_37,2.7958376,0.0,1.0,3,2,1.0,2,2,1.0
5615183,val,a36_37,2.7958376,3.2485132,1.0,3,3,1.0,2,2,1.0
5749006,val,a36_37,2.7958376,2.3568232,1.0,3,3,1.0,2,2,1.0
5822175,val,a36_37,2.7958376,3.4142132,1.0,3,3,1.0,2,2,1.0
5832003,val,a36_37,2.7958376,2.3835883,1.0,3,3,1.0,2,6,1.0
5872005,val,a36_37,2.7958376,0.0,1.0,3,2,1.0,2,6,1.0
5898005,val,a36_37,2.7958376,0.0,0.0,3,-1,0.0,2,-1,0.0
5904033,val,a36_37,2.7958376,3.029786,1.0,3,3,1.0,2,4,1.0
5987188,val,a36_37,2.7958376,2.8467143,1.0,3,3,1.0,2,2,1.0
6026005,val,a36_37,2.7958376,4.496649,1.0,3,2,1.0,2,4,1.0
6026172,val,a36_37,2.7958376,0.0,0.0,3,-1,0.0,2,-1,0.0
6054031,val,a36_37,2.7958376,3.8914962,1.0,3,3,1.0,2,6,1.0
6121033,val,a36_37,2.7958376,0.0,1.0,3,2,1.0,2,6,1.0
6156008,val,a36_37,2.7958376,4.005205,1.0,3,3,1.0,2,6,1.0
6157003,val,a36_37,2.7958376,3.432247,1.0,3,3,1.0,2,2,1.0
6210183,val,a36_37,2.7958376,3.218641,1.0,3,3,1.0,2,2,1.0
6262030,val,a36_37,2.7958376,3.9705956,1.0,3,3,1.0,2,2,1.0
6368007,val,a36_37,2.7958376,1.9674397,1.0,3,2,1.0,2,6,1.0
6381181,val,a36_37,2.7958376,3.98491,1.0,3,3,1.0,2,2,1.0
6396003,val,a36_37,2.7958376,2.8208497,1.0,3,2,1.0,2,3,1.0
6431008,val,a36_37,2.7958376,4.5862164,1.0,3,3,1.0,2,3,1.0
6475170,val,a36_37,2.7958376,3.029786,1.0,3,3,1.0,2,6,1.0
6522004,val,a36_37,2.7958376,0.0,1.0,3,2,1.0,2,6,1.0
6537032,val,a36_37,2.7958376,3.0605385,1.0,3,3,1.0,2,2,1.0
6541178,val,a36_37,2.7958376,4.302973,1.0,3,3,1.0,2,2,1.0
6545006,val,a36_37,2.7958376,2.5066333,1.0,3,3,1.0,2,4,1.0
6547171,val,a36_37,2.7958376,1.2300977,1.0,3,3,1.0,2,2,1.0
6571031,val,a36_37,2.7958376,3.68331,1.0,3,3,1.0,2,3,1.0
6590008,val,a36_37,2.7958376,3.3406534,1.0,3,3,1.0,2,2,1.0
6616007,val,a36_37,2.7958376,2.9124293,1.0,3,3,1.0,2,4,1.0
6649003,val,a36_37,2.7958376,3.8332024,1.0,3,3,1.0,2,2,1.0
6710030,val,a36_37,2.7958376,3.2485132,1.0,3,3,1.0,2,6,1.0
6745007,val,a36_37,2.7958376,3.5649583,1.0,3,3,1.0,2,6,1.0
6750005,val,a36_37,2.7958376,3.1132894,1.0,3,3,1.0,2,4,1.0
6765006,val,a36_37,2.7958376,2.7347896,1.0,3,3,1.0,2,2,1.0
6822176,val,a36_37,2.7958376,3.6318047,1.0,3,2,1.0,2,4,1.0
6828003,val,a36_37,2.7958376,0.0,1.0,3,2,1.0,2,2,1.0
6872003,val,a36_37,2.7958376,3.5643752,1.0,3,3,1.0,2,2,1.0
4007,val,a38_39,2.847124,3.6353216,1.0,3,3,1.0,2,4,1.0
6174,val,a38_39,2.847124,3.9045892,1.0,3,3,1.0,2,2,1.0
14004,val,a38_39,2.847124,3.9676125,1.0,3,3,1.0,2,2,1.0
14172,val,a38_39,2.847124,3.149699,1.0,3,3,1.0,2,2,1.0
14173,val,a38_39,2.847124,3.5534267,1.0,3,3,1.0,2,2,1.0
18031,val,a38_39,2.847124,3.4983966,1.0,3,3,1.0,2,5,1.0
18185,val,a38_39,2.847124,0.0,1.0,3,2,1.0,2,2,1.0
23031,val,a38_39,2.847124,0.0,1.0,3,2,1.0,2,6,1.0
40173,val,a38_39,2.847124,3.2282774,1.0,3,2,1.0,2,2,1.0
51171,val,a38_39,2.847124,3.708396,1.0,3,3,1.0,2,2,1.0
84005,val,a38_39,2.847124,3.9163692,1.0,3,3,1.0,2,6,1.0
121173,val,a38_39,2.847124,0.0,1.0,3,2,1.0,2,2,1.0
128004,val,a38_39,2.847124,3.97414,1.0,3,3,1.0,2,2,1.0
145170,val,a38_39,2.847124,3.2996137,1.0,3,3,1.0,2,2,1.0
161004,val,a38_39,2.847124,3.4987814,1.0,3,3,1.0,2,4,1.0
172031,val,a38_39,2.847124,3.1943314,1.0,3,3,1.0,2,2,1.0
174175,val,a38_39,2.847124,4.3165617,1.0,3,3,1.0,2,2,1.0
221031,val,a38_39,2.847124,4.1482253,1.0,3,3,1.0,2,2,1.0
223030,val,a38_39,2.847124,4.169046,1.0,3,3,1.0,2,2,1.0
227003,val,a38_39,2.847124,4.074686,1.0,3,3,1.0,2,4,1.0
257175,val,a38_39,2.847124,2.8933933,1.0,3,3,1.0,2,2,1.0
263182,val,a38_39,2.847124,3.3483999,1.0,3,3,1.0,2,2,1.0
321005,val,a38_39,2.847124,2.7218363,1.0,3,3,1.0,2,2,1.0
361175,val,a38_39,2.847124,0.23207553,1.0,3,3,1.0,2,2,1.0
377170,val,a38_39,2.847124,4.0544734,1.0,3,3,1.0,2,2,1.0
450030,val,a38_39,2.847124,3.854094,1.0,3,3,1.0,2,6,1.0
465030,val,a38_39,2.847124,3.5433505,1.0,3,3,1.0,2,4,1.0
478030,val,a38_39,2.847124,2.8278043,1.0,3,2,1.0,2,2,1.0
503031,val,a38_39,2.847124,4.2451234,1.0,3,3,1.0,2,2,1.0
514172,val,a38_39,2.847124,4.3578134,1.0,3,3,1.0,2,2,1.0
534030,val,a38_39,2.847124,1.9284004,1.0,3,3,1.0,2,2,1.0
534171,val,a38_39,2.847124,3.300611,1.0,3,3,1.0,2,2,1.0
544170,val,a38_39,2.847124,3.0027869,1.0,3,3,1.0,2,2,1.0
563193,val,a38_39,2.847124,0.0,1.0,3,2,1.0,2,2,1.0
577174,val,a38_39,2.847124,0.0,1.0,3,3,1.0,2,2,1.0
613006,val,a38_39,2.847124,3.558165,1.0,3,3,1.0,2,6,1.0
618170,val,a38_39,2.847124,4.457448,1.0,3,3,1.0,2,2,1.0
631030,val,a38_39,2.847124,0.0,1.0,3,3,1.0,2,4,1.0
633031,val,a38_39,2.847124,3.6561131,1.0,3,3,1.0,2,2,1.0
652173,val,a38_39,2.847124,3.5541687,1.0,3,3,1.0,2,2,1.0
655172,val,a38_39,2.847124,3.5138078,1.0,3,3,1.0,2,2,1.0
656005,val,a38_39,2.847124,0.0,1.0,3,2,1.0,2,2,1.0
691171,val,a38_39,2.847124,3.772668,1.0,3,3,1.0,2,4,1.0
738172,val,a38_39,2.847124,3.2605875,1.0,3,3,1.0,2,2,1.0
751030,val,a38_39,2.847124,3.029786,1.0,3,3,1.0,2,4,1.0
762170,val,a38_39,2.847124,4.375797,1.0,3,3,1.0,2,2,1.0
783171,val,a38_39,2.847124,0.0,1.0,3,2,1.0,2,2,1.0
863007,val,a38_39,2.847124,2.5121129,1.0,3,3,1.0,2,2,1.0
893170,val,a38_39,2.847124,0.0,1.0,3,2,1.0,2,2,1.0
894031,val,a38_39,2.847124,3.4273427,1.0,3,3,1.0,2,2,1.0
898181,val,a38_39,2.847124,2.437192,1.0,3,2,1.0,2,2,1.0
899003,val,a38_39,2.847124,3.5736656,1.0,3,3,1.0,2,4,1.0
916032,val,a38_39,2.847124,2.3076265,1.0,3,2,1.0,2,2,1.0
922005,val,a38_39,2.847124,2.0202856,1.0,3,3,1.0,2,2,1.0
931172,val,a38_39,2.847124,3.1641526,1.0,3,3,1.0,2,2,1.0
939032,val,a38_39,2.847124,4.886779,1.0,3,3,1.0,2,2,1.0
958030,val,a38_39,2.847124,3.2040205,1.0,3,3,1.0,2,2,1.0
958173,val,a38_39,2.847124,3.2682788,1.0,3,3,1.0,2,2,1.0
961005,val,a38_39,2.847124,0.0,0.0,3,-1,0.0,2,-1,0.0
961030,val,a38_39,2.847124,3.668479,1.0,3,3,1.0,2,2,1.0
961175,val,a38_39,2.847124,4.009967,1.0,3,3,1.0,2,2,1.0
1051183,val,a38_39,2.847124,3.3806858,1.0,3,3,1.0,2,2,1.0
1084005,val,a38_39,2.847124,3.1447468,1.0,3,3,1.0,2,2,1.0
1089003,val,a38_39,2.847124,2.1620421,1.0,3,3,1.0,2,2,1.0
1093003,val,a38_39,2.847124,0.0,1.0,3,2,1.0,2,2,1.0
1107173,val,a38_39,2.847124,4.035927,1.0,3,3,1.0,2,4,1.0
1109174,val,a38_39,2.847124,0.0,1.0,3,2,1.0,2,2,1.0
1121030,val,a38_39,2.847124,3.1423733,1.0,3,3,1.0,2,2,1.0
1121175,val,a38_39,2.847124,0.0,1.0,3,2,1.0,2,2,1.0
1125172,val,a38_39,2.847124,2.3582149,1.0,3,3,1.0,2,2,1.0
1126030,val,a38_39,2.847124,1.7614238,1.0,3,3,1.0,2,2,1.0
1126176,val,a38_39,2.847124,4.886779,1.0,3,3,1.0,2,2,1.0
1152180,val,a38_39,2.847124,3.542661,1.0,3,3,1.0,2,2,1.0
1164004,val,a38_39,2.847124,1.9587568,1.0,3,3,1.0,2,2,1.0
1184032,val,a38_39,2.847124,3.901413,1.0,3,3,1.0,2,2,1.0
1184033,val,a38_39,2.847124,2.153746,1.0,3,3,1.0,2,4,1.0
1185003,val,a38_39,2.847124,0.0,1.0,3,2,1.0,2,2,1.0
1222004,val,a38_39,2.847124,3.1263244,1.0,3,3,1.0,2,2,1.0
1222006,val,a38_39,2.847124,4.346328,1.0,3,3,1.0,2,2,1.0
1284170,val,a38_39,2.847124,0.0,1.0,3,2,1.0,2,2,1.0
1292004,val,a38_39,2.847124,2.7189043,1.0,3,3,1.0,2,2,1.0
1314172,val,a38_39,2.847124,4.0920806,1.0,3,3,1.0,2,2,1.0
1332005,val,a38_39,2.847124,3.6850972,1.0,3,3,1.0,2,3,1.0
1335010,val,a38_39,2.847124,0.0,1.0,3,3,1.0,2,2,1.0
1338003,val,a38_39,2.847124,3.9032092,1.0,3,3,1.0,2,6,1.0
1345006,val,a38_39,2.847124,0.9750868,1.0,3,3,1.0,2,2,1.0
1345007,val,a38_39,2.847124,3.6275852,1.0,3,3,1.0,2,2,1.0
1346030,val,a38_39,2.847124,0.0,1.0,3,2,1.0,2,2,1.0
1391033,val,a38_39,2.847124,3.5923295,1.0,3,3,1.0,2,2,1.0
1391175,val,a38_39,2.847124,3.037984,1.0,3,3,1.0,2,4,1.0
1394033,val,a38_39,2.847124,0.0,1.0,3,2,1.0,2,4,1.0
1397005,val,a38_39,2.847124,3.7930343,1.0,3,3,1.0,2,2,1.0
1397172,val,a38_39,2.847124,2.722233,1.0,3,3,1.0,2,2,1.0
1426004,val,a38_39,2.847124,2.7029045,1.0,3,3,1.0,2,6,1.0
1434032,val,a38_39,2.847124,2.5541692,1.0,3,3,1.0,2,2,1.0
1434170,val,a38_39,2.847124,3.1573586,1.0,3,3,1.0,2,2,1.0
1435005,val,a38_39,2.847124,4.657845,1.0,3,3,1.0,2,4,1.0
1485171,val,a38_39,2.847124,3.566306,1.0,3,3,1.0,2,2,1.0
1520031,val,a38_39,2.847124,4.2071943,1.0,3,3,1.0,2,2,1.0
1540005,val,a38_39,2.847124,2.7591305,1.0,3,3,1.0,2,2,1.0
1559003,val,a38_39,2.847124,4.306588,1.0,3,3,1.0,2,2,1.0
1559170,val,a38_39,2.847124,2.9866662,1.0,3,3,1.0,2,2,1.0
1565180,val,a38_39,2.847124,4.457509,1.0,3,3,1.0,2,2,1.0
1579030,val,a38_39,2.847124,3.2040205,1.0,3,2,1.0,2,2,1.0
1613007,val,a38_39,2.847124,1.5874135,1.0,3,2,1.0,2,2,1.0
1621171,val,a38_39,2.847124,4.886779,1.0,3,3,1.0,2,2,1.0
1644004,val,a38_39,2.847124,3.6033251,1.0,3,3,1.0,2,2,1.0
1652031,val,a38_39,2.847124,3.4982743,1.0,3,3,1.0,2,2,1.0
1682032,val,a38_39,2.847124,3.8038778,1.0,3,3,1.0,2,2,1.0
1684173,val,a38_39,2.847124,3.254356,1.0,3,3,1.0,2,2,1.0
1687003,val,a38_39,2.847124,3.154596,1.0,3,3,1.0,2,2,1.0
1690170,val,a38_39,2.847124,3.4580646,1.0,3,3,1.0,2,2,1.0
1692030,val,a38_39,2.847124,2.5415993,1.0,3,3,1.0,2,4,1.0
1695034,val,a38_39,2.847124,3.0865474,1.0,3,3,1.0,2,2,1.0
1701004,val,a38_39,2.847124,3.5397089,1.0,3,2,1.0,2,2,1.0
1721030,val,a38_39,2.847124,0.0,1.0,3,2,1.0,2,2,1.0
1723005,val,a38_39,2.847124,2.2601643,1.0,3,3,1.0,2,2,1.0
1762030,val,a38_39,2.847124,1.5906423,1.0,3,2,1.0,2,3,1.0
1762031,val,a38_39,2.847124,3.7323906,1.0,3,3,1.0,2,2,1.0
1762032,val,a38_39,2.847124,3.2139137,1.0,3,3,1.0,2,4,1.0
1774170,val,a38_39,2.847124,0.0,1.0,3,2,1.0,2,2,1.0
1774171,val,a38_39,2.847124,3.4094932,1.0,3,3,1.0,2,2,1.0
1784171,val,a38_39,2.847124,4.120623,1.0,3,3,1.0,2,2,1.0
1786191,val,a38_39,2.847124,4.2188535,1.0,3,3,1.0,2,2,1.0
1787005,val,a38_39,2.847124,3.6963296,1.0,3,3,1.0,2,2,1.0
1787174,val,a38_39,2.847124,3.2707531,1.0,3,3,1.0,2,2,1.0
1802003,val,a38_39,2.847124,0.0,0.0,3,-1,0.0,2,-1,0.0
1845170,val,a38_39,2.847124,0.0,0.0,3,-1,0.0,2,-1,0.0
1862171,val,a38_39,2.847124,3.9098039,1.0,3,3,1.0,2,2,1.0
1898004,val,a38_39,2.847124,4.498319,1.0,3,3,1.0,2,6,1.0
1911030,val,a38_39,2.847124,3.324597,1.0,3,3,1.0,2,2,1.0
1914003,val,a38_39,2.847124,2.0297983,1.0,3,3,1.0,2,2,1.0
1919007,val,a38_39,2.847124,4.878869,1.0,3,3,1.0,2,3,1.0
1954003,val,a38_39,2.847124,3.2460208,1.0,3,2,1.0,2,2,1.0
1959005,val,a38_39,2.847124,4.291962,1.0,3,3,1.0,2,2,1.0
1964031,val,a38_39,2.847124,1.9279978,1.0,3,2,1.0,2,4,1.0
1972173,val,a38_39,2.847124,0.0,1.0,3,2,1.0,2,2,1.0
1978030,val,a38_39,2.847124,4.0177207,1.0,3,3,1.0,2,2,1.0
2005030,val,a38_39,2.847124,2.9945555,1.0,3,3,1.0,2,2,1.0
2011174,val,a38_39,2.847124,3.233253,1.0,3,3,1.0,2,2,1.0
2023030,val,a38_39,2.847124,4.886779,1.0,3,3,1.0,2,6,1.0
2028030,val,a38_39,2.847124,4.309778,1.0,3,3,1.0,2,4,1.0
2055003,val,a38_39,2.847124,3.507782,1.0,3,3,1.0,2,2,1.0
2067005,val,a38_39,2.847124,4.193517,1.0,3,3,1.0,2,2,1.0
2080170,val,a38_39,2.847124,3.0143547,1.0,3,3,1.0,2,2,1.0
2106171,val,a38_39,2.847124,0.0,1.0,3,2,1.0,2,2,1.0
2109002,val,a38_39,2.847124,4.4848623,1.0,3,3,1.0,2,2,1.0
2129186,val,a38_39,2.847124,0.0,0.0,3,-1,0.0,2,-1,0.0
2181007,val,a38_39,2.847124,1.8672017,1.0,3,3,1.0,2,6,1.0
2181030,val,a38_39,2.847124,3.4467623,1.0,3,3,1.0,2,2,1.0
2243174,val,a38_39,2.847124,0.0,1.0,3,2,1.0,2,2,1.0
2260173,val,a38_39,2.847124,1.9724138,1.0,3,3,1.0,2,2,1.0
2261030,val,a38_39,2.847124,2.8148165,1.0,3,3,1.0,2,2,1.0
2271171,val,a38_39,2.847124,3.4070678,1.0,3,3,1.0,2,2,1.0
2282005,val,a38_39,2.847124,3.1244323,1.0,3,3,1.0,2,6,1.0
2302195,val,a38_39,2.847124,0.0,1.0,3,2,1.0,2,3,1.0
2334031,val,a38_39,2.847124,3.9690573,1.0,3,3,1.0,2,2,1.0
2341172,val,a38_39,2.847124,2.2928271,1.0,3,3,1.0,2,2,1.0
2354175,val,a38_39,2.847124,2.859516,1.0,3,3,1.0,2,2,1.0
2355004,val,a38_39,2.847124,4.0868087,1.0,3,3,1.0,2,2,1.0
2391030,val,a38_39,2.847124,3.4141958,1.0,3,2,1.0,2,2,1.0
2397173,val,a38_39,2.847124,2.4192536,1.0,3,3,1.0,2,4,1.0
2408170,val,a38_39,2.847124,3.2554533,1.0,3,3,1.0,2,4,1.0
2425003,val,a38_39,2.847124,1.4095232,1.0,3,3,1.0,2,2,1.0
2432030,val,a38_39,2.847124,1.0048428,1.0,3,3,1.0,2,4,1.0
2435172,val,a38_39,2.847124,0.0,1.0,3,2,1.0,2,2,1.0
2436174,val,a38_39,2.847124,0.0,1.0,3,2,1.0,2,4,1.0
2436176,val,a38_39,2.847124,3.0837762,1.0,3,3,1.0,2,2,1.0
2441003,val,a38_39,2.847124,3.437568,1.0,3,3,1.0,2,2,1.0
2441173,val,a38_39,2.847124,3.8851874,1.0,3,3,1.0,2,2,1.0
2458031,val,a38_39,2.847124,4.775503,1.0,3,3,1.0,2,6,1.0
2461004,val,a38_39,2.847124,0.0,1.0,3,2,1.0,2,2,1.0
2461030,val,a38_39,2.847124,4.597478,1.0,3,3,1.0,2,2,1.0
2473004,val,a38_39,2.847124,4.1472106,1.0,3,3,1.0,2,2,1.0
2483030,val,a38_39,2.847124,2.5445042,1.0,3,3,1.0,2,4,1.0
2503030,val,a38_39,2.847124,3.0326545,1.0,3,3,1.0,2,6,1.0
2510005,val,a38_39,2.847124,3.0930045,1.0,3,3,1.0,2,2,1.0
2525003,val,a38_39,2.847124,4.7362037,1.0,3,3,1.0,2,2,1.0
2529030,val,a38_39,2.847124,0.0,1.0,3,2,1.0,2,4,1.0
2529174,val,a38_39,2.847124,4.315193,1.0,3,3,1.0,2,2,1.0
2530003,val,a38_39,2.847124,0.0,0.0,3,-1,0.0,2,-1,0.0
2530004,val,a38_39,2.847124,3.0504405,1.0,3,3,1.0,2,2,1.0
2569033,val,a38_39,2.847124,3.3326652,1.0,3,3,1.0,2,2,1.0
2601006,val,a38_39,2.847124,4.8403034,1.0,3,3,1.0,2,2,1.0
2608006,val,a38_39,2.847124,3.18551,1.0,3,3,1.0,2,2,1.0
2615034,val,a38_39,2.847124,3.7510855,1.0,3,3,1.0,2,2,1.0
2639004,val,a38_39,2.847124,3.59953,1.0,3,2,1.0,2,4,1.0
2665177,val,a38_39,2.847124,0.0,1.0,3,2,1.0,2,6,1.0
2672006,val,a38_39,2.847124,0.0,1.0,3,3,1.0,2,4,1.0
2672171,val,a38_39,2.847124,3.8403308,1.0,3,3,1.0,2,4,1.0
2697003,val,a38_39,2.847124,3.4481115,1.0,3,3,1.0,2,2,1.0
2704031,val,a38_39,2.847124,2.7730844,1.0,3,3,1.0,2,4,1.0
2705030,val,a38_39,2.847124,4.222725,1.0,3,3,1.0,2,2,1.0
2707007,val,a38_39,2.847124,1.7174486,1.0,3,3,1.0,2,2,1.0
2712172,val,a38_39,2.847124,3.1861079,1.0,3,3,1.0,2,2,1.0
2731003,val,a38_39,2.847124,3.048963,1.0,3,3,1.0,2,6,1.0
2731005,val,a38_39,2.847124,4.507845,1.0,3,3,1.0,2,6,1.0
2770031,val,a38_39,2.847124,1.3663594,1.0,3,3,1.0,2,2,1.0
2816004,val,a38_39,2.847124,3.2435856,1.0,3,3,1.0,2,2,1.0
2910002,val,a38_39,2.847124,2.9807694,1.0,3,3,1.0,2,2,1.0
3062001,val,a38_39,2.847124,2.4661696,1.0,3,3,1.0,2,2,1.0
3235002,val,a38_39,2.847124,3.5533636,1.0,3,3,1.0,2,3,1.0
3306001,val,a38_39,2.847124,4.496284,1.0,3,3,1.0,2,2,1.0
5015030,val,a38_39,2.847124,0.35408652,1.0,3,2,1.0,2,2,1.0
5048030,val,a38_39,2.847124,2.7750175,1.0,3,3,1.0,2,6,1.0
5052033,val,a38_39,2.847124,2.1022828,1.0,3,2,1.0,2,6,1.0
5057008,val,a38_39,2.847124,3.3816826,1.0,3,3,1.0,2,6,1.0
5170009,val,a38_39,2.847124,3.8525667,1.0,3,3,1.0,2,2,1.0
5230008,val,a38_39,2.847124,3.8347166,1.0,3,3,1.0,2,2,1.0
5299010,val,a38_39,2.847124,0.0,1.0,3,2,1.0,2,6,1.0
5336179,val,a38_39,2.847124,3.4054897,1.0,3,3,1.0,2,2,1.0
5364005,val,a38_39,2.847124,3.6897547,1.0,3,3,1.0,2,3,1.0
5379004,val,a38_39,2.847124,4.1776333,1.0,3,3,1.0,2,4,1.0
5430173,val,a38_39,2.847124,0.0,1.0,3,2,1.0,2,6,1.0
5488006,val,a38_39,2.847124,3.6850972,1.0,3,3,1.0,2,6,1.0
5493007,val,a38_39,2.847124,0.0,1.0,3,2,1.0,2,5,1.0
5537009,val,a38_39,2.847124,2.9333522,1.0,3,3,1.0,2,2,1.0
5537177,val,a38_39,2.847124,1.8505303,1.0,3,2,1.0,2,2,1.0
5537183,val,a38_39,2.847124,3.955919,1.0,3,3,1.0,2,2,1.0
5569010,val,a38_39,2.847124,3.5969393,1.0,3,3,1.0,2,2,1.0
5600005,val,a38_39,2.847124,3.1264517,1.0,3,2,1.0,2,3,1.0
5615183,val,a38_39,2.847124,0.070574746,1.0,3,3,1.0,2,2,1.0
5749006,val,a38_39,2.847124,1.8636948,1.0,3,2,1.0,2,2,1.0
5822175,val,a38_39,2.847124,3.6260033,1.0,3,3,1.0,2,2,1.0
5832003,val,a38_39,2.847124,0.0,0.0,3,-1,0.0,2,-1,0.0
5872005,val,a38_39,2.847124,0.0,1.0,3,2,1.0,2,6,1.0
5898005,val,a38_39,2.847124,0.0,0.0,3,-1,0.0,2,-1,0.0
5904033,val,a38_39,2.847124,3.0257523,1.0,3,3,1.0,2,4,1.0
5987188,val,a38_39,2.847124,3.1053386,1.0,3,3,1.0,2,2,1.0
6026005,val,a38_39,2.847124,3.1735432,1.0,3,2,1.0,2,4,1.0
6026172,val,a38_39,2.847124,1.3209659,1.0,3,3,1.0,2,4,1.0
6054031,val,a38_39,2.847124,3.9497616,1.0,3,3,1.0,2,6,1.0
6121033,val,a38_39,2.847124,0.0,1.0,3,2,1.0,2,6,1.0
6156008,val,a38_39,2.847124,3.3272858,1.0,3,3,1.0,2,6,1.0
6157003,val,a38_39,2.847124,3.3871381,1.0,3,3,1.0,2,3,1.0
6210183,val,a38_39,2.847124,3.2967014,1.0,3,-1,0.0,2,2,1.0
6262030,val,a38_39,2.847124,4.0377684,1.0,3,3,1.0,2,2,1.0
6368007,val,a38_39,2.847124,1.7459805,1.0,3,2,1.0,2,6,1.0
6381181,val,a38_39,2.847124,3.9647489,1.0,3,3,1.0,2,2,1.0
6396003,val,a38_39,2.847124,0.0,1.0,3,2,1.0,2,4,1.0
6431008,val,a38_39,2.847124,4.63572,1.0,3,3,1.0,2,4,1.0
6475170,val,a38_39,2.847124,3.2242525,1.0,3,3,1.0,2,6,1.0
6522004,val,a38_39,2.847124,0.9147846,1.0,3,2,1.0,2,6,1.0
6537032,val,a38_39,2.847124,1.2648275,1.0,3,2,1.0,2,2,1.0
6541178,val,a38_39,2.847124,4.122309,1.0,3,2,1.0,2,2,1.0
6545006,val,a38_39,2.847124,3.1551504,1.0,3,3,1.0,2,4,1.0
6547171,val,a38_39,2.847124,2.7027802,1.0,3,3,1.0,2,2,1.0
6571031,val,a38_39,2.847124,1.7769312,1.0,3,2,1.0,2,3,1.0
6590008,val,a38_39,2.847124,3.329783,1.0,3,3,1.0,2,2,1.0
6616007,val,a38_39,2.847124,3.7570312,1.0,3,3,1.0,2,4,1.0
6649003,val,a38_39,2.847124,3.3337348,1.0,3,3,1.0,2,2,1.0
6710030,val,a38_39,2.847124,3.2527912,1.0,3,3,1.0,2,6,1.0
6745007,val,a38_39,2.847124,3.583648,1.0,3,3,1.0,2,6,1.0
6750005,val,a38_39,2.847124,3.578878,1.0,3,3,1.0,2,4,1.0
6765006,val,a38_39,2.847124,2.8015413,1.0,3,3,1.0,2,2,1.0
6822176,val,a38_39,2.847124,2.0905557,1.0,3,3,1.0,2,4,1.0
6828003,val,a38_39,2.847124,0.0,1.0,3,3,1.0,2,2,1.0
6872003,val,a38_39,2.847124,3.3542435,1.0,3,3,1.0,2,2,1.0
4007,val,a40_41,2.8637748,4.096741,1.0,3,3,1.0,2,4,1.0
6174,val,a40_41,2.8637748,3.9414282,1.0,3,3,1.0,2,2,1.0
14004,val,a40_41,2.8637748,3.9032092,1.0,3,3,1.0,2,2,1.0
14172,val,a40_41,2.8637748,3.3626049,1.0,3,3,1.0,2,2,1.0
14173,val,a40_41,2.8637748,3.737305,1.0,3,3,1.0,2,2,1.0
18031,val,a40_41,2.8637748,3.4141958,1.0,3,3,1.0,2,5,1.0
18185,val,a40_41,2.8637748,0.0,1.0,3,2,1.0,2,2,1.0
23031,val,a40_41,2.8637748,0.0,1.0,3,2,1.0,2,6,1.0
40173,val,a40_41,2.8637748,3.426771,1.0,3,3,1.0,2,2,1.0
51171,val,a40_41,2.8637748,3.886613,1.0,3,3,1.0,2,2,1.0
84005,val,a40_41,2.8637748,4.077138,1.0,3,3,1.0,2,6,1.0
121173,val,a40_41,2.8637748,0.0,1.0,3,2,1.0,2,2,1.0
128004,val,a40_41,2.8637748,4.218239,1.0,3,3,1.0,2,2,1.0
145170,val,a40_41,2.8637748,3.8678546,1.0,3,3,1.0,2,2,1.0
161004,val,a40_41,2.8637748,3.0361922,1.0,3,2,1.0,2,4,1.0
172031,val,a40_41,2.8637748,3.2188306,1.0,3,3,1.0,2,2,1.0
174175,val,a40_41,2.8637748,4.886779,1.0,3,3,1.0,2,2,1.0
221031,val,a40_41,2.8637748,4.1335025,1.0,3,3,1.0,2,2,1.0
223030,val,a40_41,2.8637748,3.6286082,1.0,3,2,1.0,2,2,1.0
227003,val,a40_41,2.8637748,4.008891,1.0,3,3,1.0,2,2,1.0
257175,val,a40_41,2.8637748,0.42037553,1.0,3,2,1.0,2,2,1.0
263182,val,a40_41,2.8637748,3.4826956,1.0,3,3,1.0,2,2,1.0
321005,val,a40_41,2.8637748,2.8158593,1.0,3,3,1.0,2,2,1.0
361175,val,a40_41,2.8637748,1.7118756,1.0,3,2,1.0,2,2,1.0
377170,val,a40_41,2.8637748,4.2009177,1.0,3,3,1.0,2,2,1.0
450030,val,a40_41,2.8637748,3.847051,1.0,3,3,1.0,2,6,1.0
465030,val,a40_41,2.8637748,3.7935455,1.0,3,3,1.0,2,4,1.0
478030,val,a40_41,2.8637748,2.907154,1.0,3,2,1.0,2,3,1.0
503031,val,a40_41,2.8637748,4.475371,1.0,3,3,1.0,2,4,1.0
514172,val,a40_41,2.8637748,4.04607,1.0,3,3,1.0,2,2,1.0
534030,val,a40_41,2.8637748,1.9053723,1.0,3,3,1.0,2,2,1.0
534171,val,a40_41,2.8637748,3.7922242,1.0,3,3,1.0,2,2,1.0
544170,val,a40_41,2.8637748,3.178121,1.0,3,3,1.0,2,2,1.0
563193,val,a40_41,2.8637748,0.0,1.0,3,2,1.0,2,2,1.0
577174,val,a40_41,2.8637748,3.0114257,1.0,3,3,1.0,2,2,1.0
613006,val,a40_41,2.8637748,3.7471669,1.0,3,3,1.0,2,2,1.0
618170,val,a40_41,2.8637748,4.5326686,1.0,3,3,1.0,2,2,1.0
631030,val,a40_41,2.8637748,3.3098624,1.0,3,3,1.0,2,4,1.0
633031,val,a40_41,2.8637748,3.6491034,1.0,3,3,1.0,2,2,1.0
652173,val,a40_41,2.8637748,3.5666425,1.0,3,3,1.0,2,2,1.0
655172,val,a40_41,2.8637748,3.749749,1.0,3,3,1.0,2,2,1.0
656005,val,a40_41,2.8637748,0.9626811,1.0,3,3,1.0,2,2,1.0
691171,val,a40_41,2.8637748,2.3365629,1.0,3,3,1.0,2,4,1.0
738172,val,a40_41,2.8637748,3.8163328,1.0,3,3,1.0,2,2,1.0
751030,val,a40_41,2.8637748,2.7778397,1.0,3,3,1.0,2,4,1.0
762170,val,a40_41,2.8637748,4.3971753,1.0,3,3,1.0,2,2,1.0
783171,val,a40_41,2.8637748,3.7198489,1.0,3,3,1.0,2,2,1.0
863007,val,a40_41,2.8637748,2.8474362,1.0,3,3,1.0,2,2,1.0
893170,val,a40_41,2.8637748,0.0,1.0,3,2,1.0,2,2,1.0
894031,val,a40_41,2.8637748,3.2252226,1.0,3,3,1.0,2,2,1.0
898181,val,a40_41,2.8637748,1.1858279,1.0,3,3,1.0,2,2,1.0
899003,val,a40_41,2.8637748,3.5209594,1.0,3,3,1.0,2,2,1.0
916032,val,a40_41,2.8637748,3.1679091,1.0,3,3,1.0,2,2,1.0
922005,val,a40_41,2.8637748,2.5942936,1.0,3,3,1.0,2,2,1.0
931172,val,a40_41,2.8637748,3.1120167,1.0,3,2,1.0,2,2,1.0
939032,val,a40_41,2.8637748,4.886779,1.0,3,3,1.0,2,2,1.0
958030,val,a40_41,2.8637748,3.1199777,1.0,3,3,1.0,2,2,1.0
958173,val,a40_41,2.8637748,3.1463857,1.0,3,3,1.0,2,2,1.0
961005,val,a40_41,2.8637748,3.1784346,1.0,3,3,1.0,2,2,1.0
961030,val,a40_41,2.8637748,3.4617243,1.0,3,3,1.0,2,2,1.0
961175,val,a40_41,2.8637748,4.0225544,1.0,3,3,1.0,2,2,1.0
1051183,val,a40_41,2.8637748,3.3424077,1.0,3,3,1.0,2,2,1.0
1084005,val,a40_41,2.8637748,3.6850972,1.0,3,2,1.0,2,3,1.0
1089003,val,a40_41,2.8637748,3.3619723,1.0,3,3,1.0,2,2,1.0
1093003,val,a40_41,2.8637748,0.0,1.0,3,2,1.0,2,2,1.0
1107173,val,a40_41,2.8637748,4.0036206,1.0,3,3,1.0,2,4,1.0
1109174,val,a40_41,2.8637748,2.1663687,1.0,3,3,1.0,2,2,1.0
1121030,val,a40_41,2.8637748,3.615111,1.0,3,3,1.0,2,2,1.0
1121175,val,a40_41,2.8637748,0.0,1.0,3,2,1.0,2,2,1.0
1125172,val,a40_41,2.8637748,0.0,0.0,3,-1,0.0,2,-1,0.0
1126030,val,a40_41,2.8637748,2.3645113,1.0,3,3,1.0,2,2,1.0
1126176,val,a40_41,2.8637748,4.886184,1.0,3,3,1.0,2,2,1.0
1152180,val,a40_41,2.8637748,3.4620757,1.0,3,3,1.0,2,2,1.0
1164004,val,a40_41,2.8637748,3.5871162,1.0,3,3,1.0,2,2,1.0
1184032,val,a40_41,2.8637748,3.843872,1.0,3,3,1.0,2,2,1.0
1184033,val,a40_41,2.8637748,1.4233128,1.0,3,3,1.0,2,4,1.0
1185003,val,a40_41,2.8637748,0.0,1.0,3,2,1.0,2,2,1.0
1222004,val,a40_41,2.8637748,3.154596,1.0,3,3,1.0,2,2,1.0
1222006,val,a40_41,2.8637748,2.026318,1.0,3,3,1.0,2,2,1.0
1284170,val,a40_41,2.8637748,0.0,1.0,3,2,1.0,2,2,1.0
1292004,val,a40_41,2.8637748,3.105974,1.0,3,3,1.0,2,4,1.0
1314172,val,a40_41,2.8637748,3.949036,1.0,3,3,1.0,2,2,1.0
1332005,val,a40_41,2.8637748,3.6204543,1.0,3,3,1.0,2,3,1.0
1335010,val,a40_41,2.8637748,3.0401068,1.0,3,3,1.0,2,2,1.0
1338003,val,a40_41,2.8637748,3.5987248,1.0,3,3,1.0,2,2,1.0
1345006,val,a40_41,2.8637748,2.9212708,1.0,3,3,1.0,2,2,1.0
1345007,val,a40_41,2.8637748,3.57801,1.0,3,3,1.0,2,2,1.0
1346030,val,a40_41,2.8637748,0.0,1.0,3,2,1.0,2,2,1.0
1391033,val,a40_41,2.8637748,3.647873,1.0,3,3,1.0,2,4,1.0
1391175,val,a40_41,2.8637748,0.0,0.0,3,-1,0.0,2,-1,0.0
1394033,val,a40_41,2.8637748,0.0,1.0,3,2,1.0,2,4,1.0
1397005,val,a40_41,2.8637748,3.7439065,1.0,3,3,1.0,2,2,1.0
1397172,val,a40_41,2.8637748,3.0469735,1.0,3,3,1.0,2,2,1.0
1426004,val,a40_41,2.8637748,2.9762707,1.0,3,3,1.0,2,6,1.0
1434032,val,a40_41,2.8637748,2.0527534,1.0,3,3,1.0,2,2,1.0
1434170,val,a40_41,2.8637748,3.1865816,1.0,3,3,1.0,2,2,1.0
1435005,val,a40_41,2.8637748,4.6204996,1.0,3,2,1.0,2,4,1.0
1485171,val,a40_41,2.8637748,3.2274153,1.0,3,3,1.0,2,2,1.0
1520031,val,a40_41,2.8637748,3.9851773,1.0,3,3,1.0,2,2,1.0
1540005,val,a40_41,2.8637748,2.3726282,1.0,3,3,1.0,2,2,1.0
1559003,val,a40_41,2.8637748,4.472791,1.0,3,3,1.0,2,2,1.0
1559170,val,a40_41,2.8637748,3.2300382,1.0,3,3,1.0,2,2,1.0
1565180,val,a40_41,2.8637748,4.194441,1.0,3,3,1.0,2,2,1.0
1579030,val,a40_41,2.8637748,3.0597289,1.0,3,3,1.0,2,2,1.0
1613007,val,a40_41,2.8637748,0.6793294,1.0,3,3,1.0,2,2,1.0
1621171,val,a40_41,2.8637748,4.886779,1.0,3,3,1.0,2,2,1.0
1644004,val,a40_41,2.8637748,3.496418,1.0,3,3,1.0,2,2,1.0
1652031,val,a40_41,2.8637748,3.3802066,1.0,3,3,1.0,2,2,1.0
1682032,val,a40_41,2.8637748,3.8730197,1.0,3,3,1.0,2,2,1.0
1684173,val,a40_41,2.8637748,3.6152012,1.0,3,2,1.0,2,2,1.0
1687003,val,a40_41,2.8637748,3.3729873,1.0,3,3,1.0,2,2,1.0
1690170,val,a40_41,2.8637748,3.5111582,1.0,3,3,1.0,2,2,1.0
1692030,val,a40_41,2.8637748,0.0,1.0,3,2,1.0,2,2,1.0
1695034,val,a40_41,2.8637748,3.6491034,1.0,3,3,1.0,2,2,1.0
1701004,val,a40_41,2.8637748,3.9664857,1.0,3,3,1.0,2,2,1.0
1721030,val,a40_41,2.8637748,3.6687279,1.0,3,3,1.0,2,2,1.0
1723005,val,a40_41,2.8637748,2.2075644,1.0,3,3,1.0,2,2,1.0
1762030,val,a40_41,2.8637748,0.0,1.0,3,2,1.0,2,4,1.0
1762031,val,a40_41,2.8637748,3.7650766,1.0,3,3,1.0,2,2,1.0
1762032,val,a40_41,2.8637748,1.9069004,1.0,3,3,1.0,2,4,1.0
1774170,val,a40_41,2.8637748,1.3671789,1.0,3,2,1.0,2,2,1.0
1774171,val,a40_41,2.8637748,3.3073823,1.0,3,3,1.0,2,2,1.0
1784171,val,a40_41,2.8637748,4.1698217,1.0,3,3,1.0,2,2,1.0
1786191,val,a40_41,2.8637748,3.9422066,1.0,3,3,1.0,2,2,1.0
1787005,val,a40_41,2.8637748,3.6848996,1.0,3,3,1.0,2,2,1.0
1787174,val,a40_41,2.8637748,3.3667955,1.0,3,3,1.0,2,2,1.0
1802003,val,a40_41,2.8637748,3.489942,1.0,3,2,1.0,2,4,1.0
1845170,val,a40_41,2.8637748,3.0869684,1.0,3,3,1.0,2,2,1.0
1862171,val,a40_41,2.8637748,3.5262845,1.0,3,3,1.0,2,2,1.0
1898004,val,a40_41,2.8637748,3.4094932,1.0,3,3,1.0,2,6,1.0
1911030,val,a40_41,2.8637748,0.0,0.0,3,-1,0.0,2,-1,0.0
1914003,val,a40_41,2.8637748,2.8751705,1.0,3,3,1.0,2,2,1.0
1919007,val,a40_41,2.8637748,4.886779,1.0,3,3,1.0,2,4,1.0
1954003,val,a40_41,2.8637748,2.9361172,1.0,3,3,1.0,2,2,1.0
1959005,val,a40_41,2.8637748,4.3370132,1.0,3,3,1.0,2,2,1.0
1964031,val,a40_41,2.8637748,0.0,1.0,3,2,1.0,2,4,1.0
1972173,val,a40_41,2.8637748,0.0,0.0,3,-1,0.0,2,-1,0.0
1978030,val,a40_41,2.8637748,3.693618,1.0,3,3,1.0,2,2,1.0
2005030,val,a40_41,2.8637748,3.1062326,1.0,3,3,1.0,2,4,1.0
2011174,val,a40_41,2.8637748,3.3237946,1.0,3,3,1.0,2,2,1.0
2023030,val,a40_41,2.8637748,4.886779,1.0,3,3,1.0,2,6,1.0
2028030,val,a40_41,2.8637748,4.421971,1.0,3,3,1.0,2,4,1.0
2055003,val,a40_41,2.8637748,1.7300621,1.0,3,3,1.0,2,2,1.0
2067005,val,a40_41,2.8637748,4.1546817,1.0,3,3,1.0,2,2,1.0
2080170,val,a40_41,2.8637748,2.3160753,1.0,3,3,1.0,2,2,1.0
2106171,val,a40_41,2.8637748,0.0,1.0,3,2,1.0,2,2,1.0
2109002,val,a40_41,2.8637748,4.482823,1.0,3,3,1.0,2,2,1.0
2129186,val,a40_41,2.8637748,3.496005,1.0,3,3,1.0,2,2,1.0
2181007,val,a40_41,2.8637748,1.966612,1.0,3,2,1.0,2,6,1.0
2181030,val,a40_41,2.8637748,3.3319657,1.0,3,3,1.0,2,2,1.0
2243174,val,a40_41,2.8637748,3.0664406,1.0,3,3,1.0,2,2,1.0
2260173,val,a40_41,2.8637748,0.40987092,1.0,3,2,1.0,2,2,1.0
2261030,val,a40_41,2.8637748,2.5095816,1.0,3,3,1.0,2,2,1.0
2271171,val,a40_41,2.8637748,3.6543715,1.0,3,3,1.0,2,2,1.0
2282005,val,a40_41,2.8637748,0.0,1.0,3,3,1.0,2,6,1.0
2302195,val,a40_41,2.8637748,0.39853728,1.0,3,2,1.0,2,3,1.0
2334031,val,a40_41,2.8637748,3.8142254,1.0,3,3,1.0,2,2,1.0
2341172,val,a40_41,2.8637748,2.8913167,1.0,3,3,1.0,2,2,1.0
2354175,val,a40_41,2.8637748,3.3073823,1.0,3,3,1.0,2,2,1.0
2355004,val,a40_41,2.8637748,3.7249148,1.0,3,3,1.0,2,2,1.0
2391030,val,a40_41,2.8637748,3.1996279,1.0,3,3,1.0,2,2,1.0
2397173,val,a40_41,2.8637748,2.7536736,1.0,3,3,1.0,2,2,1.0
2408170,val,a40_41,2.8637748,2.2054408,1.0,3,2,1.0,2,4,1.0
2425003,val,a40_41,2.8637748,1.1611937,1.0,3,3,1.0,2,2,1.0
2432030,val,a40_41,2.8637748,2.766588,1.0,3,3,1.0,2,4,1.0
2435172,val,a40_41,2.8637748,0.5612031,1.0,3,3,1.0,2,2,1.0
2436174,val,a40_41,2.8637748,0.0,1.0,3,2,1.0,2,4,1.0
2436176,val,a40_41,2.8637748,3.0665076,1.0,3,3,1.0,2,2,1.0
2441003,val,a40_41,2.8637748,3.1931083,1.0,3,3,1.0,2,2,1.0
2441173,val,a40_41,2.8637748,4.1230373,1.0,3,3,1.0,2,2,1.0
2458031,val,a40_41,2.8637748,4.7487354,1.0,3,3,1.0,2,6,1.0
2461004,val,a40_41,2.8637748,2.4098656,1.0,3,3,1.0,2,2,1.0
2461030,val,a40_41,2.8637748,0.0,1.0,3,3,1.0,2,4,1.0
2473004,val,a40_41,2.8637748,3.8582711,1.0,3,3,1.0,2,2,1.0
2483030,val,a40_41,2.8637748,1.7093322,1.0,3,3,1.0,2,4,1.0
2503030,val,a40_41,2.8637748,3.0149915,1.0,3,3,1.0,2,6,1.0
2510005,val,a40_41,2.8637748,3.0679493,1.0,3,3,1.0,2,2,1.0
2525003,val,a40_41,2.8637748,4.886779,1.0,3,3,1.0,2,2,1.0
2529030,val,a40_41,2.8637748,0.0,1.0,3,2,1.0,2,4,1.0
2529174,val,a40_41,2.8637748,3.9823928,1.0,3,3,1.0,2,2,1.0
2530003,val,a40_41,2.8637748,2.8040938,1.0,3,3,1.0,2,2,1.0
2530004,val,a40_41,2.8637748,3.0475352,1.0,3,3,1.0,2,2,1.0
2569033,val,a40_41,2.8637748,3.3889637,1.0,3,3,1.0,2,2,1.0
2601006,val,a40_41,2.8637748,0.0,0.0,3,-1,0.0,2,-1,0.0
2608006,val,a40_41,2.8637748,3.153995,1.0,3,3,1.0,2,2,1.0
2615034,val,a40_41,2.8637748,3.5209804,1.0,3,3,1.0,2,2,1.0
2639004,val,a40_41,2.8637748,2.0256755,1.0,3,2,1.0,2,4,1.0
2665177,val,a40_41,2.8637748,0.0,1.0,3,2,1.0,2,2,1.0
2672006,val,a40_41,2.8637748,4.190539,1.0,3,3,1.0,2,4,1.0
2672171,val,a40_41,2.8637748,4.158148,1.0,3,3,1.0,2,4,1.0
2697003,val,a40_41,2.8637748,3.3715646,1.0,3,3,1.0,2,2,1.0
2704031,val,a40_41,2.8637748,2.5460799,1.0,3,3,1.0,2,4,1.0
2705030,val,a40_41,2.8637748,4.6122894,1.0,3,3,1.0,2,3,1.0
2707007,val,a40_41,2.8637748,2.015335,1.0,3,3,1.0,2,2,1.0
2712172,val,a40_41,2.8637748,3.172238,1.0,3,3,1.0,2,2,1.0
2731003,val,a40_41,2.8637748,3.1447468,1.0,3,3,1.0,2,6,1.0
2731005,val,a40_41,2.8637748,4.564996,1.0,3,3,1.0,2,6,1.0
2770031,val,a40_41,2.8637748,1.7136508,1.0,3,3,1.0,2,2,1.0
2816004,val,a40_41,2.8637748,3.4309494,1.0,3,3,1.0,2,2,1.0
2910002,val,a40_41,2.8637748,3.1706843,1.0,3,2,1.0,2,2,1.0
3062001,val,a40_41,2.8637748,3.958687,1.0,3,3,1.0,2,2,1.0
3235002,val,a40_41,2.8637748,3.6333046,1.0,3,3,1.0,2,3,1.0
3306001,val,a40_41,2.8637748,4.594867,1.0,3,3,1.0,2,2,1.0
5015030,val,a40_41,2.8637748,0.0,1.0,3,2,1.0,2,2,1.0
5048030,val,a40_41,2.8637748,2.79805,1.0,3,3,1.0,2,6,1.0
5052033,val,a40_41,2.8637748,2.355517,1.0,3,3,1.0,2,6,1.0
5057008,val,a40_41,2.8637748,3.5037935,1.0,3,3,1.0,2,6,1.0
5170009,val,a40_41,2.8637748,3.8322608,1.0,3,3,1.0,2,2,1.0
5230008,val,a40_41,2.8637748,3.7570312,1.0,3,3,1.0,2,2,1.0
5299010,val,a40_41,2.8637748,0.0,1.0,3,2,1.0,2,6,1.0
5336179,val,a40_41,2.8637748,3.3685656,1.0,3,3,1.0,2,2,1.0
5364005,val,a40_41,2.8637748,3.3224595,1.0,3,3,1.0,2,3,1.0
5379004,val,a40_41,2.8637748,4.8131404,1.0,3,3,1.0,2,4,1.0
5430173,val,a40_41,2.8637748,0.0,1.0,3,2,1.0,2,6,1.0
5488006,val,a40_41,2.8637748,3.6807222,1.0,3,3,1.0,2,6,1.0
5493007,val,a40_41,2.8637748,0.0,1.0,3,2,1.0,2,5,1.0
5537009,val,a40_41,2.8637748,2.9591303,1.0,3,3,1.0,2,2,1.0
5537177,val,a40_41,2.8637748,1.2297416,1.0,3,2,1.0,2,2,1.0
5537183,val,a40_41,2.8637748,3.031698,1.0,3,3,1.0,2,2,1.0
5569010,val,a40_41,2.8637748,3.265041,1.0,3,3,1.0,2,2,1.0
5600005,val,a40_41,2.8637748,2.2039053,1.0,3,2,1.0,2,2,1.0
5615183,val,a40_41,2.8637748,2.9662764,1.0,3,3,1.0,2,2,1.0
5749006,val,a40_41,2.8637748,0.37078482,1.0,3,2,1.0,2,2,1.0
5822175,val,a40_41,2.8637748,3.7130666,1.0,3,3,1.0,2,2,1.0
5832003,val,a40_41,2.8637748,2.3181431,1.0,3,2,1.0,2,6,1.0
5872005,val,a40_41,2.8637748,0.0,0.0,3,-1,0.0,2,-1,0.0
5898005,val,a40_41,2.8637748,0.0,0.0,3,-1,0.0,2,-1,0.0
5904033,val,a40_41,2.8637748,1.9870218,1.0,3,3,1.0,2,4,1.0
5987188,val,a40_41,2.8637748,3.0869684,1.0,3,3,1.0,2,2,1.0
6026005,val,a40_41,2.8637748,3.3871381,1.0,3,2,1.0,2,4,1.0
6026172,val,a40_41,2.8637748,3.6983402,1.0,3,3,1.0,2,4,1.0
6054031,val,a40_41,2.8637748,3.9765851,1.0,3,3,1.0,2,6,1.0
6121033,val,a40_41,2.8637748,0.0,1.0,3,2,1.0,2,6,1.0
6156008,val,a40_41,2.8637748,3.7570312,1.0,3,3,1.0,2,6,1.0
6157003,val,a40_41,2.8637748,3.2381604,1.0,3,3,1.0,2,3,1.0
6210183,val,a40_41,2.8637748,3.3488646,1.0,3,3,1.0,2,2,1.0
6262030,val,a40_41,2.8637748,4.052318,1.0,3,3,1.0,2,2,1.0
6368007,val,a40_41,2.8637748,0.0,1.0,3,2,1.0,2,6,1.0
6381181,val,a40_41,2.8637748,4.0398784,1.0,3,3,1.0,2,2,1.0
6396003,val,a40_41,2.8637748,0.0,1.0,3,2,1.0,2,4,1.0
6431008,val,a40_41,2.8637748,4.745581,1.0,3,3,1.0,2,4,1.0
6475170,val,a40_41,2.8637748,3.0000806,1.0,3,3,1.0,2,6,1.0
6522004,val,a40_41,2.8637748,0.0,0.0,3,2,1.0,2,4,1.0
6537032,val,a40_41,2.8637748,2.9993773,1.0,3,3,1.0,2,2,1.0
6541178,val,a40_41,2.8637748,4.1655335,1.0,3,3,1.0,2,2,1.0
6545006,val,a40_41,2.8637748,2.3224509,1.0,3,3,1.0,2,4,1.0
6547171,val,a40_41,2.8637748,3.0869684,1.0,3,3,1.0,2,2,1.0
6571031,val,a40_41,2.8637748,0.0,0.0,3,-1,0.0,2,-1,0.0
6590008,val,a40_41,2.8637748,0.0,1.0,3,3,1.0,2,2,1.0
6616007,val,a40_41,2.8637748,3.6222303,1.0,3,3,1.0,2,4,1.0
6649003,val,a40_41,2.8637748,3.6229506,1.0,3,3,1.0,2,2,1.0
6710030,val,a40_41,2.8637748,3.2437427,1.0,3,3,1.0,2,6,1.0
6745007,val,a40_41,2.8637748,3.587975,1.0,3,3,1.0,2,6,1.0
6750005,val,a40_41,2.8637748,3.9030106,1.0,3,3,1.0,2,4,1.0
6765006,val,a40_41,2.8637748,2.6505947,1.0,3,3,1.0,2,2,1.0
6822176,val,a40_41,2.8637748,3.546035,1.0,3,3,1.0,2,4,1.0
6828003,val,a40_41,2.8637748,0.29730862,1.0,3,2,1.0,2,2,1.0
6872003,val,a40_41,2.8637748,3.611991,1.0,3,3,1.0,2,2,1.0
4007,val,a42_43,2.8670847,0.0,0.0,3,-1,0.0,2,-1,0.0
6174,val,a42_43,2.8670847,4.3904777,1.0,3,3,1.0,2,2,1.0
14004,val,a42_43,2.8670847,3.7619069,1.0,3,3,1.0,2,2,1.0
14172,val,a42_43,2.8670847,3.7323906,1.0,3,3,1.0,2,2,1.0
14173,val,a42_43,2.8670847,4.0403357,1.0,3,3,1.0,2,2,1.0
18031,val,a42_43,2.8670847,3.5281215,1.0,3,3,1.0,2,5,1.0
18185,val,a42_43,2.8670847,0.0,1.0,3,2,1.0,2,3,1.0
23031,val,a42_43,2.8670847,0.0,1.0,3,2,1.0,2,6,1.0
40173,val,a42_43,2.8670847,3.5162604,1.0,3,3,1.0,2,2,1.0
51171,val,a42_43,2.8670847,3.9461741,1.0,3,3,1.0,2,2,1.0
84005,val,a42_43,2.8670847,3.9647489,1.0,3,3,1.0,2,6,1.0
121173,val,a42_43,2.8670847,3.016735,1.0,3,3,1.0,2,2,1.0
128004,val,a42_43,2.8670847,4.198069,1.0,3,3,1.0,2,2,1.0
145170,val,a42_43,2.8670847,3.507782,1.0,3,3,1.0,2,2,1.0
161004,val,a42_43,2.8670847,3.1872697,1.0,3,3,1.0,2,4,1.0
172031,val,a42_43,2.8670847,3.126861,1.0,3,3,1.0,2,2,1.0
174175,val,a42_43,2.8670847,4.886779,1.0,3,3,1.0,2,2,1.0
221031,val,a42_43,2.8670847,3.9811552,1.0,3,3,1.0,2,2,1.0
223030,val,a42_43,2.8670847,3.4196575,1.0,3,3,1.0,2,2,1.0
227003,val,a42_43,2.8670847,3.9589236,1.0,3,3,1.0,2,2,1.0
257175,val,a42_43,2.8670847,0.56697226,1.0,3,3,1.0,2,2,1.0
263182,val,a42_43,2.8670847,3.456537,1.0,3,3,1.0,2,2,1.0
321005,val,a42_43,2.8670847,3.067396,1.0,3,3,1.0,2,2,1.0
361175,val,a42_43,2.8670847,2.6412401,1.0,3,3,1.0,2,2,1.0
377170,val,a42_43,2.8670847,4.30575,1.0,3,3,1.0,2,2,1.0
450030,val,a42_43,2.8670847,4.0109034,1.0,3,2,1.0,2,6,1.0
465030,val,a42_43,2.8670847,3.854094,1.0,3,3,1.0,2,4,1.0
478030,val,a42_43,2.8670847,3.0282621,1.0,3,3,1.0,2,3,1.0
503031,val,a42_43,2.8670847,4.717123,1.0,3,3,1.0,2,4,1.0
514172,val,a42_43,2.8670847,4.2617564,1.0,3,3,1.0,2,2,1.0
534030,val,a42_43,2.8670847,3.2387373,1.0,3,3,1.0,2,2,1.0
534171,val,a42_43,2.8670847,3.8186266,1.0,3,3,1.0,2,2,1.0
544170,val,a42_43,2.8670847,3.378522,1.0,3,3,1.0,2,2,1.0
563193,val,a42_43,2.8670847,0.0,1.0,3,2,1.0,2,2,1.0
577174,val,a42_43,2.8670847,3.1931083,1.0,3,3,1.0,2,2,1.0
613006,val,a42_43,2.8670847,3.4896688,1.0,3,3,1.0,2,2,1.0
618170,val,a42_43,2.8670847,4.7028666,1.0,3,3,1.0,2,2,1.0
631030,val,a42_43,2.8670847,3.7247293,1.0,3,3,1.0,2,4,1.0
633031,val,a42_43,2.8670847,3.6932049,1.0,3,3,1.0,2,2,1.0
652173,val,a42_43,2.8670847,3.6409497,1.0,3,3,1.0,2,2,1.0
655172,val,a42_43,2.8670847,4.2897096,1.0,3,3,1.0,2,2,1.0
656005,val,a42_43,2.8670847,1.5825812,1.0,3,3,1.0,2,2,1.0
691171,val,a42_43,2.8670847,2.422265,1.0,3,3,1.0,2,4,1.0
738172,val,a42_43,2.8670847,4.6475396,1.0,3,3,1.0,2,2,1.0
751030,val,a42_43,2.8670847,3.128094,1.0,3,2,1.0,2,4,1.0
762170,val,a42_43,2.8670847,4.3866534,1.0,3,3,1.0,2,2,1.0
783171,val,a42_43,2.8670847,3.627258,1.0,3,3,1.0,2,2,1.0
863007,val,a42_43,2.8670847,3.0570593,1.0,3,3,1.0,2,2,1.0
893170,val,a42_43,2.8670847,0.0,1.0,3,2,1.0,2,2,1.0
894031,val,a42_43,2.8670847,3.4939215,1.0,3,3,1.0,2,2,1.0
898181,val,a42_43,2.8670847,2.0642657,1.0,3,3,1.0,2,2,1.0
899003,val,a42_43,2.8670847,3.5290773,1.0,3,3,1.0,2,2,1.0
916032,val,a42_43,2.8670847,2.66215,1.0,3,2,1.0,2,2,1.0
922005,val,a42_43,2.8670847,2.8607311,1.0,3,3,1.0,2,2,1.0
931172,val,a42_43,2.8670847,2.3561735,1.0,3,3,1.0,2,2,1.0
939032,val,a42_43,2.8670847,4.886779,1.0,3,3,1.0,2,2,1.0
958030,val,a42_43,2.8670847,3.0001054,1.0,3,3,1.0,2,2,1.0
958173,val,a42_43,2.8670847,3.188211,1.0,3,3,1.0,2,2,1.0
961005,val,a42_43,2.8670847,3.0807095,1.0,3,3,1.0,2,2,1.0
961030,val,a42_43,2.8670847,3.5064607,1.0,3,3,1.0,2,2,1.0
961175,val,a42_43,2.8670847,3.858515,1.0,3,3,1.0,2,2,1.0
1051183,val,a42_43,2.8670847,3.4141958,1.0,3,3,1.0,2,2,1.0
1084005,val,a42_43,2.8670847,2.8569546,1.0,3,2,1.0,2,4,1.0
1089003,val,a42_43,2.8670847,3.397333,1.0,3,3,1.0,2,2,1.0
1093003,val,a42_43,2.8670847,0.0,1.0,3,2,1.0,2,2,1.0
1107173,val,a42_43,2.8670847,0.0,1.0,3,2,1.0,2,4,1.0
1109174,val,a42_43,2.8670847,2.241885,1.0,3,3,1.0,2,2,1.0
1121030,val,a42_43,2.8670847,3.7256048,1.0,3,3,1.0,2,2,1.0
1121175,val,a42_43,2.8670847,0.0,1.0,3,2,1.0,2,2,1.0
1125172,val,a42_43,2.8670847,2.6918542,1.0,3,3,1.0,2,2,1.0
1126030,val,a42_43,2.8670847,2.3410416,1.0,3,3,1.0,2,2,1.0
1126176,val,a42_43,2.8670847,4.2375464,1.0,3,3,1.0,2,2,1.0
1152180,val,a42_43,2.8670847,3.382096,1.0,3,3,1.0,2,2,1.0
1164004,val,a42_43,2.8670847,3.6850972,1.0,3,3,1.0,2,2,1.0
1184032,val,a42_43,2.8670847,0.0,0.0,3,-1,0.0,2,-1,0.0
1184033,val,a42_43,2.8670847,2.9884706,1.0,3,3,1.0,2,4,1.0
1185003,val,a42_43,2.8670847,0.0,1.0,3,2,1.0,2,2,1.0
1222004,val,a42_43,2.8670847,3.1974998,1.0,3,3,1.0,2,2,1.0
1222006,val,a42_43,2.8670847,3.4334857,1.0,3,3,1.0,2,2,1.0
1284170,val,a42_43,2.8670847,0.0,1.0,3,2,1.0,2,2,1.0
1292004,val,a42_43,2.8670847,3.0276508,1.0,3,3,1.0,2,4,1.0
1314172,val,a42_43,2.8670847,3.955919,1.0,3,3,1.0,2,2,1.0
1332005,val,a42_43,2.8670847,4.0859733,1.0,3,3,1.0,2,3,1.0
1335010,val,a42_43,2.8670847,3.5913725,1.0,3,3,1.0,2,2,1.0
1338003,val,a42_43,2.8670847,0.0,1.0,3,2,1.0,2,2,1.0
1345006,val,a42_43,2.8670847,2.8901737,1.0,3,3,1.0,2,2,1.0
1345007,val,a42_43,2.8670847,3.4974828,1.0,3,3,1.0,2,2,1.0
1346030,val,a42_43,2.8670847,1.209378,1.0,3,2,1.0,2,2,1.0
1391033,val,a42_43,2.8670847,3.9802005,1.0,3,3,1.0,2,4,1.0
1391175,val,a42_43,2.8670847,3.1796627,1.0,3,3,1.0,2,4,1.0
1394033,val,a42_43,2.8670847,0.0,1.0,3,2,1.0,2,4,1.0
1397005,val,a42_43,2.8670847,3.749749,1.0,3,3,1.0,2,2,1.0
1397172,val,a42_43,2.8670847,3.0798528,1.0,3,3,1.0,2,2,1.0
1426004,val,a42_43,2.8670847,3.4137402,1.0,3,3,1.0,2,6,1.0
1434032,val,a42_43,2.8670847,2.134075,1.0,3,3,1.0,2,2,1.0
1434170,val,a42_43,2.8670847,3.2432585,1.0,3,3,1.0,2,2,1.0
1435005,val,a42_43,2.8670847,2.8346472,1.0,3,3,1.0,2,4,1.0
1485171,val,a42_43,2.8670847,3.4779825,1.0,3,3,1.0,2,2,1.0
1520031,val,a42_43,2.8670847,0.0,1.0,3,3,1.0,2,2,1.0
1540005,val,a42_43,2.8670847,3.2980824,1.0,3,3,1.0,2,2,1.0
1559003,val,a42_43,2.8670847,4.455336,1.0,3,3,1.0,2,2,1.0
1559170,val,a42_43,2.8670847,3.46386,1.0,3,3,1.0,2,2,1.0
1565180,val,a42_43,2.8670847,3.7453756,1.0,3,3,1.0,2,2,1.0
1579030,val,a42_43,2.8670847,2.21841,1.0,3,3,1.0,2,2,1.0
1613007,val,a42_43,2.8670847,1.4655625,1.0,3,3,1.0,2,2,1.0
1621171,val,a42_43,2.8670847,4.5817747,1.0,3,3,1.0,2,2,1.0
1644004,val,a42_43,2.8670847,3.3623176,1.0,3,3,1.0,2,2,1.0
1652031,val,a42_43,2.8670847,3.6539025,1.0,3,3,1.0,2,2,1.0
1682032,val,a42_43,2.8670847,3.8923383,1.0,3,3,1.0,2,2,1.0
1684173,val,a42_43,2.8670847,3.4133592,1.0,3,3,1.0,2,2,1.0
1687003,val,a42_43,2.8670847,2.1154792,1.0,3,3,1.0,2,2,1.0
1690170,val,a42_43,2.8670847,3.81582,1.0,3,3,1.0,2,2,1.0
1692030,val,a42_43,2.8670847,0.0,1.0,3,2,1.0,2,2,1.0
1695034,val,a42_43,2.8670847,3.7629457,1.0,3,3,1.0,2,2,1.0
1701004,val,a42_43,2.8670847,4.257973,1.0,3,3,1.0,2,2,1.0
1721030,val,a42_43,2.8670847,3.348836,1.0,3,3,1.0,2,2,1.0
1723005,val,a42_43,2.8670847,2.2497153,1.0,3,3,1.0,2,2,1.0
1762030,val,a42_43,2.8670847,0.0,1.0,3,2,1.0,2,4,1.0
1762031,val,a42_43,2.8670847,3.7924998,1.0,3,3,1.0,2,2,1.0
1762032,val,a42_43,2.8670847,2.2055602,1.0,3,3,1.0,2,4,1.0
1774170,val,a42_43,2.8670847,1.7535818,1.0,3,3,1.0,2,2,1.0
1774171,val,a42_43,2.8670847,3.736019,1.0,3,3,1.0,2,2,1.0
1784171,val,a42_43,2.8670847,4.1252284,1.0,3,3,1.0,2,2,1.0
1786191,val,a42_43,2.8670847,4.227405,1.0,3,3,1.0,2,2,1.0
1787005,val,a42_43,2.8670847,3.6104138,1.0,3,3,1.0,2,2,1.0
1787174,val,a42_43,2.8670847,3.3523545,1.0,3,3,1.0,2,2,1.0
1802003,val,a42_43,2.8670847,3.4832323,1.0,3,2,1.0,2,4,1.0
1845170,val,a42_43,2.8670847,3.3217459,1.0,3,3,1.0,2,2,1.0
1862171,val,a42_43,2.8670847,3.4461362,1.0,3,3,1.0,2,2,1.0
1898004,val,a42_43,2.8670847,4.3638077,1.0,3,3,1.0,2,6,1.0
1911030,val,a42_43,2.8670847,2.9322286,1.0,3,3,1.0,2,2,1.0
1914003,val,a42_43,2.8670847,3.0930045,1.0,3,3,1.0,2,2,1.0
1919007,val,a42_43,2.8670847,4.8387165,1.0,3,3,1.0,2,4,1.0
1954003,val,a42_43,2.8670847,3.7558146,1.0,3,3,1.0,2,4,1.0
1959005,val,a42_43,2.8670847,4.521836,1.0,3,3,1.0,2,2,1.0
1964031,val,a42_43,2.8670847,0.0,1.0,3,2,1.0,2,4,1.0
1972173,val,a42_43,2.8670847,2.3260252,1.0,3,3,1.0,2,3,1.0
1978030,val,a42_43,2.8670847,3.4900744,1.0,3,3,1.0,2,2,1.0
2005030,val,a42_43,2.8670847,3.211439,1.0,3,3,1.0,2,4,1.0
2011174,val,a42_43,2.8670847,3.177646,1.0,3,3,1.0,2,2,1.0
2023030,val,a42_43,2.8670847,4.886779,1.0,3,3,1.0,2,6,1.0
2028030,val,a42_43,2.8670847,4.886779,1.0,3,3,1.0,2,4,1.0
2055003,val,a42_43,2.8670847,1.367364,1.0,3,3,1.0,2,2,1.0
2067005,val,a42_43,2.8670847,4.480925,1.0,3,3,1.0,2,2,1.0
2080170,val,a42_43,2.8670847,2.4098656,1.0,3,3,1.0,2,2,1.0
2106171,val,a42_43,2.8670847,0.0,1.0,3,2,1.0,2,2,1.0
2109002,val,a42_43,2.8670847,4.472431,1.0,3,3,1.0,2,2,1.0
2129186,val,a42_43,2.8670847,3.851873,1.0,3,3,1.0,2,2,1.0
2181007,val,a42_43,2.8670847,2.5885363,1.0,3,3,1.0,2,6,1.0
2181030,val,a42_43,2.8670847,3.6084042,1.0,3,3,1.0,2,2,1.0
2243174,val,a42_43,2.8670847,2.9595175,1.0,3,3,1.0,2,2,1.0
2260173,val,a42_43,2.8670847,0.0,1.0,3,2,1.0,2,2,1.0
2261030,val,a42_43,2.8670847,3.173361,1.0,3,3,1.0,2,2,1.0
2271171,val,a42_43,2.8670847,3.7394035,1.0,3,3,1.0,2,2,1.0
2282005,val,a42_43,2.8670847,3.46386,1.0,3,3,1.0,2,6,1.0
2302195,val,a42_43,2.8670847,0.0,1.0,3,2,1.0,2,6,1.0
2334031,val,a42_43,2.8670847,3.8580909,1.0,3,3,1.0,2,2,1.0
2341172,val,a42_43,2.8670847,2.8802483,1.0,3,3,1.0,2,2,1.0
2354175,val,a42_43,2.8670847,3.651173,1.0,3,3,1.0,2,2,1.0
2355004,val,a42_43,2.8670847,4.1334863,1.0,3,3,1.0,2,2,1.0
2391030,val,a42_43,2.8670847,3.859207,1.0,3,3,1.0,2,2,1.0
2397173,val,a42_43,2.8670847,3.1475887,1.0,3,3,1.0,2,2,1.0
2408170,val,a42_43,2.8670847,2.146546,1.0,3,3,1.0,2,4,1.0
2425003,val,a42_43,2.8670847,0.0,1.0,3,2,1.0,2,2,1.0
2432030,val,a42_43,2.8670847,4.2273545,1.0,3,3,1.0,2,4,1.0
2435172,val,a42_43,2.8670847,0.0,1.0,3,2,1.0,2,2,1.0
2436174,val,a42_43,2.8670847,0.0,1.0,3,2,1.0,2,4,1.0
2436176,val,a42_43,2.8670847,3.0895233,1.0,3,3,1.0,2,2,1.0
2441003,val,a42_43,2.8670847,3.9165187,1.0,3,3,1.0,2,2,1.0
2441173,val,a42_43,2.8670847,4.077138,1.0,3,3,1.0,2,2,1.0
2458031,val,a42_43,2.8670847,4.886779,1.0,3,3,1.0,2,6,1.0
2461004,val,a42_43,2.8670847,2.196764,1.0,3,2,1.0,2,2,1.0
2461030,val,a42_43,2.8670847,4.353723,1.0,3,3,1.0,2,2,1.0
2473004,val,a42_43,2.8670847,3.2980824,1.0,3,3,1.0,2,2,1.0
2483030,val,a42_43,2.8670847,0.0,1.0,3,2,1.0,2,4,1.0
2503030,val,a42_43,2.8670847,3.295633,1.0,3,3,1.0,2,6,1.0
2510005,val,a42_43,2.8670847,3.307799,1.0,3,3,1.0,2,2,1.0
2525003,val,a42_43,2.8670847,4.886779,1.0,3,3,1.0,2,2,1.0
2529030,val,a42_43,2.8670847,0.0,1.0,3,2,1.0,2,4,1.0
2529174,val,a42_43,2.8670847,1.8595463,1.0,3,3,1.0,2,2,1.0
2530003,val,a42_43,2.8670847,0.0,1.0,3,2,1.0,2,2,1.0
2530004,val,a42_43,2.8670847,3.4409633,1.0,3,3,1.0,2,2,1.0
2569033,val,a42_43,2.8670847,3.469144,1.0,3,3,1.0,2,2,1.0
2601006,val,a42_43,2.8670847,4.845492,1.0,3,3,1.0,2,2,1.0
2608006,val,a42_43,2.8670847,2.9372149,1.0,3,3,1.0,2,2,1.0
2615034,val,a42_43,2.8670847,3.4548087,1.0,3,3,1.0,2,2,1.0
2639004,val,a42_43,2.8670847,2.589703,1.0,3,3,1.0,2,4,1.0
2665177,val,a42_43,2.8670847,0.0,1.0,3,2,1.0,2,2,1.0
2672006,val,a42_43,2.8670847,4.276182,1.0,3,3,1.0,2,2,1.0
2672171,val,a42_43,2.8670847,4.019886,1.0,3,3,1.0,2,4,1.0
2697003,val,a42_43,2.8670847,3.3189862,1.0,3,3,1.0,2,2,1.0
2704031,val,a42_43,2.8670847,3.6725805,1.0,3,3,1.0,2,4,1.0
2705030,val,a42_43,2.8670847,4.6246047,1.0,3,3,1.0,2,4,1.0
2707007,val,a42_43,2.8670847,0.0,1.0,3,3,1.0,2,2,1.0
2712172,val,a42_43,2.8670847,3.1996279,1.0,3,3,1.0,2,2,1.0
2731003,val,a42_43,2.8670847,3.6003644,1.0,3,3,1.0,2,6,1.0
2731005,val,a42_43,2.8670847,4.716656,1.0,3,3,1.0,2,6,1.0
2770031,val,a42_43,2.8670847,2.2437658,1.0,3,3,1.0,2,2,1.0
2816004,val,a42_43,2.8670847,3.2776077,1.0,3,3,1.0,2,2,1.0
2910002,val,a42_43,2.8670847,1.7300621,1.0,3,3,1.0,2,2,1.0
3062001,val,a42_43,2.8670847,2.110738,1.0,3,3,1.0,2,2,1.0
3235002,val,a42_43,2.8670847,3.3702624,1.0,3,3,1.0,2,3,1.0
3306001,val,a42_43,2.8670847,4.886779,1.0,3,3,1.0,2,3,1.0
5015030,val,a42_43,2.8670847,0.0,1.0,3,2,1.0,2,2,1.0
5048030,val,a42_43,2.8670847,2.967192,1.0,3,3,1.0,2,6,1.0
5052033,val,a42_43,2.8670847,3.1251361,1.0,3,3,1.0,2,6,1.0
5057008,val,a42_43,2.8670847,3.3570445,1.0,3,3,1.0,2,6,1.0
5170009,val,a42_43,2.8670847,3.9032092,1.0,3,3,1.0,2,2,1.0
5230008,val,a42_43,2.8670847,4.158148,1.0,3,3,1.0,2,3,1.0
5299010,val,a42_43,2.8670847,0.0,1.0,3,2,1.0,2,6,1.0
5336179,val,a42_43,2.8670847,3.3871381,1.0,3,3,1.0,2,2,1.0
5364005,val,a42_43,2.8670847,4.009967,1.0,3,3,1.0,2,3,1.0
5379004,val,a42_43,2.8670847,4.766838,1.0,3,3,1.0,2,4,1.0
5430173,val,a42_43,2.8670847,1.5333589,1.0,3,3,1.0,2,6,1.0
5488006,val,a42_43,2.8670847,3.8038778,1.0,3,3,1.0,2,6,1.0
5493007,val,a42_43,2.8670847,0.0,1.0,3,2,1.0,2,5,1.0
5537009,val,a42_43,2.8670847,3.0807095,1.0,3,3,1.0,2,2,1.0
5537177,val,a42_43,2.8670847,1.6738045,1.0,3,2,1.0,2,2,1.0
5537183,val,a42_43,2.8670847,3.7742858,1.0,3,3,1.0,2,2,1.0
5569010,val,a42_43,2.8670847,3.3445346,1.0,3,3,1.0,2,2,1.0
5600005,val,a42_43,2.8670847,0.0,1.0,3,2,1.0,2,2,1.0
5615183,val,a42_43,2.8670847,3.8142254,1.0,3,3,1.0,2,2,1.0
5749006,val,a42_43,2.8670847,0.0,1.0,3,2,1.0,2,2,1.0
5822175,val,a42_43,2.8670847,0.0,0.0,3,-1,0.0,2,-1,0.0
5832003,val,a42_43,2.8670847,1.6818666,1.0,3,2,1.0,2,6,1.0
5872005,val,a42_43,2.8670847,0.0,1.0,3,2,1.0,2,6,1.0
5898005,val,a42_43,2.8670847,3.3248508,1.0,3,3,1.0,2,2,1.0
5904033,val,a42_43,2.8670847,3.5165677,1.0,3,3,1.0,2,4,1.0
5987188,val,a42_43,2.8670847,3.0930045,1.0,3,3,1.0,2,2,1.0
6026005,val,a42_43,2.8670847,4.0232816,1.0,3,3,1.0,2,2,1.0
6026172,val,a42_43,2.8670847,4.4520135,1.0,3,3,1.0,2,4,1.0
6054031,val,a42_43,2.8670847,0.0,1.0,3,2,1.0,2,6,1.0
6121033,val,a42_43,2.8670847,0.0,0.0,3,-1,0.0,2,-1,0.0
6156008,val,a42_43,2.8670847,4.542774,1.0,3,3,1.0,2,6,1.0
6157003,val,a42_43,2.8670847,3.3940077,1.0,3,3,1.0,2,4,1.0
6210183,val,a42_43,2.8670847,3.3445346,1.0,3,3,1.0,2,2,1.0
6262030,val,a42_43,2.8670847,4.125177,1.0,3,3,1.0,2,2,1.0
6368007,val,a42_43,2.8670847,0.0,1.0,3,2,1.0,2,6,1.0
6381181,val,a42_43,2.8670847,4.0755825,1.0,3,3,1.0,2,2,1.0
6396003,val,a42_43,2.8670847,0.0,1.0,3,2,1.0,2,4,1.0
6431008,val,a42_43,2.8670847,4.776755,1.0,3,3,1.0,2,2,1.0
6475170,val,a42_43,2.8670847,3.0592763,1.0,3,3,1.0,2,6,1.0
6522004,val,a42_43,2.8670847,2.1584442,1.0,3,3,1.0,2,4,1.0
6537032,val,a42_43,2.8670847,2.9880683,1.0,3,3,1.0,2,2,1.0
6541178,val,a42_43,2.8670847,4.145609,1.0,3,3,1.0,2,2,1.0
6545006,val,a42_43,2.8670847,2.389911,1.0,3,3,1.0,2,4,1.0
6547171,val,a42_43,2.8670847,2.5756848,1.0,3,3,1.0,2,2,1.0
6571031,val,a42_43,2.8670847,3.8278039,1.0,3,3,1.0,2,3,1.0
6590008,val,a42_43,2.8670847,3.2681394,1.0,3,3,1.0,2,2,1.0
6616007,val,a42_43,2.8670847,1.9724138,1.0,3,2,1.0,2,2,1.0
6649003,val,a42_43,2.8670847,3.4457722,1.0,3,3,1.0,2,2,1.0
6710030,val,a42_43,2.8670847,3.0664406,1.0,3,2,1.0,2,6,1.0
6745007,val,a42_43,2.8670847,3.2379806,1.0,3,3,1.0,2,6,1.0
6750005,val,a42_43,2.8670847,3.9043536,1.0,3,3,1.0,2,4,1.0
6765006,val,a42_43,2.8670847,3.0149915,1.0,3,3,1.0,2,2,1.0
6822176,val,a42_43,2.8670847,3.337991,1.0,3,3,1.0,2,4,1.0
6828003,val,a42_43,2.8670847,0.0,1.0,3,2,1.0,2,2,1.0
6872003,val,a42_43,2.8670847,3.393006,1.0,3,3,1.0,2,2,1.0
4007,val,a44_45,2.9345725,4.058416,1.0,3,3,1.0,2,4,1.0
6174,val,a44_45,2.9345725,4.491118,1.0,3,3,1.0,2,2,1.0
14004,val,a44_45,2.9345725,0.0,1.0,3,2,1.0,2,2,1.0
14172,val,a44_45,2.9345725,3.481501,1.0,3,3,1.0,2,2,1.0
14173,val,a44_45,2.9345725,3.718973,1.0,3,3,1.0,2,2,1.0
18031,val,a44_45,2.9345725,3.5790346,1.0,3,3,1.0,2,5,1.0
18185,val,a44_45,2.9345725,1.3926231,1.0,3,3,1.0,2,4,1.0
23031,val,a44_45,2.9345725,0.0,1.0,3,2,1.0,2,2,1.0
40173,val,a44_45,2.9345725,0.0,0.0,3,-1,0.0,2,-1,0.0
51171,val,a44_45,2.9345725,3.9082706,1.0,3,3,1.0,2,2,1.0
84005,val,a44_45,2.9345725,4.022493,1.0,3,3,1.0,2,6,1.0
121173,val,a44_45,2.9345725,3.0124674,1.0,3,3,1.0,2,2,1.0
128004,val,a44_45,2.9345725,3.9815128,1.0,3,3,1.0,2,2,1.0
145170,val,a44_45,2.9345725,3.937253,1.0,3,3,1.0,2,2,1.0
161004,val,a44_45,2.9345725,3.0668867,1.0,3,3,1.0,2,4,1.0
172031,val,a44_45,2.9345725,3.4983218,1.0,3,3,1.0,2,2,1.0
174175,val,a44_45,2.9345725,4.886779,1.0,3,3,1.0,2,2,1.0
221031,val,a44_45,2.9345725,3.8177946,1.0,3,3,1.0,2,2,1.0
223030,val,a44_45,2.9345725,3.5600863,1.0,3,3,1.0,2,2,1.0
227003,val,a44_45,2.9345725,3.9815128,1.0,3,3,1.0,2,2,1.0
257175,val,a44_45,2.9345725,0.48750186,1.0,3,3,1.0,2,2,1.0
263182,val,a44_45,2.9345725,3.4627783,1.0,3,3,1.0,2,2,1.0
321005,val,a44_45,2.9345725,2.99307,1.0,3,3,1.0,2,2,1.0
361175,val,a44_45,2.9345725,2.3818378,1.0,3,2,1.0,2,2,1.0
377170,val,a44_45,2.9345725,4.2520056,1.0,3,3,1.0,2,2,1.0
450030,val,a44_45,2.9345725,3.9245687,1.0,3,3,1.0,2,6,1.0
465030,val,a44_45,2.9345725,3.8660583,1.0,3,3,1.0,2,2,1.0
478030,val,a44_45,2.9345725,3.486668,1.0,3,2,1.0,2,3,1.0
503031,val,a44_45,2.9345725,4.7228627,1.0,3,3,1.0,2,4,1.0
514172,val,a44_45,2.9345725,4.4358616,1.0,3,3,1.0,2,2,1.0
534030,val,a44_45,2.9345725,3.402656,1.0,3,3,1.0,2,2,1.0
534171,val,a44_45,2.9345725,3.9701915,1.0,3,3,1.0,2,2,1.0
544170,val,a44_45,2.9345725,0.0,0.0,3,-1,0.0,2,-1,0.0
563193,val,a44_45,2.9345725,0.0,1.0,3,2,1.0,2,2,1.0
577174,val,a44_45,2.9345725,3.3248508,1.0,3,3,1.0,2,2,1.0
613006,val,a44_45,2.9345725,2.8015413,1.0,3,2,1.0,2,2,1.0
618170,val,a44_45,2.9345725,4.628189,1.0,3,3,1.0,2,2,1.0
631030,val,a44_45,2.9345725,4.1159654,1.0,3,3,1.0,2,4,1.0
633031,val,a44_45,2.9345725,3.6920335,1.0,3,3,1.0,2,2,1.0
652173,val,a44_45,2.9345725,3.671648,1.0,3,3,1.0,2,2,1.0
655172,val,a44_45,2.9345725,4.415885,1.0,3,3,1.0,2,2,1.0
656005,val,a44_45,2.9345725,1.9453716,1.0,3,3,1.0,2,2,1.0
691171,val,a44_45,2.9345725,2.8106601,1.0,3,3,1.0,2,4,1.0
738172,val,a44_45,2.9345725,4.459952,1.0,3,3,1.0,2,2,1.0
751030,val,a44_45,2.9345725,2.66215,1.0,3,3,1.0,2,4,1.0
762170,val,a44_45,2.9345725,4.343294,1.0,3,3,1.0,2,2,1.0
783171,val,a44_45,2.9345725,3.6628857,1.0,3,3,1.0,2,2,1.0
863007,val,a44_45,2.9345725,3.2183783,1.0,3,3,1.0,2,3,1.0
893170,val,a44_45,2.9345725,0.0,1.0,3,2,1.0,2,2,1.0
894031,val,a44_45,2.9345725,3.4421458,1.0,3,3,1.0,2,2,1.0
898181,val,a44_45,2.9345725,1.5825812,1.0,3,3,1.0,2,2,1.0
899003,val,a44_45,2.9345725,3.4738846,1.0,3,3,1.0,2,2,1.0
916032,val,a44_45,2.9345725,3.7278583,1.0,3,3,1.0,2,2,1.0
922005,val,a44_45,2.9345725,2.9191911,1.0,3,3,1.0,2,2,1.0
931172,val,a44_45,2.9345725,3.1937861,1.0,3,3,1.0,2,2,1.0
939032,val,a44_45,2.9345725,4.886779,1.0,3,3,1.0,2,2,1.0
958030,val,a44_45,2.9345725,3.161957,1.0,3,3,1.0,2,2,1.0
958173,val,a44_45,2.9345725,3.2852573,1.0,3,3,1.0,2,2,1.0
961005,val,a44_45,2.9345725,3.5486436,1.0,3,3,1.0,2,2,1.0
961030,val,a44_45,2.9345725,3.8178444,1.0,3,3,1.0,2,2,1.0
961175,val,a44_45,2.9345725,3.8142254,1.0,3,3,1.0,2,2,1.0
1051183,val,a44_45,2.9345725,3.8177946,1.0,3,3,1.0,2,2,1.0
1084005,val,a44_45,2.9345725,2.9441254,1.0,3,2,1.0,2,2,1.0
1089003,val,a44_45,2.9345725,3.3568435,1.0,3,3,1.0,2,2,1.0
1093003,val,a44_45,2.9345725,0.0,1.0,3,2,1.0,2,2,1.0
1107173,val,a44_45,2.9345725,0.0,1.0,3,2,1.0,2,4,1.0
1109174,val,a44_45,2.9345725,2.7272375,1.0,3,3,1.0,2,2,1.0
1121030,val,a44_45,2.9345725,3.958687,1.0,3,3,1.0,2,2,1.0
1121175,val,a44_45,2.9345725,0.0,1.0,3,2,1.0,2,2,1.0
1125172,val,a44_45,2.9345725,2.6219666,1.0,3,3,1.0,2,2,1.0
1126030,val,a44_45,2.9345725,0.6136192,1.0,3,2,1.0,2,2,1.0
1126176,val,a44_45,2.9345725,0.0,0.0,3,-1,0.0,2,-1,0.0
1152180,val,a44_45,2.9345725,3.4450095,1.0,3,3,1.0,2,2,1.0
1164004,val,a44_45,2.9345725,3.8595586,1.0,3,3,1.0,2,2,1.0
1184032,val,a44_45,2.9345725,3.948575,1.0,3,3,1.0,2,2,1.0
1184033,val,a44_45,2.9345725,2.7982898,1.0,3,3,1.0,2,4,1.0
1185003,val,a44_45,2.9345725,0.0,1.0,3,2,1.0,2,2,1.0
1222004,val,a44_45,2.9345725,3.388434,1.0,3,3,1.0,2,2,1.0
1222006,val,a44_45,2.9345725,2.0481088,1.0,3,3,1.0,2,2,1.0
1284170,val,a44_45,2.9345725,0.0,1.0,3,2,1.0,2,2,1.0
1292004,val,a44_45,2.9345725,1.4956659,1.0,3,2,1.0,2,4,1.0
1314172,val,a44_45,2.9345725,3.7518084,1.0,3,3,1.0,2,2,1.0
1332005,val,a44_45,2.9345725,4.2493205,1.0,3,3,1.0,2,3,1.0
1335010,val,a44_45,2.9345725,3.4333792,1.0,3,3,1.0,2,2,1.0
1338003,val,a44_45,2.9345725,3.4137402,1.0,3,3,1.0,2,2,1.0
1345006,val,a44_45,2.9345725,2.9125555,1.0,3,3,1.0,2,2,1.0
1345007,val,a44_45,2.9345725,3.8308244,1.0,3,3,1.0,2,2,1.0
1346030,val,a44_45,2.9345725,0.0,0.0,3,-1,0.0,2,-1,0.0
1391033,val,a44_45,2.9345725,4.3236156,1.0,3,3,1.0,2,4,1.0
1391175,val,a44_45,2.9345725,3.4613209,1.0,3,3,1.0,2,4,1.0
1394033,val,a44_45,2.9345725,0.0,1.0,3,2,1.0,2,4,1.0
1397005,val,a44_45,2.9345725,4.0859733,1.0,3,3,1.0,2,2,1.0
1397172,val,a44_45,2.9345725,3.100371,1.0,3,3,1.0,2,2,1.0
1426004,val,a44_45,2.9345725,3.223611,1.0,3,3,1.0,2,6,1.0
1434032,val,a44_45,2.9345725,2.1239266,1.0,3,3,1.0,2,2,1.0
1434170,val,a44_45,2.9345725,3.4116857,1.0,3,3,1.0,2,2,1.0
1435005,val,a44_45,2.9345725,4.3006,1.0,3,3,1.0,2,2,1.0
1485171,val,a44_45,2.9345725,3.121372,1.0,3,3,1.0,2,2,1.0
1520031,val,a44_45,2.9345725,3.9939451,1.0,3,2,1.0,2,2,1.0
1540005,val,a44_45,2.9345725,2.9066825,1.0,3,3,1.0,2,2,1.0
1559003,val,a44_45,2.9345725,4.886779,1.0,3,3,1.0,2,2,1.0
1559170,val,a44_45,2.9345725,2.2020712,1.0,3,3,1.0,2,2,1.0
1565180,val,a44_45,2.9345725,4.1940236,1.0,3,3,1.0,2,2,1.0
1579030,val,a44_45,2.9345725,3.1251361,1.0,3,3,1.0,2,3,1.0
1613007,val,a44_45,2.9345725,2.5992112,1.0,3,3,1.0,2,2,1.0
1621171,val,a44_45,2.9345725,4.706708,1.0,3,3,1.0,2,2,1.0
1644004,val,a44_45,2.9345725,3.1415145,1.0,3,3,1.0,2,2,1.0
1652031,val,a44_45,2.9345725,3.4925067,1.0,3,3,1.0,2,2,1.0
1682032,val,a44_45,2.9345725,3.9247546,1.0,3,3,1.0,2,2,1.0
1684173,val,a44_45,2.9345725,3.1698432,1.0,3,3,1.0,2,2,1.0
1687003,val,a44_45,2.9345725,3.295199,1.0,3,3,1.0,2,2,1.0
1690170,val,a44_45,2.9345725,3.8913128,1.0,3,3,1.0,2,2,1.0
1692030,val,a44_45,2.9345725,0.0,1.0,3,2,1.0,2,2,1.0
1695034,val,a44_45,2.9345725,3.8376126,1.0,3,3,1.0,2,2,1.0
1701004,val,a44_45,2.9345725,4.343721,1.0,3,3,1.0,2,2,1.0
1721030,val,a44_45,2.9345725,2.8269699,1.0,3,2,1.0,2,2,1.0
1723005,val,a44_45,2.9345725,2.372633,1.0,3,3,1.0,2,2,1.0
1762030,val,a44_45,2.9345725,0.67576194,1.0,3,2,1.0,2,4,1.0
1762031,val,a44_45,2.9345725,3.8211,1.0,3,3,1.0,2,2,1.0
1762032,val,a44_45,2.9345725,2.5097702,1.0,3,3,1.0,2,4,1.0
1774170,val,a44_45,2.9345725,0.0,1.0,3,2,1.0,2,2,1.0
1774171,val,a44_45,2.9345725,3.608866,1.0,3,3,1.0,2,2,1.0
1784171,val,a44_45,2.9345725,4.0109563,1.0,3,3,1.0,2,2,1.0
1786191,val,a44_45,2.9345725,3.9470103,1.0,3,3,1.0,2,2,1.0
1787005,val,a44_45,2.9345725,3.7915301,1.0,3,3,1.0,2,2,1.0
1787174,val,a44_45,2.9345725,0.0,0.0,3,-1,0.0,2,-1,0.0
1802003,val,a44_45,2.9345725,3.7913468,1.0,3,2,1.0,2,4,1.0
1845170,val,a44_45,2.9345725,3.5111582,1.0,3,3,1.0,2,2,1.0
1862171,val,a44_45,2.9345725,3.5587387,1.0,3,3,1.0,2,2,1.0
1898004,val,a44_45,2.9345725,4.41717,1.0,3,3,1.0,2,6,1.0
1911030,val,a44_45,2.9345725,0.0,1.0,3,2,1.0,2,2,1.0
1914003,val,a44_45,2.9345725,3.0497952,1.0,3,3,1.0,2,2,1.0
1919007,val,a44_45,2.9345725,4.4151845,1.0,3,3,1.0,2,4,1.0
1954003,val,a44_45,2.9345725,3.7009902,1.0,3,2,1.0,2,4,1.0
1959005,val,a44_45,2.9345725,4.886779,1.0,3,3,1.0,2,2,1.0
1964031,val,a44_45,2.9345725,0.0,1.0,3,2,1.0,2,4,1.0
1972173,val,a44_45,2.9345725,2.7334437,1.0,3,3,1.0,2,3,1.0
1978030,val,a44_45,2.9345725,3.4785342,1.0,3,3,1.0,2,2,1.0
2005030,val,a44_45,2.9345725,3.2576559,1.0,3,3,1.0,2,4,1.0
2011174,val,a44_45,2.9345725,3.363831,1.0,3,3,1.0,2,2,1.0
2023030,val,a44_45,2.9345725,4.886779,1.0,3,3,1.0,2,6,1.0
2028030,val,a44_45,2.9345725,4.886779,1.0,3,3,1.0,2,4,1.0
2055003,val,a44_45,2.9345725,3.6527476,1.0,3,3,1.0,2,2,1.0
2067005,val,a44_45,2.9345725,4.55367,1.0,3,3,1.0,2,2,1.0
2080170,val,a44_45,2.9345725,2.564471,1.0,3,3,1.0,2,2,1.0
2106171,val,a44_45,2.9345725,0.0,1.0,3,2,1.0,2,2,1.0
2109002,val,a44_45,2.9345725,4.4351645,1.0,3,3,1.0,2,2,1.0
2129186,val,a44_45,2.9345725,3.486668,1.0,3,3,1.0,2,2,1.0
2181007,val,a44_45,2.9345725,2.0622702,1.0,3,3,1.0,2,6,1.0
2181030,val,a44_45,2.9345725,3.9479043,1.0,3,3,1.0,2,2,1.0
2243174,val,a44_45,2.9345725,3.3215134,1.0,3,3,1.0,2,2,1.0
2260173,val,a44_45,2.9345725,3.094222,1.0,3,2,1.0,2,2,1.0
2261030,val,a44_45,2.9345725,3.2630742,1.0,3,3,1.0,2,2,1.0
2271171,val,a44_45,2.9345725,3.6277134,1.0,3,3,1.0,2,2,1.0
2282005,val,a44_45,2.9345725,2.2020712,1.0,3,3,1.0,2,6,1.0
2302195,val,a44_45,2.9345725,0.0,1.0,3,2,1.0,2,6,1.0
2334031,val,a44_45,2.9345725,4.167855,1.0,3,3,1.0,2,2,1.0
2341172,val,a44_45,2.9345725,3.5905602,1.0,3,3,1.0,2,2,1.0
2354175,val,a44_45,2.9345725,3.4766757,1.0,3,3,1.0,2,2,1.0
2355004,val,a44_45,2.9345725,3.8594756,1.0,3,3,1.0,2,2,1.0
2391030,val,a44_45,2.9345725,3.7593637,1.0,3,3,1.0,2,2,1.0
2397173,val,a44_45,2.9345725,3.5917382,1.0,3,3,1.0,2,3,1.0
2408170,val,a44_45,2.9345725,2.8284745,1.0,3,3,1.0,2,4,1.0
2425003,val,a44_45,2.9345725,0.0,1.0,3,2,1.0,2,2,1.0
2432030,val,a44_45,2.9345725,2.2314599,1.0,3,3,1.0,2,4,1.0
2435172,val,a44_45,2.9345725,0.0,1.0,3,2,1.0,2,2,1.0
2436174,val,a44_45,2.9345725,0.0,1.0,3,2,1.0,2,4,1.0
2436176,val,a44_45,2.9345725,3.174653,1.0,3,3,1.0,2,2,1.0
2441003,val,a44_45,2.9345725,3.9449332,1.0,3,3,1.0,2,2,1.0
2441173,val,a44_45,2.9345725,4.1105485,1.0,3,3,1.0,2,2,1.0
2458031,val,a44_45,2.9345725,4.886779,1.0,3,3,1.0,2,6,1.0
2461004,val,a44_45,2.9345725,0.0,1.0,3,2,1.0,2,2,1.0
2461030,val,a44_45,2.9345725,4.886779,1.0,3,3,1.0,2,2,1.0
2473004,val,a44_45,2.9345725,4.1026144,1.0,3,3,1.0,2,2,1.0
2483030,val,a44_45,2.9345725,0.0,1.0,3,3,1.0,2,4,1.0
2503030,val,a44_45,2.9345725,3.3104484,1.0,3,3,1.0,2,2,1.0
2510005,val,a44_45,2.9345725,3.3073823,1.0,3,3,1.0,2,2,1.0
2525003,val,a44_45,2.9345725,4.886779,1.0,3,3,1.0,2,2,1.0
2529030,val,a44_45,2.9345725,0.0,1.0,3,2,1.0,2,4,1.0
2529174,val,a44_45,2.9345725,4.0926714,1.0,3,3,1.0,2,2,1.0
2530003,val,a44_45,2.9345725,0.0,1.0,3,2,1.0,2,2,1.0
2530004,val,a44_45,2.9345725,3.6657484,1.0,3,3,1.0,2,2,1.0
2569033,val,a44_45,2.9345725,3.3814466,1.0,3,3,1.0,2,2,1.0
2601006,val,a44_45,2.9345725,0.0,1.0,3,2,1.0,2,2,1.0
2608006,val,a44_45,2.9345725,2.8357437,1.0,3,3,1.0,2,2,1.0
2615034,val,a44_45,2.9345725,3.5372634,1.0,3,3,1.0,2,2,1.0
2639004,val,a44_45,2.9345725,0.0,0.0,3,-1,0.0,2,-1,0.0
2665177,val,a44_45,2.9345725,0.0,1.0,3,2,1.0,2,2,1.0
2672006,val,a44_45,2.9345725,4.573825,1.0,3,3,1.0,2,5,1.0
2672171,val,a44_45,2.9345725,3.6641996,1.0,3,3,1.0,2,4,1.0
2697003,val,a44_45,2.9345725,3.3045707,1.0,3,3,1.0,2,2,1.0
2704031,val,a44_45,2.9345725,3.7778184,1.0,3,3,1.0,2,4,1.0
2705030,val,a44_45,2.9345725,4.633699,1.0,3,3,1.0,2,4,1.0
2707007,val,a44_45,2.9345725,2.4932044,1.0,3,3,1.0,2,2,1.0
2712172,val,a44_45,2.9345725,3.188211,1.0,3,3,1.0,2,2,1.0
2731003,val,a44_45,2.9345725,3.858834,1.0,3,3,1.0,2,6,1.0
2731005,val,a44_45,2.9345725,4.6893663,1.0,3,3,1.0,2,6,1.0
2770031,val,a44_45,2.9345725,2.47013,1.0,3,3,1.0,2,2,1.0
2816004,val,a44_45,2.9345725,3.3207881,1.0,3,3,1.0,2,2,1.0
2910002,val,a44_45,2.9345725,3.7874484,1.0,3,3,1.0,2,2,1.0
3062001,val,a44_45,2.9345725,2.2482457,1.0,3,3,1.0,2,3,1.0
3235002,val,a44_45,2.9345725,3.4900744,1.0,3,3,1.0,2,4,1.0
3306001,val,a44_45,2.9345725,4.886779,1.0,3,3,1.0,2,4,1.0
5015030,val,a44_45,2.9345725,0.0,1.0,3,2,1.0,2,2,1.0
5048030,val,a44_45,2.9345725,3.156508,1.0,3,3,1.0,2,6,1.0
5052033,val,a44_45,2.9345725,2.6440241,1.0,3,3,1.0,2,6,1.0
5057008,val,a44_45,2.9345725,3.627258,1.0,3,3,1.0,2,6,1.0
5170009,val,a44_45,2.9345725,4.047763,1.0,3,3,1.0,2,2,1.0
5230008,val,a44_45,2.9345725,4.175959,1.0,3,3,1.0,2,3,1.0
5299010,val,a44_45,2.9345725,0.0,1.0,3,2,1.0,2,6,1.0
5336179,val,a44_45,2.9345725,3.3914385,1.0,3,3,1.0,2,2,1.0
5364005,val,a44_45,2.9345725,3.7940028,1.0,3,3,1.0,2,2,1.0
5379004,val,a44_45,2.9345725,4.5817747,1.0,3,3,1.0,2,4,1.0
5430173,val,a44_45,2.9345725,1.9704351,1.0,3,3,1.0,2,6,1.0
5488006,val,a44_45,2.9345725,3.982054,1.0,3,3,1.0,2,6,1.0
5493007,val,a44_45,2.9345725,0.0,1.0,3,2,1.0,2,5,1.0
5537009,val,a44_45,2.9345725,2.8186514,1.0,3,3,1.0,2,2,1.0
5537177,val,a44_45,2.9345725,1.8782891,1.0,3,2,1.0,2,2,1.0
5537183,val,a44_45,2.9345725,4.192416,1.0,3,3,1.0,2,2,1.0
5569010,val,a44_45,2.9345725,1.5302846,1.0,3,3,1.0,2,2,1.0
5600005,val,a44_45,2.9345725,0.0,1.0,3,2,1.0,2,2,1.0
5615183,val,a44_45,2.9345725,3.0865474,1.0,3,3,1.0,2,2,1.0
5749006,val,a44_45,2.9345725,1.0628753,1.0,3,3,1.0,2,2,1.0
5822175,val,a44_45,2.9345725,3.553619,1.0,3,3,1.0,2,2,1.0
5832003,val,a44_45,2.9345725,3.2903967,1.0,3,2,1.0,2,6,1.0
5872005,val,a44_45,2.9345725,0.0,1.0,3,2,1.0,2,6,1.0
5898005,val,a44_45,2.9345725,3.433667,1.0,3,3,1.0,2,2,1.0
5904033,val,a44_45,2.9345725,3.4421458,1.0,3,3,1.0,2,4,1.0
5987188,val,a44_45,2.9345725,3.0497952,1.0,3,3,1.0,2,2,1.0
6026005,val,a44_45,2.9345725,3.9234436,1.0,3,2,1.0,2,2,1.0
6026172,val,a44_45,2.9345725,4.6887918,1.0,3,3,1.0,2,4,1.0
6054031,val,a44_45,2.9345725,0.0,1.0,3,2,1.0,2,6,1.0
6121033,val,a44_45,2.9345725,0.0,1.0,3,2,1.0,2,6,1.0
6156008,val,a44_45,2.9345725,3.9220536,1.0,3,3,1.0,2,6,1.0
6157003,val,a44_45,2.9345725,3.3523545,1.0,3,3,1.0,2,4,1.0
6210183,val,a44_45,2.9345725,3.3465555,1.0,3,3,1.0,2,2,1.0
6262030,val,a44_45,2.9345725,4.0141034,1.0,3,3,1.0,2,2,1.0
6368007,val,a44_45,2.9345725,0.0,1.0,3,2,1.0,2,6,1.0
6381181,val,a44_45,2.9345725,4.2348075,1.0,3,3,1.0,2,2,1.0
6396003,val,a44_45,2.9345725,0.0,1.0,3,2,1.0,2,4,1.0
6431008,val,a44_45,2.9345725,4.2303786,1.0,3,3,1.0,2,2,1.0
6475170,val,a44_45,2.9345725,3.4794178,1.0,3,3,1.0,2,6,1.0
6522004,val,a44_45,2.9345725,1.8124303,1.0,3,3,1.0,2,4,1.0
6537032,val,a44_45,2.9345725,3.8368883,1.0,3,3,1.0,2,2,1.0
6541178,val,a44_45,2.9345725,4.2320933,1.0,3,3,1.0,2,3,1.0
6545006,val,a44_45,2.9345725,3.1106615,1.0,3,3,1.0,2,4,1.0
6547171,val,a44_45,2.9345725,1.8387105,1.0,3,3,1.0,2,2,1.0
6571031,val,a44_45,2.9345725,0.0,1.0,3,2,1.0,2,2,1.0
6590008,val,a44_45,2.9345725,3.5488956,1.0,3,3,1.0,2,2,1.0
6616007,val,a44_45,2.9345725,3.2707531,1.0,3,3,1.0,2,4,1.0
6649003,val,a44_45,2.9345725,3.4194636,1.0,3,3,1.0,2,2,1.0
6710030,val,a44_45,2.9345725,3.5064607,1.0,3,3,1.0,2,6,1.0
6745007,val,a44_45,2.9345725,2.6745934,1.0,3,3,1.0,2,6,1.0
6750005,val,a44_45,2.9345725,3.3510303,1.0,3,3,1.0,2,4,1.0
6765006,val,a44_45,2.9345725,3.0664406,1.0,3,3,1.0,2,2,1.0
6822176,val,a44_45,2.9345725,3.3265107,1.0,3,3,1.0,2,4,1.0
6828003,val,a44_45,2.9345725,0.0,1.0,3,2,1.0,2,2,1.0
6872003,val,a44_45,2.9345725,3.4513288,1.0,3,3,1.0,2,2,1.0
6030,test,a30_31,2.689923,4.0443435,1.0,3,3,1.0,2,2,1.0
10030,test,a30_31,2.689923,4.8131404,1.0,3,3,1.0,2,6,1.0
41008,test,a30_31,2.689923,0.0,1.0,3,2,1.0,2,2,1.0
68003,test,a30_31,2.689923,3.6228404,1.0,3,3,1.0,2,2,1.0
127030,test,a30_31,2.689923,3.8933127,1.0,3,3,1.0,2,6,1.0
127031,test,a30_31,2.689923,4.455336,1.0,3,3,1.0,2,6,1.0
129031,test,a30_31,2.689923,1.159328,1.0,3,3,1.0,2,4,1.0
129196,test,a30_31,2.689923,2.0602975,1.0,3,2,1.0,2,2,1.0
165030,test,a30_31,2.689923,3.431768,1.0,3,3,1.0,2,2,1.0
284004,test,a30_31,2.689923,4.6835566,1.0,3,3,1.0,2,2,1.0
301032,test,a30_31,2.689923,3.5725698,1.0,3,3,1.0,2,6,1.0
327003,test,a30_31,2.689923,3.4121542,1.0,3,3,1.0,2,2,1.0
327171,test,a30_31,2.689923,3.8332024,1.0,3,2,1.0,2,2,1.0
327172,test,a30_31,2.689923,3.2615511,1.0,3,3,1.0,2,2,1.0
331005,test,a30_31,2.689923,4.5540724,1.0,3,3,1.0,2,6,1.0
344178,test,a30_31,2.689923,3.154086,1.0,3,3,1.0,2,2,1.0
461030,test,a30_31,2.689923,3.7856972,1.0,3,3,1.0,2,2,1.0
486004,test,a30_31,2.689923,3.5620697,1.0,3,3,1.0,2,2,1.0
563183,test,a30_31,2.689923,2.9157038,1.0,3,3,1.0,2,2,1.0
577004,test,a30_31,2.689923,2.3891363,1.0,3,3,1.0,2,2,1.0
607030,test,a30_31,2.689923,3.7182508,1.0,3,3,1.0,2,2,1.0
613173,test,a30_31,2.689923,4.11935,1.0,3,3,1.0,2,2,1.0
634008,test,a30_31,2.689923,3.9311678,1.0,3,3,1.0,2,4,1.0
652005,test,a30_31,2.689923,3.0010586,1.0,3,3,1.0,2,2,1.0
672003,test,a30_31,2.689923,0.0,1.0,3,2,1.0,2,2,1.0
691175,test,a30_31,2.689923,3.7946298,1.0,3,3,1.0,2,2,1.0
699031,test,a30_31,2.689923,3.1676114,1.0,3,3,1.0,2,6,1.0
722178,test,a30_31,2.689923,0.0,1.0,3,2,1.0,2,2,1.0
771003,test,a30_31,2.689923,3.0751624,1.0,3,3,1.0,2,4,1.0
775005,test,a30_31,2.689923,0.0,0.0,3,-1,0.0,2,-1,0.0
796006,test,a30_31,2.689923,3.7020767,1.0,3,3,1.0,2,6,1.0
844003,test,a30_31,2.689923,3.4397702,1.0,3,3,1.0,2,2,1.0
863006,test,a30_31,2.689923,3.8158545,1.0,3,3,1.0,2,2,1.0
863173,test,a30_31,2.689923,2.555125,1.0,3,3,1.0,2,2,1.0
866172,test,a30_31,2.689923,3.027694,1.0,3,3,1.0,2,6,1.0
868005,test,a30_31,2.689923,3.5248713,1.0,3,3,1.0,2,2,1.0
875030,test,a30_31,2.689923,0.0,1.0,3,2,1.0,2,2,1.0
897006,test,a30_31,2.689923,2.2707846,1.0,3,2,1.0,2,2,1.0
922171,test,a30_31,2.689923,3.9658422,1.0,3,3,1.0,2,2,1.0
934030,test,a30_31,2.689923,4.0753117,1.0,3,3,1.0,2,2,1.0
935005,test,a30_31,2.689923,2.53768,1.0,3,2,1.0,2,2,1.0
935176,test,a30_31,2.689923,3.4484873,1.0,3,3,1.0,2,2,1.0
939030,test,a30_31,2.689923,4.0583153,1.0,3,3,1.0,2,6,1.0
964003,test,a30_31,2.689923,0.0,1.0,3,2,1.0,2,6,1.0
970004,test,a30_31,2.689923,3.7108538,1.0,3,3,1.0,2,2,1.0
982004,test,a30_31,2.689923,3.2337272,1.0,3,3,1.0,2,4,1.0
1033030,test,a30_31,2.689923,3.9603353,1.0,3,3,1.0,2,3,1.0
1036003,test,a30_31,2.689923,3.820191,1.0,3,3,1.0,2,4,1.0
1048006,test,a30_31,2.689923,2.5494602,1.0,3,2,1.0,2,3,1.0
1055172,test,a30_31,2.689923,1.5379702,1.0,3,2,1.0,2,2,1.0
1060175,test,a30_31,2.689923,3.8012211,1.0,3,3,1.0,2,2,1.0
1064171,test,a30_31,2.689923,4.467433,1.0,3,3,1.0,2,2,1.0
1072171,test,a30_31,2.689923,3.5926886,1.0,3,3,1.0,2,2,1.0
1084175,test,a30_31,2.689923,0.0,1.0,3,2,1.0,2,2,1.0
1100172,test,a30_31,2.689923,3.2967014,1.0,3,3,1.0,2,2,1.0
1141171,test,a30_31,2.689923,0.0,0.0,3,-1,0.0,2,-1,0.0
1142030,test,a30_31,2.689923,3.07714,1.0,3,3,1.0,2,4,1.0
1144032,test,a30_31,2.689923,3.5717494,1.0,3,3,1.0,2,2,1.0
1149171,test,a30_31,2.689923,3.076803,1.0,3,3,1.0,2,2,1.0
1162030,test,a30_31,2.689923,3.1995935,1.0,3,3,1.0,2,2,1.0
1167030,test,a30_31,2.689923,0.42005378,1.0,3,2,1.0,2,6,1.0
1168008,test,a30_31,2.689923,3.0341482,1.0,3,3,1.0,2,3,1.0
1222179,test,a30_31,2.689923,1.9917881,1.0,3,3,1.0,2,2,1.0
1260008,test,a30_31,2.689923,2.880258,1.0,3,3,1.0,2,2,1.0
1269030,test,a30_31,2.689923,3.6963296,1.0,3,3,1.0,2,2,1.0
1292030,test,a30_31,2.689923,3.4003475,1.0,3,3,1.0,2,2,1.0
1298005,test,a30_31,2.689923,3.193401,1.0,3,3,1.0,2,2,1.0
1306030,test,a30_31,2.689923,4.886779,1.0,3,3,1.0,2,2,1.0
1335179,test,a30_31,2.689923,3.4640977,1.0,3,3,1.0,2,2,1.0
1353030,test,a30_31,2.689923,0.0,1.0,3,2,1.0,2,2,1.0
1384030,test,a30_31,2.689923,3.5397089,1.0,3,3,1.0,2,2,1.0
1399008,test,a30_31,2.689923,2.1851575,1.0,3,2,1.0,2,2,1.0
1415004,test,a30_31,2.689923,2.707386,1.0,3,3,1.0,2,2,1.0
1430005,test,a30_31,2.689923,1.2974701,1.0,3,3,1.0,2,6,1.0
1431003,test,a30_31,2.689923,3.7720938,1.0,3,3,1.0,2,2,1.0
1431004,test,a30_31,2.689923,0.0,1.0,3,2,1.0,2,2,1.0
1431172,test,a30_31,2.689923,0.0,0.0,3,-1,0.0,2,-1,0.0
1462004,test,a30_31,2.689923,3.4702528,1.0,3,3,1.0,2,2,1.0
1520173,test,a30_31,2.689923,3.549721,1.0,3,3,1.0,2,2,1.0
1522175,test,a30_31,2.689923,3.9098516,1.0,3,3,1.0,2,2,1.0
1542006,test,a30_31,2.689923,3.2926252,1.0,3,3,1.0,2,4,1.0
1542177,test,a30_31,2.689923,3.6178148,1.0,3,2,1.0,2,2,1.0
1567031,test,a30_31,2.689923,3.6645775,1.0,3,3,1.0,2,6,1.0
1608031,test,a30_31,2.689923,3.3391688,1.0,3,2,1.0,2,2,1.0
1612003,test,a30_31,2.689923,4.0829945,1.0,3,2,1.0,2,2,1.0
1621003,test,a30_31,2.689923,2.1435423,1.0,3,3,1.0,2,2,1.0
1648003,test,a30_31,2.689923,3.0544064,1.0,3,3,1.0,2,2,1.0
1648030,test,a30_31,2.689923,3.8708656,1.0,3,3,1.0,2,6,1.0
1670172,test,a30_31,2.689923,2.5325868,1.0,3,3,1.0,2,2,1.0
1684170,test,a30_31,2.689923,0.0,1.0,3,3,1.0,2,2,1.0
1690030,test,a30_31,2.689923,3.814594,1.0,3,3,1.0,2,2,1.0
1692176,test,a30_31,2.689923,3.7050061,1.0,3,3,1.0,2,2,1.0
1695030,test,a30_31,2.689923,3.3822985,1.0,3,3,1.0,2,6,1.0
1697036,test,a30_31,2.689923,3.1997752,1.0,3,3,1.0,2,2,1.0
1698170,test,a30_31,2.689923,1.3173809,1.0,3,2,1.0,2,2,1.0
1700031,test,a30_31,2.689923,3.2681394,1.0,3,3,1.0,2,4,1.0
1701003,test,a30_31,2.689923,3.1641855,1.0,3,3,1.0,2,6,1.0
1711003,test,a30_31,2.689923,3.0908527,1.0,3,3,1.0,2,2,1.0
1711171,test,a30_31,2.689923,3.6934254,1.0,3,2,1.0,2,2,1.0
1732005,test,a30_31,2.689923,0.0,0.0,3,-1,0.0,2,-1,0.0
1762187,test,a30_31,2.689923,1.8384329,1.0,3,3,1.0,2,2,1.0
1786187,test,a30_31,2.689923,3.2494287,1.0,3,3,1.0,2,2,1.0
1837006,test,a30_31,2.689923,3.500706,1.0,3,3,1.0,2,2,1.0
1850172,test,a30_31,2.689923,2.0709207,1.0,3,3,1.0,2,2,1.0
1878030,test,a30_31,2.689923,3.2616544,1.0,3,3,1.0,2,2,1.0
1879030,test,a30_31,2.689923,4.1256022,1.0,3,3,1.0,2,3,1.0
1905004,test,a30_31,2.689923,3.9012198,1.0,3,3,1.0,2,2,1.0
1919009,test,a30_31,2.689923,3.3816369,1.0,3,3,1.0,2,2,1.0
1935004,test,a30_31,2.689923,0.0,1.0,3,2,1.0,2,2,1.0
1936030,test,a30_31,2.689923,0.0,1.0,3,2,1.0,2,2,1.0
1978171,test,a30_31,2.689923,2.4012594,1.0,3,3,1.0,2,2,1.0
2030031,test,a30_31,2.689923,0.0,1.0,3,3,1.0,2,2,1.0
2117003,test,a30_31,2.689923,2.8032591,1.0,3,3,1.0,2,2,1.0
2150172,test,a30_31,2.689923,1.6647161,1.0,3,2,1.0,2,2,1.0
2199182,test,a30_31,2.689923,3.7839584,1.0,3,3,1.0,2,2,1.0
2206030,test,a30_31,2.689923,3.820771,1.0,3,3,1.0,2,2,1.0
2212031,test,a30_31,2.689923,4.352703,1.0,3,3,1.0,2,6,1.0
2238004,test,a30_31,2.689923,3.473372,1.0,3,3,1.0,2,2,1.0
2238172,test,a30_31,2.689923,3.6698914,1.0,3,3,1.0,2,2,1.0
2252172,test,a30_31,2.689923,2.392142,1.0,3,3,1.0,2,2,1.0
2255030,test,a30_31,2.689923,4.8865457,1.0,3,3,1.0,2,2,1.0
2277008,test,a30_31,2.689923,2.4704232,1.0,3,3,1.0,2,2,1.0
2311172,test,a30_31,2.689923,1.7819266,1.0,3,3,1.0,2,3,1.0
2330003,test,a30_31,2.689923,4.546308,1.0,3,3,1.0,2,6,1.0
2338003,test,a30_31,2.689923,3.5962741,1.0,3,3,1.0,2,6,1.0
2341004,test,a30_31,2.689923,3.6550374,1.0,3,3,1.0,2,2,1.0
2341005,test,a30_31,2.689923,2.985549,1.0,3,3,1.0,2,2,1.0
2354004,test,a30_31,2.689923,2.6002262,1.0,3,3,1.0,2,3,1.0
2392004,test,a30_31,2.689923,2.486088,1.0,3,3,1.0,2,2,1.0
2393005,test,a30_31,2.689923,3.8599086,1.0,3,3,1.0,2,3,1.0
2393171,test,a30_31,2.689923,3.2835505,1.0,3,3,1.0,2,2,1.0
2409006,test,a30_31,2.689923,0.0,0.0,3,-1,0.0,2,-1,0.0
2409171,test,a30_31,2.689923,0.0,0.0,3,-1,0.0,2,-1,0.0
2422178,test,a30_31,2.689923,3.3685656,1.0,3,3,1.0,2,2,1.0
2459030,test,a30_31,2.689923,3.289887,1.0,3,3,1.0,2,2,1.0
2474030,test,a30_31,2.689923,3.5847976,1.0,3,3,1.0,2,2,1.0
2474171,test,a30_31,2.689923,1.9812955,1.0,3,3,1.0,2,2,1.0
2485173,test,a30_31,2.689923,1.3737665,1.0,3,2,1.0,2,4,1.0
2496172,test,a30_31,2.689923,2.6033032,1.0,3,3,1.0,2,4,1.0
2502005,test,a30_31,2.689923,3.0639424,1.0,3,3,1.0,2,2,1.0
2510171,test,a30_31,2.689923,3.45875,1.0,3,3,1.0,2,2,1.0
2525174,test,a30_31,2.689923,3.576559,1.0,3,3,1.0,2,2,1.0
2530184,test,a30_31,2.689923,2.8265765,1.0,3,3,1.0,2,2,1.0
2547171,test,a30_31,2.689923,3.964761,1.0,3,3,1.0,2,2,1.0
2580030,test,a30_31,2.689923,4.73331,1.0,3,3,1.0,2,2,1.0
2593171,test,a30_31,2.689923,4.1230373,1.0,3,3,1.0,2,2,1.0
2615031,test,a30_31,2.689923,3.6966453,1.0,3,3,1.0,2,2,1.0
2642030,test,a30_31,2.689923,2.6918542,1.0,3,3,1.0,2,2,1.0
2655002,test,a30_31,2.689923,0.0,1.0,3,2,1.0,2,2,1.0
2705031,test,a30_31,2.689923,3.0183833,1.0,3,3,1.0,2,2,1.0
2707179,test,a30_31,2.689923,2.888504,1.0,3,3,1.0,2,2,1.0
2714031,test,a30_31,2.689923,3.2921891,1.0,3,3,1.0,2,2,1.0
2717004,test,a30_31,2.689923,4.0724216,1.0,3,3,1.0,2,2,1.0
2738171,test,a30_31,2.689923,4.41911,1.0,3,3,1.0,2,2,1.0
2794003,test,a30_31,2.689923,4.088578,1.0,3,3,1.0,2,6,1.0
2845030,test,a30_31,2.689923,0.80540437,1.0,3,3,1.0,2,6,1.0
2847030,test,a30_31,2.689923,3.2781074,1.0,3,3,1.0,2,6,1.0
2848174,test,a30_31,2.689923,0.0,1.0,3,2,1.0,2,6,1.0
2852006,test,a30_31,2.689923,0.0,1.0,3,2,1.0,2,2,1.0
2852030,test,a30_31,2.689923,3.1400328,1.0,3,3,1.0,2,2,1.0
2869170,test,a30_31,2.689923,3.318679,1.0,3,3,1.0,2,2,1.0
2897006,test,a30_31,2.689923,2.5091708,1.0,3,3,1.0,2,6,1.0
2900171,test,a30_31,2.689923,1.9216049,1.0,3,3,1.0,2,2,1.0
2907006,test,a30_31,2.689923,2.6151106,1.0,3,3,1.0,2,2,1.0
2920030,test,a30_31,2.689923,2.973692,1.0,3,3,1.0,2,6,1.0
3107001,test,a30_31,2.689923,3.501158,1.0,3,3,1.0,2,2,1.0
3137007,test,a30_31,2.689923,2.5756848,1.0,3,3,1.0,2,6,1.0
3283002,test,a30_31,2.689923,4.300126,1.0,3,3,1.0,2,4,1.0
3492001,test,a30_31,2.689923,4.1655335,1.0,3,3,1.0,2,6,1.0
5016170,test,a30_31,2.689923,2.9827757,1.0,3,3,1.0,2,4,1.0
5082003,test,a30_31,2.689923,3.590824,1.0,3,3,1.0,2,2,1.0
5145032,test,a30_31,2.689923,3.6708767,1.0,3,3,1.0,2,6,1.0
5163030,test,a30_31,2.689923,3.7953534,1.0,3,3,1.0,2,3,1.0
5177171,test,a30_31,2.689923,0.0,1.0,3,2,1.0,2,6,1.0
5199178,test,a30_31,2.689923,3.0284073,1.0,3,3,1.0,2,2,1.0
5241030,test,a30_31,2.689923,3.463671,1.0,3,3,1.0,2,6,1.0
5264004,test,a30_31,2.689923,3.254645,1.0,3,3,1.0,2,2,1.0
5294003,test,a30_31,2.689923,3.6888347,1.0,3,3,1.0,2,2,1.0
5299172,test,a30_31,2.689923,0.0,0.0,3,-1,0.0,2,-1,0.0
5306002,test,a30_31,2.689923,1.5553043,1.0,3,2,1.0,2,6,1.0
5350030,test,a30_31,2.689923,1.5019395,1.0,3,3,1.0,2,6,1.0
5364006,test,a30_31,2.689923,4.02594,1.0,3,3,1.0,2,6,1.0
5366033,test,a30_31,2.689923,3.2203383,1.0,3,2,1.0,2,6,1.0
5406173,test,a30_31,2.689923,0.0,0.0,3,-1,0.0,2,-1,0.0
5424030,test,a30_31,2.689923,1.9499075,1.0,3,2,1.0,2,6,1.0
5425003,test,a30_31,2.689923,0.52543235,1.0,3,3,1.0,2,2,1.0
5430031,test,a30_31,2.689923,2.1480308,1.0,3,2,1.0,2,6,1.0
5430171,test,a30_31,2.689923,3.769422,1.0,3,3,1.0,2,6,1.0
5443007,test,a30_31,2.689923,0.43289578,1.0,3,2,1.0,2,2,1.0
5464032,test,a30_31,2.689923,2.712402,1.0,3,2,1.0,2,2,1.0
5488007,test,a30_31,2.689923,2.4527671,1.0,3,2,1.0,2,2,1.0
5494005,test,a30_31,2.689923,2.5930448,1.0,3,3,1.0,2,6,1.0
5513030,test,a30_31,2.689923,3.6436281,1.0,3,3,1.0,2,6,1.0
5549006,test,a30_31,2.689923,2.3896143,1.0,3,3,1.0,2,2,1.0
5553173,test,a30_31,2.689923,3.5880518,1.0,3,3,1.0,2,2,1.0
5560186,test,a30_31,2.689923,3.2274153,1.0,3,3,1.0,2,2,1.0
5569009,test,a30_31,2.689923,1.642214,1.0,3,2,1.0,2,2,1.0
5570010,test,a30_31,2.689923,3.5521383,1.0,3,3,1.0,2,4,1.0
5570012,test,a30_31,2.689923,2.5876174,1.0,3,3,1.0,2,6,1.0
5570033,test,a30_31,2.689923,2.8641582,1.0,3,3,1.0,2,2,1.0
5576031,test,a30_31,2.689923,3.016735,1.0,3,3,1.0,2,2,1.0
5614005,test,a30_31,2.689923,2.6726115,1.0,3,3,1.0,2,3,1.0
5615010,test,a30_31,2.689923,3.1390646,1.0,3,3,1.0,2,2,1.0
5615181,test,a30_31,2.689923,3.3987124,1.0,3,3,1.0,2,2,1.0
5621170,test,a30_31,2.689923,3.0994895,1.0,3,3,1.0,2,2,1.0
5626010,test,a30_31,2.689923,2.9399865,1.0,3,3,1.0,2,2,1.0
5634188,test,a30_31,2.689923,0.0,0.0,3,-1,0.0,2,-1,0.0
5635031,test,a30_31,2.689923,2.960809,1.0,3,3,1.0,2,2,1.0
5646006,test,a30_31,2.689923,0.5639118,1.0,3,3,1.0,2,6,1.0
5660005,test,a30_31,2.689923,3.541386,1.0,3,3,1.0,2,3,1.0
5664003,test,a30_31,2.689923,0.10998343,1.0,3,2,1.0,2,6,1.0
5676007,test,a30_31,2.689923,0.0,0.0,3,-1,0.0,2,-1,0.0
5678030,test,a30_31,2.689923,2.8913167,1.0,3,2,1.0,2,6,1.0
5684034,test,a30_31,2.689923,4.3079896,1.0,3,3,1.0,2,4,1.0
5784005,test,a30_31,2.689923,0.0,1.0,3,2,1.0,2,6,1.0
5819005,test,a30_31,2.689923,1.0981487,1.0,3,3,1.0,2,6,1.0
5821008,test,a30_31,2.689923,3.01234,1.0,3,3,1.0,2,2,1.0
5863033,test,a30_31,2.689923,1.3019751,1.0,3,3,1.0,2,6,1.0
5921003,test,a30_31,2.689923,0.0,0.0,3,-1,0.0,2,-1,0.0
5922010,test,a30_31,2.689923,2.721544,1.0,3,3,1.0,2,6,1.0
5938031,test,a30_31,2.689923,0.0,1.0,3,2,1.0,2,6,1.0
5960033,test,a30_31,2.689923,2.5757463,1.0,3,3,1.0,2,6,1.0
5995005,test,a30_31,2.689923,0.31933862,1.0,3,2,1.0,2,6,1.0
6028032,test,a30_31,2.689923,2.8981428,1.0,3,3,1.0,2,6,1.0
6030005,test,a30_31,2.689923,3.7041867,1.0,3,3,1.0,2,6,1.0
6030008,test,a30_31,2.689923,3.6057901,1.0,3,3,1.0,2,6,1.0
6093006,test,a30_31,2.689923,2.0916247,1.0,3,3,1.0,2,6,1.0
6093011,test,a30_31,2.689923,1.3332126,1.0,3,3,1.0,2,6,1.0
6114182,test,a30_31,2.689923,2.5692537,1.0,3,3,1.0,2,3,1.0
6120195,test,a30_31,2.689923,0.0,1.0,3,2,1.0,2,2,1.0
6121030,test,a30_31,2.689923,3.769311,1.0,3,3,1.0,2,6,1.0
6179003,test,a30_31,2.689923,3.361893,1.0,3,3,1.0,2,2,1.0
6179170,test,a30_31,2.689923,0.0,1.0,3,2,1.0,2,2,1.0
6191006,test,a30_31,2.689923,3.2669687,1.0,3,3,1.0,2,4,1.0
6200175,test,a30_31,2.689923,3.180232,1.0,3,3,1.0,2,2,1.0
6210007,test,a30_31,2.689923,0.0,0.0,3,-1,0.0,2,-1,0.0
6210008,test,a30_31,2.689923,1.7660555,1.0,3,3,1.0,2,6,1.0
6350007,test,a30_31,2.689923,2.5048919,1.0,3,3,1.0,2,6,1.0
6365010,test,a30_31,2.689923,0.47892067,1.0,3,3,1.0,2,6,1.0
6365011,test,a30_31,2.689923,0.1931983,1.0,3,2,1.0,2,2,1.0
6365177,test,a30_31,2.689923,3.0710416,1.0,3,3,1.0,2,2,1.0
6381008,test,a30_31,2.689923,0.0,0.0,3,-1,0.0,2,-1,0.0
6444003,test,a30_31,2.689923,2.0211048,1.0,3,3,1.0,2,2,1.0
6475006,test,a30_31,2.689923,0.67106354,1.0,3,3,1.0,2,6,1.0
6475007,test,a30_31,2.689923,0.1422398,1.0,3,2,1.0,2,6,1.0
6509004,test,a30_31,2.689923,3.5568442,1.0,3,3,1.0,2,6,1.0
6545008,test,a30_31,2.689923,3.18138,1.0,3,3,1.0,2,6,1.0
6571003,test,a30_31,2.689923,3.4242733,1.0,3,3,1.0,2,6,1.0
6635009,test,a30_31,2.689923,0.0,1.0,3,2,1.0,2,4,1.0
6663030,test,a30_31,2.689923,3.6323774,1.0,3,2,1.0,2,6,1.0
6674003,test,a30_31,2.689923,3.3601112,1.0,3,3,1.0,2,2,1.0
6674005,test,a30_31,2.689923,3.4521801,1.0,3,3,1.0,2,2,1.0
6736181,test,a30_31,2.689923,1.9612347,1.0,3,2,1.0,2,2,1.0
6740003,test,a30_31,2.689923,2.7489104,1.0,3,3,1.0,2,2,1.0
6769008,test,a30_31,2.689923,0.47086632,1.0,3,2,1.0,2,3,1.0
6779033,test,a30_31,2.689923,1.7719439,1.0,3,3,1.0,2,6,1.0
6820030,test,a30_31,2.689923,0.0,1.0,3,2,1.0,2,6,1.0
6843006,test,a30_31,2.689923,0.0,1.0,3,2,1.0,2,2,1.0
6857006,test,a30_31,2.689923,4.886779,1.0,3,3,1.0,2,3,1.0
6030,test,a32_33,2.7215714,3.632802,1.0,3,3,1.0,2,2,1.0
10030,test,a32_33,2.7215714,4.5643663,1.0,3,3,1.0,2,2,1.0
41008,test,a32_33,2.7215714,0.0,1.0,3,2,1.0,2,2,1.0
68003,test,a32_33,2.7215714,3.5880518,1.0,3,3,1.0,2,2,1.0
127030,test,a32_33,2.7215714,3.6983402,1.0,3,3,1.0,2,2,1.0
127031,test,a32_33,2.7215714,4.2671986,1.0,3,3,1.0,2,6,1.0
129031,test,a32_33,2.7215714,1.5868585,1.0,3,2,1.0,2,4,1.0
129196,test,a32_33,2.7215714,1.7348825,1.0,3,3,1.0,2,2,1.0
165030,test,a32_33,2.7215714,3.6426375,1.0,3,3,1.0,2,2,1.0
284004,test,a32_33,2.7215714,4.498754,1.0,3,3,1.0,2,2,1.0
301032,test,a32_33,2.7215714,3.9674697,1.0,3,3,1.0,2,6,1.0
327003,test,a32_33,2.7215714,3.7635956,1.0,3,3,1.0,2,2,1.0
327171,test,a32_33,2.7215714,0.0,1.0,3,2,1.0,2,2,1.0
327172,test,a32_33,2.7215714,3.306851,1.0,3,3,1.0,2,2,1.0
331005,test,a32_33,2.7215714,4.197571,1.0,3,3,1.0,2,2,1.0
344178,test,a32_33,2.7215714,3.281228,1.0,3,3,1.0,2,2,1.0
461030,test,a32_33,2.7215714,3.5299022,1.0,3,3,1.0,2,2,1.0
486004,test,a32_33,2.7215714,3.690261,1.0,3,3,1.0,2,2,1.0
563183,test,a32_33,2.7215714,0.0008918604,1.0,3,3,1.0,2,2,1.0
577004,test,a32_33,2.7215714,2.5712075,1.0,3,3,1.0,2,2,1.0
607030,test,a32_33,2.7215714,3.6452837,1.0,3,3,1.0,2,2,1.0
613173,test,a32_33,2.7215714,4.1078057,1.0,3,3,1.0,2,2,1.0
634008,test,a32_33,2.7215714,3.3915641,1.0,3,2,1.0,2,4,1.0
652005,test,a32_33,2.7215714,3.5727725,1.0,3,3,1.0,2,2,1.0
672003,test,a32_33,2.7215714,3.0547795,1.0,3,3,1.0,2,2,1.0
691175,test,a32_33,2.7215714,0.0,1.0,3,3,1.0,2,2,1.0
699031,test,a32_33,2.7215714,3.1536906,1.0,3,2,1.0,2,6,1.0
722178,test,a32_33,2.7215714,0.5729554,1.0,3,3,1.0,2,2,1.0
771003,test,a32_33,2.7215714,3.360967,1.0,3,3,1.0,2,4,1.0
775005,test,a32_33,2.7215714,3.814005,1.0,3,3,1.0,2,2,1.0
796006,test,a32_33,2.7215714,3.19808,1.0,3,3,1.0,2,6,1.0
844003,test,a32_33,2.7215714,3.7556844,1.0,3,3,1.0,2,2,1.0
863006,test,a32_33,2.7215714,3.7389832,1.0,3,3,1.0,2,2,1.0
863173,test,a32_33,2.7215714,2.8179777,1.0,3,3,1.0,2,2,1.0
866172,test,a32_33,2.7215714,2.6271625,1.0,3,2,1.0,2,6,1.0
868005,test,a32_33,2.7215714,3.4759133,1.0,3,3,1.0,2,2,1.0
875030,test,a32_33,2.7215714,0.0,1.0,3,2,1.0,2,2,1.0
897006,test,a32_33,2.7215714,0.9259037,1.0,3,2,1.0,2,3,1.0
922171,test,a32_33,2.7215714,3.2271986,1.0,3,3,1.0,2,2,1.0
934030,test,a32_33,2.7215714,4.169727,1.0,3,3,1.0,2,2,1.0
935005,test,a32_33,2.7215714,1.9715426,1.0,3,3,1.0,2,2,1.0
935176,test,a32_33,2.7215714,2.686293,1.0,3,3,1.0,2,2,1.0
939030,test,a32_33,2.7215714,4.2601495,1.0,3,3,1.0,2,2,1.0
964003,test,a32_33,2.7215714,0.48986647,1.0,3,2,1.0,2,6,1.0
970004,test,a32_33,2.7215714,3.9415355,1.0,3,3,1.0,2,2,1.0
982004,test,a32_33,2.7215714,3.577894,1.0,3,3,1.0,2,4,1.0
1033030,test,a32_33,2.7215714,3.3248508,1.0,3,3,1.0,2,4,1.0
1036003,test,a32_33,2.7215714,3.242958,1.0,3,3,1.0,2,2,1.0
1048006,test,a32_33,2.7215714,2.5528998,1.0,3,3,1.0,2,2,1.0
1055172,test,a32_33,2.7215714,2.4084587,1.0,3,3,1.0,2,2,1.0
1060175,test,a32_33,2.7215714,3.5963154,1.0,3,3,1.0,2,2,1.0
1064171,test,a32_33,2.7215714,4.3601055,1.0,3,3,1.0,2,2,1.0
1072171,test,a32_33,2.7215714,3.6353216,1.0,3,3,1.0,2,2,1.0
1084175,test,a32_33,2.7215714,0.0,1.0,3,2,1.0,2,2,1.0
1100172,test,a32_33,2.7215714,3.3882806,1.0,3,3,1.0,2,2,1.0
1141171,test,a32_33,2.7215714,1.0577683,1.0,3,3,1.0,2,4,1.0
1142030,test,a32_33,2.7215714,3.4778206,1.0,3,2,1.0,2,2,1.0
1144032,test,a32_33,2.7215714,3.9998453,1.0,3,3,1.0,2,2,1.0
1149171,test,a32_33,2.7215714,3.3627808,1.0,3,3,1.0,2,2,1.0
1162030,test,a32_33,2.7215714,3.2774415,1.0,3,3,1.0,2,2,1.0
1167030,test,a32_33,2.7215714,1.6452125,1.0,3,2,1.0,2,6,1.0
1168008,test,a32_33,2.7215714,3.6681044,1.0,3,3,1.0,2,3,1.0
1222179,test,a32_33,2.7215714,2.62906,1.0,3,3,1.0,2,2,1.0
1260008,test,a32_33,2.7215714,3.0003862,1.0,3,3,1.0,2,2,1.0
1269030,test,a32_33,2.7215714,3.8594756,1.0,3,3,1.0,2,2,1.0
1292030,test,a32_33,2.7215714,3.3685656,1.0,3,3,1.0,2,2,1.0
1298005,test,a32_33,2.7215714,3.0073462,1.0,3,3,1.0,2,2,1.0
1306030,test,a32_33,2.7215714,4.845492,1.0,3,3,1.0,2,2,1.0
1335179,test,a32_33,2.7215714,3.2921014,1.0,3,3,1.0,2,2,1.0
1353030,test,a32_33,2.7215714,0.0,1.0,3,2,1.0,2,2,1.0
1384030,test,a32_33,2.7215714,3.4832323,1.0,3,3,1.0,2,2,1.0
1399008,test,a32_33,2.7215714,2.609165,1.0,3,2,1.0,2,4,1.0
1415004,test,a32_33,2.7215714,2.7626214,1.0,3,3,1.0,2,2,1.0
1430005,test,a32_33,2.7215714,3.35943,1.0,3,3,1.0,2,6,1.0
1431003,test,a32_33,2.7215714,3.793413,1.0,3,3,1.0,2,2,1.0
1431004,test,a32_33,2.7215714,0.0,1.0,3,2,1.0,2,2,1.0
1431172,test,a32_33,2.7215714,4.257112,1.0,3,3,1.0,2,2,1.0
1462004,test,a32_33,2.7215714,4.6827054,1.0,3,3,1.0,2,2,1.0
1520173,test,a32_33,2.7215714,3.8655198,1.0,3,3,1.0,2,2,1.0
1522175,test,a32_33,2.7215714,4.128193,1.0,3,3,1.0,2,2,1.0
1542006,test,a32_33,2.7215714,3.1334329,1.0,3,3,1.0,2,2,1.0
1542177,test,a32_33,2.7215714,3.5846753,1.0,3,3,1.0,2,2,1.0
1567031,test,a32_33,2.7215714,3.6204543,1.0,3,3,1.0,2,6,1.0
1608031,test,a32_33,2.7215714,3.9165187,1.0,3,3,1.0,2,2,1.0
1612003,test,a32_33,2.7215714,3.0623057,1.0,3,3,1.0,2,2,1.0
1621003,test,a32_33,2.7215714,2.9558797,1.0,3,3,1.0,2,2,1.0
1648003,test,a32_33,2.7215714,3.4529707,1.0,3,3,1.0,2,2,1.0
1648030,test,a32_33,2.7215714,2.149199,1.0,3,3,1.0,2,6,1.0
1670172,test,a32_33,2.7215714,2.9805765,1.0,3,3,1.0,2,2,1.0
1684170,test,a32_33,2.7215714,1.0173271,1.0,3,2,1.0,2,2,1.0
1690030,test,a32_33,2.7215714,4.7354703,1.0,3,3,1.0,2,3,1.0
1692176,test,a32_33,2.7215714,0.0,0.0,3,-1,0.0,2,-1,0.0
1695030,test,a32_33,2.7215714,3.6850972,1.0,3,3,1.0,2,2,1.0
1697036,test,a32_33,2.7215714,1.4949695,1.0,3,3,1.0,2,2,1.0
1698170,test,a32_33,2.7215714,1.139272,1.0,3,2,1.0,2,2,1.0
1700031,test,a32_33,2.7215714,4.201887,1.0,3,3,1.0,2,4,1.0
1701003,test,a32_33,2.7215714,3.60501,1.0,3,3,1.0,2,6,1.0
1711003,test,a32_33,2.7215714,2.810277,1.0,3,3,1.0,2,2,1.0
1711171,test,a32_33,2.7215714,3.8577616,1.0,3,3,1.0,2,2,1.0
1732005,test,a32_33,2.7215714,2.342187,1.0,3,3,1.0,2,2,1.0
1762187,test,a32_33,2.7215714,1.8211237,1.0,3,2,1.0,2,2,1.0
1786187,test,a32_33,2.7215714,3.1765072,1.0,3,3,1.0,2,2,1.0
1837006,test,a32_33,2.7215714,3.6559155,1.0,3,3,1.0,2,2,1.0
1850172,test,a32_33,2.7215714,2.5812435,1.0,3,3,1.0,2,2,1.0
1878030,test,a32_33,2.7215714,3.4057453,1.0,3,3,1.0,2,4,1.0
1879030,test,a32_33,2.7215714,4.3343844,1.0,3,3,1.0,2,3,1.0
1905004,test,a32_33,2.7215714,3.8433187,1.0,3,3,1.0,2,2,1.0
1919009,test,a32_33,2.7215714,3.1504118,1.0,3,3,1.0,2,2,1.0
1935004,test,a32_33,2.7215714,0.0,1.0,3,2,1.0,2,2,1.0
1936030,test,a32_33,2.7215714,0.0,1.0,3,2,1.0,2,2,1.0
1978171,test,a32_33,2.7215714,1.6958811,1.0,3,3,1.0,2,2,1.0
2030031,test,a32_33,2.7215714,3.6641996,1.0,3,3,1.0,2,2,1.0
2117003,test,a32_33,2.7215714,2.5893922,1.0,3,2,1.0,2,2,1.0
2150172,test,a32_33,2.7215714,1.3598045,1.0,3,3,1.0,2,2,1.0
2199182,test,a32_33,2.7215714,3.9495156,1.0,3,3,1.0,2,2,1.0
2206030,test,a32_33,2.7215714,4.886779,1.0,3,3,1.0,2,2,1.0
2212031,test,a32_33,2.7215714,4.483134,1.0,3,3,1.0,2,2,1.0
2238004,test,a32_33,2.7215714,3.472241,1.0,3,3,1.0,2,2,1.0
2238172,test,a32_33,2.7215714,3.5254576,1.0,3,3,1.0,2,2,1.0
2252172,test,a32_33,2.7215714,2.3470397,1.0,3,3,1.0,2,2,1.0
2255030,test,a32_33,2.7215714,4.876434,1.0,3,3,1.0,2,2,1.0
2277008,test,a32_33,2.7215714,2.5990877,1.0,3,3,1.0,2,2,1.0
2311172,test,a32_33,2.7215714,1.0779065,1.0,3,2,1.0,2,2,1.0
2330003,test,a32_33,2.7215714,4.301492,1.0,3,3,1.0,2,6,1.0
2338003,test,a32_33,2.7215714,4.023426,1.0,3,3,1.0,2,6,1.0
2341004,test,a32_33,2.7215714,3.4735646,1.0,3,3,1.0,2,2,1.0
2341005,test,a32_33,2.7215714,0.8661617,1.0,3,3,1.0,2,2,1.0
2354004,test,a32_33,2.7215714,2.448841,1.0,3,3,1.0,2,2,1.0
2392004,test,a32_33,2.7215714,2.7262917,1.0,3,3,1.0,2,2,1.0
2393005,test,a32_33,2.7215714,4.0622745,1.0,3,3,1.0,2,3,1.0
2393171,test,a32_33,2.7215714,1.606789,1.0,3,3,1.0,2,2,1.0
2409006,test,a32_33,2.7215714,0.0,0.0,3,-1,0.0,2,-1,0.0
2409171,test,a32_33,2.7215714,0.0,0.0,3,-1,0.0,2,-1,0.0
2422178,test,a32_33,2.7215714,3.2781074,1.0,3,3,1.0,2,2,1.0
2459030,test,a32_33,2.7215714,3.753117,1.0,3,3,1.0,2,4,1.0
2474030,test,a32_33,2.7215714,4.23237,1.0,3,3,1.0,2,2,1.0
2474171,test,a32_33,2.7215714,1.367364,1.0,3,3,1.0,2,2,1.0
2485173,test,a32_33,2.7215714,1.1069015,1.0,3,3,1.0,2,4,1.0
2496172,test,a32_33,2.7215714,3.6005192,1.0,3,3,1.0,2,2,1.0
2502005,test,a32_33,2.7215714,2.9134128,1.0,3,3,1.0,2,2,1.0
2510171,test,a32_33,2.7215714,3.5230017,1.0,3,3,1.0,2,2,1.0
2525174,test,a32_33,2.7215714,3.8745465,1.0,3,3,1.0,2,2,1.0
2530184,test,a32_33,2.7215714,2.973692,1.0,3,3,1.0,2,2,1.0
2547171,test,a32_33,2.7215714,4.052104,1.0,3,3,1.0,2,2,1.0
2580030,test,a32_33,2.7215714,4.886779,1.0,3,3,1.0,2,2,1.0
2593171,test,a32_33,2.7215714,4.246229,1.0,3,3,1.0,2,2,1.0
2615031,test,a32_33,2.7215714,3.44694,1.0,3,3,1.0,2,2,1.0
2642030,test,a32_33,2.7215714,2.8015413,1.0,3,3,1.0,2,2,1.0
2655002,test,a32_33,2.7215714,0.0,1.0,3,2,1.0,2,2,1.0
2705031,test,a32_33,2.7215714,3.306851,1.0,3,3,1.0,2,4,1.0
2707179,test,a32_33,2.7215714,2.8268414,1.0,3,3,1.0,2,2,1.0
2714031,test,a32_33,2.7215714,0.0,0.0,3,3,1.0,2,2,1.0
2717004,test,a32_33,2.7215714,3.742696,1.0,3,3,1.0,2,2,1.0
2738171,test,a32_33,2.7215714,4.886779,1.0,3,3,1.0,2,2,1.0
2794003,test,a32_33,2.7215714,3.8923466,1.0,3,2,1.0,2,2,1.0
2845030,test,a32_33,2.7215714,3.2903967,1.0,3,3,1.0,2,4,1.0
2847030,test,a32_33,2.7215714,3.456708,1.0,3,3,1.0,2,6,1.0
2848174,test,a32_33,2.7215714,1.0409111,1.0,3,2,1.0,2,6,1.0
2852006,test,a32_33,2.7215714,2.1415117,1.0,3,3,1.0,2,2,1.0
2852030,test,a32_33,2.7215714,2.0998244,1.0,3,3,1.0,2,2,1.0
2869170,test,a32_33,2.7215714,3.6555576,1.0,3,3,1.0,2,2,1.0
2897006,test,a32_33,2.7215714,2.8197732,1.0,3,3,1.0,2,6,1.0
2900171,test,a32_33,2.7215714,3.8746612,1.0,3,3,1.0,2,2,1.0
2907006,test,a32_33,2.7215714,2.623763,1.0,3,3,1.0,2,2,1.0
2920030,test,a32_33,2.7215714,3.4575856,1.0,3,3,1.0,2,2,1.0
3107001,test,a32_33,2.7215714,3.231012,1.0,3,3,1.0,2,2,1.0
3137007,test,a32_33,2.7215714,2.48373,1.0,3,3,1.0,2,6,1.0
3283002,test,a32_33,2.7215714,4.0583324,1.0,3,3,1.0,2,6,1.0
3492001,test,a32_33,2.7215714,4.1102557,1.0,3,3,1.0,2,6,1.0
5016170,test,a32_33,2.7215714,2.6426997,1.0,3,3,1.0,2,4,1.0
5082003,test,a32_33,2.7215714,3.5662766,1.0,3,3,1.0,2,2,1.0
5145032,test,a32_33,2.7215714,3.616172,1.0,3,3,1.0,2,6,1.0
5163030,test,a32_33,2.7215714,2.769646,1.0,3,3,1.0,2,3,1.0
5177171,test,a32_33,2.7215714,0.41334957,1.0,3,3,1.0,2,6,1.0
5199178,test,a32_33,2.7215714,3.096526,1.0,3,3,1.0,2,2,1.0
5241030,test,a32_33,2.7215714,3.5277414,1.0,3,3,1.0,2,6,1.0
5264004,test,a32_33,2.7215714,3.264431,1.0,3,3,1.0,2,2,1.0
5294003,test,a32_33,2.7215714,3.6584685,1.0,3,3,1.0,2,2,1.0
5299172,test,a32_33,2.7215714,2.760259,1.0,3,3,1.0,2,2,1.0
5306002,test,a32_33,2.7215714,0.919919,1.0,3,2,1.0,2,6,1.0
5350030,test,a32_33,2.7215714,2.5756848,1.0,3,3,1.0,2,6,1.0
5364006,test,a32_33,2.7215714,0.0,0.0,3,-1,0.0,2,-1,0.0
5366033,test,a32_33,2.7215714,3.3051815,1.0,3,3,1.0,2,6,1.0
5406173,test,a32_33,2.7215714,3.5137413,1.0,3,3,1.0,2,3,1.0
5424030,test,a32_33,2.7215714,2.0490751,1.0,3,3,1.0,2,6,1.0
5425003,test,a32_33,2.7215714,0.72459835,1.0,3,2,1.0,2,2,1.0
5430031,test,a32_33,2.7215714,0.0,1.0,3,2,1.0,2,6,1.0
5430171,test,a32_33,2.7215714,2.512427,1.0,3,3,1.0,2,6,1.0
5443007,test,a32_33,2.7215714,2.1780865,1.0,3,3,1.0,2,2,1.0
5464032,test,a32_33,2.7215714,2.7760577,1.0,3,3,1.0,2,2,1.0
5488007,test,a32_33,2.7215714,2.1782289,1.0,3,3,1.0,2,2,1.0
5494005,test,a32_33,2.7215714,0.63777095,1.0,3,3,1.0,2,6,1.0
5513030,test,a32_33,2.7215714,2.4798064,1.0,3,3,1.0,2,6,1.0
5549006,test,a32_33,2.7215714,2.637893,1.0,3,3,1.0,2,3,1.0
5553173,test,a32_33,2.7215714,3.935453,1.0,3,3,1.0,2,2,1.0
5560186,test,a32_33,2.7215714,3.2524583,1.0,3,3,1.0,2,2,1.0
5569009,test,a32_33,2.7215714,2.2377331,1.0,3,3,1.0,2,2,1.0
5570010,test,a32_33,2.7215714,3.5858245,1.0,3,3,1.0,2,4,1.0
5570012,test,a32_33,2.7215714,2.6474972,1.0,3,3,1.0,2,6,1.0
5570033,test,a32_33,2.7215714,3.3018157,1.0,3,3,1.0,2,2,1.0
5576031,test,a32_33,2.7215714,2.9333522,1.0,3,3,1.0,2,2,1.0
5614005,test,a32_33,2.7215714,2.8111508,1.0,3,3,1.0,2,3,1.0
5615010,test,a32_33,2.7215714,3.3717976,1.0,3,3,1.0,2,2,1.0
5615181,test,a32_33,2.7215714,3.4054897,1.0,3,3,1.0,2,2,1.0
5621170,test,a32_33,2.7215714,3.0953097,1.0,3,3,1.0,2,2,1.0
5626010,test,a32_33,2.7215714,3.139954,1.0,3,3,1.0,2,2,1.0
5634188,test,a32_33,2.7215714,3.7881985,1.0,3,3,1.0,2,5,1.0
5635031,test,a32_33,2.7215714,2.7840075,1.0,3,3,1.0,2,2,1.0
5646006,test,a32_33,2.7215714,0.77602905,1.0,3,2,1.0,2,6,1.0
5660005,test,a32_33,2.7215714,3.4027286,1.0,3,3,1.0,2,2,1.0
5664003,test,a32_33,2.7215714,1.7976818,1.0,3,3,1.0,2,6,1.0
5676007,test,a32_33,2.7215714,3.7587788,1.0,3,3,1.0,2,4,1.0
5678030,test,a32_33,2.7215714,2.4192536,1.0,3,2,1.0,2,6,1.0
5684034,test,a32_33,2.7215714,1.4764752,1.0,3,3,1.0,2,2,1.0
5784005,test,a32_33,2.7215714,0.0,1.0,3,2,1.0,2,6,1.0
5819005,test,a32_33,2.7215714,1.068429,1.0,3,2,1.0,2,6,1.0
5821008,test,a32_33,2.7215714,2.9484503,1.0,3,3,1.0,2,2,1.0
5863033,test,a32_33,2.7215714,2.2928271,1.0,3,3,1.0,2,6,1.0
5921003,test,a32_33,2.7215714,3.0847182,1.0,3,3,1.0,2,6,1.0
5922010,test,a32_33,2.7215714,2.9869597,1.0,3,3,1.0,2,6,1.0
5938031,test,a32_33,2.7215714,0.0,1.0,3,2,1.0,2,6,1.0
5960033,test,a32_33,2.7215714,2.8474362,1.0,3,3,1.0,2,3,1.0
5995005,test,a32_33,2.7215714,0.21103315,1.0,3,2,1.0,2,6,1.0
6028032,test,a32_33,2.7215714,2.8268414,1.0,3,3,1.0,2,6,1.0
6030005,test,a32_33,2.7215714,3.4111378,1.0,3,3,1.0,2,6,1.0
6030008,test,a32_33,2.7215714,3.602513,1.0,3,3,1.0,2,6,1.0
6093006,test,a32_33,2.7215714,1.3977581,1.0,3,2,1.0,2,6,1.0
6093011,test,a32_33,2.7215714,2.5990877,1.0,3,3,1.0,2,6,1.0
6114182,test,a32_33,2.7215714,2.8005123,1.0,3,3,1.0,2,3,1.0
6120195,test,a32_33,2.7215714,0.0,1.0,3,2,1.0,2,2,1.0
6121030,test,a32_33,2.7215714,3.6708767,1.0,3,3,1.0,2,6,1.0
6179003,test,a32_33,2.7215714,3.426249,1.0,3,3,1.0,2,2,1.0
6179170,test,a32_33,2.7215714,0.2411282,1.0,3,2,1.0,2,2,1.0
6191006,test,a32_33,2.7215714,3.4436505,1.0,3,3,1.0,2,2,1.0
6200175,test,a32_33,2.7215714,2.5210872,1.0,3,3,1.0,2,2,1.0
6210007,test,a32_33,2.7215714,0.0,0.0,3,-1,0.0,2,-1,0.0
6210008,test,a32_33,2.7215714,1.382737,1.0,3,2,1.0,2,6,1.0
6350007,test,a32_33,2.7215714,1.2189263,1.0,3,2,1.0,2,6,1.0
6365010,test,a32_33,2.7215714,2.0176098,1.0,3,3,1.0,2,6,1.0
6365011,test,a32_33,2.7215714,2.6077433,1.0,3,3,1.0,2,2,1.0
6365177,test,a32_33,2.7215714,2.7674904,1.0,3,3,1.0,2,2,1.0
6381008,test,a32_33,2.7215714,0.0,0.0,3,-1,0.0,2,-1,0.0
6444003,test,a32_33,2.7215714,3.1936855,1.0,3,3,1.0,2,2,1.0
6475006,test,a32_33,2.7215714,1.2301495,1.0,3,3,1.0,2,6,1.0
6475007,test,a32_33,2.7215714,1.8487327,1.0,3,2,1.0,2,6,1.0
6509004,test,a32_33,2.7215714,3.8708656,1.0,3,3,1.0,2,6,1.0
6545008,test,a32_33,2.7215714,4.3289056,1.0,3,3,1.0,2,6,1.0
6571003,test,a32_33,2.7215714,3.5926886,1.0,3,3,1.0,2,6,1.0
6635009,test,a32_33,2.7215714,0.0,1.0,3,2,1.0,2,4,1.0
6663030,test,a32_33,2.7215714,3.800088,1.0,3,3,1.0,2,6,1.0
6674003,test,a32_33,2.7215714,3.4202895,1.0,3,3,1.0,2,2,1.0
6674005,test,a32_33,2.7215714,3.4833505,1.0,3,3,1.0,2,2,1.0
6736181,test,a32_33,2.7215714,0.0,0.0,3,-1,0.0,2,-1,0.0
6740003,test,a32_33,2.7215714,2.884239,1.0,3,3,1.0,2,2,1.0
6769008,test,a32_33,2.7215714,0.8178876,1.0,3,3,1.0,2,3,1.0
6779033,test,a32_33,2.7215714,1.8801916,1.0,3,2,1.0,2,6,1.0
6820030,test,a32_33,2.7215714,1.6985121,1.0,3,2,1.0,2,6,1.0
6843006,test,a32_33,2.7215714,0.0,1.0,3,2,1.0,2,6,1.0
6857006,test,a32_33,2.7215714,2.6426997,1.0,3,3,1.0,2,3,1.0
6030,test,a34_35,2.752879,3.5367897,1.0,3,3,1.0,2,2,1.0
10030,test,a34_35,2.752879,4.673836,1.0,3,3,1.0,2,2,1.0
41008,test,a34_35,2.752879,0.0,1.0,3,2,1.0,2,2,1.0
68003,test,a34_35,2.752879,3.2616544,1.0,3,3,1.0,2,2,1.0
127030,test,a34_35,2.752879,3.1696036,1.0,3,3,1.0,2,2,1.0
127031,test,a34_35,2.752879,4.0902915,1.0,3,3,1.0,2,2,1.0
129031,test,a34_35,2.752879,1.0162153,1.0,3,3,1.0,2,2,1.0
129196,test,a34_35,2.752879,3.4254856,1.0,3,3,1.0,2,2,1.0
165030,test,a34_35,2.752879,3.7463372,1.0,3,3,1.0,2,2,1.0
284004,test,a34_35,2.752879,4.32185,1.0,3,3,1.0,2,2,1.0
301032,test,a34_35,2.752879,3.9348762,1.0,3,3,1.0,2,6,1.0
327003,test,a34_35,2.752879,3.8840168,1.0,3,3,1.0,2,2,1.0
327171,test,a34_35,2.752879,0.0,1.0,3,2,1.0,2,2,1.0
327172,test,a34_35,2.752879,3.5017936,1.0,3,3,1.0,2,2,1.0
331005,test,a34_35,2.752879,4.082121,1.0,3,2,1.0,2,2,1.0
344178,test,a34_35,2.752879,3.2559896,1.0,3,3,1.0,2,2,1.0
461030,test,a34_35,2.752879,3.3020296,1.0,3,3,1.0,2,2,1.0
486004,test,a34_35,2.752879,3.745459,1.0,3,3,1.0,2,2,1.0
563183,test,a34_35,2.752879,3.2996137,1.0,3,3,1.0,2,2,1.0
577004,test,a34_35,2.752879,2.9370773,1.0,3,3,1.0,2,2,1.0
607030,test,a34_35,2.752879,3.7506254,1.0,3,3,1.0,2,2,1.0
613173,test,a34_35,2.752879,4.4183064,1.0,3,3,1.0,2,2,1.0
634008,test,a34_35,2.752879,3.5026178,1.0,3,3,1.0,2,6,1.0
652005,test,a34_35,2.752879,3.2600136,1.0,3,3,1.0,2,2,1.0
672003,test,a34_35,2.752879,3.0886452,1.0,3,3,1.0,2,2,1.0
691175,test,a34_35,2.752879,2.0974402,1.0,3,3,1.0,2,2,1.0
699031,test,a34_35,2.752879,3.2485132,1.0,3,3,1.0,2,6,1.0
722178,test,a34_35,2.752879,0.90117526,1.0,3,2,1.0,2,2,1.0
771003,test,a34_35,2.752879,3.0115244,1.0,3,3,1.0,2,2,1.0
775005,test,a34_35,2.752879,3.5560908,1.0,3,3,1.0,2,2,1.0
796006,test,a34_35,2.752879,2.8919485,1.0,3,3,1.0,2,6,1.0
844003,test,a34_35,2.752879,3.629688,1.0,3,3,1.0,2,2,1.0
863006,test,a34_35,2.752879,3.2548606,1.0,3,2,1.0,2,2,1.0
863173,test,a34_35,2.752879,3.5450659,1.0,3,3,1.0,2,2,1.0
866172,test,a34_35,2.752879,2.3603847,1.0,3,3,1.0,2,6,1.0
868005,test,a34_35,2.752879,3.578231,1.0,3,3,1.0,2,2,1.0
875030,test,a34_35,2.752879,0.0,1.0,3,2,1.0,2,2,1.0
897006,test,a34_35,2.752879,2.946233,1.0,3,3,1.0,2,4,1.0
922171,test,a34_35,2.752879,3.7955704,1.0,3,3,1.0,2,2,1.0
934030,test,a34_35,2.752879,4.2341943,1.0,3,3,1.0,2,2,1.0
935005,test,a34_35,2.752879,2.2448769,1.0,3,3,1.0,2,2,1.0
935176,test,a34_35,2.752879,3.2378259,1.0,3,3,1.0,2,2,1.0
939030,test,a34_35,2.752879,0.08555014,1.0,3,2,1.0,2,2,1.0
964003,test,a34_35,2.752879,0.82413214,1.0,3,2,1.0,2,6,1.0
970004,test,a34_35,2.752879,3.9748664,1.0,3,3,1.0,2,2,1.0
982004,test,a34_35,2.752879,3.7351284,1.0,3,3,1.0,2,4,1.0
1033030,test,a34_35,2.752879,3.3329153,1.0,3,3,1.0,2,2,1.0
1036003,test,a34_35,2.752879,3.2967014,1.0,3,3,1.0,2,2,1.0
1048006,test,a34_35,2.752879,0.0,1.0,3,2,1.0,2,2,1.0
1055172,test,a34_35,2.752879,3.521578,1.0,3,3,1.0,2,4,1.0
1060175,test,a34_35,2.752879,3.1174548,1.0,3,3,1.0,2,2,1.0
1064171,test,a34_35,2.752879,0.0,1.0,3,3,1.0,2,2,1.0
1072171,test,a34_35,2.752879,3.370511,1.0,3,3,1.0,2,2,1.0
1084175,test,a34_35,2.752879,0.0,1.0,3,2,1.0,2,2,1.0
1100172,test,a34_35,2.752879,3.6426375,1.0,3,3,1.0,2,2,1.0
1141171,test,a34_35,2.752879,1.1201222,1.0,3,2,1.0,2,4,1.0
1142030,test,a34_35,2.752879,3.153995,1.0,3,2,1.0,2,2,1.0
1144032,test,a34_35,2.752879,3.9447289,1.0,3,3,1.0,2,2,1.0
1149171,test,a34_35,2.752879,3.6550784,1.0,3,3,1.0,2,2,1.0
1162030,test,a34_35,2.752879,3.4707472,1.0,3,3,1.0,2,4,1.0
1167030,test,a34_35,2.752879,1.1457466,1.0,3,2,1.0,2,6,1.0
1168008,test,a34_35,2.752879,3.1447468,1.0,3,3,1.0,2,3,1.0
1222179,test,a34_35,2.752879,2.810277,1.0,3,3,1.0,2,2,1.0
1260008,test,a34_35,2.752879,2.9488564,1.0,3,3,1.0,2,2,1.0
1269030,test,a34_35,2.752879,4.2420487,1.0,3,3,1.0,2,4,1.0
1292030,test,a34_35,2.752879,3.1872697,1.0,3,3,1.0,2,3,1.0
1298005,test,a34_35,2.752879,3.1977408,1.0,3,3,1.0,2,2,1.0
1306030,test,a34_35,2.752879,4.8005466,1.0,3,3,1.0,2,2,1.0
1335179,test,a34_35,2.752879,3.3347914,1.0,3,3,1.0,2,2,1.0
1353030,test,a34_35,2.752879,0.0,1.0,3,2,1.0,2,2,1.0
1384030,test,a34_35,2.752879,3.59953,1.0,3,3,1.0,2,2,1.0
1399008,test,a34_35,2.752879,2.624538,1.0,3,3,1.0,2,4,1.0
1415004,test,a34_35,2.752879,2.663206,1.0,3,3,1.0,2,2,1.0
1430005,test,a34_35,2.752879,2.0200462,1.0,3,3,1.0,2,6,1.0
1431003,test,a34_35,2.752879,3.7301474,1.0,3,3,1.0,2,2,1.0
1431004,test,a34_35,2.752879,0.0,1.0,3,2,1.0,2,2,1.0
1431172,test,a34_35,2.752879,4.886779,1.0,3,2,1.0,2,2,1.0
1462004,test,a34_35,2.752879,3.378522,1.0,3,3,1.0,2,2,1.0
1520173,test,a34_35,2.752879,3.9266827,1.0,3,3,1.0,2,2,1.0
1522175,test,a34_35,2.752879,4.5377207,1.0,3,3,1.0,2,2,1.0
1542006,test,a34_35,2.752879,3.5747643,1.0,3,3,1.0,2,2,1.0
1542177,test,a34_35,2.752879,3.8778384,1.0,3,3,1.0,2,2,1.0
1567031,test,a34_35,2.752879,3.6260033,1.0,3,3,1.0,2,6,1.0
1608031,test,a34_35,2.752879,3.8359485,1.0,3,3,1.0,2,3,1.0
1612003,test,a34_35,2.752879,3.2975547,1.0,3,3,1.0,2,2,1.0
1621003,test,a34_35,2.752879,3.2045677,1.0,3,3,1.0,2,2,1.0
1648003,test,a34_35,2.752879,3.0027869,1.0,3,3,1.0,2,2,1.0
1648030,test,a34_35,2.752879,2.0603547,1.0,3,3,1.0,2,6,1.0
1670172,test,a34_35,2.752879,3.0779936,1.0,3,3,1.0,2,2,1.0
1684170,test,a34_35,2.752879,0.0,1.0,3,3,1.0,2,2,1.0
1690030,test,a34_35,2.752879,4.0259957,1.0,3,3,1.0,2,4,1.0
1692176,test,a34_35,2.752879,0.0,0.0,3,-1,0.0,2,-1,0.0
1695030,test,a34_35,2.752879,3.2234797,1.0,3,3,1.0,2,2,1.0
1697036,test,a34_35,2.752879,3.0575554,1.0,3,3,1.0,2,2,1.0
1698170,test,a34_35,2.752879,2.4663796,1.0,3,3,1.0,2,2,1.0
1700031,test,a34_35,2.752879,2.600042,1.0,3,2,1.0,2,4,1.0
1701003,test,a34_35,2.752879,3.7449346,1.0,3,3,1.0,2,6,1.0
1711003,test,a34_35,2.752879,2.4021344,1.0,3,3,1.0,2,2,1.0
1711171,test,a34_35,2.752879,0.0,0.0,3,-1,0.0,2,-1,0.0
1732005,test,a34_35,2.752879,2.4728203,1.0,3,2,1.0,2,4,1.0
1762187,test,a34_35,2.752879,0.0,1.0,3,2,1.0,2,2,1.0
1786187,test,a34_35,2.752879,3.3312128,1.0,3,3,1.0,2,2,1.0
1837006,test,a34_35,2.752879,3.3800976,1.0,3,3,1.0,2,2,1.0
1850172,test,a34_35,2.752879,3.1974778,1.0,3,3,1.0,2,2,1.0
1878030,test,a34_35,2.752879,3.8423843,1.0,3,3,1.0,2,4,1.0
1879030,test,a34_35,2.752879,3.960946,1.0,3,3,1.0,2,4,1.0
1905004,test,a34_35,2.752879,3.6536653,1.0,3,3,1.0,2,2,1.0
1919009,test,a34_35,2.752879,0.0,1.0,3,2,1.0,2,2,1.0
1935004,test,a34_35,2.752879,2.810277,1.0,3,3,1.0,2,2,1.0
1936030,test,a34_35,2.752879,0.0,1.0,3,2,1.0,2,2,1.0
1978171,test,a34_35,2.752879,2.3303957,1.0,3,3,1.0,2,2,1.0
2030031,test,a34_35,2.752879,3.929022,1.0,3,3,1.0,2,2,1.0
2117003,test,a34_35,2.752879,0.0,1.0,3,3,1.0,2,2,1.0
2150172,test,a34_35,2.752879,1.9371668,1.0,3,3,1.0,2,2,1.0
2199182,test,a34_35,2.752879,4.0530524,1.0,3,3,1.0,2,2,1.0
2206030,test,a34_35,2.752879,3.4664924,1.0,3,3,1.0,2,2,1.0
2212031,test,a34_35,2.752879,4.7276397,1.0,3,3,1.0,2,2,1.0
2238004,test,a34_35,2.752879,3.4629118,1.0,3,3,1.0,2,2,1.0
2238172,test,a34_35,2.752879,0.0,0.0,3,-1,0.0,2,-1,0.0
2252172,test,a34_35,2.752879,2.8005908,1.0,3,3,1.0,2,2,1.0
2255030,test,a34_35,2.752879,4.8156514,1.0,3,3,1.0,2,2,1.0
2277008,test,a34_35,2.752879,2.5626314,1.0,3,3,1.0,2,2,1.0
2311172,test,a34_35,2.752879,1.5610666,1.0,3,2,1.0,2,2,1.0
2330003,test,a34_35,2.752879,4.2113166,1.0,3,3,1.0,2,2,1.0
2338003,test,a34_35,2.752879,4.046953,1.0,3,3,1.0,2,6,1.0
2341004,test,a34_35,2.752879,3.563381,1.0,3,2,1.0,2,4,1.0
2341005,test,a34_35,2.752879,0.0,1.0,3,3,1.0,2,2,1.0
2354004,test,a34_35,2.752879,2.3899386,1.0,3,3,1.0,2,2,1.0
2392004,test,a34_35,2.752879,2.9586284,1.0,3,3,1.0,2,2,1.0
2393005,test,a34_35,2.752879,3.8332024,1.0,3,3,1.0,2,2,1.0
2393171,test,a34_35,2.752879,3.5780287,1.0,3,3,1.0,2,2,1.0
2409006,test,a34_35,2.752879,2.7969706,1.0,3,3,1.0,2,2,1.0
2409171,test,a34_35,2.752879,2.0512705,1.0,3,2,1.0,2,2,1.0
2422178,test,a34_35,2.752879,3.4795048,1.0,3,3,1.0,2,2,1.0
2459030,test,a34_35,2.752879,3.9479196,1.0,3,3,1.0,2,4,1.0
2474030,test,a34_35,2.752879,3.3850226,1.0,3,3,1.0,2,2,1.0
2474171,test,a34_35,2.752879,1.4149004,1.0,3,3,1.0,2,2,1.0
2485173,test,a34_35,2.752879,2.4313986,1.0,3,3,1.0,2,6,1.0
2496172,test,a34_35,2.752879,3.916388,1.0,3,3,1.0,2,4,1.0
2502005,test,a34_35,2.752879,3.1504118,1.0,3,3,1.0,2,2,1.0
2510171,test,a34_35,2.752879,3.625488,1.0,3,3,1.0,2,2,1.0
2525174,test,a34_35,2.752879,1.6816704,1.0,3,2,1.0,2,2,1.0
2530184,test,a34_35,2.752879,2.9591303,1.0,3,2,1.0,2,2,1.0
2547171,test,a34_35,2.752879,4.05604,1.0,3,3,1.0,2,2,1.0
2580030,test,a34_35,2.752879,4.7499347,1.0,3,3,1.0,2,2,1.0
2593171,test,a34_35,2.752879,4.30575,1.0,3,3,1.0,2,2,1.0
2615031,test,a34_35,2.752879,3.5979483,1.0,3,3,1.0,2,2,1.0
2642030,test,a34_35,2.752879,2.8383443,1.0,3,3,1.0,2,2,1.0
2655002,test,a34_35,2.752879,0.0,1.0,3,2,1.0,2,2,1.0
2705031,test,a34_35,2.752879,3.8038778,1.0,3,3,1.0,2,4,1.0
2707179,test,a34_35,2.752879,2.844158,1.0,3,3,1.0,2,2,1.0
2714031,test,a34_35,2.752879,3.611134,1.0,3,3,1.0,2,2,1.0
2717004,test,a34_35,2.752879,3.3915641,1.0,3,3,1.0,2,2,1.0
2738171,test,a34_35,2.752879,4.886779,1.0,3,3,1.0,2,2,1.0
2794003,test,a34_35,2.752879,3.7379057,1.0,3,3,1.0,2,2,1.0
2845030,test,a34_35,2.752879,3.4714644,1.0,3,2,1.0,2,2,1.0
2847030,test,a34_35,2.752879,3.611134,1.0,3,3,1.0,2,6,1.0
2848174,test,a34_35,2.752879,0.0,1.0,3,2,1.0,2,6,1.0
2852006,test,a34_35,2.752879,2.784962,1.0,3,3,1.0,2,2,1.0
2852030,test,a34_35,2.752879,2.1877906,1.0,3,3,1.0,2,2,1.0
2869170,test,a34_35,2.752879,3.8547711,1.0,3,3,1.0,2,2,1.0
2897006,test,a34_35,2.752879,3.2996137,1.0,3,3,1.0,2,6,1.0
2900171,test,a34_35,2.752879,3.6154544,1.0,3,3,1.0,2,2,1.0
2907006,test,a34_35,2.752879,2.5451865,1.0,3,3,1.0,2,2,1.0
2920030,test,a34_35,2.752879,3.68331,1.0,3,2,1.0,2,3,1.0
3107001,test,a34_35,2.752879,3.5433505,1.0,3,3,1.0,2,2,1.0
3137007,test,a34_35,2.752879,2.4969764,1.0,3,3,1.0,2,6,1.0
3283002,test,a34_35,2.752879,4.138284,1.0,3,2,1.0,2,6,1.0
3492001,test,a34_35,2.752879,3.8507123,1.0,3,3,1.0,2,2,1.0
5016170,test,a34_35,2.752879,2.4672387,1.0,3,3,1.0,2,4,1.0
5082003,test,a34_35,2.752879,3.6362765,1.0,3,3,1.0,2,2,1.0
5145032,test,a34_35,2.752879,3.4762192,1.0,3,3,1.0,2,6,1.0
5163030,test,a34_35,2.752879,2.9795868,1.0,3,3,1.0,2,3,1.0
5177171,test,a34_35,2.752879,1.3270341,1.0,3,3,1.0,2,6,1.0
5199178,test,a34_35,2.752879,2.888504,1.0,3,3,1.0,2,2,1.0
5241030,test,a34_35,2.752879,3.3329153,1.0,3,3,1.0,2,6,1.0
5264004,test,a34_35,2.752879,3.36784,1.0,3,3,1.0,2,2,1.0
5294003,test,a34_35,2.752879,3.537279,1.0,3,3,1.0,2,2,1.0
5299172,test,a34_35,2.752879,2.8502738,1.0,3,3,1.0,2,2,1.0
5306002,test,a34_35,2.752879,0.45013475,1.0,3,2,1.0,2,6,1.0
5350030,test,a34_35,2.752879,3.0497952,1.0,3,3,1.0,2,6,1.0
5364006,test,a34_35,2.752879,3.475767,1.0,3,3,1.0,2,6,1.0
5366033,test,a34_35,2.752879,3.5589597,1.0,3,3,1.0,2,6,1.0
5406173,test,a34_35,2.752879,3.3717976,1.0,3,3,1.0,2,4,1.0
5424030,test,a34_35,2.752879,2.595237,1.0,3,3,1.0,2,6,1.0
5425003,test,a34_35,2.752879,0.48401323,1.0,3,2,1.0,2,2,1.0
5430031,test,a34_35,2.752879,0.0,1.0,3,3,1.0,2,6,1.0
5430171,test,a34_35,2.752879,3.8255706,1.0,3,3,1.0,2,6,1.0
5443007,test,a34_35,2.752879,2.4250603,1.0,3,3,1.0,2,2,1.0
5464032,test,a34_35,2.752879,2.8707297,1.0,3,3,1.0,2,2,1.0
5488007,test,a34_35,2.752879,2.7225564,1.0,3,3,1.0,2,2,1.0
5494005,test,a34_35,2.752879,3.9408863,1.0,3,3,1.0,2,6,1.0
5513030,test,a34_35,2.752879,3.1696036,1.0,3,3,1.0,2,6,1.0
5549006,test,a34_35,2.752879,2.8014016,1.0,3,2,1.0,2,3,1.0
5553173,test,a34_35,2.752879,3.9032092,1.0,3,3,1.0,2,2,1.0
5560186,test,a34_35,2.752879,3.8197687,1.0,3,3,1.0,2,2,1.0
5569009,test,a34_35,2.752879,3.4386227,1.0,3,3,1.0,2,2,1.0
5570010,test,a34_35,2.752879,3.9157524,1.0,3,3,1.0,2,4,1.0
5570012,test,a34_35,2.752879,3.1862996,1.0,3,3,1.0,2,6,1.0
5570033,test,a34_35,2.752879,3.249376,1.0,3,3,1.0,2,2,1.0
5576031,test,a34_35,2.752879,3.0570593,1.0,3,3,1.0,2,2,1.0
5614005,test,a34_35,2.752879,2.9017913,1.0,3,3,1.0,2,3,1.0
5615010,test,a34_35,2.752879,3.4926202,1.0,3,3,1.0,2,2,1.0
5615181,test,a34_35,2.752879,2.9341648,1.0,3,3,1.0,2,2,1.0
5621170,test,a34_35,2.752879,3.1195464,1.0,3,3,1.0,2,2,1.0
5626010,test,a34_35,2.752879,2.9627197,1.0,3,2,1.0,2,2,1.0
5634188,test,a34_35,2.752879,3.9144979,1.0,3,3,1.0,2,5,1.0
5635031,test,a34_35,2.752879,2.974314,1.0,3,3,1.0,2,2,1.0
5646006,test,a34_35,2.752879,0.3688904,1.0,3,3,1.0,2,6,1.0
5660005,test,a34_35,2.752879,3.0857325,1.0,3,3,1.0,2,2,1.0
5664003,test,a34_35,2.752879,1.1182684,1.0,3,3,1.0,2,6,1.0
5676007,test,a34_35,2.752879,3.820191,1.0,3,3,1.0,2,4,1.0
5678030,test,a34_35,2.752879,2.51976,1.0,3,2,1.0,2,6,1.0
5684034,test,a34_35,2.752879,3.496005,1.0,3,3,1.0,2,3,1.0
5784005,test,a34_35,2.752879,0.0,1.0,3,2,1.0,2,6,1.0
5819005,test,a34_35,2.752879,1.6023945,1.0,3,2,1.0,2,6,1.0
5821008,test,a34_35,2.752879,2.913222,1.0,3,3,1.0,2,2,1.0
5863033,test,a34_35,2.752879,1.6256766,1.0,3,2,1.0,2,6,1.0
5921003,test,a34_35,2.752879,3.6592255,1.0,3,3,1.0,2,6,1.0
5922010,test,a34_35,2.752879,2.873433,1.0,3,3,1.0,2,6,1.0
5938031,test,a34_35,2.752879,0.0,1.0,3,2,1.0,2,6,1.0
5960033,test,a34_35,2.752879,2.8802483,1.0,3,3,1.0,2,3,1.0
5995005,test,a34_35,2.752879,0.5575978,1.0,3,2,1.0,2,6,1.0
6028032,test,a34_35,2.752879,2.7959223,1.0,3,3,1.0,2,6,1.0
6030005,test,a34_35,2.752879,3.6211877,1.0,3,3,1.0,2,6,1.0
6030008,test,a34_35,2.752879,3.714141,1.0,3,3,1.0,2,6,1.0
6093006,test,a34_35,2.752879,2.4245872,1.0,3,3,1.0,2,6,1.0
6093011,test,a34_35,2.752879,2.5032198,1.0,3,3,1.0,2,6,1.0
6114182,test,a34_35,2.752879,3.1132894,1.0,3,3,1.0,2,3,1.0
6120195,test,a34_35,2.752879,0.83994776,1.0,3,2,1.0,2,2,1.0
6121030,test,a34_35,2.752879,3.7940028,1.0,3,3,1.0,2,6,1.0
6179003,test,a34_35,2.752879,3.4774165,1.0,3,3,1.0,2,2,1.0
6179170,test,a34_35,2.752879,0.3768285,1.0,3,2,1.0,2,2,1.0
6191006,test,a34_35,2.752879,3.5682108,1.0,3,3,1.0,2,2,1.0
6200175,test,a34_35,2.752879,3.159689,1.0,3,2,1.0,2,2,1.0
6210007,test,a34_35,2.752879,3.315958,1.0,3,3,1.0,2,2,1.0
6210008,test,a34_35,2.752879,1.8576616,1.0,3,2,1.0,2,6,1.0
6350007,test,a34_35,2.752879,2.6312733,1.0,3,3,1.0,2,6,1.0
6365010,test,a34_35,2.752879,2.3485115,1.0,3,3,1.0,2,6,1.0
6365011,test,a34_35,2.752879,1.4984527,1.0,3,2,1.0,2,2,1.0
6365177,test,a34_35,2.752879,3.154596,1.0,3,3,1.0,2,2,1.0
6381008,test,a34_35,2.752879,4.0242934,1.0,3,3,1.0,2,4,1.0
6444003,test,a34_35,2.752879,3.0920978,1.0,3,3,1.0,2,2,1.0
6475006,test,a34_35,2.752879,0.88690853,1.0,3,2,1.0,2,6,1.0
6475007,test,a34_35,2.752879,0.0,1.0,3,2,1.0,2,6,1.0
6509004,test,a34_35,2.752879,2.9017913,1.0,3,2,1.0,2,2,1.0
6545008,test,a34_35,2.752879,3.81034,1.0,3,3,1.0,2,2,1.0
6571003,test,a34_35,2.752879,3.97414,1.0,3,3,1.0,2,6,1.0
6635009,test,a34_35,2.752879,0.0,1.0,3,2,1.0,2,4,1.0
6663030,test,a34_35,2.752879,3.9220536,1.0,3,3,1.0,2,6,1.0
6674003,test,a34_35,2.752879,3.3930228,1.0,3,3,1.0,2,2,1.0
6674005,test,a34_35,2.752879,3.3309689,1.0,3,3,1.0,2,2,1.0
6736181,test,a34_35,2.752879,0.95784134,1.0,3,3,1.0,2,2,1.0
6740003,test,a34_35,2.752879,2.6543815,1.0,3,3,1.0,2,2,1.0
6769008,test,a34_35,2.752879,1.5597403,1.0,3,2,1.0,2,4,1.0
6779033,test,a34_35,2.752879,0.0,1.0,3,2,1.0,2,6,1.0
6820030,test,a34_35,2.752879,0.0,1.0,3,2,1.0,2,6,1.0
6843006,test,a34_35,2.752879,0.33577913,1.0,3,2,1.0,2,6,1.0
6857006,test,a34_35,2.752879,3.9554691,1.0,3,3,1.0,2,4,1.0
6030,test,a36_37,2.7958376,3.74332,1.0,3,3,1.0,2,2,1.0
10030,test,a36_37,2.7958376,4.447782,1.0,3,3,1.0,2,2,1.0
41008,test,a36_37,2.7958376,0.0,1.0,3,2,1.0,2,2,1.0
68003,test,a36_37,2.7958376,4.3019257,1.0,3,3,1.0,2,2,1.0
127030,test,a36_37,2.7958376,1.1681,1.0,3,2,1.0,2,2,1.0
127031,test,a36_37,2.7958376,3.8766596,1.0,3,3,1.0,2,2,1.0
129031,test,a36_37,2.7958376,0.0,1.0,3,2,1.0,2,2,1.0
129196,test,a36_37,2.7958376,2.9811652,1.0,3,3,1.0,2,2,1.0
165030,test,a36_37,2.7958376,3.8713226,1.0,3,3,1.0,2,2,1.0
284004,test,a36_37,2.7958376,4.153324,1.0,3,3,1.0,2,2,1.0
301032,test,a36_37,2.7958376,4.375446,1.0,3,3,1.0,2,6,1.0
327003,test,a36_37,2.7958376,3.8161197,1.0,3,3,1.0,2,2,1.0
327171,test,a36_37,2.7958376,0.0,1.0,3,2,1.0,2,2,1.0
327172,test,a36_37,2.7958376,3.3073823,1.0,3,3,1.0,2,2,1.0
331005,test,a36_37,2.7958376,4.384486,1.0,3,3,1.0,2,2,1.0
344178,test,a36_37,2.7958376,3.283957,1.0,3,3,1.0,2,2,1.0
461030,test,a36_37,2.7958376,3.416885,1.0,3,3,1.0,2,2,1.0
486004,test,a36_37,2.7958376,3.7570312,1.0,3,3,1.0,2,2,1.0
563183,test,a36_37,2.7958376,3.9435904,1.0,3,3,1.0,2,2,1.0
577004,test,a36_37,2.7958376,3.4728677,1.0,3,3,1.0,2,2,1.0
607030,test,a36_37,2.7958376,3.736019,1.0,3,3,1.0,2,2,1.0
613173,test,a36_37,2.7958376,4.599529,1.0,3,3,1.0,2,2,1.0
634008,test,a36_37,2.7958376,3.2418456,1.0,3,3,1.0,2,6,1.0
652005,test,a36_37,2.7958376,3.4032557,1.0,3,3,1.0,2,2,1.0
672003,test,a36_37,2.7958376,3.3391197,1.0,3,3,1.0,2,4,1.0
691175,test,a36_37,2.7958376,2.3309872,1.0,3,3,1.0,2,2,1.0
699031,test,a36_37,2.7958376,3.3599384,1.0,3,3,1.0,2,6,1.0
722178,test,a36_37,2.7958376,0.0,1.0,3,2,1.0,2,2,1.0
771003,test,a36_37,2.7958376,2.9920292,1.0,3,3,1.0,2,2,1.0
775005,test,a36_37,2.7958376,3.612571,1.0,3,3,1.0,2,2,1.0
796006,test,a36_37,2.7958376,3.5002303,1.0,3,3,1.0,2,6,1.0
844003,test,a36_37,2.7958376,3.4309494,1.0,3,3,1.0,2,2,1.0
863006,test,a36_37,2.7958376,3.216545,1.0,3,3,1.0,2,2,1.0
863173,test,a36_37,2.7958376,3.6074202,1.0,3,3,1.0,2,2,1.0
866172,test,a36_37,2.7958376,2.7199008,1.0,3,3,1.0,2,2,1.0
868005,test,a36_37,2.7958376,3.7930343,1.0,3,3,1.0,2,2,1.0
875030,test,a36_37,2.7958376,0.0,1.0,3,2,1.0,2,2,1.0
897006,test,a36_37,2.7958376,2.712402,1.0,3,2,1.0,2,4,1.0
922171,test,a36_37,2.7958376,4.013992,1.0,3,3,1.0,2,2,1.0
934030,test,a36_37,2.7958376,4.2906785,1.0,3,3,1.0,2,2,1.0
935005,test,a36_37,2.7958376,1.9161729,1.0,3,3,1.0,2,2,1.0
935176,test,a36_37,2.7958376,3.945999,1.0,3,3,1.0,2,2,1.0
939030,test,a36_37,2.7958376,0.0,1.0,3,2,1.0,2,2,1.0
964003,test,a36_37,2.7958376,3.0027869,1.0,3,3,1.0,2,6,1.0
970004,test,a36_37,2.7958376,3.9361787,1.0,3,3,1.0,2,2,1.0
982004,test,a36_37,2.7958376,3.7953534,1.0,3,3,1.0,2,4,1.0
1033030,test,a36_37,2.7958376,4.0324144,1.0,3,3,1.0,2,4,1.0
1036003,test,a36_37,2.7958376,2.5812607,1.0,3,3,1.0,2,2,1.0
1048006,test,a36_37,2.7958376,0.3958271,1.0,3,3,1.0,2,2,1.0
1055172,test,a36_37,2.7958376,3.6951494,1.0,3,3,1.0,2,2,1.0
1060175,test,a36_37,2.7958376,2.6840017,1.0,3,3,1.0,2,2,1.0
1064171,test,a36_37,2.7958376,4.499283,1.0,3,3,1.0,2,2,1.0
1072171,test,a36_37,2.7958376,3.753342,1.0,3,3,1.0,2,2,1.0
1084175,test,a36_37,2.7958376,1.176917,1.0,3,2,1.0,2,2,1.0
1100172,test,a36_37,2.7958376,3.616172,1.0,3,3,1.0,2,2,1.0
1141171,test,a36_37,2.7958376,0.0,0.0,3,-1,0.0,2,-1,0.0
1142030,test,a36_37,2.7958376,2.9372149,1.0,3,3,1.0,2,2,1.0
1144032,test,a36_37,2.7958376,3.9697835,1.0,3,3,1.0,2,2,1.0
1149171,test,a36_37,2.7958376,3.6696174,1.0,3,3,1.0,2,2,1.0
1162030,test,a36_37,2.7958376,3.5584557,1.0,3,3,1.0,2,4,1.0
1167030,test,a36_37,2.7958376,0.0,1.0,3,2,1.0,2,6,1.0
1168008,test,a36_37,2.7958376,3.2307491,1.0,3,3,1.0,2,3,1.0
1222179,test,a36_37,2.7958376,2.6426997,1.0,3,3,1.0,2,2,1.0
1260008,test,a36_37,2.7958376,2.9115193,1.0,3,3,1.0,2,2,1.0
1269030,test,a36_37,2.7958376,4.35901,1.0,3,3,1.0,2,4,1.0
1292030,test,a36_37,2.7958376,3.3329153,1.0,3,2,1.0,2,4,1.0
1298005,test,a36_37,2.7958376,3.0895898,1.0,3,3,1.0,2,2,1.0
1306030,test,a36_37,2.7958376,4.886779,1.0,3,3,1.0,2,2,1.0
1335179,test,a36_37,2.7958376,3.2806733,1.0,3,3,1.0,2,2,1.0
1353030,test,a36_37,2.7958376,0.0,1.0,3,2,1.0,2,2,1.0
1384030,test,a36_37,2.7958376,3.7110548,1.0,3,3,1.0,2,2,1.0
1399008,test,a36_37,2.7958376,4.0375032,1.0,3,3,1.0,2,4,1.0
1415004,test,a36_37,2.7958376,2.5033958,1.0,3,3,1.0,2,2,1.0
1430005,test,a36_37,2.7958376,0.0,1.0,3,3,1.0,2,6,1.0
1431003,test,a36_37,2.7958376,3.7768457,1.0,3,3,1.0,2,2,1.0
1431004,test,a36_37,2.7958376,0.0,1.0,3,2,1.0,2,2,1.0
1431172,test,a36_37,2.7958376,4.85698,1.0,3,3,1.0,2,2,1.0
1462004,test,a36_37,2.7958376,3.0797172,1.0,3,2,1.0,2,2,1.0
1520173,test,a36_37,2.7958376,3.835209,1.0,3,3,1.0,2,2,1.0
1522175,test,a36_37,2.7958376,4.5301976,1.0,3,3,1.0,2,2,1.0
1542006,test,a36_37,2.7958376,4.8355174,1.0,3,3,1.0,2,2,1.0
1542177,test,a36_37,2.7958376,4.1511307,1.0,3,3,1.0,2,2,1.0
1567031,test,a36_37,2.7958376,3.547917,1.0,3,3,1.0,2,6,1.0
1608031,test,a36_37,2.7958376,3.8730197,1.0,3,3,1.0,2,4,1.0
1612003,test,a36_37,2.7958376,3.6263752,1.0,3,3,1.0,2,2,1.0
1621003,test,a36_37,2.7958376,3.2996137,1.0,3,3,1.0,2,2,1.0
1648003,test,a36_37,2.7958376,2.9653394,1.0,3,3,1.0,2,2,1.0
1648030,test,a36_37,2.7958376,0.0453653,1.0,3,2,1.0,2,6,1.0
1670172,test,a36_37,2.7958376,2.8368268,1.0,3,3,1.0,2,2,1.0
1684170,test,a36_37,2.7958376,0.0,0.0,3,-1,0.0,2,-1,0.0
1690030,test,a36_37,2.7958376,4.1288514,1.0,3,3,1.0,2,4,1.0
1692176,test,a36_37,2.7958376,0.0,0.0,3,-1,0.0,2,-1,0.0
1695030,test,a36_37,2.7958376,3.1334782,1.0,3,3,1.0,2,2,1.0
1697036,test,a36_37,2.7958376,3.9229333,1.0,3,3,1.0,2,2,1.0
1698170,test,a36_37,2.7958376,3.5876048,1.0,3,3,1.0,2,2,1.0
1700031,test,a36_37,2.7958376,3.2409673,1.0,3,3,1.0,2,4,1.0
1701003,test,a36_37,2.7958376,3.916388,1.0,3,3,1.0,2,6,1.0
1711003,test,a36_37,2.7958376,0.0,1.0,3,3,1.0,2,2,1.0
1711171,test,a36_37,2.7958376,3.416885,1.0,3,3,1.0,2,2,1.0
1732005,test,a36_37,2.7958376,3.1862996,1.0,3,3,1.0,2,4,1.0
1762187,test,a36_37,2.7958376,0.0,1.0,3,2,1.0,2,2,1.0
1786187,test,a36_37,2.7958376,0.0,0.0,3,-1,0.0,2,-1,0.0
1837006,test,a36_37,2.7958376,2.8220248,1.0,3,3,1.0,2,2,1.0
1850172,test,a36_37,2.7958376,3.216545,1.0,3,3,1.0,2,2,1.0
1878030,test,a36_37,2.7958376,3.456708,1.0,3,3,1.0,2,4,1.0
1879030,test,a36_37,2.7958376,4.019886,1.0,3,3,1.0,2,3,1.0
1905004,test,a36_37,2.7958376,3.9048967,1.0,3,3,1.0,2,2,1.0
1919009,test,a36_37,2.7958376,0.0,1.0,3,3,1.0,2,2,1.0
1935004,test,a36_37,2.7958376,2.7594547,1.0,3,2,1.0,2,2,1.0
1936030,test,a36_37,2.7958376,0.26956925,1.0,3,3,1.0,2,2,1.0
1978171,test,a36_37,2.7958376,3.1327703,1.0,3,3,1.0,2,2,1.0
2030031,test,a36_37,2.7958376,3.7052534,1.0,3,3,1.0,2,2,1.0
2117003,test,a36_37,2.7958376,2.7586699,1.0,3,3,1.0,2,2,1.0
2150172,test,a36_37,2.7958376,1.9554864,1.0,3,3,1.0,2,2,1.0
2199182,test,a36_37,2.7958376,3.717534,1.0,3,3,1.0,2,2,1.0
2206030,test,a36_37,2.7958376,3.1858559,1.0,3,3,1.0,2,2,1.0
2212031,test,a36_37,2.7958376,4.677089,1.0,3,3,1.0,2,2,1.0
2238004,test,a36_37,2.7958376,1.8278397,1.0,3,3,1.0,2,4,1.0
2238172,test,a36_37,2.7958376,3.489942,1.0,3,3,1.0,2,2,1.0
2252172,test,a36_37,2.7958376,3.048963,1.0,3,3,1.0,2,2,1.0
2255030,test,a36_37,2.7958376,4.375135,1.0,3,3,1.0,2,2,1.0
2277008,test,a36_37,2.7958376,2.6412227,1.0,3,3,1.0,2,2,1.0
2311172,test,a36_37,2.7958376,1.7356842,1.0,3,3,1.0,2,2,1.0
2330003,test,a36_37,2.7958376,4.0433564,1.0,3,3,1.0,2,2,1.0
2338003,test,a36_37,2.7958376,4.4704823,1.0,3,3,1.0,2,6,1.0
2341004,test,a36_37,2.7958376,3.4036195,1.0,3,2,1.0,2,4,1.0
2341005,test,a36_37,2.7958376,0.0,1.0,3,3,1.0,2,2,1.0
2354004,test,a36_37,2.7958376,2.4975948,1.0,3,3,1.0,2,2,1.0
2392004,test,a36_37,2.7958376,2.7225564,1.0,3,3,1.0,2,2,1.0
2393005,test,a36_37,2.7958376,3.951662,1.0,3,3,1.0,2,2,1.0
2393171,test,a36_37,2.7958376,4.04496,1.0,3,3,1.0,2,2,1.0
2409006,test,a36_37,2.7958376,2.6774976,1.0,3,3,1.0,2,2,1.0
2409171,test,a36_37,2.7958376,2.409316,1.0,3,3,1.0,2,2,1.0
2422178,test,a36_37,2.7958376,3.249376,1.0,3,3,1.0,2,2,1.0
2459030,test,a36_37,2.7958376,3.8719819,1.0,3,3,1.0,2,4,1.0
2474030,test,a36_37,2.7958376,3.8730197,1.0,3,3,1.0,2,2,1.0
2474171,test,a36_37,2.7958376,1.1140053,1.0,3,2,1.0,2,2,1.0
2485173,test,a36_37,2.7958376,2.508309,1.0,3,3,1.0,2,4,1.0
2496172,test,a36_37,2.7958376,4.096741,1.0,3,3,1.0,2,4,1.0
2502005,test,a36_37,2.7958376,3.166873,1.0,3,3,1.0,2,2,1.0
2510171,test,a36_37,2.7958376,3.910636,1.0,3,3,1.0,2,2,1.0
2525174,test,a36_37,2.7958376,2.2554643,1.0,3,3,1.0,2,2,1.0
2530184,test,a36_37,2.7958376,2.9075313,1.0,3,3,1.0,2,2,1.0
2547171,test,a36_37,2.7958376,4.1239767,1.0,3,3,1.0,2,2,1.0
2580030,test,a36_37,2.7958376,4.800682,1.0,3,3,1.0,2,2,1.0
2593171,test,a36_37,2.7958376,4.3840117,1.0,3,3,1.0,2,4,1.0
2615031,test,a36_37,2.7958376,3.145773,1.0,3,3,1.0,2,2,1.0
2642030,test,a36_37,2.7958376,3.1858559,1.0,3,3,1.0,2,2,1.0
2655002,test,a36_37,2.7958376,0.0,1.0,3,2,1.0,2,2,1.0
2705031,test,a36_37,2.7958376,3.901413,1.0,3,3,1.0,2,4,1.0
2707179,test,a36_37,2.7958376,2.9886043,1.0,3,3,1.0,2,2,1.0
2714031,test,a36_37,2.7958376,3.843872,1.0,3,3,1.0,2,2,1.0
2717004,test,a36_37,2.7958376,3.737305,1.0,3,3,1.0,2,2,1.0
2738171,test,a36_37,2.7958376,4.886779,1.0,3,3,1.0,2,2,1.0
2794003,test,a36_37,2.7958376,3.5598774,1.0,3,3,1.0,2,2,1.0
2845030,test,a36_37,2.7958376,2.2176964,1.0,3,2,1.0,2,2,1.0
2847030,test,a36_37,2.7958376,3.5965803,1.0,3,2,1.0,2,6,1.0
2848174,test,a36_37,2.7958376,0.0,1.0,3,2,1.0,2,6,1.0
2852006,test,a36_37,2.7958376,2.711484,1.0,3,3,1.0,2,2,1.0
2852030,test,a36_37,2.7958376,2.4002507,1.0,3,3,1.0,2,2,1.0
2869170,test,a36_37,2.7958376,3.9665751,1.0,3,3,1.0,2,2,1.0
2897006,test,a36_37,2.7958376,3.8678546,1.0,3,3,1.0,2,6,1.0
2900171,test,a36_37,2.7958376,0.0,1.0,3,3,1.0,2,2,1.0
2907006,test,a36_37,2.7958376,2.5724497,1.0,3,3,1.0,2,2,1.0
2920030,test,a36_37,2.7958376,3.8583722,1.0,3,3,1.0,2,4,1.0
3107001,test,a36_37,2.7958376,3.456255,1.0,3,3,1.0,2,2,1.0
3137007,test,a36_37,2.7958376,2.624188,1.0,3,3,1.0,2,6,1.0
3283002,test,a36_37,2.7958376,3.1844463,1.0,3,3,1.0,2,6,1.0
3492001,test,a36_37,2.7958376,3.896652,1.0,3,3,1.0,2,2,1.0
5016170,test,a36_37,2.7958376,2.5121129,1.0,3,3,1.0,2,4,1.0
5082003,test,a36_37,2.7958376,3.835146,1.0,3,3,1.0,2,3,1.0
5145032,test,a36_37,2.7958376,3.5205016,1.0,3,3,1.0,2,6,1.0
5163030,test,a36_37,2.7958376,3.3018157,1.0,3,3,1.0,2,3,1.0
5177171,test,a36_37,2.7958376,0.8605063,1.0,3,3,1.0,2,6,1.0
5199178,test,a36_37,2.7958376,2.9653394,1.0,3,3,1.0,2,2,1.0
5241030,test,a36_37,2.7958376,3.3667955,1.0,3,3,1.0,2,6,1.0
5264004,test,a36_37,2.7958376,3.4554605,1.0,3,3,1.0,2,2,1.0
5294003,test,a36_37,2.7958376,3.5366516,1.0,3,3,1.0,2,2,1.0
5299172,test,a36_37,2.7958376,1.9603477,1.0,3,3,1.0,2,2,1.0
5306002,test,a36_37,2.7958376,0.4569097,1.0,3,2,1.0,2,6,1.0
5350030,test,a36_37,2.7958376,2.4829748,1.0,3,3,1.0,2,6,1.0
5364006,test,a36_37,2.7958376,3.489942,1.0,3,3,1.0,2,6,1.0
5366033,test,a36_37,2.7958376,3.6431746,1.0,3,3,1.0,2,6,1.0
5406173,test,a36_37,2.7958376,3.549721,1.0,3,3,1.0,2,4,1.0
5424030,test,a36_37,2.7958376,3.3871381,1.0,3,3,1.0,2,6,1.0
5425003,test,a36_37,2.7958376,2.222384,1.0,3,3,1.0,2,2,1.0
5430031,test,a36_37,2.7958376,0.7351825,1.0,3,3,1.0,2,6,1.0
5430171,test,a36_37,2.7958376,3.9490166,1.0,3,3,1.0,2,6,1.0
5443007,test,a36_37,2.7958376,2.7594547,1.0,3,3,1.0,2,2,1.0
5464032,test,a36_37,2.7958376,2.973692,1.0,3,3,1.0,2,2,1.0
5488007,test,a36_37,2.7958376,2.6645033,1.0,3,3,1.0,2,2,1.0
5494005,test,a36_37,2.7958376,4.218239,1.0,3,3,1.0,2,6,1.0
5513030,test,a36_37,2.7958376,3.4137402,1.0,3,2,1.0,2,6,1.0
5549006,test,a36_37,2.7958376,2.9669845,1.0,3,3,1.0,2,4,1.0
5553173,test,a36_37,2.7958376,3.955009,1.0,3,3,1.0,2,2,1.0
5560186,test,a36_37,2.7958376,3.627258,1.0,3,3,1.0,2,2,1.0
5569009,test,a36_37,2.7958376,3.5573397,1.0,3,3,1.0,2,2,1.0
5570010,test,a36_37,2.7958376,3.6598773,1.0,3,3,1.0,2,4,1.0
5570012,test,a36_37,2.7958376,2.9124293,1.0,3,3,1.0,2,6,1.0
5570033,test,a36_37,2.7958376,3.1070757,1.0,3,3,1.0,2,2,1.0
5576031,test,a36_37,2.7958376,3.0814157,1.0,3,3,1.0,2,3,1.0
5614005,test,a36_37,2.7958376,2.844158,1.0,3,3,1.0,2,3,1.0
5615010,test,a36_37,2.7958376,3.3217459,1.0,3,3,1.0,2,2,1.0
5615181,test,a36_37,2.7958376,3.5781584,1.0,3,3,1.0,2,2,1.0
5621170,test,a36_37,2.7958376,0.0,1.0,3,3,1.0,2,2,1.0
5626010,test,a36_37,2.7958376,0.0,0.0,3,-1,0.0,2,-1,0.0
5634188,test,a36_37,2.7958376,0.0,0.0,3,-1,0.0,2,-1,0.0
5635031,test,a36_37,2.7958376,2.9446492,1.0,3,3,1.0,2,2,1.0
5646006,test,a36_37,2.7958376,2.2722006,1.0,3,2,1.0,2,6,1.0
5660005,test,a36_37,2.7958376,2.2830377,1.0,3,3,1.0,2,2,1.0
5664003,test,a36_37,2.7958376,2.5692537,1.0,3,2,1.0,2,6,1.0
5676007,test,a36_37,2.7958376,3.3618436,1.0,3,3,1.0,2,2,1.0
5678030,test,a36_37,2.7958376,0.0,1.0,3,2,1.0,2,6,1.0
5684034,test,a36_37,2.7958376,4.2188535,1.0,3,3,1.0,2,4,1.0
5784005,test,a36_37,2.7958376,0.0,1.0,3,2,1.0,2,6,1.0
5819005,test,a36_37,2.7958376,0.0,1.0,3,2,1.0,2,6,1.0
5821008,test,a36_37,2.7958376,2.9754534,1.0,3,3,1.0,2,2,1.0
5863033,test,a36_37,2.7958376,1.6931183,1.0,3,3,1.0,2,6,1.0
5921003,test,a36_37,2.7958376,2.588116,1.0,3,3,1.0,2,6,1.0
5922010,test,a36_37,2.7958376,2.8533432,1.0,3,3,1.0,2,6,1.0
5938031,test,a36_37,2.7958376,0.0,1.0,3,2,1.0,2,6,1.0
5960033,test,a36_37,2.7958376,3.0051901,1.0,3,3,1.0,2,6,1.0
5995005,test,a36_37,2.7958376,2.366327,1.0,3,2,1.0,2,6,1.0
6028032,test,a36_37,2.7958376,3.2584245,1.0,3,3,1.0,2,6,1.0
6030005,test,a36_37,2.7958376,3.3861604,1.0,3,3,1.0,2,6,1.0
6030008,test,a36_37,2.7958376,3.5397089,1.0,3,3,1.0,2,6,1.0
6093006,test,a36_37,2.7958376,2.0376515,1.0,3,3,1.0,2,6,1.0
6093011,test,a36_37,2.7958376,2.5042346,1.0,3,3,1.0,2,6,1.0
6114182,test,a36_37,2.7958376,0.0,0.0,3,-1,0.0,2,-1,0.0
6120195,test,a36_37,2.7958376,0.0,1.0,3,2,1.0,2,2,1.0
6121030,test,a36_37,2.7958376,3.6931586,1.0,3,3,1.0,2,6,1.0
6179003,test,a36_37,2.7958376,3.3203936,1.0,3,3,1.0,2,2,1.0
6179170,test,a36_37,2.7958376,0.0,1.0,3,2,1.0,2,2,1.0
6191006,test,a36_37,2.7958376,3.7471669,1.0,3,3,1.0,2,2,1.0
6200175,test,a36_37,2.7958376,3.1231244,1.0,3,3,1.0,2,2,1.0
6210007,test,a36_37,2.7958376,3.5546792,1.0,3,3,1.0,2,2,1.0
6210008,test,a36_37,2.7958376,0.69897085,1.0,3,2,1.0,2,2,1.0
6350007,test,a36_37,2.7958376,1.7350653,1.0,3,3,1.0,2,2,1.0
6365010,test,a36_37,2.7958376,2.727774,1.0,3,3,1.0,2,6,1.0
6365011,test,a36_37,2.7958376,2.0153425,1.0,3,3,1.0,2,2,1.0
6365177,test,a36_37,2.7958376,0.0,0.0,3,3,1.0,2,2,1.0
6381008,test,a36_37,2.7958376,4.1826577,1.0,3,3,1.0,2,4,1.0
6444003,test,a36_37,2.7958376,2.9450343,1.0,3,3,1.0,2,2,1.0
6475006,test,a36_37,2.7958376,0.65802634,1.0,3,3,1.0,2,6,1.0
6475007,test,a36_37,2.7958376,1.4497495,1.0,3,3,1.0,2,6,1.0
6509004,test,a36_37,2.7958376,3.0907397,1.0,3,3,1.0,2,2,1.0
6545008,test,a36_37,2.7958376,3.8915806,1.0,3,3,1.0,2,2,1.0
6571003,test,a36_37,2.7958376,3.935453,1.0,3,3,1.0,2,6,1.0
6635009,test,a36_37,2.7958376,0.0,1.0,3,2,1.0,2,4,1.0
6663030,test,a36_37,2.7958376,4.1571207,1.0,3,3,1.0,2,6,1.0
6674003,test,a36_37,2.7958376,4.7621493,1.0,3,3,1.0,2,3,1.0
6674005,test,a36_37,2.7958376,3.4580462,1.0,3,2,1.0,2,3,1.0
6736181,test,a36_37,2.7958376,2.5787773,1.0,3,3,1.0,2,2,1.0
6740003,test,a36_37,2.7958376,2.816746,1.0,3,3,1.0,2,2,1.0
6769008,test,a36_37,2.7958376,2.4743154,1.0,3,3,1.0,2,2,1.0
6779033,test,a36_37,2.7958376,0.0,1.0,3,2,1.0,2,6,1.0
6820030,test,a36_37,2.7958376,0.44449985,1.0,3,2,1.0,2,6,1.0
6843006,test,a36_37,2.7958376,1.9499075,1.0,3,3,1.0,2,6,1.0
6857006,test,a36_37,2.7958376,3.1834235,1.0,3,3,1.0,2,2,1.0
6030,test,a38_39,2.847124,3.749288,1.0,3,3,1.0,2,2,1.0
10030,test,a38_39,2.847124,4.5234475,1.0,3,3,1.0,2,2,1.0
41008,test,a38_39,2.847124,0.0,1.0,3,2,1.0,2,3,1.0
68003,test,a38_39,2.847124,4.141229,1.0,3,3,1.0,2,2,1.0
127030,test,a38_39,2.847124,1.6800723,1.0,3,2,1.0,2,2,1.0
127031,test,a38_39,2.847124,1.3273802,1.0,3,3,1.0,2,3,1.0
129031,test,a38_39,2.847124,2.4149668,1.0,3,2,1.0,2,3,1.0
129196,test,a38_39,2.847124,0.6038552,1.0,3,2,1.0,2,2,1.0
165030,test,a38_39,2.847124,3.7935455,1.0,3,3,1.0,2,2,1.0
284004,test,a38_39,2.847124,4.218239,1.0,3,3,1.0,2,2,1.0
301032,test,a38_39,2.847124,4.051456,1.0,3,3,1.0,2,6,1.0
327003,test,a38_39,2.847124,3.8576567,1.0,3,3,1.0,2,2,1.0
327171,test,a38_39,2.847124,1.2899189,1.0,3,3,1.0,2,2,1.0
327172,test,a38_39,2.847124,3.6687279,1.0,3,3,1.0,2,2,1.0
331005,test,a38_39,2.847124,4.2639766,1.0,3,3,1.0,2,2,1.0
344178,test,a38_39,2.847124,3.3562138,1.0,3,3,1.0,2,2,1.0
461030,test,a38_39,2.847124,3.2707531,1.0,3,3,1.0,2,2,1.0
486004,test,a38_39,2.847124,4.1858344,1.0,3,3,1.0,2,2,1.0
563183,test,a38_39,2.847124,4.886779,1.0,3,3,1.0,2,2,1.0
577004,test,a38_39,2.847124,2.6426997,1.0,3,3,1.0,2,2,1.0
607030,test,a38_39,2.847124,4.340779,1.0,3,3,1.0,2,4,1.0
613173,test,a38_39,2.847124,4.6204996,1.0,3,3,1.0,2,2,1.0
634008,test,a38_39,2.847124,3.0124674,1.0,3,3,1.0,2,6,1.0
652005,test,a38_39,2.847124,3.381554,1.0,3,3,1.0,2,2,1.0
672003,test,a38_39,2.847124,3.7277038,1.0,3,3,1.0,2,4,1.0
691175,test,a38_39,2.847124,3.1858559,1.0,3,3,1.0,2,2,1.0
699031,test,a38_39,2.847124,3.5333405,1.0,3,3,1.0,2,6,1.0
722178,test,a38_39,2.847124,0.0,1.0,3,2,1.0,2,2,1.0
771003,test,a38_39,2.847124,3.4782934,1.0,3,3,1.0,2,2,1.0
775005,test,a38_39,2.847124,0.0,1.0,3,2,1.0,2,2,1.0
796006,test,a38_39,2.847124,2.893335,1.0,3,3,1.0,2,6,1.0
844003,test,a38_39,2.847124,3.416885,1.0,3,3,1.0,2,2,1.0
863006,test,a38_39,2.847124,0.0,1.0,3,2,1.0,2,2,1.0
863173,test,a38_39,2.847124,3.672806,1.0,3,3,1.0,2,2,1.0
866172,test,a38_39,2.847124,2.6793635,1.0,3,3,1.0,2,2,1.0
868005,test,a38_39,2.847124,3.7266295,1.0,3,3,1.0,2,2,1.0
875030,test,a38_39,2.847124,0.0,1.0,3,2,1.0,2,2,1.0
897006,test,a38_39,2.847124,2.9308307,1.0,3,3,1.0,2,4,1.0
922171,test,a38_39,2.847124,4.109105,1.0,3,3,1.0,2,2,1.0
934030,test,a38_39,2.847124,4.3578134,1.0,3,3,1.0,2,2,1.0
935005,test,a38_39,2.847124,2.1372967,1.0,3,3,1.0,2,2,1.0
935176,test,a38_39,2.847124,3.2996137,1.0,3,3,1.0,2,2,1.0
939030,test,a38_39,2.847124,0.0,1.0,3,2,1.0,2,2,1.0
964003,test,a38_39,2.847124,3.2050848,1.0,3,3,1.0,2,6,1.0
970004,test,a38_39,2.847124,2.0805924,1.0,3,3,1.0,2,2,1.0
982004,test,a38_39,2.847124,3.4262018,1.0,3,3,1.0,2,2,1.0
1033030,test,a38_39,2.847124,3.8766596,1.0,3,3,1.0,2,2,1.0
1036003,test,a38_39,2.847124,3.149699,1.0,3,3,1.0,2,2,1.0
1048006,test,a38_39,2.847124,2.4126072,1.0,3,3,1.0,2,2,1.0
1055172,test,a38_39,2.847124,3.7397017,1.0,3,3,1.0,2,2,1.0
1060175,test,a38_39,2.847124,2.8523908,1.0,3,3,1.0,2,2,1.0
1064171,test,a38_39,2.847124,4.4858203,1.0,3,3,1.0,2,2,1.0
1072171,test,a38_39,2.847124,2.8985991,1.0,3,3,1.0,2,2,1.0
1084175,test,a38_39,2.847124,1.3963474,1.0,3,2,1.0,2,2,1.0
1100172,test,a38_39,2.847124,3.8317928,1.0,3,3,1.0,2,2,1.0
1141171,test,a38_39,2.847124,0.752443,1.0,3,3,1.0,2,2,1.0
1142030,test,a38_39,2.847124,3.3023171,1.0,3,3,1.0,2,2,1.0
1144032,test,a38_39,2.847124,3.9551072,1.0,3,3,1.0,2,2,1.0
1149171,test,a38_39,2.847124,2.588116,1.0,3,2,1.0,2,2,1.0
1162030,test,a38_39,2.847124,3.4081893,1.0,3,3,1.0,2,2,1.0
1167030,test,a38_39,2.847124,0.0,1.0,3,2,1.0,2,6,1.0
1168008,test,a38_39,2.847124,3.1106615,1.0,3,3,1.0,2,3,1.0
1222179,test,a38_39,2.847124,2.342743,1.0,3,3,1.0,2,2,1.0
1260008,test,a38_39,2.847124,2.241885,1.0,3,3,1.0,2,2,1.0
1269030,test,a38_39,2.847124,3.9591064,1.0,3,3,1.0,2,4,1.0
1292030,test,a38_39,2.847124,2.9246223,1.0,3,2,1.0,2,4,1.0
1298005,test,a38_39,2.847124,3.2996137,1.0,3,3,1.0,2,2,1.0
1306030,test,a38_39,2.847124,4.886779,1.0,3,3,1.0,2,2,1.0
1335179,test,a38_39,2.847124,3.2282774,1.0,3,3,1.0,2,2,1.0
1353030,test,a38_39,2.847124,0.0,1.0,3,2,1.0,2,2,1.0
1384030,test,a38_39,2.847124,3.8597128,1.0,3,3,1.0,2,2,1.0
1399008,test,a38_39,2.847124,3.9200065,1.0,3,3,1.0,2,4,1.0
1415004,test,a38_39,2.847124,2.7496648,1.0,3,3,1.0,2,2,1.0
1430005,test,a38_39,2.847124,0.0,1.0,3,3,1.0,2,6,1.0
1431003,test,a38_39,2.847124,3.8332024,1.0,3,3,1.0,2,2,1.0
1431004,test,a38_39,2.847124,1.9831173,1.0,3,3,1.0,2,2,1.0
1431172,test,a38_39,2.847124,4.455336,1.0,3,3,1.0,2,2,1.0
1462004,test,a38_39,2.847124,0.0,1.0,3,2,1.0,2,2,1.0
1520173,test,a38_39,2.847124,3.9155073,1.0,3,3,1.0,2,2,1.0
1522175,test,a38_39,2.847124,4.768415,1.0,3,3,1.0,2,2,1.0
1542006,test,a38_39,2.847124,4.418266,1.0,3,3,1.0,2,2,1.0
1542177,test,a38_39,2.847124,4.1952477,1.0,3,3,1.0,2,2,1.0
1567031,test,a38_39,2.847124,3.7168667,1.0,3,3,1.0,2,6,1.0
1608031,test,a38_39,2.847124,0.0,0.0,3,-1,0.0,2,-1,0.0
1612003,test,a38_39,2.847124,3.242958,1.0,3,3,1.0,2,4,1.0
1621003,test,a38_39,2.847124,3.437568,1.0,3,3,1.0,2,2,1.0
1648003,test,a38_39,2.847124,2.8707297,1.0,3,3,1.0,2,2,1.0
1648030,test,a38_39,2.847124,3.2510931,1.0,3,3,1.0,2,6,1.0
1670172,test,a38_39,2.847124,3.1246448,1.0,3,3,1.0,2,2,1.0
1684170,test,a38_39,2.847124,2.5787773,1.0,3,3,1.0,2,2,1.0
1690030,test,a38_39,2.847124,3.6570308,1.0,3,3,1.0,2,2,1.0
1692176,test,a38_39,2.847124,3.5729935,1.0,3,3,1.0,2,2,1.0
1695030,test,a38_39,2.847124,2.9226713,1.0,3,3,1.0,2,2,1.0
1697036,test,a38_39,2.847124,1.4840773,1.0,3,3,1.0,2,2,1.0
1698170,test,a38_39,2.847124,0.00086969405,1.0,3,3,1.0,2,2,1.0
1700031,test,a38_39,2.847124,3.282534,1.0,3,3,1.0,2,4,1.0
1701003,test,a38_39,2.847124,3.8529587,1.0,3,3,1.0,2,6,1.0
1711003,test,a38_39,2.847124,0.0,0.0,3,-1,0.0,2,-1,0.0
1711171,test,a38_39,2.847124,3.6634784,1.0,3,3,1.0,2,2,1.0
1732005,test,a38_39,2.847124,3.150554,1.0,3,3,1.0,2,4,1.0
1762187,test,a38_39,2.847124,0.0,1.0,3,2,1.0,2,3,1.0
1786187,test,a38_39,2.847124,3.3020296,1.0,3,3,1.0,2,2,1.0
1837006,test,a38_39,2.847124,2.8639922,1.0,3,3,1.0,2,2,1.0
1850172,test,a38_39,2.847124,3.312707,1.0,3,3,1.0,2,2,1.0
1878030,test,a38_39,2.847124,4.103497,1.0,3,2,1.0,2,4,1.0
1879030,test,a38_39,2.847124,4.0583324,1.0,3,3,1.0,2,2,1.0
1905004,test,a38_39,2.847124,4.316903,1.0,3,3,1.0,2,2,1.0
1919009,test,a38_39,2.847124,1.6758715,1.0,3,3,1.0,2,2,1.0
1935004,test,a38_39,2.847124,2.953849,1.0,3,3,1.0,2,2,1.0
1936030,test,a38_39,2.847124,1.0134155,1.0,3,3,1.0,2,2,1.0
1978171,test,a38_39,2.847124,2.7871172,1.0,3,3,1.0,2,2,1.0
2030031,test,a38_39,2.847124,3.1751428,1.0,3,3,1.0,2,2,1.0
2117003,test,a38_39,2.847124,2.6426997,1.0,3,3,1.0,2,2,1.0
2150172,test,a38_39,2.847124,2.1172922,1.0,3,3,1.0,2,2,1.0
2199182,test,a38_39,2.847124,3.7052534,1.0,3,2,1.0,2,2,1.0
2206030,test,a38_39,2.847124,1.7450649,1.0,3,3,1.0,2,2,1.0
2212031,test,a38_39,2.847124,4.496284,1.0,3,3,1.0,2,2,1.0
2238004,test,a38_39,2.847124,2.8751705,1.0,3,3,1.0,2,4,1.0
2238172,test,a38_39,2.847124,3.9032092,1.0,3,3,1.0,2,2,1.0
2252172,test,a38_39,2.847124,2.8751705,1.0,3,3,1.0,2,2,1.0
2255030,test,a38_39,2.847124,4.374246,1.0,3,3,1.0,2,2,1.0
2277008,test,a38_39,2.847124,2.8474362,1.0,3,3,1.0,2,2,1.0
2311172,test,a38_39,2.847124,2.7029045,1.0,3,3,1.0,2,2,1.0
2330003,test,a38_39,2.847124,3.9039345,1.0,3,3,1.0,2,2,1.0
2338003,test,a38_39,2.847124,4.347552,1.0,3,3,1.0,2,2,1.0
2341004,test,a38_39,2.847124,3.5010288,1.0,3,3,1.0,2,4,1.0
2341005,test,a38_39,2.847124,0.0,1.0,3,3,1.0,2,2,1.0
2354004,test,a38_39,2.847124,2.3049343,1.0,3,3,1.0,2,2,1.0
2392004,test,a38_39,2.847124,2.9341648,1.0,3,3,1.0,2,2,1.0
2393005,test,a38_39,2.847124,3.507782,1.0,3,3,1.0,2,2,1.0
2393171,test,a38_39,2.847124,4.208233,1.0,3,3,1.0,2,2,1.0
2409006,test,a38_39,2.847124,0.0,0.0,3,-1,0.0,2,-1,0.0
2409171,test,a38_39,2.847124,2.6426997,1.0,3,3,1.0,2,3,1.0
2422178,test,a38_39,2.847124,3.3621042,1.0,3,3,1.0,2,2,1.0
2459030,test,a38_39,2.847124,3.924717,1.0,3,3,1.0,2,2,1.0
2474030,test,a38_39,2.847124,4.0688195,1.0,3,3,1.0,2,2,1.0
2474171,test,a38_39,2.847124,0.0,1.0,3,2,1.0,2,2,1.0
2485173,test,a38_39,2.847124,2.1378505,1.0,3,2,1.0,2,6,1.0
2496172,test,a38_39,2.847124,3.3488646,1.0,3,3,1.0,2,2,1.0
2502005,test,a38_39,2.847124,3.390585,1.0,3,3,1.0,2,2,1.0
2510171,test,a38_39,2.847124,4.289796,1.0,3,3,1.0,2,2,1.0
2525174,test,a38_39,2.847124,1.9848303,1.0,3,2,1.0,2,2,1.0
2530184,test,a38_39,2.847124,1.403595,1.0,3,2,1.0,2,2,1.0
2547171,test,a38_39,2.847124,4.568962,1.0,3,3,1.0,2,2,1.0
2580030,test,a38_39,2.847124,4.819106,1.0,3,3,1.0,2,2,1.0
2593171,test,a38_39,2.847124,4.559393,1.0,3,3,1.0,2,4,1.0
2615031,test,a38_39,2.847124,3.192419,1.0,3,3,1.0,2,2,1.0
2642030,test,a38_39,2.847124,3.8566759,1.0,3,3,1.0,2,4,1.0
2655002,test,a38_39,2.847124,0.0,0.0,3,-1,0.0,2,-1,0.0
2705031,test,a38_39,2.847124,4.0177207,1.0,3,3,1.0,2,4,1.0
2707179,test,a38_39,2.847124,3.1407087,1.0,3,3,1.0,2,2,1.0
2714031,test,a38_39,2.847124,3.5910182,1.0,3,3,1.0,2,2,1.0
2717004,test,a38_39,2.847124,3.7156205,1.0,3,3,1.0,2,2,1.0
2738171,test,a38_39,2.847124,4.1992106,1.0,3,3,1.0,2,2,1.0
2794003,test,a38_39,2.847124,3.6167965,1.0,3,3,1.0,2,2,1.0
2845030,test,a38_39,2.847124,3.32431,1.0,3,3,1.0,2,2,1.0
2847030,test,a38_39,2.847124,3.4514334,1.0,3,3,1.0,2,4,1.0
2848174,test,a38_39,2.847124,0.0,1.0,3,2,1.0,2,2,1.0
2852006,test,a38_39,2.847124,2.8745651,1.0,3,2,1.0,2,2,1.0
2852030,test,a38_39,2.847124,1.7578189,1.0,3,3,1.0,2,2,1.0
2869170,test,a38_39,2.847124,4.296681,1.0,3,3,1.0,2,2,1.0
2897006,test,a38_39,2.847124,2.8997164,1.0,3,3,1.0,2,2,1.0
2900171,test,a38_39,2.847124,3.857261,1.0,3,3,1.0,2,2,1.0
2907006,test,a38_39,2.847124,2.8441474,1.0,3,3,1.0,2,2,1.0
2920030,test,a38_39,2.847124,3.5910182,1.0,3,2,1.0,2,4,1.0
3107001,test,a38_39,2.847124,3.660574,1.0,3,3,1.0,2,2,1.0
3137007,test,a38_39,2.847124,2.908521,1.0,3,3,1.0,2,6,1.0
3283002,test,a38_39,2.847124,3.2907898,1.0,3,3,1.0,2,6,1.0
3492001,test,a38_39,2.847124,0.3199841,1.0,3,2,1.0,2,2,1.0
5016170,test,a38_39,2.847124,1.8830991,1.0,3,3,1.0,2,4,1.0
5082003,test,a38_39,2.847124,3.916388,1.0,3,3,1.0,2,4,1.0
5145032,test,a38_39,2.847124,0.0,1.0,3,2,1.0,2,6,1.0
5163030,test,a38_39,2.847124,2.874842,1.0,3,3,1.0,2,4,1.0
5177171,test,a38_39,2.847124,0.5026926,1.0,3,3,1.0,2,6,1.0
5199178,test,a38_39,2.847124,3.016735,1.0,3,3,1.0,2,2,1.0
5241030,test,a38_39,2.847124,3.3928792,1.0,3,3,1.0,2,6,1.0
5264004,test,a38_39,2.847124,3.4920115,1.0,3,3,1.0,2,2,1.0
5294003,test,a38_39,2.847124,3.5534267,1.0,3,3,1.0,2,2,1.0
5299172,test,a38_39,2.847124,2.7591305,1.0,3,3,1.0,2,2,1.0
5306002,test,a38_39,2.847124,0.5325506,1.0,3,2,1.0,2,6,1.0
5350030,test,a38_39,2.847124,3.4463062,1.0,3,3,1.0,2,6,1.0
5364006,test,a38_39,2.847124,3.6436281,1.0,3,2,1.0,2,6,1.0
5366033,test,a38_39,2.847124,3.6539025,1.0,3,3,1.0,2,4,1.0
5406173,test,a38_39,2.847124,3.4896688,1.0,3,3,1.0,2,4,1.0
5424030,test,a38_39,2.847124,3.3914385,1.0,3,3,1.0,2,6,1.0
5425003,test,a38_39,2.847124,2.986773,1.0,3,3,1.0,2,2,1.0
5430031,test,a38_39,2.847124,0.0,1.0,3,2,1.0,2,6,1.0
5430171,test,a38_39,2.847124,3.2527912,1.0,3,3,1.0,2,6,1.0
5443007,test,a38_39,2.847124,0.0,1.0,3,2,1.0,2,2,1.0
5464032,test,a38_39,2.847124,3.0959985,1.0,3,3,1.0,2,2,1.0
5488007,test,a38_39,2.847124,2.388837,1.0,3,3,1.0,2,2,1.0
5494005,test,a38_39,2.847124,2.6712263,1.0,3,3,1.0,2,6,1.0
5513030,test,a38_39,2.847124,1.8739514,1.0,3,3,1.0,2,6,1.0
5549006,test,a38_39,2.847124,3.2625797,1.0,3,3,1.0,2,3,1.0
5553173,test,a38_39,2.847124,4.113696,1.0,3,3,1.0,2,2,1.0
5560186,test,a38_39,2.847124,3.4533525,1.0,3,3,1.0,2,2,1.0
5569009,test,a38_39,2.847124,1.8774947,1.0,3,3,1.0,2,2,1.0
5570010,test,a38_39,2.847124,3.7856972,1.0,3,3,1.0,2,4,1.0
5570012,test,a38_39,2.847124,3.5299022,1.0,3,3,1.0,2,2,1.0
5570033,test,a38_39,2.847124,3.4081893,1.0,3,3,1.0,2,2,1.0
5576031,test,a38_39,2.847124,2.8607311,1.0,3,3,1.0,2,2,1.0
5614005,test,a38_39,2.847124,3.0700378,1.0,3,3,1.0,2,4,1.0
5615010,test,a38_39,2.847124,3.3347914,1.0,3,3,1.0,2,2,1.0
5615181,test,a38_39,2.847124,3.64069,1.0,3,3,1.0,2,2,1.0
5621170,test,a38_39,2.847124,2.8751972,1.0,3,3,1.0,2,2,1.0
5626010,test,a38_39,2.847124,3.6983402,1.0,3,3,1.0,2,4,1.0
5634188,test,a38_39,2.847124,3.7130666,1.0,3,3,1.0,2,5,1.0
5635031,test,a38_39,2.847124,3.0341442,1.0,3,3,1.0,2,2,1.0
5646006,test,a38_39,2.847124,1.4691843,1.0,3,2,1.0,2,6,1.0
5660005,test,a38_39,2.847124,3.3618436,1.0,3,3,1.0,2,2,1.0
5664003,test,a38_39,2.847124,2.5328875,1.0,3,3,1.0,2,6,1.0
5676007,test,a38_39,2.847124,3.2290735,1.0,3,3,1.0,2,2,1.0
5678030,test,a38_39,2.847124,2.5460799,1.0,3,2,1.0,2,6,1.0
5684034,test,a38_39,2.847124,4.285655,1.0,3,3,1.0,2,4,1.0
5784005,test,a38_39,2.847124,0.98314327,1.0,3,2,1.0,2,6,1.0
5819005,test,a38_39,2.847124,0.0,1.0,3,2,1.0,2,6,1.0
5821008,test,a38_39,2.847124,2.9653394,1.0,3,3,1.0,2,2,1.0
5863033,test,a38_39,2.847124,2.2691305,1.0,3,3,1.0,2,6,1.0
5921003,test,a38_39,2.847124,2.8987672,1.0,3,3,1.0,2,6,1.0
5922010,test,a38_39,2.847124,3.0221944,1.0,3,3,1.0,2,6,1.0
5938031,test,a38_39,2.847124,0.0,1.0,3,2,1.0,2,6,1.0
5960033,test,a38_39,2.847124,2.9610908,1.0,3,3,1.0,2,6,1.0
5995005,test,a38_39,2.847124,3.1931083,1.0,3,3,1.0,2,6,1.0
6028032,test,a38_39,2.847124,3.2903967,1.0,3,3,1.0,2,6,1.0
6030005,test,a38_39,2.847124,3.3618436,1.0,3,3,1.0,2,6,1.0
6030008,test,a38_39,2.847124,3.4057453,1.0,3,3,1.0,2,6,1.0
6093006,test,a38_39,2.847124,2.8947754,1.0,3,3,1.0,2,6,1.0
6093011,test,a38_39,2.847124,2.4029288,1.0,3,3,1.0,2,6,1.0
6114182,test,a38_39,2.847124,0.0,1.0,3,-1,0.0,2,4,1.0
6120195,test,a38_39,2.847124,0.0,1.0,3,2,1.0,2,2,1.0
6121030,test,a38_39,2.847124,3.990114,1.0,3,3,1.0,2,6,1.0
6179003,test,a38_39,2.847124,3.4187503,1.0,3,3,1.0,2,2,1.0
6179170,test,a38_39,2.847124,0.0,1.0,3,2,1.0,2,2,1.0
6191006,test,a38_39,2.847124,3.497985,1.0,3,3,1.0,2,2,1.0
6200175,test,a38_39,2.847124,0.0,0.0,3,-1,0.0,2,-1,0.0
6210007,test,a38_39,2.847124,3.3717976,1.0,3,3,1.0,2,2,1.0
6210008,test,a38_39,2.847124,2.1378505,1.0,3,2,1.0,2,2,1.0
6350007,test,a38_39,2.847124,3.0180361,1.0,3,3,1.0,2,2,1.0
6365010,test,a38_39,2.847124,2.5992112,1.0,3,3,1.0,2,6,1.0
6365011,test,a38_39,2.847124,0.0,1.0,3,2,1.0,2,2,1.0
6365177,test,a38_39,2.847124,3.1111588,1.0,3,3,1.0,2,2,1.0
6381008,test,a38_39,2.847124,4.452307,1.0,3,2,1.0,2,4,1.0
6444003,test,a38_39,2.847124,3.2238517,1.0,3,3,1.0,2,2,1.0
6475006,test,a38_39,2.847124,1.6452125,1.0,3,3,1.0,2,6,1.0
6475007,test,a38_39,2.847124,2.188878,1.0,3,3,1.0,2,6,1.0
6509004,test,a38_39,2.847124,3.403105,1.0,3,3,1.0,2,2,1.0
6545008,test,a38_39,2.847124,3.8777459,1.0,3,3,1.0,2,2,1.0
6571003,test,a38_39,2.847124,3.6925054,1.0,3,3,1.0,2,6,1.0
6635009,test,a38_39,2.847124,0.0,1.0,3,2,1.0,2,6,1.0
6663030,test,a38_39,2.847124,3.9113111,1.0,3,3,1.0,2,6,1.0
6674003,test,a38_39,2.847124,4.0220346,1.0,3,3,1.0,2,3,1.0
6674005,test,a38_39,2.847124,0.0,1.0,3,2,1.0,2,4,1.0
6736181,test,a38_39,2.847124,2.6061158,1.0,3,3,1.0,2,2,1.0
6740003,test,a38_39,2.847124,2.8639922,1.0,3,3,1.0,2,2,1.0
6769008,test,a38_39,2.847124,0.0,0.0,3,-1,0.0,2,-1,0.0
6779033,test,a38_39,2.847124,0.0,1.0,3,2,1.0,2,6,1.0
6820030,test,a38_39,2.847124,0.0,1.0,3,2,1.0,2,6,1.0
6843006,test,a38_39,2.847124,1.9161729,1.0,3,3,1.0,2,6,1.0
6857006,test,a38_39,2.847124,4.07775,1.0,3,3,1.0,2,2,1.0
6030,test,a40_41,2.8637748,3.7499423,1.0,3,3,1.0,2,2,1.0
10030,test,a40_41,2.8637748,4.559393,1.0,3,3,1.0,2,2,1.0
41008,test,a40_41,2.8637748,0.0,1.0,3,2,1.0,2,3,1.0
68003,test,a40_41,2.8637748,4.0359044,1.0,3,3,1.0,2,2,1.0
127030,test,a40_41,2.8637748,1.9284004,1.0,3,3,1.0,2,2,1.0
127031,test,a40_41,2.8637748,2.6091545,1.0,3,3,1.0,2,4,1.0
129031,test,a40_41,2.8637748,2.0290809,1.0,3,3,1.0,2,6,1.0
129196,test,a40_41,2.8637748,0.0,1.0,3,2,1.0,2,2,1.0
165030,test,a40_41,2.8637748,3.9474757,1.0,3,3,1.0,2,2,1.0
284004,test,a40_41,2.8637748,4.279761,1.0,3,3,1.0,2,2,1.0
301032,test,a40_41,2.8637748,4.00551,1.0,3,3,1.0,2,2,1.0
327003,test,a40_41,2.8637748,3.8113515,1.0,3,3,1.0,2,2,1.0
327171,test,a40_41,2.8637748,1.4956659,1.0,3,3,1.0,2,2,1.0
327172,test,a40_41,2.8637748,2.1790605,1.0,3,3,1.0,2,2,1.0
331005,test,a40_41,2.8637748,4.282937,1.0,3,3,1.0,2,2,1.0
344178,test,a40_41,2.8637748,3.44694,1.0,3,3,1.0,2,2,1.0
461030,test,a40_41,2.8637748,2.8327258,1.0,3,3,1.0,2,2,1.0
486004,test,a40_41,2.8637748,3.858834,1.0,3,3,1.0,2,2,1.0
563183,test,a40_41,2.8637748,0.0,1.0,3,2,1.0,2,2,1.0
577004,test,a40_41,2.8637748,3.18551,1.0,3,3,1.0,2,2,1.0
607030,test,a40_41,2.8637748,4.129383,1.0,3,3,1.0,2,2,1.0
613173,test,a40_41,2.8637748,4.710525,1.0,3,3,1.0,2,2,1.0
634008,test,a40_41,2.8637748,0.0,1.0,3,2,1.0,2,2,1.0
652005,test,a40_41,2.8637748,3.578778,1.0,3,3,1.0,2,2,1.0
672003,test,a40_41,2.8637748,3.6452837,1.0,3,3,1.0,2,4,1.0
691175,test,a40_41,2.8637748,3.0671463,1.0,3,3,1.0,2,2,1.0
699031,test,a40_41,2.8637748,3.5188198,1.0,3,3,1.0,2,6,1.0
722178,test,a40_41,2.8637748,2.6435707,1.0,3,2,1.0,2,2,1.0
771003,test,a40_41,2.8637748,3.6737127,1.0,3,3,1.0,2,2,1.0
775005,test,a40_41,2.8637748,0.7834087,1.0,3,2,1.0,2,2,1.0
796006,test,a40_41,2.8637748,3.935453,1.0,3,3,1.0,2,6,1.0
844003,test,a40_41,2.8637748,3.3626049,1.0,3,3,1.0,2,2,1.0
863006,test,a40_41,2.8637748,1.3168756,1.0,3,2,1.0,2,2,1.0
863173,test,a40_41,2.8637748,3.9154449,1.0,3,3,1.0,2,2,1.0
866172,test,a40_41,2.8637748,2.6542404,1.0,3,3,1.0,2,2,1.0
868005,test,a40_41,2.8637748,0.0,0.0,3,-1,0.0,2,-1,0.0
875030,test,a40_41,2.8637748,0.0,1.0,3,2,1.0,2,2,1.0
897006,test,a40_41,2.8637748,2.0627527,1.0,3,2,1.0,2,4,1.0
922171,test,a40_41,2.8637748,4.4280105,1.0,3,3,1.0,2,2,1.0
934030,test,a40_41,2.8637748,4.2702847,1.0,3,3,1.0,2,2,1.0
935005,test,a40_41,2.8637748,2.9372149,1.0,3,3,1.0,2,2,1.0
935176,test,a40_41,2.8637748,3.1244323,1.0,3,3,1.0,2,2,1.0
939030,test,a40_41,2.8637748,1.1140053,1.0,3,3,1.0,2,2,1.0
964003,test,a40_41,2.8637748,2.2928271,1.0,3,3,1.0,2,6,1.0
970004,test,a40_41,2.8637748,1.595321,1.0,3,3,1.0,2,2,1.0
982004,test,a40_41,2.8637748,3.5209594,1.0,3,3,1.0,2,2,1.0
1033030,test,a40_41,2.8637748,4.8614855,1.0,3,3,1.0,2,2,1.0
1036003,test,a40_41,2.8637748,2.884099,1.0,3,3,1.0,2,2,1.0
1048006,test,a40_41,2.8637748,2.782191,1.0,3,3,1.0,2,2,1.0
1055172,test,a40_41,2.8637748,3.6848996,1.0,3,3,1.0,2,2,1.0
1060175,test,a40_41,2.8637748,2.5155134,1.0,3,3,1.0,2,2,1.0
1064171,test,a40_41,2.8637748,3.8597128,1.0,3,3,1.0,2,2,1.0
1072171,test,a40_41,2.8637748,3.5870097,1.0,3,3,1.0,2,2,1.0
1084175,test,a40_41,2.8637748,0.12959567,1.0,3,2,1.0,2,2,1.0
1100172,test,a40_41,2.8637748,3.9865384,1.0,3,3,1.0,2,2,1.0
1141171,test,a40_41,2.8637748,2.8288498,1.0,3,3,1.0,2,2,1.0
1142030,test,a40_41,2.8637748,3.49205,1.0,3,3,1.0,2,3,1.0
1144032,test,a40_41,2.8637748,4.25247,1.0,3,3,1.0,2,2,1.0
1149171,test,a40_41,2.8637748,3.7665071,1.0,3,3,1.0,2,2,1.0
1162030,test,a40_41,2.8637748,3.5748012,1.0,3,3,1.0,2,2,1.0
1167030,test,a40_41,2.8637748,0.0,1.0,3,2,1.0,2,6,1.0
1168008,test,a40_41,2.8637748,3.210248,1.0,3,3,1.0,2,3,1.0
1222179,test,a40_41,2.8637748,2.767858,1.0,3,3,1.0,2,2,1.0
1260008,test,a40_41,2.8637748,2.63554,1.0,3,3,1.0,2,2,1.0
1269030,test,a40_41,2.8637748,4.243668,1.0,3,3,1.0,2,2,1.0
1292030,test,a40_41,2.8637748,0.8605063,1.0,3,2,1.0,2,4,1.0
1298005,test,a40_41,2.8637748,3.515135,1.0,3,3,1.0,2,2,1.0
1306030,test,a40_41,2.8637748,4.886779,1.0,3,3,1.0,2,2,1.0
1335179,test,a40_41,2.8637748,3.2139137,1.0,3,3,1.0,2,2,1.0
1353030,test,a40_41,2.8637748,0.0,1.0,3,2,1.0,2,2,1.0
1384030,test,a40_41,2.8637748,3.8051383,1.0,3,3,1.0,2,2,1.0
1399008,test,a40_41,2.8637748,4.0544734,1.0,3,2,1.0,2,4,1.0
1415004,test,a40_41,2.8637748,2.0535257,1.0,3,2,1.0,2,2,1.0
1430005,test,a40_41,2.8637748,0.0,1.0,3,2,1.0,2,6,1.0
1431003,test,a40_41,2.8637748,4.008891,1.0,3,3,1.0,2,2,1.0
1431004,test,a40_41,2.8637748,0.0,1.0,3,2,1.0,2,2,1.0
1431172,test,a40_41,2.8637748,4.6023507,1.0,3,3,1.0,2,2,1.0
1462004,test,a40_41,2.8637748,1.7540548,1.0,3,3,1.0,2,2,1.0
1520173,test,a40_41,2.8637748,3.8882296,1.0,3,3,1.0,2,2,1.0
1522175,test,a40_41,2.8637748,4.5083756,1.0,3,3,1.0,2,2,1.0
1542006,test,a40_41,2.8637748,4.433782,1.0,3,3,1.0,2,2,1.0
1542177,test,a40_41,2.8637748,4.2022185,1.0,3,3,1.0,2,2,1.0
1567031,test,a40_41,2.8637748,3.8071828,1.0,3,3,1.0,2,6,1.0
1608031,test,a40_41,2.8637748,3.1444824,1.0,3,3,1.0,2,4,1.0
1612003,test,a40_41,2.8637748,4.1677203,1.0,3,3,1.0,2,4,1.0
1621003,test,a40_41,2.8637748,3.2300382,1.0,3,3,1.0,2,2,1.0
1648003,test,a40_41,2.8637748,2.9066825,1.0,3,3,1.0,2,2,1.0
1648030,test,a40_41,2.8637748,3.3073823,1.0,3,2,1.0,2,6,1.0
1670172,test,a40_41,2.8637748,2.9212708,1.0,3,3,1.0,2,2,1.0
1684170,test,a40_41,2.8637748,0.0,0.0,3,-1,0.0,2,-1,0.0
1690030,test,a40_41,2.8637748,3.6953304,1.0,3,3,1.0,2,2,1.0
1692176,test,a40_41,2.8637748,3.8142254,1.0,3,3,1.0,2,2,1.0
1695030,test,a40_41,2.8637748,2.9304814,1.0,3,3,1.0,2,2,1.0
1697036,test,a40_41,2.8637748,0.0,1.0,3,3,1.0,2,2,1.0
1698170,test,a40_41,2.8637748,2.7524128,1.0,3,3,1.0,2,2,1.0
1700031,test,a40_41,2.8637748,3.4132857,1.0,3,3,1.0,2,4,1.0
1701003,test,a40_41,2.8637748,4.083866,1.0,3,3,1.0,2,6,1.0
1711003,test,a40_41,2.8637748,2.6030054,1.0,3,3,1.0,2,2,1.0
1711171,test,a40_41,2.8637748,1.7564632,1.0,3,3,1.0,2,2,1.0
1732005,test,a40_41,2.8637748,3.6597633,1.0,3,3,1.0,2,4,1.0
1762187,test,a40_41,2.8637748,2.3030276,1.0,3,3,1.0,2,3,1.0
1786187,test,a40_41,2.8637748,3.3871381,1.0,3,3,1.0,2,2,1.0
1837006,test,a40_41,2.8637748,2.9212708,1.0,3,3,1.0,2,2,1.0
1850172,test,a40_41,2.8637748,3.478806,1.0,3,3,1.0,2,2,1.0
1878030,test,a40_41,2.8637748,0.0,1.0,3,2,1.0,2,4,1.0
1879030,test,a40_41,2.8637748,4.0048003,1.0,3,3,1.0,2,2,1.0
1905004,test,a40_41,2.8637748,3.8047087,1.0,3,3,1.0,2,2,1.0
1919009,test,a40_41,2.8637748,2.2302382,1.0,3,3,1.0,2,2,1.0
1935004,test,a40_41,2.8637748,3.016735,1.0,3,3,1.0,2,2,1.0
1936030,test,a40_41,2.8637748,1.4956659,1.0,3,3,1.0,2,2,1.0
1978171,test,a40_41,2.8637748,2.6840017,1.0,3,3,1.0,2,2,1.0
2030031,test,a40_41,2.8637748,3.3526871,1.0,3,3,1.0,2,2,1.0
2117003,test,a40_41,2.8637748,2.4012594,1.0,3,3,1.0,2,2,1.0
2150172,test,a40_41,2.8637748,2.8005123,1.0,3,2,1.0,2,2,1.0
2199182,test,a40_41,2.8637748,4.0846477,1.0,3,3,1.0,2,2,1.0
2206030,test,a40_41,2.8637748,2.9928195,1.0,3,3,1.0,2,2,1.0
2212031,test,a40_41,2.8637748,4.4331484,1.0,3,3,1.0,2,2,1.0
2238004,test,a40_41,2.8637748,3.9032092,1.0,3,3,1.0,2,4,1.0
2238172,test,a40_41,2.8637748,4.278098,1.0,3,3,1.0,2,3,1.0
2252172,test,a40_41,2.8637748,3.153995,1.0,3,3,1.0,2,2,1.0
2255030,test,a40_41,2.8637748,4.886779,1.0,3,3,1.0,2,2,1.0
2277008,test,a40_41,2.8637748,2.7901263,1.0,3,3,1.0,2,2,1.0
2311172,test,a40_41,2.8637748,0.74044657,1.0,3,3,1.0,2,2,1.0
2330003,test,a40_41,2.8637748,3.858834,1.0,3,3,1.0,2,2,1.0
2338003,test,a40_41,2.8637748,4.6548495,1.0,3,3,1.0,2,2,1.0
2341004,test,a40_41,2.8637748,3.0886452,1.0,3,3,1.0,2,4,1.0
2341005,test,a40_41,2.8637748,2.4084687,1.0,3,3,1.0,2,2,1.0
2354004,test,a40_41,2.8637748,2.5044913,1.0,3,3,1.0,2,2,1.0
2392004,test,a40_41,2.8637748,0.0,0.0,3,-1,0.0,2,-1,0.0
2393005,test,a40_41,2.8637748,3.6807222,1.0,3,3,1.0,2,2,1.0
2393171,test,a40_41,2.8637748,3.9681766,1.0,3,3,1.0,2,2,1.0
2409006,test,a40_41,2.8637748,0.0,0.0,3,-1,0.0,2,-1,0.0
2409171,test,a40_41,2.8637748,3.0480464,1.0,3,3,1.0,2,4,1.0
2422178,test,a40_41,2.8637748,3.4296312,1.0,3,3,1.0,2,2,1.0
2459030,test,a40_41,2.8637748,3.9497616,1.0,3,3,1.0,2,2,1.0
2474030,test,a40_41,2.8637748,4.079769,1.0,3,3,1.0,2,2,1.0
2474171,test,a40_41,2.8637748,0.0,1.0,3,2,1.0,2,2,1.0
2485173,test,a40_41,2.8637748,2.5871267,1.0,3,3,1.0,2,4,1.0
2496172,test,a40_41,2.8637748,3.3445346,1.0,3,3,1.0,2,2,1.0
2502005,test,a40_41,2.8637748,3.3588138,1.0,3,3,1.0,2,2,1.0
2510171,test,a40_41,2.8637748,4.455336,1.0,3,3,1.0,2,2,1.0
2525174,test,a40_41,2.8637748,0.0,1.0,3,2,1.0,2,2,1.0
2530184,test,a40_41,2.8637748,0.0,1.0,3,2,1.0,2,2,1.0
2547171,test,a40_41,2.8637748,4.540295,1.0,3,3,1.0,2,2,1.0
2580030,test,a40_41,2.8637748,4.8289323,1.0,3,3,1.0,2,2,1.0
2593171,test,a40_41,2.8637748,4.5567827,1.0,3,3,1.0,2,4,1.0
2615031,test,a40_41,2.8637748,3.1635318,1.0,3,3,1.0,2,2,1.0
2642030,test,a40_41,2.8637748,3.5686162,1.0,3,3,1.0,2,2,1.0
2655002,test,a40_41,2.8637748,0.0,1.0,3,2,1.0,2,2,1.0
2705031,test,a40_41,2.8637748,3.5910182,1.0,3,3,1.0,2,4,1.0
2707179,test,a40_41,2.8637748,3.1097243,1.0,3,3,1.0,2,2,1.0
2714031,test,a40_41,2.8637748,4.4998927,1.0,3,3,1.0,2,3,1.0
2717004,test,a40_41,2.8637748,3.5781584,1.0,3,3,1.0,2,2,1.0
2738171,test,a40_41,2.8637748,4.0232816,1.0,3,3,1.0,2,2,1.0
2794003,test,a40_41,2.8637748,3.718102,1.0,3,3,1.0,2,2,1.0
2845030,test,a40_41,2.8637748,3.4900744,1.0,3,3,1.0,2,2,1.0
2847030,test,a40_41,2.8637748,3.4371748,1.0,3,3,1.0,2,4,1.0
2848174,test,a40_41,2.8637748,0.0,1.0,3,3,1.0,2,2,1.0
2852006,test,a40_41,2.8637748,1.7842062,1.0,3,3,1.0,2,2,1.0
2852030,test,a40_41,2.8637748,3.4605064,1.0,3,3,1.0,2,4,1.0
2869170,test,a40_41,2.8637748,4.2101345,1.0,3,3,1.0,2,2,1.0
2897006,test,a40_41,2.8637748,0.0,1.0,3,3,1.0,2,2,1.0
2900171,test,a40_41,2.8637748,3.6409497,1.0,3,3,1.0,2,2,1.0
2907006,test,a40_41,2.8637748,2.6187103,1.0,3,3,1.0,2,2,1.0
2920030,test,a40_41,2.8637748,0.0,0.0,3,-1,0.0,2,-1,0.0
3107001,test,a40_41,2.8637748,3.2733867,1.0,3,3,1.0,2,2,1.0
3137007,test,a40_41,2.8637748,2.5467622,1.0,3,3,1.0,2,6,1.0
3283002,test,a40_41,2.8637748,3.921005,1.0,3,3,1.0,2,6,1.0
3492001,test,a40_41,2.8637748,0.0,1.0,3,2,1.0,2,2,1.0
5016170,test,a40_41,2.8637748,2.2421632,1.0,3,3,1.0,2,4,1.0
5082003,test,a40_41,2.8637748,3.9932265,1.0,3,3,1.0,2,4,1.0
5145032,test,a40_41,2.8637748,3.1170058,1.0,3,3,1.0,2,6,1.0
5163030,test,a40_41,2.8637748,2.9642875,1.0,3,3,1.0,2,4,1.0
5177171,test,a40_41,2.8637748,0.49211225,1.0,3,2,1.0,2,6,1.0
5199178,test,a40_41,2.8637748,3.59953,1.0,3,3,1.0,2,2,1.0
5241030,test,a40_41,2.8637748,3.5749753,1.0,3,3,1.0,2,6,1.0
5264004,test,a40_41,2.8637748,3.5120373,1.0,3,3,1.0,2,2,1.0
5294003,test,a40_41,2.8637748,3.654262,1.0,3,3,1.0,2,2,1.0
5299172,test,a40_41,2.8637748,3.1953952,1.0,3,3,1.0,2,2,1.0
5306002,test,a40_41,2.8637748,0.3266577,1.0,3,2,1.0,2,6,1.0
5350030,test,a40_41,2.8637748,3.3050623,1.0,3,3,1.0,2,6,1.0
5364006,test,a40_41,2.8637748,4.7806487,1.0,3,3,1.0,2,6,1.0
5366033,test,a40_41,2.8637748,3.8141546,1.0,3,3,1.0,2,4,1.0
5406173,test,a40_41,2.8637748,3.6509905,1.0,3,3,1.0,2,4,1.0
5424030,test,a40_41,2.8637748,1.3657057,1.0,3,3,1.0,2,6,1.0
5425003,test,a40_41,2.8637748,2.8280425,1.0,3,3,1.0,2,2,1.0
5430031,test,a40_41,2.8637748,0.6298249,1.0,3,2,1.0,2,6,1.0
5430171,test,a40_41,2.8637748,2.7871172,1.0,3,3,1.0,2,6,1.0
5443007,test,a40_41,2.8637748,3.016735,1.0,3,3,1.0,2,2,1.0
5464032,test,a40_41,2.8637748,1.6090235,1.0,3,2,1.0,2,2,1.0
5488007,test,a40_41,2.8637748,2.6505947,1.0,3,3,1.0,2,2,1.0
5494005,test,a40_41,2.8637748,3.4877887,1.0,3,3,1.0,2,2,1.0
5513030,test,a40_41,2.8637748,0.0,1.0,3,3,1.0,2,6,1.0
5549006,test,a40_41,2.8637748,3.1447468,1.0,3,2,1.0,2,3,1.0
5553173,test,a40_41,2.8637748,4.0601115,1.0,3,3,1.0,2,2,1.0
5560186,test,a40_41,2.8637748,3.5258186,1.0,3,3,1.0,2,2,1.0
5569009,test,a40_41,2.8637748,3.5397089,1.0,3,3,1.0,2,3,1.0
5570010,test,a40_41,2.8637748,3.7746825,1.0,3,3,1.0,2,4,1.0
5570012,test,a40_41,2.8637748,3.5320323,1.0,3,3,1.0,2,2,1.0
5570033,test,a40_41,2.8637748,3.0667183,1.0,3,3,1.0,2,2,1.0
5576031,test,a40_41,2.8637748,2.7843602,1.0,3,3,1.0,2,2,1.0
5614005,test,a40_41,2.8637748,1.4687297,1.0,3,2,1.0,2,4,1.0
5615010,test,a40_41,2.8637748,3.456708,1.0,3,3,1.0,2,2,1.0
5615181,test,a40_41,2.8637748,3.760343,1.0,3,3,1.0,2,2,1.0
5621170,test,a40_41,2.8637748,2.9801733,1.0,3,3,1.0,2,2,1.0
5626010,test,a40_41,2.8637748,3.3771255,1.0,3,3,1.0,2,4,1.0
5634188,test,a40_41,2.8637748,4.2273045,1.0,3,3,1.0,2,5,1.0
5635031,test,a40_41,2.8637748,2.0191162,1.0,3,2,1.0,2,2,1.0
5646006,test,a40_41,2.8637748,0.6864259,1.0,3,2,1.0,2,6,1.0
5660005,test,a40_41,2.8637748,1.360323,1.0,3,3,1.0,2,3,1.0
5664003,test,a40_41,2.8637748,2.423047,1.0,3,2,1.0,2,6,1.0
5676007,test,a40_41,2.8637748,3.4555361,1.0,3,3,1.0,2,2,1.0
5678030,test,a40_41,2.8637748,0.0,1.0,3,2,1.0,2,6,1.0
5684034,test,a40_41,2.8637748,3.965506,1.0,3,3,1.0,2,2,1.0
5784005,test,a40_41,2.8637748,0.544594,1.0,3,3,1.0,2,6,1.0
5819005,test,a40_41,2.8637748,0.0,1.0,3,3,1.0,2,6,1.0
5821008,test,a40_41,2.8637748,3.1290631,1.0,3,3,1.0,2,2,1.0
5863033,test,a40_41,2.8637748,2.174519,1.0,3,3,1.0,2,6,1.0
5921003,test,a40_41,2.8637748,3.4085956,1.0,3,3,1.0,2,6,1.0
5922010,test,a40_41,2.8637748,4.886779,1.0,3,3,1.0,2,6,1.0
5938031,test,a40_41,2.8637748,0.0,1.0,3,2,1.0,2,6,1.0
5960033,test,a40_41,2.8637748,3.553619,1.0,3,3,1.0,2,6,1.0
5995005,test,a40_41,2.8637748,0.0,1.0,3,2,1.0,2,6,1.0
6028032,test,a40_41,2.8637748,3.255347,1.0,3,3,1.0,2,6,1.0
6030005,test,a40_41,2.8637748,3.3395429,1.0,3,3,1.0,2,2,1.0
6030008,test,a40_41,2.8637748,3.1301715,1.0,3,3,1.0,2,2,1.0
6093006,test,a40_41,2.8637748,3.1447468,1.0,3,3,1.0,2,6,1.0
6093011,test,a40_41,2.8637748,3.3018157,1.0,3,3,1.0,2,6,1.0
6114182,test,a40_41,2.8637748,0.0,1.0,3,2,1.0,2,4,1.0
6120195,test,a40_41,2.8637748,0.0,1.0,3,3,1.0,2,3,1.0
6121030,test,a40_41,2.8637748,3.929484,1.0,3,3,1.0,2,6,1.0
6179003,test,a40_41,2.8637748,3.4392455,1.0,3,3,1.0,2,2,1.0
6179170,test,a40_41,2.8637748,0.0,1.0,3,2,1.0,2,2,1.0
6191006,test,a40_41,2.8637748,3.8172607,1.0,3,3,1.0,2,2,1.0
6200175,test,a40_41,2.8637748,3.2527912,1.0,3,3,1.0,2,2,1.0
6210007,test,a40_41,2.8637748,3.212376,1.0,3,3,1.0,2,2,1.0
6210008,test,a40_41,2.8637748,0.0,1.0,3,2,1.0,2,4,1.0
6350007,test,a40_41,2.8637748,3.1544933,1.0,3,3,1.0,2,2,1.0
6365010,test,a40_41,2.8637748,3.0165422,1.0,3,3,1.0,2,6,1.0
6365011,test,a40_41,2.8637748,0.0,1.0,3,2,1.0,2,2,1.0
6365177,test,a40_41,2.8637748,3.6634784,1.0,3,3,1.0,2,2,1.0
6381008,test,a40_41,2.8637748,0.0,1.0,3,2,1.0,2,4,1.0
6444003,test,a40_41,2.8637748,2.9807694,1.0,3,3,1.0,2,2,1.0
6475006,test,a40_41,2.8637748,0.0,1.0,3,2,1.0,2,6,1.0
6475007,test,a40_41,2.8637748,3.4318714,1.0,3,3,1.0,2,6,1.0
6509004,test,a40_41,2.8637748,3.3419354,1.0,3,3,1.0,2,2,1.0
6545008,test,a40_41,2.8637748,0.0,1.0,3,3,1.0,2,2,1.0
6571003,test,a40_41,2.8637748,4.2124395,1.0,3,3,1.0,2,6,1.0
6635009,test,a40_41,2.8637748,0.0,1.0,3,2,1.0,2,6,1.0
6663030,test,a40_41,2.8637748,4.0755825,1.0,3,3,1.0,2,6,1.0
6674003,test,a40_41,2.8637748,4.3560786,1.0,3,3,1.0,2,4,1.0
6674005,test,a40_41,2.8637748,0.0,1.0,3,2,1.0,2,4,1.0
6736181,test,a40_41,2.8637748,2.6303368,1.0,3,3,1.0,2,2,1.0
6740003,test,a40_41,2.8637748,2.6061158,1.0,3,3,1.0,2,2,1.0
6769008,test,a40_41,2.8637748,2.2111993,1.0,3,3,1.0,2,3,1.0
6779033,test,a40_41,2.8637748,0.0,1.0,3,2,1.0,2,6,1.0
6820030,test,a40_41,2.8637748,0.0,1.0,3,2,1.0,2,6,1.0
6843006,test,a40_41,2.8637748,1.8969418,1.0,3,2,1.0,2,2,1.0
6857006,test,a40_41,2.8637748,3.766271,1.0,3,3,1.0,2,3,1.0
6030,test,a42_43,2.8670847,4.018007,1.0,3,3,1.0,2,2,1.0
10030,test,a42_43,2.8670847,4.516398,1.0,3,3,1.0,2,2,1.0
41008,test,a42_43,2.8670847,0.0,1.0,3,2,1.0,2,4,1.0
68003,test,a42_43,2.8670847,3.703213,1.0,3,3,1.0,2,2,1.0
127030,test,a42_43,2.8670847,0.0,0.0,3,-1,0.0,2,-1,0.0
127031,test,a42_43,2.8670847,3.1822217,1.0,3,3,1.0,2,4,1.0
129031,test,a42_43,2.8670847,2.110738,1.0,3,3,1.0,2,6,1.0
129196,test,a42_43,2.8670847,0.0,1.0,3,2,1.0,2,2,1.0
165030,test,a42_43,2.8670847,4.0063634,1.0,3,3,1.0,2,2,1.0
284004,test,a42_43,2.8670847,4.437202,1.0,3,3,1.0,2,2,1.0
301032,test,a42_43,2.8670847,3.9811094,1.0,3,3,1.0,2,2,1.0
327003,test,a42_43,2.8670847,3.8643053,1.0,3,3,1.0,2,2,1.0
327171,test,a42_43,2.8670847,2.8548763,1.0,3,3,1.0,2,2,1.0
327172,test,a42_43,2.8670847,3.2091634,1.0,3,3,1.0,2,2,1.0
331005,test,a42_43,2.8670847,4.2756553,1.0,3,3,1.0,2,2,1.0
344178,test,a42_43,2.8670847,3.4481115,1.0,3,3,1.0,2,2,1.0
461030,test,a42_43,2.8670847,3.3523545,1.0,3,3,1.0,2,2,1.0
486004,test,a42_43,2.8670847,3.933598,1.0,3,3,1.0,2,2,1.0
563183,test,a42_43,2.8670847,0.0,1.0,3,2,1.0,2,2,1.0
577004,test,a42_43,2.8670847,2.9315493,1.0,3,3,1.0,2,2,1.0
607030,test,a42_43,2.8670847,3.9962149,1.0,3,3,1.0,2,2,1.0
613173,test,a42_43,2.8670847,4.227375,1.0,3,3,1.0,2,2,1.0
634008,test,a42_43,2.8670847,0.0,1.0,3,2,1.0,2,2,1.0
652005,test,a42_43,2.8670847,3.6719475,1.0,3,3,1.0,2,2,1.0
672003,test,a42_43,2.8670847,3.808172,1.0,3,3,1.0,2,4,1.0
691175,test,a42_43,2.8670847,3.1299195,1.0,3,3,1.0,2,2,1.0
699031,test,a42_43,2.8670847,3.583789,1.0,3,3,1.0,2,6,1.0
722178,test,a42_43,2.8670847,2.521224,1.0,3,3,1.0,2,2,1.0
771003,test,a42_43,2.8670847,3.6820703,1.0,3,3,1.0,2,2,1.0
775005,test,a42_43,2.8670847,0.8922645,1.0,3,2,1.0,2,2,1.0
796006,test,a42_43,2.8670847,3.7072225,1.0,3,3,1.0,2,6,1.0
844003,test,a42_43,2.8670847,3.515213,1.0,3,3,1.0,2,2,1.0
863006,test,a42_43,2.8670847,1.3962052,1.0,3,3,1.0,2,2,1.0
863173,test,a42_43,2.8670847,4.0801353,1.0,3,3,1.0,2,2,1.0
866172,test,a42_43,2.8670847,3.1822217,1.0,3,3,1.0,2,2,1.0
868005,test,a42_43,2.8670847,4.123802,1.0,3,3,1.0,2,2,1.0
875030,test,a42_43,2.8670847,0.0,1.0,3,2,1.0,2,2,1.0
897006,test,a42_43,2.8670847,0.0,1.0,3,2,1.0,2,4,1.0
922171,test,a42_43,2.8670847,4.564996,1.0,3,3,1.0,2,2,1.0
934030,test,a42_43,2.8670847,4.243668,1.0,3,3,1.0,2,2,1.0
935005,test,a42_43,2.8670847,2.483961,1.0,3,3,1.0,2,2,1.0
935176,test,a42_43,2.8670847,3.3922262,1.0,3,3,1.0,2,2,1.0
939030,test,a42_43,2.8670847,0.0,1.0,3,2,1.0,2,2,1.0
964003,test,a42_43,2.8670847,2.023317,1.0,3,3,1.0,2,6,1.0
970004,test,a42_43,2.8670847,3.4467251,1.0,3,3,1.0,2,2,1.0
982004,test,a42_43,2.8670847,3.616172,1.0,3,3,1.0,2,2,1.0
1033030,test,a42_43,2.8670847,4.886779,1.0,3,3,1.0,2,2,1.0
1036003,test,a42_43,2.8670847,3.3667955,1.0,3,3,1.0,2,2,1.0
1048006,test,a42_43,2.8670847,2.895511,1.0,3,3,1.0,2,2,1.0
1055172,test,a42_43,2.8670847,3.6527476,1.0,3,3,1.0,2,2,1.0
1060175,test,a42_43,2.8670847,2.5045755,1.0,3,3,1.0,2,2,1.0
1064171,test,a42_43,2.8670847,4.023821,1.0,3,3,1.0,2,2,1.0
1072171,test,a42_43,2.8670847,2.8696802,1.0,3,3,1.0,2,2,1.0
1084175,test,a42_43,2.8670847,0.0,1.0,3,2,1.0,2,2,1.0
1100172,test,a42_43,2.8670847,3.9111626,1.0,3,3,1.0,2,2,1.0
1141171,test,a42_43,2.8670847,3.0497952,1.0,3,3,1.0,2,4,1.0
1142030,test,a42_43,2.8670847,3.3326652,1.0,3,3,1.0,2,4,1.0
1144032,test,a42_43,2.8670847,4.289485,1.0,3,3,1.0,2,2,1.0
1149171,test,a42_43,2.8670847,3.9254675,1.0,3,3,1.0,2,2,1.0
1162030,test,a42_43,2.8670847,3.525854,1.0,3,3,1.0,2,2,1.0
1167030,test,a42_43,2.8670847,0.0,1.0,3,3,1.0,2,6,1.0
1168008,test,a42_43,2.8670847,3.535023,1.0,3,3,1.0,2,3,1.0
1222179,test,a42_43,2.8670847,2.8725085,1.0,3,3,1.0,2,2,1.0
1260008,test,a42_43,2.8670847,2.7313974,1.0,3,3,1.0,2,2,1.0
1269030,test,a42_43,2.8670847,4.3682094,1.0,3,3,1.0,2,2,1.0
1292030,test,a42_43,2.8670847,0.0,1.0,3,2,1.0,2,4,1.0
1298005,test,a42_43,2.8670847,3.5551443,1.0,3,3,1.0,2,2,1.0
1306030,test,a42_43,2.8670847,4.886779,1.0,3,3,1.0,2,2,1.0
1335179,test,a42_43,2.8670847,3.439407,1.0,3,3,1.0,2,2,1.0
1353030,test,a42_43,2.8670847,0.0,1.0,3,2,1.0,2,2,1.0
1384030,test,a42_43,2.8670847,3.6010532,1.0,3,3,1.0,2,2,1.0
1399008,test,a42_43,2.8670847,4.2632937,1.0,3,2,1.0,2,4,1.0
1415004,test,a42_43,2.8670847,1.6088175,1.0,3,3,1.0,2,2,1.0
1430005,test,a42_43,2.8670847,0.0,1.0,3,2,1.0,2,6,1.0
1431003,test,a42_43,2.8670847,4.011046,1.0,3,3,1.0,2,2,1.0
1431004,test,a42_43,2.8670847,1.4956659,1.0,3,3,1.0,2,2,1.0
1431172,test,a42_43,2.8670847,4.584402,1.0,3,3,1.0,2,2,1.0
1462004,test,a42_43,2.8670847,3.3424077,1.0,3,3,1.0,2,2,1.0
1520173,test,a42_43,2.8670847,3.747171,1.0,3,3,1.0,2,2,1.0
1522175,test,a42_43,2.8670847,4.696712,1.0,3,3,1.0,2,2,1.0
1542006,test,a42_43,2.8670847,4.3451347,1.0,3,3,1.0,2,2,1.0
1542177,test,a42_43,2.8670847,4.0403357,1.0,3,3,1.0,2,2,1.0
1567031,test,a42_43,2.8670847,3.7483754,1.0,3,3,1.0,2,6,1.0
1608031,test,a42_43,2.8670847,3.5092788,1.0,3,3,1.0,2,4,1.0
1612003,test,a42_43,2.8670847,4.0259957,1.0,3,3,1.0,2,4,1.0
1621003,test,a42_43,2.8670847,0.0,1.0,3,3,1.0,2,2,1.0
1648003,test,a42_43,2.8670847,2.5321536,1.0,3,3,1.0,2,2,1.0
1648030,test,a42_43,2.8670847,0.6704159,1.0,3,2,1.0,2,6,1.0
1670172,test,a42_43,2.8670847,3.1949477,1.0,3,3,1.0,2,2,1.0
1684170,test,a42_43,2.8670847,3.265041,1.0,3,3,1.0,2,2,1.0
1690030,test,a42_43,2.8670847,3.680744,1.0,3,3,1.0,2,2,1.0
1692176,test,a42_43,2.8670847,3.9474757,1.0,3,3,1.0,2,2,1.0
1695030,test,a42_43,2.8670847,3.1937861,1.0,3,3,1.0,2,2,1.0
1697036,test,a42_43,2.8670847,1.541289,1.0,3,3,1.0,2,2,1.0
1698170,test,a42_43,2.8670847,2.7459342,1.0,3,3,1.0,2,2,1.0
1700031,test,a42_43,2.8670847,3.5983753,1.0,3,3,1.0,2,4,1.0
1701003,test,a42_43,2.8670847,4.1992106,1.0,3,3,1.0,2,6,1.0
1711003,test,a42_43,2.8670847,0.0,1.0,3,2,1.0,2,2,1.0
1711171,test,a42_43,2.8670847,0.0,1.0,3,2,1.0,2,2,1.0
1732005,test,a42_43,2.8670847,4.4446826,1.0,3,3,1.0,2,4,1.0
1762187,test,a42_43,2.8670847,1.674252,1.0,3,3,1.0,2,3,1.0
1786187,test,a42_43,2.8670847,3.3329153,1.0,3,3,1.0,2,2,1.0
1837006,test,a42_43,2.8670847,2.976302,1.0,3,3,1.0,2,2,1.0
1850172,test,a42_43,2.8670847,3.4697297,1.0,3,3,1.0,2,2,1.0
1878030,test,a42_43,2.8670847,2.5655892,1.0,3,3,1.0,2,4,1.0
1879030,test,a42_43,2.8670847,4.0755825,1.0,3,3,1.0,2,2,1.0
1905004,test,a42_43,2.8670847,4.7210507,1.0,3,3,1.0,2,2,1.0
1919009,test,a42_43,2.8670847,2.1802564,1.0,3,3,1.0,2,2,1.0
1935004,test,a42_43,2.8670847,1.0762821,1.0,3,3,1.0,2,2,1.0
1936030,test,a42_43,2.8670847,1.3160636,1.0,3,3,1.0,2,2,1.0
1978171,test,a42_43,2.8670847,2.9928195,1.0,3,3,1.0,2,2,1.0
2030031,test,a42_43,2.8670847,3.3705976,1.0,3,3,1.0,2,2,1.0
2117003,test,a42_43,2.8670847,2.3713877,1.0,3,3,1.0,2,2,1.0
2150172,test,a42_43,2.8670847,3.0265424,1.0,3,3,1.0,2,4,1.0
2199182,test,a42_43,2.8670847,4.1060762,1.0,3,3,1.0,2,2,1.0
2206030,test,a42_43,2.8670847,2.9993773,1.0,3,3,1.0,2,2,1.0
2212031,test,a42_43,2.8670847,4.3677416,1.0,3,3,1.0,2,2,1.0
2238004,test,a42_43,2.8670847,4.0907726,1.0,3,3,1.0,2,4,1.0
2238172,test,a42_43,2.8670847,4.4151845,1.0,3,3,1.0,2,4,1.0
2252172,test,a42_43,2.8670847,3.0762377,1.0,3,3,1.0,2,2,1.0
2255030,test,a42_43,2.8670847,4.6077914,1.0,3,3,1.0,2,2,1.0
2277008,test,a42_43,2.8670847,2.9075313,1.0,3,3,1.0,2,2,1.0
2311172,test,a42_43,2.8670847,2.0253,1.0,3,3,1.0,2,2,1.0
2330003,test,a42_43,2.8670847,4.706708,1.0,3,3,1.0,2,2,1.0
2338003,test,a42_43,2.8670847,4.748924,1.0,3,3,1.0,2,2,1.0
2341004,test,a42_43,2.8670847,3.5317435,1.0,3,2,1.0,2,2,1.0
2341005,test,a42_43,2.8670847,4.5817747,1.0,3,3,1.0,2,2,1.0
2354004,test,a42_43,2.8670847,2.3713877,1.0,3,3,1.0,2,2,1.0
2392004,test,a42_43,2.8670847,3.3104866,1.0,3,3,1.0,2,3,1.0
2393005,test,a42_43,2.8670847,3.3018157,1.0,3,3,1.0,2,2,1.0
2393171,test,a42_43,2.8670847,4.596202,1.0,3,3,1.0,2,2,1.0
2409006,test,a42_43,2.8670847,3.8550358,1.0,3,3,1.0,2,4,1.0
2409171,test,a42_43,2.8670847,2.9554553,1.0,3,3,1.0,2,4,1.0
2422178,test,a42_43,2.8670847,3.470292,1.0,3,3,1.0,2,2,1.0
2459030,test,a42_43,2.8670847,4.0590634,1.0,3,3,1.0,2,2,1.0
2474030,test,a42_43,2.8670847,4.110122,1.0,3,3,1.0,2,2,1.0
2474171,test,a42_43,2.8670847,0.0,1.0,3,3,1.0,2,2,1.0
2485173,test,a42_43,2.8670847,2.700981,1.0,3,3,1.0,2,2,1.0
2496172,test,a42_43,2.8670847,3.4664924,1.0,3,3,1.0,2,2,1.0
2502005,test,a42_43,2.8670847,4.0467095,1.0,3,3,1.0,2,2,1.0
2510171,test,a42_43,2.8670847,4.201887,1.0,3,3,1.0,2,2,1.0
2525174,test,a42_43,2.8670847,0.0,1.0,3,2,1.0,2,2,1.0
2530184,test,a42_43,2.8670847,2.1477582,1.0,3,3,1.0,2,2,1.0
2547171,test,a42_43,2.8670847,4.3276353,1.0,3,3,1.0,2,2,1.0
2580030,test,a42_43,2.8670847,4.7627664,1.0,3,3,1.0,2,2,1.0
2593171,test,a42_43,2.8670847,4.5300713,1.0,3,3,1.0,2,4,1.0
2615031,test,a42_43,2.8670847,3.1693892,1.0,3,3,1.0,2,2,1.0
2642030,test,a42_43,2.8670847,3.7204437,1.0,3,3,1.0,2,2,1.0
2655002,test,a42_43,2.8670847,0.0,1.0,3,2,1.0,2,2,1.0
2705031,test,a42_43,2.8670847,3.8177946,1.0,3,3,1.0,2,4,1.0
2707179,test,a42_43,2.8670847,2.8142757,1.0,3,3,1.0,2,2,1.0
2714031,test,a42_43,2.8670847,4.569471,1.0,3,3,1.0,2,4,1.0
2717004,test,a42_43,2.8670847,3.5017936,1.0,3,3,1.0,2,2,1.0
2738171,test,a42_43,2.8670847,3.9697835,1.0,3,3,1.0,2,2,1.0
2794003,test,a42_43,2.8670847,3.6463413,1.0,3,3,1.0,2,2,1.0
2845030,test,a42_43,2.8670847,3.6226897,1.0,3,3,1.0,2,2,1.0
2847030,test,a42_43,2.8670847,3.4256546,1.0,3,3,1.0,2,4,1.0
2848174,test,a42_43,2.8670847,2.3689122,1.0,3,3,1.0,2,2,1.0
2852006,test,a42_43,2.8670847,3.0007699,1.0,3,2,1.0,2,3,1.0
2852030,test,a42_43,2.8670847,2.2156281,1.0,3,2,1.0,2,4,1.0
2869170,test,a42_43,2.8670847,4.379163,1.0,3,3,1.0,2,2,1.0
2897006,test,a42_43,2.8670847,3.6260033,1.0,3,3,1.0,2,2,1.0
2900171,test,a42_43,2.8670847,3.7188902,1.0,3,3,1.0,2,2,1.0
2907006,test,a42_43,2.8670847,2.8249462,1.0,3,3,1.0,2,2,1.0
2920030,test,a42_43,2.8670847,3.3265107,1.0,3,3,1.0,2,4,1.0
3107001,test,a42_43,2.8670847,1.9854654,1.0,3,3,1.0,2,4,1.0
3137007,test,a42_43,2.8670847,2.4228272,1.0,3,2,1.0,2,6,1.0
3283002,test,a42_43,2.8670847,3.9443512,1.0,3,3,1.0,2,6,1.0
3492001,test,a42_43,2.8670847,0.118359506,1.0,3,2,1.0,2,2,1.0
5016170,test,a42_43,2.8670847,2.743526,1.0,3,3,1.0,2,4,1.0
5082003,test,a42_43,2.8670847,3.938906,1.0,3,3,1.0,2,4,1.0
5145032,test,a42_43,2.8670847,3.1056306,1.0,3,3,1.0,2,6,1.0
5163030,test,a42_43,2.8670847,3.1932871,1.0,3,3,1.0,2,4,1.0
5177171,test,a42_43,2.8670847,0.9682884,1.0,3,2,1.0,2,6,1.0
5199178,test,a42_43,2.8670847,3.7188902,1.0,3,3,1.0,2,2,1.0
5241030,test,a42_43,2.8670847,3.4132857,1.0,3,3,1.0,2,6,1.0
5264004,test,a42_43,2.8670847,3.606141,1.0,3,3,1.0,2,2,1.0
5294003,test,a42_43,2.8670847,3.6645775,1.0,3,3,1.0,2,2,1.0
5299172,test,a42_43,2.8670847,3.3685656,1.0,3,3,1.0,2,2,1.0
5306002,test,a42_43,2.8670847,0.0,1.0,3,2,1.0,2,6,1.0
5350030,test,a42_43,2.8670847,3.5163884,1.0,3,3,1.0,2,2,1.0
5364006,test,a42_43,2.8670847,4.2447352,1.0,3,3,1.0,2,6,1.0
5366033,test,a42_43,2.8670847,3.8660583,1.0,3,3,1.0,2,4,1.0
5406173,test,a42_43,2.8670847,3.5017936,1.0,3,3,1.0,2,4,1.0
5424030,test,a42_43,2.8670847,2.9297807,1.0,3,3,1.0,2,6,1.0
5425003,test,a42_43,2.8670847,2.960796,1.0,3,3,1.0,2,2,1.0
5430031,test,a42_43,2.8670847,0.0,1.0,3,2,1.0,2,6,1.0
5430171,test,a42_43,2.8670847,3.5347836,1.0,3,3,1.0,2,6,1.0
5443007,test,a42_43,2.8670847,1.5825812,1.0,3,3,1.0,2,2,1.0
5464032,test,a42_43,2.8670847,3.1379235,1.0,3,3,1.0,2,2,1.0
5488007,test,a42_43,2.8670847,2.7536736,1.0,3,3,1.0,2,2,1.0
5494005,test,a42_43,2.8670847,3.4795048,1.0,3,3,1.0,2,2,1.0
5513030,test,a42_43,2.8670847,3.0000806,1.0,3,3,1.0,2,6,1.0
5549006,test,a42_43,2.8670847,3.335851,1.0,3,3,1.0,2,4,1.0
5553173,test,a42_43,2.8670847,3.8834674,1.0,3,3,1.0,2,2,1.0
5560186,test,a42_43,2.8670847,3.7111013,1.0,3,3,1.0,2,2,1.0
5569009,test,a42_43,2.8670847,0.0,1.0,3,2,1.0,2,3,1.0
5570010,test,a42_43,2.8670847,3.7150583,1.0,3,3,1.0,2,2,1.0
5570012,test,a42_43,2.8670847,3.6708767,1.0,3,3,1.0,2,2,1.0
5570033,test,a42_43,2.8670847,3.5471745,1.0,3,3,1.0,2,2,1.0
5576031,test,a42_43,2.8670847,2.7944415,1.0,3,3,1.0,2,2,1.0
5614005,test,a42_43,2.8670847,0.0,1.0,3,2,1.0,2,4,1.0
5615010,test,a42_43,2.8670847,3.4707472,1.0,3,3,1.0,2,2,1.0
5615181,test,a42_43,2.8670847,3.3615167,1.0,3,3,1.0,2,2,1.0
5621170,test,a42_43,2.8670847,3.3248508,1.0,3,3,1.0,2,2,1.0
5626010,test,a42_43,2.8670847,3.3940077,1.0,3,2,1.0,2,4,1.0
5634188,test,a42_43,2.8670847,4.25247,1.0,3,2,1.0,2,5,1.0
5635031,test,a42_43,2.8670847,3.5281215,1.0,3,3,1.0,2,2,1.0
5646006,test,a42_43,2.8670847,0.0,1.0,3,2,1.0,2,4,1.0
5660005,test,a42_43,2.8670847,3.265041,1.0,3,3,1.0,2,4,1.0
5664003,test,a42_43,2.8670847,1.9812955,1.0,3,3,1.0,2,6,1.0
5676007,test,a42_43,2.8670847,3.488077,1.0,3,3,1.0,2,2,1.0
5678030,test,a42_43,2.8670847,2.3447468,1.0,3,2,1.0,2,6,1.0
5684034,test,a42_43,2.8670847,4.056188,1.0,3,3,1.0,2,2,1.0
5784005,test,a42_43,2.8670847,1.765224,1.0,3,3,1.0,2,6,1.0
5819005,test,a42_43,2.8670847,0.0,1.0,3,2,1.0,2,6,1.0
5821008,test,a42_43,2.8670847,2.9437988,1.0,3,3,1.0,2,2,1.0
5863033,test,a42_43,2.8670847,2.1360953,1.0,3,3,1.0,2,6,1.0
5921003,test,a42_43,2.8670847,3.4678156,1.0,3,3,1.0,2,6,1.0
5922010,test,a42_43,2.8670847,3.1974998,1.0,3,3,1.0,2,6,1.0
5938031,test,a42_43,2.8670847,0.0,1.0,3,2,1.0,2,6,1.0
5960033,test,a42_43,2.8670847,3.5281215,1.0,3,3,1.0,2,6,1.0
5995005,test,a42_43,2.8670847,0.0,1.0,3,2,1.0,2,6,1.0
6028032,test,a42_43,2.8670847,3.5965803,1.0,3,3,1.0,2,6,1.0
6030005,test,a42_43,2.8670847,3.335851,1.0,3,3,1.0,2,2,1.0
6030008,test,a42_43,2.8670847,3.1676285,1.0,3,3,1.0,2,2,1.0
6093006,test,a42_43,2.8670847,3.3020296,1.0,3,3,1.0,2,6,1.0
6093011,test,a42_43,2.8670847,2.8392694,1.0,3,2,1.0,2,6,1.0
6114182,test,a42_43,2.8670847,0.0,1.0,3,2,1.0,2,2,1.0
6120195,test,a42_43,2.8670847,2.568642,1.0,3,2,1.0,2,4,1.0
6121030,test,a42_43,2.8670847,4.395766,1.0,3,3,1.0,2,4,1.0
6179003,test,a42_43,2.8670847,3.4805162,1.0,3,3,1.0,2,2,1.0
6179170,test,a42_43,2.8670847,0.0,1.0,3,2,1.0,2,2,1.0
6191006,test,a42_43,2.8670847,1.2621803,1.0,3,3,1.0,2,2,1.0
6200175,test,a42_43,2.8670847,3.5848198,1.0,3,2,1.0,2,2,1.0
6210007,test,a42_43,2.8670847,2.7452414,1.0,3,3,1.0,2,2,1.0
6210008,test,a42_43,2.8670847,0.0,1.0,3,2,1.0,2,4,1.0
6350007,test,a42_43,2.8670847,3.4393446,1.0,3,3,1.0,2,2,1.0
6365010,test,a42_43,2.8670847,3.062897,1.0,3,3,1.0,2,6,1.0
6365011,test,a42_43,2.8670847,0.0,1.0,3,2,1.0,2,2,1.0
6365177,test,a42_43,2.8670847,3.49205,1.0,3,3,1.0,2,2,1.0
6381008,test,a42_43,2.8670847,3.0664406,1.0,3,3,1.0,2,4,1.0
6444003,test,a42_43,2.8670847,2.7671056,1.0,3,2,1.0,2,2,1.0
6475006,test,a42_43,2.8670847,0.9349168,1.0,3,2,1.0,2,6,1.0
6475007,test,a42_43,2.8670847,3.544934,1.0,3,3,1.0,2,6,1.0
6509004,test,a42_43,2.8670847,3.4451652,1.0,3,3,1.0,2,2,1.0
6545008,test,a42_43,2.8670847,3.8012211,1.0,3,3,1.0,2,2,1.0
6571003,test,a42_43,2.8670847,4.1571207,1.0,3,3,1.0,2,6,1.0
6635009,test,a42_43,2.8670847,0.0,1.0,3,2,1.0,2,6,1.0
6663030,test,a42_43,2.8670847,4.886779,1.0,3,3,1.0,2,6,1.0
6674003,test,a42_43,2.8670847,3.7940161,1.0,3,3,1.0,2,2,1.0
6674005,test,a42_43,2.8670847,0.0,1.0,3,2,1.0,2,4,1.0
6736181,test,a42_43,2.8670847,2.6496801,1.0,3,3,1.0,2,2,1.0
6740003,test,a42_43,2.8670847,2.6917005,1.0,3,3,1.0,2,2,1.0
6769008,test,a42_43,2.8670847,0.0,1.0,3,2,1.0,2,4,1.0
6779033,test,a42_43,2.8670847,0.0,1.0,3,2,1.0,2,6,1.0
6820030,test,a42_43,2.8670847,0.0,1.0,3,2,1.0,2,6,1.0
6843006,test,a42_43,2.8670847,1.5200922,1.0,3,3,1.0,2,2,1.0
6857006,test,a42_43,2.8670847,3.7407627,1.0,3,3,1.0,2,5,1.0
6030,test,a44_45,2.9345725,3.6545084,1.0,3,3,1.0,2,2,1.0
10030,test,a44_45,2.9345725,4.4896984,1.0,3,3,1.0,2,2,1.0
41008,test,a44_45,2.9345725,0.0,1.0,3,2,1.0,2,4,1.0
68003,test,a44_45,2.9345725,3.819024,1.0,3,3,1.0,2,2,1.0
127030,test,a44_45,2.9345725,2.281914,1.0,3,3,1.0,2,2,1.0
127031,test,a44_45,2.9345725,3.5618536,1.0,3,3,1.0,2,4,1.0
129031,test,a44_45,2.9345725,1.9444773,1.0,3,3,1.0,2,6,1.0
129196,test,a44_45,2.9345725,0.0,1.0,3,2,1.0,2,2,1.0
165030,test,a44_45,2.9345725,4.1461926,1.0,3,3,1.0,2,2,1.0
284004,test,a44_45,2.9345725,4.4692044,1.0,3,3,1.0,2,2,1.0
301032,test,a44_45,2.9345725,4.127631,1.0,3,3,1.0,2,2,1.0
327003,test,a44_45,2.9345725,3.8237772,1.0,3,3,1.0,2,2,1.0
327171,test,a44_45,2.9345725,2.8139703,1.0,3,3,1.0,2,2,1.0
327172,test,a44_45,2.9345725,3.7345612,1.0,3,3,1.0,2,2,1.0
331005,test,a44_45,2.9345725,4.2899485,1.0,3,3,1.0,2,2,1.0
344178,test,a44_45,2.9345725,3.544934,1.0,3,3,1.0,2,2,1.0
461030,test,a44_45,2.9345725,0.0,1.0,3,3,1.0,2,2,1.0
486004,test,a44_45,2.9345725,3.929022,1.0,3,3,1.0,2,2,1.0
563183,test,a44_45,2.9345725,0.0,1.0,3,2,1.0,2,2,1.0
577004,test,a44_45,2.9345725,3.6034977,1.0,3,3,1.0,2,2,1.0
607030,test,a44_45,2.9345725,4.0534096,1.0,3,3,1.0,2,2,1.0
613173,test,a44_45,2.9345725,4.65822,1.0,3,3,1.0,2,2,1.0
634008,test,a44_45,2.9345725,2.6840017,1.0,3,3,1.0,2,2,1.0
652005,test,a44_45,2.9345725,3.8279805,1.0,3,3,1.0,2,2,1.0
672003,test,a44_45,2.9345725,3.7935455,1.0,3,3,1.0,2,4,1.0
691175,test,a44_45,2.9345725,3.3115778,1.0,3,3,1.0,2,2,1.0
699031,test,a44_45,2.9345725,3.51425,1.0,3,3,1.0,2,6,1.0
722178,test,a44_45,2.9345725,3.2750242,1.0,3,3,1.0,2,2,1.0
771003,test,a44_45,2.9345725,4.1771755,1.0,3,3,1.0,2,3,1.0
775005,test,a44_45,2.9345725,0.0,1.0,3,2,1.0,2,2,1.0
796006,test,a44_45,2.9345725,4.141229,1.0,3,3,1.0,2,6,1.0
844003,test,a44_45,2.9345725,3.8602035,1.0,3,3,1.0,2,2,1.0
863006,test,a44_45,2.9345725,2.9276514,1.0,3,3,1.0,2,2,1.0
863173,test,a44_45,2.9345725,4.001547,1.0,3,3,1.0,2,2,1.0
866172,test,a44_45,2.9345725,3.182386,1.0,3,3,1.0,2,2,1.0
868005,test,a44_45,2.9345725,3.982054,1.0,3,3,1.0,2,2,1.0
875030,test,a44_45,2.9345725,0.0,1.0,3,2,1.0,2,2,1.0
897006,test,a44_45,2.9345725,0.0,1.0,3,2,1.0,2,4,1.0
922171,test,a44_45,2.9345725,4.464358,1.0,3,3,1.0,2,2,1.0
934030,test,a44_45,2.9345725,4.293851,1.0,3,3,1.0,2,2,1.0
935005,test,a44_45,2.9345725,2.7943528,1.0,3,3,1.0,2,2,1.0
935176,test,a44_45,2.9345725,3.7913468,1.0,3,3,1.0,2,2,1.0
939030,test,a44_45,2.9345725,0.0,0.0,3,-1,0.0,2,-1,0.0
964003,test,a44_45,2.9345725,2.5959773,1.0,3,2,1.0,2,6,1.0
970004,test,a44_45,2.9345725,0.0,0.0,3,-1,0.0,2,-1,0.0
982004,test,a44_45,2.9345725,3.535023,1.0,3,3,1.0,2,2,1.0
1033030,test,a44_45,2.9345725,4.886779,1.0,3,3,1.0,2,2,1.0
1036003,test,a44_45,2.9345725,3.1379235,1.0,3,3,1.0,2,2,1.0
1048006,test,a44_45,2.9345725,2.830591,1.0,3,3,1.0,2,2,1.0
1055172,test,a44_45,2.9345725,0.0,0.0,3,-1,0.0,2,-1,0.0
1060175,test,a44_45,2.9345725,3.12007,1.0,3,3,1.0,2,2,1.0
1064171,test,a44_45,2.9345725,4.769345,1.0,3,3,1.0,2,2,1.0
1072171,test,a44_45,2.9345725,2.855574,1.0,3,3,1.0,2,2,1.0
1084175,test,a44_45,2.9345725,0.0,1.0,3,2,1.0,2,2,1.0
1100172,test,a44_45,2.9345725,3.1936357,1.0,3,3,1.0,2,2,1.0
1141171,test,a44_45,2.9345725,1.0692143,1.0,3,3,1.0,2,4,1.0
1142030,test,a44_45,2.9345725,3.2907898,1.0,3,3,1.0,2,4,1.0
1144032,test,a44_45,2.9345725,4.1940236,1.0,3,3,1.0,2,2,1.0
1149171,test,a44_45,2.9345725,3.959156,1.0,3,3,1.0,2,2,1.0
1162030,test,a44_45,2.9345725,3.4265366,1.0,3,3,1.0,2,2,1.0
1167030,test,a44_45,2.9345725,1.8126447,1.0,3,3,1.0,2,6,1.0
1168008,test,a44_45,2.9345725,3.010371,1.0,3,3,1.0,2,3,1.0
1222179,test,a44_45,2.9345725,2.674835,1.0,3,3,1.0,2,2,1.0
1260008,test,a44_45,2.9345725,2.8787093,1.0,3,3,1.0,2,2,1.0
1269030,test,a44_45,2.9345725,4.6615767,1.0,3,3,1.0,2,2,1.0
1292030,test,a44_45,2.9345725,0.0,1.0,3,2,1.0,2,4,1.0
1298005,test,a44_45,2.9345725,3.5781584,1.0,3,3,1.0,2,2,1.0
1306030,test,a44_45,2.9345725,4.886779,1.0,3,3,1.0,2,2,1.0
1335179,test,a44_45,2.9345725,3.6099567,1.0,3,3,1.0,2,2,1.0
1353030,test,a44_45,2.9345725,0.0,1.0,3,2,1.0,2,2,1.0
1384030,test,a44_45,2.9345725,3.5587387,1.0,3,3,1.0,2,2,1.0
1399008,test,a44_45,2.9345725,3.9132397,1.0,3,3,1.0,2,4,1.0
1415004,test,a44_45,2.9345725,1.8165611,1.0,3,3,1.0,2,2,1.0
1430005,test,a44_45,2.9345725,0.0,1.0,3,3,1.0,2,6,1.0
1431003,test,a44_45,2.9345725,4.032044,1.0,3,3,1.0,2,2,1.0
1431004,test,a44_45,2.9345725,2.5601785,1.0,3,3,1.0,2,2,1.0
1431172,test,a44_45,2.9345725,4.583634,1.0,3,3,1.0,2,2,1.0
1462004,test,a44_45,2.9345725,3.4766757,1.0,3,3,1.0,2,2,1.0
1520173,test,a44_45,2.9345725,3.8397665,1.0,3,3,1.0,2,2,1.0
1522175,test,a44_45,2.9345725,4.651825,1.0,3,3,1.0,2,2,1.0
1542006,test,a44_45,2.9345725,3.2005377,1.0,3,3,1.0,2,2,1.0
1542177,test,a44_45,2.9345725,4.3412447,1.0,3,3,1.0,2,2,1.0
1567031,test,a44_45,2.9345725,3.8337054,1.0,3,3,1.0,2,6,1.0
1608031,test,a44_45,2.9345725,3.5350552,1.0,3,3,1.0,2,2,1.0
1612003,test,a44_45,2.9345725,3.4995418,1.0,3,3,1.0,2,4,1.0
1621003,test,a44_45,2.9345725,3.456708,1.0,3,3,1.0,2,2,1.0
1648003,test,a44_45,2.9345725,2.9091923,1.0,3,3,1.0,2,2,1.0
1648030,test,a44_45,2.9345725,0.553295,1.0,3,2,1.0,2,6,1.0
1670172,test,a44_45,2.9345725,3.416885,1.0,3,3,1.0,2,2,1.0
1684170,test,a44_45,2.9345725,3.3823977,1.0,3,3,1.0,2,2,1.0
1690030,test,a44_45,2.9345725,4.214547,1.0,3,3,1.0,2,2,1.0
1692176,test,a44_45,2.9345725,3.6672997,1.0,3,3,1.0,2,2,1.0
1695030,test,a44_45,2.9345725,3.1983416,1.0,3,3,1.0,2,2,1.0
1697036,test,a44_45,2.9345725,1.6775823,1.0,3,3,1.0,2,2,1.0
1698170,test,a44_45,2.9345725,2.58183,1.0,3,3,1.0,2,2,1.0
1700031,test,a44_45,2.9345725,3.881782,1.0,3,2,1.0,2,2,1.0
1701003,test,a44_45,2.9345725,4.0716443,1.0,3,3,1.0,2,6,1.0
1711003,test,a44_45,2.9345725,0.0,1.0,3,2,1.0,2,2,1.0
1711171,test,a44_45,2.9345725,0.0,0.0,3,-1,0.0,2,-1,0.0
1732005,test,a44_45,2.9345725,3.738171,1.0,3,3,1.0,2,4,1.0
1762187,test,a44_45,2.9345725,2.7413988,1.0,3,3,1.0,2,3,1.0
1786187,test,a44_45,2.9345725,3.563177,1.0,3,3,1.0,2,2,1.0
1837006,test,a44_45,2.9345725,2.9535642,1.0,3,3,1.0,2,2,1.0
1850172,test,a44_45,2.9345725,3.6509905,1.0,3,3,1.0,2,2,1.0
1878030,test,a44_45,2.9345725,2.485891,1.0,3,3,1.0,2,4,1.0
1879030,test,a44_45,2.9345725,4.1844926,1.0,3,3,1.0,2,2,1.0
1905004,test,a44_45,2.9345725,3.937253,1.0,3,3,1.0,2,2,1.0
1919009,test,a44_45,2.9345725,2.5942936,1.0,3,3,1.0,2,2,1.0
1935004,test,a44_45,2.9345725,2.5154653,1.0,3,3,1.0,2,2,1.0
1936030,test,a44_45,2.9345725,3.025048,1.0,3,3,1.0,2,2,1.0
1978171,test,a44_45,2.9345725,2.7982898,1.0,3,3,1.0,2,2,1.0
2030031,test,a44_45,2.9345725,3.12007,1.0,3,3,1.0,2,2,1.0
2117003,test,a44_45,2.9345725,2.533896,1.0,3,3,1.0,2,2,1.0
2150172,test,a44_45,2.9345725,2.4029288,1.0,3,3,1.0,2,4,1.0
2199182,test,a44_45,2.9345725,4.1311436,1.0,3,3,1.0,2,2,1.0
2206030,test,a44_45,2.9345725,3.6876562,1.0,3,3,1.0,2,2,1.0
2212031,test,a44_45,2.9345725,0.0,0.0,3,-1,0.0,2,-1,0.0
2238004,test,a44_45,2.9345725,3.7364755,1.0,3,3,1.0,2,4,1.0
2238172,test,a44_45,2.9345725,4.594401,1.0,3,3,1.0,2,4,1.0
2252172,test,a44_45,2.9345725,2.9569104,1.0,3,3,1.0,2,2,1.0
2255030,test,a44_45,2.9345725,4.886779,1.0,3,3,1.0,2,2,1.0
2277008,test,a44_45,2.9345725,2.8933933,1.0,3,3,1.0,2,2,1.0
2311172,test,a44_45,2.9345725,2.0815432,1.0,3,3,1.0,2,2,1.0
2330003,test,a44_45,2.9345725,4.0919957,1.0,3,3,1.0,2,2,1.0
2338003,test,a44_45,2.9345725,4.671329,1.0,3,3,1.0,2,2,1.0
2341004,test,a44_45,2.9345725,3.8012211,1.0,3,2,1.0,2,2,1.0
2341005,test,a44_45,2.9345725,4.886779,1.0,3,3,1.0,2,2,1.0
2354004,test,a44_45,2.9345725,2.4985237,1.0,3,3,1.0,2,2,1.0
2392004,test,a44_45,2.9345725,2.3108797,1.0,3,3,1.0,2,4,1.0
2393005,test,a44_45,2.9345725,3.1619115,1.0,3,3,1.0,2,2,1.0
2393171,test,a44_45,2.9345725,4.4380894,1.0,3,3,1.0,2,2,1.0
2409006,test,a44_45,2.9345725,3.8615713,1.0,3,3,1.0,2,4,1.0
2409171,test,a44_45,2.9345725,2.973692,1.0,3,3,1.0,2,4,1.0
2422178,test,a44_45,2.9345725,3.6084042,1.0,3,3,1.0,2,2,1.0
2459030,test,a44_45,2.9345725,4.065095,1.0,3,3,1.0,2,2,1.0
2474030,test,a44_45,2.9345725,3.6439416,1.0,3,3,1.0,2,2,1.0
2474171,test,a44_45,2.9345725,0.0,0.0,3,-1,0.0,2,-1,0.0
2485173,test,a44_45,2.9345725,2.4565563,1.0,3,3,1.0,2,2,1.0
2496172,test,a44_45,2.9345725,3.4912474,1.0,3,3,1.0,2,2,1.0
2502005,test,a44_45,2.9345725,3.0863564,1.0,3,3,1.0,2,2,1.0
2510171,test,a44_45,2.9345725,4.201461,1.0,3,3,1.0,2,2,1.0
2525174,test,a44_45,2.9345725,3.460082,1.0,3,2,1.0,2,2,1.0
2530184,test,a44_45,2.9345725,2.852689,1.0,3,3,1.0,2,2,1.0
2547171,test,a44_45,2.9345725,4.379028,1.0,3,3,1.0,2,2,1.0
2580030,test,a44_45,2.9345725,4.831237,1.0,3,3,1.0,2,2,1.0
2593171,test,a44_45,2.9345725,4.5944476,1.0,3,3,1.0,2,4,1.0
2615031,test,a44_45,2.9345725,3.4200091,1.0,3,3,1.0,2,2,1.0
2642030,test,a44_45,2.9345725,3.7259781,1.0,3,3,1.0,2,2,1.0
2655002,test,a44_45,2.9345725,0.0,1.0,3,2,1.0,2,2,1.0
2705031,test,a44_45,2.9345725,3.9369006,1.0,3,3,1.0,2,4,1.0
2707179,test,a44_45,2.9345725,2.8540463,1.0,3,3,1.0,2,2,1.0
2714031,test,a44_45,2.9345725,4.123183,1.0,3,3,1.0,2,4,1.0
2717004,test,a44_45,2.9345725,3.1718357,1.0,3,3,1.0,2,2,1.0
2738171,test,a44_45,2.9345725,4.800682,1.0,3,3,1.0,2,2,1.0
2794003,test,a44_45,2.9345725,3.5488956,1.0,3,3,1.0,2,2,1.0
2845030,test,a44_45,2.9345725,3.4421458,1.0,3,3,1.0,2,2,1.0
2847030,test,a44_45,2.9345725,3.435388,1.0,3,3,1.0,2,4,1.0
2848174,test,a44_45,2.9345725,1.870879,1.0,3,3,1.0,2,2,1.0
2852006,test,a44_45,2.9345725,1.8338429,1.0,3,2,1.0,2,4,1.0
2852030,test,a44_45,2.9345725,2.9869761,1.0,3,3,1.0,2,4,1.0
2869170,test,a44_45,2.9345725,4.5567827,1.0,3,3,1.0,2,2,1.0
2897006,test,a44_45,2.9345725,2.697948,1.0,3,3,1.0,2,2,1.0
2900171,test,a44_45,2.9345725,2.600042,1.0,3,3,1.0,2,2,1.0
2907006,test,a44_45,2.9345725,0.0,0.0,3,-1,0.0,2,-1,0.0
2920030,test,a44_45,2.9345725,3.6819823,1.0,3,3,1.0,2,4,1.0
3107001,test,a44_45,2.9345725,4.01561,1.0,3,3,1.0,2,4,1.0
3137007,test,a44_45,2.9345725,1.9174321,1.0,3,3,1.0,2,6,1.0
3283002,test,a44_45,2.9345725,4.065468,1.0,3,2,1.0,2,2,1.0
3492001,test,a44_45,2.9345725,0.21674845,1.0,3,2,1.0,2,2,1.0
5016170,test,a44_45,2.9345725,2.8075144,1.0,3,3,1.0,2,4,1.0
5082003,test,a44_45,2.9345725,4.077138,1.0,3,3,1.0,2,4,1.0
5145032,test,a44_45,2.9345725,3.7119908,1.0,3,3,1.0,2,6,1.0
5163030,test,a44_45,2.9345725,3.60013,1.0,3,3,1.0,2,4,1.0
5177171,test,a44_45,2.9345725,0.8536134,1.0,3,3,1.0,2,6,1.0
5199178,test,a44_45,2.9345725,3.813694,1.0,3,3,1.0,2,2,1.0
5241030,test,a44_45,2.9345725,3.9443512,1.0,3,3,1.0,2,6,1.0
5264004,test,a44_45,2.9345725,3.6067438,1.0,3,3,1.0,2,2,1.0
5294003,test,a44_45,2.9345725,3.7558146,1.0,3,3,1.0,2,2,1.0
5299172,test,a44_45,2.9345725,3.3873496,1.0,3,3,1.0,2,2,1.0
5306002,test,a44_45,2.9345725,1.4095232,1.0,3,3,1.0,2,6,1.0
5350030,test,a44_45,2.9345725,3.545665,1.0,3,3,1.0,2,2,1.0
5364006,test,a44_45,2.9345725,3.901413,1.0,3,2,1.0,2,6,1.0
5366033,test,a44_45,2.9345725,3.978181,1.0,3,3,1.0,2,4,1.0
5406173,test,a44_45,2.9345725,3.4039729,1.0,3,3,1.0,2,4,1.0
5424030,test,a44_45,2.9345725,3.5287027,1.0,3,3,1.0,2,6,1.0
5425003,test,a44_45,2.9345725,3.2001226,1.0,3,3,1.0,2,2,1.0
5430031,test,a44_45,2.9345725,0.94651103,1.0,3,3,1.0,2,6,1.0
5430171,test,a44_45,2.9345725,3.6887305,1.0,3,3,1.0,2,6,1.0
5443007,test,a44_45,2.9345725,2.8802483,1.0,3,3,1.0,2,2,1.0
5464032,test,a44_45,2.9345725,3.486668,1.0,3,3,1.0,2,2,1.0
5488007,test,a44_45,2.9345725,2.703032,1.0,3,3,1.0,2,2,1.0
5494005,test,a44_45,2.9345725,3.3568435,1.0,3,3,1.0,2,2,1.0
5513030,test,a44_45,2.9345725,3.2729912,1.0,3,2,1.0,2,6,1.0
5549006,test,a44_45,2.9345725,3.2234797,1.0,3,3,1.0,2,4,1.0
5553173,test,a44_45,2.9345725,3.7351592,1.0,3,3,1.0,2,2,1.0
5560186,test,a44_45,2.9345725,3.9101806,1.0,3,3,1.0,2,2,1.0
5569009,test,a44_45,2.9345725,0.1438407,1.0,3,2,1.0,2,3,1.0
5570010,test,a44_45,2.9345725,3.6708767,1.0,3,3,1.0,2,2,1.0
5570012,test,a44_45,2.9345725,3.6192079,1.0,3,3,1.0,2,2,1.0
5570033,test,a44_45,2.9345725,3.7694345,1.0,3,3,1.0,2,2,1.0
5576031,test,a44_45,2.9345725,2.7479036,1.0,3,3,1.0,2,2,1.0
5614005,test,a44_45,2.9345725,2.8548763,1.0,3,3,1.0,2,4,1.0
5615010,test,a44_45,2.9345725,3.5584557,1.0,3,3,1.0,2,2,1.0
5615181,test,a44_45,2.9345725,3.1251588,1.0,3,3,1.0,2,2,1.0
5621170,test,a44_45,2.9345725,3.3329153,1.0,3,3,1.0,2,2,1.0
5626010,test,a44_45,2.9345725,3.1379235,1.0,3,3,1.0,2,4,1.0
5634188,test,a44_45,2.9345725,0.0,1.0,3,2,1.0,2,5,1.0
5635031,test,a44_45,2.9345725,3.6718059,1.0,3,3,1.0,2,2,1.0
5646006,test,a44_45,2.9345725,1.4624746,1.0,3,3,1.0,2,4,1.0
5660005,test,a44_45,2.9345725,3.4188793,1.0,3,3,1.0,2,4,1.0
5664003,test,a44_45,2.9345725,1.9542142,1.0,3,2,1.0,2,6,1.0
5676007,test,a44_45,2.9345725,3.5589597,1.0,3,3,1.0,2,2,1.0
5678030,test,a44_45,2.9345725,0.0,1.0,3,3,1.0,2,6,1.0
5684034,test,a44_45,2.9345725,4.304901,1.0,3,3,1.0,2,2,1.0
5784005,test,a44_45,2.9345725,0.0,1.0,3,2,1.0,2,6,1.0
5819005,test,a44_45,2.9345725,0.0,1.0,3,2,1.0,2,6,1.0
5821008,test,a44_45,2.9345725,3.1327703,1.0,3,3,1.0,2,2,1.0
5863033,test,a44_45,2.9345725,2.1044023,1.0,3,3,1.0,2,6,1.0
5921003,test,a44_45,2.9345725,3.2579508,1.0,3,2,1.0,2,6,1.0
5922010,test,a44_45,2.9345725,3.2839227,1.0,3,3,1.0,2,6,1.0
5938031,test,a44_45,2.9345725,1.6732749,1.0,3,2,1.0,2,6,1.0
5960033,test,a44_45,2.9345725,3.0626745,1.0,3,3,1.0,2,6,1.0
5995005,test,a44_45,2.9345725,0.0,1.0,3,2,1.0,2,6,1.0
6028032,test,a44_45,2.9345725,3.4766757,1.0,3,3,1.0,2,6,1.0
6030005,test,a44_45,2.9345725,3.6509905,1.0,3,3,1.0,2,2,1.0
6030008,test,a44_45,2.9345725,3.1529975,1.0,3,3,1.0,2,2,1.0
6093006,test,a44_45,2.9345725,3.331553,1.0,3,3,1.0,2,6,1.0
6093011,test,a44_45,2.9345725,2.8645954,1.0,3,3,1.0,2,6,1.0
6114182,test,a44_45,2.9345725,0.0,1.0,3,2,1.0,2,4,1.0
6120195,test,a44_45,2.9345725,0.0,1.0,3,2,1.0,2,4,1.0
6121030,test,a44_45,2.9345725,4.007859,1.0,3,3,1.0,2,4,1.0
6179003,test,a44_45,2.9345725,3.4366326,1.0,3,3,1.0,2,2,1.0
6179170,test,a44_45,2.9345725,0.0,1.0,3,2,1.0,2,2,1.0
6191006,test,a44_45,2.9345725,3.7130666,1.0,3,3,1.0,2,2,1.0
6200175,test,a44_45,2.9345725,3.2409673,1.0,3,3,1.0,2,2,1.0
6210007,test,a44_45,2.9345725,2.7840075,1.0,3,3,1.0,2,2,1.0
6210008,test,a44_45,2.9345725,2.4192536,1.0,3,3,1.0,2,4,1.0
6350007,test,a44_45,2.9345725,3.3488512,1.0,3,3,1.0,2,2,1.0
6365010,test,a44_45,2.9345725,2.966243,1.0,3,3,1.0,2,6,1.0
6365011,test,a44_45,2.9345725,0.0,1.0,3,2,1.0,2,2,1.0
6365177,test,a44_45,2.9345725,4.579592,1.0,3,2,1.0,2,2,1.0
6381008,test,a44_45,2.9345725,4.0907545,1.0,3,3,1.0,2,4,1.0
6444003,test,a44_45,2.9345725,3.5554013,1.0,3,3,1.0,2,2,1.0
6475006,test,a44_45,2.9345725,2.2798254,1.0,3,3,1.0,2,6,1.0
6475007,test,a44_45,2.9345725,3.49205,1.0,3,3,1.0,2,6,1.0
6509004,test,a44_45,2.9345725,3.5773633,1.0,3,3,1.0,2,2,1.0
6545008,test,a44_45,2.9345725,3.809728,1.0,3,3,1.0,2,2,1.0
6571003,test,a44_45,2.9345725,4.2117763,1.0,3,3,1.0,2,6,1.0
6635009,test,a44_45,2.9345725,0.0,1.0,3,2,1.0,2,6,1.0
6663030,test,a44_45,2.9345725,4.527755,1.0,3,3,1.0,2,6,1.0
6674003,test,a44_45,2.9345725,3.7786224,1.0,3,3,1.0,2,2,1.0
6674005,test,a44_45,2.9345725,0.0,0.0,3,-1,0.0,2,-1,0.0
6736181,test,a44_45,2.9345725,2.8547702,1.0,3,3,1.0,2,2,1.0
6740003,test,a44_45,2.9345725,3.5209594,1.0,3,3,1.0,2,2,1.0
6769008,test,a44_45,2.9345725,0.0,1.0,3,2,1.0,2,4,1.0
6779033,test,a44_45,2.9345725,0.0,1.0,3,2,1.0,2,6,1.0
6820030,test,a44_45,2.9345725,0.0,1.0,3,2,1.0,2,6,1.0
6843006,test,a44_45,2.9345725,0.0,1.0,3,2,1.0,2,2,1.0
6857006,test,a44_45,2.9345725,4.0956507,1.0,3,3,1.0,2,5,1.0
