ID,split,target_bin,pred_earn,true_earn,mask_earn,pred_emp,true_emp,mask_emp,pred_mar,true_mar,mask_mar
4007,val,a30_31,2.8404317,1.2333428,1.0,3,2,1.0,2,2,1.0
6174,val,a30_31,3.502046,3.5177844,1.0,3,3,1.0,2,2,1.0
14004,val,a30_31,3.5117328,3.7227888,1.0,3,3,1.0,2,2,1.0
14172,val,a30_31,0.46533847,0.0,1.0,2,2,1.0,2,2,1.0
14173,val,a30_31,2.7807915,3.7706354,1.0,3,3,1.0,2,2,1.0
18031,val,a30_31,0.30531287,0.81838655,1.0,2,2,1.0,2,2,1.0
18185,val,a30_31,2.1718922,0.0,1.0,3,3,1.0,2,3,1.0
23031,val,a30_31,3.2834797,2.8751705,1.0,3,3,1.0,6,6,1.0
40173,val,a30_31,3.6673975,4.076673,1.0,3,3,1.0,2,4,1.0
51171,val,a30_31,3.2718751,3.2225082,1.0,3,3,1.0,2,2,1.0
84005,val,a30_31,3.345552,4.049696,1.0,3,3,1.0,6,6,1.0
121173,val,a30_31,3.156487,4.0438795,1.0,3,3,1.0,2,2,1.0
128004,val,a30_31,3.6907213,3.8195267,1.0,3,3,1.0,2,2,1.0
145170,val,a30_31,3.328787,3.3709557,1.0,3,3,1.0,2,2,1.0
161004,val,a30_31,3.6686893,4.204043,1.0,3,3,1.0,6,6,1.0
172031,val,a30_31,3.511872,3.4236188,1.0,3,3,1.0,2,2,1.0
174175,val,a30_31,1.7595726,3.4206977,1.0,3,3,1.0,2,2,1.0
221031,val,a30_31,3.6460412,3.6323774,1.0,3,3,1.0,2,2,1.0
223030,val,a30_31,3.537631,3.2050848,1.0,3,2,1.0,2,2,1.0
227003,val,a30_31,4.023158,3.901564,1.0,3,3,1.0,6,2,1.0
257175,val,a30_31,3.1007705,3.1132894,1.0,3,3,1.0,2,2,1.0
263182,val,a30_31,3.51684,3.5551443,1.0,3,3,1.0,2,2,1.0
321005,val,a30_31,2.3306074,0.0,0.0,3,-1,0.0,2,-1,0.0
361175,val,a30_31,2.1719022,2.389918,1.0,3,3,1.0,2,4,1.0
377170,val,a30_31,3.2139235,3.303338,1.0,3,3,1.0,2,2,1.0
450030,val,a30_31,3.6480572,4.141229,1.0,3,3,1.0,6,6,1.0
465030,val,a30_31,2.3943753,2.9653394,1.0,3,3,1.0,4,4,1.0
478030,val,a30_31,2.8628876,2.9689102,1.0,3,2,1.0,6,2,1.0
503031,val,a30_31,2.5331392,3.7946298,1.0,3,3,1.0,2,2,1.0
514172,val,a30_31,3.7286549,3.7249148,1.0,3,3,1.0,2,2,1.0
534030,val,a30_31,3.3267033,3.3445346,1.0,3,3,1.0,2,2,1.0
534171,val,a30_31,3.6655166,3.6154544,1.0,3,3,1.0,2,2,1.0
544170,val,a30_31,2.7222211,2.5946815,1.0,3,3,1.0,2,2,1.0
563193,val,a30_31,3.3518195,2.9333522,1.0,3,3,1.0,2,2,1.0
577174,val,a30_31,2.9996014,2.6081264,1.0,3,2,1.0,2,2,1.0
613006,val,a30_31,2.961319,4.2846055,1.0,3,3,1.0,2,6,1.0
618170,val,a30_31,3.7630496,4.2050204,1.0,3,3,1.0,2,2,1.0
631030,val,a30_31,3.1311765,0.0,0.0,3,3,1.0,2,2,1.0
633031,val,a30_31,3.3084598,3.3445346,1.0,3,3,1.0,2,2,1.0
652173,val,a30_31,3.1224964,3.6388054,1.0,3,3,1.0,2,2,1.0
655172,val,a30_31,3.3994894,3.6167312,1.0,3,3,1.0,2,2,1.0
656005,val,a30_31,2.6133897,1.7369525,1.0,3,3,1.0,2,2,1.0
691171,val,a30_31,2.7159538,0.0,0.0,3,-1,0.0,2,-1,0.0
738172,val,a30_31,2.1600747,2.6902387,1.0,3,3,1.0,2,2,1.0
751030,val,a30_31,1.7559948,0.0,1.0,2,2,1.0,2,2,1.0
762170,val,a30_31,3.9211931,4.4477153,1.0,3,3,1.0,2,2,1.0
783171,val,a30_31,3.386988,3.4384992,1.0,3,3,1.0,2,2,1.0
863007,val,a30_31,2.5021076,2.2456512,1.0,3,3,1.0,2,2,1.0
893170,val,a30_31,2.817073,2.9455593,1.0,3,3,1.0,2,2,1.0
894031,val,a30_31,3.3249784,2.461121,1.0,3,3,1.0,2,2,1.0
898181,val,a30_31,2.6539483,3.0409112,1.0,3,2,1.0,2,2,1.0
899003,val,a30_31,3.2783046,3.0307395,1.0,3,3,1.0,2,4,1.0
916032,val,a30_31,2.2920878,3.3619723,1.0,3,3,1.0,6,6,1.0
922005,val,a30_31,3.7666044,3.2996137,1.0,3,3,1.0,2,2,1.0
931172,val,a30_31,3.3028579,3.1621735,1.0,3,3,1.0,2,2,1.0
939032,val,a30_31,4.3103285,0.0,1.0,3,3,1.0,2,2,1.0
958030,val,a30_31,3.3138983,3.497985,1.0,3,3,1.0,2,2,1.0
958173,val,a30_31,2.8904943,2.9178963,1.0,3,3,1.0,2,2,1.0
961005,val,a30_31,2.8519368,2.9415638,1.0,3,3,1.0,4,4,1.0
961030,val,a30_31,3.1757927,3.5397089,1.0,3,3,1.0,6,6,1.0
961175,val,a30_31,3.3260546,3.023627,1.0,3,3,1.0,2,2,1.0
1051183,val,a30_31,3.8975387,4.358222,1.0,3,3,1.0,2,2,1.0
1084005,val,a30_31,3.0541449,2.8418088,1.0,3,2,1.0,2,2,1.0
1089003,val,a30_31,3.118929,3.3856127,1.0,3,3,1.0,2,2,1.0
1093003,val,a30_31,0.5835662,0.0,1.0,2,2,1.0,2,2,1.0
1107173,val,a30_31,1.2356093,1.0235457,1.0,3,3,1.0,2,2,1.0
1109174,val,a30_31,1.6773143,0.6388453,1.0,3,2,1.0,2,2,1.0
1121030,val,a30_31,3.334106,3.028002,1.0,3,3,1.0,2,2,1.0
1121175,val,a30_31,2.1401205,1.7948437,1.0,3,3,1.0,2,2,1.0
1125172,val,a30_31,2.694877,2.3413634,1.0,3,3,1.0,2,2,1.0
1126030,val,a30_31,3.1446874,0.8757976,1.0,3,2,1.0,2,2,1.0
1126176,val,a30_31,1.2715826,4.886779,1.0,3,3,1.0,2,2,1.0
1152180,val,a30_31,3.4332945,3.4580646,1.0,3,3,1.0,2,2,1.0
1164004,val,a30_31,3.1956005,3.0181873,1.0,3,3,1.0,2,2,1.0
1184032,val,a30_31,3.4204211,3.2616544,1.0,3,3,1.0,2,2,1.0
1184033,val,a30_31,1.648508,3.2050848,1.0,2,3,1.0,6,6,1.0
1185003,val,a30_31,3.4592948,3.8515978,1.0,3,2,1.0,2,2,1.0
1222004,val,a30_31,2.1879325,2.0934732,1.0,3,2,1.0,2,2,1.0
1222006,val,a30_31,2.9130688,3.177607,1.0,3,3,1.0,2,2,1.0
1284170,val,a30_31,3.508162,3.9491403,1.0,3,3,1.0,2,2,1.0
1292004,val,a30_31,2.6968894,1.9329143,1.0,3,2,1.0,2,2,1.0
1314172,val,a30_31,3.188408,0.0,1.0,3,2,1.0,2,2,1.0
1332005,val,a30_31,4.3080187,4.41165,1.0,3,2,1.0,4,4,1.0
1335010,val,a30_31,3.0540369,2.8107677,1.0,3,3,1.0,2,2,1.0
1338003,val,a30_31,3.2493834,3.6048794,1.0,3,3,1.0,6,6,1.0
1345006,val,a30_31,3.0524697,3.5205963,1.0,3,2,1.0,2,4,1.0
1345007,val,a30_31,2.4920294,3.6249468,1.0,3,3,1.0,6,6,1.0
1346030,val,a30_31,3.7924085,0.0,1.0,3,2,1.0,6,2,1.0
1391033,val,a30_31,3.699092,3.6421258,1.0,3,3,1.0,6,2,1.0
1391175,val,a30_31,0.56472754,0.0,1.0,2,2,1.0,2,2,1.0
1394033,val,a30_31,2.5532134,0.0,1.0,3,2,1.0,6,4,1.0
1397005,val,a30_31,3.3277345,3.6570578,1.0,3,3,1.0,2,2,1.0
1397172,val,a30_31,1.0403991,0.0,1.0,2,2,1.0,2,2,1.0
1426004,val,a30_31,1.7265928,1.5148215,1.0,3,3,1.0,6,2,1.0
1434032,val,a30_31,2.8014781,2.5882483,1.0,3,2,1.0,2,2,1.0
1434170,val,a30_31,3.315526,2.7760577,1.0,3,3,1.0,2,2,1.0
1435005,val,a30_31,3.753779,3.8998532,1.0,3,3,1.0,6,6,1.0
1485171,val,a30_31,3.4025416,3.5806315,1.0,3,3,1.0,2,2,1.0
1520031,val,a30_31,3.316425,3.6576927,1.0,3,3,1.0,2,4,1.0
1540005,val,a30_31,4.237603,4.493356,1.0,3,3,1.0,6,6,1.0
1559003,val,a30_31,4.2965417,4.33515,1.0,3,3,1.0,2,2,1.0
1559170,val,a30_31,3.362479,3.7329192,1.0,3,3,1.0,2,2,1.0
1565180,val,a30_31,3.0922685,2.850009,1.0,3,3,1.0,2,2,1.0
1579030,val,a30_31,2.9790566,3.539721,1.0,3,3,1.0,2,2,1.0
1613007,val,a30_31,2.6908355,3.3296845,1.0,3,2,1.0,2,2,1.0
1621171,val,a30_31,3.8147402,4.0290737,1.0,3,3,1.0,2,2,1.0
1644004,val,a30_31,3.3127143,3.1041627,1.0,3,2,1.0,2,2,1.0
1652031,val,a30_31,3.0208306,3.7628198,1.0,3,3,1.0,2,2,1.0
1682032,val,a30_31,2.8680172,4.232157,1.0,3,3,1.0,6,6,1.0
1684173,val,a30_31,3.1146927,3.0831435,1.0,3,3,1.0,2,2,1.0
1687003,val,a30_31,3.0477457,3.0770123,1.0,3,3,1.0,2,2,1.0
1690170,val,a30_31,2.136213,2.9952161,1.0,3,3,1.0,2,2,1.0
1692030,val,a30_31,0.3061409,0.0,1.0,2,2,1.0,2,2,1.0
1695034,val,a30_31,3.2151995,3.154082,1.0,3,3,1.0,2,2,1.0
1701004,val,a30_31,2.5175197,2.9586496,1.0,3,3,1.0,2,2,1.0
1721030,val,a30_31,3.7264984,4.218239,1.0,3,3,1.0,2,4,1.0
1723005,val,a30_31,0.15988779,0.0,1.0,2,2,1.0,2,2,1.0
1762030,val,a30_31,2.4751692,1.8541794,1.0,3,3,1.0,2,2,1.0
1762031,val,a30_31,3.523148,3.4748342,1.0,3,3,1.0,2,2,1.0
1762032,val,a30_31,1.8520982,0.8422866,1.0,3,3,1.0,2,2,1.0
1774170,val,a30_31,3.3197021,3.530886,1.0,3,3,1.0,2,2,1.0
1774171,val,a30_31,3.3039162,3.757377,1.0,3,3,1.0,2,2,1.0
1784171,val,a30_31,3.779452,4.354948,1.0,3,3,1.0,2,2,1.0
1786191,val,a30_31,3.7449598,4.0242934,1.0,3,3,1.0,2,2,1.0
1787005,val,a30_31,3.3123412,3.5573397,1.0,3,3,1.0,2,2,1.0
1787174,val,a30_31,3.1130292,3.4187503,1.0,3,3,1.0,2,2,1.0
1802003,val,a30_31,3.0010364,2.8268056,1.0,3,3,1.0,2,2,1.0
1845170,val,a30_31,3.7404513,3.5920963,1.0,3,3,1.0,2,2,1.0
1862171,val,a30_31,3.2434225,1.0280056,1.0,3,3,1.0,2,2,1.0
1898004,val,a30_31,3.36223,4.0346365,1.0,3,3,1.0,6,6,1.0
1911030,val,a30_31,2.4501414,3.1301715,1.0,3,3,1.0,2,3,1.0
1914003,val,a30_31,0.5848682,0.13113108,1.0,2,3,1.0,2,2,1.0
1919007,val,a30_31,3.920063,3.7895627,1.0,3,3,1.0,2,2,1.0
1954003,val,a30_31,3.3762815,3.2025814,1.0,3,3,1.0,2,2,1.0
1959005,val,a30_31,3.825336,4.0288734,1.0,3,3,1.0,6,6,1.0
1964031,val,a30_31,2.4257834,0.0,0.0,3,-1,0.0,4,-1,0.0
1972173,val,a30_31,0.68711376,0.0,1.0,2,2,1.0,2,2,1.0
1978030,val,a30_31,3.4057832,3.5649583,1.0,3,3,1.0,2,2,1.0
2005030,val,a30_31,2.954057,2.9669423,1.0,3,3,1.0,6,6,1.0
2011174,val,a30_31,2.7177641,2.6167932,1.0,3,3,1.0,2,2,1.0
2023030,val,a30_31,3.6791885,4.596575,1.0,3,3,1.0,6,6,1.0
2028030,val,a30_31,3.2484546,3.7856972,1.0,3,3,1.0,2,4,1.0
2055003,val,a30_31,2.623806,2.474848,1.0,3,3,1.0,2,2,1.0
2067005,val,a30_31,3.5065866,3.8257277,1.0,3,3,1.0,2,2,1.0
2080170,val,a30_31,2.0396395,0.7748619,1.0,3,3,1.0,2,2,1.0
2106171,val,a30_31,0.40129638,0.0,1.0,2,2,1.0,2,2,1.0
2109002,val,a30_31,3.2345493,4.0631533,1.0,3,3,1.0,2,2,1.0
2129186,val,a30_31,3.129661,3.000162,1.0,3,3,1.0,2,2,1.0
2181007,val,a30_31,0.39480424,0.0,1.0,2,2,1.0,6,6,1.0
2181030,val,a30_31,3.0003011,3.2536054,1.0,3,3,1.0,2,4,1.0
2243174,val,a30_31,3.637194,4.1554103,1.0,3,3,1.0,2,2,1.0
2260173,val,a30_31,2.6829734,1.88501,1.0,3,2,1.0,2,2,1.0
2261030,val,a30_31,2.9948907,2.6918542,1.0,3,3,1.0,2,2,1.0
2271171,val,a30_31,2.6190846,2.9267282,1.0,3,3,1.0,2,2,1.0
2282005,val,a30_31,3.0384696,3.3026655,1.0,3,3,1.0,6,4,1.0
2302195,val,a30_31,0.4645493,0.0,1.0,2,2,1.0,2,2,1.0
2334031,val,a30_31,3.6193497,4.190539,1.0,3,3,1.0,2,2,1.0
2341172,val,a30_31,2.9137578,1.6821941,1.0,3,2,1.0,2,2,1.0
2354175,val,a30_31,3.7092302,0.02431143,1.0,3,3,1.0,6,2,1.0
2355004,val,a30_31,1.2073498,2.3455245,1.0,3,3,1.0,2,4,1.0
2391030,val,a30_31,3.363753,3.3619723,1.0,3,3,1.0,2,2,1.0
2397173,val,a30_31,0.7101319,0.0,1.0,2,2,1.0,2,3,1.0
2408170,val,a30_31,3.111043,2.1372008,1.0,3,3,1.0,6,2,1.0
2425003,val,a30_31,2.6289704,1.4242183,1.0,3,3,1.0,2,2,1.0
2432030,val,a30_31,0.6748285,0.0,1.0,2,2,1.0,2,4,1.0
2435172,val,a30_31,0.86639905,1.2739747,1.0,2,3,1.0,2,2,1.0
2436174,val,a30_31,0.31530428,0.0,1.0,2,2,1.0,2,2,1.0
2436176,val,a30_31,1.3089612,1.6717893,1.0,3,3,1.0,2,2,1.0
2441003,val,a30_31,1.4950484,2.0608215,1.0,3,3,1.0,2,2,1.0
2441173,val,a30_31,3.3325658,3.6020598,1.0,3,3,1.0,2,2,1.0
2458031,val,a30_31,4.2833414,4.507845,1.0,3,3,1.0,6,6,1.0
2461004,val,a30_31,1.0249444,1.2221372,1.0,2,2,1.0,2,2,1.0
2461030,val,a30_31,3.3702896,4.886779,1.0,3,3,1.0,2,2,1.0
2473004,val,a30_31,3.3592856,3.5453892,1.0,3,3,1.0,2,2,1.0
2483030,val,a30_31,2.9767241,1.4439538,1.0,3,2,1.0,2,2,1.0
2503030,val,a30_31,3.7670426,4.153324,1.0,3,3,1.0,6,6,1.0
2510005,val,a30_31,3.5458045,3.681525,1.0,3,3,1.0,2,2,1.0
2525003,val,a30_31,3.0488248,1.0911466,1.0,3,2,1.0,2,2,1.0
2529030,val,a30_31,3.331787,3.6850972,1.0,3,3,1.0,2,2,1.0
2529174,val,a30_31,3.0768592,3.8850634,1.0,3,3,1.0,2,2,1.0
2530003,val,a30_31,2.1113708,2.4984546,1.0,3,3,1.0,2,2,1.0
2530004,val,a30_31,3.085146,3.1229002,1.0,3,3,1.0,2,2,1.0
2569033,val,a30_31,2.9965816,3.1590667,1.0,3,3,1.0,6,2,1.0
2601006,val,a30_31,3.7498662,4.568841,1.0,3,3,1.0,6,2,1.0
2608006,val,a30_31,2.5964766,3.104259,1.0,3,3,1.0,2,2,1.0
2615034,val,a30_31,3.5809019,4.351215,1.0,3,3,1.0,2,2,1.0
2639004,val,a30_31,1.5464101,3.4125912,1.0,3,3,1.0,2,6,1.0
2665177,val,a30_31,0.6737459,0.50427806,1.0,2,2,1.0,6,6,1.0
2672006,val,a30_31,3.3940043,3.8187668,1.0,3,3,1.0,6,6,1.0
2672171,val,a30_31,2.4761086,4.456984,1.0,3,3,1.0,2,4,1.0
2697003,val,a30_31,3.65214,3.9311678,1.0,3,3,1.0,2,4,1.0
2704031,val,a30_31,3.5612621,3.4627373,1.0,3,3,1.0,6,2,1.0
2705030,val,a30_31,3.4352446,3.8132377,1.0,3,3,1.0,2,2,1.0
2707007,val,a30_31,2.5507114,2.7866313,1.0,3,3,1.0,3,2,1.0
2712172,val,a30_31,2.0528815,2.5026433,1.0,3,3,1.0,2,2,1.0
2731003,val,a30_31,3.0118244,3.2932556,1.0,3,3,1.0,6,6,1.0
2731005,val,a30_31,3.7826743,4.5509243,1.0,3,3,1.0,6,6,1.0
2770031,val,a30_31,3.3395958,3.598622,1.0,3,3,1.0,2,2,1.0
2816004,val,a30_31,0.50749683,0.0,1.0,2,2,1.0,2,2,1.0
2910002,val,a30_31,2.8186095,2.9302201,1.0,3,3,1.0,2,2,1.0
3062001,val,a30_31,3.545278,3.2921891,1.0,3,3,1.0,2,2,1.0
3235002,val,a30_31,2.2907884,2.637326,1.0,3,3,1.0,2,2,1.0
3306001,val,a30_31,4.0443926,4.2639766,1.0,3,3,1.0,2,2,1.0
5015030,val,a30_31,2.083756,3.053964,1.0,2,3,1.0,2,2,1.0
5048030,val,a30_31,2.792281,0.9035515,1.0,3,3,1.0,6,6,1.0
5052033,val,a30_31,2.1559007,2.1652112,1.0,3,3,1.0,6,6,1.0
5057008,val,a30_31,0.23632073,0.0,1.0,2,2,1.0,6,6,1.0
5170009,val,a30_31,3.2169938,3.6723797,1.0,3,3,1.0,2,2,1.0
5230008,val,a30_31,2.9236984,3.3242893,1.0,3,3,1.0,2,2,1.0
5299010,val,a30_31,2.2771556,1.4410384,1.0,3,3,1.0,6,6,1.0
5336179,val,a30_31,2.871636,2.2973404,1.0,3,2,1.0,2,2,1.0
5364005,val,a30_31,2.7916923,3.2058682,1.0,3,3,1.0,2,3,1.0
5379004,val,a30_31,3.4151456,2.9469423,1.0,3,3,1.0,2,4,1.0
5430173,val,a30_31,2.9375813,0.0,0.0,3,-1,0.0,6,-1,0.0
5488006,val,a30_31,3.313518,3.6987822,1.0,3,3,1.0,6,6,1.0
5493007,val,a30_31,0.29695272,0.0,1.0,2,2,1.0,6,5,1.0
5537009,val,a30_31,2.267699,2.2175868,1.0,3,3,1.0,2,2,1.0
5537177,val,a30_31,0.8084296,0.0,1.0,2,2,1.0,2,2,1.0
5537183,val,a30_31,3.4432378,0.0,1.0,3,2,1.0,2,2,1.0
5569010,val,a30_31,2.5535524,3.477633,1.0,3,3,1.0,2,2,1.0
5600005,val,a30_31,1.3510659,2.3809192,1.0,2,2,1.0,6,6,1.0
5615183,val,a30_31,2.8217127,4.037687,1.0,3,3,1.0,2,2,1.0
5749006,val,a30_31,1.8776896,2.652741,1.0,3,3,1.0,3,2,1.0
5822175,val,a30_31,2.825471,2.9794602,1.0,3,3,1.0,2,2,1.0
5832003,val,a30_31,2.6446714,0.0,0.0,3,-1,0.0,6,-1,0.0
5872005,val,a30_31,0.3266306,0.0,1.0,2,2,1.0,6,6,1.0
5898005,val,a30_31,1.4158536,0.0,1.0,2,2,1.0,6,4,1.0
5904033,val,a30_31,2.7856016,2.6030054,1.0,3,3,1.0,2,3,1.0
5987188,val,a30_31,2.825081,3.0227742,1.0,3,3,1.0,2,2,1.0
6026005,val,a30_31,3.6067681,3.6704879,1.0,3,3,1.0,6,6,1.0
6026172,val,a30_31,3.439413,3.7018018,1.0,3,3,1.0,6,6,1.0
6054031,val,a30_31,3.7186737,4.3773117,1.0,3,3,1.0,6,6,1.0
6121033,val,a30_31,2.0438762,0.0,0.0,3,2,1.0,6,6,1.0
6156008,val,a30_31,3.5166383,3.766229,1.0,3,3,1.0,6,6,1.0
6157003,val,a30_31,2.6390083,2.724433,1.0,3,3,1.0,2,2,1.0
6210183,val,a30_31,2.6164145,3.5983658,1.0,3,3,1.0,2,2,1.0
6262030,val,a30_31,3.483537,3.6729314,1.0,3,3,1.0,2,2,1.0
6368007,val,a30_31,2.336503,1.520187,1.0,3,2,1.0,6,6,1.0
6381181,val,a30_31,3.2706358,3.8400397,1.0,3,3,1.0,6,6,1.0
6396003,val,a30_31,1.6724057,1.6638994,1.0,3,3,1.0,2,2,1.0
6431008,val,a30_31,2.479387,3.2574513,1.0,3,3,1.0,2,2,1.0
6475170,val,a30_31,2.3565054,2.6670494,1.0,3,3,1.0,6,6,1.0
6522004,val,a30_31,0.8197707,0.0,1.0,2,2,1.0,6,6,1.0
6537032,val,a30_31,2.7476885,2.6992998,1.0,3,2,1.0,2,2,1.0
6541178,val,a30_31,3.3254056,4.0980587,1.0,3,3,1.0,2,2,1.0
6545006,val,a30_31,2.139304,0.0,0.0,3,-1,0.0,3,-1,0.0
6547171,val,a30_31,2.8483,2.844415,1.0,3,3,1.0,2,2,1.0
6571031,val,a30_31,2.8832276,0.0,0.0,3,-1,0.0,2,-1,0.0
6590008,val,a30_31,2.7632062,3.052779,1.0,3,3,1.0,2,2,1.0
6616007,val,a30_31,1.8011194,2.4154687,1.0,3,2,1.0,2,2,1.0
6649003,val,a30_31,2.4867048,3.1905797,1.0,3,2,1.0,6,6,1.0
6710030,val,a30_31,0.38911104,3.334712,1.0,2,3,1.0,6,6,1.0
6745007,val,a30_31,2.9748883,0.0,0.0,3,-1,0.0,6,-1,0.0
6750005,val,a30_31,2.1028342,0.0,1.0,3,3,1.0,2,3,1.0
6765006,val,a30_31,1.2434964,0.0,1.0,2,3,1.0,2,2,1.0
6822176,val,a30_31,3.0591533,3.7020907,1.0,3,3,1.0,2,3,1.0
6828003,val,a30_31,0.6072438,0.00086969405,1.0,2,3,1.0,2,2,1.0
6872003,val,a30_31,2.8656986,3.403978,1.0,3,3,1.0,6,2,1.0
4007,val,a32_33,2.7285793,1.0867418,1.0,3,3,1.0,2,2,1.0
6174,val,a32_33,3.28679,3.4142132,1.0,3,3,1.0,2,2,1.0
14004,val,a32_33,3.359629,3.97576,1.0,3,3,1.0,2,2,1.0
14172,val,a32_33,0.95420134,0.0,1.0,2,2,1.0,2,2,1.0
14173,val,a32_33,2.6975703,3.566897,1.0,3,3,1.0,6,2,1.0
18031,val,a32_33,0.81763935,0.0,1.0,2,2,1.0,2,2,1.0
18185,val,a32_33,1.7950813,3.419789,1.0,3,3,1.0,2,4,1.0
23031,val,a32_33,3.212509,2.7639472,1.0,3,3,1.0,6,6,1.0
40173,val,a32_33,3.3762512,4.1959877,1.0,3,3,1.0,2,2,1.0
51171,val,a32_33,3.1429763,3.4484794,1.0,3,3,1.0,2,2,1.0
84005,val,a32_33,3.2081354,3.628354,1.0,3,3,1.0,6,6,1.0
121173,val,a32_33,2.9785247,4.8089485,1.0,3,3,1.0,2,2,1.0
128004,val,a32_33,3.5812473,3.699267,1.0,3,3,1.0,2,2,1.0
145170,val,a32_33,3.1803217,3.7859023,1.0,3,3,1.0,2,2,1.0
161004,val,a32_33,3.5452533,4.144882,1.0,3,3,1.0,6,6,1.0
172031,val,a32_33,3.5451577,3.4698775,1.0,3,3,1.0,2,2,1.0
174175,val,a32_33,1.8397664,3.505085,1.0,3,3,1.0,2,2,1.0
221031,val,a32_33,3.646666,3.6850972,1.0,3,3,1.0,2,2,1.0
223030,val,a32_33,3.5367494,3.5649583,1.0,3,3,1.0,2,2,1.0
227003,val,a32_33,3.8811538,1.4325641,1.0,3,3,1.0,6,4,1.0
257175,val,a32_33,2.9700484,2.9559011,1.0,3,3,1.0,2,2,1.0
263182,val,a32_33,3.25604,3.1111588,1.0,3,3,1.0,2,2,1.0
321005,val,a32_33,2.340822,0.0,1.0,3,3,1.0,4,2,1.0
361175,val,a32_33,2.478591,2.4523063,1.0,3,2,1.0,2,2,1.0
377170,val,a32_33,3.0279038,4.1439614,1.0,3,3,1.0,2,2,1.0
450030,val,a32_33,3.4965768,3.9492195,1.0,3,3,1.0,2,6,1.0
465030,val,a32_33,2.0104418,3.4057453,1.0,3,3,1.0,4,2,1.0
478030,val,a32_33,2.761072,2.441683,1.0,3,2,1.0,6,5,1.0
503031,val,a32_33,2.9899023,4.011046,1.0,3,3,1.0,2,2,1.0
514172,val,a32_33,3.5242624,4.8569217,1.0,3,3,1.0,2,2,1.0
534030,val,a32_33,3.1881545,3.5290773,1.0,3,3,1.0,2,2,1.0
534171,val,a32_33,3.5196266,3.4207587,1.0,3,3,1.0,2,2,1.0
544170,val,a32_33,2.6033502,2.4005008,1.0,3,3,1.0,2,2,1.0
563193,val,a32_33,3.1698346,1.2695827,1.0,3,2,1.0,2,2,1.0
577174,val,a32_33,2.9731743,1.7688432,1.0,3,3,1.0,2,2,1.0
613006,val,a32_33,2.7965488,4.381024,1.0,3,3,1.0,2,6,1.0
618170,val,a32_33,3.5726867,4.21746,1.0,3,3,1.0,2,2,1.0
631030,val,a32_33,2.9494762,3.6409497,1.0,3,2,1.0,2,4,1.0
633031,val,a32_33,3.1581068,3.587975,1.0,3,3,1.0,2,2,1.0
652173,val,a32_33,2.8448026,3.7014766,1.0,3,3,1.0,2,2,1.0
655172,val,a32_33,3.169015,2.5599382,1.0,3,3,1.0,2,2,1.0
656005,val,a32_33,2.6317563,1.6182599,1.0,3,2,1.0,2,2,1.0
691171,val,a32_33,2.5923996,2.3093877,1.0,3,3,1.0,2,4,1.0
738172,val,a32_33,2.4882207,3.3051815,1.0,3,3,1.0,2,2,1.0
751030,val,a32_33,2.2395296,2.7029045,1.0,3,3,1.0,2,2,1.0
762170,val,a32_33,3.7511532,4.7859936,1.0,3,3,1.0,2,2,1.0
783171,val,a32_33,3.1383538,0.0,1.0,3,2,1.0,2,2,1.0
863007,val,a32_33,2.574566,2.0965526,1.0,3,3,1.0,2,2,1.0
893170,val,a32_33,2.700698,1.1484697,1.0,3,2,1.0,2,2,1.0
894031,val,a32_33,3.2119064,2.920467,1.0,3,3,1.0,2,2,1.0
898181,val,a32_33,2.4578073,2.303382,1.0,3,2,1.0,2,2,1.0
899003,val,a32_33,3.3468049,3.1265504,1.0,3,3,1.0,2,4,1.0
916032,val,a32_33,2.5694945,3.433667,1.0,3,3,1.0,6,6,1.0
922005,val,a32_33,3.638058,2.0455058,1.0,3,3,1.0,2,2,1.0
931172,val,a32_33,3.1471646,2.9653394,1.0,3,3,1.0,2,2,1.0
939032,val,a32_33,4.336982,4.886779,1.0,3,3,1.0,2,2,1.0
958030,val,a32_33,3.3018396,3.514469,1.0,3,3,1.0,2,2,1.0
958173,val,a32_33,2.6129148,3.0765197,1.0,3,3,1.0,2,2,1.0
961005,val,a32_33,2.7979481,2.9124293,1.0,3,2,1.0,2,2,1.0
961030,val,a32_33,3.1441345,3.8700032,1.0,3,3,1.0,6,6,1.0
961175,val,a32_33,3.1434686,3.3337398,1.0,3,3,1.0,2,2,1.0
1051183,val,a32_33,3.6581242,3.8180304,1.0,3,3,1.0,2,2,1.0
1084005,val,a32_33,2.9571102,0.0,1.0,3,2,1.0,2,2,1.0
1089003,val,a32_33,2.9894137,3.267166,1.0,3,3,1.0,2,2,1.0
1093003,val,a32_33,1.3449618,0.0,1.0,2,2,1.0,2,2,1.0
1107173,val,a32_33,1.3927609,2.8713987,1.0,3,3,1.0,2,2,1.0
1109174,val,a32_33,1.7635992,1.7994808,1.0,3,2,1.0,2,2,1.0
1121030,val,a32_33,3.267455,3.2479649,1.0,3,3,1.0,2,2,1.0
1121175,val,a32_33,1.9846485,2.7939436,1.0,3,3,1.0,2,2,1.0
1125172,val,a32_33,2.572947,2.505347,1.0,3,3,1.0,2,2,1.0
1126030,val,a32_33,2.9077797,3.0186512,1.0,3,3,1.0,2,2,1.0
1126176,val,a32_33,1.9866017,4.886779,1.0,3,3,1.0,2,2,1.0
1152180,val,a32_33,3.282323,3.2781074,1.0,3,3,1.0,2,2,1.0
1164004,val,a32_33,3.1581528,3.232986,1.0,3,3,1.0,2,2,1.0
1184032,val,a32_33,3.3410552,3.3217459,1.0,3,3,1.0,2,2,1.0
1184033,val,a32_33,1.9819927,0.0,1.0,3,2,1.0,6,2,1.0
1185003,val,a32_33,3.3274834,2.8616178,1.0,3,2,1.0,2,2,1.0
1222004,val,a32_33,2.1938236,0.0,1.0,3,2,1.0,2,2,1.0
1222006,val,a32_33,2.8646486,3.2669837,1.0,3,3,1.0,2,2,1.0
1284170,val,a32_33,3.2585034,3.8794374,1.0,3,3,1.0,2,2,1.0
1292004,val,a32_33,2.5345085,1.8490136,1.0,3,3,1.0,2,2,1.0
1314172,val,a32_33,3.1396902,1.2554071,1.0,3,3,1.0,2,2,1.0
1332005,val,a32_33,3.6979334,1.8490136,1.0,3,3,1.0,4,4,1.0
1335010,val,a32_33,3.0653007,2.8287268,1.0,3,3,1.0,2,2,1.0
1338003,val,a32_33,3.1114678,3.5806177,1.0,3,3,1.0,6,6,1.0
1345006,val,a32_33,2.8009756,3.5201502,1.0,3,3,1.0,2,4,1.0
1345007,val,a32_33,2.8028133,3.3856368,1.0,3,3,1.0,6,6,1.0
1346030,val,a32_33,3.5588374,0.0,1.0,3,2,1.0,6,2,1.0
1391033,val,a32_33,3.5939567,3.8577616,1.0,3,3,1.0,6,2,1.0
1391175,val,a32_33,0.9748075,2.1802564,1.0,2,3,1.0,2,2,1.0
1394033,val,a32_33,2.23571,0.0,1.0,3,2,1.0,6,4,1.0
1397005,val,a32_33,3.3254774,3.384829,1.0,3,3,1.0,2,2,1.0
1397172,val,a32_33,1.6438296,0.6637555,1.0,2,2,1.0,2,2,1.0
1426004,val,a32_33,1.5848325,1.2936131,1.0,3,2,1.0,6,3,1.0
1434032,val,a32_33,2.6729758,1.6391988,1.0,3,3,1.0,2,2,1.0
1434170,val,a32_33,3.066506,2.9495683,1.0,3,3,1.0,2,2,1.0
1435005,val,a32_33,3.3796284,3.904213,1.0,3,3,1.0,6,2,1.0
1485171,val,a32_33,3.3209014,1.6021421,1.0,3,3,1.0,2,2,1.0
1520031,val,a32_33,3.315902,3.9380646,1.0,3,3,1.0,2,2,1.0
1540005,val,a32_33,4.089814,2.2967575,1.0,3,3,1.0,6,2,1.0
1559003,val,a32_33,4.1152315,4.4298196,1.0,3,3,1.0,2,2,1.0
1559170,val,a32_33,3.1679244,3.635588,1.0,3,3,1.0,2,2,1.0
1565180,val,a32_33,2.8873863,3.4698775,1.0,3,3,1.0,2,2,1.0
1579030,val,a32_33,3.4258401,3.4738486,1.0,3,3,1.0,2,2,1.0
1613007,val,a32_33,2.5177097,0.38016513,1.0,3,2,1.0,2,2,1.0
1621171,val,a32_33,3.5836523,4.339688,1.0,3,3,1.0,2,2,1.0
1644004,val,a32_33,3.1029322,1.2289442,1.0,3,3,1.0,2,2,1.0
1652031,val,a32_33,2.8935056,0.0,1.0,3,2,1.0,2,2,1.0
1682032,val,a32_33,3.2257605,4.266328,1.0,3,3,1.0,6,6,1.0
1684173,val,a32_33,3.0746214,3.2957816,1.0,3,3,1.0,2,2,1.0
1687003,val,a32_33,3.0782642,3.19179,1.0,3,3,1.0,2,2,1.0
1690170,val,a32_33,2.0272639,3.3861604,1.0,3,3,1.0,2,2,1.0
1692030,val,a32_33,0.893136,1.5561625,1.0,2,3,1.0,2,2,1.0
1695034,val,a32_33,2.9017506,3.4795048,1.0,3,3,1.0,2,2,1.0
1701004,val,a32_33,2.5140526,3.2293725,1.0,3,3,1.0,2,2,1.0
1721030,val,a32_33,3.436421,3.8455408,1.0,3,3,1.0,2,2,1.0
1723005,val,a32_33,0.8379419,0.82886904,1.0,2,2,1.0,2,2,1.0
1762030,val,a32_33,2.371772,1.9757252,1.0,3,3,1.0,2,2,1.0
1762031,val,a32_33,3.396349,3.5925455,1.0,3,3,1.0,2,2,1.0
1762032,val,a32_33,1.6522568,1.6391988,1.0,3,3,1.0,2,3,1.0
1774170,val,a32_33,3.0912654,3.9912028,1.0,3,3,1.0,2,2,1.0
1774171,val,a32_33,3.0881193,3.549721,1.0,3,3,1.0,2,2,1.0
1784171,val,a32_33,3.5490406,4.220819,1.0,3,3,1.0,2,2,1.0
1786191,val,a32_33,3.5744376,3.9380646,1.0,3,3,1.0,2,2,1.0
1787005,val,a32_33,3.2141018,3.6982102,1.0,3,3,1.0,2,2,1.0
1787174,val,a32_33,2.6881611,3.4946194,1.0,3,3,1.0,2,2,1.0
1802003,val,a32_33,2.9022675,2.9506648,1.0,3,3,1.0,2,2,1.0
1845170,val,a32_33,3.574125,3.4964852,1.0,3,3,1.0,2,2,1.0
1862171,val,a32_33,3.07331,3.7249148,1.0,3,3,1.0,2,2,1.0
1898004,val,a32_33,2.928133,3.97414,1.0,3,3,1.0,6,6,1.0
1911030,val,a32_33,2.0764058,3.1334782,1.0,3,3,1.0,2,2,1.0
1914003,val,a32_33,1.169868,1.1835238,1.0,2,3,1.0,2,2,1.0
1919007,val,a32_33,3.764811,3.963373,1.0,3,3,1.0,2,2,1.0
1954003,val,a32_33,3.323902,3.3071876,1.0,3,3,1.0,2,2,1.0
1959005,val,a32_33,3.6768513,4.227319,1.0,3,3,1.0,6,6,1.0
1964031,val,a32_33,2.4268942,0.0,0.0,3,-1,0.0,4,-1,0.0
1972173,val,a32_33,1.3740635,3.2300382,1.0,2,3,1.0,2,3,1.0
1978030,val,a32_33,3.178364,3.9380646,1.0,3,3,1.0,2,2,1.0
2005030,val,a32_33,2.8496304,3.6323774,1.0,3,3,1.0,6,6,1.0
2011174,val,a32_33,2.6664994,3.1610117,1.0,3,3,1.0,2,2,1.0
2023030,val,a32_33,3.5744166,4.676276,1.0,3,3,1.0,6,6,1.0
2028030,val,a32_33,3.1755571,3.8275414,1.0,3,3,1.0,2,4,1.0
2055003,val,a32_33,2.528928,2.436415,1.0,3,3,1.0,2,2,1.0
2067005,val,a32_33,3.4019537,3.8835647,1.0,3,3,1.0,2,2,1.0
2080170,val,a32_33,1.8752911,1.5193015,1.0,3,3,1.0,2,2,1.0
2106171,val,a32_33,0.82304406,1.9249718,1.0,2,3,1.0,2,2,1.0
2109002,val,a32_33,3.0681198,4.320229,1.0,3,3,1.0,2,3,1.0
2129186,val,a32_33,2.96335,3.4382844,1.0,3,3,1.0,2,2,1.0
2181007,val,a32_33,0.92483664,0.0,1.0,2,2,1.0,6,6,1.0
2181030,val,a32_33,3.040871,3.2005377,1.0,3,3,1.0,2,4,1.0
2243174,val,a32_33,3.2901237,4.3128266,1.0,3,3,1.0,2,2,1.0
2260173,val,a32_33,2.5542126,1.8636948,1.0,3,3,1.0,2,2,1.0
2261030,val,a32_33,3.0049987,3.46386,1.0,3,3,1.0,2,2,1.0
2271171,val,a32_33,2.4028828,2.8805687,1.0,3,3,1.0,2,2,1.0
2282005,val,a32_33,3.0252964,2.6999228,1.0,3,3,1.0,2,4,1.0
2302195,val,a32_33,0.91183746,0.0,1.0,2,2,1.0,2,3,1.0
2334031,val,a32_33,3.5242593,4.3227935,1.0,3,3,1.0,2,2,1.0
2341172,val,a32_33,2.7293358,1.4055939,1.0,3,3,1.0,2,2,1.0
2354175,val,a32_33,3.4976265,3.5770934,1.0,3,3,1.0,6,2,1.0
2355004,val,a32_33,1.3607175,3.1516616,1.0,3,3,1.0,2,4,1.0
2391030,val,a32_33,3.3117826,3.3850226,1.0,3,3,1.0,2,2,1.0
2397173,val,a32_33,1.3360317,1.5610666,1.0,2,2,1.0,2,4,1.0
2408170,val,a32_33,2.8191745,1.7504245,1.0,3,3,1.0,6,2,1.0
2425003,val,a32_33,2.721459,1.0458099,1.0,3,3,1.0,2,2,1.0
2432030,val,a32_33,1.3434594,3.1244323,1.0,3,3,1.0,2,4,1.0
2435172,val,a32_33,1.6356521,2.6671154,1.0,3,3,1.0,2,2,1.0
2436174,val,a32_33,0.9876034,0.0,1.0,2,2,1.0,2,2,1.0
2436176,val,a32_33,1.9641831,2.3387928,1.0,2,3,1.0,2,2,1.0
2441003,val,a32_33,1.7049377,2.767564,1.0,3,3,1.0,2,2,1.0
2441173,val,a32_33,3.151503,3.35304,1.0,3,2,1.0,2,2,1.0
2458031,val,a32_33,4.125964,4.4858203,1.0,3,3,1.0,2,6,1.0
2461004,val,a32_33,1.8147354,0.0,1.0,2,2,1.0,2,2,1.0
2461030,val,a32_33,3.208631,4.886779,1.0,3,3,1.0,2,2,1.0
2473004,val,a32_33,3.3074894,3.5253677,1.0,3,3,1.0,2,2,1.0
2483030,val,a32_33,2.8505006,2.811228,1.0,3,3,1.0,2,3,1.0
2503030,val,a32_33,3.683331,3.3822985,1.0,3,2,1.0,6,6,1.0
2510005,val,a32_33,3.4527926,3.1491687,1.0,3,3,1.0,2,2,1.0
2525003,val,a32_33,3.4016383,1.4930412,1.0,3,2,1.0,2,2,1.0
2529030,val,a32_33,2.9109704,2.3032491,1.0,3,3,1.0,2,2,1.0
2529174,val,a32_33,2.814927,4.1124773,1.0,3,3,1.0,2,2,1.0
2530003,val,a32_33,1.9655375,0.0,0.0,3,-1,0.0,2,-1,0.0
2530004,val,a32_33,2.9915028,3.012737,1.0,3,3,1.0,2,2,1.0
2569033,val,a32_33,2.8057337,3.4540765,1.0,3,3,1.0,6,2,1.0
2601006,val,a32_33,3.63969,4.6354756,1.0,3,3,1.0,6,2,1.0
2608006,val,a32_33,2.639988,3.1019585,1.0,3,3,1.0,2,2,1.0
2615034,val,a32_33,3.472972,4.0760427,1.0,3,3,1.0,2,2,1.0
2639004,val,a32_33,2.3261259,3.5780287,1.0,3,3,1.0,2,4,1.0
2665177,val,a32_33,1.4823129,0.0,1.0,2,2,1.0,6,6,1.0
2672006,val,a32_33,3.3451934,3.845893,1.0,3,3,1.0,6,2,1.0
2672171,val,a32_33,2.392362,3.2094243,1.0,3,3,1.0,2,4,1.0
2697003,val,a32_33,3.603436,4.1256022,1.0,3,3,1.0,2,4,1.0
2704031,val,a32_33,3.3760965,3.3051815,1.0,3,3,1.0,6,2,1.0
2705030,val,a32_33,3.3869295,4.1353226,1.0,3,3,1.0,2,2,1.0
2707007,val,a32_33,2.557275,2.9212708,1.0,3,3,1.0,2,2,1.0
2712172,val,a32_33,2.306448,2.9834774,1.0,3,3,1.0,2,2,1.0
2731003,val,a32_33,2.8542392,3.4424026,1.0,3,3,1.0,6,6,1.0
2731005,val,a32_33,3.607617,4.657845,1.0,3,3,1.0,6,6,1.0
2770031,val,a32_33,3.292147,3.5017936,1.0,3,3,1.0,2,2,1.0
2816004,val,a32_33,1.3054367,0.99481934,1.0,2,3,1.0,2,2,1.0
2910002,val,a32_33,2.5558634,2.9570043,1.0,3,2,1.0,2,2,1.0
3062001,val,a32_33,3.3440247,3.0165422,1.0,3,3,1.0,2,2,1.0
3235002,val,a32_33,2.5757537,3.067396,1.0,3,3,1.0,2,2,1.0
3306001,val,a32_33,3.549032,4.5033164,1.0,3,3,1.0,2,2,1.0
5015030,val,a32_33,1.6169949,3.1231244,1.0,2,3,1.0,2,2,1.0
5048030,val,a32_33,2.5629928,0.85221577,1.0,3,3,1.0,6,6,1.0
5052033,val,a32_33,2.2936137,2.1177578,1.0,3,3,1.0,6,6,1.0
5057008,val,a32_33,0.82290804,0.0,1.0,2,2,1.0,6,6,1.0
5170009,val,a32_33,3.0787113,3.754378,1.0,3,3,1.0,2,2,1.0
5230008,val,a32_33,2.816411,3.23986,1.0,3,3,1.0,2,2,1.0
5299010,val,a32_33,2.4062545,0.0,1.0,3,2,1.0,6,6,1.0
5336179,val,a32_33,2.8238068,2.1424496,1.0,3,3,1.0,2,2,1.0
5364005,val,a32_33,2.7102764,3.1292195,1.0,3,3,1.0,2,3,1.0
5379004,val,a32_33,3.1631198,3.4401562,1.0,3,3,1.0,2,4,1.0
5430173,val,a32_33,2.8890889,0.0,1.0,3,2,1.0,6,6,1.0
5488006,val,a32_33,3.1476073,3.6953425,1.0,3,3,1.0,6,6,1.0
5493007,val,a32_33,0.8323934,0.0,1.0,2,2,1.0,6,6,1.0
5537009,val,a32_33,2.155521,0.0,0.0,3,-1,0.0,2,-1,0.0
5537177,val,a32_33,1.4492493,0.0,1.0,3,2,1.0,2,2,1.0
5537183,val,a32_33,3.2990632,3.904599,1.0,3,3,1.0,2,2,1.0
5569010,val,a32_33,2.5605392,3.7087364,1.0,3,3,1.0,2,2,1.0
5600005,val,a32_33,1.5612093,2.8738692,1.0,3,3,1.0,6,6,1.0
5615183,val,a32_33,2.8826523,3.4054897,1.0,3,3,1.0,2,2,1.0
5749006,val,a32_33,1.6526995,2.906099,1.0,3,3,1.0,6,2,1.0
5822175,val,a32_33,2.8001745,3.410315,1.0,3,3,1.0,2,2,1.0
5832003,val,a32_33,2.6429875,3.3075924,1.0,3,2,1.0,2,6,1.0
5872005,val,a32_33,0.8721528,0.0,1.0,2,2,1.0,6,6,1.0
5898005,val,a32_33,2.0862846,1.7823017,1.0,3,3,1.0,6,4,1.0
5904033,val,a32_33,2.71458,0.84036845,1.0,3,3,1.0,2,3,1.0
5987188,val,a32_33,2.652447,2.9850528,1.0,3,3,1.0,2,2,1.0
6026005,val,a32_33,3.5120091,3.9760501,1.0,3,3,1.0,6,2,1.0
6026172,val,a32_33,3.1911876,3.810312,1.0,3,3,1.0,6,2,1.0
6054031,val,a32_33,3.5921865,3.938906,1.0,3,3,1.0,6,6,1.0
6121033,val,a32_33,2.5393927,0.0,0.0,3,-1,0.0,6,-1,0.0
6156008,val,a32_33,3.380086,3.793373,1.0,3,3,1.0,6,6,1.0
6157003,val,a32_33,2.4670515,2.9488564,1.0,3,3,1.0,2,2,1.0
6210183,val,a32_33,2.4443955,3.3647535,1.0,3,3,1.0,2,2,1.0
6262030,val,a32_33,3.5550234,4.031533,1.0,3,3,1.0,2,2,1.0
6368007,val,a32_33,2.4139392,0.41118228,1.0,3,2,1.0,6,6,1.0
6381181,val,a32_33,3.099193,4.056612,1.0,3,3,1.0,6,2,1.0
6396003,val,a32_33,1.6760266,1.5197067,1.0,3,3,1.0,2,2,1.0
6431008,val,a32_33,2.8081594,3.2996137,1.0,3,3,1.0,2,2,1.0
6475170,val,a32_33,2.3005745,2.8357437,1.0,3,3,1.0,6,6,1.0
6522004,val,a32_33,1.6493752,0.0,1.0,2,2,1.0,6,6,1.0
6537032,val,a32_33,2.520176,0.0,1.0,3,2,1.0,2,2,1.0
6541178,val,a32_33,3.2506137,4.160322,1.0,3,3,1.0,2,2,1.0
6545006,val,a32_33,1.6971744,0.0,0.0,3,-1,0.0,3,-1,0.0
6547171,val,a32_33,2.69651,2.8279142,1.0,3,3,1.0,2,2,1.0
6571031,val,a32_33,2.9042625,3.3175473,1.0,3,3,1.0,2,3,1.0
6590008,val,a32_33,2.67596,3.1238058,1.0,3,3,1.0,2,2,1.0
6616007,val,a32_33,2.2856903,2.2041533,1.0,3,3,1.0,2,3,1.0
6649003,val,a32_33,1.9939789,2.9051325,1.0,3,3,1.0,6,6,1.0
6710030,val,a32_33,1.048396,0.0,0.0,2,-1,0.0,6,-1,0.0
6745007,val,a32_33,2.9357708,0.0,0.0,3,-1,0.0,6,-1,0.0
6750005,val,a32_33,2.5277584,3.182522,1.0,3,3,1.0,2,4,1.0
6765006,val,a32_33,1.9290192,2.837602,1.0,3,3,1.0,2,2,1.0
6822176,val,a32_33,2.8640025,3.8595586,1.0,3,3,1.0,2,4,1.0
6828003,val,a32_33,1.1788008,0.0,1.0,2,2,1.0,2,2,1.0
6872003,val,a32_33,2.8510373,3.5754573,1.0,3,3,1.0,6,2,1.0
4007,val,a34_35,2.4381897,2.800409,1.0,3,3,1.0,2,2,1.0
6174,val,a34_35,3.3485045,3.436764,1.0,3,3,1.0,2,2,1.0
14004,val,a34_35,3.4006891,3.998868,1.0,3,3,1.0,2,2,1.0
14172,val,a34_35,1.052784,0.0,1.0,2,2,1.0,2,2,1.0
14173,val,a34_35,2.893362,3.6810904,1.0,3,3,1.0,2,2,1.0
18031,val,a34_35,0.59144807,0.68363804,1.0,2,2,1.0,2,2,1.0
18185,val,a34_35,2.0646777,0.9108581,1.0,3,2,1.0,2,2,1.0
23031,val,a34_35,3.5070798,3.4142132,1.0,3,3,1.0,6,6,1.0
40173,val,a34_35,3.3872066,3.7375634,1.0,3,3,1.0,2,2,1.0
51171,val,a34_35,3.2011533,3.6482122,1.0,3,3,1.0,2,2,1.0
84005,val,a34_35,3.1668534,3.8661423,1.0,3,3,1.0,6,6,1.0
121173,val,a34_35,2.909258,4.4823527,1.0,3,3,1.0,2,2,1.0
128004,val,a34_35,3.6439054,3.7695422,1.0,3,3,1.0,2,2,1.0
145170,val,a34_35,3.1637156,3.050315,1.0,3,3,1.0,2,2,1.0
161004,val,a34_35,3.567824,4.29205,1.0,3,3,1.0,6,6,1.0
172031,val,a34_35,3.4919207,3.0302796,1.0,3,3,1.0,2,2,1.0
174175,val,a34_35,2.042922,3.4826064,1.0,3,3,1.0,2,2,1.0
221031,val,a34_35,3.7429836,4.00667,1.0,3,3,1.0,2,2,1.0
223030,val,a34_35,3.648541,4.1992106,1.0,3,3,1.0,2,2,1.0
227003,val,a34_35,3.9442494,3.9942298,1.0,3,3,1.0,6,4,1.0
257175,val,a34_35,3.3145688,1.5653204,1.0,3,3,1.0,2,2,1.0
263182,val,a34_35,3.2736437,3.226835,1.0,3,3,1.0,2,2,1.0
321005,val,a34_35,2.2736247,1.8506196,1.0,3,3,1.0,4,2,1.0
361175,val,a34_35,2.3632104,0.5806059,1.0,3,2,1.0,2,2,1.0
377170,val,a34_35,3.135159,4.052736,1.0,3,3,1.0,2,2,1.0
450030,val,a34_35,3.460735,3.535023,1.0,3,3,1.0,2,6,1.0
465030,val,a34_35,2.2786,3.46386,1.0,3,3,1.0,2,2,1.0
478030,val,a34_35,2.865821,0.0,1.0,3,3,1.0,6,5,1.0
503031,val,a34_35,2.8895025,4.179109,1.0,3,3,1.0,2,2,1.0
514172,val,a34_35,3.6412427,4.4858203,1.0,3,3,1.0,2,2,1.0
534030,val,a34_35,3.009786,1.7294579,1.0,3,3,1.0,2,2,1.0
534171,val,a34_35,3.5867908,3.2709668,1.0,3,3,1.0,2,2,1.0
544170,val,a34_35,2.698864,2.6415782,1.0,3,3,1.0,2,2,1.0
563193,val,a34_35,3.241063,0.0,1.0,3,2,1.0,2,2,1.0
577174,val,a34_35,3.0133004,2.117311,1.0,3,3,1.0,2,2,1.0
613006,val,a34_35,2.7896864,3.412913,1.0,3,2,1.0,2,6,1.0
618170,val,a34_35,3.6037347,4.139663,1.0,3,3,1.0,2,2,1.0
631030,val,a34_35,2.9073718,4.0355644,1.0,3,3,1.0,2,4,1.0
633031,val,a34_35,3.035842,3.806156,1.0,3,3,1.0,2,2,1.0
652173,val,a34_35,2.8634539,3.5265098,1.0,3,3,1.0,2,2,1.0
655172,val,a34_35,3.0379121,3.625488,1.0,3,2,1.0,2,2,1.0
656005,val,a34_35,2.3690736,2.2859914,1.0,3,3,1.0,2,2,1.0
691171,val,a34_35,2.683088,2.9259071,1.0,3,3,1.0,2,4,1.0
738172,val,a34_35,2.2653208,2.920467,1.0,3,3,1.0,2,2,1.0
751030,val,a34_35,2.1423106,2.1802564,1.0,3,3,1.0,2,2,1.0
762170,val,a34_35,3.8233275,4.451708,1.0,3,3,1.0,2,2,1.0
783171,val,a34_35,3.025625,0.0,1.0,3,2,1.0,2,2,1.0
863007,val,a34_35,2.6107798,2.018303,1.0,3,3,1.0,2,2,1.0
893170,val,a34_35,2.7185717,0.0,1.0,3,2,1.0,2,2,1.0
894031,val,a34_35,3.1790118,3.045166,1.0,3,3,1.0,2,2,1.0
898181,val,a34_35,2.3125045,2.2668793,1.0,3,3,1.0,2,2,1.0
899003,val,a34_35,3.6790686,3.2250204,1.0,3,3,1.0,2,4,1.0
916032,val,a34_35,2.3358297,0.97904295,1.0,3,3,1.0,6,6,1.0
922005,val,a34_35,3.4092631,2.986773,1.0,3,3,1.0,2,2,1.0
931172,val,a34_35,3.134317,2.7452414,1.0,3,3,1.0,2,2,1.0
939032,val,a34_35,4.316461,4.8055015,1.0,3,3,1.0,2,2,1.0
958030,val,a34_35,3.2800279,3.643596,1.0,3,3,1.0,2,2,1.0
958173,val,a34_35,2.538706,3.051619,1.0,3,3,1.0,2,2,1.0
961005,val,a34_35,2.9915574,2.7400177,1.0,3,3,1.0,2,4,1.0
961030,val,a34_35,3.3048909,4.009967,1.0,3,3,1.0,2,2,1.0
961175,val,a34_35,3.140208,3.5397089,1.0,3,3,1.0,2,2,1.0
1051183,val,a34_35,3.7289968,3.5068526,1.0,3,3,1.0,2,2,1.0
1084005,val,a34_35,2.7928932,1.2412424,1.0,3,3,1.0,2,2,1.0
1089003,val,a34_35,2.8460457,3.223352,1.0,3,3,1.0,2,2,1.0
1093003,val,a34_35,1.3645985,0.0,1.0,2,2,1.0,2,2,1.0
1107173,val,a34_35,1.5265664,0.0,1.0,3,2,1.0,2,2,1.0
1109174,val,a34_35,1.7930672,1.7912925,1.0,3,3,1.0,2,2,1.0
1121030,val,a34_35,3.3540683,3.3347914,1.0,3,3,1.0,2,2,1.0
1121175,val,a34_35,2.1416993,2.8474362,1.0,3,3,1.0,2,2,1.0
1125172,val,a34_35,2.6110547,2.8422003,1.0,3,3,1.0,2,2,1.0
1126030,val,a34_35,3.0216324,3.5079842,1.0,3,3,1.0,2,2,1.0
1126176,val,a34_35,1.8465534,4.886779,1.0,3,3,1.0,2,2,1.0
1152180,val,a34_35,3.1205132,3.3841953,1.0,3,3,1.0,2,2,1.0
1164004,val,a34_35,3.0959678,3.3247015,1.0,3,3,1.0,2,2,1.0
1184032,val,a34_35,3.2311513,3.718973,1.0,3,3,1.0,2,2,1.0
1184033,val,a34_35,2.0325937,0.0,1.0,3,2,1.0,6,2,1.0
1185003,val,a34_35,3.135435,0.1392965,1.0,3,2,1.0,2,2,1.0
1222004,val,a34_35,2.285401,0.6502385,1.0,3,3,1.0,2,2,1.0
1222006,val,a34_35,2.8827193,0.0,1.0,3,3,1.0,2,2,1.0
1284170,val,a34_35,3.132939,2.9825165,1.0,3,3,1.0,2,2,1.0
1292004,val,a34_35,2.8434293,2.6426997,1.0,3,3,1.0,2,2,1.0
1314172,val,a34_35,3.140226,3.6161854,1.0,3,3,1.0,2,2,1.0
1332005,val,a34_35,4.0239973,3.4484794,1.0,3,3,1.0,2,2,1.0
1335010,val,a34_35,3.0789864,2.9968593,1.0,3,3,1.0,2,2,1.0
1338003,val,a34_35,3.062386,3.7758262,1.0,3,3,1.0,2,6,1.0
1345006,val,a34_35,3.010808,2.5475004,1.0,3,3,1.0,2,2,1.0
1345007,val,a34_35,2.8670485,4.046768,1.0,3,3,1.0,6,6,1.0
1346030,val,a34_35,3.399353,0.0,1.0,3,2,1.0,6,2,1.0
1391033,val,a34_35,3.7001967,3.6222303,1.0,3,3,1.0,6,2,1.0
1391175,val,a34_35,0.8459176,3.1423733,1.0,2,3,1.0,2,4,1.0
1394033,val,a34_35,2.5618606,0.0,1.0,3,2,1.0,6,4,1.0
1397005,val,a34_35,3.418818,3.6320806,1.0,3,3,1.0,2,2,1.0
1397172,val,a34_35,1.3714043,0.0,1.0,3,2,1.0,2,2,1.0
1426004,val,a34_35,1.8412242,2.7400177,1.0,3,3,1.0,6,6,1.0
1434032,val,a34_35,2.8116136,1.6446948,1.0,3,3,1.0,2,2,1.0
1434170,val,a34_35,3.2349095,3.3065176,1.0,3,3,1.0,2,2,1.0
1435005,val,a34_35,3.614871,4.083877,1.0,3,3,1.0,2,2,1.0
1485171,val,a34_35,3.4083402,3.1599016,1.0,3,3,1.0,2,2,1.0
1520031,val,a34_35,3.2561784,4.223541,1.0,3,3,1.0,2,3,1.0
1540005,val,a34_35,4.1832714,1.1484697,1.0,3,3,1.0,6,2,1.0
1559003,val,a34_35,3.9442892,4.581772,1.0,3,3,1.0,2,2,1.0
1559170,val,a34_35,3.100892,3.1855898,1.0,3,3,1.0,2,2,1.0
1565180,val,a34_35,2.8116932,3.8731043,1.0,3,3,1.0,2,2,1.0
1579030,val,a34_35,3.473525,3.2707531,1.0,3,3,1.0,2,2,1.0
1613007,val,a34_35,2.4770067,1.1782345,1.0,3,3,1.0,2,2,1.0
1621171,val,a34_35,3.5576682,4.233549,1.0,3,3,1.0,2,2,1.0
1644004,val,a34_35,3.0362716,3.4810104,1.0,3,3,1.0,2,2,1.0
1652031,val,a34_35,2.8713288,1.224851,1.0,3,3,1.0,2,2,1.0
1682032,val,a34_35,2.9349616,4.058486,1.0,3,3,1.0,6,2,1.0
1684173,val,a34_35,3.2314856,3.449071,1.0,3,3,1.0,2,2,1.0
1687003,val,a34_35,3.20321,3.3014047,1.0,3,3,1.0,2,2,1.0
1690170,val,a34_35,2.141407,3.3312128,1.0,3,3,1.0,2,2,1.0
1692030,val,a34_35,0.5415373,2.5444038,1.0,2,3,1.0,2,4,1.0
1695034,val,a34_35,3.0019195,3.5729935,1.0,3,2,1.0,2,2,1.0
1701004,val,a34_35,2.6204078,3.4728677,1.0,3,3,1.0,2,2,1.0
1721030,val,a34_35,3.5133379,3.6708767,1.0,3,3,1.0,2,2,1.0
1723005,val,a34_35,0.95143557,1.1481966,1.0,2,2,1.0,2,2,1.0
1762030,val,a34_35,2.4111323,2.3319604,1.0,3,2,1.0,2,3,1.0
1762031,val,a34_35,3.4425035,3.7397017,1.0,3,3,1.0,2,2,1.0
1762032,val,a34_35,1.9194915,2.5473228,1.0,3,3,1.0,2,3,1.0
1774170,val,a34_35,3.0161238,3.9032092,1.0,3,2,1.0,2,2,1.0
1774171,val,a34_35,3.013667,3.6229506,1.0,3,3,1.0,2,2,1.0
1784171,val,a34_35,3.5307028,4.4212785,1.0,3,3,1.0,2,2,1.0
1786191,val,a34_35,3.5915623,3.9449332,1.0,3,3,1.0,2,2,1.0
1787005,val,a34_35,3.1123137,4.0148044,1.0,3,3,1.0,2,2,1.0
1787174,val,a34_35,2.6462605,3.3078308,1.0,3,3,1.0,2,2,1.0
1802003,val,a34_35,3.1326833,2.8173234,1.0,3,3,1.0,2,2,1.0
1845170,val,a34_35,3.5465343,3.315087,1.0,3,3,1.0,2,2,1.0
1862171,val,a34_35,3.490204,3.937253,1.0,3,3,1.0,2,2,1.0
1898004,val,a34_35,3.1150975,0.0,1.0,3,3,1.0,6,6,1.0
1911030,val,a34_35,2.4438362,3.0814157,1.0,3,3,1.0,2,2,1.0
1914003,val,a34_35,1.0766485,1.988769,1.0,2,3,1.0,2,2,1.0
1919007,val,a34_35,3.9162095,4.069468,1.0,3,3,1.0,2,2,1.0
1954003,val,a34_35,3.411574,3.410345,1.0,3,3,1.0,2,2,1.0
1959005,val,a34_35,3.69376,3.8789423,1.0,3,3,1.0,6,2,1.0
1964031,val,a34_35,2.5844817,2.4798064,1.0,3,3,1.0,4,4,1.0
1972173,val,a34_35,1.161175,1.5825812,1.0,2,3,1.0,2,2,1.0
1978030,val,a34_35,3.1582794,3.8594756,1.0,3,3,1.0,2,2,1.0
2005030,val,a34_35,2.7946005,3.584206,1.0,3,3,1.0,2,6,1.0
2011174,val,a34_35,2.5681598,3.2372046,1.0,3,3,1.0,2,2,1.0
2023030,val,a34_35,3.6466913,4.71018,1.0,3,3,1.0,6,6,1.0
2028030,val,a34_35,3.4187946,4.2104487,1.0,3,3,1.0,2,4,1.0
2055003,val,a34_35,2.6085227,2.3580952,1.0,3,3,1.0,2,2,1.0
2067005,val,a34_35,3.483561,3.8198578,1.0,3,3,1.0,2,2,1.0
2080170,val,a34_35,1.8954364,1.8996137,1.0,3,3,1.0,2,2,1.0
2106171,val,a34_35,0.98846126,0.0,1.0,3,2,1.0,2,2,1.0
2109002,val,a34_35,3.110458,4.7713423,1.0,3,3,1.0,2,3,1.0
2129186,val,a34_35,2.9710765,3.3685656,1.0,3,3,1.0,2,2,1.0
2181007,val,a34_35,1.0606487,1.3514186,1.0,2,3,1.0,6,6,1.0
2181030,val,a34_35,3.1177607,3.4647295,1.0,3,3,1.0,2,4,1.0
2243174,val,a34_35,3.2889314,4.886779,1.0,3,3,1.0,2,2,1.0
2260173,val,a34_35,2.671726,2.816037,1.0,3,3,1.0,2,2,1.0
2261030,val,a34_35,3.0423834,3.1945803,1.0,3,3,1.0,2,2,1.0
2271171,val,a34_35,2.5249856,3.3082037,1.0,3,3,1.0,2,2,1.0
2282005,val,a34_35,2.8910446,2.147233,1.0,3,3,1.0,2,6,1.0
2302195,val,a34_35,0.7771697,0.0,1.0,2,2,1.0,2,3,1.0
2334031,val,a34_35,3.4667509,4.4581056,1.0,3,3,1.0,2,2,1.0
2341172,val,a34_35,2.8253937,3.2996137,1.0,3,2,1.0,2,2,1.0
2354175,val,a34_35,3.5578473,0.29350135,1.0,3,3,1.0,2,2,1.0
2355004,val,a34_35,1.7527857,3.3921888,1.0,3,3,1.0,5,4,1.0
2391030,val,a34_35,3.458158,3.4039729,1.0,3,3,1.0,2,2,1.0
2397173,val,a34_35,1.1166687,2.5756848,1.0,2,3,1.0,2,4,1.0
2408170,val,a34_35,2.8004556,3.1023672,1.0,3,2,1.0,2,2,1.0
2425003,val,a34_35,2.6467812,2.1094406,1.0,3,3,1.0,2,2,1.0
2432030,val,a34_35,1.5501812,2.844158,1.0,3,3,1.0,2,4,1.0
2435172,val,a34_35,1.4200447,2.4191318,1.0,3,3,1.0,2,2,1.0
2436174,val,a34_35,0.7426164,0.0,1.0,2,3,1.0,2,4,1.0
2436176,val,a34_35,1.6403844,2.1727228,1.0,2,3,1.0,2,2,1.0
2441003,val,a34_35,1.7903922,3.1773481,1.0,3,3,1.0,2,2,1.0
2441173,val,a34_35,3.4865754,3.4186516,1.0,3,2,1.0,2,2,1.0
2458031,val,a34_35,4.207704,4.2520056,1.0,3,3,1.0,2,6,1.0
2461004,val,a34_35,1.6181362,0.0,1.0,2,2,1.0,2,2,1.0
2461030,val,a34_35,3.4402375,4.886779,1.0,3,3,1.0,2,2,1.0
2473004,val,a34_35,3.515088,3.5252342,1.0,3,3,1.0,2,2,1.0
2483030,val,a34_35,2.8804626,2.1516867,1.0,3,3,1.0,2,4,1.0
2503030,val,a34_35,3.7073398,3.2300382,1.0,3,3,1.0,6,6,1.0
2510005,val,a34_35,3.4765987,3.0696194,1.0,3,3,1.0,2,2,1.0
2525003,val,a34_35,3.4848526,4.3761644,1.0,3,3,1.0,2,2,1.0
2529030,val,a34_35,2.9456809,1.2899189,1.0,3,3,1.0,2,2,1.0
2529174,val,a34_35,2.8294067,4.05028,1.0,3,3,1.0,2,2,1.0
2530003,val,a34_35,2.1896212,2.347849,1.0,3,3,1.0,2,2,1.0
2530004,val,a34_35,2.9150586,3.3155382,1.0,3,3,1.0,2,2,1.0
2569033,val,a34_35,2.9663217,3.3997273,1.0,3,3,1.0,6,2,1.0
2601006,val,a34_35,3.5307875,4.6199427,1.0,3,3,1.0,6,2,1.0
2608006,val,a34_35,2.9820094,3.3245888,1.0,3,3,1.0,2,2,1.0
2615034,val,a34_35,3.4655428,4.264327,1.0,3,3,1.0,2,2,1.0
2639004,val,a34_35,2.3779445,3.1244323,1.0,3,3,1.0,2,4,1.0
2665177,val,a34_35,1.3645068,0.0,1.0,3,2,1.0,6,6,1.0
2672006,val,a34_35,3.289672,4.088642,1.0,3,3,1.0,6,2,1.0
2672171,val,a34_35,2.4824877,3.5206954,1.0,3,3,1.0,2,4,1.0
2697003,val,a34_35,3.8471656,3.654262,1.0,3,3,1.0,2,4,1.0
2704031,val,a34_35,3.6049056,3.5243149,1.0,3,3,1.0,6,2,1.0
2705030,val,a34_35,3.5662384,4.117977,1.0,3,3,1.0,2,2,1.0
2707007,val,a34_35,2.9710386,2.8901737,1.0,3,3,1.0,4,2,1.0
2712172,val,a34_35,2.273734,3.0806043,1.0,3,3,1.0,2,2,1.0
2731003,val,a34_35,2.8751788,3.4291623,1.0,3,3,1.0,6,6,1.0
2731005,val,a34_35,3.5665734,4.602144,1.0,3,3,1.0,6,6,1.0
2770031,val,a34_35,3.1986413,3.2963169,1.0,3,3,1.0,2,2,1.0
2816004,val,a34_35,1.1974777,2.8679018,1.0,2,3,1.0,2,2,1.0
2910002,val,a34_35,2.7003877,1.33938,1.0,3,2,1.0,2,2,1.0
3062001,val,a34_35,3.545533,3.044029,1.0,3,2,1.0,2,2,1.0
3235002,val,a34_35,2.6446755,3.1709757,1.0,3,3,1.0,2,2,1.0
3306001,val,a34_35,3.7293224,4.4437504,1.0,3,3,1.0,2,2,1.0
5015030,val,a34_35,1.7659655,3.3798187,1.0,2,3,1.0,2,2,1.0
5048030,val,a34_35,2.6426125,2.0504565,1.0,3,3,1.0,6,6,1.0
5052033,val,a34_35,2.1570468,1.8831539,1.0,3,2,1.0,6,6,1.0
5057008,val,a34_35,0.81569576,0.0,1.0,2,2,1.0,6,6,1.0
5170009,val,a34_35,3.0128086,3.381349,1.0,3,3,1.0,2,2,1.0
5230008,val,a34_35,2.7134523,3.4894347,1.0,3,3,1.0,2,2,1.0
5299010,val,a34_35,2.3474195,1.8428315,1.0,3,2,1.0,6,6,1.0
5336179,val,a34_35,2.9834058,2.7212331,1.0,3,3,1.0,2,2,1.0
5364005,val,a34_35,2.8690345,3.4310503,1.0,3,3,1.0,2,3,1.0
5379004,val,a34_35,3.3812165,3.8497841,1.0,3,2,1.0,2,4,1.0
5430173,val,a34_35,2.6999278,0.0,1.0,3,3,1.0,6,6,1.0
5488006,val,a34_35,3.0073082,3.6707966,1.0,3,3,1.0,6,6,1.0
5493007,val,a34_35,0.96065557,0.0,1.0,2,2,1.0,6,5,1.0
5537009,val,a34_35,2.1399944,2.8268414,1.0,3,3,1.0,2,2,1.0
5537177,val,a34_35,1.6904249,0.0,1.0,3,2,1.0,2,2,1.0
5537183,val,a34_35,3.4464765,4.8345804,1.0,3,3,1.0,2,2,1.0
5569010,val,a34_35,2.4679403,3.5150862,1.0,3,3,1.0,2,2,1.0
5600005,val,a34_35,1.9179181,2.8289354,1.0,3,3,1.0,6,2,1.0
5615183,val,a34_35,2.9064775,3.2685068,1.0,3,2,1.0,2,2,1.0
5749006,val,a34_35,1.7564516,3.0684395,1.0,3,3,1.0,6,2,1.0
5822175,val,a34_35,2.9516156,3.432247,1.0,3,3,1.0,2,2,1.0
5832003,val,a34_35,2.479463,2.955636,1.0,3,2,1.0,6,6,1.0
5872005,val,a34_35,0.862836,0.0,1.0,2,2,1.0,6,6,1.0
5898005,val,a34_35,2.0433326,0.0,0.0,3,-1,0.0,6,-1,0.0
5904033,val,a34_35,2.7722545,2.9226713,1.0,3,3,1.0,2,4,1.0
5987188,val,a34_35,2.726451,2.993095,1.0,3,3,1.0,2,2,1.0
6026005,val,a34_35,3.701839,4.1942463,1.0,3,3,1.0,6,2,1.0
6026172,val,a34_35,3.1196299,3.5880518,1.0,3,2,1.0,2,2,1.0
6054031,val,a34_35,3.7895527,3.894498,1.0,3,3,1.0,6,6,1.0
6121033,val,a34_35,2.547088,0.0,1.0,3,2,1.0,2,6,1.0
6156008,val,a34_35,3.4592056,3.6999114,1.0,3,3,1.0,6,6,1.0
6157003,val,a34_35,2.7441676,3.2246761,1.0,3,3,1.0,2,2,1.0
6210183,val,a34_35,2.3787463,3.1390646,1.0,3,3,1.0,2,2,1.0
6262030,val,a34_35,3.6253426,3.820049,1.0,3,3,1.0,2,2,1.0
6368007,val,a34_35,2.527634,2.02827,1.0,3,3,1.0,6,6,1.0
6381181,val,a34_35,3.1356218,4.0212197,1.0,3,3,1.0,2,2,1.0
6396003,val,a34_35,1.6582127,2.1782289,1.0,3,3,1.0,2,2,1.0
6431008,val,a34_35,2.6491468,3.717182,1.0,3,3,1.0,2,2,1.0
6475170,val,a34_35,2.4381056,2.4331408,1.0,3,3,1.0,6,6,1.0
6522004,val,a34_35,1.4938995,0.0,1.0,2,2,1.0,6,6,1.0
6537032,val,a34_35,2.7390585,2.8025348,1.0,3,2,1.0,2,2,1.0
6541178,val,a34_35,3.1059296,4.1634727,1.0,3,3,1.0,2,2,1.0
6545006,val,a34_35,1.8376198,2.961514,1.0,3,3,1.0,3,4,1.0
6547171,val,a34_35,2.6773994,2.1509397,1.0,3,2,1.0,2,2,1.0
6571031,val,a34_35,2.9159224,2.9221067,1.0,3,3,1.0,2,3,1.0
6590008,val,a34_35,3.0068858,3.3649793,1.0,3,3,1.0,2,2,1.0
6616007,val,a34_35,1.9953197,2.1483917,1.0,3,3,1.0,2,4,1.0
6649003,val,a34_35,2.0166922,3.5800602,1.0,3,3,1.0,6,2,1.0
6710030,val,a34_35,1.0456034,3.2300382,1.0,2,3,1.0,6,6,1.0
6745007,val,a34_35,2.793571,3.248457,1.0,3,3,1.0,6,6,1.0
6750005,val,a34_35,2.3478408,3.0114257,1.0,3,3,1.0,2,4,1.0
6765006,val,a34_35,1.8252723,2.7225564,1.0,3,3,1.0,2,2,1.0
6822176,val,a34_35,2.8717628,3.2707531,1.0,3,3,1.0,2,4,1.0
6828003,val,a34_35,1.0200605,2.461633,1.0,2,3,1.0,2,2,1.0
6872003,val,a34_35,2.8949194,3.5162253,1.0,3,3,1.0,6,2,1.0
4007,val,a36_37,2.733372,3.4327393,1.0,3,3,1.0,2,4,1.0
6174,val,a36_37,3.2705414,3.778162,1.0,3,3,1.0,2,2,1.0
14004,val,a36_37,3.332287,4.02684,1.0,3,3,1.0,2,2,1.0
14172,val,a36_37,1.3608007,2.8672464,1.0,3,3,1.0,2,2,1.0
14173,val,a36_37,2.653536,3.4728956,1.0,3,3,1.0,2,2,1.0
18031,val,a36_37,1.1556168,0.0,1.0,2,3,1.0,2,2,1.0
18185,val,a36_37,1.9065034,0.0,1.0,3,2,1.0,2,2,1.0
23031,val,a36_37,3.1836157,3.5235963,1.0,3,2,1.0,6,6,1.0
40173,val,a36_37,3.3235989,3.8670228,1.0,3,3,1.0,2,2,1.0
51171,val,a36_37,3.1951337,3.705001,1.0,3,3,1.0,2,2,1.0
84005,val,a36_37,3.1766653,3.92555,1.0,3,3,1.0,6,6,1.0
121173,val,a36_37,2.9563022,0.0,1.0,3,2,1.0,2,2,1.0
128004,val,a36_37,3.590644,3.8585868,1.0,3,3,1.0,2,2,1.0
145170,val,a36_37,3.230177,3.5600896,1.0,3,3,1.0,2,2,1.0
161004,val,a36_37,3.5330884,1.0080107,1.0,3,2,1.0,2,4,1.0
172031,val,a36_37,3.3988922,3.3619175,1.0,3,3,1.0,2,2,1.0
174175,val,a36_37,2.1858263,3.392162,1.0,3,3,1.0,2,2,1.0
221031,val,a36_37,3.6489801,4.201887,1.0,3,3,1.0,2,2,1.0
223030,val,a36_37,3.5231123,4.0583324,1.0,3,3,1.0,2,2,1.0
227003,val,a36_37,3.738272,4.205097,1.0,3,3,1.0,2,4,1.0
257175,val,a36_37,3.0242076,3.3451939,1.0,3,3,1.0,2,2,1.0
263182,val,a36_37,3.2409332,3.2001226,1.0,3,3,1.0,2,2,1.0
321005,val,a36_37,2.193319,1.8774471,1.0,3,2,1.0,4,2,1.0
361175,val,a36_37,2.54217,0.0,1.0,3,2,1.0,2,2,1.0
377170,val,a36_37,3.1057065,4.0868087,1.0,3,3,1.0,2,2,1.0
450030,val,a36_37,3.4154048,3.7491298,1.0,3,3,1.0,2,6,1.0
465030,val,a36_37,2.1238534,3.3018157,1.0,3,3,1.0,2,2,1.0
478030,val,a36_37,2.7382438,0.0,1.0,3,3,1.0,6,5,1.0
503031,val,a36_37,3.0595253,4.3654175,1.0,3,3,1.0,2,2,1.0
514172,val,a36_37,3.4859414,4.2520056,1.0,3,3,1.0,2,2,1.0
534030,val,a36_37,3.1138208,1.7535818,1.0,3,3,1.0,2,2,1.0
534171,val,a36_37,3.522355,3.0798528,1.0,3,3,1.0,2,2,1.0
544170,val,a36_37,2.7322595,2.6569633,1.0,3,3,1.0,2,2,1.0
563193,val,a36_37,3.223298,0.0,1.0,3,2,1.0,2,2,1.0
577174,val,a36_37,3.0881615,2.7346222,1.0,3,3,1.0,2,2,1.0
613006,val,a36_37,2.7557564,3.5822034,1.0,3,3,1.0,2,6,1.0
618170,val,a36_37,3.5399885,4.2245264,1.0,3,3,1.0,2,2,1.0
631030,val,a36_37,2.6801414,4.2520056,1.0,3,2,1.0,2,4,1.0
633031,val,a36_37,2.8989096,3.678776,1.0,3,3,1.0,2,2,1.0
652173,val,a36_37,2.8633447,3.7556844,1.0,3,3,1.0,2,2,1.0
655172,val,a36_37,3.1100755,3.5016189,1.0,3,3,1.0,2,2,1.0
656005,val,a36_37,2.7223253,0.57833385,1.0,3,3,1.0,2,2,1.0
691171,val,a36_37,2.6537292,2.144181,1.0,3,3,1.0,2,4,1.0
738172,val,a36_37,2.4931083,3.4647295,1.0,3,3,1.0,2,2,1.0
751030,val,a36_37,2.3357193,2.331206,1.0,3,3,1.0,2,2,1.0
762170,val,a36_37,3.7405667,4.6750684,1.0,3,3,1.0,2,2,1.0
783171,val,a36_37,3.0719573,0.0,1.0,3,2,1.0,2,2,1.0
863007,val,a36_37,2.755993,2.4012594,1.0,3,3,1.0,2,2,1.0
893170,val,a36_37,2.7676752,0.0,1.0,3,2,1.0,2,2,1.0
894031,val,a36_37,3.162947,3.3179958,1.0,3,3,1.0,2,2,1.0
898181,val,a36_37,2.3263354,2.4601953,1.0,3,3,1.0,2,2,1.0
899003,val,a36_37,3.4374168,3.4753656,1.0,3,3,1.0,2,4,1.0
916032,val,a36_37,2.5343983,1.3594984,1.0,3,3,1.0,6,6,1.0
922005,val,a36_37,3.52634,2.5992112,1.0,3,3,1.0,2,2,1.0
931172,val,a36_37,3.176567,3.2485132,1.0,3,3,1.0,2,2,1.0
939032,val,a36_37,4.2123795,4.237259,1.0,3,3,1.0,2,2,1.0
958030,val,a36_37,3.257265,3.1858559,1.0,3,3,1.0,2,2,1.0
958173,val,a36_37,2.602105,3.2416787,1.0,3,3,1.0,2,2,1.0
961005,val,a36_37,2.8608904,2.5763686,1.0,3,3,1.0,2,4,1.0
961030,val,a36_37,3.1133668,3.616172,1.0,3,3,1.0,6,2,1.0
961175,val,a36_37,3.16579,3.9032092,1.0,3,3,1.0,2,2,1.0
1051183,val,a36_37,3.5791278,3.3599384,1.0,3,3,1.0,2,2,1.0
1084005,val,a36_37,2.984581,2.5692537,1.0,3,3,1.0,2,2,1.0
1089003,val,a36_37,2.9672408,2.474308,1.0,3,3,1.0,2,2,1.0
1093003,val,a36_37,1.8659927,0.0,1.0,2,2,1.0,2,2,1.0
1107173,val,a36_37,1.8200213,3.6353216,1.0,3,3,1.0,2,4,1.0
1109174,val,a36_37,2.1010633,2.245844,1.0,3,2,1.0,2,2,1.0
1121030,val,a36_37,3.2604105,3.456708,1.0,3,3,1.0,2,2,1.0
1121175,val,a36_37,2.116489,0.0,1.0,3,2,1.0,2,2,1.0
1125172,val,a36_37,2.6602638,2.4460173,1.0,3,2,1.0,2,2,1.0
1126030,val,a36_37,2.9638906,2.8064811,1.0,3,3,1.0,2,2,1.0
1126176,val,a36_37,2.221281,4.886779,1.0,3,3,1.0,2,2,1.0
1152180,val,a36_37,3.0968556,3.4601078,1.0,3,3,1.0,2,2,1.0
1164004,val,a36_37,3.2764509,3.4775372,1.0,3,2,1.0,2,2,1.0
1184032,val,a36_37,3.295032,3.7188902,1.0,3,3,1.0,2,2,1.0
1184033,val,a36_37,2.2671847,2.8802483,1.0,3,3,1.0,6,4,1.0
1185003,val,a36_37,3.3023102,0.0,1.0,3,2,1.0,2,2,1.0
1222004,val,a36_37,2.4433649,2.876907,1.0,3,3,1.0,2,2,1.0
1222006,val,a36_37,3.0311027,3.2434895,1.0,3,3,1.0,2,2,1.0
1284170,val,a36_37,3.1701384,1.6771642,1.0,3,3,1.0,2,2,1.0
1292004,val,a36_37,2.658408,2.7496648,1.0,3,3,1.0,2,2,1.0
1314172,val,a36_37,3.1859665,3.6824348,1.0,3,3,1.0,2,2,1.0
1332005,val,a36_37,3.7872572,0.0,0.0,3,-1,0.0,2,3,1.0
1335010,val,a36_37,3.1927602,3.1051395,1.0,3,3,1.0,2,2,1.0
1338003,val,a36_37,3.0574996,4.1280828,1.0,3,3,1.0,2,6,1.0
1345006,val,a36_37,2.8443973,2.9832191,1.0,3,3,1.0,2,2,1.0
1345007,val,a36_37,2.8510556,3.8132377,1.0,3,3,1.0,6,6,1.0
1346030,val,a36_37,3.3153114,0.0,1.0,3,2,1.0,6,2,1.0
1391033,val,a36_37,3.4788823,3.811287,1.0,3,3,1.0,6,2,1.0
1391175,val,a36_37,1.2976859,3.079403,1.0,2,3,1.0,2,4,1.0
1394033,val,a36_37,2.305874,0.0,1.0,3,2,1.0,2,4,1.0
1397005,val,a36_37,3.3887968,3.7173688,1.0,3,3,1.0,2,2,1.0
1397172,val,a36_37,1.9223018,0.6802275,1.0,3,3,1.0,2,2,1.0
1426004,val,a36_37,1.8454928,2.8489583,1.0,3,3,1.0,6,6,1.0
1434032,val,a36_37,2.7890172,2.180618,1.0,3,3,1.0,2,2,1.0
1434170,val,a36_37,3.066825,2.939788,1.0,3,3,1.0,2,2,1.0
1435005,val,a36_37,3.4693465,4.7467794,1.0,3,3,1.0,2,3,1.0
1485171,val,a36_37,3.4030738,3.4317987,1.0,3,3,1.0,2,2,1.0
1520031,val,a36_37,3.2892628,4.363858,1.0,3,3,1.0,2,2,1.0
1540005,val,a36_37,4.019554,2.37132,1.0,3,3,1.0,6,2,1.0
1559003,val,a36_37,3.9875984,4.417404,1.0,3,3,1.0,2,2,1.0
1559170,val,a36_37,3.1373274,4.11546,1.0,3,3,1.0,2,2,1.0
1565180,val,a36_37,2.8335223,3.4647295,1.0,3,2,1.0,2,2,1.0
1579030,val,a36_37,3.5034723,3.3667955,1.0,3,3,1.0,2,2,1.0
1613007,val,a36_37,2.4248238,1.3834741,1.0,3,3,1.0,2,2,1.0
1621171,val,a36_37,3.5291533,4.886779,1.0,3,3,1.0,2,2,1.0
1644004,val,a36_37,3.0919251,3.3606308,1.0,3,3,1.0,2,2,1.0
1652031,val,a36_37,2.8932126,3.1768782,1.0,3,3,1.0,2,2,1.0
1682032,val,a36_37,3.2690065,3.8405538,1.0,3,3,1.0,2,2,1.0
1684173,val,a36_37,3.191885,3.4290798,1.0,3,3,1.0,2,2,1.0
1687003,val,a36_37,3.257085,3.3888075,1.0,3,3,1.0,2,2,1.0
1690170,val,a36_37,2.1715548,3.0869684,1.0,3,3,1.0,2,2,1.0
1692030,val,a36_37,1.2949107,2.6670494,1.0,2,3,1.0,2,4,1.0
1695034,val,a36_37,2.9609573,3.3662376,1.0,3,3,1.0,2,2,1.0
1701004,val,a36_37,2.7125988,3.5780287,1.0,3,3,1.0,2,2,1.0
1721030,val,a36_37,3.1513464,0.0,1.0,3,2,1.0,2,2,1.0
1723005,val,a36_37,1.2275947,1.8636948,1.0,2,2,1.0,2,2,1.0
1762030,val,a36_37,2.4702744,1.9106654,1.0,3,3,1.0,2,3,1.0
1762031,val,a36_37,3.3783019,3.641588,1.0,3,3,1.0,2,2,1.0
1762032,val,a36_37,1.8785503,1.7876599,1.0,3,3,1.0,4,3,1.0
1774170,val,a36_37,3.0194714,0.0,1.0,3,2,1.0,2,2,1.0
1774171,val,a36_37,3.0284805,3.3619723,1.0,3,3,1.0,2,2,1.0
1784171,val,a36_37,3.508362,4.5877905,1.0,3,3,1.0,2,2,1.0
1786191,val,a36_37,3.5271442,3.8410935,1.0,3,3,1.0,2,2,1.0
1787005,val,a36_37,3.2550437,3.9825108,1.0,3,3,1.0,2,2,1.0
1787174,val,a36_37,2.6232069,3.1686609,1.0,3,3,1.0,2,2,1.0
1802003,val,a36_37,3.0110927,2.7790923,1.0,3,3,1.0,2,2,1.0
1845170,val,a36_37,3.5656843,3.0690727,1.0,3,3,1.0,2,2,1.0
1862171,val,a36_37,3.100594,3.7537568,1.0,3,3,1.0,2,2,1.0
1898004,val,a36_37,2.8739407,3.7632077,1.0,3,3,1.0,6,6,1.0
1911030,val,a36_37,2.2175577,3.295633,1.0,3,3,1.0,2,2,1.0
1914003,val,a36_37,1.5868179,1.980423,1.0,2,3,1.0,2,2,1.0
1919007,val,a36_37,3.748877,4.8790894,1.0,3,3,1.0,2,3,1.0
1954003,val,a36_37,3.4142528,3.254356,1.0,3,3,1.0,2,2,1.0
1959005,val,a36_37,3.5816047,4.18122,1.0,3,3,1.0,2,2,1.0
1964031,val,a36_37,2.3552325,2.7394176,1.0,3,3,1.0,4,4,1.0
1972173,val,a36_37,1.6244323,0.0,0.0,3,-1,0.0,2,-1,0.0
1978030,val,a36_37,3.129173,4.1103644,1.0,3,3,1.0,2,2,1.0
2005030,val,a36_37,2.777713,2.6480696,1.0,3,3,1.0,2,4,1.0
2011174,val,a36_37,2.7420425,3.2482402,1.0,3,3,1.0,2,2,1.0
2023030,val,a36_37,3.4447918,4.862917,1.0,3,3,1.0,6,6,1.0
2028030,val,a36_37,3.1776462,4.247286,1.0,3,3,1.0,2,4,1.0
2055003,val,a36_37,2.6540847,2.5747566,1.0,3,3,1.0,2,2,1.0
2067005,val,a36_37,3.410262,3.9193912,1.0,3,3,1.0,2,2,1.0
2080170,val,a36_37,2.0792525,2.2188706,1.0,3,3,1.0,2,2,1.0
2106171,val,a36_37,1.2522837,0.0,1.0,3,2,1.0,2,2,1.0
2109002,val,a36_37,3.1102786,4.713481,1.0,3,3,1.0,2,2,1.0
2129186,val,a36_37,3.0162692,3.3345084,1.0,3,3,1.0,2,2,1.0
2181007,val,a36_37,1.2725711,0.96344346,1.0,2,2,1.0,6,6,1.0
2181030,val,a36_37,2.876907,3.6312973,1.0,3,3,1.0,2,2,1.0
2243174,val,a36_37,3.1704516,4.30575,1.0,3,3,1.0,2,2,1.0
2260173,val,a36_37,2.6948695,0.0,1.0,3,3,1.0,2,2,1.0
2261030,val,a36_37,3.0631275,2.9075313,1.0,3,3,1.0,2,2,1.0
2271171,val,a36_37,2.4142241,3.3811612,1.0,3,3,1.0,2,2,1.0
2282005,val,a36_37,2.9967077,2.9124293,1.0,3,3,1.0,2,6,1.0
2302195,val,a36_37,1.2576947,0.0,1.0,2,2,1.0,2,3,1.0
2334031,val,a36_37,3.4277606,4.3349156,1.0,3,3,1.0,2,2,1.0
2341172,val,a36_37,2.8050427,1.6123989,1.0,3,3,1.0,2,2,1.0
2354175,val,a36_37,3.4515939,3.8595586,1.0,3,3,1.0,2,2,1.0
2355004,val,a36_37,1.7353423,3.6927035,1.0,3,3,1.0,5,2,1.0
2391030,val,a36_37,3.3564086,3.6864588,1.0,3,3,1.0,2,2,1.0
2397173,val,a36_37,1.7055435,2.470555,1.0,3,3,1.0,2,4,1.0
2408170,val,a36_37,2.7164788,2.883854,1.0,3,3,1.0,2,2,1.0
2425003,val,a36_37,2.8752394,1.7356842,1.0,3,3,1.0,2,2,1.0
2432030,val,a36_37,1.841322,3.029656,1.0,2,2,1.0,2,4,1.0
2435172,val,a36_37,1.9590114,2.2948132,1.0,3,3,1.0,2,2,1.0
2436174,val,a36_37,1.2759116,1.5490171,1.0,2,3,1.0,2,4,1.0
2436176,val,a36_37,2.0813477,2.7887027,1.0,2,3,1.0,2,2,1.0
2441003,val,a36_37,1.9395292,3.1246448,1.0,3,3,1.0,2,2,1.0
2441173,val,a36_37,3.3058448,3.7351284,1.0,3,2,1.0,2,2,1.0
2458031,val,a36_37,4.0069404,4.41717,1.0,3,3,1.0,2,6,1.0
2461004,val,a36_37,2.0851088,1.6316046,1.0,2,3,1.0,2,2,1.0
2461030,val,a36_37,3.2759259,4.886779,1.0,3,3,1.0,2,2,1.0
2473004,val,a36_37,3.4094906,3.620147,1.0,3,3,1.0,2,2,1.0
2483030,val,a36_37,2.8168833,2.4331408,1.0,3,2,1.0,2,4,1.0
2503030,val,a36_37,3.6483371,3.1709757,1.0,3,3,1.0,2,6,1.0
2510005,val,a36_37,3.4539523,3.445601,1.0,3,3,1.0,2,2,1.0
2525003,val,a36_37,3.35535,4.7141504,1.0,3,3,1.0,2,2,1.0
2529030,val,a36_37,3.0119555,0.0,1.0,3,2,1.0,2,2,1.0
2529174,val,a36_37,2.8413975,3.9753668,1.0,3,3,1.0,2,2,1.0
2530003,val,a36_37,2.1478071,3.4057453,1.0,3,2,1.0,2,4,1.0
2530004,val,a36_37,2.9929838,3.170426,1.0,3,3,1.0,2,2,1.0
2569033,val,a36_37,2.6881454,3.3809729,1.0,3,3,1.0,6,2,1.0
2601006,val,a36_37,3.4361415,4.845638,1.0,3,3,1.0,6,2,1.0
2608006,val,a36_37,2.88574,3.223352,1.0,3,3,1.0,2,2,1.0
2615034,val,a36_37,3.318948,3.896652,1.0,3,3,1.0,2,2,1.0
2639004,val,a36_37,2.6230068,3.2300382,1.0,3,3,1.0,2,4,1.0
2665177,val,a36_37,1.842227,0.0,1.0,3,2,1.0,6,6,1.0
2672006,val,a36_37,3.2555876,4.056694,1.0,3,3,1.0,6,2,1.0
2672171,val,a36_37,2.3294823,3.7282312,1.0,3,3,1.0,2,4,1.0
2697003,val,a36_37,3.7141557,3.5551443,1.0,3,3,1.0,2,4,1.0
2704031,val,a36_37,3.1406734,0.0,0.0,3,-1,0.0,6,-1,0.0
2705030,val,a36_37,3.3322563,4.279099,1.0,3,3,1.0,2,2,1.0
2707007,val,a36_37,2.6681402,1.9724138,1.0,3,3,1.0,2,2,1.0
2712172,val,a36_37,2.4113257,3.2804124,1.0,3,3,1.0,2,2,1.0
2731003,val,a36_37,2.8662739,3.2931156,1.0,3,3,1.0,6,6,1.0
2731005,val,a36_37,3.4370883,4.5862164,1.0,3,3,1.0,6,6,1.0
2770031,val,a36_37,3.2728858,2.668859,1.0,3,2,1.0,2,2,1.0
2816004,val,a36_37,1.7573731,3.182522,1.0,2,3,1.0,2,2,1.0
2910002,val,a36_37,2.6019576,2.7591305,1.0,3,3,1.0,2,2,1.0
3062001,val,a36_37,3.299779,1.9881068,1.0,3,3,1.0,2,2,1.0
3235002,val,a36_37,2.6006193,3.2806733,1.0,3,3,1.0,2,3,1.0
3306001,val,a36_37,3.429462,4.5110793,1.0,3,3,1.0,2,2,1.0
5015030,val,a36_37,2.034088,3.3488512,1.0,3,2,1.0,2,2,1.0
5048030,val,a36_37,2.5774074,2.4680142,1.0,3,3,1.0,6,6,1.0
5052033,val,a36_37,2.4036417,2.2469683,1.0,3,3,1.0,6,6,1.0
5057008,val,a36_37,1.2117417,0.0,0.0,2,-1,0.0,6,-1,0.0
5170009,val,a36_37,3.084363,3.788717,1.0,3,3,1.0,2,2,1.0
5230008,val,a36_37,2.8591034,3.5082257,1.0,3,3,1.0,2,2,1.0
5299010,val,a36_37,2.4903715,0.303701,1.0,3,3,1.0,6,6,1.0
5336179,val,a36_37,2.9812849,2.7841861,1.0,3,3,1.0,2,2,1.0
5364005,val,a36_37,2.8352876,3.3207188,1.0,3,3,1.0,2,3,1.0
5379004,val,a36_37,3.227396,3.8999038,1.0,3,3,1.0,2,4,1.0
5430173,val,a36_37,2.6737988,1.7842062,1.0,3,2,1.0,6,6,1.0
5488006,val,a36_37,3.0876632,3.7725368,1.0,3,3,1.0,6,6,1.0
5493007,val,a36_37,1.3249294,0.0,1.0,2,2,1.0,2,5,1.0
5537009,val,a36_37,2.3046255,2.7819886,1.0,3,3,1.0,2,2,1.0
5537177,val,a36_37,1.9917076,2.0426283,1.0,3,3,1.0,2,2,1.0
5537183,val,a36_37,3.2825935,3.67495,1.0,3,3,1.0,2,2,1.0
5569010,val,a36_37,2.591118,3.5010288,1.0,3,3,1.0,2,2,1.0
5600005,val,a36_37,1.8189472,0.0,1.0,3,2,1.0,6,2,1.0
5615183,val,a36_37,3.0018408,3.2485132,1.0,3,3,1.0,2,2,1.0
5749006,val,a36_37,1.8492085,2.3568232,1.0,3,3,1.0,3,2,1.0
5822175,val,a36_37,2.9535625,3.4142132,1.0,3,3,1.0,2,2,1.0
5832003,val,a36_37,2.4741266,2.3835883,1.0,3,3,1.0,2,6,1.0
5872005,val,a36_37,1.2521324,0.0,1.0,2,2,1.0,6,6,1.0
5898005,val,a36_37,2.2269578,0.0,0.0,3,-1,0.0,6,-1,0.0
5904033,val,a36_37,2.7920458,3.029786,1.0,3,3,1.0,2,4,1.0
5987188,val,a36_37,2.7253356,2.8467143,1.0,3,3,1.0,2,2,1.0
6026005,val,a36_37,3.5439181,4.496649,1.0,3,2,1.0,2,4,1.0
6026172,val,a36_37,3.080484,0.0,0.0,3,-1,0.0,2,-1,0.0
6054031,val,a36_37,3.4678698,3.8914962,1.0,3,3,1.0,6,6,1.0
6121033,val,a36_37,2.6544526,0.0,1.0,3,2,1.0,2,6,1.0
6156008,val,a36_37,3.3515704,4.005205,1.0,3,3,1.0,6,6,1.0
6157003,val,a36_37,2.5865433,3.432247,1.0,3,3,1.0,2,2,1.0
6210183,val,a36_37,2.3308878,3.218641,1.0,3,3,1.0,2,2,1.0
6262030,val,a36_37,3.5563712,3.9705956,1.0,3,3,1.0,2,2,1.0
6368007,val,a36_37,2.5182822,1.9674397,1.0,3,2,1.0,6,6,1.0
6381181,val,a36_37,2.9807436,3.98491,1.0,3,3,1.0,2,2,1.0
6396003,val,a36_37,1.8984951,2.8208497,1.0,3,2,1.0,2,3,1.0
6431008,val,a36_37,2.9359875,4.5862164,1.0,3,3,1.0,2,3,1.0
6475170,val,a36_37,2.426951,3.029786,1.0,3,3,1.0,6,6,1.0
6522004,val,a36_37,1.9718385,0.0,1.0,2,2,1.0,6,6,1.0
6537032,val,a36_37,2.4422436,3.0605385,1.0,3,3,1.0,2,2,1.0
6541178,val,a36_37,3.1157246,4.302973,1.0,3,3,1.0,2,2,1.0
6545006,val,a36_37,1.6472664,2.5066333,1.0,3,3,1.0,3,4,1.0
6547171,val,a36_37,2.731408,1.2300977,1.0,3,3,1.0,2,2,1.0
6571031,val,a36_37,3.0203369,3.68331,1.0,3,3,1.0,2,3,1.0
6590008,val,a36_37,2.910261,3.3406534,1.0,3,3,1.0,2,2,1.0
6616007,val,a36_37,2.411278,2.9124293,1.0,3,3,1.0,2,4,1.0
6649003,val,a36_37,2.0863857,3.8332024,1.0,3,3,1.0,6,2,1.0
6710030,val,a36_37,1.3828348,3.2485132,1.0,2,3,1.0,6,6,1.0
6745007,val,a36_37,2.700016,3.5649583,1.0,3,3,1.0,6,6,1.0
6750005,val,a36_37,2.6212034,3.1132894,1.0,3,3,1.0,2,4,1.0
6765006,val,a36_37,2.1871676,2.7347896,1.0,3,3,1.0,2,2,1.0
6822176,val,a36_37,2.8201747,3.6318047,1.0,3,2,1.0,2,4,1.0
6828003,val,a36_37,1.5015951,0.0,1.0,2,2,1.0,2,2,1.0
6872003,val,a36_37,3.0501978,3.5643752,1.0,3,3,1.0,6,2,1.0
4007,val,a38_39,2.795109,3.6353216,1.0,3,3,1.0,2,4,1.0
6174,val,a38_39,3.2564034,3.9045892,1.0,3,3,1.0,2,2,1.0
14004,val,a38_39,3.4643455,3.9676125,1.0,3,3,1.0,2,2,1.0
14172,val,a38_39,1.4380498,3.149699,1.0,2,3,1.0,2,2,1.0
14173,val,a38_39,2.9091814,3.5534267,1.0,3,3,1.0,2,2,1.0
18031,val,a38_39,1.1928777,3.4983966,1.0,2,3,1.0,2,5,1.0
18185,val,a38_39,1.9565303,0.0,1.0,3,2,1.0,2,2,1.0
23031,val,a38_39,3.2068055,0.0,1.0,3,2,1.0,2,6,1.0
40173,val,a38_39,3.3406863,3.2282774,1.0,3,2,1.0,2,2,1.0
51171,val,a38_39,3.2121212,3.708396,1.0,3,3,1.0,2,2,1.0
84005,val,a38_39,3.1917174,3.9163692,1.0,3,3,1.0,6,6,1.0
121173,val,a38_39,3.0027876,0.0,1.0,3,2,1.0,2,2,1.0
128004,val,a38_39,3.6863098,3.97414,1.0,3,3,1.0,2,2,1.0
145170,val,a38_39,3.3342106,3.2996137,1.0,3,3,1.0,2,2,1.0
161004,val,a38_39,3.6019998,3.4987814,1.0,3,3,1.0,2,4,1.0
172031,val,a38_39,3.4754577,3.1943314,1.0,3,3,1.0,2,2,1.0
174175,val,a38_39,2.2785997,4.3165617,1.0,3,3,1.0,2,2,1.0
221031,val,a38_39,3.6235418,4.1482253,1.0,3,3,1.0,2,2,1.0
223030,val,a38_39,3.3783557,4.169046,1.0,3,3,1.0,2,2,1.0
227003,val,a38_39,3.8043056,4.074686,1.0,3,3,1.0,2,4,1.0
257175,val,a38_39,3.1557193,2.8933933,1.0,3,3,1.0,2,2,1.0
263182,val,a38_39,3.2804797,3.3483999,1.0,3,3,1.0,2,2,1.0
321005,val,a38_39,2.4344182,2.7218363,1.0,3,3,1.0,2,2,1.0
361175,val,a38_39,2.5484214,0.23207553,1.0,3,3,1.0,2,2,1.0
377170,val,a38_39,3.0493996,4.0544734,1.0,3,3,1.0,2,2,1.0
450030,val,a38_39,3.1747613,3.854094,1.0,3,3,1.0,2,6,1.0
465030,val,a38_39,2.132359,3.5433505,1.0,3,3,1.0,2,4,1.0
478030,val,a38_39,2.8016,2.8278043,1.0,3,2,1.0,6,2,1.0
503031,val,a38_39,3.1173456,4.2451234,1.0,3,3,1.0,2,2,1.0
514172,val,a38_39,3.5626583,4.3578134,1.0,3,3,1.0,2,2,1.0
534030,val,a38_39,3.0049043,1.9284004,1.0,3,3,1.0,2,2,1.0
534171,val,a38_39,3.5759506,3.300611,1.0,3,3,1.0,2,2,1.0
544170,val,a38_39,2.9126792,3.0027869,1.0,3,3,1.0,2,2,1.0
563193,val,a38_39,3.2488778,0.0,1.0,3,2,1.0,2,2,1.0
577174,val,a38_39,3.1153746,0.0,1.0,3,3,1.0,2,2,1.0
613006,val,a38_39,2.8926885,3.558165,1.0,3,3,1.0,2,6,1.0
618170,val,a38_39,3.6191974,4.457448,1.0,3,3,1.0,2,2,1.0
631030,val,a38_39,2.907222,0.0,1.0,3,3,1.0,2,4,1.0
633031,val,a38_39,3.065581,3.6561131,1.0,3,3,1.0,2,2,1.0
652173,val,a38_39,2.8636127,3.5541687,1.0,3,3,1.0,2,2,1.0
655172,val,a38_39,3.2006152,3.5138078,1.0,3,3,1.0,2,2,1.0
656005,val,a38_39,2.7398667,0.0,1.0,3,2,1.0,2,2,1.0
691171,val,a38_39,2.8746197,3.772668,1.0,3,3,1.0,2,4,1.0
738172,val,a38_39,2.4849367,3.2605875,1.0,3,3,1.0,2,2,1.0
751030,val,a38_39,2.3873553,3.029786,1.0,3,3,1.0,2,4,1.0
762170,val,a38_39,3.8478498,4.375797,1.0,3,3,1.0,2,2,1.0
783171,val,a38_39,3.136753,0.0,1.0,3,2,1.0,2,2,1.0
863007,val,a38_39,2.8766153,2.5121129,1.0,3,3,1.0,2,2,1.0
893170,val,a38_39,2.8756795,0.0,1.0,3,2,1.0,2,2,1.0
894031,val,a38_39,3.1305287,3.4273427,1.0,3,3,1.0,2,2,1.0
898181,val,a38_39,2.5617905,2.437192,1.0,3,2,1.0,2,2,1.0
899003,val,a38_39,3.4946947,3.5736656,1.0,3,3,1.0,2,4,1.0
916032,val,a38_39,2.3929734,2.3076265,1.0,3,2,1.0,6,2,1.0
922005,val,a38_39,3.4307387,2.0202856,1.0,3,3,1.0,2,2,1.0
931172,val,a38_39,3.2011173,3.1641526,1.0,3,3,1.0,2,2,1.0
939032,val,a38_39,4.004347,4.886779,1.0,3,3,1.0,2,2,1.0
958030,val,a38_39,3.3329937,3.2040205,1.0,3,3,1.0,2,2,1.0
958173,val,a38_39,2.6188674,3.2682788,1.0,3,3,1.0,2,2,1.0
961005,val,a38_39,2.9615996,0.0,0.0,3,-1,0.0,2,-1,0.0
961030,val,a38_39,3.1911023,3.668479,1.0,3,3,1.0,6,2,1.0
961175,val,a38_39,3.195063,4.009967,1.0,3,3,1.0,2,2,1.0
1051183,val,a38_39,3.580164,3.3806858,1.0,3,3,1.0,2,2,1.0
1084005,val,a38_39,3.1126263,3.1447468,1.0,3,3,1.0,2,2,1.0
1089003,val,a38_39,3.0063217,2.1620421,1.0,3,3,1.0,2,2,1.0
1093003,val,a38_39,1.9792885,0.0,1.0,2,2,1.0,2,2,1.0
1107173,val,a38_39,2.0499077,4.035927,1.0,3,3,1.0,2,4,1.0
1109174,val,a38_39,2.141938,0.0,1.0,3,2,1.0,2,2,1.0
1121030,val,a38_39,3.3688383,3.1423733,1.0,3,3,1.0,2,2,1.0
1121175,val,a38_39,2.2398672,0.0,1.0,3,2,1.0,2,2,1.0
1125172,val,a38_39,2.7727647,2.3582149,1.0,3,3,1.0,2,2,1.0
1126030,val,a38_39,2.9409535,1.7614238,1.0,3,3,1.0,2,2,1.0
1126176,val,a38_39,2.300327,4.886779,1.0,3,3,1.0,2,2,1.0
1152180,val,a38_39,3.0009205,3.542661,1.0,3,3,1.0,2,2,1.0
1164004,val,a38_39,3.425241,1.9587568,1.0,3,3,1.0,2,2,1.0
1184032,val,a38_39,3.1557996,3.901413,1.0,3,3,1.0,2,2,1.0
1184033,val,a38_39,2.2083893,2.153746,1.0,3,3,1.0,2,4,1.0
1185003,val,a38_39,3.331574,0.0,1.0,3,2,1.0,2,2,1.0
1222004,val,a38_39,2.5100112,3.1263244,1.0,3,3,1.0,2,2,1.0
1222006,val,a38_39,2.8980436,4.346328,1.0,3,3,1.0,2,2,1.0
1284170,val,a38_39,3.2893913,0.0,1.0,3,2,1.0,2,2,1.0
1292004,val,a38_39,2.7717695,2.7189043,1.0,3,3,1.0,2,2,1.0
1314172,val,a38_39,3.2028446,4.0920806,1.0,3,3,1.0,2,2,1.0
1332005,val,a38_39,3.8696165,3.6850972,1.0,3,3,1.0,2,3,1.0
1335010,val,a38_39,3.411881,0.0,1.0,3,3,1.0,2,2,1.0
1338003,val,a38_39,3.0696135,3.9032092,1.0,3,3,1.0,2,6,1.0
1345006,val,a38_39,3.067359,0.9750868,1.0,3,3,1.0,2,2,1.0
1345007,val,a38_39,2.902428,3.6275852,1.0,3,3,1.0,2,2,1.0
1346030,val,a38_39,3.1841836,0.0,1.0,3,2,1.0,2,2,1.0
1391033,val,a38_39,3.4527013,3.5923295,1.0,3,3,1.0,6,2,1.0
1391175,val,a38_39,1.4207051,3.037984,1.0,2,3,1.0,2,4,1.0
1394033,val,a38_39,2.3367252,0.0,1.0,3,2,1.0,2,4,1.0
1397005,val,a38_39,3.3964603,3.7930343,1.0,3,3,1.0,2,2,1.0
1397172,val,a38_39,2.0530622,2.722233,1.0,3,3,1.0,2,2,1.0
1426004,val,a38_39,1.9344344,2.7029045,1.0,3,3,1.0,6,6,1.0
1434032,val,a38_39,2.7098577,2.5541692,1.0,3,3,1.0,2,2,1.0
1434170,val,a38_39,3.083214,3.1573586,1.0,3,3,1.0,2,2,1.0
1435005,val,a38_39,3.210015,4.657845,1.0,3,3,1.0,2,4,1.0
1485171,val,a38_39,3.513988,3.566306,1.0,3,3,1.0,2,2,1.0
1520031,val,a38_39,3.3034463,4.2071943,1.0,3,3,1.0,2,2,1.0
1540005,val,a38_39,4.0025845,2.7591305,1.0,3,3,1.0,2,2,1.0
1559003,val,a38_39,3.9456153,4.306588,1.0,3,3,1.0,2,2,1.0
1559170,val,a38_39,3.2689629,2.9866662,1.0,3,3,1.0,2,2,1.0
1565180,val,a38_39,2.8106706,4.457509,1.0,3,3,1.0,2,2,1.0
1579030,val,a38_39,3.4712937,3.2040205,1.0,3,2,1.0,2,2,1.0
1613007,val,a38_39,2.7027147,1.5874135,1.0,3,2,1.0,2,2,1.0
1621171,val,a38_39,3.5892513,4.886779,1.0,3,3,1.0,2,2,1.0
1644004,val,a38_39,3.2133029,3.6033251,1.0,3,3,1.0,2,2,1.0
1652031,val,a38_39,2.9041874,3.4982743,1.0,3,3,1.0,2,2,1.0
1682032,val,a38_39,3.086486,3.8038778,1.0,3,3,1.0,2,2,1.0
1684173,val,a38_39,3.397143,3.254356,1.0,3,3,1.0,2,2,1.0
1687003,val,a38_39,3.3762324,3.154596,1.0,3,3,1.0,2,2,1.0
1690170,val,a38_39,2.3087835,3.4580646,1.0,3,3,1.0,2,2,1.0
1692030,val,a38_39,1.2304645,2.5415993,1.0,2,3,1.0,2,4,1.0
1695034,val,a38_39,2.8613796,3.0865474,1.0,3,3,1.0,2,2,1.0
1701004,val,a38_39,2.8644183,3.5397089,1.0,3,2,1.0,2,2,1.0
1721030,val,a38_39,3.2548537,0.0,1.0,3,2,1.0,2,2,1.0
1723005,val,a38_39,1.421747,2.2601643,1.0,2,3,1.0,2,2,1.0
1762030,val,a38_39,2.5292907,1.5906423,1.0,3,2,1.0,2,3,1.0
1762031,val,a38_39,3.47844,3.7323906,1.0,3,3,1.0,2,2,1.0
1762032,val,a38_39,1.9384232,3.2139137,1.0,3,3,1.0,2,4,1.0
1774170,val,a38_39,3.0546455,0.0,1.0,3,2,1.0,2,2,1.0
1774171,val,a38_39,3.0839992,3.4094932,1.0,3,3,1.0,2,2,1.0
1784171,val,a38_39,3.5923712,4.120623,1.0,3,3,1.0,2,2,1.0
1786191,val,a38_39,3.6087456,4.2188535,1.0,3,3,1.0,2,2,1.0
1787005,val,a38_39,3.1886015,3.6963296,1.0,3,3,1.0,2,2,1.0
1787174,val,a38_39,2.7350192,3.2707531,1.0,3,3,1.0,2,2,1.0
1802003,val,a38_39,3.2632678,0.0,0.0,3,-1,0.0,2,-1,0.0
1845170,val,a38_39,3.655456,0.0,0.0,3,-1,0.0,2,-1,0.0
1862171,val,a38_39,3.2690337,3.9098039,1.0,3,3,1.0,2,2,1.0
1898004,val,a38_39,2.8486655,4.498319,1.0,3,3,1.0,2,6,1.0
1911030,val,a38_39,2.192998,3.324597,1.0,3,3,1.0,2,2,1.0
1914003,val,a38_39,1.87425,2.0297983,1.0,3,3,1.0,2,2,1.0
1919007,val,a38_39,3.7424858,4.878869,1.0,3,3,1.0,2,3,1.0
1954003,val,a38_39,3.4779506,3.2460208,1.0,3,2,1.0,2,2,1.0
1959005,val,a38_39,3.4369493,4.291962,1.0,3,3,1.0,2,2,1.0
1964031,val,a38_39,2.4335632,1.9279978,1.0,3,2,1.0,2,4,1.0
1972173,val,a38_39,1.7464793,0.0,1.0,2,2,1.0,2,2,1.0
1978030,val,a38_39,3.1839747,4.0177207,1.0,3,3,1.0,2,2,1.0
2005030,val,a38_39,2.8762538,2.9945555,1.0,3,3,1.0,2,2,1.0
2011174,val,a38_39,2.7837648,3.233253,1.0,3,3,1.0,2,2,1.0
2023030,val,a38_39,3.387536,4.886779,1.0,3,3,1.0,2,6,1.0
2028030,val,a38_39,3.208792,4.309778,1.0,3,3,1.0,2,4,1.0
2055003,val,a38_39,2.861861,3.507782,1.0,3,3,1.0,2,2,1.0
2067005,val,a38_39,3.502729,4.193517,1.0,3,3,1.0,2,2,1.0
2080170,val,a38_39,2.15119,3.0143547,1.0,3,3,1.0,2,2,1.0
2106171,val,a38_39,1.3417877,0.0,1.0,2,2,1.0,2,2,1.0
2109002,val,a38_39,3.1518972,4.4848623,1.0,3,3,1.0,2,2,1.0
2129186,val,a38_39,3.0271003,0.0,0.0,3,-1,0.0,2,-1,0.0
2181007,val,a38_39,1.4129646,1.8672017,1.0,2,3,1.0,6,6,1.0
2181030,val,a38_39,2.8676612,3.4467623,1.0,3,3,1.0,2,2,1.0
2243174,val,a38_39,3.1932461,0.0,1.0,3,2,1.0,2,2,1.0
2260173,val,a38_39,2.792473,1.9724138,1.0,3,3,1.0,2,2,1.0
2261030,val,a38_39,3.0518951,2.8148165,1.0,3,3,1.0,2,2,1.0
2271171,val,a38_39,2.5811238,3.4070678,1.0,3,3,1.0,2,2,1.0
2282005,val,a38_39,3.0804553,3.1244323,1.0,3,3,1.0,2,6,1.0
2302195,val,a38_39,1.3725424,0.0,1.0,2,2,1.0,2,3,1.0
2334031,val,a38_39,3.373591,3.9690573,1.0,3,3,1.0,2,2,1.0
2341172,val,a38_39,2.956785,2.2928271,1.0,3,3,1.0,2,2,1.0
2354175,val,a38_39,3.4339254,2.859516,1.0,3,3,1.0,2,2,1.0
2355004,val,a38_39,1.8890309,4.0868087,1.0,3,3,1.0,2,2,1.0
2391030,val,a38_39,3.2634492,3.4141958,1.0,3,2,1.0,2,2,1.0
2397173,val,a38_39,1.8030688,2.4192536,1.0,2,3,1.0,2,4,1.0
2408170,val,a38_39,2.672765,3.2554533,1.0,3,3,1.0,2,4,1.0
2425003,val,a38_39,2.7900848,1.4095232,1.0,3,3,1.0,2,2,1.0
2432030,val,a38_39,1.8431541,1.0048428,1.0,2,3,1.0,2,4,1.0
2435172,val,a38_39,2.0651903,0.0,1.0,3,2,1.0,2,2,1.0
2436174,val,a38_39,1.3021187,0.0,1.0,2,2,1.0,2,4,1.0
2436176,val,a38_39,2.0437064,3.0837762,1.0,2,3,1.0,2,2,1.0
2441003,val,a38_39,2.0884738,3.437568,1.0,3,3,1.0,2,2,1.0
2441173,val,a38_39,3.4177213,3.8851874,1.0,3,3,1.0,2,2,1.0
2458031,val,a38_39,3.7807765,4.775503,1.0,3,3,1.0,2,6,1.0
2461004,val,a38_39,1.9084466,0.0,1.0,2,2,1.0,2,2,1.0
2461030,val,a38_39,3.256287,4.597478,1.0,3,3,1.0,2,2,1.0
2473004,val,a38_39,3.6285067,4.1472106,1.0,3,3,1.0,2,2,1.0
2483030,val,a38_39,2.8550177,2.5445042,1.0,3,3,1.0,2,4,1.0
2503030,val,a38_39,3.5675616,3.0326545,1.0,3,3,1.0,2,6,1.0
2510005,val,a38_39,3.6767087,3.0930045,1.0,3,3,1.0,2,2,1.0
2525003,val,a38_39,3.4119315,4.7362037,1.0,3,3,1.0,2,2,1.0
2529030,val,a38_39,3.002415,0.0,1.0,3,2,1.0,2,4,1.0
2529174,val,a38_39,2.8411043,4.315193,1.0,3,3,1.0,2,2,1.0
2530003,val,a38_39,2.2552812,0.0,0.0,3,-1,0.0,2,-1,0.0
2530004,val,a38_39,3.147149,3.0504405,1.0,3,3,1.0,2,2,1.0
2569033,val,a38_39,2.8322673,3.3326652,1.0,3,3,1.0,6,2,1.0
2601006,val,a38_39,3.4168742,4.8403034,1.0,3,3,1.0,2,2,1.0
2608006,val,a38_39,2.9207733,3.18551,1.0,3,3,1.0,2,2,1.0
2615034,val,a38_39,3.3180754,3.7510855,1.0,3,3,1.0,2,2,1.0
2639004,val,a38_39,2.4852173,3.59953,1.0,3,2,1.0,2,4,1.0
2665177,val,a38_39,1.8678751,0.0,1.0,2,2,1.0,2,6,1.0
2672006,val,a38_39,3.4407964,0.0,1.0,3,3,1.0,2,4,1.0
2672171,val,a38_39,2.6285288,3.8403308,1.0,3,3,1.0,2,4,1.0
2697003,val,a38_39,3.7799432,3.4481115,1.0,3,3,1.0,2,2,1.0
2704031,val,a38_39,3.1960685,2.7730844,1.0,3,3,1.0,2,4,1.0
2705030,val,a38_39,3.3904624,4.222725,1.0,3,3,1.0,2,2,1.0
2707007,val,a38_39,2.7556481,1.7174486,1.0,3,3,1.0,2,2,1.0
2712172,val,a38_39,2.4790325,3.1861079,1.0,3,3,1.0,2,2,1.0
2731003,val,a38_39,3.012253,3.048963,1.0,3,3,1.0,6,6,1.0
2731005,val,a38_39,3.3646996,4.507845,1.0,3,3,1.0,2,6,1.0
2770031,val,a38_39,3.2424886,1.3663594,1.0,3,3,1.0,2,2,1.0
2816004,val,a38_39,1.7886081,3.2435856,1.0,2,3,1.0,2,2,1.0
2910002,val,a38_39,2.720456,2.9807694,1.0,3,3,1.0,2,2,1.0
3062001,val,a38_39,3.3793917,2.4661696,1.0,3,3,1.0,2,2,1.0
3235002,val,a38_39,2.6258528,3.5533636,1.0,3,3,1.0,2,3,1.0
3306001,val,a38_39,3.4490428,4.496284,1.0,3,3,1.0,2,2,1.0
5015030,val,a38_39,1.9271842,0.35408652,1.0,3,2,1.0,2,2,1.0
5048030,val,a38_39,2.597338,2.7750175,1.0,3,3,1.0,6,6,1.0
5052033,val,a38_39,2.4074926,2.1022828,1.0,3,2,1.0,6,6,1.0
5057008,val,a38_39,1.3664243,3.3816826,1.0,2,3,1.0,6,6,1.0
5170009,val,a38_39,3.2694426,3.8525667,1.0,3,3,1.0,2,2,1.0
5230008,val,a38_39,2.8530815,3.8347166,1.0,3,3,1.0,2,2,1.0
5299010,val,a38_39,2.5366106,0.0,1.0,3,2,1.0,6,6,1.0
5336179,val,a38_39,2.9667776,3.4054897,1.0,3,3,1.0,2,2,1.0
5364005,val,a38_39,3.005142,3.6897547,1.0,3,3,1.0,2,3,1.0
5379004,val,a38_39,3.304031,4.1776333,1.0,3,3,1.0,2,4,1.0
5430173,val,a38_39,2.9162726,0.0,1.0,3,2,1.0,4,6,1.0
5488006,val,a38_39,3.046467,3.6850972,1.0,3,3,1.0,6,6,1.0
5493007,val,a38_39,1.3707478,0.0,1.0,2,2,1.0,2,5,1.0
5537009,val,a38_39,2.388058,2.9333522,1.0,3,3,1.0,2,2,1.0
5537177,val,a38_39,2.0709372,1.8505303,1.0,3,2,1.0,2,2,1.0
5537183,val,a38_39,3.3683562,3.955919,1.0,3,3,1.0,2,2,1.0
5569010,val,a38_39,2.7496,3.5969393,1.0,3,3,1.0,2,2,1.0
5600005,val,a38_39,1.9090259,3.1264517,1.0,3,2,1.0,6,3,1.0
5615183,val,a38_39,2.9800732,0.070574746,1.0,3,3,1.0,2,2,1.0
5749006,val,a38_39,1.9537804,1.8636948,1.0,3,2,1.0,2,2,1.0
5822175,val,a38_39,2.968988,3.6260033,1.0,3,3,1.0,2,2,1.0
5832003,val,a38_39,2.8598137,0.0,0.0,3,-1,0.0,2,-1,0.0
5872005,val,a38_39,1.3451796,0.0,1.0,2,2,1.0,6,6,1.0
5898005,val,a38_39,2.392838,0.0,0.0,3,-1,0.0,6,-1,0.0
5904033,val,a38_39,2.7582214,3.0257523,1.0,3,3,1.0,2,4,1.0
5987188,val,a38_39,2.72682,3.1053386,1.0,3,3,1.0,2,2,1.0
6026005,val,a38_39,3.530295,3.1735432,1.0,3,2,1.0,2,4,1.0
6026172,val,a38_39,3.0828118,1.3209659,1.0,3,3,1.0,2,4,1.0
6054031,val,a38_39,3.407107,3.9497616,1.0,3,3,1.0,2,6,1.0
6121033,val,a38_39,2.6679695,0.0,1.0,3,2,1.0,6,6,1.0
6156008,val,a38_39,3.5562544,3.3272858,1.0,3,3,1.0,6,6,1.0
6157003,val,a38_39,2.667347,3.3871381,1.0,3,3,1.0,2,3,1.0
6210183,val,a38_39,2.591324,3.2967014,1.0,3,-1,0.0,2,2,1.0
6262030,val,a38_39,3.571469,4.0377684,1.0,3,3,1.0,2,2,1.0
6368007,val,a38_39,2.5562012,1.7459805,1.0,3,2,1.0,6,6,1.0
6381181,val,a38_39,3.109132,3.9647489,1.0,3,3,1.0,2,2,1.0
6396003,val,a38_39,2.0123584,0.0,1.0,3,2,1.0,2,4,1.0
6431008,val,a38_39,2.9294026,4.63572,1.0,3,3,1.0,2,4,1.0
6475170,val,a38_39,2.3827386,3.2242525,1.0,3,3,1.0,6,6,1.0
6522004,val,a38_39,1.9645014,0.9147846,1.0,2,2,1.0,6,6,1.0
6537032,val,a38_39,2.4750292,1.2648275,1.0,3,2,1.0,2,2,1.0
6541178,val,a38_39,3.1541297,4.122309,1.0,3,2,1.0,2,2,1.0
6545006,val,a38_39,2.0587003,3.1551504,1.0,3,3,1.0,2,4,1.0
6547171,val,a38_39,2.8401837,2.7027802,1.0,3,3,1.0,2,2,1.0
6571031,val,a38_39,2.9091077,1.7769312,1.0,3,2,1.0,2,3,1.0
6590008,val,a38_39,3.134842,3.329783,1.0,3,3,1.0,2,2,1.0
6616007,val,a38_39,2.5545518,3.7570312,1.0,3,3,1.0,2,4,1.0
6649003,val,a38_39,2.1034353,3.3337348,1.0,3,3,1.0,6,2,1.0
6710030,val,a38_39,1.4506763,3.2527912,1.0,2,3,1.0,6,6,1.0
6745007,val,a38_39,3.168828,3.583648,1.0,3,3,1.0,2,6,1.0
6750005,val,a38_39,2.650887,3.578878,1.0,3,3,1.0,2,4,1.0
6765006,val,a38_39,2.1828935,2.8015413,1.0,3,3,1.0,2,2,1.0
6822176,val,a38_39,2.8017187,2.0905557,1.0,3,3,1.0,2,4,1.0
6828003,val,a38_39,1.6213995,0.0,1.0,2,3,1.0,2,2,1.0
6872003,val,a38_39,3.010695,3.3542435,1.0,3,3,1.0,6,2,1.0
4007,val,a40_41,2.8006814,4.096741,1.0,3,3,1.0,2,4,1.0
6174,val,a40_41,3.2928917,3.9414282,1.0,3,3,1.0,2,2,1.0
14004,val,a40_41,3.4421349,3.9032092,1.0,3,3,1.0,2,2,1.0
14172,val,a40_41,1.520297,3.3626049,1.0,3,3,1.0,2,2,1.0
14173,val,a40_41,2.8716474,3.737305,1.0,3,3,1.0,2,2,1.0
18031,val,a40_41,1.392478,3.4141958,1.0,2,3,1.0,2,5,1.0
18185,val,a40_41,1.9826077,0.0,1.0,3,2,1.0,2,2,1.0
23031,val,a40_41,3.2250102,0.0,1.0,3,2,1.0,2,6,1.0
40173,val,a40_41,3.3446603,3.426771,1.0,3,3,1.0,2,2,1.0
51171,val,a40_41,3.248127,3.886613,1.0,3,3,1.0,2,2,1.0
84005,val,a40_41,3.249371,4.077138,1.0,3,3,1.0,6,6,1.0
121173,val,a40_41,3.0836377,0.0,1.0,3,2,1.0,2,2,1.0
128004,val,a40_41,3.5911489,4.218239,1.0,3,3,1.0,2,2,1.0
145170,val,a40_41,3.3247209,3.8678546,1.0,3,3,1.0,2,2,1.0
161004,val,a40_41,3.5109634,3.0361922,1.0,3,2,1.0,2,4,1.0
172031,val,a40_41,3.549292,3.2188306,1.0,3,3,1.0,2,2,1.0
174175,val,a40_41,2.3747072,4.886779,1.0,3,3,1.0,2,2,1.0
221031,val,a40_41,3.582069,4.1335025,1.0,3,3,1.0,2,2,1.0
223030,val,a40_41,3.3845615,3.6286082,1.0,3,2,1.0,2,2,1.0
227003,val,a40_41,3.8279147,4.008891,1.0,3,3,1.0,2,2,1.0
257175,val,a40_41,3.2165928,0.42037553,1.0,3,2,1.0,2,2,1.0
263182,val,a40_41,3.2856376,3.4826956,1.0,3,3,1.0,2,2,1.0
321005,val,a40_41,2.3527238,2.8158593,1.0,3,3,1.0,2,2,1.0
361175,val,a40_41,2.650462,1.7118756,1.0,3,2,1.0,2,2,1.0
377170,val,a40_41,3.0818753,4.2009177,1.0,3,3,1.0,2,2,1.0
450030,val,a40_41,3.2798364,3.847051,1.0,3,3,1.0,2,6,1.0
465030,val,a40_41,2.1241345,3.7935455,1.0,3,3,1.0,2,4,1.0
478030,val,a40_41,2.745844,2.907154,1.0,3,2,1.0,6,3,1.0
503031,val,a40_41,3.2364764,4.475371,1.0,3,3,1.0,2,4,1.0
514172,val,a40_41,3.5856154,4.04607,1.0,3,3,1.0,2,2,1.0
534030,val,a40_41,3.0454843,1.9053723,1.0,3,3,1.0,2,2,1.0
534171,val,a40_41,3.623219,3.7922242,1.0,3,3,1.0,2,2,1.0
544170,val,a40_41,2.9935048,3.178121,1.0,3,3,1.0,2,2,1.0
563193,val,a40_41,3.2724628,0.0,1.0,3,2,1.0,2,2,1.0
577174,val,a40_41,3.1550376,3.0114257,1.0,3,3,1.0,2,2,1.0
613006,val,a40_41,2.8462095,3.7471669,1.0,3,3,1.0,2,2,1.0
618170,val,a40_41,3.6350465,4.5326686,1.0,3,3,1.0,2,2,1.0
631030,val,a40_41,2.8417826,3.3098624,1.0,3,3,1.0,2,4,1.0
633031,val,a40_41,3.1469762,3.6491034,1.0,3,3,1.0,2,2,1.0
652173,val,a40_41,2.938076,3.5666425,1.0,3,3,1.0,2,2,1.0
655172,val,a40_41,3.2455275,3.749749,1.0,3,3,1.0,2,2,1.0
656005,val,a40_41,2.8349495,0.9626811,1.0,3,3,1.0,2,2,1.0
691171,val,a40_41,2.9218123,2.3365629,1.0,3,3,1.0,2,4,1.0
738172,val,a40_41,2.6057868,3.8163328,1.0,3,3,1.0,2,2,1.0
751030,val,a40_41,2.4454236,2.7778397,1.0,3,3,1.0,2,4,1.0
762170,val,a40_41,3.8817098,4.3971753,1.0,3,3,1.0,2,2,1.0
783171,val,a40_41,3.1810513,3.7198489,1.0,3,3,1.0,2,2,1.0
863007,val,a40_41,3.0019825,2.8474362,1.0,3,3,1.0,2,2,1.0
893170,val,a40_41,2.9486115,0.0,1.0,3,2,1.0,2,2,1.0
894031,val,a40_41,3.1467524,3.2252226,1.0,3,3,1.0,2,2,1.0
898181,val,a40_41,2.5746105,1.1858279,1.0,3,3,1.0,2,2,1.0
899003,val,a40_41,3.4945512,3.5209594,1.0,3,3,1.0,2,2,1.0
916032,val,a40_41,2.4802306,3.1679091,1.0,3,3,1.0,6,2,1.0
922005,val,a40_41,3.545425,2.5942936,1.0,3,3,1.0,2,2,1.0
931172,val,a40_41,3.211499,3.1120167,1.0,3,2,1.0,2,2,1.0
939032,val,a40_41,4.1799355,4.886779,1.0,3,3,1.0,2,2,1.0
958030,val,a40_41,3.2601073,3.1199777,1.0,3,3,1.0,2,2,1.0
958173,val,a40_41,2.6888034,3.1463857,1.0,3,3,1.0,2,2,1.0
961005,val,a40_41,3.019531,3.1784346,1.0,3,3,1.0,2,2,1.0
961030,val,a40_41,3.1492298,3.4617243,1.0,3,3,1.0,2,2,1.0
961175,val,a40_41,3.2041984,4.0225544,1.0,3,3,1.0,2,2,1.0
1051183,val,a40_41,3.6251225,3.3424077,1.0,3,3,1.0,2,2,1.0
1084005,val,a40_41,3.1293426,3.6850972,1.0,3,2,1.0,2,3,1.0
1089003,val,a40_41,3.069717,3.3619723,1.0,3,3,1.0,2,2,1.0
1093003,val,a40_41,2.1167169,0.0,1.0,3,2,1.0,2,2,1.0
1107173,val,a40_41,2.1814902,4.0036206,1.0,3,3,1.0,2,4,1.0
1109174,val,a40_41,2.245439,2.1663687,1.0,3,3,1.0,2,2,1.0
1121030,val,a40_41,3.3439384,3.615111,1.0,3,3,1.0,2,2,1.0
1121175,val,a40_41,2.2847311,0.0,1.0,3,2,1.0,2,2,1.0
1125172,val,a40_41,2.8431993,0.0,0.0,3,-1,0.0,2,-1,0.0
1126030,val,a40_41,3.0286834,2.3645113,1.0,3,3,1.0,2,2,1.0
1126176,val,a40_41,2.3639648,4.886184,1.0,3,3,1.0,2,2,1.0
1152180,val,a40_41,3.1465163,3.4620757,1.0,3,3,1.0,2,2,1.0
1164004,val,a40_41,3.4606087,3.5871162,1.0,3,3,1.0,2,2,1.0
1184032,val,a40_41,3.2714894,3.843872,1.0,3,3,1.0,2,2,1.0
1184033,val,a40_41,2.3515527,1.4233128,1.0,3,3,1.0,2,4,1.0
1185003,val,a40_41,3.437409,0.0,1.0,3,2,1.0,2,2,1.0
1222004,val,a40_41,2.5378566,3.154596,1.0,3,3,1.0,2,2,1.0
1222006,val,a40_41,2.891192,2.026318,1.0,3,3,1.0,2,2,1.0
1284170,val,a40_41,3.3342028,0.0,1.0,3,2,1.0,2,2,1.0
1292004,val,a40_41,2.8185117,3.105974,1.0,3,3,1.0,2,4,1.0
1314172,val,a40_41,3.2441773,3.949036,1.0,3,3,1.0,2,2,1.0
1332005,val,a40_41,3.9362555,3.6204543,1.0,3,3,1.0,2,3,1.0
1335010,val,a40_41,3.3548517,3.0401068,1.0,3,3,1.0,2,2,1.0
1338003,val,a40_41,3.1319213,3.5987248,1.0,3,3,1.0,2,2,1.0
1345006,val,a40_41,3.0419743,2.9212708,1.0,3,3,1.0,2,2,1.0
1345007,val,a40_41,2.9591339,3.57801,1.0,3,3,1.0,2,2,1.0
1346030,val,a40_41,3.2163086,0.0,1.0,3,2,1.0,2,2,1.0
1391033,val,a40_41,3.3313425,3.647873,1.0,3,3,1.0,2,4,1.0
1391175,val,a40_41,1.5356171,0.0,0.0,2,-1,0.0,2,-1,0.0
1394033,val,a40_41,2.2896981,0.0,1.0,3,2,1.0,2,4,1.0
1397005,val,a40_41,3.430224,3.7439065,1.0,3,3,1.0,2,2,1.0
1397172,val,a40_41,2.156457,3.0469735,1.0,3,3,1.0,2,2,1.0
1426004,val,a40_41,1.9010111,2.9762707,1.0,3,3,1.0,6,6,1.0
1434032,val,a40_41,2.754328,2.0527534,1.0,3,3,1.0,2,2,1.0
1434170,val,a40_41,3.0931456,3.1865816,1.0,3,3,1.0,2,2,1.0
1435005,val,a40_41,3.3036666,4.6204996,1.0,3,2,1.0,2,4,1.0
1485171,val,a40_41,3.5530381,3.2274153,1.0,3,3,1.0,2,2,1.0
1520031,val,a40_41,3.388605,3.9851773,1.0,3,3,1.0,2,2,1.0
1540005,val,a40_41,4.0208874,2.3726282,1.0,3,3,1.0,2,2,1.0
1559003,val,a40_41,4.044164,4.472791,1.0,3,3,1.0,2,2,1.0
1559170,val,a40_41,3.3353407,3.2300382,1.0,3,3,1.0,2,2,1.0
1565180,val,a40_41,2.906837,4.194441,1.0,3,3,1.0,2,2,1.0
1579030,val,a40_41,3.545445,3.0597289,1.0,3,3,1.0,2,2,1.0
1613007,val,a40_41,2.6502886,0.6793294,1.0,3,3,1.0,2,2,1.0
1621171,val,a40_41,3.5805824,4.886779,1.0,3,3,1.0,2,2,1.0
1644004,val,a40_41,3.2474632,3.496418,1.0,3,3,1.0,2,2,1.0
1652031,val,a40_41,2.9511254,3.3802066,1.0,3,3,1.0,2,2,1.0
1682032,val,a40_41,3.1839564,3.8730197,1.0,3,3,1.0,2,2,1.0
1684173,val,a40_41,3.4160352,3.6152012,1.0,3,2,1.0,2,2,1.0
1687003,val,a40_41,3.3363686,3.3729873,1.0,3,3,1.0,2,2,1.0
1690170,val,a40_41,2.3275166,3.5111582,1.0,3,3,1.0,2,2,1.0
1692030,val,a40_41,1.3130333,0.0,1.0,2,2,1.0,2,2,1.0
1695034,val,a40_41,2.951776,3.6491034,1.0,3,3,1.0,2,2,1.0
1701004,val,a40_41,2.942471,3.9664857,1.0,3,3,1.0,2,2,1.0
1721030,val,a40_41,3.2485242,3.6687279,1.0,3,3,1.0,2,2,1.0
1723005,val,a40_41,1.3461666,2.2075644,1.0,2,3,1.0,2,2,1.0
1762030,val,a40_41,2.5973206,0.0,1.0,3,2,1.0,2,4,1.0
1762031,val,a40_41,3.501119,3.7650766,1.0,3,3,1.0,2,2,1.0
1762032,val,a40_41,1.9814745,1.9069004,1.0,3,3,1.0,2,4,1.0
1774170,val,a40_41,3.1359806,1.3671789,1.0,3,2,1.0,2,2,1.0
1774171,val,a40_41,3.1634548,3.3073823,1.0,3,3,1.0,2,2,1.0
1784171,val,a40_41,3.581844,4.1698217,1.0,3,3,1.0,2,2,1.0
1786191,val,a40_41,3.645347,3.9422066,1.0,3,3,1.0,2,2,1.0
1787005,val,a40_41,3.0492625,3.6848996,1.0,3,3,1.0,2,2,1.0
1787174,val,a40_41,2.787529,3.3667955,1.0,3,3,1.0,2,2,1.0
1802003,val,a40_41,3.1636171,3.489942,1.0,3,2,1.0,2,4,1.0
1845170,val,a40_41,3.6445727,3.0869684,1.0,3,3,1.0,2,2,1.0
1862171,val,a40_41,3.291064,3.5262845,1.0,3,3,1.0,2,2,1.0
1898004,val,a40_41,2.8851094,3.4094932,1.0,3,3,1.0,2,6,1.0
1911030,val,a40_41,2.1964896,0.0,0.0,3,-1,0.0,2,-1,0.0
1914003,val,a40_41,1.9502345,2.8751705,1.0,3,3,1.0,2,2,1.0
1919007,val,a40_41,3.6786718,4.886779,1.0,3,3,1.0,2,4,1.0
1954003,val,a40_41,3.424791,2.9361172,1.0,3,3,1.0,2,2,1.0
1959005,val,a40_41,3.5035799,4.3370132,1.0,3,3,1.0,2,2,1.0
1964031,val,a40_41,2.3968983,0.0,1.0,3,2,1.0,2,4,1.0
1972173,val,a40_41,1.8308055,0.0,0.0,2,-1,0.0,2,-1,0.0
1978030,val,a40_41,3.2682998,3.693618,1.0,3,3,1.0,2,2,1.0
2005030,val,a40_41,2.9381073,3.1062326,1.0,3,3,1.0,2,4,1.0
2011174,val,a40_41,2.865816,3.3237946,1.0,3,3,1.0,2,2,1.0
2023030,val,a40_41,3.3984463,4.886779,1.0,3,3,1.0,2,6,1.0
2028030,val,a40_41,3.2327662,4.421971,1.0,3,3,1.0,2,4,1.0
2055003,val,a40_41,2.8963537,1.7300621,1.0,3,3,1.0,2,2,1.0
2067005,val,a40_41,3.4759216,4.1546817,1.0,3,3,1.0,2,2,1.0
2080170,val,a40_41,2.2260551,2.3160753,1.0,3,3,1.0,2,2,1.0
2106171,val,a40_41,1.4107373,0.0,1.0,3,2,1.0,2,2,1.0
2109002,val,a40_41,3.1889677,4.482823,1.0,3,3,1.0,2,2,1.0
2129186,val,a40_41,3.0428476,3.496005,1.0,3,3,1.0,2,2,1.0
2181007,val,a40_41,1.4428041,1.966612,1.0,2,2,1.0,6,6,1.0
2181030,val,a40_41,3.032114,3.3319657,1.0,3,3,1.0,2,2,1.0
2243174,val,a40_41,3.2926455,3.0664406,1.0,3,3,1.0,2,2,1.0
2260173,val,a40_41,2.924844,0.40987092,1.0,3,2,1.0,2,2,1.0
2261030,val,a40_41,3.1341605,2.5095816,1.0,3,3,1.0,2,2,1.0
2271171,val,a40_41,2.5541847,3.6543715,1.0,3,3,1.0,2,2,1.0
2282005,val,a40_41,3.1316462,0.0,1.0,3,3,1.0,2,6,1.0
2302195,val,a40_41,1.4882245,0.39853728,1.0,2,2,1.0,2,3,1.0
2334031,val,a40_41,3.4202318,3.8142254,1.0,3,3,1.0,2,2,1.0
2341172,val,a40_41,3.037981,2.8913167,1.0,3,3,1.0,2,2,1.0
2354175,val,a40_41,3.4185548,3.3073823,1.0,3,3,1.0,2,2,1.0
2355004,val,a40_41,1.9011261,3.7249148,1.0,3,3,1.0,2,2,1.0
2391030,val,a40_41,3.2440252,3.1996279,1.0,3,3,1.0,2,2,1.0
2397173,val,a40_41,1.908724,2.7536736,1.0,3,3,1.0,2,2,1.0
2408170,val,a40_41,2.7409863,2.2054408,1.0,3,2,1.0,2,4,1.0
2425003,val,a40_41,2.9140048,1.1611937,1.0,3,3,1.0,2,2,1.0
2432030,val,a40_41,1.8848693,2.766588,1.0,3,3,1.0,2,4,1.0
2435172,val,a40_41,2.2054453,0.5612031,1.0,3,3,1.0,2,2,1.0
2436174,val,a40_41,1.4602289,0.0,1.0,2,2,1.0,2,4,1.0
2436176,val,a40_41,2.2146435,3.0665076,1.0,3,3,1.0,2,2,1.0
2441003,val,a40_41,2.1044288,3.1931083,1.0,3,3,1.0,2,2,1.0
2441173,val,a40_41,3.4549093,4.1230373,1.0,3,3,1.0,2,2,1.0
2458031,val,a40_41,3.8328834,4.7487354,1.0,3,3,1.0,2,6,1.0
2461004,val,a40_41,2.0199804,2.4098656,1.0,2,3,1.0,2,2,1.0
2461030,val,a40_41,3.276012,0.0,1.0,3,3,1.0,2,4,1.0
2473004,val,a40_41,3.5598316,3.8582711,1.0,3,3,1.0,2,2,1.0
2483030,val,a40_41,2.7972722,1.7093322,1.0,3,3,1.0,2,4,1.0
2503030,val,a40_41,3.5238001,3.0149915,1.0,3,3,1.0,2,6,1.0
2510005,val,a40_41,3.6414967,3.0679493,1.0,3,3,1.0,2,2,1.0
2525003,val,a40_41,3.3668578,4.886779,1.0,3,3,1.0,2,2,1.0
2529030,val,a40_41,3.0782225,0.0,1.0,3,2,1.0,2,4,1.0
2529174,val,a40_41,2.9169805,3.9823928,1.0,3,3,1.0,2,2,1.0
2530003,val,a40_41,2.2523046,2.8040938,1.0,3,3,1.0,2,2,1.0
2530004,val,a40_41,3.1678748,3.0475352,1.0,3,3,1.0,2,2,1.0
2569033,val,a40_41,2.7423244,3.3889637,1.0,3,3,1.0,6,2,1.0
2601006,val,a40_41,3.4737186,0.0,0.0,3,-1,0.0,2,-1,0.0
2608006,val,a40_41,2.8328977,3.153995,1.0,3,3,1.0,2,2,1.0
2615034,val,a40_41,3.2857468,3.5209804,1.0,3,3,1.0,2,2,1.0
2639004,val,a40_41,2.5363235,2.0256755,1.0,3,2,1.0,2,4,1.0
2665177,val,a40_41,1.9872749,0.0,1.0,3,2,1.0,2,2,1.0
2672006,val,a40_41,3.4798408,4.190539,1.0,3,3,1.0,2,4,1.0
2672171,val,a40_41,2.607023,4.158148,1.0,3,3,1.0,2,4,1.0
2697003,val,a40_41,3.8208094,3.3715646,1.0,3,3,1.0,2,2,1.0
2704031,val,a40_41,3.1719174,2.5460799,1.0,3,3,1.0,2,4,1.0
2705030,val,a40_41,3.3712885,4.6122894,1.0,3,3,1.0,2,3,1.0
2707007,val,a40_41,2.77655,2.015335,1.0,3,3,1.0,2,2,1.0
2712172,val,a40_41,2.5774808,3.172238,1.0,3,3,1.0,2,2,1.0
2731003,val,a40_41,2.996986,3.1447468,1.0,3,3,1.0,6,6,1.0
2731005,val,a40_41,3.3780024,4.564996,1.0,3,3,1.0,2,6,1.0
2770031,val,a40_41,3.3265603,1.7136508,1.0,3,3,1.0,2,2,1.0
2816004,val,a40_41,1.9478685,3.4309494,1.0,3,3,1.0,2,2,1.0
2910002,val,a40_41,2.6548572,3.1706843,1.0,3,2,1.0,2,2,1.0
3062001,val,a40_41,3.3802476,3.958687,1.0,3,3,1.0,2,2,1.0
3235002,val,a40_41,2.7155097,3.6333046,1.0,3,3,1.0,2,3,1.0
3306001,val,a40_41,3.464891,4.594867,1.0,3,3,1.0,2,2,1.0
5015030,val,a40_41,2.0040772,0.0,1.0,2,2,1.0,2,2,1.0
5048030,val,a40_41,2.5387454,2.79805,1.0,3,3,1.0,6,6,1.0
5052033,val,a40_41,2.404113,2.355517,1.0,3,3,1.0,6,6,1.0
5057008,val,a40_41,1.249129,3.5037935,1.0,2,3,1.0,6,6,1.0
5170009,val,a40_41,3.235518,3.8322608,1.0,3,3,1.0,2,2,1.0
5230008,val,a40_41,2.8804517,3.7570312,1.0,3,3,1.0,2,2,1.0
5299010,val,a40_41,2.5570672,0.0,1.0,3,2,1.0,6,6,1.0
5336179,val,a40_41,3.0051458,3.3685656,1.0,3,3,1.0,2,2,1.0
5364005,val,a40_41,3.0528486,3.3224595,1.0,3,3,1.0,2,3,1.0
5379004,val,a40_41,3.2469835,4.8131404,1.0,3,3,1.0,2,4,1.0
5430173,val,a40_41,2.80726,0.0,1.0,3,2,1.0,4,6,1.0
5488006,val,a40_41,3.0545068,3.6807222,1.0,3,3,1.0,6,6,1.0
5493007,val,a40_41,1.3820275,0.0,1.0,2,2,1.0,2,5,1.0
5537009,val,a40_41,2.289224,2.9591303,1.0,3,3,1.0,2,2,1.0
5537177,val,a40_41,2.1777802,1.2297416,1.0,3,2,1.0,2,2,1.0
5537183,val,a40_41,3.4053245,3.031698,1.0,3,3,1.0,2,2,1.0
5569010,val,a40_41,2.6066234,3.265041,1.0,3,3,1.0,2,2,1.0
5600005,val,a40_41,1.847265,2.2039053,1.0,3,2,1.0,6,2,1.0
5615183,val,a40_41,3.0149765,2.9662764,1.0,3,3,1.0,2,2,1.0
5749006,val,a40_41,1.9042778,0.37078482,1.0,3,2,1.0,2,2,1.0
5822175,val,a40_41,3.0158463,3.7130666,1.0,3,3,1.0,2,2,1.0
5832003,val,a40_41,2.792711,2.3181431,1.0,3,2,1.0,2,6,1.0
5872005,val,a40_41,1.3249013,0.0,0.0,2,-1,0.0,6,-1,0.0
5898005,val,a40_41,2.3146684,0.0,0.0,3,-1,0.0,6,-1,0.0
5904033,val,a40_41,2.7587163,1.9870218,1.0,3,3,1.0,2,4,1.0
5987188,val,a40_41,2.810349,3.0869684,1.0,3,3,1.0,2,2,1.0
6026005,val,a40_41,3.473629,3.3871381,1.0,3,2,1.0,2,4,1.0
6026172,val,a40_41,3.1207643,3.6983402,1.0,3,3,1.0,2,4,1.0
6054031,val,a40_41,3.4548757,3.9765851,1.0,3,3,1.0,2,6,1.0
6121033,val,a40_41,2.4624145,0.0,1.0,2,2,1.0,6,6,1.0
6156008,val,a40_41,3.4303565,3.7570312,1.0,3,3,1.0,6,6,1.0
6157003,val,a40_41,2.6923704,3.2381604,1.0,3,3,1.0,2,3,1.0
6210183,val,a40_41,2.6028829,3.3488646,1.0,3,3,1.0,2,2,1.0
6262030,val,a40_41,3.5298731,4.052318,1.0,3,3,1.0,2,2,1.0
6368007,val,a40_41,2.594397,0.0,1.0,3,2,1.0,6,6,1.0
6381181,val,a40_41,3.1592886,4.0398784,1.0,3,3,1.0,2,2,1.0
6396003,val,a40_41,1.9663246,0.0,1.0,3,2,1.0,2,4,1.0
6431008,val,a40_41,2.90313,4.745581,1.0,3,3,1.0,2,4,1.0
6475170,val,a40_41,2.347446,3.0000806,1.0,3,3,1.0,6,6,1.0
6522004,val,a40_41,2.0737228,0.0,0.0,3,2,1.0,6,4,1.0
6537032,val,a40_41,2.4005394,2.9993773,1.0,3,3,1.0,2,2,1.0
6541178,val,a40_41,3.2871144,4.1655335,1.0,3,3,1.0,2,2,1.0
6545006,val,a40_41,1.8406904,2.3224509,1.0,3,3,1.0,2,4,1.0
6547171,val,a40_41,2.9025269,3.0869684,1.0,3,3,1.0,2,2,1.0
6571031,val,a40_41,2.8826785,0.0,0.0,3,-1,0.0,2,-1,0.0
6590008,val,a40_41,3.025718,0.0,1.0,3,3,1.0,2,2,1.0
6616007,val,a40_41,2.529908,3.6222303,1.0,3,3,1.0,2,4,1.0
6649003,val,a40_41,2.033176,3.6229506,1.0,3,3,1.0,6,2,1.0
6710030,val,a40_41,1.4041574,3.2437427,1.0,2,3,1.0,6,6,1.0
6745007,val,a40_41,2.9743237,3.587975,1.0,3,3,1.0,2,6,1.0
6750005,val,a40_41,2.7001593,3.9030106,1.0,3,3,1.0,2,4,1.0
6765006,val,a40_41,2.186492,2.6505947,1.0,3,3,1.0,2,2,1.0
6822176,val,a40_41,2.898552,3.546035,1.0,3,3,1.0,2,4,1.0
6828003,val,a40_41,1.6366936,0.29730862,1.0,2,2,1.0,2,2,1.0
6872003,val,a40_41,2.9854937,3.611991,1.0,3,3,1.0,6,2,1.0
4007,val,a42_43,2.8152094,0.0,0.0,3,-1,0.0,2,-1,0.0
6174,val,a42_43,3.288374,4.3904777,1.0,3,3,1.0,2,2,1.0
14004,val,a42_43,3.5660033,3.7619069,1.0,3,3,1.0,2,2,1.0
14172,val,a42_43,1.5636055,3.7323906,1.0,3,3,1.0,2,2,1.0
14173,val,a42_43,2.9462605,4.0403357,1.0,3,3,1.0,2,2,1.0
18031,val,a42_43,1.5082936,3.5281215,1.0,2,3,1.0,4,5,1.0
18185,val,a42_43,1.9990004,0.0,1.0,3,2,1.0,2,3,1.0
23031,val,a42_43,3.17387,0.0,1.0,3,2,1.0,6,6,1.0
40173,val,a42_43,3.3437243,3.5162604,1.0,3,3,1.0,2,2,1.0
51171,val,a42_43,3.2381961,3.9461741,1.0,3,3,1.0,2,2,1.0
84005,val,a42_43,3.1784112,3.9647489,1.0,3,3,1.0,6,6,1.0
121173,val,a42_43,3.0877748,3.016735,1.0,3,3,1.0,2,2,1.0
128004,val,a42_43,3.6606836,4.198069,1.0,3,3,1.0,2,2,1.0
145170,val,a42_43,3.3016207,3.507782,1.0,3,3,1.0,2,2,1.0
161004,val,a42_43,3.4564395,3.1872697,1.0,3,3,1.0,2,4,1.0
172031,val,a42_43,3.4834151,3.126861,1.0,3,3,1.0,2,2,1.0
174175,val,a42_43,2.3046763,4.886779,1.0,3,3,1.0,2,2,1.0
221031,val,a42_43,3.6149158,3.9811552,1.0,3,3,1.0,2,2,1.0
223030,val,a42_43,3.351416,3.4196575,1.0,3,3,1.0,2,2,1.0
227003,val,a42_43,3.7585886,3.9589236,1.0,3,3,1.0,2,2,1.0
257175,val,a42_43,3.1812782,0.56697226,1.0,3,3,1.0,2,2,1.0
263182,val,a42_43,3.26877,3.456537,1.0,3,3,1.0,2,2,1.0
321005,val,a42_43,2.4896424,3.067396,1.0,3,3,1.0,2,2,1.0
361175,val,a42_43,2.7155826,2.6412401,1.0,3,3,1.0,2,2,1.0
377170,val,a42_43,3.1400256,4.30575,1.0,3,3,1.0,2,2,1.0
450030,val,a42_43,3.3109527,4.0109034,1.0,3,2,1.0,2,6,1.0
465030,val,a42_43,2.1613758,3.854094,1.0,3,3,1.0,2,4,1.0
478030,val,a42_43,2.7938132,3.0282621,1.0,3,3,1.0,6,3,1.0
503031,val,a42_43,3.2170696,4.717123,1.0,3,3,1.0,2,4,1.0
514172,val,a42_43,3.524805,4.2617564,1.0,3,3,1.0,2,2,1.0
534030,val,a42_43,3.0238473,3.2387373,1.0,3,3,1.0,2,2,1.0
534171,val,a42_43,3.6130714,3.8186266,1.0,3,3,1.0,2,2,1.0
544170,val,a42_43,2.9801977,3.378522,1.0,3,3,1.0,2,2,1.0
563193,val,a42_43,3.2093656,0.0,1.0,3,2,1.0,2,2,1.0
577174,val,a42_43,3.1565425,3.1931083,1.0,3,3,1.0,2,2,1.0
613006,val,a42_43,3.0042372,3.4896688,1.0,3,3,1.0,2,2,1.0
618170,val,a42_43,3.6131053,4.7028666,1.0,3,3,1.0,2,2,1.0
631030,val,a42_43,2.9306986,3.7247293,1.0,3,3,1.0,2,4,1.0
633031,val,a42_43,3.054135,3.6932049,1.0,3,3,1.0,2,2,1.0
652173,val,a42_43,2.9638112,3.6409497,1.0,3,3,1.0,2,2,1.0
655172,val,a42_43,3.2373438,4.2897096,1.0,3,3,1.0,2,2,1.0
656005,val,a42_43,2.8396964,1.5825812,1.0,3,3,1.0,2,2,1.0
691171,val,a42_43,2.9296694,2.422265,1.0,3,3,1.0,2,4,1.0
738172,val,a42_43,2.6546178,4.6475396,1.0,3,3,1.0,2,2,1.0
751030,val,a42_43,2.5874057,3.128094,1.0,3,2,1.0,2,4,1.0
762170,val,a42_43,3.8509264,4.3866534,1.0,3,3,1.0,2,2,1.0
783171,val,a42_43,3.1353185,3.627258,1.0,3,3,1.0,2,2,1.0
863007,val,a42_43,2.9477072,3.0570593,1.0,3,3,1.0,2,2,1.0
893170,val,a42_43,2.9404988,0.0,1.0,3,2,1.0,2,2,1.0
894031,val,a42_43,3.1287756,3.4939215,1.0,3,3,1.0,2,2,1.0
898181,val,a42_43,2.6656716,2.0642657,1.0,3,3,1.0,2,2,1.0
899003,val,a42_43,3.3915734,3.5290773,1.0,3,3,1.0,2,2,1.0
916032,val,a42_43,2.5140347,2.66215,1.0,3,2,1.0,6,2,1.0
922005,val,a42_43,3.5514302,2.8607311,1.0,3,3,1.0,2,2,1.0
931172,val,a42_43,3.2216067,2.3561735,1.0,3,3,1.0,2,2,1.0
939032,val,a42_43,4.1221642,4.886779,1.0,3,3,1.0,2,2,1.0
958030,val,a42_43,3.3020284,3.0001054,1.0,3,3,1.0,2,2,1.0
958173,val,a42_43,2.6999311,3.188211,1.0,3,3,1.0,2,2,1.0
961005,val,a42_43,3.0197318,3.0807095,1.0,3,3,1.0,2,2,1.0
961030,val,a42_43,3.140697,3.5064607,1.0,3,3,1.0,6,2,1.0
961175,val,a42_43,3.2145927,3.858515,1.0,3,3,1.0,2,2,1.0
1051183,val,a42_43,3.637577,3.4141958,1.0,3,3,1.0,2,2,1.0
1084005,val,a42_43,3.1149728,2.8569546,1.0,3,2,1.0,2,4,1.0
1089003,val,a42_43,3.041237,3.397333,1.0,3,3,1.0,2,2,1.0
1093003,val,a42_43,2.0768986,0.0,1.0,3,2,1.0,2,2,1.0
1107173,val,a42_43,2.1399052,0.0,1.0,3,2,1.0,2,4,1.0
1109174,val,a42_43,2.2082791,2.241885,1.0,3,3,1.0,2,2,1.0
1121030,val,a42_43,3.3555508,3.7256048,1.0,3,3,1.0,2,2,1.0
1121175,val,a42_43,2.3041363,0.0,1.0,3,2,1.0,2,2,1.0
1125172,val,a42_43,2.835467,2.6918542,1.0,3,3,1.0,2,2,1.0
1126030,val,a42_43,3.1008058,2.3410416,1.0,3,3,1.0,2,2,1.0
1126176,val,a42_43,2.4008155,4.2375464,1.0,3,3,1.0,2,2,1.0
1152180,val,a42_43,3.2027023,3.382096,1.0,3,3,1.0,2,2,1.0
1164004,val,a42_43,3.5045087,3.6850972,1.0,3,3,1.0,2,2,1.0
1184032,val,a42_43,3.2880876,0.0,0.0,3,-1,0.0,2,-1,0.0
1184033,val,a42_43,2.3123267,2.9884706,1.0,3,3,1.0,6,4,1.0
1185003,val,a42_43,3.453054,0.0,1.0,3,2,1.0,2,2,1.0
1222004,val,a42_43,2.6293488,3.1974998,1.0,3,3,1.0,2,2,1.0
1222006,val,a42_43,2.997401,3.4334857,1.0,3,3,1.0,2,2,1.0
1284170,val,a42_43,3.3115442,0.0,1.0,3,2,1.0,2,2,1.0
1292004,val,a42_43,2.836045,3.0276508,1.0,3,3,1.0,2,4,1.0
1314172,val,a42_43,3.2414906,3.955919,1.0,3,3,1.0,2,2,1.0
1332005,val,a42_43,4.0777397,4.0859733,1.0,3,3,1.0,2,3,1.0
1335010,val,a42_43,3.3704855,3.5913725,1.0,3,3,1.0,2,2,1.0
1338003,val,a42_43,3.1083622,0.0,1.0,3,2,1.0,2,2,1.0
1345006,val,a42_43,2.969353,2.8901737,1.0,3,3,1.0,2,2,1.0
1345007,val,a42_43,2.9259925,3.4974828,1.0,3,3,1.0,6,2,1.0
1346030,val,a42_43,3.276198,1.209378,1.0,3,2,1.0,6,2,1.0
1391033,val,a42_43,3.351695,3.9802005,1.0,3,3,1.0,2,4,1.0
1391175,val,a42_43,1.5280738,3.1796627,1.0,3,3,1.0,2,4,1.0
1394033,val,a42_43,2.28232,0.0,1.0,3,2,1.0,2,4,1.0
1397005,val,a42_43,3.4614851,3.749749,1.0,3,3,1.0,2,2,1.0
1397172,val,a42_43,2.1653807,3.0798528,1.0,3,3,1.0,2,2,1.0
1426004,val,a42_43,1.8057358,3.4137402,1.0,3,3,1.0,6,6,1.0
1434032,val,a42_43,2.8775074,2.134075,1.0,3,3,1.0,2,2,1.0
1434170,val,a42_43,3.115995,3.2432585,1.0,3,3,1.0,2,2,1.0
1435005,val,a42_43,3.4616282,2.8346472,1.0,3,3,1.0,2,4,1.0
1485171,val,a42_43,3.5230489,3.4779825,1.0,3,3,1.0,2,2,1.0
1520031,val,a42_43,3.3799143,0.0,1.0,3,3,1.0,2,2,1.0
1540005,val,a42_43,3.991034,3.2980824,1.0,3,3,1.0,6,2,1.0
1559003,val,a42_43,3.970532,4.455336,1.0,3,3,1.0,2,2,1.0
1559170,val,a42_43,3.2799778,3.46386,1.0,3,3,1.0,2,2,1.0
1565180,val,a42_43,2.9197404,3.7453756,1.0,3,3,1.0,2,2,1.0
1579030,val,a42_43,3.5540218,2.21841,1.0,3,3,1.0,2,2,1.0
1613007,val,a42_43,2.7212293,1.4655625,1.0,3,3,1.0,2,2,1.0
1621171,val,a42_43,3.590201,4.5817747,1.0,3,3,1.0,2,2,1.0
1644004,val,a42_43,3.2865057,3.3623176,1.0,3,3,1.0,2,2,1.0
1652031,val,a42_43,3.0467632,3.6539025,1.0,3,3,1.0,2,2,1.0
1682032,val,a42_43,3.2210078,3.8923383,1.0,3,3,1.0,2,2,1.0
1684173,val,a42_43,3.4185104,3.4133592,1.0,3,3,1.0,2,2,1.0
1687003,val,a42_43,3.4019687,2.1154792,1.0,3,3,1.0,2,2,1.0
1690170,val,a42_43,2.3035033,3.81582,1.0,3,3,1.0,2,2,1.0
1692030,val,a42_43,1.4286261,0.0,1.0,2,2,1.0,2,2,1.0
1695034,val,a42_43,2.8943806,3.7629457,1.0,3,3,1.0,2,2,1.0
1701004,val,a42_43,2.9058063,4.257973,1.0,3,3,1.0,2,2,1.0
1721030,val,a42_43,3.2269275,3.348836,1.0,3,3,1.0,2,2,1.0
1723005,val,a42_43,1.3807733,2.2497153,1.0,2,3,1.0,2,2,1.0
1762030,val,a42_43,2.5395267,0.0,1.0,3,2,1.0,2,4,1.0
1762031,val,a42_43,3.4340286,3.7924998,1.0,3,3,1.0,2,2,1.0
1762032,val,a42_43,1.9370158,2.2055602,1.0,3,3,1.0,2,4,1.0
1774170,val,a42_43,3.131135,1.7535818,1.0,3,3,1.0,2,2,1.0
1774171,val,a42_43,3.143216,3.736019,1.0,3,3,1.0,2,2,1.0
1784171,val,a42_43,3.5762084,4.1252284,1.0,3,3,1.0,2,2,1.0
1786191,val,a42_43,3.6095939,4.227405,1.0,3,3,1.0,2,2,1.0
1787005,val,a42_43,3.1801174,3.6104138,1.0,3,3,1.0,2,2,1.0
1787174,val,a42_43,2.788251,3.3523545,1.0,3,3,1.0,2,2,1.0
1802003,val,a42_43,3.1306431,3.4832323,1.0,3,2,1.0,2,4,1.0
1845170,val,a42_43,3.6202388,3.3217459,1.0,3,3,1.0,2,2,1.0
1862171,val,a42_43,3.251207,3.4461362,1.0,3,3,1.0,2,2,1.0
1898004,val,a42_43,2.8530715,4.3638077,1.0,3,3,1.0,6,6,1.0
1911030,val,a42_43,2.2248974,2.9322286,1.0,3,3,1.0,2,2,1.0
1914003,val,a42_43,2.0210369,3.0930045,1.0,3,3,1.0,2,2,1.0
1919007,val,a42_43,3.7133467,4.8387165,1.0,3,3,1.0,2,4,1.0
1954003,val,a42_43,3.404442,3.7558146,1.0,3,3,1.0,2,4,1.0
1959005,val,a42_43,3.5211768,4.521836,1.0,3,3,1.0,2,2,1.0
1964031,val,a42_43,2.474255,0.0,1.0,3,2,1.0,4,4,1.0
1972173,val,a42_43,1.8463411,2.3260252,1.0,3,3,1.0,2,3,1.0
1978030,val,a42_43,3.2771485,3.4900744,1.0,3,3,1.0,2,2,1.0
2005030,val,a42_43,2.9362974,3.211439,1.0,3,3,1.0,2,4,1.0
2011174,val,a42_43,2.8448563,3.177646,1.0,3,3,1.0,2,2,1.0
2023030,val,a42_43,3.4132774,4.886779,1.0,3,3,1.0,2,6,1.0
2028030,val,a42_43,3.1667268,4.886779,1.0,3,3,1.0,2,4,1.0
2055003,val,a42_43,2.9166448,1.367364,1.0,3,3,1.0,2,2,1.0
2067005,val,a42_43,3.4172184,4.480925,1.0,3,3,1.0,2,2,1.0
2080170,val,a42_43,2.201024,2.4098656,1.0,3,3,1.0,2,2,1.0
2106171,val,a42_43,1.4375259,0.0,1.0,3,2,1.0,2,2,1.0
2109002,val,a42_43,3.1567402,4.472431,1.0,3,3,1.0,2,2,1.0
2129186,val,a42_43,3.0670438,3.851873,1.0,3,3,1.0,2,2,1.0
2181007,val,a42_43,1.4182196,2.5885363,1.0,2,3,1.0,6,6,1.0
2181030,val,a42_43,3.0910854,3.6084042,1.0,3,3,1.0,2,2,1.0
2243174,val,a42_43,3.3001814,2.9595175,1.0,3,3,1.0,2,2,1.0
2260173,val,a42_43,2.9021544,0.0,1.0,3,2,1.0,2,2,1.0
2261030,val,a42_43,3.1105604,3.173361,1.0,3,3,1.0,2,2,1.0
2271171,val,a42_43,2.5636399,3.7394035,1.0,3,3,1.0,2,2,1.0
2282005,val,a42_43,3.2033966,3.46386,1.0,3,3,1.0,2,6,1.0
2302195,val,a42_43,1.5069042,0.0,1.0,2,2,1.0,2,6,1.0
2334031,val,a42_43,3.3216195,3.8580909,1.0,3,3,1.0,2,2,1.0
2341172,val,a42_43,3.0550618,2.8802483,1.0,3,3,1.0,2,2,1.0
2354175,val,a42_43,3.372707,3.651173,1.0,3,3,1.0,2,2,1.0
2355004,val,a42_43,1.8437451,4.1334863,1.0,3,3,1.0,2,2,1.0
2391030,val,a42_43,3.2590604,3.859207,1.0,3,3,1.0,2,2,1.0
2397173,val,a42_43,1.8921268,3.1475887,1.0,3,3,1.0,2,2,1.0
2408170,val,a42_43,2.7532818,2.146546,1.0,3,3,1.0,2,4,1.0
2425003,val,a42_43,2.8725863,0.0,1.0,3,2,1.0,2,2,1.0
2432030,val,a42_43,1.8814137,4.2273545,1.0,3,3,1.0,2,4,1.0
2435172,val,a42_43,2.2310562,0.0,1.0,3,2,1.0,2,2,1.0
2436174,val,a42_43,1.4695709,0.0,1.0,2,2,1.0,2,4,1.0
2436176,val,a42_43,2.2207596,3.0895233,1.0,3,3,1.0,2,2,1.0
2441003,val,a42_43,2.1010451,3.9165187,1.0,3,3,1.0,2,2,1.0
2441173,val,a42_43,3.4278197,4.077138,1.0,3,3,1.0,2,2,1.0
2458031,val,a42_43,3.8671634,4.886779,1.0,3,3,1.0,2,6,1.0
2461004,val,a42_43,2.1517856,2.196764,1.0,3,2,1.0,2,2,1.0
2461030,val,a42_43,3.318601,4.353723,1.0,3,3,1.0,2,2,1.0
2473004,val,a42_43,3.4976034,3.2980824,1.0,3,3,1.0,2,2,1.0
2483030,val,a42_43,2.8148794,0.0,1.0,3,2,1.0,2,4,1.0
2503030,val,a42_43,3.4921618,3.295633,1.0,3,3,1.0,2,6,1.0
2510005,val,a42_43,3.591745,3.307799,1.0,3,3,1.0,2,2,1.0
2525003,val,a42_43,3.4652245,4.886779,1.0,3,3,1.0,2,2,1.0
2529030,val,a42_43,3.1915524,0.0,1.0,3,2,1.0,2,4,1.0
2529174,val,a42_43,2.9429452,1.8595463,1.0,3,3,1.0,2,2,1.0
2530003,val,a42_43,2.2875016,0.0,1.0,3,2,1.0,2,2,1.0
2530004,val,a42_43,3.155588,3.4409633,1.0,3,3,1.0,2,2,1.0
2569033,val,a42_43,2.7520068,3.469144,1.0,3,3,1.0,6,2,1.0
2601006,val,a42_43,3.4254239,4.845492,1.0,3,3,1.0,6,2,1.0
2608006,val,a42_43,2.8729248,2.9372149,1.0,3,3,1.0,2,2,1.0
2615034,val,a42_43,3.2150826,3.4548087,1.0,3,3,1.0,2,2,1.0
2639004,val,a42_43,2.6301012,2.589703,1.0,3,3,1.0,2,4,1.0
2665177,val,a42_43,1.9701779,0.0,1.0,3,2,1.0,2,2,1.0
2672006,val,a42_43,3.3859167,4.276182,1.0,3,3,1.0,6,2,1.0
2672171,val,a42_43,2.6963496,4.019886,1.0,3,3,1.0,2,4,1.0
2697003,val,a42_43,3.7787461,3.3189862,1.0,3,3,1.0,2,2,1.0
2704031,val,a42_43,3.2159204,3.6725805,1.0,3,3,1.0,6,4,1.0
2705030,val,a42_43,3.350827,4.6246047,1.0,3,3,1.0,2,4,1.0
2707007,val,a42_43,2.734791,0.0,1.0,3,3,1.0,2,2,1.0
2712172,val,a42_43,2.5845366,3.1996279,1.0,3,3,1.0,2,2,1.0
2731003,val,a42_43,2.9996676,3.6003644,1.0,3,3,1.0,6,6,1.0
2731005,val,a42_43,3.34654,4.716656,1.0,3,3,1.0,6,6,1.0
2770031,val,a42_43,3.2898045,2.2437658,1.0,3,3,1.0,2,2,1.0
2816004,val,a42_43,1.9682864,3.2776077,1.0,3,3,1.0,2,2,1.0
2910002,val,a42_43,2.7605746,1.7300621,1.0,3,3,1.0,2,2,1.0
3062001,val,a42_43,3.3545356,2.110738,1.0,3,3,1.0,2,2,1.0
3235002,val,a42_43,2.7069218,3.3702624,1.0,3,3,1.0,2,3,1.0
3306001,val,a42_43,3.4682999,4.886779,1.0,3,3,1.0,2,3,1.0
5015030,val,a42_43,2.1711106,0.0,1.0,3,2,1.0,3,2,1.0
5048030,val,a42_43,2.654446,2.967192,1.0,3,3,1.0,6,6,1.0
5052033,val,a42_43,2.372086,3.1251361,1.0,3,3,1.0,6,6,1.0
5057008,val,a42_43,1.2268928,3.3570445,1.0,2,3,1.0,6,6,1.0
5170009,val,a42_43,3.1566994,3.9032092,1.0,3,3,1.0,2,2,1.0
5230008,val,a42_43,2.9544888,4.158148,1.0,3,3,1.0,2,3,1.0
5299010,val,a42_43,2.5249493,0.0,1.0,3,2,1.0,6,6,1.0
5336179,val,a42_43,3.0335345,3.3871381,1.0,3,3,1.0,2,2,1.0
5364005,val,a42_43,3.0126128,4.009967,1.0,3,3,1.0,2,3,1.0
5379004,val,a42_43,3.285595,4.766838,1.0,3,3,1.0,2,4,1.0
5430173,val,a42_43,2.8533115,1.5333589,1.0,3,3,1.0,4,6,1.0
5488006,val,a42_43,3.009604,3.8038778,1.0,3,3,1.0,6,6,1.0
5493007,val,a42_43,1.4193571,0.0,1.0,3,2,1.0,2,5,1.0
5537009,val,a42_43,2.3186555,3.0807095,1.0,3,3,1.0,2,2,1.0
5537177,val,a42_43,2.1601796,1.6738045,1.0,3,2,1.0,2,2,1.0
5537183,val,a42_43,3.4297798,3.7742858,1.0,3,3,1.0,2,2,1.0
5569010,val,a42_43,2.6296055,3.3445346,1.0,3,3,1.0,2,2,1.0
5600005,val,a42_43,1.6872898,0.0,1.0,2,2,1.0,6,2,1.0
5615183,val,a42_43,2.9954379,3.8142254,1.0,3,3,1.0,2,2,1.0
5749006,val,a42_43,1.9250598,0.0,1.0,3,2,1.0,4,2,1.0
5822175,val,a42_43,3.0001593,0.0,0.0,3,-1,0.0,2,-1,0.0
5832003,val,a42_43,2.8115032,1.6818666,1.0,3,2,1.0,2,6,1.0
5872005,val,a42_43,1.3449817,0.0,1.0,2,2,1.0,6,6,1.0
5898005,val,a42_43,2.2616642,3.3248508,1.0,3,3,1.0,6,2,1.0
5904033,val,a42_43,2.705978,3.5165677,1.0,3,3,1.0,2,4,1.0
5987188,val,a42_43,2.8366094,3.0930045,1.0,3,3,1.0,2,2,1.0
6026005,val,a42_43,3.428105,4.0232816,1.0,3,3,1.0,2,2,1.0
6026172,val,a42_43,3.0793812,4.4520135,1.0,3,3,1.0,2,4,1.0
6054031,val,a42_43,3.3437226,0.0,1.0,3,2,1.0,6,6,1.0
6121033,val,a42_43,2.5117946,0.0,0.0,3,-1,0.0,4,-1,0.0
6156008,val,a42_43,3.4590113,4.542774,1.0,3,3,1.0,6,6,1.0
6157003,val,a42_43,2.644917,3.3940077,1.0,3,3,1.0,2,4,1.0
6210183,val,a42_43,2.6779046,3.3445346,1.0,3,3,1.0,2,2,1.0
6262030,val,a42_43,3.4162874,4.125177,1.0,3,3,1.0,2,2,1.0
6368007,val,a42_43,2.5072322,0.0,1.0,3,2,1.0,6,6,1.0
6381181,val,a42_43,3.1412563,4.0755825,1.0,3,3,1.0,2,2,1.0
6396003,val,a42_43,2.0081916,0.0,1.0,3,2,1.0,2,4,1.0
6431008,val,a42_43,2.9049535,4.776755,1.0,3,3,1.0,2,2,1.0
6475170,val,a42_43,2.322468,3.0592763,1.0,3,3,1.0,6,6,1.0
6522004,val,a42_43,2.0994425,2.1584442,1.0,3,3,1.0,6,4,1.0
6537032,val,a42_43,2.4051576,2.9880683,1.0,3,3,1.0,2,2,1.0
6541178,val,a42_43,3.229041,4.145609,1.0,3,3,1.0,2,2,1.0
6545006,val,a42_43,1.9456996,2.389911,1.0,3,3,1.0,6,4,1.0
6547171,val,a42_43,2.890535,2.5756848,1.0,3,3,1.0,2,2,1.0
6571031,val,a42_43,2.941791,3.8278039,1.0,3,3,1.0,2,3,1.0
6590008,val,a42_43,3.019841,3.2681394,1.0,3,3,1.0,2,2,1.0
6616007,val,a42_43,2.5510128,1.9724138,1.0,3,2,1.0,2,2,1.0
6649003,val,a42_43,2.168849,3.4457722,1.0,3,3,1.0,6,2,1.0
6710030,val,a42_43,1.5123405,3.0664406,1.0,2,2,1.0,6,6,1.0
6745007,val,a42_43,3.064254,3.2379806,1.0,3,3,1.0,4,6,1.0
6750005,val,a42_43,2.712751,3.9043536,1.0,3,3,1.0,2,4,1.0
6765006,val,a42_43,2.2499318,3.0149915,1.0,3,3,1.0,2,2,1.0
6822176,val,a42_43,2.9101121,3.337991,1.0,3,3,1.0,2,4,1.0
6828003,val,a42_43,1.6857649,0.0,1.0,3,2,1.0,2,2,1.0
6872003,val,a42_43,2.9597325,3.393006,1.0,3,3,1.0,6,2,1.0
4007,val,a44_45,2.7031355,4.058416,1.0,3,3,1.0,2,4,1.0
6174,val,a44_45,3.551733,4.491118,1.0,3,3,1.0,2,2,1.0
14004,val,a44_45,3.6392357,0.0,1.0,3,2,1.0,2,2,1.0
14172,val,a44_45,1.5382708,3.481501,1.0,3,3,1.0,2,2,1.0
14173,val,a44_45,2.8981433,3.718973,1.0,3,3,1.0,2,2,1.0
18031,val,a44_45,1.4368814,3.5790346,1.0,3,3,1.0,4,5,1.0
18185,val,a44_45,2.1806872,1.3926231,1.0,3,3,1.0,2,4,1.0
23031,val,a44_45,3.2342806,0.0,1.0,3,2,1.0,2,2,1.0
40173,val,a44_45,3.574415,0.0,0.0,3,-1,0.0,2,-1,0.0
51171,val,a44_45,3.4151576,3.9082706,1.0,3,3,1.0,2,2,1.0
84005,val,a44_45,3.103634,4.022493,1.0,3,3,1.0,6,6,1.0
121173,val,a44_45,3.127012,3.0124674,1.0,3,3,1.0,2,2,1.0
128004,val,a44_45,3.9070935,3.9815128,1.0,3,3,1.0,2,2,1.0
145170,val,a44_45,3.381793,3.937253,1.0,3,3,1.0,2,2,1.0
161004,val,a44_45,3.4808521,3.0668867,1.0,3,3,1.0,2,4,1.0
172031,val,a44_45,3.5630827,3.4983218,1.0,3,3,1.0,2,2,1.0
174175,val,a44_45,2.3699841,4.886779,1.0,3,3,1.0,2,2,1.0
221031,val,a44_45,3.8582876,3.8177946,1.0,3,3,1.0,2,2,1.0
223030,val,a44_45,3.4205985,3.5600863,1.0,3,3,1.0,2,2,1.0
227003,val,a44_45,3.9454718,3.9815128,1.0,3,3,1.0,2,2,1.0
257175,val,a44_45,3.6012459,0.48750186,1.0,3,3,1.0,2,2,1.0
263182,val,a44_45,3.5079877,3.4627783,1.0,3,3,1.0,2,2,1.0
321005,val,a44_45,2.343977,2.99307,1.0,3,3,1.0,2,2,1.0
361175,val,a44_45,2.601083,2.3818378,1.0,3,2,1.0,2,2,1.0
377170,val,a44_45,3.0799828,4.2520056,1.0,3,3,1.0,2,2,1.0
450030,val,a44_45,3.5621245,3.9245687,1.0,3,3,1.0,2,6,1.0
465030,val,a44_45,2.2609794,3.8660583,1.0,3,3,1.0,2,2,1.0
478030,val,a44_45,2.6395454,3.486668,1.0,3,2,1.0,6,3,1.0
503031,val,a44_45,3.3916824,4.7228627,1.0,3,3,1.0,2,4,1.0
514172,val,a44_45,3.9105396,4.4358616,1.0,3,3,1.0,2,2,1.0
534030,val,a44_45,3.0082889,3.402656,1.0,3,3,1.0,2,2,1.0
534171,val,a44_45,3.833156,3.9701915,1.0,3,3,1.0,2,2,1.0
544170,val,a44_45,3.0357292,0.0,0.0,3,-1,0.0,2,-1,0.0
563193,val,a44_45,3.4941506,0.0,1.0,3,2,1.0,2,2,1.0
577174,val,a44_45,3.2111375,3.3248508,1.0,3,3,1.0,2,2,1.0
613006,val,a44_45,3.026292,2.8015413,1.0,3,2,1.0,2,2,1.0
618170,val,a44_45,3.7903244,4.628189,1.0,3,3,1.0,2,2,1.0
631030,val,a44_45,2.9189508,4.1159654,1.0,3,3,1.0,2,4,1.0
633031,val,a44_45,3.0127401,3.6920335,1.0,3,3,1.0,2,2,1.0
652173,val,a44_45,2.9199967,3.671648,1.0,3,3,1.0,2,2,1.0
655172,val,a44_45,3.2739038,4.415885,1.0,3,3,1.0,2,2,1.0
656005,val,a44_45,2.7677975,1.9453716,1.0,3,3,1.0,2,2,1.0
691171,val,a44_45,2.9981854,2.8106601,1.0,3,3,1.0,2,4,1.0
738172,val,a44_45,2.7336235,4.459952,1.0,3,3,1.0,2,2,1.0
751030,val,a44_45,2.6315777,2.66215,1.0,3,3,1.0,2,4,1.0
762170,val,a44_45,4.0689945,4.343294,1.0,3,3,1.0,2,2,1.0
783171,val,a44_45,3.2501485,3.6628857,1.0,3,3,1.0,2,2,1.0
863007,val,a44_45,3.0820954,3.2183783,1.0,3,3,1.0,2,3,1.0
893170,val,a44_45,2.979283,0.0,1.0,3,2,1.0,2,2,1.0
894031,val,a44_45,3.3214703,3.4421458,1.0,3,3,1.0,2,2,1.0
898181,val,a44_45,2.4932225,1.5825812,1.0,3,3,1.0,2,2,1.0
899003,val,a44_45,3.5453756,3.4738846,1.0,3,3,1.0,2,2,1.0
916032,val,a44_45,2.4333975,3.7278583,1.0,3,3,1.0,6,2,1.0
922005,val,a44_45,3.644588,2.9191911,1.0,3,3,1.0,2,2,1.0
931172,val,a44_45,3.3176045,3.1937861,1.0,3,3,1.0,2,2,1.0
939032,val,a44_45,4.3155046,4.886779,1.0,3,3,1.0,2,2,1.0
958030,val,a44_45,3.3698277,3.161957,1.0,3,3,1.0,2,2,1.0
958173,val,a44_45,2.79822,3.2852573,1.0,3,3,1.0,2,2,1.0
961005,val,a44_45,3.2026896,3.5486436,1.0,3,3,1.0,2,2,1.0
961030,val,a44_45,3.3059797,3.8178444,1.0,3,3,1.0,6,2,1.0
961175,val,a44_45,3.31608,3.8142254,1.0,3,3,1.0,2,2,1.0
1051183,val,a44_45,3.9178424,3.8177946,1.0,3,3,1.0,2,2,1.0
1084005,val,a44_45,3.1820657,2.9441254,1.0,3,2,1.0,2,2,1.0
1089003,val,a44_45,3.0885363,3.3568435,1.0,3,3,1.0,2,2,1.0
1093003,val,a44_45,2.1706693,0.0,1.0,3,2,1.0,2,2,1.0
1107173,val,a44_45,2.111294,0.0,1.0,3,2,1.0,2,4,1.0
1109174,val,a44_45,2.1705043,2.7272375,1.0,3,3,1.0,2,2,1.0
1121030,val,a44_45,3.522098,3.958687,1.0,3,3,1.0,2,2,1.0
1121175,val,a44_45,2.4318452,0.0,1.0,3,2,1.0,2,2,1.0
1125172,val,a44_45,2.8657854,2.6219666,1.0,3,3,1.0,2,2,1.0
1126030,val,a44_45,3.160162,0.6136192,1.0,3,2,1.0,2,2,1.0
1126176,val,a44_45,2.4517326,0.0,0.0,3,-1,0.0,2,-1,0.0
1152180,val,a44_45,3.3608315,3.4450095,1.0,3,3,1.0,2,2,1.0
1164004,val,a44_45,3.440629,3.8595586,1.0,3,3,1.0,2,2,1.0
1184032,val,a44_45,3.4543972,3.948575,1.0,3,3,1.0,2,2,1.0
1184033,val,a44_45,2.2454283,2.7982898,1.0,3,3,1.0,2,4,1.0
1185003,val,a44_45,3.5978336,0.0,1.0,3,2,1.0,2,2,1.0
1222004,val,a44_45,2.5712228,3.388434,1.0,3,3,1.0,2,2,1.0
1222006,val,a44_45,2.9176664,2.0481088,1.0,3,3,1.0,2,2,1.0
1284170,val,a44_45,3.4262583,0.0,1.0,3,2,1.0,2,2,1.0
1292004,val,a44_45,2.876708,1.4956659,1.0,3,2,1.0,2,4,1.0
1314172,val,a44_45,3.37621,3.7518084,1.0,3,3,1.0,2,2,1.0
1332005,val,a44_45,4.337655,4.2493205,1.0,3,3,1.0,2,3,1.0
1335010,val,a44_45,3.3880816,3.4333792,1.0,3,3,1.0,2,2,1.0
1338003,val,a44_45,3.1033387,3.4137402,1.0,3,3,1.0,2,2,1.0
1345006,val,a44_45,3.122982,2.9125555,1.0,3,3,1.0,2,2,1.0
1345007,val,a44_45,2.9221733,3.8308244,1.0,3,3,1.0,2,2,1.0
1346030,val,a44_45,3.3380115,0.0,0.0,3,-1,0.0,2,-1,0.0
1391033,val,a44_45,3.563422,4.3236156,1.0,3,3,1.0,2,4,1.0
1391175,val,a44_45,1.5456645,3.4613209,1.0,3,3,1.0,2,4,1.0
1394033,val,a44_45,2.4503195,0.0,1.0,3,2,1.0,2,4,1.0
1397005,val,a44_45,3.6109593,4.0859733,1.0,3,3,1.0,2,2,1.0
1397172,val,a44_45,1.9927542,3.100371,1.0,3,3,1.0,2,2,1.0
1426004,val,a44_45,1.9805913,3.223611,1.0,3,3,1.0,6,6,1.0
1434032,val,a44_45,3.045532,2.1239266,1.0,3,3,1.0,2,2,1.0
1434170,val,a44_45,3.3417568,3.4116857,1.0,3,3,1.0,2,2,1.0
1435005,val,a44_45,3.614926,4.3006,1.0,3,3,1.0,2,2,1.0
1485171,val,a44_45,3.682648,3.121372,1.0,3,3,1.0,2,2,1.0
1520031,val,a44_45,3.451092,3.9939451,1.0,3,2,1.0,2,2,1.0
1540005,val,a44_45,4.127348,2.9066825,1.0,3,3,1.0,2,2,1.0
1559003,val,a44_45,3.9805152,4.886779,1.0,3,3,1.0,2,2,1.0
1559170,val,a44_45,3.4348595,2.2020712,1.0,3,3,1.0,2,2,1.0
1565180,val,a44_45,3.0678232,4.1940236,1.0,3,3,1.0,2,2,1.0
1579030,val,a44_45,3.8651836,3.1251361,1.0,3,3,1.0,2,3,1.0
1613007,val,a44_45,2.6623755,2.5992112,1.0,3,3,1.0,2,2,1.0
1621171,val,a44_45,3.677076,4.706708,1.0,3,3,1.0,2,2,1.0
1644004,val,a44_45,3.5574222,3.1415145,1.0,3,3,1.0,2,2,1.0
1652031,val,a44_45,3.1946802,3.4925067,1.0,3,3,1.0,2,2,1.0
1682032,val,a44_45,3.2732356,3.9247546,1.0,3,3,1.0,2,2,1.0
1684173,val,a44_45,3.4971657,3.1698432,1.0,3,3,1.0,2,2,1.0
1687003,val,a44_45,3.5404737,3.295199,1.0,3,3,1.0,2,2,1.0
1690170,val,a44_45,2.4329903,3.8913128,1.0,3,3,1.0,2,2,1.0
1692030,val,a44_45,1.26157,0.0,1.0,2,2,1.0,2,2,1.0
1695034,val,a44_45,3.0331767,3.8376126,1.0,3,3,1.0,2,2,1.0
1701004,val,a44_45,3.0173383,4.343721,1.0,3,3,1.0,2,2,1.0
1721030,val,a44_45,3.3498893,2.8269699,1.0,3,2,1.0,2,2,1.0
1723005,val,a44_45,1.2889137,2.372633,1.0,2,3,1.0,2,2,1.0
1762030,val,a44_45,2.6977358,0.67576194,1.0,3,2,1.0,2,4,1.0
1762031,val,a44_45,3.6838026,3.8211,1.0,3,3,1.0,2,2,1.0
1762032,val,a44_45,2.1859808,2.5097702,1.0,3,3,1.0,2,4,1.0
1774170,val,a44_45,3.26724,0.0,1.0,3,2,1.0,2,2,1.0
1774171,val,a44_45,3.301106,3.608866,1.0,3,3,1.0,2,2,1.0
1784171,val,a44_45,3.6846042,4.0109563,1.0,3,3,1.0,2,2,1.0
1786191,val,a44_45,3.8786058,3.9470103,1.0,3,3,1.0,2,2,1.0
1787005,val,a44_45,3.2685192,3.7915301,1.0,3,3,1.0,2,2,1.0
1787174,val,a44_45,2.8715265,0.0,0.0,3,-1,0.0,2,-1,0.0
1802003,val,a44_45,3.1725214,3.7913468,1.0,3,2,1.0,2,4,1.0
1845170,val,a44_45,3.7501845,3.5111582,1.0,3,3,1.0,2,2,1.0
1862171,val,a44_45,3.427609,3.5587387,1.0,3,3,1.0,2,2,1.0
1898004,val,a44_45,2.94114,4.41717,1.0,3,3,1.0,2,6,1.0
1911030,val,a44_45,2.4903743,0.0,1.0,3,2,1.0,2,2,1.0
1914003,val,a44_45,2.09324,3.0497952,1.0,3,3,1.0,2,2,1.0
1919007,val,a44_45,3.9444964,4.4151845,1.0,3,3,1.0,2,4,1.0
1954003,val,a44_45,3.539201,3.7009902,1.0,3,2,1.0,2,4,1.0
1959005,val,a44_45,3.7039328,4.886779,1.0,3,3,1.0,2,2,1.0
1964031,val,a44_45,2.4681344,0.0,1.0,3,2,1.0,2,4,1.0
1972173,val,a44_45,1.7956157,2.7334437,1.0,3,3,1.0,2,3,1.0
1978030,val,a44_45,3.4181788,3.4785342,1.0,3,3,1.0,2,2,1.0
2005030,val,a44_45,2.853216,3.2576559,1.0,3,3,1.0,2,4,1.0
2011174,val,a44_45,2.8061903,3.363831,1.0,3,3,1.0,2,2,1.0
2023030,val,a44_45,3.4100316,4.886779,1.0,3,3,1.0,2,6,1.0
2028030,val,a44_45,3.3535128,4.886779,1.0,3,3,1.0,2,4,1.0
2055003,val,a44_45,2.972471,3.6527476,1.0,3,3,1.0,2,2,1.0
2067005,val,a44_45,3.5665805,4.55367,1.0,3,3,1.0,2,2,1.0
2080170,val,a44_45,2.2615027,2.564471,1.0,3,3,1.0,2,2,1.0
2106171,val,a44_45,1.4588106,0.0,1.0,3,2,1.0,2,2,1.0
2109002,val,a44_45,3.3269427,4.4351645,1.0,3,3,1.0,2,2,1.0
2129186,val,a44_45,3.1279683,3.486668,1.0,3,3,1.0,2,2,1.0
2181007,val,a44_45,1.3102453,2.0622702,1.0,2,3,1.0,6,6,1.0
2181030,val,a44_45,3.2073133,3.9479043,1.0,3,3,1.0,2,2,1.0
2243174,val,a44_45,3.5407038,3.3215134,1.0,3,3,1.0,2,2,1.0
2260173,val,a44_45,3.1064358,3.094222,1.0,3,2,1.0,2,2,1.0
2261030,val,a44_45,3.2825263,3.2630742,1.0,3,3,1.0,2,2,1.0
2271171,val,a44_45,2.633916,3.6277134,1.0,3,3,1.0,2,2,1.0
2282005,val,a44_45,3.148394,2.2020712,1.0,3,3,1.0,2,6,1.0
2302195,val,a44_45,1.4045651,0.0,1.0,2,2,1.0,2,6,1.0
2334031,val,a44_45,3.427919,4.167855,1.0,3,3,1.0,2,2,1.0
2341172,val,a44_45,3.0835774,3.5905602,1.0,3,3,1.0,2,2,1.0
2354175,val,a44_45,3.475466,3.4766757,1.0,3,3,1.0,2,2,1.0
2355004,val,a44_45,1.9505509,3.8594756,1.0,3,3,1.0,2,2,1.0
2391030,val,a44_45,3.479576,3.7593637,1.0,3,3,1.0,2,2,1.0
2397173,val,a44_45,1.8044627,3.5917382,1.0,3,3,1.0,2,3,1.0
2408170,val,a44_45,2.6682982,2.8284745,1.0,3,3,1.0,2,4,1.0
2425003,val,a44_45,2.9526916,0.0,1.0,3,2,1.0,2,2,1.0
2432030,val,a44_45,1.8406997,2.2314599,1.0,3,3,1.0,2,4,1.0
2435172,val,a44_45,2.0529423,0.0,1.0,3,2,1.0,2,2,1.0
2436174,val,a44_45,1.3297331,0.0,1.0,2,2,1.0,2,4,1.0
2436176,val,a44_45,2.0437822,3.174653,1.0,3,3,1.0,2,2,1.0
2441003,val,a44_45,2.1975145,3.9449332,1.0,3,3,1.0,2,2,1.0
2441173,val,a44_45,3.6657748,4.1105485,1.0,3,3,1.0,2,2,1.0
2458031,val,a44_45,4.21331,4.886779,1.0,3,3,1.0,2,6,1.0
2461004,val,a44_45,1.8397528,0.0,1.0,3,2,1.0,2,2,1.0
2461030,val,a44_45,3.5008602,4.886779,1.0,3,3,1.0,2,2,1.0
2473004,val,a44_45,3.743749,4.1026144,1.0,3,3,1.0,2,2,1.0
2483030,val,a44_45,2.9010959,0.0,1.0,3,3,1.0,2,4,1.0
2503030,val,a44_45,3.5603528,3.3104484,1.0,3,3,1.0,2,2,1.0
2510005,val,a44_45,3.6145678,3.3073823,1.0,3,3,1.0,2,2,1.0
2525003,val,a44_45,3.7691665,4.886779,1.0,3,3,1.0,2,2,1.0
2529030,val,a44_45,3.278878,0.0,1.0,3,2,1.0,2,4,1.0
2529174,val,a44_45,2.8918355,4.0926714,1.0,3,3,1.0,2,2,1.0
2530003,val,a44_45,2.1901402,0.0,1.0,3,2,1.0,2,2,1.0
2530004,val,a44_45,2.9724188,3.6657484,1.0,3,3,1.0,2,2,1.0
2569033,val,a44_45,2.8624709,3.3814466,1.0,3,3,1.0,6,2,1.0
2601006,val,a44_45,3.3362877,0.0,1.0,3,2,1.0,2,2,1.0
2608006,val,a44_45,2.8883615,2.8357437,1.0,3,3,1.0,2,2,1.0
2615034,val,a44_45,3.204156,3.5372634,1.0,3,3,1.0,2,2,1.0
2639004,val,a44_45,2.4937336,0.0,0.0,3,-1,0.0,2,-1,0.0
2665177,val,a44_45,1.7636594,0.0,1.0,2,2,1.0,2,2,1.0
2672006,val,a44_45,3.3801737,4.573825,1.0,3,3,1.0,2,5,1.0
2672171,val,a44_45,2.6644824,3.6641996,1.0,3,3,1.0,2,4,1.0
2697003,val,a44_45,4.022703,3.3045707,1.0,3,3,1.0,2,2,1.0
2704031,val,a44_45,3.1753159,3.7778184,1.0,3,3,1.0,2,4,1.0
2705030,val,a44_45,3.5272784,4.633699,1.0,3,3,1.0,2,4,1.0
2707007,val,a44_45,2.8036191,2.4932044,1.0,3,3,1.0,2,2,1.0
2712172,val,a44_45,2.7741714,3.188211,1.0,3,3,1.0,2,2,1.0
2731003,val,a44_45,3.0486908,3.858834,1.0,3,3,1.0,6,6,1.0
2731005,val,a44_45,3.3431609,4.6893663,1.0,3,3,1.0,2,6,1.0
2770031,val,a44_45,3.5074573,2.47013,1.0,3,3,1.0,2,2,1.0
2816004,val,a44_45,1.8628049,3.3207881,1.0,3,3,1.0,2,2,1.0
2910002,val,a44_45,2.5790355,3.7874484,1.0,3,3,1.0,2,2,1.0
3062001,val,a44_45,3.5391655,2.2482457,1.0,3,3,1.0,2,3,1.0
3235002,val,a44_45,2.740613,3.4900744,1.0,3,3,1.0,2,4,1.0
3306001,val,a44_45,3.7331762,4.886779,1.0,3,3,1.0,2,4,1.0
5015030,val,a44_45,2.337565,0.0,1.0,3,2,1.0,2,2,1.0
5048030,val,a44_45,2.7872677,3.156508,1.0,3,3,1.0,6,6,1.0
5052033,val,a44_45,2.3445072,2.6440241,1.0,3,3,1.0,6,6,1.0
5057008,val,a44_45,1.0368488,3.627258,1.0,2,3,1.0,6,6,1.0
5170009,val,a44_45,3.3449383,4.047763,1.0,3,3,1.0,2,2,1.0
5230008,val,a44_45,2.989577,4.175959,1.0,3,3,1.0,2,3,1.0
5299010,val,a44_45,2.1961687,0.0,1.0,3,2,1.0,6,6,1.0
5336179,val,a44_45,2.9871328,3.3914385,1.0,3,3,1.0,2,2,1.0
5364005,val,a44_45,3.1432045,3.7940028,1.0,3,3,1.0,2,2,1.0
5379004,val,a44_45,3.555804,4.5817747,1.0,3,3,1.0,2,4,1.0
5430173,val,a44_45,2.823365,1.9704351,1.0,3,3,1.0,4,6,1.0
5488006,val,a44_45,3.0164015,3.982054,1.0,3,3,1.0,6,6,1.0
5493007,val,a44_45,1.3623703,0.0,1.0,3,2,1.0,6,5,1.0
5537009,val,a44_45,2.2684643,2.8186514,1.0,3,3,1.0,2,2,1.0
5537177,val,a44_45,2.295361,1.8782891,1.0,3,2,1.0,2,2,1.0
5537183,val,a44_45,3.6412592,4.192416,1.0,3,3,1.0,2,2,1.0
5569010,val,a44_45,2.6206837,1.5302846,1.0,3,3,1.0,2,2,1.0
5600005,val,a44_45,1.598965,0.0,1.0,2,2,1.0,6,2,1.0
5615183,val,a44_45,3.0038047,3.0865474,1.0,3,3,1.0,2,2,1.0
5749006,val,a44_45,1.9387547,1.0628753,1.0,3,3,1.0,2,2,1.0
5822175,val,a44_45,3.1571112,3.553619,1.0,3,3,1.0,2,2,1.0
5832003,val,a44_45,2.7132008,3.2903967,1.0,3,2,1.0,2,6,1.0
5872005,val,a44_45,1.2201955,0.0,1.0,2,2,1.0,6,6,1.0
5898005,val,a44_45,2.2080355,3.433667,1.0,3,3,1.0,6,2,1.0
5904033,val,a44_45,2.7038987,3.4421458,1.0,3,3,1.0,2,4,1.0
5987188,val,a44_45,2.766826,3.0497952,1.0,3,3,1.0,2,2,1.0
6026005,val,a44_45,3.4880016,3.9234436,1.0,3,2,1.0,2,2,1.0
6026172,val,a44_45,3.104697,4.6887918,1.0,3,3,1.0,2,4,1.0
6054031,val,a44_45,3.5490441,0.0,1.0,3,2,1.0,2,6,1.0
6121033,val,a44_45,2.620227,0.0,1.0,3,2,1.0,6,6,1.0
6156008,val,a44_45,3.5341995,3.9220536,1.0,3,3,1.0,6,6,1.0
6157003,val,a44_45,2.8848143,3.3523545,1.0,3,3,1.0,2,4,1.0
6210183,val,a44_45,2.5444217,3.3465555,1.0,3,3,1.0,2,2,1.0
6262030,val,a44_45,3.4387658,4.0141034,1.0,3,3,1.0,2,2,1.0
6368007,val,a44_45,2.4939098,0.0,1.0,3,2,1.0,6,6,1.0
6381181,val,a44_45,3.1424563,4.2348075,1.0,3,3,1.0,2,2,1.0
6396003,val,a44_45,1.8891112,0.0,1.0,3,2,1.0,2,4,1.0
6431008,val,a44_45,2.7955284,4.2303786,1.0,3,3,1.0,2,2,1.0
6475170,val,a44_45,2.3542433,3.4794178,1.0,3,3,1.0,6,6,1.0
6522004,val,a44_45,1.8781403,1.8124303,1.0,3,3,1.0,6,4,1.0
6537032,val,a44_45,2.4410653,3.8368883,1.0,3,3,1.0,2,2,1.0
6541178,val,a44_45,3.3751316,4.2320933,1.0,3,3,1.0,2,3,1.0
6545006,val,a44_45,2.0053582,3.1106615,1.0,3,3,1.0,4,4,1.0
6547171,val,a44_45,2.938693,1.8387105,1.0,3,3,1.0,2,2,1.0
6571031,val,a44_45,3.0154274,0.0,1.0,3,2,1.0,2,2,1.0
6590008,val,a44_45,3.1824534,3.5488956,1.0,3,3,1.0,2,2,1.0
6616007,val,a44_45,2.4246247,3.2707531,1.0,3,3,1.0,2,4,1.0
6649003,val,a44_45,2.1269498,3.4194636,1.0,3,3,1.0,6,2,1.0
6710030,val,a44_45,1.4095484,3.5064607,1.0,2,3,1.0,6,6,1.0
6745007,val,a44_45,2.9646912,2.6745934,1.0,3,3,1.0,4,6,1.0
6750005,val,a44_45,2.7886043,3.3510303,1.0,3,3,1.0,2,4,1.0
6765006,val,a44_45,2.206849,3.0664406,1.0,3,3,1.0,2,2,1.0
6822176,val,a44_45,3.076754,3.3265107,1.0,3,3,1.0,2,4,1.0
6828003,val,a44_45,1.7164483,0.0,1.0,3,2,1.0,2,2,1.0
6872003,val,a44_45,3.0043359,3.4513288,1.0,3,3,1.0,6,2,1.0
6030,test,a30_31,3.5626214,4.0443435,1.0,3,3,1.0,2,2,1.0
10030,test,a30_31,3.9591746,4.8131404,1.0,3,3,1.0,6,6,1.0
41008,test,a30_31,2.5497558,0.0,1.0,3,2,1.0,6,2,1.0
68003,test,a30_31,3.4623737,3.6228404,1.0,3,3,1.0,2,2,1.0
127030,test,a30_31,3.5725284,3.8933127,1.0,3,3,1.0,6,6,1.0
127031,test,a30_31,3.6955867,4.455336,1.0,3,3,1.0,6,6,1.0
129031,test,a30_31,1.184477,1.159328,1.0,2,3,1.0,6,4,1.0
129196,test,a30_31,2.5408986,2.0602975,1.0,3,2,1.0,2,2,1.0
165030,test,a30_31,3.5999632,3.431768,1.0,3,3,1.0,6,2,1.0
284004,test,a30_31,4.0592985,4.6835566,1.0,3,3,1.0,2,2,1.0
301032,test,a30_31,4.18402,3.5725698,1.0,3,3,1.0,6,6,1.0
327003,test,a30_31,3.3492813,3.4121542,1.0,3,3,1.0,2,2,1.0
327171,test,a30_31,3.4651012,3.8332024,1.0,3,2,1.0,2,2,1.0
327172,test,a30_31,2.8095973,3.2615511,1.0,3,3,1.0,2,2,1.0
331005,test,a30_31,4.0494003,4.5540724,1.0,3,3,1.0,6,6,1.0
344178,test,a30_31,2.9785423,3.154086,1.0,3,3,1.0,2,2,1.0
461030,test,a30_31,3.5195246,3.7856972,1.0,3,3,1.0,2,2,1.0
486004,test,a30_31,3.4607792,3.5620697,1.0,3,3,1.0,2,2,1.0
563183,test,a30_31,0.54167914,2.9157038,1.0,2,3,1.0,2,2,1.0
577004,test,a30_31,2.3627598,2.3891363,1.0,3,3,1.0,2,2,1.0
607030,test,a30_31,3.7186205,3.7182508,1.0,3,3,1.0,2,2,1.0
613173,test,a30_31,3.1789598,4.11935,1.0,3,3,1.0,2,2,1.0
634008,test,a30_31,3.455802,3.9311678,1.0,3,3,1.0,2,4,1.0
652005,test,a30_31,3.1797533,3.0010586,1.0,3,3,1.0,2,2,1.0
672003,test,a30_31,0.76471245,0.0,1.0,2,2,1.0,2,2,1.0
691175,test,a30_31,3.6590638,3.7946298,1.0,3,3,1.0,2,2,1.0
699031,test,a30_31,1.5888367,3.1676114,1.0,2,3,1.0,6,6,1.0
722178,test,a30_31,0.3301084,0.0,1.0,2,2,1.0,2,2,1.0
771003,test,a30_31,2.9604852,3.0751624,1.0,3,3,1.0,2,4,1.0
775005,test,a30_31,3.6068363,0.0,0.0,3,-1,0.0,6,-1,0.0
796006,test,a30_31,3.5198197,3.7020767,1.0,3,3,1.0,6,6,1.0
844003,test,a30_31,2.2055016,3.4397702,1.0,3,3,1.0,2,2,1.0
863006,test,a30_31,3.517692,3.8158545,1.0,3,3,1.0,2,2,1.0
863173,test,a30_31,3.3182392,2.555125,1.0,3,3,1.0,2,2,1.0
866172,test,a30_31,3.207076,3.027694,1.0,3,3,1.0,6,6,1.0
868005,test,a30_31,3.4788284,3.5248713,1.0,3,3,1.0,2,2,1.0
875030,test,a30_31,0.8308202,0.0,1.0,2,2,1.0,2,2,1.0
897006,test,a30_31,2.7352817,2.2707846,1.0,3,2,1.0,2,2,1.0
922171,test,a30_31,3.2783675,3.9658422,1.0,3,3,1.0,2,2,1.0
934030,test,a30_31,3.6176372,4.0753117,1.0,3,3,1.0,2,2,1.0
935005,test,a30_31,1.686365,2.53768,1.0,2,2,1.0,2,2,1.0
935176,test,a30_31,3.5189652,3.4484873,1.0,3,3,1.0,2,2,1.0
939030,test,a30_31,3.9160147,4.0583153,1.0,3,3,1.0,6,6,1.0
964003,test,a30_31,0.5782528,0.0,1.0,2,2,1.0,6,6,1.0
970004,test,a30_31,3.407843,3.7108538,1.0,3,3,1.0,2,2,1.0
982004,test,a30_31,3.0477428,3.2337272,1.0,3,3,1.0,2,4,1.0
1033030,test,a30_31,3.5942237,3.9603353,1.0,3,3,1.0,2,3,1.0
1036003,test,a30_31,3.8707557,3.820191,1.0,3,3,1.0,2,4,1.0
1048006,test,a30_31,2.453032,2.5494602,1.0,3,2,1.0,2,3,1.0
1055172,test,a30_31,1.3540384,1.5379702,1.0,3,2,1.0,2,2,1.0
1060175,test,a30_31,3.1965733,3.8012211,1.0,3,3,1.0,2,2,1.0
1064171,test,a30_31,3.646747,4.467433,1.0,3,3,1.0,2,2,1.0
1072171,test,a30_31,3.425667,3.5926886,1.0,3,3,1.0,2,2,1.0
1084175,test,a30_31,2.25939,0.0,1.0,3,2,1.0,2,2,1.0
1100172,test,a30_31,3.0130723,3.2967014,1.0,3,3,1.0,2,2,1.0
1141171,test,a30_31,2.4731145,0.0,0.0,3,-1,0.0,2,-1,0.0
1142030,test,a30_31,3.6253214,3.07714,1.0,3,3,1.0,2,4,1.0
1144032,test,a30_31,3.5770512,3.5717494,1.0,3,3,1.0,2,2,1.0
1149171,test,a30_31,3.0956252,3.076803,1.0,3,3,1.0,6,2,1.0
1162030,test,a30_31,3.147004,3.1995935,1.0,3,3,1.0,2,2,1.0
1167030,test,a30_31,0.41640735,0.42005378,1.0,2,2,1.0,6,6,1.0
1168008,test,a30_31,0.8393254,3.0341482,1.0,2,3,1.0,2,3,1.0
1222179,test,a30_31,2.6230948,1.9917881,1.0,3,3,1.0,2,2,1.0
1260008,test,a30_31,3.1094263,2.880258,1.0,3,3,1.0,2,2,1.0
1269030,test,a30_31,3.3508964,3.6963296,1.0,3,3,1.0,2,2,1.0
1292030,test,a30_31,3.4872723,3.4003475,1.0,3,3,1.0,4,2,1.0
1298005,test,a30_31,2.5996716,3.193401,1.0,3,3,1.0,2,2,1.0
1306030,test,a30_31,4.3875923,4.886779,1.0,3,3,1.0,2,2,1.0
1335179,test,a30_31,2.8524082,3.4640977,1.0,3,3,1.0,2,2,1.0
1353030,test,a30_31,0.79785085,0.0,1.0,2,2,1.0,2,2,1.0
1384030,test,a30_31,3.3928876,3.5397089,1.0,3,3,1.0,2,2,1.0
1399008,test,a30_31,2.097487,2.1851575,1.0,3,2,1.0,2,2,1.0
1415004,test,a30_31,2.2031302,2.707386,1.0,3,3,1.0,2,2,1.0
1430005,test,a30_31,2.0121312,1.2974701,1.0,3,3,1.0,6,6,1.0
1431003,test,a30_31,3.6613352,3.7720938,1.0,3,3,1.0,2,2,1.0
1431004,test,a30_31,2.4070857,0.0,1.0,3,2,1.0,2,2,1.0
1431172,test,a30_31,3.8320851,0.0,0.0,3,-1,0.0,2,-1,0.0
1462004,test,a30_31,2.3238015,3.4702528,1.0,3,3,1.0,2,2,1.0
1520173,test,a30_31,3.5781062,3.549721,1.0,3,3,1.0,2,2,1.0
1522175,test,a30_31,3.3544936,3.9098516,1.0,3,3,1.0,2,2,1.0
1542006,test,a30_31,3.1611173,3.2926252,1.0,3,3,1.0,2,4,1.0
1542177,test,a30_31,3.4473734,3.6178148,1.0,3,2,1.0,2,2,1.0
1567031,test,a30_31,3.710833,3.6645775,1.0,3,3,1.0,6,6,1.0
1608031,test,a30_31,2.769638,3.3391688,1.0,3,2,1.0,2,2,1.0
1612003,test,a30_31,3.7022772,4.0829945,1.0,3,2,1.0,2,2,1.0
1621003,test,a30_31,1.4615197,2.1435423,1.0,2,3,1.0,2,2,1.0
1648003,test,a30_31,3.2337017,3.0544064,1.0,3,3,1.0,2,2,1.0
1648030,test,a30_31,3.2822657,3.8708656,1.0,3,3,1.0,6,6,1.0
1670172,test,a30_31,2.8808913,2.5325868,1.0,3,3,1.0,2,2,1.0
1684170,test,a30_31,0.15460014,0.0,1.0,2,3,1.0,2,2,1.0
1690030,test,a30_31,3.6342816,3.814594,1.0,3,3,1.0,2,2,1.0
1692176,test,a30_31,3.462624,3.7050061,1.0,3,3,1.0,2,2,1.0
1695030,test,a30_31,3.274345,3.3822985,1.0,3,3,1.0,6,6,1.0
1697036,test,a30_31,3.38131,3.1997752,1.0,3,3,1.0,6,2,1.0
1698170,test,a30_31,2.7375252,1.3173809,1.0,3,2,1.0,2,2,1.0
1700031,test,a30_31,3.1656983,3.2681394,1.0,3,3,1.0,2,4,1.0
1701003,test,a30_31,3.5413327,3.1641855,1.0,3,3,1.0,6,6,1.0
1711003,test,a30_31,1.8654499,3.0908527,1.0,3,3,1.0,2,2,1.0
1711171,test,a30_31,3.2348163,3.6934254,1.0,3,2,1.0,2,2,1.0
1732005,test,a30_31,2.7033362,0.0,0.0,3,-1,0.0,6,-1,0.0
1762187,test,a30_31,1.8412778,1.8384329,1.0,3,3,1.0,2,2,1.0
1786187,test,a30_31,3.131948,3.2494287,1.0,3,3,1.0,2,2,1.0
1837006,test,a30_31,3.5821228,3.500706,1.0,3,3,1.0,2,2,1.0
1850172,test,a30_31,1.5857089,2.0709207,1.0,3,3,1.0,2,2,1.0
1878030,test,a30_31,3.545371,3.2616544,1.0,3,3,1.0,2,2,1.0
1879030,test,a30_31,3.3313892,4.1256022,1.0,3,3,1.0,2,3,1.0
1905004,test,a30_31,3.788395,3.9012198,1.0,3,3,1.0,2,2,1.0
1919009,test,a30_31,3.475867,3.3816369,1.0,3,3,1.0,2,2,1.0
1935004,test,a30_31,2.6401296,0.0,1.0,3,2,1.0,2,2,1.0
1936030,test,a30_31,2.2443817,0.0,1.0,3,2,1.0,2,2,1.0
1978171,test,a30_31,2.8267605,2.4012594,1.0,3,3,1.0,2,2,1.0
2030031,test,a30_31,3.0155318,0.0,1.0,3,3,1.0,6,2,1.0
2117003,test,a30_31,3.0022166,2.8032591,1.0,3,3,1.0,2,2,1.0
2150172,test,a30_31,1.4447272,1.6647161,1.0,3,2,1.0,2,2,1.0
2199182,test,a30_31,2.4069567,3.7839584,1.0,3,3,1.0,2,2,1.0
2206030,test,a30_31,3.6932344,3.820771,1.0,3,3,1.0,2,2,1.0
2212031,test,a30_31,4.171447,4.352703,1.0,3,3,1.0,6,6,1.0
2238004,test,a30_31,3.310519,3.473372,1.0,3,3,1.0,2,2,1.0
2238172,test,a30_31,3.215739,3.6698914,1.0,3,3,1.0,2,2,1.0
2252172,test,a30_31,2.8913133,2.392142,1.0,3,3,1.0,2,2,1.0
2255030,test,a30_31,4.4508343,4.8865457,1.0,3,3,1.0,2,2,1.0
2277008,test,a30_31,2.7155707,2.4704232,1.0,3,3,1.0,2,2,1.0
2311172,test,a30_31,1.7069725,1.7819266,1.0,3,3,1.0,2,3,1.0
2330003,test,a30_31,3.7324896,4.546308,1.0,3,3,1.0,6,6,1.0
2338003,test,a30_31,3.672134,3.5962741,1.0,3,3,1.0,6,6,1.0
2341004,test,a30_31,2.6306093,3.6550374,1.0,3,3,1.0,2,2,1.0
2341005,test,a30_31,2.5169067,2.985549,1.0,3,3,1.0,2,2,1.0
2354004,test,a30_31,1.442722,2.6002262,1.0,3,3,1.0,2,3,1.0
2392004,test,a30_31,1.9529763,2.486088,1.0,3,3,1.0,2,2,1.0
2393005,test,a30_31,4.0769033,3.8599086,1.0,3,3,1.0,2,3,1.0
2393171,test,a30_31,2.4452,3.2835505,1.0,3,3,1.0,2,2,1.0
2409006,test,a30_31,2.313144,0.0,0.0,3,-1,0.0,2,-1,0.0
2409171,test,a30_31,3.0727587,0.0,0.0,3,-1,0.0,2,-1,0.0
2422178,test,a30_31,3.5261724,3.3685656,1.0,3,3,1.0,2,2,1.0
2459030,test,a30_31,3.2381747,3.289887,1.0,3,3,1.0,3,2,1.0
2474030,test,a30_31,3.399063,3.5847976,1.0,3,3,1.0,2,2,1.0
2474171,test,a30_31,2.0242224,1.9812955,1.0,3,3,1.0,2,2,1.0
2485173,test,a30_31,2.9459004,1.3737665,1.0,3,2,1.0,2,4,1.0
2496172,test,a30_31,2.080062,2.6033032,1.0,3,3,1.0,2,4,1.0
2502005,test,a30_31,2.8653653,3.0639424,1.0,3,3,1.0,2,2,1.0
2510171,test,a30_31,3.1284118,3.45875,1.0,3,3,1.0,2,2,1.0
2525174,test,a30_31,3.065577,3.576559,1.0,3,3,1.0,2,2,1.0
2530184,test,a30_31,2.945715,2.8265765,1.0,3,3,1.0,2,2,1.0
2547171,test,a30_31,3.6718493,3.964761,1.0,3,3,1.0,2,2,1.0
2580030,test,a30_31,4.2484627,4.73331,1.0,3,3,1.0,2,2,1.0
2593171,test,a30_31,3.4649057,4.1230373,1.0,3,3,1.0,2,2,1.0
2615031,test,a30_31,3.453316,3.6966453,1.0,3,3,1.0,2,2,1.0
2642030,test,a30_31,2.593529,2.6918542,1.0,3,3,1.0,2,2,1.0
2655002,test,a30_31,0.48434496,0.0,1.0,2,2,1.0,2,2,1.0
2705031,test,a30_31,3.8252916,3.0183833,1.0,3,3,1.0,2,2,1.0
2707179,test,a30_31,3.0056043,2.888504,1.0,3,3,1.0,2,2,1.0
2714031,test,a30_31,3.5227778,3.2921891,1.0,3,3,1.0,2,2,1.0
2717004,test,a30_31,3.472929,4.0724216,1.0,3,3,1.0,2,2,1.0
2738171,test,a30_31,3.572406,4.41911,1.0,3,3,1.0,2,2,1.0
2794003,test,a30_31,3.7916512,4.088578,1.0,3,3,1.0,6,6,1.0
2845030,test,a30_31,2.7604263,0.80540437,1.0,3,3,1.0,6,6,1.0
2847030,test,a30_31,2.7483726,3.2781074,1.0,3,3,1.0,6,6,1.0
2848174,test,a30_31,1.438112,0.0,1.0,2,2,1.0,6,6,1.0
2852006,test,a30_31,0.3723936,0.0,1.0,2,2,1.0,2,2,1.0
2852030,test,a30_31,3.378069,3.1400328,1.0,3,3,1.0,2,2,1.0
2869170,test,a30_31,3.2832394,3.318679,1.0,3,3,1.0,2,2,1.0
2897006,test,a30_31,3.1157057,2.5091708,1.0,3,3,1.0,6,6,1.0
2900171,test,a30_31,3.50397,1.9216049,1.0,3,3,1.0,2,2,1.0
2907006,test,a30_31,2.758503,2.6151106,1.0,3,3,1.0,2,2,1.0
2920030,test,a30_31,2.722571,2.973692,1.0,3,3,1.0,6,6,1.0
3107001,test,a30_31,3.3589816,3.501158,1.0,3,3,1.0,2,2,1.0
3137007,test,a30_31,2.3628027,2.5756848,1.0,3,3,1.0,6,6,1.0
3283002,test,a30_31,3.706706,4.300126,1.0,3,3,1.0,2,4,1.0
3492001,test,a30_31,3.4750159,4.1655335,1.0,3,3,1.0,6,6,1.0
5016170,test,a30_31,2.753367,2.9827757,1.0,3,3,1.0,2,4,1.0
5082003,test,a30_31,3.3725371,3.590824,1.0,3,3,1.0,6,2,1.0
5145032,test,a30_31,3.3901432,3.6708767,1.0,3,3,1.0,6,6,1.0
5163030,test,a30_31,3.2804255,3.7953534,1.0,3,3,1.0,2,3,1.0
5177171,test,a30_31,1.6592805,0.0,1.0,3,2,1.0,6,6,1.0
5199178,test,a30_31,2.8965752,3.0284073,1.0,3,3,1.0,2,2,1.0
5241030,test,a30_31,2.3402996,3.463671,1.0,3,3,1.0,6,6,1.0
5264004,test,a30_31,3.1858196,3.254645,1.0,3,3,1.0,2,2,1.0
5294003,test,a30_31,3.4693074,3.6888347,1.0,3,3,1.0,2,2,1.0
5299172,test,a30_31,2.925676,0.0,0.0,3,-1,0.0,2,-1,0.0
5306002,test,a30_31,2.578251,1.5553043,1.0,3,2,1.0,6,6,1.0
5350030,test,a30_31,2.4511855,1.5019395,1.0,3,3,1.0,2,6,1.0
5364006,test,a30_31,3.2294922,4.02594,1.0,3,3,1.0,6,6,1.0
5366033,test,a30_31,3.0757282,3.2203383,1.0,3,2,1.0,6,6,1.0
5406173,test,a30_31,2.8190033,0.0,0.0,3,-1,0.0,2,-1,0.0
5424030,test,a30_31,1.7403826,1.9499075,1.0,2,2,1.0,6,6,1.0
5425003,test,a30_31,1.0757439,0.52543235,1.0,2,3,1.0,2,2,1.0
5430031,test,a30_31,1.5706141,2.1480308,1.0,3,2,1.0,6,6,1.0
5430171,test,a30_31,2.4693756,3.769422,1.0,3,3,1.0,6,6,1.0
5443007,test,a30_31,1.0779147,0.43289578,1.0,3,2,1.0,2,2,1.0
5464032,test,a30_31,2.63717,2.712402,1.0,3,2,1.0,2,2,1.0
5488007,test,a30_31,2.6461809,2.4527671,1.0,3,2,1.0,2,2,1.0
5494005,test,a30_31,2.9424338,2.5930448,1.0,3,3,1.0,6,6,1.0
5513030,test,a30_31,3.2395742,3.6436281,1.0,3,3,1.0,6,6,1.0
5549006,test,a30_31,2.3600185,2.3896143,1.0,3,3,1.0,2,2,1.0
5553173,test,a30_31,3.2019265,3.5880518,1.0,3,3,1.0,2,2,1.0
5560186,test,a30_31,3.369513,3.2274153,1.0,3,3,1.0,2,2,1.0
5569009,test,a30_31,2.831157,1.642214,1.0,3,2,1.0,2,2,1.0
5570010,test,a30_31,3.2499604,3.5521383,1.0,3,3,1.0,2,4,1.0
5570012,test,a30_31,2.914039,2.5876174,1.0,3,3,1.0,2,6,1.0
5570033,test,a30_31,3.3715484,2.8641582,1.0,3,3,1.0,2,2,1.0
5576031,test,a30_31,2.7438626,3.016735,1.0,3,3,1.0,2,2,1.0
5614005,test,a30_31,2.6800838,2.6726115,1.0,3,3,1.0,3,3,1.0
5615010,test,a30_31,3.0966454,3.1390646,1.0,3,3,1.0,6,2,1.0
5615181,test,a30_31,3.3071923,3.3987124,1.0,3,3,1.0,2,2,1.0
5621170,test,a30_31,3.0435665,3.0994895,1.0,3,3,1.0,2,2,1.0
5626010,test,a30_31,3.0000153,2.9399865,1.0,3,3,1.0,2,2,1.0
5634188,test,a30_31,3.33805,0.0,0.0,3,-1,0.0,2,-1,0.0
5635031,test,a30_31,3.5130513,2.960809,1.0,3,3,1.0,2,2,1.0
5646006,test,a30_31,0.75646925,0.5639118,1.0,2,3,1.0,6,6,1.0
5660005,test,a30_31,3.0013063,3.541386,1.0,3,3,1.0,2,3,1.0
5664003,test,a30_31,0.7682297,0.10998343,1.0,2,2,1.0,6,6,1.0
5676007,test,a30_31,3.096788,0.0,0.0,3,-1,0.0,2,-1,0.0
5678030,test,a30_31,1.8952792,2.8913167,1.0,3,2,1.0,6,6,1.0
5684034,test,a30_31,3.47132,4.3079896,1.0,3,3,1.0,2,4,1.0
5784005,test,a30_31,0.4702978,0.0,1.0,2,2,1.0,6,6,1.0
5819005,test,a30_31,0.72598875,1.0981487,1.0,2,3,1.0,6,6,1.0
5821008,test,a30_31,2.7229235,3.01234,1.0,3,3,1.0,2,2,1.0
5863033,test,a30_31,0.764797,1.3019751,1.0,2,3,1.0,6,6,1.0
5921003,test,a30_31,2.6304493,0.0,0.0,3,-1,0.0,6,-1,0.0
5922010,test,a30_31,3.245482,2.721544,1.0,3,3,1.0,6,6,1.0
5938031,test,a30_31,2.0543633,0.0,1.0,3,2,1.0,6,6,1.0
5960033,test,a30_31,2.6547098,2.5757463,1.0,3,3,1.0,6,6,1.0
5995005,test,a30_31,1.0849036,0.31933862,1.0,2,2,1.0,6,6,1.0
6028032,test,a30_31,2.5148797,2.8981428,1.0,3,3,1.0,6,6,1.0
6030005,test,a30_31,3.4898987,3.7041867,1.0,3,3,1.0,6,6,1.0
6030008,test,a30_31,3.436411,3.6057901,1.0,3,3,1.0,6,6,1.0
6093006,test,a30_31,0.49783635,2.0916247,1.0,2,3,1.0,6,6,1.0
6093011,test,a30_31,2.4619422,1.3332126,1.0,3,3,1.0,6,6,1.0
6114182,test,a30_31,2.488255,2.5692537,1.0,3,3,1.0,2,3,1.0
6120195,test,a30_31,1.4048526,0.0,1.0,3,2,1.0,2,2,1.0
6121030,test,a30_31,2.833492,3.769311,1.0,3,3,1.0,6,6,1.0
6179003,test,a30_31,3.4297283,3.361893,1.0,3,3,1.0,2,2,1.0
6179170,test,a30_31,0.2715552,0.0,1.0,2,2,1.0,2,2,1.0
6191006,test,a30_31,2.9099782,3.2669687,1.0,3,3,1.0,6,4,1.0
6200175,test,a30_31,3.572318,3.180232,1.0,3,3,1.0,2,2,1.0
6210007,test,a30_31,2.9400918,0.0,0.0,3,-1,0.0,6,-1,0.0
6210008,test,a30_31,2.248251,1.7660555,1.0,3,3,1.0,6,6,1.0
6350007,test,a30_31,2.7429967,2.5048919,1.0,3,3,1.0,6,6,1.0
6365010,test,a30_31,0.3931496,0.47892067,1.0,2,3,1.0,6,6,1.0
6365011,test,a30_31,1.6091536,0.1931983,1.0,3,2,1.0,2,2,1.0
6365177,test,a30_31,2.4592087,3.0710416,1.0,3,3,1.0,2,2,1.0
6381008,test,a30_31,2.1645498,0.0,0.0,3,-1,0.0,2,-1,0.0
6444003,test,a30_31,2.2297041,2.0211048,1.0,3,3,1.0,2,2,1.0
6475006,test,a30_31,0.29285598,0.67106354,1.0,2,3,1.0,6,6,1.0
6475007,test,a30_31,-0.027570724,0.1422398,1.0,2,2,1.0,6,6,1.0
6509004,test,a30_31,2.7628875,3.5568442,1.0,3,3,1.0,6,6,1.0
6545008,test,a30_31,3.5445726,3.18138,1.0,3,3,1.0,6,6,1.0
6571003,test,a30_31,2.7710357,3.4242733,1.0,3,3,1.0,6,6,1.0
6635009,test,a30_31,0.373708,0.0,1.0,2,2,1.0,6,4,1.0
6663030,test,a30_31,3.8207178,3.6323774,1.0,3,2,1.0,6,6,1.0
6674003,test,a30_31,3.0624797,3.3601112,1.0,3,3,1.0,2,2,1.0
6674005,test,a30_31,3.2163577,3.4521801,1.0,3,3,1.0,2,2,1.0
6736181,test,a30_31,2.6523964,1.9612347,1.0,3,2,1.0,2,2,1.0
6740003,test,a30_31,2.2630203,2.7489104,1.0,3,3,1.0,2,2,1.0
6769008,test,a30_31,2.3097441,0.47086632,1.0,3,2,1.0,2,3,1.0
6779033,test,a30_31,1.1603278,1.7719439,1.0,2,3,1.0,6,6,1.0
6820030,test,a30_31,2.8935087,0.0,1.0,3,2,1.0,6,6,1.0
6843006,test,a30_31,0.24141622,0.0,1.0,2,2,1.0,6,2,1.0
6857006,test,a30_31,3.345499,4.886779,1.0,3,3,1.0,2,3,1.0
6030,test,a32_33,3.5666788,3.632802,1.0,3,3,1.0,2,2,1.0
10030,test,a32_33,3.615291,4.5643663,1.0,3,3,1.0,6,2,1.0
41008,test,a32_33,2.4193513,0.0,1.0,3,2,1.0,2,2,1.0
68003,test,a32_33,3.4899266,3.5880518,1.0,3,3,1.0,2,2,1.0
127030,test,a32_33,3.493483,3.6983402,1.0,3,3,1.0,6,2,1.0
127031,test,a32_33,3.4863229,4.2671986,1.0,3,3,1.0,6,6,1.0
129031,test,a32_33,1.4311163,1.5868585,1.0,2,2,1.0,6,4,1.0
129196,test,a32_33,2.5836134,1.7348825,1.0,3,3,1.0,2,2,1.0
165030,test,a32_33,3.5162039,3.6426375,1.0,3,3,1.0,6,2,1.0
284004,test,a32_33,3.8684864,4.498754,1.0,3,3,1.0,2,2,1.0
301032,test,a32_33,4.0207906,3.9674697,1.0,3,3,1.0,6,6,1.0
327003,test,a32_33,3.2564042,3.7635956,1.0,3,3,1.0,2,2,1.0
327171,test,a32_33,3.1830637,0.0,1.0,3,2,1.0,2,2,1.0
327172,test,a32_33,2.5512123,3.306851,1.0,3,3,1.0,2,2,1.0
331005,test,a32_33,3.973102,4.197571,1.0,3,3,1.0,6,2,1.0
344178,test,a32_33,2.8822367,3.281228,1.0,3,3,1.0,2,2,1.0
461030,test,a32_33,3.4633913,3.5299022,1.0,3,3,1.0,2,2,1.0
486004,test,a32_33,3.353854,3.690261,1.0,3,3,1.0,2,2,1.0
563183,test,a32_33,1.12286,0.0008918604,1.0,2,3,1.0,2,2,1.0
577004,test,a32_33,2.504033,2.5712075,1.0,3,3,1.0,2,2,1.0
607030,test,a32_33,3.756917,3.6452837,1.0,3,3,1.0,2,2,1.0
613173,test,a32_33,2.8976092,4.1078057,1.0,3,3,1.0,2,2,1.0
634008,test,a32_33,3.3216753,3.3915641,1.0,3,2,1.0,2,4,1.0
652005,test,a32_33,3.046861,3.5727725,1.0,3,3,1.0,2,2,1.0
672003,test,a32_33,1.221192,3.0547795,1.0,2,3,1.0,2,2,1.0
691175,test,a32_33,3.2930899,0.0,1.0,3,3,1.0,2,2,1.0
699031,test,a32_33,2.0013344,3.1536906,1.0,2,2,1.0,6,6,1.0
722178,test,a32_33,0.89972687,0.5729554,1.0,2,3,1.0,2,2,1.0
771003,test,a32_33,2.8668146,3.360967,1.0,3,3,1.0,2,4,1.0
775005,test,a32_33,3.4319832,3.814005,1.0,3,3,1.0,6,2,1.0
796006,test,a32_33,3.585942,3.19808,1.0,3,3,1.0,6,6,1.0
844003,test,a32_33,2.7833726,3.7556844,1.0,3,3,1.0,2,2,1.0
863006,test,a32_33,3.3712108,3.7389832,1.0,3,3,1.0,2,2,1.0
863173,test,a32_33,3.0873759,2.8179777,1.0,3,3,1.0,2,2,1.0
866172,test,a32_33,3.136408,2.6271625,1.0,3,2,1.0,6,6,1.0
868005,test,a32_33,3.4161358,3.4759133,1.0,3,3,1.0,2,2,1.0
875030,test,a32_33,1.4817162,0.0,1.0,2,2,1.0,2,2,1.0
897006,test,a32_33,2.8576422,0.9259037,1.0,3,2,1.0,2,3,1.0
922171,test,a32_33,3.1832633,3.2271986,1.0,3,3,1.0,2,2,1.0
934030,test,a32_33,3.3712604,4.169727,1.0,3,3,1.0,2,2,1.0
935005,test,a32_33,2.1955566,1.9715426,1.0,3,3,1.0,2,2,1.0
935176,test,a32_33,3.3094106,2.686293,1.0,3,3,1.0,2,2,1.0
939030,test,a32_33,3.943683,4.2601495,1.0,3,3,1.0,6,2,1.0
964003,test,a32_33,1.2124864,0.48986647,1.0,2,2,1.0,6,6,1.0
970004,test,a32_33,3.379558,3.9415355,1.0,3,3,1.0,2,2,1.0
982004,test,a32_33,3.0177908,3.577894,1.0,3,3,1.0,2,4,1.0
1033030,test,a32_33,3.4640598,3.3248508,1.0,3,3,1.0,2,4,1.0
1036003,test,a32_33,3.8391726,3.242958,1.0,3,3,1.0,2,2,1.0
1048006,test,a32_33,2.3143988,2.5528998,1.0,3,3,1.0,2,2,1.0
1055172,test,a32_33,1.3775243,2.4084587,1.0,3,3,1.0,2,2,1.0
1060175,test,a32_33,3.0160036,3.5963154,1.0,3,3,1.0,2,2,1.0
1064171,test,a32_33,3.4449735,4.3601055,1.0,3,3,1.0,2,2,1.0
1072171,test,a32_33,3.2709112,3.6353216,1.0,3,3,1.0,2,2,1.0
1084175,test,a32_33,2.6300676,0.0,1.0,3,2,1.0,2,2,1.0
1100172,test,a32_33,2.844228,3.3882806,1.0,3,3,1.0,2,2,1.0
1141171,test,a32_33,2.2789133,1.0577683,1.0,3,3,1.0,2,4,1.0
1142030,test,a32_33,3.495503,3.4778206,1.0,3,2,1.0,2,2,1.0
1144032,test,a32_33,3.4920902,3.9998453,1.0,3,3,1.0,2,2,1.0
1149171,test,a32_33,3.0110877,3.3627808,1.0,3,3,1.0,6,2,1.0
1162030,test,a32_33,3.0128055,3.2774415,1.0,3,3,1.0,2,2,1.0
1167030,test,a32_33,1.0130064,1.6452125,1.0,2,2,1.0,6,6,1.0
1168008,test,a32_33,1.5959575,3.6681044,1.0,3,3,1.0,2,3,1.0
1222179,test,a32_33,2.59332,2.62906,1.0,3,3,1.0,2,2,1.0
1260008,test,a32_33,3.0136092,3.0003862,1.0,3,3,1.0,2,2,1.0
1269030,test,a32_33,2.78892,3.8594756,1.0,3,3,1.0,2,2,1.0
1292030,test,a32_33,3.2380862,3.3685656,1.0,3,3,1.0,2,2,1.0
1298005,test,a32_33,2.5461783,3.0073462,1.0,3,3,1.0,2,2,1.0
1306030,test,a32_33,4.293209,4.845492,1.0,3,3,1.0,2,2,1.0
1335179,test,a32_33,2.60666,3.2921014,1.0,3,3,1.0,2,2,1.0
1353030,test,a32_33,1.458798,0.0,1.0,2,2,1.0,2,2,1.0
1384030,test,a32_33,3.1201234,3.4832323,1.0,3,3,1.0,2,2,1.0
1399008,test,a32_33,2.4311001,2.609165,1.0,3,2,1.0,2,4,1.0
1415004,test,a32_33,2.0159361,2.7626214,1.0,3,3,1.0,2,2,1.0
1430005,test,a32_33,2.3334985,3.35943,1.0,3,3,1.0,6,6,1.0
1431003,test,a32_33,3.5148642,3.793413,1.0,3,3,1.0,2,2,1.0
1431004,test,a32_33,2.809386,0.0,1.0,3,2,1.0,2,2,1.0
1431172,test,a32_33,3.6341236,4.257112,1.0,3,3,1.0,2,2,1.0
1462004,test,a32_33,2.3196013,4.6827054,1.0,3,3,1.0,2,2,1.0
1520173,test,a32_33,3.2914357,3.8655198,1.0,3,3,1.0,2,2,1.0
1522175,test,a32_33,3.1769195,4.128193,1.0,3,3,1.0,2,2,1.0
1542006,test,a32_33,3.0137458,3.1334329,1.0,3,3,1.0,2,2,1.0
1542177,test,a32_33,3.1807284,3.5846753,1.0,3,3,1.0,2,2,1.0
1567031,test,a32_33,3.6197047,3.6204543,1.0,3,3,1.0,6,6,1.0
1608031,test,a32_33,3.0295424,3.9165187,1.0,3,3,1.0,2,2,1.0
1612003,test,a32_33,3.532613,3.0623057,1.0,3,3,1.0,2,2,1.0
1621003,test,a32_33,2.0979578,2.9558797,1.0,3,3,1.0,2,2,1.0
1648003,test,a32_33,3.2397974,3.4529707,1.0,3,3,1.0,2,2,1.0
1648030,test,a32_33,3.2974508,2.149199,1.0,3,3,1.0,6,6,1.0
1670172,test,a32_33,2.7495975,2.9805765,1.0,3,3,1.0,2,2,1.0
1684170,test,a32_33,0.7917706,1.0173271,1.0,2,2,1.0,2,2,1.0
1690030,test,a32_33,3.4673395,4.7354703,1.0,3,3,1.0,2,3,1.0
1692176,test,a32_33,3.25854,0.0,0.0,3,-1,0.0,2,-1,0.0
1695030,test,a32_33,3.1225326,3.6850972,1.0,3,3,1.0,6,2,1.0
1697036,test,a32_33,2.9222877,1.4949695,1.0,3,3,1.0,6,2,1.0
1698170,test,a32_33,2.472827,1.139272,1.0,3,2,1.0,2,2,1.0
1700031,test,a32_33,3.2546134,4.201887,1.0,3,3,1.0,2,4,1.0
1701003,test,a32_33,3.4018803,3.60501,1.0,3,3,1.0,6,6,1.0
1711003,test,a32_33,2.2008214,2.810277,1.0,3,3,1.0,2,2,1.0
1711171,test,a32_33,3.1657252,3.8577616,1.0,3,3,1.0,2,2,1.0
1732005,test,a32_33,2.6309433,2.342187,1.0,3,3,1.0,6,2,1.0
1762187,test,a32_33,1.6404946,1.8211237,1.0,3,2,1.0,2,2,1.0
1786187,test,a32_33,3.066021,3.1765072,1.0,3,3,1.0,2,2,1.0
1837006,test,a32_33,3.4061303,3.6559155,1.0,3,3,1.0,2,2,1.0
1850172,test,a32_33,1.5775241,2.5812435,1.0,3,3,1.0,2,2,1.0
1878030,test,a32_33,2.8002493,3.4057453,1.0,3,3,1.0,2,4,1.0
1879030,test,a32_33,3.3580012,4.3343844,1.0,3,3,1.0,2,3,1.0
1905004,test,a32_33,3.4998221,3.8433187,1.0,3,3,1.0,2,2,1.0
1919009,test,a32_33,3.2988734,3.1504118,1.0,3,3,1.0,2,2,1.0
1935004,test,a32_33,2.5370655,0.0,1.0,3,2,1.0,2,2,1.0
1936030,test,a32_33,2.4216285,0.0,1.0,3,2,1.0,2,2,1.0
1978171,test,a32_33,2.6268091,1.6958811,1.0,3,3,1.0,2,2,1.0
2030031,test,a32_33,3.3134437,3.6641996,1.0,3,3,1.0,6,2,1.0
2117003,test,a32_33,2.7832556,2.5893922,1.0,3,2,1.0,2,2,1.0
2150172,test,a32_33,1.5688546,1.3598045,1.0,3,3,1.0,2,2,1.0
2199182,test,a32_33,2.8177397,3.9495156,1.0,3,3,1.0,2,2,1.0
2206030,test,a32_33,3.2941935,4.886779,1.0,3,3,1.0,2,2,1.0
2212031,test,a32_33,3.970459,4.483134,1.0,3,3,1.0,6,2,1.0
2238004,test,a32_33,3.145651,3.472241,1.0,3,3,1.0,2,2,1.0
2238172,test,a32_33,3.0016103,3.5254576,1.0,3,3,1.0,2,2,1.0
2252172,test,a32_33,2.8892713,2.3470397,1.0,3,3,1.0,2,2,1.0
2255030,test,a32_33,4.280118,4.876434,1.0,3,3,1.0,2,2,1.0
2277008,test,a32_33,2.628665,2.5990877,1.0,3,3,1.0,2,2,1.0
2311172,test,a32_33,1.8807762,1.0779065,1.0,3,2,1.0,2,2,1.0
2330003,test,a32_33,3.7060962,4.301492,1.0,3,3,1.0,6,6,1.0
2338003,test,a32_33,3.5488842,4.023426,1.0,3,3,1.0,6,6,1.0
2341004,test,a32_33,3.1087098,3.4735646,1.0,3,3,1.0,2,2,1.0
2341005,test,a32_33,2.682705,0.8661617,1.0,3,3,1.0,2,2,1.0
2354004,test,a32_33,1.3750687,2.448841,1.0,3,3,1.0,2,2,1.0
2392004,test,a32_33,1.9173528,2.7262917,1.0,3,3,1.0,2,2,1.0
2393005,test,a32_33,3.9298172,4.0622745,1.0,3,3,1.0,2,3,1.0
2393171,test,a32_33,2.6002378,1.606789,1.0,3,3,1.0,2,2,1.0
2409006,test,a32_33,2.814711,0.0,0.0,3,-1,0.0,2,-1,0.0
2409171,test,a32_33,2.9053962,0.0,0.0,3,-1,0.0,2,-1,0.0
2422178,test,a32_33,3.3372009,3.2781074,1.0,3,3,1.0,2,2,1.0
2459030,test,a32_33,3.020767,3.753117,1.0,3,3,1.0,2,4,1.0
2474030,test,a32_33,3.3142369,4.23237,1.0,3,3,1.0,2,2,1.0
2474171,test,a32_33,1.7368807,1.367364,1.0,3,3,1.0,2,2,1.0
2485173,test,a32_33,2.852727,1.1069015,1.0,3,3,1.0,2,4,1.0
2496172,test,a32_33,2.5946193,3.6005192,1.0,3,3,1.0,2,2,1.0
2502005,test,a32_33,2.9181368,2.9134128,1.0,3,3,1.0,2,2,1.0
2510171,test,a32_33,3.0463119,3.5230017,1.0,3,3,1.0,2,2,1.0
2525174,test,a32_33,2.9146798,3.8745465,1.0,3,3,1.0,2,2,1.0
2530184,test,a32_33,2.645673,2.973692,1.0,3,3,1.0,2,2,1.0
2547171,test,a32_33,3.495473,4.052104,1.0,3,3,1.0,2,2,1.0
2580030,test,a32_33,4.1338224,4.886779,1.0,3,3,1.0,2,2,1.0
2593171,test,a32_33,3.1974998,4.246229,1.0,3,3,1.0,2,2,1.0
2615031,test,a32_33,3.3927305,3.44694,1.0,3,3,1.0,2,2,1.0
2642030,test,a32_33,2.6414487,2.8015413,1.0,3,3,1.0,2,2,1.0
2655002,test,a32_33,1.0924219,0.0,1.0,2,2,1.0,2,2,1.0
2705031,test,a32_33,3.5440211,3.306851,1.0,3,3,1.0,2,4,1.0
2707179,test,a32_33,2.9612522,2.8268414,1.0,3,3,1.0,2,2,1.0
2714031,test,a32_33,3.3666625,0.0,0.0,3,3,1.0,2,2,1.0
2717004,test,a32_33,3.252521,3.742696,1.0,3,3,1.0,2,2,1.0
2738171,test,a32_33,3.2687855,4.886779,1.0,3,3,1.0,2,2,1.0
2794003,test,a32_33,3.5696232,3.8923466,1.0,3,2,1.0,6,2,1.0
2845030,test,a32_33,2.8633091,3.2903967,1.0,3,3,1.0,6,4,1.0
2847030,test,a32_33,2.7584937,3.456708,1.0,3,3,1.0,4,6,1.0
2848174,test,a32_33,2.0578654,1.0409111,1.0,3,2,1.0,6,6,1.0
2852006,test,a32_33,1.0625681,2.1415117,1.0,2,3,1.0,2,2,1.0
2852030,test,a32_33,3.2711234,2.0998244,1.0,3,3,1.0,2,2,1.0
2869170,test,a32_33,3.1355882,3.6555576,1.0,3,3,1.0,2,2,1.0
2897006,test,a32_33,3.1744406,2.8197732,1.0,3,3,1.0,6,6,1.0
2900171,test,a32_33,3.2354116,3.8746612,1.0,3,3,1.0,2,2,1.0
2907006,test,a32_33,2.782352,2.623763,1.0,3,3,1.0,2,2,1.0
2920030,test,a32_33,3.3290327,3.4575856,1.0,3,3,1.0,6,2,1.0
3107001,test,a32_33,3.1511216,3.231012,1.0,3,3,1.0,2,2,1.0
3137007,test,a32_33,2.4998271,2.48373,1.0,3,3,1.0,6,6,1.0
3283002,test,a32_33,3.2981844,4.0583324,1.0,3,3,1.0,2,6,1.0
3492001,test,a32_33,3.2296345,4.1102557,1.0,3,3,1.0,6,6,1.0
5016170,test,a32_33,2.7808363,2.6426997,1.0,3,3,1.0,2,4,1.0
5082003,test,a32_33,3.2735486,3.5662766,1.0,3,3,1.0,6,2,1.0
5145032,test,a32_33,3.2350357,3.616172,1.0,3,3,1.0,6,6,1.0
5163030,test,a32_33,3.1990092,2.769646,1.0,3,3,1.0,2,3,1.0
5177171,test,a32_33,1.9633939,0.41334957,1.0,3,3,1.0,6,6,1.0
5199178,test,a32_33,2.6790059,3.096526,1.0,3,3,1.0,2,2,1.0
5241030,test,a32_33,2.8324504,3.5277414,1.0,3,3,1.0,2,6,1.0
5264004,test,a32_33,3.1192596,3.264431,1.0,3,3,1.0,2,2,1.0
5294003,test,a32_33,3.2794292,3.6584685,1.0,3,3,1.0,2,2,1.0
5299172,test,a32_33,2.908954,2.760259,1.0,3,3,1.0,2,2,1.0
5306002,test,a32_33,2.3522112,0.919919,1.0,3,2,1.0,6,6,1.0
5350030,test,a32_33,2.4819334,2.5756848,1.0,3,3,1.0,2,6,1.0
5364006,test,a32_33,3.1259966,0.0,0.0,3,-1,0.0,6,-1,0.0
5366033,test,a32_33,2.9248443,3.3051815,1.0,3,3,1.0,6,6,1.0
5406173,test,a32_33,2.7693338,3.5137413,1.0,3,3,1.0,2,3,1.0
5424030,test,a32_33,1.5874125,2.0490751,1.0,2,3,1.0,6,6,1.0
5425003,test,a32_33,1.7229545,0.72459835,1.0,3,2,1.0,2,2,1.0
5430031,test,a32_33,1.9469948,0.0,1.0,3,2,1.0,6,6,1.0
5430171,test,a32_33,2.51866,2.512427,1.0,3,3,1.0,6,6,1.0
5443007,test,a32_33,1.5161827,2.1780865,1.0,3,3,1.0,2,2,1.0
5464032,test,a32_33,2.5008957,2.7760577,1.0,3,3,1.0,2,2,1.0
5488007,test,a32_33,2.454315,2.1782289,1.0,3,3,1.0,2,2,1.0
5494005,test,a32_33,2.9046552,0.63777095,1.0,3,3,1.0,6,6,1.0
5513030,test,a32_33,3.0450094,2.4798064,1.0,3,3,1.0,6,6,1.0
5549006,test,a32_33,2.302434,2.637893,1.0,3,3,1.0,2,3,1.0
5553173,test,a32_33,3.1065407,3.935453,1.0,3,3,1.0,2,2,1.0
5560186,test,a32_33,3.2496002,3.2524583,1.0,3,3,1.0,2,2,1.0
5569009,test,a32_33,2.810778,2.2377331,1.0,3,3,1.0,2,2,1.0
5570010,test,a32_33,3.1285048,3.5858245,1.0,3,3,1.0,2,4,1.0
5570012,test,a32_33,2.7921002,2.6474972,1.0,3,3,1.0,2,6,1.0
5570033,test,a32_33,3.381969,3.3018157,1.0,3,3,1.0,2,2,1.0
5576031,test,a32_33,2.589455,2.9333522,1.0,3,3,1.0,2,2,1.0
5614005,test,a32_33,2.075396,2.8111508,1.0,3,3,1.0,4,3,1.0
5615010,test,a32_33,3.049503,3.3717976,1.0,3,3,1.0,6,2,1.0
5615181,test,a32_33,3.1848764,3.4054897,1.0,3,3,1.0,2,2,1.0
5621170,test,a32_33,2.9650586,3.0953097,1.0,3,3,1.0,2,2,1.0
5626010,test,a32_33,2.8358624,3.139954,1.0,3,3,1.0,2,2,1.0
5634188,test,a32_33,3.2450247,3.7881985,1.0,3,3,1.0,2,5,1.0
5635031,test,a32_33,3.2271996,2.7840075,1.0,3,3,1.0,2,2,1.0
5646006,test,a32_33,1.2642474,0.77602905,1.0,2,2,1.0,6,6,1.0
5660005,test,a32_33,2.7899537,3.4027286,1.0,3,3,1.0,2,2,1.0
5664003,test,a32_33,1.6227164,1.7976818,1.0,2,3,1.0,6,6,1.0
5676007,test,a32_33,3.003876,3.7587788,1.0,3,3,1.0,2,4,1.0
5678030,test,a32_33,2.3508704,2.4192536,1.0,3,2,1.0,6,6,1.0
5684034,test,a32_33,3.5109348,1.4764752,1.0,3,3,1.0,2,2,1.0
5784005,test,a32_33,1.1006006,0.0,1.0,2,2,1.0,6,6,1.0
5819005,test,a32_33,1.5470399,1.068429,1.0,2,2,1.0,6,6,1.0
5821008,test,a32_33,2.677406,2.9484503,1.0,3,3,1.0,2,2,1.0
5863033,test,a32_33,1.413228,2.2928271,1.0,2,3,1.0,6,6,1.0
5921003,test,a32_33,2.4617453,3.0847182,1.0,3,3,1.0,6,6,1.0
5922010,test,a32_33,3.2731314,2.9869597,1.0,3,3,1.0,6,6,1.0
5938031,test,a32_33,2.6039307,0.0,1.0,3,2,1.0,6,6,1.0
5960033,test,a32_33,2.682473,2.8474362,1.0,3,3,1.0,6,3,1.0
5995005,test,a32_33,1.8626038,0.21103315,1.0,2,2,1.0,6,6,1.0
6028032,test,a32_33,2.3552086,2.8268414,1.0,3,3,1.0,6,6,1.0
6030005,test,a32_33,3.4659224,3.4111378,1.0,3,3,1.0,6,6,1.0
6030008,test,a32_33,3.3079004,3.602513,1.0,3,3,1.0,6,6,1.0
6093006,test,a32_33,1.0389609,1.3977581,1.0,2,2,1.0,6,6,1.0
6093011,test,a32_33,2.1679304,2.5990877,1.0,3,3,1.0,6,6,1.0
6114182,test,a32_33,2.5335338,2.8005123,1.0,3,3,1.0,2,3,1.0
6120195,test,a32_33,1.6230837,0.0,1.0,2,2,1.0,2,2,1.0
6121030,test,a32_33,2.7967002,3.6708767,1.0,3,3,1.0,6,6,1.0
6179003,test,a32_33,3.335188,3.426249,1.0,3,3,1.0,2,2,1.0
6179170,test,a32_33,0.80228114,0.2411282,1.0,2,2,1.0,2,2,1.0
6191006,test,a32_33,2.8503141,3.4436505,1.0,3,3,1.0,6,2,1.0
6200175,test,a32_33,3.317096,2.5210872,1.0,3,3,1.0,2,2,1.0
6210007,test,a32_33,3.441509,0.0,0.0,3,-1,0.0,6,-1,0.0
6210008,test,a32_33,2.9043343,1.382737,1.0,3,2,1.0,6,6,1.0
6350007,test,a32_33,2.6119301,1.2189263,1.0,3,2,1.0,6,6,1.0
6365010,test,a32_33,0.95983493,2.0176098,1.0,2,3,1.0,6,6,1.0
6365011,test,a32_33,1.5654668,2.6077433,1.0,3,3,1.0,3,2,1.0
6365177,test,a32_33,2.4901206,2.7674904,1.0,3,3,1.0,2,2,1.0
6381008,test,a32_33,2.8358083,0.0,0.0,3,-1,0.0,2,-1,0.0
6444003,test,a32_33,2.2711403,3.1936855,1.0,3,3,1.0,2,2,1.0
6475006,test,a32_33,0.7811909,1.2301495,1.0,2,3,1.0,6,6,1.0
6475007,test,a32_33,0.75044894,1.8487327,1.0,2,2,1.0,6,6,1.0
6509004,test,a32_33,2.7480466,3.8708656,1.0,3,3,1.0,6,6,1.0
6545008,test,a32_33,3.5127485,4.3289056,1.0,3,3,1.0,6,6,1.0
6571003,test,a32_33,2.7998612,3.5926886,1.0,3,3,1.0,6,6,1.0
6635009,test,a32_33,1.1457784,0.0,1.0,2,2,1.0,6,4,1.0
6663030,test,a32_33,3.6355534,3.800088,1.0,3,3,1.0,6,6,1.0
6674003,test,a32_33,3.0826087,3.4202895,1.0,3,3,1.0,2,2,1.0
6674005,test,a32_33,3.1710052,3.4833505,1.0,3,3,1.0,2,2,1.0
6736181,test,a32_33,2.7086942,0.0,0.0,3,-1,0.0,2,-1,0.0
6740003,test,a32_33,2.000587,2.884239,1.0,3,3,1.0,2,2,1.0
6769008,test,a32_33,2.3533757,0.8178876,1.0,3,3,1.0,2,3,1.0
6779033,test,a32_33,1.1228877,1.8801916,1.0,2,2,1.0,6,6,1.0
6820030,test,a32_33,2.8280876,1.6985121,1.0,3,2,1.0,6,6,1.0
6843006,test,a32_33,0.973752,0.0,1.0,2,2,1.0,6,6,1.0
6857006,test,a32_33,3.237214,2.6426997,1.0,3,3,1.0,2,3,1.0
6030,test,a34_35,3.5463648,3.5367897,1.0,3,3,1.0,2,2,1.0
10030,test,a34_35,3.681612,4.673836,1.0,3,3,1.0,6,2,1.0
41008,test,a34_35,2.10786,0.0,1.0,3,2,1.0,6,2,1.0
68003,test,a34_35,3.6576474,3.2616544,1.0,3,3,1.0,2,2,1.0
127030,test,a34_35,3.6624382,3.1696036,1.0,3,3,1.0,6,2,1.0
127031,test,a34_35,3.6984992,4.0902915,1.0,3,3,1.0,6,2,1.0
129031,test,a34_35,1.3328528,1.0162153,1.0,2,3,1.0,6,2,1.0
129196,test,a34_35,2.545695,3.4254856,1.0,3,3,1.0,2,2,1.0
165030,test,a34_35,3.5340552,3.7463372,1.0,3,3,1.0,6,2,1.0
284004,test,a34_35,3.9610028,4.32185,1.0,3,3,1.0,2,2,1.0
301032,test,a34_35,4.076126,3.9348762,1.0,3,3,1.0,2,6,1.0
327003,test,a34_35,2.9368644,3.8840168,1.0,3,3,1.0,2,2,1.0
327171,test,a34_35,3.0540943,0.0,1.0,3,2,1.0,2,2,1.0
327172,test,a34_35,2.4674442,3.5017936,1.0,3,3,1.0,2,2,1.0
331005,test,a34_35,4.055013,4.082121,1.0,3,2,1.0,6,2,1.0
344178,test,a34_35,2.895239,3.2559896,1.0,3,3,1.0,2,2,1.0
461030,test,a34_35,3.4461303,3.3020296,1.0,3,3,1.0,2,2,1.0
486004,test,a34_35,3.3034089,3.745459,1.0,3,3,1.0,2,2,1.0
563183,test,a34_35,0.94596887,3.2996137,1.0,2,3,1.0,2,2,1.0
577004,test,a34_35,2.4887393,2.9370773,1.0,3,3,1.0,2,2,1.0
607030,test,a34_35,3.759342,3.7506254,1.0,3,3,1.0,2,2,1.0
613173,test,a34_35,3.1695821,4.4183064,1.0,3,3,1.0,2,2,1.0
634008,test,a34_35,3.4113622,3.5026178,1.0,3,3,1.0,2,6,1.0
652005,test,a34_35,2.9782891,3.2600136,1.0,3,3,1.0,2,2,1.0
672003,test,a34_35,1.2608154,3.0886452,1.0,2,3,1.0,2,2,1.0
691175,test,a34_35,3.1444569,2.0974402,1.0,3,3,1.0,2,2,1.0
699031,test,a34_35,2.049411,3.2485132,1.0,3,3,1.0,6,6,1.0
722178,test,a34_35,0.91289496,0.90117526,1.0,2,2,1.0,2,2,1.0
771003,test,a34_35,2.7816417,3.0115244,1.0,3,3,1.0,2,2,1.0
775005,test,a34_35,3.5339403,3.5560908,1.0,3,3,1.0,2,2,1.0
796006,test,a34_35,3.5643458,2.8919485,1.0,3,3,1.0,6,6,1.0
844003,test,a34_35,2.8026633,3.629688,1.0,3,3,1.0,2,2,1.0
863006,test,a34_35,3.1218324,3.2548606,1.0,3,2,1.0,2,2,1.0
863173,test,a34_35,3.20362,3.5450659,1.0,3,3,1.0,2,2,1.0
866172,test,a34_35,3.4046996,2.3603847,1.0,3,3,1.0,6,6,1.0
868005,test,a34_35,3.5496373,3.578231,1.0,3,3,1.0,2,2,1.0
875030,test,a34_35,1.4106569,0.0,1.0,2,2,1.0,2,2,1.0
897006,test,a34_35,2.9528847,2.946233,1.0,3,3,1.0,2,4,1.0
922171,test,a34_35,3.175341,3.7955704,1.0,3,3,1.0,2,2,1.0
934030,test,a34_35,3.4264185,4.2341943,1.0,3,3,1.0,2,2,1.0
935005,test,a34_35,2.0472999,2.2448769,1.0,3,3,1.0,2,2,1.0
935176,test,a34_35,3.312986,3.2378259,1.0,3,3,1.0,2,2,1.0
939030,test,a34_35,3.8347857,0.08555014,1.0,3,2,1.0,2,2,1.0
964003,test,a34_35,1.1662666,0.82413214,1.0,2,2,1.0,6,6,1.0
970004,test,a34_35,3.4010508,3.9748664,1.0,3,3,1.0,2,2,1.0
982004,test,a34_35,3.1781754,3.7351284,1.0,3,3,1.0,2,4,1.0
1033030,test,a34_35,3.665832,3.3329153,1.0,3,3,1.0,2,2,1.0
1036003,test,a34_35,4.00636,3.2967014,1.0,3,3,1.0,2,2,1.0
1048006,test,a34_35,2.4036224,0.0,1.0,3,2,1.0,2,2,1.0
1055172,test,a34_35,1.5815204,3.521578,1.0,3,3,1.0,2,4,1.0
1060175,test,a34_35,2.993685,3.1174548,1.0,3,3,1.0,2,2,1.0
1064171,test,a34_35,3.4731693,0.0,1.0,3,3,1.0,2,2,1.0
1072171,test,a34_35,3.3074682,3.370511,1.0,3,3,1.0,2,2,1.0
1084175,test,a34_35,2.3930056,0.0,1.0,3,2,1.0,2,2,1.0
1100172,test,a34_35,2.900583,3.6426375,1.0,3,3,1.0,2,2,1.0
1141171,test,a34_35,2.2843442,1.1201222,1.0,3,2,1.0,2,4,1.0
1142030,test,a34_35,3.4619694,3.153995,1.0,3,2,1.0,2,2,1.0
1144032,test,a34_35,3.638795,3.9447289,1.0,3,3,1.0,2,2,1.0
1149171,test,a34_35,3.1658492,3.6550784,1.0,3,3,1.0,2,2,1.0
1162030,test,a34_35,3.034905,3.4707472,1.0,3,3,1.0,2,4,1.0
1167030,test,a34_35,0.98973846,1.1457466,1.0,2,2,1.0,6,6,1.0
1168008,test,a34_35,1.4740064,3.1447468,1.0,3,3,1.0,2,3,1.0
1222179,test,a34_35,2.5195172,2.810277,1.0,3,3,1.0,2,2,1.0
1260008,test,a34_35,3.1634843,2.9488564,1.0,3,3,1.0,2,2,1.0
1269030,test,a34_35,2.9350085,4.2420487,1.0,3,3,1.0,2,4,1.0
1292030,test,a34_35,3.4415853,3.1872697,1.0,3,3,1.0,2,3,1.0
1298005,test,a34_35,2.6567335,3.1977408,1.0,3,3,1.0,2,2,1.0
1306030,test,a34_35,4.486515,4.8005466,1.0,3,3,1.0,2,2,1.0
1335179,test,a34_35,2.7618225,3.3347914,1.0,3,3,1.0,2,2,1.0
1353030,test,a34_35,1.659965,0.0,1.0,3,2,1.0,2,2,1.0
1384030,test,a34_35,3.4748135,3.59953,1.0,3,3,1.0,2,2,1.0
1399008,test,a34_35,2.4132202,2.624538,1.0,3,3,1.0,2,4,1.0
1415004,test,a34_35,2.1317437,2.663206,1.0,3,3,1.0,2,2,1.0
1430005,test,a34_35,2.3813674,2.0200462,1.0,3,3,1.0,6,6,1.0
1431003,test,a34_35,3.460269,3.7301474,1.0,3,3,1.0,2,2,1.0
1431004,test,a34_35,2.7105374,0.0,1.0,3,2,1.0,2,2,1.0
1431172,test,a34_35,3.7350926,4.886779,1.0,3,2,1.0,2,2,1.0
1462004,test,a34_35,2.3549194,3.378522,1.0,3,3,1.0,2,2,1.0
1520173,test,a34_35,3.3103304,3.9266827,1.0,3,3,1.0,2,2,1.0
1522175,test,a34_35,3.1926386,4.5377207,1.0,3,3,1.0,2,2,1.0
1542006,test,a34_35,3.0803187,3.5747643,1.0,3,3,1.0,2,2,1.0
1542177,test,a34_35,3.309322,3.8778384,1.0,3,3,1.0,2,2,1.0
1567031,test,a34_35,3.7666092,3.6260033,1.0,3,3,1.0,2,6,1.0
1608031,test,a34_35,2.8394618,3.8359485,1.0,3,3,1.0,2,3,1.0
1612003,test,a34_35,3.5966818,3.2975547,1.0,3,3,1.0,2,2,1.0
1621003,test,a34_35,1.9382088,3.2045677,1.0,3,3,1.0,2,2,1.0
1648003,test,a34_35,3.3071742,3.0027869,1.0,3,3,1.0,2,2,1.0
1648030,test,a34_35,3.452483,2.0603547,1.0,3,3,1.0,6,6,1.0
1670172,test,a34_35,2.7889166,3.0779936,1.0,3,3,1.0,2,2,1.0
1684170,test,a34_35,0.85661936,0.0,1.0,2,3,1.0,2,2,1.0
1690030,test,a34_35,3.5908108,4.0259957,1.0,3,3,1.0,2,4,1.0
1692176,test,a34_35,3.3701024,0.0,0.0,3,-1,0.0,2,-1,0.0
1695030,test,a34_35,3.1684237,3.2234797,1.0,3,3,1.0,6,2,1.0
1697036,test,a34_35,2.942463,3.0575554,1.0,3,3,1.0,6,2,1.0
1698170,test,a34_35,2.7284067,2.4663796,1.0,3,3,1.0,2,2,1.0
1700031,test,a34_35,3.3430352,2.600042,1.0,3,2,1.0,2,4,1.0
1701003,test,a34_35,3.3714936,3.7449346,1.0,3,3,1.0,6,6,1.0
1711003,test,a34_35,2.1572225,2.4021344,1.0,3,3,1.0,2,2,1.0
1711171,test,a34_35,3.103524,0.0,0.0,3,-1,0.0,2,-1,0.0
1732005,test,a34_35,2.631146,2.4728203,1.0,3,2,1.0,6,4,1.0
1762187,test,a34_35,1.9129014,0.0,1.0,3,2,1.0,2,2,1.0
1786187,test,a34_35,3.190363,3.3312128,1.0,3,3,1.0,2,2,1.0
1837006,test,a34_35,3.438208,3.3800976,1.0,3,3,1.0,2,2,1.0
1850172,test,a34_35,1.7057325,3.1974778,1.0,3,3,1.0,2,2,1.0
1878030,test,a34_35,2.8396091,3.8423843,1.0,3,3,1.0,2,4,1.0
1879030,test,a34_35,3.7112873,3.960946,1.0,3,3,1.0,2,4,1.0
1905004,test,a34_35,3.5922196,3.6536653,1.0,3,3,1.0,2,2,1.0
1919009,test,a34_35,3.368512,0.0,1.0,3,2,1.0,2,2,1.0
1935004,test,a34_35,2.3585572,2.810277,1.0,3,3,1.0,2,2,1.0
1936030,test,a34_35,2.211824,0.0,1.0,3,2,1.0,2,2,1.0
1978171,test,a34_35,2.532689,2.3303957,1.0,3,3,1.0,2,2,1.0
2030031,test,a34_35,3.3391314,3.929022,1.0,3,3,1.0,2,2,1.0
2117003,test,a34_35,2.7818437,0.0,1.0,3,3,1.0,2,2,1.0
2150172,test,a34_35,1.6889031,1.9371668,1.0,3,3,1.0,2,2,1.0
2199182,test,a34_35,2.6724339,4.0530524,1.0,3,3,1.0,2,2,1.0
2206030,test,a34_35,3.1192882,3.4664924,1.0,3,3,1.0,2,2,1.0
2212031,test,a34_35,3.9426289,4.7276397,1.0,3,3,1.0,2,2,1.0
2238004,test,a34_35,3.218641,3.4629118,1.0,3,3,1.0,2,2,1.0
2238172,test,a34_35,2.947131,0.0,0.0,3,-1,0.0,2,-1,0.0
2252172,test,a34_35,2.932173,2.8005908,1.0,3,3,1.0,2,2,1.0
2255030,test,a34_35,4.408608,4.8156514,1.0,3,3,1.0,2,2,1.0
2277008,test,a34_35,2.8226423,2.5626314,1.0,3,3,1.0,2,2,1.0
2311172,test,a34_35,1.946135,1.5610666,1.0,3,2,1.0,2,2,1.0
2330003,test,a34_35,3.8265085,4.2113166,1.0,3,3,1.0,2,2,1.0
2338003,test,a34_35,3.6303716,4.046953,1.0,3,3,1.0,2,6,1.0
2341004,test,a34_35,2.8433015,3.563381,1.0,3,2,1.0,2,4,1.0
2341005,test,a34_35,2.5973766,0.0,1.0,3,3,1.0,2,2,1.0
2354004,test,a34_35,1.7186599,2.3899386,1.0,3,3,1.0,2,2,1.0
2392004,test,a34_35,2.0546217,2.9586284,1.0,3,3,1.0,2,2,1.0
2393005,test,a34_35,4.1880107,3.8332024,1.0,3,3,1.0,2,2,1.0
2393171,test,a34_35,2.7888675,3.5780287,1.0,3,3,1.0,2,2,1.0
2409006,test,a34_35,2.63378,2.7969706,1.0,3,3,1.0,2,2,1.0
2409171,test,a34_35,2.7871926,2.0512705,1.0,3,2,1.0,2,2,1.0
2422178,test,a34_35,3.3765411,3.4795048,1.0,3,3,1.0,2,2,1.0
2459030,test,a34_35,3.3286848,3.9479196,1.0,3,3,1.0,2,4,1.0
2474030,test,a34_35,3.5084882,3.3850226,1.0,3,3,1.0,2,2,1.0
2474171,test,a34_35,2.1470966,1.4149004,1.0,3,3,1.0,2,2,1.0
2485173,test,a34_35,2.7980027,2.4313986,1.0,3,3,1.0,2,6,1.0
2496172,test,a34_35,2.5543687,3.916388,1.0,3,3,1.0,2,4,1.0
2502005,test,a34_35,2.9862773,3.1504118,1.0,3,3,1.0,2,2,1.0
2510171,test,a34_35,2.9733906,3.625488,1.0,3,3,1.0,2,2,1.0
2525174,test,a34_35,2.9195929,1.6816704,1.0,3,2,1.0,2,2,1.0
2530184,test,a34_35,2.587581,2.9591303,1.0,3,2,1.0,2,2,1.0
2547171,test,a34_35,3.5967636,4.05604,1.0,3,3,1.0,2,2,1.0
2580030,test,a34_35,4.0574636,4.7499347,1.0,3,3,1.0,2,2,1.0
2593171,test,a34_35,3.185377,4.30575,1.0,3,3,1.0,2,2,1.0
2615031,test,a34_35,3.486898,3.5979483,1.0,3,3,1.0,2,2,1.0
2642030,test,a34_35,2.5824301,2.8383443,1.0,3,3,1.0,2,2,1.0
2655002,test,a34_35,1.1505017,0.0,1.0,2,2,1.0,2,2,1.0
2705031,test,a34_35,3.736081,3.8038778,1.0,3,3,1.0,2,4,1.0
2707179,test,a34_35,3.086787,2.844158,1.0,3,3,1.0,2,2,1.0
2714031,test,a34_35,3.435793,3.611134,1.0,3,3,1.0,2,2,1.0
2717004,test,a34_35,3.374064,3.3915641,1.0,3,3,1.0,2,2,1.0
2738171,test,a34_35,3.405975,4.886779,1.0,3,3,1.0,2,2,1.0
2794003,test,a34_35,3.6220806,3.7379057,1.0,3,3,1.0,2,2,1.0
2845030,test,a34_35,2.893274,3.4714644,1.0,3,2,1.0,6,2,1.0
2847030,test,a34_35,2.518386,3.611134,1.0,3,3,1.0,4,6,1.0
2848174,test,a34_35,1.9520745,0.0,1.0,3,2,1.0,6,6,1.0
2852006,test,a34_35,0.99389577,2.784962,1.0,2,3,1.0,2,2,1.0
2852030,test,a34_35,3.312747,2.1877906,1.0,3,3,1.0,2,2,1.0
2869170,test,a34_35,3.2671397,3.8547711,1.0,3,3,1.0,2,2,1.0
2897006,test,a34_35,3.1492105,3.2996137,1.0,3,3,1.0,2,6,1.0
2900171,test,a34_35,3.3702712,3.6154544,1.0,3,3,1.0,2,2,1.0
2907006,test,a34_35,2.7271025,2.5451865,1.0,3,3,1.0,2,2,1.0
2920030,test,a34_35,2.9754727,3.68331,1.0,3,2,1.0,2,3,1.0
3107001,test,a34_35,3.390671,3.5433505,1.0,3,3,1.0,2,2,1.0
3137007,test,a34_35,2.5992475,2.4969764,1.0,3,3,1.0,6,6,1.0
3283002,test,a34_35,3.4384487,4.138284,1.0,3,2,1.0,2,6,1.0
3492001,test,a34_35,3.2852435,3.8507123,1.0,3,3,1.0,6,2,1.0
5016170,test,a34_35,2.7940514,2.4672387,1.0,3,3,1.0,2,4,1.0
5082003,test,a34_35,3.230323,3.6362765,1.0,3,3,1.0,6,2,1.0
5145032,test,a34_35,3.2924483,3.4762192,1.0,3,3,1.0,6,6,1.0
5163030,test,a34_35,3.5882897,2.9795868,1.0,3,3,1.0,2,3,1.0
5177171,test,a34_35,1.9236476,1.3270341,1.0,3,3,1.0,6,6,1.0
5199178,test,a34_35,2.755073,2.888504,1.0,3,3,1.0,2,2,1.0
5241030,test,a34_35,2.5483804,3.3329153,1.0,3,3,1.0,2,6,1.0
5264004,test,a34_35,3.1229107,3.36784,1.0,3,3,1.0,2,2,1.0
5294003,test,a34_35,3.5180118,3.537279,1.0,3,3,1.0,2,2,1.0
5299172,test,a34_35,3.1948462,2.8502738,1.0,3,3,1.0,2,2,1.0
5306002,test,a34_35,2.1737912,0.45013475,1.0,3,2,1.0,6,6,1.0
5350030,test,a34_35,2.6697543,3.0497952,1.0,3,3,1.0,2,6,1.0
5364006,test,a34_35,3.2278197,3.475767,1.0,3,3,1.0,6,6,1.0
5366033,test,a34_35,3.0838444,3.5589597,1.0,3,3,1.0,6,6,1.0
5406173,test,a34_35,2.7517405,3.3717976,1.0,3,3,1.0,2,4,1.0
5424030,test,a34_35,1.9271705,2.595237,1.0,3,3,1.0,6,6,1.0
5425003,test,a34_35,1.5923702,0.48401323,1.0,3,2,1.0,2,2,1.0
5430031,test,a34_35,2.043823,0.0,1.0,3,3,1.0,6,6,1.0
5430171,test,a34_35,2.5365999,3.8255706,1.0,3,3,1.0,6,6,1.0
5443007,test,a34_35,1.4193265,2.4250603,1.0,3,3,1.0,2,2,1.0
5464032,test,a34_35,2.5622134,2.8707297,1.0,3,3,1.0,2,2,1.0
5488007,test,a34_35,2.5375595,2.7225564,1.0,3,3,1.0,2,2,1.0
5494005,test,a34_35,2.8533378,3.9408863,1.0,3,3,1.0,6,6,1.0
5513030,test,a34_35,3.0558848,3.1696036,1.0,3,3,1.0,6,6,1.0
5549006,test,a34_35,2.4086924,2.8014016,1.0,3,2,1.0,2,3,1.0
5553173,test,a34_35,3.002463,3.9032092,1.0,3,3,1.0,2,2,1.0
5560186,test,a34_35,3.4711235,3.8197687,1.0,3,3,1.0,2,2,1.0
5569009,test,a34_35,2.7429118,3.4386227,1.0,3,3,1.0,2,2,1.0
5570010,test,a34_35,3.3410773,3.9157524,1.0,3,3,1.0,2,4,1.0
5570012,test,a34_35,2.760789,3.1862996,1.0,3,3,1.0,2,6,1.0
5570033,test,a34_35,3.617597,3.249376,1.0,3,3,1.0,2,2,1.0
5576031,test,a34_35,2.7881615,3.0570593,1.0,3,3,1.0,2,2,1.0
5614005,test,a34_35,2.2596126,2.9017913,1.0,3,3,1.0,2,3,1.0
5615010,test,a34_35,3.0161507,3.4926202,1.0,3,3,1.0,6,2,1.0
5615181,test,a34_35,3.3128116,2.9341648,1.0,3,3,1.0,2,2,1.0
5621170,test,a34_35,3.1525712,3.1195464,1.0,3,3,1.0,2,2,1.0
5626010,test,a34_35,2.8166833,2.9627197,1.0,3,2,1.0,2,2,1.0
5634188,test,a34_35,3.317162,3.9144979,1.0,3,3,1.0,2,5,1.0
5635031,test,a34_35,3.4669511,2.974314,1.0,3,3,1.0,2,2,1.0
5646006,test,a34_35,1.1074533,0.3688904,1.0,2,3,1.0,6,6,1.0
5660005,test,a34_35,2.7166865,3.0857325,1.0,3,3,1.0,2,2,1.0
5664003,test,a34_35,1.3718392,1.1182684,1.0,2,3,1.0,6,6,1.0
5676007,test,a34_35,3.1029084,3.820191,1.0,3,3,1.0,2,4,1.0
5678030,test,a34_35,2.141494,2.51976,1.0,2,2,1.0,6,6,1.0
5684034,test,a34_35,3.5661056,3.496005,1.0,3,3,1.0,2,3,1.0
5784005,test,a34_35,1.1965669,0.0,1.0,2,2,1.0,6,6,1.0
5819005,test,a34_35,1.2045834,1.6023945,1.0,2,2,1.0,6,6,1.0
5821008,test,a34_35,2.6492524,2.913222,1.0,3,3,1.0,2,2,1.0
5863033,test,a34_35,1.3436241,1.6256766,1.0,2,2,1.0,6,6,1.0
5921003,test,a34_35,2.544784,3.6592255,1.0,3,3,1.0,6,6,1.0
5922010,test,a34_35,3.403259,2.873433,1.0,3,3,1.0,6,6,1.0
5938031,test,a34_35,2.426663,0.0,1.0,3,2,1.0,2,6,1.0
5960033,test,a34_35,2.887906,2.8802483,1.0,3,3,1.0,6,3,1.0
5995005,test,a34_35,1.6767545,0.5575978,1.0,3,2,1.0,6,6,1.0
6028032,test,a34_35,2.5950615,2.7959223,1.0,3,3,1.0,6,6,1.0
6030005,test,a34_35,3.4295177,3.6211877,1.0,3,3,1.0,6,6,1.0
6030008,test,a34_35,3.3611,3.714141,1.0,3,3,1.0,6,6,1.0
6093006,test,a34_35,0.87934065,2.4245872,1.0,2,3,1.0,6,6,1.0
6093011,test,a34_35,2.4661922,2.5032198,1.0,3,3,1.0,6,6,1.0
6114182,test,a34_35,2.6965525,3.1132894,1.0,3,3,1.0,2,3,1.0
6120195,test,a34_35,1.5766013,0.83994776,1.0,3,2,1.0,2,2,1.0
6121030,test,a34_35,2.7059188,3.7940028,1.0,3,3,1.0,6,6,1.0
6179003,test,a34_35,3.468147,3.4774165,1.0,3,3,1.0,2,2,1.0
6179170,test,a34_35,0.9938209,0.3768285,1.0,2,2,1.0,2,2,1.0
6191006,test,a34_35,3.0144553,3.5682108,1.0,3,3,1.0,6,2,1.0
6200175,test,a34_35,3.4182334,3.159689,1.0,3,2,1.0,2,2,1.0
6210007,test,a34_35,3.2207656,3.315958,1.0,3,3,1.0,6,2,1.0
6210008,test,a34_35,2.7881103,1.8576616,1.0,3,2,1.0,6,6,1.0
6350007,test,a34_35,2.5912232,2.6312733,1.0,3,3,1.0,6,6,1.0
6365010,test,a34_35,0.9586818,2.3485115,1.0,2,3,1.0,6,6,1.0
6365011,test,a34_35,2.0203717,1.4984527,1.0,3,2,1.0,3,2,1.0
6365177,test,a34_35,2.7654576,3.154596,1.0,3,3,1.0,2,2,1.0
6381008,test,a34_35,3.0016174,4.0242934,1.0,3,3,1.0,2,4,1.0
6444003,test,a34_35,2.5319808,3.0920978,1.0,3,3,1.0,2,2,1.0
6475006,test,a34_35,0.7759197,0.88690853,1.0,2,2,1.0,6,6,1.0
6475007,test,a34_35,0.6662121,0.0,1.0,2,2,1.0,6,6,1.0
6509004,test,a34_35,3.0492558,2.9017913,1.0,3,2,1.0,6,2,1.0
6545008,test,a34_35,3.5882728,3.81034,1.0,3,3,1.0,6,2,1.0
6571003,test,a34_35,2.8451567,3.97414,1.0,3,3,1.0,6,6,1.0
6635009,test,a34_35,1.1329875,0.0,1.0,2,2,1.0,6,4,1.0
6663030,test,a34_35,3.6620603,3.9220536,1.0,3,3,1.0,6,6,1.0
6674003,test,a34_35,3.0440469,3.3930228,1.0,3,3,1.0,2,2,1.0
6674005,test,a34_35,3.2208464,3.3309689,1.0,3,3,1.0,2,2,1.0
6736181,test,a34_35,2.8026967,0.95784134,1.0,3,3,1.0,2,2,1.0
6740003,test,a34_35,2.2538786,2.6543815,1.0,3,3,1.0,2,2,1.0
6769008,test,a34_35,2.368751,1.5597403,1.0,3,2,1.0,2,4,1.0
6779033,test,a34_35,1.3958151,0.0,1.0,3,2,1.0,6,6,1.0
6820030,test,a34_35,2.8133945,0.0,1.0,3,2,1.0,6,6,1.0
6843006,test,a34_35,1.0234568,0.33577913,1.0,2,2,1.0,6,6,1.0
6857006,test,a34_35,3.5703704,3.9554691,1.0,3,3,1.0,2,4,1.0
6030,test,a36_37,3.4340029,3.74332,1.0,3,3,1.0,2,2,1.0
10030,test,a36_37,3.4001763,4.447782,1.0,3,3,1.0,6,2,1.0
41008,test,a36_37,2.2891521,0.0,1.0,3,2,1.0,6,2,1.0
68003,test,a36_37,3.4633238,4.3019257,1.0,3,3,1.0,2,2,1.0
127030,test,a36_37,3.3914661,1.1681,1.0,3,2,1.0,6,2,1.0
127031,test,a36_37,3.3682668,3.8766596,1.0,3,3,1.0,6,2,1.0
129031,test,a36_37,1.6445498,0.0,1.0,2,2,1.0,6,2,1.0
129196,test,a36_37,2.753247,2.9811652,1.0,3,3,1.0,2,2,1.0
165030,test,a36_37,3.4177117,3.8713226,1.0,3,3,1.0,2,2,1.0
284004,test,a36_37,3.8244367,4.153324,1.0,3,3,1.0,2,2,1.0
301032,test,a36_37,3.9247923,4.375446,1.0,3,3,1.0,2,6,1.0
327003,test,a36_37,3.1999152,3.8161197,1.0,3,3,1.0,2,2,1.0
327171,test,a36_37,3.0820508,0.0,1.0,3,2,1.0,2,2,1.0
327172,test,a36_37,2.547614,3.3073823,1.0,3,3,1.0,2,2,1.0
331005,test,a36_37,3.880798,4.384486,1.0,3,3,1.0,2,2,1.0
344178,test,a36_37,2.925561,3.283957,1.0,3,3,1.0,2,2,1.0
461030,test,a36_37,3.4825952,3.416885,1.0,3,3,1.0,2,2,1.0
486004,test,a36_37,3.373404,3.7570312,1.0,3,3,1.0,2,2,1.0
563183,test,a36_37,1.4984266,3.9435904,1.0,2,3,1.0,2,2,1.0
577004,test,a36_37,2.5495667,3.4728677,1.0,3,3,1.0,2,2,1.0
607030,test,a36_37,3.662854,3.736019,1.0,3,3,1.0,2,2,1.0
613173,test,a36_37,2.9231386,4.599529,1.0,3,3,1.0,2,2,1.0
634008,test,a36_37,3.3230777,3.2418456,1.0,3,3,1.0,2,6,1.0
652005,test,a36_37,3.1385987,3.4032557,1.0,3,3,1.0,2,2,1.0
672003,test,a36_37,1.852773,3.3391197,1.0,3,3,1.0,2,4,1.0
691175,test,a36_37,3.131288,2.3309872,1.0,3,3,1.0,2,2,1.0
699031,test,a36_37,2.1668565,3.3599384,1.0,3,3,1.0,6,6,1.0
722178,test,a36_37,1.2354456,0.0,1.0,2,2,1.0,2,2,1.0
771003,test,a36_37,2.8514009,2.9920292,1.0,3,3,1.0,2,2,1.0
775005,test,a36_37,3.4734597,3.612571,1.0,3,3,1.0,2,2,1.0
796006,test,a36_37,3.5721066,3.5002303,1.0,3,3,1.0,2,6,1.0
844003,test,a36_37,2.9800332,3.4309494,1.0,3,3,1.0,2,2,1.0
863006,test,a36_37,3.3135314,3.216545,1.0,3,3,1.0,2,2,1.0
863173,test,a36_37,3.138289,3.6074202,1.0,3,3,1.0,2,2,1.0
866172,test,a36_37,3.183704,2.7199008,1.0,3,3,1.0,6,2,1.0
868005,test,a36_37,3.480241,3.7930343,1.0,3,3,1.0,2,2,1.0
875030,test,a36_37,1.816902,0.0,1.0,3,2,1.0,2,2,1.0
897006,test,a36_37,3.054891,2.712402,1.0,3,2,1.0,2,4,1.0
922171,test,a36_37,3.2668524,4.013992,1.0,3,3,1.0,2,2,1.0
934030,test,a36_37,3.2741826,4.2906785,1.0,3,3,1.0,2,2,1.0
935005,test,a36_37,2.460367,1.9161729,1.0,3,3,1.0,2,2,1.0
935176,test,a36_37,3.317132,3.945999,1.0,3,3,1.0,2,2,1.0
939030,test,a36_37,3.7601485,0.0,1.0,3,2,1.0,2,2,1.0
964003,test,a36_37,1.5350266,3.0027869,1.0,2,3,1.0,6,6,1.0
970004,test,a36_37,3.4395075,3.9361787,1.0,3,3,1.0,2,2,1.0
982004,test,a36_37,3.1525052,3.7953534,1.0,3,3,1.0,2,4,1.0
1033030,test,a36_37,3.503161,4.0324144,1.0,3,3,1.0,2,4,1.0
1036003,test,a36_37,3.8427033,2.5812607,1.0,3,3,1.0,2,2,1.0
1048006,test,a36_37,2.457327,0.3958271,1.0,3,3,1.0,2,2,1.0
1055172,test,a36_37,1.7110703,3.6951494,1.0,3,3,1.0,2,2,1.0
1060175,test,a36_37,2.8868384,2.6840017,1.0,3,3,1.0,2,2,1.0
1064171,test,a36_37,3.3972774,4.499283,1.0,3,3,1.0,2,2,1.0
1072171,test,a36_37,3.2732663,3.753342,1.0,3,3,1.0,2,2,1.0
1084175,test,a36_37,2.6551473,1.176917,1.0,3,2,1.0,2,2,1.0
1100172,test,a36_37,2.8740816,3.616172,1.0,3,3,1.0,2,2,1.0
1141171,test,a36_37,2.1163206,0.0,0.0,3,-1,0.0,2,-1,0.0
1142030,test,a36_37,3.4302793,2.9372149,1.0,3,3,1.0,2,2,1.0
1144032,test,a36_37,3.42865,3.9697835,1.0,3,3,1.0,2,2,1.0
1149171,test,a36_37,3.0872777,3.6696174,1.0,3,3,1.0,2,2,1.0
1162030,test,a36_37,2.9027371,3.5584557,1.0,3,3,1.0,2,4,1.0
1167030,test,a36_37,1.3796139,0.0,1.0,2,2,1.0,6,6,1.0
1168008,test,a36_37,2.0129,3.2307491,1.0,3,3,1.0,2,3,1.0
1222179,test,a36_37,2.6903284,2.6426997,1.0,3,3,1.0,2,2,1.0
1260008,test,a36_37,3.0826395,2.9115193,1.0,3,3,1.0,2,2,1.0
1269030,test,a36_37,2.9420369,4.35901,1.0,3,3,1.0,2,4,1.0
1292030,test,a36_37,3.0935426,3.3329153,1.0,3,2,1.0,2,4,1.0
1298005,test,a36_37,2.7343004,3.0895898,1.0,3,3,1.0,2,2,1.0
1306030,test,a36_37,4.152974,4.886779,1.0,3,3,1.0,2,2,1.0
1335179,test,a36_37,2.749243,3.2806733,1.0,3,3,1.0,2,2,1.0
1353030,test,a36_37,1.8570058,0.0,1.0,3,2,1.0,2,2,1.0
1384030,test,a36_37,3.2579472,3.7110548,1.0,3,3,1.0,2,2,1.0
1399008,test,a36_37,2.5423713,4.0375032,1.0,3,3,1.0,2,4,1.0
1415004,test,a36_37,2.1402738,2.5033958,1.0,3,3,1.0,2,2,1.0
1430005,test,a36_37,2.6252866,0.0,1.0,3,3,1.0,6,6,1.0
1431003,test,a36_37,3.497222,3.7768457,1.0,3,3,1.0,2,2,1.0
1431004,test,a36_37,2.8311849,0.0,1.0,3,2,1.0,2,2,1.0
1431172,test,a36_37,3.5830207,4.85698,1.0,3,3,1.0,2,2,1.0
1462004,test,a36_37,2.4769309,3.0797172,1.0,3,2,1.0,2,2,1.0
1520173,test,a36_37,3.2629118,3.835209,1.0,3,3,1.0,2,2,1.0
1522175,test,a36_37,3.1380937,4.5301976,1.0,3,3,1.0,2,2,1.0
1542006,test,a36_37,3.144345,4.8355174,1.0,3,3,1.0,2,2,1.0
1542177,test,a36_37,3.2179735,4.1511307,1.0,3,3,1.0,2,2,1.0
1567031,test,a36_37,3.5705647,3.547917,1.0,3,3,1.0,2,6,1.0
1608031,test,a36_37,3.1000168,3.8730197,1.0,3,3,1.0,2,4,1.0
1612003,test,a36_37,3.5999541,3.6263752,1.0,3,3,1.0,2,2,1.0
1621003,test,a36_37,2.2730136,3.2996137,1.0,3,3,1.0,2,2,1.0
1648003,test,a36_37,3.337704,2.9653394,1.0,3,3,1.0,2,2,1.0
1648030,test,a36_37,3.3181057,0.0453653,1.0,3,2,1.0,6,6,1.0
1670172,test,a36_37,2.674053,2.8368268,1.0,3,3,1.0,2,2,1.0
1684170,test,a36_37,1.2046435,0.0,0.0,2,-1,0.0,2,-1,0.0
1690030,test,a36_37,3.4802523,4.1288514,1.0,3,3,1.0,2,4,1.0
1692176,test,a36_37,3.2553356,0.0,0.0,3,-1,0.0,2,-1,0.0
1695030,test,a36_37,2.954999,3.1334782,1.0,3,3,1.0,6,2,1.0
1697036,test,a36_37,2.9650362,3.9229333,1.0,3,3,1.0,6,2,1.0
1698170,test,a36_37,2.6103568,3.5876048,1.0,3,3,1.0,2,2,1.0
1700031,test,a36_37,3.2667823,3.2409673,1.0,3,3,1.0,2,4,1.0
1701003,test,a36_37,3.3384159,3.916388,1.0,3,3,1.0,6,6,1.0
1711003,test,a36_37,2.3606644,0.0,1.0,3,3,1.0,2,2,1.0
1711171,test,a36_37,3.1995924,3.416885,1.0,3,3,1.0,2,2,1.0
1732005,test,a36_37,2.494571,3.1862996,1.0,3,3,1.0,6,4,1.0
1762187,test,a36_37,1.7969307,0.0,1.0,3,2,1.0,2,2,1.0
1786187,test,a36_37,3.1989763,0.0,0.0,3,-1,0.0,2,-1,0.0
1837006,test,a36_37,3.433908,2.8220248,1.0,3,3,1.0,2,2,1.0
1850172,test,a36_37,1.8801603,3.216545,1.0,3,3,1.0,2,2,1.0
1878030,test,a36_37,3.0156512,3.456708,1.0,3,3,1.0,2,4,1.0
1879030,test,a36_37,3.550086,4.019886,1.0,3,3,1.0,2,3,1.0
1905004,test,a36_37,3.5363657,3.9048967,1.0,3,3,1.0,2,2,1.0
1919009,test,a36_37,3.268635,0.0,1.0,3,3,1.0,2,2,1.0
1935004,test,a36_37,2.4249573,2.7594547,1.0,3,2,1.0,2,2,1.0
1936030,test,a36_37,2.6283698,0.26956925,1.0,3,3,1.0,2,2,1.0
1978171,test,a36_37,2.647143,3.1327703,1.0,3,3,1.0,2,2,1.0
2030031,test,a36_37,3.1540432,3.7052534,1.0,3,3,1.0,2,2,1.0
2117003,test,a36_37,2.8811588,2.7586699,1.0,3,3,1.0,2,2,1.0
2150172,test,a36_37,1.9407159,1.9554864,1.0,3,3,1.0,2,2,1.0
2199182,test,a36_37,2.8616905,3.717534,1.0,3,3,1.0,2,2,1.0
2206030,test,a36_37,3.2603908,3.1858559,1.0,3,3,1.0,2,2,1.0
2212031,test,a36_37,3.7732768,4.677089,1.0,3,3,1.0,2,2,1.0
2238004,test,a36_37,3.2853508,1.8278397,1.0,3,3,1.0,2,4,1.0
2238172,test,a36_37,2.9687152,3.489942,1.0,3,3,1.0,2,2,1.0
2252172,test,a36_37,3.0282364,3.048963,1.0,3,3,1.0,2,2,1.0
2255030,test,a36_37,4.1766877,4.375135,1.0,3,3,1.0,2,2,1.0
2277008,test,a36_37,2.6579251,2.6412227,1.0,3,3,1.0,2,2,1.0
2311172,test,a36_37,1.9913447,1.7356842,1.0,3,3,1.0,2,2,1.0
2330003,test,a36_37,3.6749153,4.0433564,1.0,3,3,1.0,2,2,1.0
2338003,test,a36_37,3.532457,4.4704823,1.0,3,3,1.0,2,6,1.0
2341004,test,a36_37,3.194987,3.4036195,1.0,3,2,1.0,2,4,1.0
2341005,test,a36_37,2.8939004,0.0,1.0,3,3,1.0,2,2,1.0
2354004,test,a36_37,1.73779,2.4975948,1.0,3,3,1.0,2,2,1.0
2392004,test,a36_37,2.167304,2.7225564,1.0,3,3,1.0,2,2,1.0
2393005,test,a36_37,3.913625,3.951662,1.0,3,3,1.0,2,2,1.0
2393171,test,a36_37,2.8474214,4.04496,1.0,3,3,1.0,2,2,1.0
2409006,test,a36_37,2.9598851,2.6774976,1.0,3,3,1.0,2,2,1.0
2409171,test,a36_37,2.8981736,2.409316,1.0,3,3,1.0,2,2,1.0
2422178,test,a36_37,3.3152878,3.249376,1.0,3,3,1.0,2,2,1.0
2459030,test,a36_37,3.064704,3.8719819,1.0,3,3,1.0,3,4,1.0
2474030,test,a36_37,3.440068,3.8730197,1.0,3,3,1.0,2,2,1.0
2474171,test,a36_37,1.9928825,1.1140053,1.0,3,2,1.0,2,2,1.0
2485173,test,a36_37,2.8749466,2.508309,1.0,3,3,1.0,2,4,1.0
2496172,test,a36_37,2.8018973,4.096741,1.0,3,3,1.0,2,4,1.0
2502005,test,a36_37,3.045441,3.166873,1.0,3,3,1.0,2,2,1.0
2510171,test,a36_37,3.0063548,3.910636,1.0,3,3,1.0,2,2,1.0
2525174,test,a36_37,2.9350076,2.2554643,1.0,3,3,1.0,2,2,1.0
2530184,test,a36_37,2.625237,2.9075313,1.0,3,3,1.0,2,2,1.0
2547171,test,a36_37,3.501166,4.1239767,1.0,3,3,1.0,2,2,1.0
2580030,test,a36_37,3.9768586,4.800682,1.0,3,3,1.0,2,2,1.0
2593171,test,a36_37,3.0685067,4.3840117,1.0,3,3,1.0,2,4,1.0
2615031,test,a36_37,3.41549,3.145773,1.0,3,3,1.0,2,2,1.0
2642030,test,a36_37,2.7156386,3.1858559,1.0,3,3,1.0,2,2,1.0
2655002,test,a36_37,1.4798342,0.0,1.0,2,2,1.0,2,2,1.0
2705031,test,a36_37,3.5593908,3.901413,1.0,3,3,1.0,2,4,1.0
2707179,test,a36_37,3.090251,2.9886043,1.0,3,3,1.0,2,2,1.0
2714031,test,a36_37,3.328473,3.843872,1.0,3,3,1.0,2,2,1.0
2717004,test,a36_37,3.280446,3.737305,1.0,3,3,1.0,2,2,1.0
2738171,test,a36_37,3.2875004,4.886779,1.0,3,3,1.0,2,2,1.0
2794003,test,a36_37,3.5155427,3.5598774,1.0,3,3,1.0,2,2,1.0
2845030,test,a36_37,2.8003824,2.2176964,1.0,3,2,1.0,2,2,1.0
2847030,test,a36_37,2.4880025,3.5965803,1.0,3,2,1.0,4,6,1.0
2848174,test,a36_37,2.2625823,0.0,1.0,3,2,1.0,6,6,1.0
2852006,test,a36_37,1.4831042,2.711484,1.0,2,3,1.0,2,2,1.0
2852030,test,a36_37,3.3453484,2.4002507,1.0,3,3,1.0,2,2,1.0
2869170,test,a36_37,3.189636,3.9665751,1.0,3,3,1.0,2,2,1.0
2897006,test,a36_37,3.272452,3.8678546,1.0,3,3,1.0,2,6,1.0
2900171,test,a36_37,3.2803574,0.0,1.0,3,3,1.0,2,2,1.0
2907006,test,a36_37,3.004625,2.5724497,1.0,3,3,1.0,2,2,1.0
2920030,test,a36_37,3.164225,3.8583722,1.0,3,3,1.0,2,4,1.0
3107001,test,a36_37,3.1345463,3.456255,1.0,3,3,1.0,2,2,1.0
3137007,test,a36_37,2.4984386,2.624188,1.0,3,3,1.0,6,6,1.0
3283002,test,a36_37,3.149541,3.1844463,1.0,3,3,1.0,2,6,1.0
3492001,test,a36_37,3.079693,3.896652,1.0,3,3,1.0,6,2,1.0
5016170,test,a36_37,2.7593348,2.5121129,1.0,3,3,1.0,2,4,1.0
5082003,test,a36_37,3.1940675,3.835146,1.0,3,3,1.0,6,3,1.0
5145032,test,a36_37,3.0885243,3.5205016,1.0,3,3,1.0,6,6,1.0
5163030,test,a36_37,3.273304,3.3018157,1.0,3,3,1.0,2,3,1.0
5177171,test,a36_37,2.343749,0.8605063,1.0,3,3,1.0,6,6,1.0
5199178,test,a36_37,2.7163658,2.9653394,1.0,3,3,1.0,2,2,1.0
5241030,test,a36_37,2.69733,3.3667955,1.0,3,3,1.0,2,6,1.0
5264004,test,a36_37,3.1251981,3.4554605,1.0,3,3,1.0,2,2,1.0
5294003,test,a36_37,3.341827,3.5366516,1.0,3,3,1.0,2,2,1.0
5299172,test,a36_37,3.1383808,1.9603477,1.0,3,3,1.0,2,2,1.0
5306002,test,a36_37,2.2952266,0.4569097,1.0,3,2,1.0,6,6,1.0
5350030,test,a36_37,2.5443058,2.4829748,1.0,3,3,1.0,2,6,1.0
5364006,test,a36_37,3.067858,3.489942,1.0,3,3,1.0,6,6,1.0
5366033,test,a36_37,2.8846846,3.6431746,1.0,3,3,1.0,6,6,1.0
5406173,test,a36_37,2.816956,3.549721,1.0,3,3,1.0,2,4,1.0
5424030,test,a36_37,1.8507371,3.3871381,1.0,3,3,1.0,6,6,1.0
5425003,test,a36_37,2.07731,2.222384,1.0,3,3,1.0,2,2,1.0
5430031,test,a36_37,2.0030887,0.7351825,1.0,3,3,1.0,6,6,1.0
5430171,test,a36_37,2.6202984,3.9490166,1.0,3,3,1.0,6,6,1.0
5443007,test,a36_37,1.789174,2.7594547,1.0,3,3,1.0,2,2,1.0
5464032,test,a36_37,2.5828958,2.973692,1.0,3,3,1.0,2,2,1.0
5488007,test,a36_37,2.4792106,2.6645033,1.0,3,3,1.0,2,2,1.0
5494005,test,a36_37,2.928234,4.218239,1.0,3,3,1.0,6,6,1.0
5513030,test,a36_37,2.9280148,3.4137402,1.0,3,2,1.0,6,6,1.0
5549006,test,a36_37,2.4827962,2.9669845,1.0,3,3,1.0,2,4,1.0
5553173,test,a36_37,2.960428,3.955009,1.0,3,3,1.0,2,2,1.0
5560186,test,a36_37,3.2881117,3.627258,1.0,3,3,1.0,2,2,1.0
5569009,test,a36_37,2.967674,3.5573397,1.0,3,3,1.0,2,2,1.0
5570010,test,a36_37,3.3324318,3.6598773,1.0,3,3,1.0,2,4,1.0
5570012,test,a36_37,2.8035839,2.9124293,1.0,3,3,1.0,2,6,1.0
5570033,test,a36_37,3.4631197,3.1070757,1.0,3,3,1.0,2,2,1.0
5576031,test,a36_37,2.632312,3.0814157,1.0,3,3,1.0,2,3,1.0
5614005,test,a36_37,2.3372703,2.844158,1.0,3,3,1.0,4,3,1.0
5615010,test,a36_37,2.8717237,3.3217459,1.0,3,3,1.0,6,2,1.0
5615181,test,a36_37,3.2270508,3.5781584,1.0,3,3,1.0,2,2,1.0
5621170,test,a36_37,3.0978703,0.0,1.0,3,3,1.0,2,2,1.0
5626010,test,a36_37,2.8403783,0.0,0.0,3,-1,0.0,2,-1,0.0
5634188,test,a36_37,3.1625817,0.0,0.0,3,-1,0.0,2,-1,0.0
5635031,test,a36_37,3.1074207,2.9446492,1.0,3,3,1.0,2,2,1.0
5646006,test,a36_37,1.6092925,2.2722006,1.0,2,2,1.0,6,6,1.0
5660005,test,a36_37,2.816404,2.2830377,1.0,3,3,1.0,2,2,1.0
5664003,test,a36_37,1.9244204,2.5692537,1.0,3,2,1.0,6,6,1.0
5676007,test,a36_37,3.0986419,3.3618436,1.0,3,3,1.0,2,2,1.0
5678030,test,a36_37,2.3608303,0.0,1.0,3,2,1.0,6,6,1.0
5684034,test,a36_37,3.375017,4.2188535,1.0,3,3,1.0,2,4,1.0
5784005,test,a36_37,1.4554433,0.0,1.0,3,2,1.0,6,6,1.0
5819005,test,a36_37,1.8615127,0.0,1.0,3,2,1.0,6,6,1.0
5821008,test,a36_37,2.6314416,2.9754534,1.0,3,3,1.0,2,2,1.0
5863033,test,a36_37,1.7467302,1.6931183,1.0,3,3,1.0,6,6,1.0
5921003,test,a36_37,2.3138087,2.588116,1.0,3,3,1.0,6,6,1.0
5922010,test,a36_37,3.3075764,2.8533432,1.0,3,3,1.0,6,6,1.0
5938031,test,a36_37,2.4136746,0.0,1.0,3,2,1.0,2,6,1.0
5960033,test,a36_37,2.638045,3.0051901,1.0,3,3,1.0,6,6,1.0
5995005,test,a36_37,2.1055644,2.366327,1.0,3,2,1.0,6,6,1.0
6028032,test,a36_37,2.3693295,3.2584245,1.0,3,3,1.0,6,6,1.0
6030005,test,a36_37,3.4025128,3.3861604,1.0,3,3,1.0,6,6,1.0
6030008,test,a36_37,3.173642,3.5397089,1.0,3,3,1.0,6,6,1.0
6093006,test,a36_37,1.3440235,2.0376515,1.0,2,3,1.0,6,6,1.0
6093011,test,a36_37,2.1504593,2.5042346,1.0,3,3,1.0,6,6,1.0
6114182,test,a36_37,2.6280956,0.0,0.0,3,-1,0.0,2,-1,0.0
6120195,test,a36_37,1.7702047,0.0,1.0,2,2,1.0,2,2,1.0
6121030,test,a36_37,2.7028213,3.6931586,1.0,3,3,1.0,6,6,1.0
6179003,test,a36_37,3.5121825,3.3203936,1.0,3,3,1.0,2,2,1.0
6179170,test,a36_37,1.2662692,0.0,1.0,2,2,1.0,2,2,1.0
6191006,test,a36_37,2.9408474,3.7471669,1.0,3,3,1.0,6,2,1.0
6200175,test,a36_37,3.3076046,3.1231244,1.0,3,3,1.0,2,2,1.0
6210007,test,a36_37,3.3582172,3.5546792,1.0,3,3,1.0,6,2,1.0
6210008,test,a36_37,2.9717822,0.69897085,1.0,3,2,1.0,6,2,1.0
6350007,test,a36_37,2.4859464,1.7350653,1.0,3,3,1.0,6,2,1.0
6365010,test,a36_37,1.3578079,2.727774,1.0,2,3,1.0,6,6,1.0
6365011,test,a36_37,2.0467181,2.0153425,1.0,3,3,1.0,4,2,1.0
6365177,test,a36_37,2.7316527,0.0,0.0,3,3,1.0,2,2,1.0
6381008,test,a36_37,2.9887013,4.1826577,1.0,3,3,1.0,2,4,1.0
6444003,test,a36_37,2.644308,2.9450343,1.0,3,3,1.0,2,2,1.0
6475006,test,a36_37,1.1479418,0.65802634,1.0,2,3,1.0,6,6,1.0
6475007,test,a36_37,1.1230197,1.4497495,1.0,2,3,1.0,6,6,1.0
6509004,test,a36_37,2.8732264,3.0907397,1.0,3,3,1.0,6,2,1.0
6545008,test,a36_37,3.5027883,3.8915806,1.0,3,3,1.0,6,2,1.0
6571003,test,a36_37,2.7780843,3.935453,1.0,3,3,1.0,6,6,1.0
6635009,test,a36_37,1.6198808,0.0,1.0,3,2,1.0,6,4,1.0
6663030,test,a36_37,3.4665804,4.1571207,1.0,3,3,1.0,6,6,1.0
6674003,test,a36_37,3.0176253,4.7621493,1.0,3,3,1.0,2,3,1.0
6674005,test,a36_37,3.1936145,3.4580462,1.0,3,2,1.0,2,3,1.0
6736181,test,a36_37,2.9134908,2.5787773,1.0,3,3,1.0,2,2,1.0
6740003,test,a36_37,2.2401073,2.816746,1.0,3,3,1.0,2,2,1.0
6769008,test,a36_37,2.54428,2.4743154,1.0,3,3,1.0,2,2,1.0
6779033,test,a36_37,1.3713849,0.0,1.0,2,2,1.0,6,6,1.0
6820030,test,a36_37,2.678788,0.44449985,1.0,3,2,1.0,6,6,1.0
6843006,test,a36_37,1.2429821,1.9499075,1.0,2,3,1.0,6,6,1.0
6857006,test,a36_37,3.2689757,3.1834235,1.0,3,3,1.0,2,2,1.0
6030,test,a38_39,3.4475641,3.749288,1.0,3,3,1.0,2,2,1.0
10030,test,a38_39,3.3315067,4.5234475,1.0,3,3,1.0,2,2,1.0
41008,test,a38_39,2.4875855,0.0,1.0,3,2,1.0,2,3,1.0
68003,test,a38_39,3.5574598,4.141229,1.0,3,3,1.0,2,2,1.0
127030,test,a38_39,3.406745,1.6800723,1.0,3,2,1.0,2,2,1.0
127031,test,a38_39,3.3016315,1.3273802,1.0,3,3,1.0,2,3,1.0
129031,test,a38_39,1.5937529,2.4149668,1.0,2,2,1.0,6,3,1.0
129196,test,a38_39,2.7753444,0.6038552,1.0,3,2,1.0,2,2,1.0
165030,test,a38_39,3.2753508,3.7935455,1.0,3,3,1.0,2,2,1.0
284004,test,a38_39,3.8474512,4.218239,1.0,3,3,1.0,2,2,1.0
301032,test,a38_39,3.820489,4.051456,1.0,3,3,1.0,2,6,1.0
327003,test,a38_39,3.1127076,3.8576567,1.0,3,3,1.0,2,2,1.0
327171,test,a38_39,3.1180646,1.2899189,1.0,3,3,1.0,2,2,1.0
327172,test,a38_39,2.5678952,3.6687279,1.0,3,3,1.0,2,2,1.0
331005,test,a38_39,3.9359396,4.2639766,1.0,3,3,1.0,2,2,1.0
344178,test,a38_39,3.0386105,3.3562138,1.0,3,3,1.0,2,2,1.0
461030,test,a38_39,3.4153123,3.2707531,1.0,3,3,1.0,2,2,1.0
486004,test,a38_39,3.424444,4.1858344,1.0,3,3,1.0,2,2,1.0
563183,test,a38_39,1.594685,4.886779,1.0,2,3,1.0,2,2,1.0
577004,test,a38_39,2.7248425,2.6426997,1.0,3,3,1.0,2,2,1.0
607030,test,a38_39,3.7375722,4.340779,1.0,3,3,1.0,2,4,1.0
613173,test,a38_39,2.9592957,4.6204996,1.0,3,3,1.0,2,2,1.0
634008,test,a38_39,3.341619,3.0124674,1.0,3,3,1.0,2,6,1.0
652005,test,a38_39,3.2408848,3.381554,1.0,3,3,1.0,2,2,1.0
672003,test,a38_39,1.6472166,3.7277038,1.0,2,3,1.0,2,4,1.0
691175,test,a38_39,3.1187105,3.1858559,1.0,3,3,1.0,2,2,1.0
699031,test,a38_39,2.018026,3.5333405,1.0,2,3,1.0,6,6,1.0
722178,test,a38_39,1.293952,0.0,1.0,2,2,1.0,2,2,1.0
771003,test,a38_39,2.819775,3.4782934,1.0,3,3,1.0,2,2,1.0
775005,test,a38_39,3.3872733,0.0,1.0,3,2,1.0,2,2,1.0
796006,test,a38_39,3.7920973,2.893335,1.0,3,3,1.0,2,6,1.0
844003,test,a38_39,3.059019,3.416885,1.0,3,3,1.0,2,2,1.0
863006,test,a38_39,3.3333316,0.0,1.0,3,2,1.0,2,2,1.0
863173,test,a38_39,3.062698,3.672806,1.0,3,3,1.0,2,2,1.0
866172,test,a38_39,3.2308986,2.6793635,1.0,3,3,1.0,2,2,1.0
868005,test,a38_39,3.541741,3.7266295,1.0,3,3,1.0,2,2,1.0
875030,test,a38_39,1.961554,0.0,1.0,2,2,1.0,2,2,1.0
897006,test,a38_39,3.173944,2.9308307,1.0,3,3,1.0,2,4,1.0
922171,test,a38_39,3.3599193,4.109105,1.0,3,3,1.0,2,2,1.0
934030,test,a38_39,3.198201,4.3578134,1.0,3,3,1.0,2,2,1.0
935005,test,a38_39,2.5358217,2.1372967,1.0,3,3,1.0,2,2,1.0
935176,test,a38_39,3.3817325,3.2996137,1.0,3,3,1.0,2,2,1.0
939030,test,a38_39,3.5135818,0.0,1.0,3,2,1.0,2,2,1.0
964003,test,a38_39,1.7042197,3.2050848,1.0,2,3,1.0,6,6,1.0
970004,test,a38_39,3.4606383,2.0805924,1.0,3,3,1.0,2,2,1.0
982004,test,a38_39,3.2614112,3.4262018,1.0,3,3,1.0,2,2,1.0
1033030,test,a38_39,3.4312916,3.8766596,1.0,3,3,1.0,2,2,1.0
1036003,test,a38_39,3.7736154,3.149699,1.0,3,3,1.0,2,2,1.0
1048006,test,a38_39,2.4969566,2.4126072,1.0,3,3,1.0,2,2,1.0
1055172,test,a38_39,1.8580248,3.7397017,1.0,3,3,1.0,2,2,1.0
1060175,test,a38_39,3.0122778,2.8523908,1.0,3,3,1.0,2,2,1.0
1064171,test,a38_39,3.3994782,4.4858203,1.0,3,3,1.0,2,2,1.0
1072171,test,a38_39,3.2722228,2.8985991,1.0,3,3,1.0,2,2,1.0
1084175,test,a38_39,2.744636,1.3963474,1.0,3,2,1.0,2,2,1.0
1100172,test,a38_39,3.0339446,3.8317928,1.0,3,3,1.0,2,2,1.0
1141171,test,a38_39,2.3938193,0.752443,1.0,3,3,1.0,2,2,1.0
1142030,test,a38_39,3.644349,3.3023171,1.0,3,3,1.0,2,2,1.0
1144032,test,a38_39,3.5753603,3.9551072,1.0,3,3,1.0,2,2,1.0
1149171,test,a38_39,3.0120492,2.588116,1.0,3,2,1.0,2,2,1.0
1162030,test,a38_39,2.914109,3.4081893,1.0,3,3,1.0,2,2,1.0
1167030,test,a38_39,1.4522984,0.0,1.0,2,2,1.0,6,6,1.0
1168008,test,a38_39,2.0690904,3.1106615,1.0,3,3,1.0,2,3,1.0
1222179,test,a38_39,2.7500176,2.342743,1.0,3,3,1.0,2,2,1.0
1260008,test,a38_39,3.2943332,2.241885,1.0,3,3,1.0,2,2,1.0
1269030,test,a38_39,2.8404121,3.9591064,1.0,3,3,1.0,2,4,1.0
1292030,test,a38_39,3.134205,2.9246223,1.0,3,2,1.0,2,4,1.0
1298005,test,a38_39,2.7487898,3.2996137,1.0,3,3,1.0,2,2,1.0
1306030,test,a38_39,4.1722474,4.886779,1.0,3,3,1.0,2,2,1.0
1335179,test,a38_39,2.7654502,3.2282774,1.0,3,3,1.0,2,2,1.0
1353030,test,a38_39,1.991635,0.0,1.0,3,2,1.0,2,2,1.0
1384030,test,a38_39,3.1669502,3.8597128,1.0,3,3,1.0,2,2,1.0
1399008,test,a38_39,2.5838165,3.9200065,1.0,3,3,1.0,2,4,1.0
1415004,test,a38_39,2.38021,2.7496648,1.0,3,3,1.0,2,2,1.0
1430005,test,a38_39,2.5783226,0.0,1.0,3,3,1.0,2,6,1.0
1431003,test,a38_39,3.636623,3.8332024,1.0,3,3,1.0,2,2,1.0
1431004,test,a38_39,3.019712,1.9831173,1.0,3,3,1.0,2,2,1.0
1431172,test,a38_39,3.6304836,4.455336,1.0,3,3,1.0,2,2,1.0
1462004,test,a38_39,2.447894,0.0,1.0,3,2,1.0,2,2,1.0
1520173,test,a38_39,3.2724853,3.9155073,1.0,3,3,1.0,2,2,1.0
1522175,test,a38_39,3.2503912,4.768415,1.0,3,3,1.0,2,2,1.0
1542006,test,a38_39,3.1728656,4.418266,1.0,3,3,1.0,2,2,1.0
1542177,test,a38_39,3.1645389,4.1952477,1.0,3,3,1.0,2,2,1.0
1567031,test,a38_39,3.4745815,3.7168667,1.0,3,3,1.0,2,6,1.0
1608031,test,a38_39,3.107236,0.0,0.0,3,-1,0.0,2,-1,0.0
1612003,test,a38_39,3.6339931,3.242958,1.0,3,3,1.0,2,4,1.0
1621003,test,a38_39,2.3590403,3.437568,1.0,3,3,1.0,2,2,1.0
1648003,test,a38_39,3.2816877,2.8707297,1.0,3,3,1.0,2,2,1.0
1648030,test,a38_39,3.3135161,3.2510931,1.0,3,3,1.0,2,6,1.0
1670172,test,a38_39,2.9006112,3.1246448,1.0,3,3,1.0,2,2,1.0
1684170,test,a38_39,1.307787,2.5787773,1.0,2,3,1.0,2,2,1.0
1690030,test,a38_39,3.5270352,3.6570308,1.0,3,3,1.0,2,2,1.0
1692176,test,a38_39,3.2634194,3.5729935,1.0,3,3,1.0,2,2,1.0
1695030,test,a38_39,2.9960375,2.9226713,1.0,3,3,1.0,6,2,1.0
1697036,test,a38_39,2.8037333,1.4840773,1.0,3,3,1.0,6,2,1.0
1698170,test,a38_39,2.6319985,0.00086969405,1.0,3,3,1.0,2,2,1.0
1700031,test,a38_39,3.362234,3.282534,1.0,3,3,1.0,2,4,1.0
1701003,test,a38_39,3.4549685,3.8529587,1.0,3,3,1.0,2,6,1.0
1711003,test,a38_39,2.478938,0.0,0.0,3,-1,0.0,2,-1,0.0
1711171,test,a38_39,3.2164233,3.6634784,1.0,3,3,1.0,2,2,1.0
1732005,test,a38_39,2.9411402,3.150554,1.0,3,3,1.0,2,4,1.0
1762187,test,a38_39,1.9035892,0.0,1.0,3,2,1.0,2,3,1.0
1786187,test,a38_39,3.311963,3.3020296,1.0,3,3,1.0,2,2,1.0
1837006,test,a38_39,3.5319118,2.8639922,1.0,3,3,1.0,2,2,1.0
1850172,test,a38_39,2.0689774,3.312707,1.0,3,3,1.0,2,2,1.0
1878030,test,a38_39,2.7058487,4.103497,1.0,3,2,1.0,2,4,1.0
1879030,test,a38_39,3.4608994,4.0583324,1.0,3,3,1.0,2,2,1.0
1905004,test,a38_39,3.5495098,4.316903,1.0,3,3,1.0,2,2,1.0
1919009,test,a38_39,3.2899163,1.6758715,1.0,3,3,1.0,2,2,1.0
1935004,test,a38_39,2.76783,2.953849,1.0,3,3,1.0,2,2,1.0
1936030,test,a38_39,2.5012293,1.0134155,1.0,3,3,1.0,2,2,1.0
1978171,test,a38_39,2.6709955,2.7871172,1.0,3,3,1.0,2,2,1.0
2030031,test,a38_39,3.184803,3.1751428,1.0,3,3,1.0,2,2,1.0
2117003,test,a38_39,2.8657281,2.6426997,1.0,3,3,1.0,2,2,1.0
2150172,test,a38_39,2.0757582,2.1172922,1.0,3,3,1.0,2,2,1.0
2199182,test,a38_39,2.8404748,3.7052534,1.0,3,2,1.0,2,2,1.0
2206030,test,a38_39,3.2544353,1.7450649,1.0,3,3,1.0,2,2,1.0
2212031,test,a38_39,3.5171967,4.496284,1.0,3,3,1.0,2,2,1.0
2238004,test,a38_39,3.2483056,2.8751705,1.0,3,3,1.0,2,4,1.0
2238172,test,a38_39,3.0226345,3.9032092,1.0,3,3,1.0,2,2,1.0
2252172,test,a38_39,3.0538847,2.8751705,1.0,3,3,1.0,2,2,1.0
2255030,test,a38_39,3.9971416,4.374246,1.0,3,3,1.0,2,2,1.0
2277008,test,a38_39,2.877736,2.8474362,1.0,3,3,1.0,2,2,1.0
2311172,test,a38_39,2.1766489,2.7029045,1.0,3,3,1.0,2,2,1.0
2330003,test,a38_39,3.5861955,3.9039345,1.0,3,3,1.0,2,2,1.0
2338003,test,a38_39,3.471356,4.347552,1.0,3,3,1.0,2,2,1.0
2341004,test,a38_39,3.3254375,3.5010288,1.0,3,3,1.0,2,4,1.0
2341005,test,a38_39,3.077167,0.0,1.0,3,3,1.0,2,2,1.0
2354004,test,a38_39,1.9154456,2.3049343,1.0,3,3,1.0,2,2,1.0
2392004,test,a38_39,2.2575312,2.9341648,1.0,3,3,1.0,2,2,1.0
2393005,test,a38_39,3.8435621,3.507782,1.0,3,3,1.0,2,2,1.0
2393171,test,a38_39,2.9663727,4.208233,1.0,3,3,1.0,2,2,1.0
2409006,test,a38_39,3.1072927,0.0,0.0,3,-1,0.0,2,-1,0.0
2409171,test,a38_39,2.990192,2.6426997,1.0,3,3,1.0,2,3,1.0
2422178,test,a38_39,3.3224752,3.3621042,1.0,3,3,1.0,2,2,1.0
2459030,test,a38_39,3.0785265,3.924717,1.0,3,3,1.0,2,2,1.0
2474030,test,a38_39,3.3264775,4.0688195,1.0,3,3,1.0,2,2,1.0
2474171,test,a38_39,2.1284246,0.0,1.0,3,2,1.0,2,2,1.0
2485173,test,a38_39,2.91086,2.1378505,1.0,3,2,1.0,2,6,1.0
2496172,test,a38_39,2.872725,3.3488646,1.0,3,3,1.0,2,2,1.0
2502005,test,a38_39,3.2207062,3.390585,1.0,3,3,1.0,2,2,1.0
2510171,test,a38_39,3.18102,4.289796,1.0,3,3,1.0,2,2,1.0
2525174,test,a38_39,3.0236304,1.9848303,1.0,3,2,1.0,2,2,1.0
2530184,test,a38_39,2.6620324,1.403595,1.0,3,2,1.0,2,2,1.0
2547171,test,a38_39,3.5725403,4.568962,1.0,3,3,1.0,2,2,1.0
2580030,test,a38_39,3.9050045,4.819106,1.0,3,3,1.0,2,2,1.0
2593171,test,a38_39,3.0766659,4.559393,1.0,3,3,1.0,2,4,1.0
2615031,test,a38_39,3.3556948,3.192419,1.0,3,3,1.0,2,2,1.0
2642030,test,a38_39,2.7173395,3.8566759,1.0,3,3,1.0,2,4,1.0
2655002,test,a38_39,1.6818268,0.0,0.0,3,-1,0.0,2,-1,0.0
2705031,test,a38_39,3.4656403,4.0177207,1.0,3,3,1.0,2,4,1.0
2707179,test,a38_39,3.1615736,3.1407087,1.0,3,3,1.0,2,2,1.0
2714031,test,a38_39,3.2917857,3.5910182,1.0,3,3,1.0,2,2,1.0
2717004,test,a38_39,3.2788184,3.7156205,1.0,3,3,1.0,2,2,1.0
2738171,test,a38_39,3.2631106,4.1992106,1.0,3,3,1.0,2,2,1.0
2794003,test,a38_39,3.56703,3.6167965,1.0,3,3,1.0,2,2,1.0
2845030,test,a38_39,2.6429412,3.32431,1.0,3,3,1.0,2,2,1.0
2847030,test,a38_39,2.7798154,3.4514334,1.0,3,3,1.0,4,4,1.0
2848174,test,a38_39,2.3023937,0.0,1.0,3,2,1.0,2,2,1.0
2852006,test,a38_39,1.6152948,2.8745651,1.0,3,2,1.0,2,2,1.0
2852030,test,a38_39,3.2846515,1.7578189,1.0,3,3,1.0,2,2,1.0
2869170,test,a38_39,3.251486,4.296681,1.0,3,3,1.0,2,2,1.0
2897006,test,a38_39,3.1059318,2.8997164,1.0,3,3,1.0,2,2,1.0
2900171,test,a38_39,3.2687547,3.857261,1.0,3,3,1.0,2,2,1.0
2907006,test,a38_39,2.9675019,2.8441474,1.0,3,3,1.0,2,2,1.0
2920030,test,a38_39,3.3232396,3.5910182,1.0,3,2,1.0,2,4,1.0
3107001,test,a38_39,3.220641,3.660574,1.0,3,3,1.0,2,2,1.0
3137007,test,a38_39,2.405503,2.908521,1.0,3,3,1.0,6,6,1.0
3283002,test,a38_39,3.2494063,3.2907898,1.0,3,3,1.0,2,6,1.0
3492001,test,a38_39,3.0859363,0.3199841,1.0,3,2,1.0,2,2,1.0
5016170,test,a38_39,2.8452613,1.8830991,1.0,3,3,1.0,2,4,1.0
5082003,test,a38_39,3.3949943,3.916388,1.0,3,3,1.0,2,4,1.0
5145032,test,a38_39,3.0759678,0.0,1.0,3,2,1.0,6,6,1.0
5163030,test,a38_39,3.3129568,2.874842,1.0,3,3,1.0,2,4,1.0
5177171,test,a38_39,2.1426914,0.5026926,1.0,3,3,1.0,6,6,1.0
5199178,test,a38_39,2.684533,3.016735,1.0,3,3,1.0,2,2,1.0
5241030,test,a38_39,2.690839,3.3928792,1.0,3,3,1.0,2,6,1.0
5264004,test,a38_39,3.1612768,3.4920115,1.0,3,3,1.0,2,2,1.0
5294003,test,a38_39,3.5294518,3.5534267,1.0,3,3,1.0,2,2,1.0
5299172,test,a38_39,3.2493474,2.7591305,1.0,3,3,1.0,2,2,1.0
5306002,test,a38_39,2.5355284,0.5325506,1.0,3,2,1.0,2,6,1.0
5350030,test,a38_39,2.5613668,3.4463062,1.0,3,3,1.0,2,6,1.0
5364006,test,a38_39,3.1581454,3.6436281,1.0,3,2,1.0,6,6,1.0
5366033,test,a38_39,2.9437056,3.6539025,1.0,3,3,1.0,6,4,1.0
5406173,test,a38_39,2.884743,3.4896688,1.0,3,3,1.0,2,4,1.0
5424030,test,a38_39,1.8477371,3.3914385,1.0,3,3,1.0,6,6,1.0
5425003,test,a38_39,2.01929,2.986773,1.0,3,3,1.0,2,2,1.0
5430031,test,a38_39,2.0633595,0.0,1.0,2,2,1.0,6,6,1.0
5430171,test,a38_39,2.527937,3.2527912,1.0,3,3,1.0,6,6,1.0
5443007,test,a38_39,1.9771101,0.0,1.0,3,2,1.0,2,2,1.0
5464032,test,a38_39,2.6735663,3.0959985,1.0,3,3,1.0,2,2,1.0
5488007,test,a38_39,2.6187315,2.388837,1.0,3,3,1.0,2,2,1.0
5494005,test,a38_39,2.950583,2.6712263,1.0,3,3,1.0,6,6,1.0
5513030,test,a38_39,2.8826184,1.8739514,1.0,3,3,1.0,6,6,1.0
5549006,test,a38_39,2.6551785,3.2625797,1.0,3,3,1.0,2,3,1.0
5553173,test,a38_39,2.939764,4.113696,1.0,3,3,1.0,2,2,1.0
5560186,test,a38_39,3.420302,3.4533525,1.0,3,3,1.0,2,2,1.0
5569009,test,a38_39,2.9762218,1.8774947,1.0,3,3,1.0,2,2,1.0
5570010,test,a38_39,3.4732203,3.7856972,1.0,3,3,1.0,2,4,1.0
5570012,test,a38_39,2.9407403,3.5299022,1.0,3,3,1.0,2,2,1.0
5570033,test,a38_39,3.4247758,3.4081893,1.0,3,3,1.0,2,2,1.0
5576031,test,a38_39,2.642728,2.8607311,1.0,3,3,1.0,2,2,1.0
5614005,test,a38_39,2.3489733,3.0700378,1.0,3,3,1.0,4,4,1.0
5615010,test,a38_39,2.874956,3.3347914,1.0,3,3,1.0,2,2,1.0
5615181,test,a38_39,3.2496421,3.64069,1.0,3,3,1.0,2,2,1.0
5621170,test,a38_39,3.2372959,2.8751972,1.0,3,3,1.0,2,2,1.0
5626010,test,a38_39,2.8369646,3.6983402,1.0,3,3,1.0,2,4,1.0
5634188,test,a38_39,3.1073246,3.7130666,1.0,3,3,1.0,2,5,1.0
5635031,test,a38_39,3.2821944,3.0341442,1.0,3,3,1.0,2,2,1.0
5646006,test,a38_39,1.701253,1.4691843,1.0,2,2,1.0,6,6,1.0
5660005,test,a38_39,2.9393537,3.3618436,1.0,3,3,1.0,2,2,1.0
5664003,test,a38_39,1.9416653,2.5328875,1.0,3,3,1.0,6,6,1.0
5676007,test,a38_39,3.2794406,3.2290735,1.0,3,3,1.0,2,2,1.0
5678030,test,a38_39,2.3479564,2.5460799,1.0,3,2,1.0,6,6,1.0
5684034,test,a38_39,3.2344015,4.285655,1.0,3,3,1.0,2,4,1.0
5784005,test,a38_39,1.6274202,0.98314327,1.0,2,2,1.0,6,6,1.0
5819005,test,a38_39,1.874664,0.0,1.0,3,2,1.0,6,6,1.0
5821008,test,a38_39,2.845459,2.9653394,1.0,3,3,1.0,2,2,1.0
5863033,test,a38_39,1.8130972,2.2691305,1.0,2,3,1.0,6,6,1.0
5921003,test,a38_39,2.6852612,2.8987672,1.0,3,3,1.0,4,6,1.0
5922010,test,a38_39,3.471202,3.0221944,1.0,3,3,1.0,6,6,1.0
5938031,test,a38_39,2.5145273,0.0,1.0,3,2,1.0,2,6,1.0
5960033,test,a38_39,2.5404205,2.9610908,1.0,3,3,1.0,2,6,1.0
5995005,test,a38_39,2.1497078,3.1931083,1.0,3,3,1.0,6,6,1.0
6028032,test,a38_39,2.5154598,3.2903967,1.0,3,3,1.0,6,6,1.0
6030005,test,a38_39,3.701671,3.3618436,1.0,3,3,1.0,6,6,1.0
6030008,test,a38_39,3.4746377,3.4057453,1.0,3,3,1.0,6,6,1.0
6093006,test,a38_39,1.4913378,2.8947754,1.0,2,3,1.0,6,6,1.0
6093011,test,a38_39,2.31512,2.4029288,1.0,3,3,1.0,6,6,1.0
6114182,test,a38_39,2.6614501,0.0,1.0,3,-1,0.0,2,4,1.0
6120195,test,a38_39,1.9210821,0.0,1.0,3,2,1.0,2,2,1.0
6121030,test,a38_39,2.8181944,3.990114,1.0,3,3,1.0,6,6,1.0
6179003,test,a38_39,3.557294,3.4187503,1.0,3,3,1.0,2,2,1.0
6179170,test,a38_39,1.4684669,0.0,1.0,3,2,1.0,2,2,1.0
6191006,test,a38_39,3.0410676,3.497985,1.0,3,3,1.0,2,2,1.0
6200175,test,a38_39,3.3653617,0.0,0.0,3,-1,0.0,2,-1,0.0
6210007,test,a38_39,3.5284927,3.3717976,1.0,3,3,1.0,6,2,1.0
6210008,test,a38_39,3.0775855,2.1378505,1.0,3,2,1.0,6,2,1.0
6350007,test,a38_39,2.7647083,3.0180361,1.0,3,3,1.0,2,2,1.0
6365010,test,a38_39,1.4575908,2.5992112,1.0,2,3,1.0,6,6,1.0
6365011,test,a38_39,2.073049,0.0,1.0,3,2,1.0,2,2,1.0
6365177,test,a38_39,2.804553,3.1111588,1.0,3,3,1.0,2,2,1.0
6381008,test,a38_39,3.1134903,4.452307,1.0,3,2,1.0,2,4,1.0
6444003,test,a38_39,2.737285,3.2238517,1.0,3,3,1.0,2,2,1.0
6475006,test,a38_39,1.2912794,1.6452125,1.0,2,3,1.0,6,6,1.0
6475007,test,a38_39,1.2561461,2.188878,1.0,2,3,1.0,6,6,1.0
6509004,test,a38_39,2.6984375,3.403105,1.0,3,3,1.0,2,2,1.0
6545008,test,a38_39,3.451357,3.8777459,1.0,3,3,1.0,2,2,1.0
6571003,test,a38_39,2.7503772,3.6925054,1.0,3,3,1.0,6,6,1.0
6635009,test,a38_39,1.735075,0.0,1.0,3,2,1.0,6,6,1.0
6663030,test,a38_39,3.5769286,3.9113111,1.0,3,3,1.0,6,6,1.0
6674003,test,a38_39,3.4064014,4.0220346,1.0,3,3,1.0,2,3,1.0
6674005,test,a38_39,3.369194,0.0,1.0,3,2,1.0,2,4,1.0
6736181,test,a38_39,2.9223473,2.6061158,1.0,3,3,1.0,2,2,1.0
6740003,test,a38_39,2.3081727,2.8639922,1.0,3,3,1.0,2,2,1.0
6769008,test,a38_39,2.5913367,0.0,0.0,3,-1,0.0,2,-1,0.0
6779033,test,a38_39,1.3229535,0.0,1.0,2,2,1.0,6,6,1.0
6820030,test,a38_39,2.789727,0.0,1.0,3,2,1.0,6,6,1.0
6843006,test,a38_39,1.3901086,1.9161729,1.0,2,3,1.0,6,6,1.0
6857006,test,a38_39,3.3861513,4.07775,1.0,3,3,1.0,2,2,1.0
6030,test,a40_41,3.4755468,3.7499423,1.0,3,3,1.0,2,2,1.0
10030,test,a40_41,3.3505216,4.559393,1.0,3,3,1.0,2,2,1.0
41008,test,a40_41,2.468221,0.0,1.0,3,2,1.0,2,3,1.0
68003,test,a40_41,3.5544257,4.0359044,1.0,3,3,1.0,2,2,1.0
127030,test,a40_41,3.4046004,1.9284004,1.0,3,3,1.0,2,2,1.0
127031,test,a40_41,3.3100019,2.6091545,1.0,3,3,1.0,2,4,1.0
129031,test,a40_41,1.5821092,2.0290809,1.0,2,3,1.0,6,6,1.0
129196,test,a40_41,2.8066702,0.0,1.0,3,2,1.0,2,2,1.0
165030,test,a40_41,3.3807418,3.9474757,1.0,3,3,1.0,2,2,1.0
284004,test,a40_41,3.8735852,4.279761,1.0,3,3,1.0,2,2,1.0
301032,test,a40_41,3.8123224,4.00551,1.0,3,3,1.0,2,2,1.0
327003,test,a40_41,3.160035,3.8113515,1.0,3,3,1.0,2,2,1.0
327171,test,a40_41,3.1700718,1.4956659,1.0,3,3,1.0,2,2,1.0
327172,test,a40_41,2.640338,2.1790605,1.0,3,3,1.0,2,2,1.0
331005,test,a40_41,4.052811,4.282937,1.0,3,3,1.0,2,2,1.0
344178,test,a40_41,3.088057,3.44694,1.0,3,3,1.0,2,2,1.0
461030,test,a40_41,3.3810165,2.8327258,1.0,3,3,1.0,2,2,1.0
486004,test,a40_41,3.3886116,3.858834,1.0,3,3,1.0,2,2,1.0
563183,test,a40_41,1.7094976,0.0,1.0,3,2,1.0,2,2,1.0
577004,test,a40_41,2.7505481,3.18551,1.0,3,3,1.0,2,2,1.0
607030,test,a40_41,3.7615185,4.129383,1.0,3,3,1.0,2,2,1.0
613173,test,a40_41,3.029303,4.710525,1.0,3,3,1.0,2,2,1.0
634008,test,a40_41,3.367287,0.0,1.0,3,2,1.0,2,2,1.0
652005,test,a40_41,3.1656518,3.578778,1.0,3,3,1.0,2,2,1.0
672003,test,a40_41,1.8453625,3.6452837,1.0,2,3,1.0,2,4,1.0
691175,test,a40_41,3.155601,3.0671463,1.0,3,3,1.0,2,2,1.0
699031,test,a40_41,2.0008483,3.5188198,1.0,2,3,1.0,6,6,1.0
722178,test,a40_41,1.3343248,2.6435707,1.0,2,2,1.0,2,2,1.0
771003,test,a40_41,2.831417,3.6737127,1.0,3,3,1.0,2,2,1.0
775005,test,a40_41,3.339368,0.7834087,1.0,3,2,1.0,2,2,1.0
796006,test,a40_41,3.7586002,3.935453,1.0,3,3,1.0,2,6,1.0
844003,test,a40_41,3.115572,3.3626049,1.0,3,3,1.0,2,2,1.0
863006,test,a40_41,3.356062,1.3168756,1.0,3,2,1.0,2,2,1.0
863173,test,a40_41,3.0942252,3.9154449,1.0,3,3,1.0,2,2,1.0
866172,test,a40_41,3.2195628,2.6542404,1.0,3,3,1.0,2,2,1.0
868005,test,a40_41,3.5516047,0.0,0.0,3,-1,0.0,2,-1,0.0
875030,test,a40_41,2.048898,0.0,1.0,2,2,1.0,2,2,1.0
897006,test,a40_41,3.1871102,2.0627527,1.0,3,2,1.0,2,4,1.0
922171,test,a40_41,3.359684,4.4280105,1.0,3,3,1.0,2,2,1.0
934030,test,a40_41,3.204449,4.2702847,1.0,3,3,1.0,2,2,1.0
935005,test,a40_41,2.720823,2.9372149,1.0,3,3,1.0,2,2,1.0
935176,test,a40_41,3.378878,3.1244323,1.0,3,3,1.0,2,2,1.0
939030,test,a40_41,3.716196,1.1140053,1.0,3,3,1.0,2,2,1.0
964003,test,a40_41,1.767557,2.2928271,1.0,3,3,1.0,6,6,1.0
970004,test,a40_41,3.4187524,1.595321,1.0,3,3,1.0,2,2,1.0
982004,test,a40_41,3.1970732,3.5209594,1.0,3,3,1.0,2,2,1.0
1033030,test,a40_41,3.4503326,4.8614855,1.0,3,3,1.0,2,2,1.0
1036003,test,a40_41,3.8206923,2.884099,1.0,3,3,1.0,2,2,1.0
1048006,test,a40_41,2.4884133,2.782191,1.0,3,3,1.0,2,2,1.0
1055172,test,a40_41,1.9403054,3.6848996,1.0,3,3,1.0,2,2,1.0
1060175,test,a40_41,3.0049498,2.5155134,1.0,3,3,1.0,2,2,1.0
1064171,test,a40_41,3.4296527,3.8597128,1.0,3,3,1.0,2,2,1.0
1072171,test,a40_41,3.3076751,3.5870097,1.0,3,3,1.0,2,2,1.0
1084175,test,a40_41,2.8502834,0.12959567,1.0,3,2,1.0,2,2,1.0
1100172,test,a40_41,3.1309614,3.9865384,1.0,3,3,1.0,2,2,1.0
1141171,test,a40_41,2.2858543,2.8288498,1.0,3,3,1.0,2,2,1.0
1142030,test,a40_41,3.662379,3.49205,1.0,3,3,1.0,2,3,1.0
1144032,test,a40_41,3.5361178,4.25247,1.0,3,3,1.0,2,2,1.0
1149171,test,a40_41,3.0512664,3.7665071,1.0,3,3,1.0,2,2,1.0
1162030,test,a40_41,2.9249463,3.5748012,1.0,3,3,1.0,2,2,1.0
1167030,test,a40_41,1.4319236,0.0,1.0,2,2,1.0,6,6,1.0
1168008,test,a40_41,2.2181058,3.210248,1.0,3,3,1.0,2,3,1.0
1222179,test,a40_41,2.8427052,2.767858,1.0,3,3,1.0,2,2,1.0
1260008,test,a40_41,3.2983575,2.63554,1.0,3,3,1.0,2,2,1.0
1269030,test,a40_41,2.9621542,4.243668,1.0,3,3,1.0,2,2,1.0
1292030,test,a40_41,3.1135147,0.8605063,1.0,3,2,1.0,2,4,1.0
1298005,test,a40_41,2.8458385,3.515135,1.0,3,3,1.0,2,2,1.0
1306030,test,a40_41,4.188591,4.886779,1.0,3,3,1.0,2,2,1.0
1335179,test,a40_41,2.9243355,3.2139137,1.0,3,3,1.0,2,2,1.0
1353030,test,a40_41,2.1071007,0.0,1.0,3,2,1.0,2,2,1.0
1384030,test,a40_41,3.196429,3.8051383,1.0,3,3,1.0,2,2,1.0
1399008,test,a40_41,2.787025,4.0544734,1.0,3,2,1.0,2,4,1.0
1415004,test,a40_41,2.3216867,2.0535257,1.0,3,2,1.0,2,2,1.0
1430005,test,a40_41,2.634754,0.0,1.0,3,2,1.0,2,6,1.0
1431003,test,a40_41,3.520502,4.008891,1.0,3,3,1.0,2,2,1.0
1431004,test,a40_41,3.0367253,0.0,1.0,3,2,1.0,2,2,1.0
1431172,test,a40_41,3.633569,4.6023507,1.0,3,3,1.0,2,2,1.0
1462004,test,a40_41,2.5882127,1.7540548,1.0,3,3,1.0,2,2,1.0
1520173,test,a40_41,3.2703407,3.8882296,1.0,3,3,1.0,2,2,1.0
1522175,test,a40_41,3.2795143,4.5083756,1.0,3,3,1.0,2,2,1.0
1542006,test,a40_41,3.2734845,4.433782,1.0,3,3,1.0,2,2,1.0
1542177,test,a40_41,3.189787,4.2022185,1.0,3,3,1.0,2,2,1.0
1567031,test,a40_41,3.4928293,3.8071828,1.0,3,3,1.0,2,6,1.0
1608031,test,a40_41,3.1723182,3.1444824,1.0,3,3,1.0,2,4,1.0
1612003,test,a40_41,3.5655787,4.1677203,1.0,3,3,1.0,2,4,1.0
1621003,test,a40_41,2.3903413,3.2300382,1.0,3,3,1.0,2,2,1.0
1648003,test,a40_41,3.2697165,2.9066825,1.0,3,3,1.0,2,2,1.0
1648030,test,a40_41,3.2717984,3.3073823,1.0,3,2,1.0,2,6,1.0
1670172,test,a40_41,2.8625436,2.9212708,1.0,3,3,1.0,2,2,1.0
1684170,test,a40_41,1.4236258,0.0,0.0,2,-1,0.0,2,-1,0.0
1690030,test,a40_41,3.4436226,3.6953304,1.0,3,3,1.0,2,2,1.0
1692176,test,a40_41,3.3045447,3.8142254,1.0,3,3,1.0,2,2,1.0
1695030,test,a40_41,3.0175602,2.9304814,1.0,3,3,1.0,6,2,1.0
1697036,test,a40_41,2.8178325,0.0,1.0,3,3,1.0,6,2,1.0
1698170,test,a40_41,2.6606505,2.7524128,1.0,3,3,1.0,2,2,1.0
1700031,test,a40_41,3.3345423,3.4132857,1.0,3,3,1.0,2,4,1.0
1701003,test,a40_41,3.5235634,4.083866,1.0,3,3,1.0,2,6,1.0
1711003,test,a40_41,2.5250685,2.6030054,1.0,3,3,1.0,2,2,1.0
1711171,test,a40_41,3.2314768,1.7564632,1.0,3,3,1.0,2,2,1.0
1732005,test,a40_41,2.8861735,3.6597633,1.0,3,3,1.0,2,4,1.0
1762187,test,a40_41,1.8867588,2.3030276,1.0,3,3,1.0,2,3,1.0
1786187,test,a40_41,3.3445816,3.3871381,1.0,3,3,1.0,2,2,1.0
1837006,test,a40_41,3.5625083,2.9212708,1.0,3,3,1.0,2,2,1.0
1850172,test,a40_41,2.1502876,3.478806,1.0,3,3,1.0,2,2,1.0
1878030,test,a40_41,2.881953,0.0,1.0,3,2,1.0,2,4,1.0
1879030,test,a40_41,3.5304976,4.0048003,1.0,3,3,1.0,2,2,1.0
1905004,test,a40_41,3.564441,3.8047087,1.0,3,3,1.0,2,2,1.0
1919009,test,a40_41,3.2896652,2.2302382,1.0,3,3,1.0,2,2,1.0
1935004,test,a40_41,2.749732,3.016735,1.0,3,3,1.0,2,2,1.0
1936030,test,a40_41,2.6602843,1.4956659,1.0,3,3,1.0,2,2,1.0
1978171,test,a40_41,2.741763,2.6840017,1.0,3,3,1.0,2,2,1.0
2030031,test,a40_41,3.1744518,3.3526871,1.0,3,3,1.0,2,2,1.0
2117003,test,a40_41,2.9102924,2.4012594,1.0,3,3,1.0,2,2,1.0
2150172,test,a40_41,2.1537719,2.8005123,1.0,3,2,1.0,2,2,1.0
2199182,test,a40_41,2.911405,4.0846477,1.0,3,3,1.0,2,2,1.0
2206030,test,a40_41,3.394074,2.9928195,1.0,3,3,1.0,2,2,1.0
2212031,test,a40_41,3.5982447,4.4331484,1.0,3,3,1.0,2,2,1.0
2238004,test,a40_41,3.2639546,3.9032092,1.0,3,3,1.0,2,4,1.0
2238172,test,a40_41,3.1032827,4.278098,1.0,3,3,1.0,2,3,1.0
2252172,test,a40_41,3.0962052,3.153995,1.0,3,3,1.0,2,2,1.0
2255030,test,a40_41,4.092547,4.886779,1.0,3,3,1.0,2,2,1.0
2277008,test,a40_41,2.901064,2.7901263,1.0,3,3,1.0,2,2,1.0
2311172,test,a40_41,2.1944816,0.74044657,1.0,3,3,1.0,2,2,1.0
2330003,test,a40_41,3.569827,3.858834,1.0,3,3,1.0,2,2,1.0
2338003,test,a40_41,3.4584112,4.6548495,1.0,3,3,1.0,2,2,1.0
2341004,test,a40_41,3.2827883,3.0886452,1.0,3,3,1.0,2,4,1.0
2341005,test,a40_41,3.0874603,2.4084687,1.0,3,3,1.0,2,2,1.0
2354004,test,a40_41,1.864056,2.5044913,1.0,3,3,1.0,2,2,1.0
2392004,test,a40_41,2.239603,0.0,0.0,3,-1,0.0,2,-1,0.0
2393005,test,a40_41,3.8658116,3.6807222,1.0,3,3,1.0,2,2,1.0
2393171,test,a40_41,2.9796827,3.9681766,1.0,3,3,1.0,2,2,1.0
2409006,test,a40_41,3.1119704,0.0,0.0,3,-1,0.0,2,-1,0.0
2409171,test,a40_41,3.0462422,3.0480464,1.0,3,3,1.0,2,4,1.0
2422178,test,a40_41,3.3573134,3.4296312,1.0,3,3,1.0,2,2,1.0
2459030,test,a40_41,3.172449,3.9497616,1.0,3,3,1.0,2,2,1.0
2474030,test,a40_41,3.3925807,4.079769,1.0,3,3,1.0,2,2,1.0
2474171,test,a40_41,2.2165225,0.0,1.0,3,2,1.0,2,2,1.0
2485173,test,a40_41,2.9877386,2.5871267,1.0,3,3,1.0,2,4,1.0
2496172,test,a40_41,2.9247649,3.3445346,1.0,3,3,1.0,2,2,1.0
2502005,test,a40_41,3.1240532,3.3588138,1.0,3,3,1.0,2,2,1.0
2510171,test,a40_41,3.2233582,4.455336,1.0,3,3,1.0,2,2,1.0
2525174,test,a40_41,3.1204994,0.0,1.0,3,2,1.0,2,2,1.0
2530184,test,a40_41,2.7247162,0.0,1.0,3,2,1.0,2,2,1.0
2547171,test,a40_41,3.5988295,4.540295,1.0,3,3,1.0,2,2,1.0
2580030,test,a40_41,3.9017878,4.8289323,1.0,3,3,1.0,2,2,1.0
2593171,test,a40_41,3.1618102,4.5567827,1.0,3,3,1.0,2,4,1.0
2615031,test,a40_41,3.3594856,3.1635318,1.0,3,3,1.0,2,2,1.0
2642030,test,a40_41,2.7509944,3.5686162,1.0,3,3,1.0,2,2,1.0
2655002,test,a40_41,1.7578385,0.0,1.0,3,2,1.0,2,2,1.0
2705031,test,a40_41,3.4531336,3.5910182,1.0,3,3,1.0,2,4,1.0
2707179,test,a40_41,3.1888216,3.1097243,1.0,3,3,1.0,2,2,1.0
2714031,test,a40_41,3.274878,4.4998927,1.0,3,3,1.0,2,3,1.0
2717004,test,a40_41,3.2150269,3.5781584,1.0,3,3,1.0,2,2,1.0
2738171,test,a40_41,3.2845383,4.0232816,1.0,3,3,1.0,2,2,1.0
2794003,test,a40_41,3.540708,3.718102,1.0,3,3,1.0,2,2,1.0
2845030,test,a40_41,2.7539265,3.4900744,1.0,3,3,1.0,2,2,1.0
2847030,test,a40_41,2.786077,3.4371748,1.0,3,3,1.0,4,4,1.0
2848174,test,a40_41,2.4093647,0.0,1.0,3,3,1.0,2,2,1.0
2852006,test,a40_41,1.7318771,1.7842062,1.0,3,3,1.0,2,2,1.0
2852030,test,a40_41,3.3130376,3.4605064,1.0,3,3,1.0,2,4,1.0
2869170,test,a40_41,3.272804,4.2101345,1.0,3,3,1.0,2,2,1.0
2897006,test,a40_41,3.10633,0.0,1.0,3,3,1.0,2,2,1.0
2900171,test,a40_41,3.2876883,3.6409497,1.0,3,3,1.0,2,2,1.0
2907006,test,a40_41,2.9737892,2.6187103,1.0,3,3,1.0,2,2,1.0
2920030,test,a40_41,3.3290088,0.0,0.0,3,-1,0.0,6,-1,0.0
3107001,test,a40_41,3.2275207,3.2733867,1.0,3,3,1.0,2,2,1.0
3137007,test,a40_41,2.5331397,2.5467622,1.0,3,3,1.0,6,6,1.0
3283002,test,a40_41,3.306141,3.921005,1.0,3,3,1.0,2,6,1.0
3492001,test,a40_41,3.1289835,0.0,1.0,3,2,1.0,2,2,1.0
5016170,test,a40_41,2.978574,2.2421632,1.0,3,3,1.0,2,4,1.0
5082003,test,a40_41,3.3779197,3.9932265,1.0,3,3,1.0,2,4,1.0
5145032,test,a40_41,3.094845,3.1170058,1.0,3,3,1.0,6,6,1.0
5163030,test,a40_41,3.3145618,2.9642875,1.0,3,3,1.0,2,4,1.0
5177171,test,a40_41,2.169428,0.49211225,1.0,3,2,1.0,6,6,1.0
5199178,test,a40_41,2.7727427,3.59953,1.0,3,3,1.0,2,2,1.0
5241030,test,a40_41,2.833174,3.5749753,1.0,3,3,1.0,2,6,1.0
5264004,test,a40_41,3.192143,3.5120373,1.0,3,3,1.0,2,2,1.0
5294003,test,a40_41,3.4441316,3.654262,1.0,3,3,1.0,2,2,1.0
5299172,test,a40_41,3.3166857,3.1953952,1.0,3,3,1.0,2,2,1.0
5306002,test,a40_41,2.5342178,0.3266577,1.0,3,2,1.0,2,6,1.0
5350030,test,a40_41,2.5576105,3.3050623,1.0,3,3,1.0,2,6,1.0
5364006,test,a40_41,3.2015226,4.7806487,1.0,3,3,1.0,6,6,1.0
5366033,test,a40_41,2.994865,3.8141546,1.0,3,3,1.0,6,4,1.0
5406173,test,a40_41,2.973649,3.6509905,1.0,3,3,1.0,2,4,1.0
5424030,test,a40_41,1.809361,1.3657057,1.0,2,3,1.0,6,6,1.0
5425003,test,a40_41,2.0961537,2.8280425,1.0,3,3,1.0,2,2,1.0
5430031,test,a40_41,2.074068,0.6298249,1.0,2,2,1.0,6,6,1.0
5430171,test,a40_41,2.609412,2.7871172,1.0,3,3,1.0,6,6,1.0
5443007,test,a40_41,1.9296293,3.016735,1.0,3,3,1.0,2,2,1.0
5464032,test,a40_41,2.6575096,1.6090235,1.0,3,2,1.0,2,2,1.0
5488007,test,a40_41,2.5841472,2.6505947,1.0,3,3,1.0,2,2,1.0
5494005,test,a40_41,2.9016604,3.4877887,1.0,3,3,1.0,6,2,1.0
5513030,test,a40_41,2.8959937,0.0,1.0,3,3,1.0,6,6,1.0
5549006,test,a40_41,2.603549,3.1447468,1.0,3,2,1.0,2,3,1.0
5553173,test,a40_41,3.0270898,4.0601115,1.0,3,3,1.0,2,2,1.0
5560186,test,a40_41,3.4605205,3.5258186,1.0,3,3,1.0,2,2,1.0
5569009,test,a40_41,2.858815,3.5397089,1.0,3,3,1.0,2,3,1.0
5570010,test,a40_41,3.5024967,3.7746825,1.0,3,3,1.0,2,4,1.0
5570012,test,a40_41,2.915793,3.5320323,1.0,3,3,1.0,2,2,1.0
5570033,test,a40_41,3.4105625,3.0667183,1.0,3,3,1.0,2,2,1.0
5576031,test,a40_41,2.5543606,2.7843602,1.0,3,3,1.0,2,2,1.0
5614005,test,a40_41,2.3637886,1.4687297,1.0,3,2,1.0,2,4,1.0
5615010,test,a40_41,2.9751976,3.456708,1.0,3,3,1.0,2,2,1.0
5615181,test,a40_41,3.2852902,3.760343,1.0,3,3,1.0,2,2,1.0
5621170,test,a40_41,3.2870805,2.9801733,1.0,3,3,1.0,2,2,1.0
5626010,test,a40_41,2.9088585,3.3771255,1.0,3,3,1.0,2,4,1.0
5634188,test,a40_41,3.1421628,4.2273045,1.0,3,3,1.0,2,5,1.0
5635031,test,a40_41,3.1877751,2.0191162,1.0,3,2,1.0,2,2,1.0
5646006,test,a40_41,1.7295718,0.6864259,1.0,3,2,1.0,6,6,1.0
5660005,test,a40_41,2.9512153,1.360323,1.0,3,3,1.0,2,3,1.0
5664003,test,a40_41,1.9970253,2.423047,1.0,3,2,1.0,6,6,1.0
5676007,test,a40_41,3.1765063,3.4555361,1.0,3,3,1.0,2,2,1.0
5678030,test,a40_41,2.288323,0.0,1.0,3,2,1.0,6,6,1.0
5684034,test,a40_41,3.2155807,3.965506,1.0,3,3,1.0,2,2,1.0
5784005,test,a40_41,1.5836651,0.544594,1.0,2,3,1.0,6,6,1.0
5819005,test,a40_41,1.858039,0.0,1.0,3,3,1.0,6,6,1.0
5821008,test,a40_41,2.7329974,3.1290631,1.0,3,3,1.0,2,2,1.0
5863033,test,a40_41,1.8645614,2.174519,1.0,3,3,1.0,6,6,1.0
5921003,test,a40_41,2.5966246,3.4085956,1.0,3,3,1.0,2,6,1.0
5922010,test,a40_41,3.4008346,4.886779,1.0,3,3,1.0,6,6,1.0
5938031,test,a40_41,2.5701106,0.0,1.0,3,2,1.0,2,6,1.0
5960033,test,a40_41,2.5131025,3.553619,1.0,3,3,1.0,2,6,1.0
5995005,test,a40_41,2.214337,0.0,1.0,3,2,1.0,6,6,1.0
6028032,test,a40_41,2.4939818,3.255347,1.0,3,3,1.0,6,6,1.0
6030005,test,a40_41,3.585486,3.3395429,1.0,3,3,1.0,6,2,1.0
6030008,test,a40_41,3.3494425,3.1301715,1.0,3,3,1.0,6,2,1.0
6093006,test,a40_41,1.5132802,3.1447468,1.0,2,3,1.0,6,6,1.0
6093011,test,a40_41,2.2389019,3.3018157,1.0,3,3,1.0,6,6,1.0
6114182,test,a40_41,2.723055,0.0,1.0,3,2,1.0,2,4,1.0
6120195,test,a40_41,2.0530672,0.0,1.0,3,3,1.0,2,3,1.0
6121030,test,a40_41,2.6271167,3.929484,1.0,3,3,1.0,6,6,1.0
6179003,test,a40_41,3.5915647,3.4392455,1.0,3,3,1.0,2,2,1.0
6179170,test,a40_41,1.5566862,0.0,1.0,3,2,1.0,2,2,1.0
6191006,test,a40_41,3.0490966,3.8172607,1.0,3,3,1.0,2,2,1.0
6200175,test,a40_41,3.364515,3.2527912,1.0,3,3,1.0,2,2,1.0
6210007,test,a40_41,3.4711833,3.212376,1.0,3,3,1.0,6,2,1.0
6210008,test,a40_41,3.0746586,0.0,1.0,3,2,1.0,6,4,1.0
6350007,test,a40_41,2.6988525,3.1544933,1.0,3,3,1.0,2,2,1.0
6365010,test,a40_41,1.4481251,3.0165422,1.0,2,3,1.0,6,6,1.0
6365011,test,a40_41,2.0662622,0.0,1.0,3,2,1.0,2,2,1.0
6365177,test,a40_41,2.8534029,3.6634784,1.0,3,3,1.0,2,2,1.0
6381008,test,a40_41,3.05421,0.0,1.0,3,2,1.0,2,4,1.0
6444003,test,a40_41,2.6800117,2.9807694,1.0,3,3,1.0,2,2,1.0
6475006,test,a40_41,1.164028,0.0,1.0,2,2,1.0,6,6,1.0
6475007,test,a40_41,1.0997163,3.4318714,1.0,2,3,1.0,6,6,1.0
6509004,test,a40_41,2.771278,3.3419354,1.0,3,3,1.0,2,2,1.0
6545008,test,a40_41,3.3693511,0.0,1.0,3,3,1.0,2,2,1.0
6571003,test,a40_41,2.66257,4.2124395,1.0,3,3,1.0,6,6,1.0
6635009,test,a40_41,1.7266665,0.0,1.0,3,2,1.0,6,6,1.0
6663030,test,a40_41,3.535464,4.0755825,1.0,3,3,1.0,6,6,1.0
6674003,test,a40_41,3.3260045,4.3560786,1.0,3,3,1.0,2,4,1.0
6674005,test,a40_41,3.3938112,0.0,1.0,3,2,1.0,2,4,1.0
6736181,test,a40_41,2.9511466,2.6303368,1.0,3,3,1.0,2,2,1.0
6740003,test,a40_41,2.292531,2.6061158,1.0,3,3,1.0,2,2,1.0
6769008,test,a40_41,2.5961747,2.2111993,1.0,3,3,1.0,2,3,1.0
6779033,test,a40_41,1.3307886,0.0,1.0,2,2,1.0,6,6,1.0
6820030,test,a40_41,2.814538,0.0,1.0,3,2,1.0,6,6,1.0
6843006,test,a40_41,1.3354785,1.8969418,1.0,2,2,1.0,6,2,1.0
6857006,test,a40_41,3.3648267,3.766271,1.0,3,3,1.0,2,3,1.0
6030,test,a42_43,3.3937206,4.018007,1.0,3,3,1.0,2,2,1.0
10030,test,a42_43,3.3001971,4.516398,1.0,3,3,1.0,2,2,1.0
41008,test,a42_43,2.5744588,0.0,1.0,3,2,1.0,2,4,1.0
68003,test,a42_43,3.5300274,3.703213,1.0,3,3,1.0,2,2,1.0
127030,test,a42_43,3.33172,0.0,0.0,3,-1,0.0,6,-1,0.0
127031,test,a42_43,3.269042,3.1822217,1.0,3,3,1.0,6,4,1.0
129031,test,a42_43,1.6361599,2.110738,1.0,2,3,1.0,6,6,1.0
129196,test,a42_43,2.8169374,0.0,1.0,3,2,1.0,2,2,1.0
165030,test,a42_43,3.2687247,4.0063634,1.0,3,3,1.0,2,2,1.0
284004,test,a42_43,3.8083613,4.437202,1.0,3,3,1.0,2,2,1.0
301032,test,a42_43,3.7384877,3.9811094,1.0,3,3,1.0,2,2,1.0
327003,test,a42_43,3.1789575,3.8643053,1.0,3,3,1.0,2,2,1.0
327171,test,a42_43,3.1812801,2.8548763,1.0,3,3,1.0,2,2,1.0
327172,test,a42_43,2.6535592,3.2091634,1.0,3,3,1.0,2,2,1.0
331005,test,a42_43,3.8892503,4.2756553,1.0,3,3,1.0,2,2,1.0
344178,test,a42_43,3.0691977,3.4481115,1.0,3,3,1.0,2,2,1.0
461030,test,a42_43,3.3907263,3.3523545,1.0,3,3,1.0,2,2,1.0
486004,test,a42_43,3.3892384,3.933598,1.0,3,3,1.0,2,2,1.0
563183,test,a42_43,1.7065778,0.0,1.0,3,2,1.0,2,2,1.0
577004,test,a42_43,2.6620002,2.9315493,1.0,3,3,1.0,2,2,1.0
607030,test,a42_43,3.7255287,3.9962149,1.0,3,3,1.0,2,2,1.0
613173,test,a42_43,3.0365815,4.227375,1.0,3,3,1.0,2,2,1.0
634008,test,a42_43,3.322466,0.0,1.0,3,2,1.0,2,2,1.0
652005,test,a42_43,3.2050438,3.6719475,1.0,3,3,1.0,2,2,1.0
672003,test,a42_43,2.0241864,3.808172,1.0,3,3,1.0,2,4,1.0
691175,test,a42_43,3.1192977,3.1299195,1.0,3,3,1.0,2,2,1.0
699031,test,a42_43,2.0565486,3.583789,1.0,2,3,1.0,6,6,1.0
722178,test,a42_43,1.38221,2.521224,1.0,2,3,1.0,2,2,1.0
771003,test,a42_43,2.8187318,3.6820703,1.0,3,3,1.0,2,2,1.0
775005,test,a42_43,3.459166,0.8922645,1.0,3,2,1.0,2,2,1.0
796006,test,a42_43,3.6933098,3.7072225,1.0,3,3,1.0,2,6,1.0
844003,test,a42_43,3.1242642,3.515213,1.0,3,3,1.0,2,2,1.0
863006,test,a42_43,3.3023553,1.3962052,1.0,3,3,1.0,2,2,1.0
863173,test,a42_43,3.1671066,4.0801353,1.0,3,3,1.0,2,2,1.0
866172,test,a42_43,3.1180673,3.1822217,1.0,3,3,1.0,2,2,1.0
868005,test,a42_43,3.4816399,4.123802,1.0,3,3,1.0,2,2,1.0
875030,test,a42_43,2.0460317,0.0,1.0,2,2,1.0,2,2,1.0
897006,test,a42_43,3.1363423,0.0,1.0,3,2,1.0,2,4,1.0
922171,test,a42_43,3.332374,4.564996,1.0,3,3,1.0,2,2,1.0
934030,test,a42_43,3.2224827,4.243668,1.0,3,3,1.0,2,2,1.0
935005,test,a42_43,2.7746534,2.483961,1.0,3,3,1.0,2,2,1.0
935176,test,a42_43,3.3851173,3.3922262,1.0,3,3,1.0,2,2,1.0
939030,test,a42_43,3.6637363,0.0,1.0,3,2,1.0,2,2,1.0
964003,test,a42_43,1.6975074,2.023317,1.0,3,3,1.0,6,6,1.0
970004,test,a42_43,3.446752,3.4467251,1.0,3,3,1.0,2,2,1.0
982004,test,a42_43,3.1443539,3.616172,1.0,3,3,1.0,2,2,1.0
1033030,test,a42_43,3.4275765,4.886779,1.0,3,3,1.0,2,2,1.0
1036003,test,a42_43,3.828692,3.3667955,1.0,3,3,1.0,2,2,1.0
1048006,test,a42_43,2.533141,2.895511,1.0,3,3,1.0,2,2,1.0
1055172,test,a42_43,1.9489053,3.6527476,1.0,3,3,1.0,2,2,1.0
1060175,test,a42_43,2.96384,2.5045755,1.0,3,3,1.0,2,2,1.0
1064171,test,a42_43,3.4417827,4.023821,1.0,3,3,1.0,2,2,1.0
1072171,test,a42_43,3.31702,2.8696802,1.0,3,3,1.0,2,2,1.0
1084175,test,a42_43,2.8520565,0.0,1.0,3,2,1.0,2,2,1.0
1100172,test,a42_43,3.1164868,3.9111626,1.0,3,3,1.0,2,2,1.0
1141171,test,a42_43,2.412743,3.0497952,1.0,3,3,1.0,2,4,1.0
1142030,test,a42_43,3.6690574,3.3326652,1.0,3,3,1.0,2,4,1.0
1144032,test,a42_43,3.5201316,4.289485,1.0,3,3,1.0,2,2,1.0
1149171,test,a42_43,3.1128404,3.9254675,1.0,3,3,1.0,2,2,1.0
1162030,test,a42_43,2.993874,3.525854,1.0,3,3,1.0,2,2,1.0
1167030,test,a42_43,1.3969724,0.0,1.0,2,3,1.0,6,6,1.0
1168008,test,a42_43,2.1899078,3.535023,1.0,3,3,1.0,2,3,1.0
1222179,test,a42_43,2.828312,2.8725085,1.0,3,3,1.0,2,2,1.0
1260008,test,a42_43,3.1880298,2.7313974,1.0,3,3,1.0,2,2,1.0
1269030,test,a42_43,3.1359577,4.3682094,1.0,3,3,1.0,2,2,1.0
1292030,test,a42_43,3.142358,0.0,1.0,3,2,1.0,2,4,1.0
1298005,test,a42_43,2.8896163,3.5551443,1.0,3,3,1.0,2,2,1.0
1306030,test,a42_43,4.088249,4.886779,1.0,3,3,1.0,2,2,1.0
1335179,test,a42_43,2.8898337,3.439407,1.0,3,3,1.0,2,2,1.0
1353030,test,a42_43,2.0962088,0.0,1.0,3,2,1.0,2,2,1.0
1384030,test,a42_43,3.2150238,3.6010532,1.0,3,3,1.0,2,2,1.0
1399008,test,a42_43,2.7312007,4.2632937,1.0,3,2,1.0,2,4,1.0
1415004,test,a42_43,2.3541796,1.6088175,1.0,3,3,1.0,2,2,1.0
1430005,test,a42_43,2.67256,0.0,1.0,3,2,1.0,2,6,1.0
1431003,test,a42_43,3.4892325,4.011046,1.0,3,3,1.0,2,2,1.0
1431004,test,a42_43,2.9779336,1.4956659,1.0,3,3,1.0,2,2,1.0
1431172,test,a42_43,3.63508,4.584402,1.0,3,3,1.0,2,2,1.0
1462004,test,a42_43,2.5231264,3.3424077,1.0,3,3,1.0,2,2,1.0
1520173,test,a42_43,3.2652636,3.747171,1.0,3,3,1.0,2,2,1.0
1522175,test,a42_43,3.266063,4.696712,1.0,3,3,1.0,2,2,1.0
1542006,test,a42_43,3.3618298,4.3451347,1.0,3,3,1.0,2,2,1.0
1542177,test,a42_43,3.246762,4.0403357,1.0,3,3,1.0,2,2,1.0
1567031,test,a42_43,3.4419174,3.7483754,1.0,3,3,1.0,2,6,1.0
1608031,test,a42_43,3.300139,3.5092788,1.0,3,3,1.0,2,4,1.0
1612003,test,a42_43,3.6611888,4.0259957,1.0,3,3,1.0,2,4,1.0
1621003,test,a42_43,2.4314585,0.0,1.0,3,3,1.0,2,2,1.0
1648003,test,a42_43,3.3073757,2.5321536,1.0,3,3,1.0,2,2,1.0
1648030,test,a42_43,3.2727613,0.6704159,1.0,3,2,1.0,2,6,1.0
1670172,test,a42_43,2.9538531,3.1949477,1.0,3,3,1.0,2,2,1.0
1684170,test,a42_43,1.3750093,3.265041,1.0,2,3,1.0,2,2,1.0
1690030,test,a42_43,3.4510682,3.680744,1.0,3,3,1.0,2,2,1.0
1692176,test,a42_43,3.3182523,3.9474757,1.0,3,3,1.0,2,2,1.0
1695030,test,a42_43,2.9772456,3.1937861,1.0,3,3,1.0,6,2,1.0
1697036,test,a42_43,3.049243,1.541289,1.0,3,3,1.0,6,2,1.0
1698170,test,a42_43,2.6816714,2.7459342,1.0,3,3,1.0,2,2,1.0
1700031,test,a42_43,3.36024,3.5983753,1.0,3,3,1.0,2,4,1.0
1701003,test,a42_43,3.4449835,4.1992106,1.0,3,3,1.0,2,6,1.0
1711003,test,a42_43,2.518052,0.0,1.0,3,2,1.0,2,2,1.0
1711171,test,a42_43,3.2454271,0.0,1.0,3,2,1.0,2,2,1.0
1732005,test,a42_43,2.9765956,4.4446826,1.0,3,3,1.0,2,4,1.0
1762187,test,a42_43,1.8708769,1.674252,1.0,3,3,1.0,2,3,1.0
1786187,test,a42_43,3.3147228,3.3329153,1.0,3,3,1.0,2,2,1.0
1837006,test,a42_43,3.741589,2.976302,1.0,3,3,1.0,2,2,1.0
1850172,test,a42_43,2.0992146,3.4697297,1.0,3,3,1.0,2,2,1.0
1878030,test,a42_43,3.0332468,2.5655892,1.0,3,3,1.0,2,4,1.0
1879030,test,a42_43,3.5846534,4.0755825,1.0,3,3,1.0,2,2,1.0
1905004,test,a42_43,3.5905478,4.7210507,1.0,3,3,1.0,2,2,1.0
1919009,test,a42_43,3.3259602,2.1802564,1.0,3,3,1.0,2,2,1.0
1935004,test,a42_43,2.76208,1.0762821,1.0,3,3,1.0,2,2,1.0
1936030,test,a42_43,2.7665646,1.3160636,1.0,3,3,1.0,2,2,1.0
1978171,test,a42_43,2.735922,2.9928195,1.0,3,3,1.0,2,2,1.0
2030031,test,a42_43,3.1824687,3.3705976,1.0,3,3,1.0,2,2,1.0
2117003,test,a42_43,2.9399438,2.3713877,1.0,3,3,1.0,2,2,1.0
2150172,test,a42_43,2.0993938,3.0265424,1.0,3,3,1.0,2,4,1.0
2199182,test,a42_43,2.9649463,4.1060762,1.0,3,3,1.0,2,2,1.0
2206030,test,a42_43,3.4872298,2.9993773,1.0,3,3,1.0,2,2,1.0
2212031,test,a42_43,3.6513863,4.3677416,1.0,3,3,1.0,2,2,1.0
2238004,test,a42_43,3.3037689,4.0907726,1.0,3,3,1.0,2,4,1.0
2238172,test,a42_43,3.0796626,4.4151845,1.0,3,3,1.0,2,4,1.0
2252172,test,a42_43,3.096526,3.0762377,1.0,3,3,1.0,2,2,1.0
2255030,test,a42_43,4.1237736,4.6077914,1.0,3,3,1.0,2,2,1.0
2277008,test,a42_43,2.8636124,2.9075313,1.0,3,3,1.0,2,2,1.0
2311172,test,a42_43,2.19903,2.0253,1.0,3,3,1.0,2,2,1.0
2330003,test,a42_43,3.5529037,4.706708,1.0,3,3,1.0,2,2,1.0
2338003,test,a42_43,3.4992614,4.748924,1.0,3,3,1.0,2,2,1.0
2341004,test,a42_43,3.2602491,3.5317435,1.0,3,2,1.0,2,2,1.0
2341005,test,a42_43,3.1278605,4.5817747,1.0,3,3,1.0,2,2,1.0
2354004,test,a42_43,1.9342539,2.3713877,1.0,3,3,1.0,2,2,1.0
2392004,test,a42_43,2.206411,3.3104866,1.0,3,3,1.0,2,3,1.0
2393005,test,a42_43,3.8065054,3.3018157,1.0,3,3,1.0,2,2,1.0
2393171,test,a42_43,2.9349866,4.596202,1.0,3,3,1.0,2,2,1.0
2409006,test,a42_43,3.1294,3.8550358,1.0,3,3,1.0,2,4,1.0
2409171,test,a42_43,3.0159466,2.9554553,1.0,3,3,1.0,2,4,1.0
2422178,test,a42_43,3.340846,3.470292,1.0,3,3,1.0,2,2,1.0
2459030,test,a42_43,3.1424193,4.0590634,1.0,3,3,1.0,2,2,1.0
2474030,test,a42_43,3.4360905,4.110122,1.0,3,3,1.0,2,2,1.0
2474171,test,a42_43,2.1599302,0.0,1.0,3,3,1.0,2,2,1.0
2485173,test,a42_43,2.9679174,2.700981,1.0,3,3,1.0,2,2,1.0
2496172,test,a42_43,2.9316857,3.4664924,1.0,3,3,1.0,2,2,1.0
2502005,test,a42_43,3.101396,4.0467095,1.0,3,3,1.0,2,2,1.0
2510171,test,a42_43,3.1701596,4.201887,1.0,3,3,1.0,2,2,1.0
2525174,test,a42_43,3.1189523,0.0,1.0,3,2,1.0,2,2,1.0
2530184,test,a42_43,2.716631,2.1477582,1.0,3,3,1.0,2,2,1.0
2547171,test,a42_43,3.6031008,4.3276353,1.0,3,3,1.0,2,2,1.0
2580030,test,a42_43,3.8369572,4.7627664,1.0,3,3,1.0,2,2,1.0
2593171,test,a42_43,3.1639197,4.5300713,1.0,3,3,1.0,2,4,1.0
2615031,test,a42_43,3.4072177,3.1693892,1.0,3,3,1.0,2,2,1.0
2642030,test,a42_43,2.688715,3.7204437,1.0,3,3,1.0,2,2,1.0
2655002,test,a42_43,1.7330287,0.0,1.0,3,2,1.0,2,2,1.0
2705031,test,a42_43,3.5191295,3.8177946,1.0,3,3,1.0,2,4,1.0
2707179,test,a42_43,3.1673346,2.8142757,1.0,3,3,1.0,2,2,1.0
2714031,test,a42_43,3.2824516,4.569471,1.0,3,3,1.0,2,4,1.0
2717004,test,a42_43,3.231875,3.5017936,1.0,3,3,1.0,2,2,1.0
2738171,test,a42_43,3.2999086,3.9697835,1.0,3,3,1.0,2,2,1.0
2794003,test,a42_43,3.4812102,3.6463413,1.0,3,3,1.0,2,2,1.0
2845030,test,a42_43,2.777164,3.6226897,1.0,3,3,1.0,2,2,1.0
2847030,test,a42_43,2.8668659,3.4256546,1.0,3,3,1.0,4,4,1.0
2848174,test,a42_43,2.3979545,2.3689122,1.0,3,3,1.0,2,2,1.0
2852006,test,a42_43,1.7823409,3.0007699,1.0,3,2,1.0,2,3,1.0
2852030,test,a42_43,3.3698254,2.2156281,1.0,3,2,1.0,2,4,1.0
2869170,test,a42_43,3.2702317,4.379163,1.0,3,3,1.0,2,2,1.0
2897006,test,a42_43,3.1305685,3.6260033,1.0,3,3,1.0,2,2,1.0
2900171,test,a42_43,3.3138657,3.7188902,1.0,3,3,1.0,2,2,1.0
2907006,test,a42_43,2.9905188,2.8249462,1.0,3,3,1.0,2,2,1.0
2920030,test,a42_43,3.3385398,3.3265107,1.0,3,3,1.0,6,4,1.0
3107001,test,a42_43,3.1783993,1.9854654,1.0,3,3,1.0,2,4,1.0
3137007,test,a42_43,2.469539,2.4228272,1.0,3,2,1.0,6,6,1.0
3283002,test,a42_43,3.2643416,3.9443512,1.0,3,3,1.0,2,6,1.0
3492001,test,a42_43,3.08217,0.118359506,1.0,3,2,1.0,2,2,1.0
5016170,test,a42_43,2.8897796,2.743526,1.0,3,3,1.0,2,4,1.0
5082003,test,a42_43,3.4309955,3.938906,1.0,3,3,1.0,6,4,1.0
5145032,test,a42_43,3.0093234,3.1056306,1.0,3,3,1.0,6,6,1.0
5163030,test,a42_43,3.2693865,3.1932871,1.0,3,3,1.0,2,4,1.0
5177171,test,a42_43,2.1928768,0.9682884,1.0,3,2,1.0,6,6,1.0
5199178,test,a42_43,2.803437,3.7188902,1.0,3,3,1.0,2,2,1.0
5241030,test,a42_43,2.74837,3.4132857,1.0,3,3,1.0,2,6,1.0
5264004,test,a42_43,3.1717567,3.606141,1.0,3,3,1.0,2,2,1.0
5294003,test,a42_43,3.368213,3.6645775,1.0,3,3,1.0,2,2,1.0
5299172,test,a42_43,3.2913198,3.3685656,1.0,3,3,1.0,2,2,1.0
5306002,test,a42_43,2.6386437,0.0,1.0,3,2,1.0,4,6,1.0
5350030,test,a42_43,2.497567,3.5163884,1.0,3,3,1.0,2,2,1.0
5364006,test,a42_43,3.057429,4.2447352,1.0,3,3,1.0,6,6,1.0
5366033,test,a42_43,3.0429213,3.8660583,1.0,3,3,1.0,6,4,1.0
5406173,test,a42_43,2.9633334,3.5017936,1.0,3,3,1.0,2,4,1.0
5424030,test,a42_43,1.828697,2.9297807,1.0,2,3,1.0,6,6,1.0
5425003,test,a42_43,2.1882672,2.960796,1.0,3,3,1.0,2,2,1.0
5430031,test,a42_43,1.996288,0.0,1.0,3,2,1.0,6,6,1.0
5430171,test,a42_43,2.5288987,3.5347836,1.0,3,3,1.0,6,6,1.0
5443007,test,a42_43,2.0060296,1.5825812,1.0,3,3,1.0,2,2,1.0
5464032,test,a42_43,2.6797795,3.1379235,1.0,3,3,1.0,2,2,1.0
5488007,test,a42_43,2.579271,2.7536736,1.0,3,3,1.0,2,2,1.0
5494005,test,a42_43,2.8688548,3.4795048,1.0,3,3,1.0,6,2,1.0
5513030,test,a42_43,2.8379395,3.0000806,1.0,3,3,1.0,6,6,1.0
5549006,test,a42_43,2.5752625,3.335851,1.0,3,3,1.0,2,4,1.0
5553173,test,a42_43,3.0455303,3.8834674,1.0,3,3,1.0,2,2,1.0
5560186,test,a42_43,3.4670258,3.7111013,1.0,3,3,1.0,2,2,1.0
5569009,test,a42_43,2.8981676,0.0,1.0,3,2,1.0,2,3,1.0
5570010,test,a42_43,3.5243988,3.7150583,1.0,3,3,1.0,2,2,1.0
5570012,test,a42_43,3.03079,3.6708767,1.0,3,3,1.0,2,2,1.0
5570033,test,a42_43,3.423729,3.5471745,1.0,3,3,1.0,2,2,1.0
5576031,test,a42_43,2.4885452,2.7944415,1.0,3,3,1.0,2,2,1.0
5614005,test,a42_43,2.5320373,0.0,1.0,3,2,1.0,4,4,1.0
5615010,test,a42_43,2.9161768,3.4707472,1.0,3,3,1.0,6,2,1.0
5615181,test,a42_43,3.276394,3.3615167,1.0,3,3,1.0,2,2,1.0
5621170,test,a42_43,3.258566,3.3248508,1.0,3,3,1.0,2,2,1.0
5626010,test,a42_43,2.8830523,3.3940077,1.0,3,2,1.0,2,4,1.0
5634188,test,a42_43,3.1765776,4.25247,1.0,3,2,1.0,2,5,1.0
5635031,test,a42_43,3.1303523,3.5281215,1.0,3,3,1.0,2,2,1.0
5646006,test,a42_43,1.7293493,0.0,1.0,3,2,1.0,6,4,1.0
5660005,test,a42_43,2.918816,3.265041,1.0,3,3,1.0,2,4,1.0
5664003,test,a42_43,2.078041,1.9812955,1.0,3,3,1.0,6,6,1.0
5676007,test,a42_43,3.2248414,3.488077,1.0,3,3,1.0,2,2,1.0
5678030,test,a42_43,2.3774593,2.3447468,1.0,3,2,1.0,6,6,1.0
5684034,test,a42_43,3.2499905,4.056188,1.0,3,3,1.0,2,2,1.0
5784005,test,a42_43,1.5050045,1.765224,1.0,2,3,1.0,6,6,1.0
5819005,test,a42_43,1.9456301,0.0,1.0,3,2,1.0,6,6,1.0
5821008,test,a42_43,2.820827,2.9437988,1.0,3,3,1.0,2,2,1.0
5863033,test,a42_43,1.7781595,2.1360953,1.0,3,3,1.0,6,6,1.0
5921003,test,a42_43,2.7006655,3.4678156,1.0,3,3,1.0,6,6,1.0
5922010,test,a42_43,3.379452,3.1974998,1.0,3,3,1.0,6,6,1.0
5938031,test,a42_43,2.5717652,0.0,1.0,3,2,1.0,2,6,1.0
5960033,test,a42_43,2.5393276,3.5281215,1.0,3,3,1.0,6,6,1.0
5995005,test,a42_43,2.2506905,0.0,1.0,3,2,1.0,6,6,1.0
6028032,test,a42_43,2.4005036,3.5965803,1.0,3,3,1.0,6,6,1.0
6030005,test,a42_43,3.588001,3.335851,1.0,3,3,1.0,6,2,1.0
6030008,test,a42_43,3.3561375,3.1676285,1.0,3,3,1.0,6,2,1.0
6093006,test,a42_43,1.4864736,3.3020296,1.0,2,3,1.0,6,6,1.0
6093011,test,a42_43,2.1641781,2.8392694,1.0,3,2,1.0,6,6,1.0
6114182,test,a42_43,2.7106977,0.0,1.0,3,2,1.0,2,2,1.0
6120195,test,a42_43,2.0467467,2.568642,1.0,3,2,1.0,2,4,1.0
6121030,test,a42_43,2.6924,4.395766,1.0,3,3,1.0,6,4,1.0
6179003,test,a42_43,3.7443118,3.4805162,1.0,3,3,1.0,2,2,1.0
6179170,test,a42_43,1.5629443,0.0,1.0,3,2,1.0,2,2,1.0
6191006,test,a42_43,3.0748398,1.2621803,1.0,3,3,1.0,2,2,1.0
6200175,test,a42_43,3.3576012,3.5848198,1.0,3,2,1.0,2,2,1.0
6210007,test,a42_43,3.4399602,2.7452414,1.0,3,3,1.0,6,2,1.0
6210008,test,a42_43,2.9801059,0.0,1.0,3,2,1.0,6,4,1.0
6350007,test,a42_43,2.7561164,3.4393446,1.0,3,3,1.0,6,2,1.0
6365010,test,a42_43,1.410728,3.062897,1.0,2,3,1.0,6,6,1.0
6365011,test,a42_43,2.055975,0.0,1.0,3,2,1.0,2,2,1.0
6365177,test,a42_43,2.8970892,3.49205,1.0,3,3,1.0,2,2,1.0
6381008,test,a42_43,3.1332974,3.0664406,1.0,3,3,1.0,2,4,1.0
6444003,test,a42_43,2.749658,2.7671056,1.0,3,2,1.0,2,2,1.0
6475006,test,a42_43,1.2388004,0.9349168,1.0,2,2,1.0,6,6,1.0
6475007,test,a42_43,1.1583619,3.544934,1.0,2,3,1.0,6,6,1.0
6509004,test,a42_43,2.8760393,3.4451652,1.0,3,3,1.0,6,2,1.0
6545008,test,a42_43,3.401892,3.8012211,1.0,3,3,1.0,2,2,1.0
6571003,test,a42_43,2.6857438,4.1571207,1.0,3,3,1.0,6,6,1.0
6635009,test,a42_43,1.6788883,0.0,1.0,3,2,1.0,6,6,1.0
6663030,test,a42_43,3.5386975,4.886779,1.0,3,3,1.0,6,6,1.0
6674003,test,a42_43,3.3190565,3.7940161,1.0,3,3,1.0,2,2,1.0
6674005,test,a42_43,3.2939546,0.0,1.0,3,2,1.0,2,4,1.0
6736181,test,a42_43,2.9165893,2.6496801,1.0,3,3,1.0,2,2,1.0
6740003,test,a42_43,2.2888305,2.6917005,1.0,3,3,1.0,2,2,1.0
6769008,test,a42_43,2.5852044,0.0,1.0,3,2,1.0,2,4,1.0
6779033,test,a42_43,1.355557,0.0,1.0,2,2,1.0,6,6,1.0
6820030,test,a42_43,2.827395,0.0,1.0,3,2,1.0,6,6,1.0
6843006,test,a42_43,1.3348438,1.5200922,1.0,2,3,1.0,6,2,1.0
6857006,test,a42_43,3.3052175,3.7407627,1.0,3,3,1.0,2,5,1.0
6030,test,a44_45,3.4733772,3.6545084,1.0,3,3,1.0,2,2,1.0
10030,test,a44_45,3.496811,4.4896984,1.0,3,3,1.0,2,2,1.0
41008,test,a44_45,2.3535717,0.0,1.0,3,2,1.0,2,4,1.0
68003,test,a44_45,3.880613,3.819024,1.0,3,3,1.0,2,2,1.0
127030,test,a44_45,3.5039628,2.281914,1.0,3,3,1.0,2,2,1.0
127031,test,a44_45,3.4804811,3.5618536,1.0,3,3,1.0,2,4,1.0
129031,test,a44_45,1.6660419,1.9444773,1.0,3,3,1.0,6,6,1.0
129196,test,a44_45,2.8126037,0.0,1.0,3,2,1.0,2,2,1.0
165030,test,a44_45,3.3318107,4.1461926,1.0,3,3,1.0,2,2,1.0
284004,test,a44_45,3.9678035,4.4692044,1.0,3,3,1.0,2,2,1.0
301032,test,a44_45,3.9720144,4.127631,1.0,3,3,1.0,2,2,1.0
327003,test,a44_45,3.0552418,3.8237772,1.0,3,3,1.0,2,2,1.0
327171,test,a44_45,3.2630396,2.8139703,1.0,3,3,1.0,2,2,1.0
327172,test,a44_45,2.7351875,3.7345612,1.0,3,3,1.0,2,2,1.0
331005,test,a44_45,4.0699387,4.2899485,1.0,3,3,1.0,2,2,1.0
344178,test,a44_45,3.1414998,3.544934,1.0,3,3,1.0,2,2,1.0
461030,test,a44_45,3.4572697,0.0,1.0,3,3,1.0,2,2,1.0
486004,test,a44_45,3.3635676,3.929022,1.0,3,3,1.0,2,2,1.0
563183,test,a44_45,1.6338857,0.0,1.0,3,2,1.0,2,2,1.0
577004,test,a44_45,2.5517144,3.6034977,1.0,3,3,1.0,2,2,1.0
607030,test,a44_45,3.8195002,4.0534096,1.0,3,3,1.0,2,2,1.0
613173,test,a44_45,3.089909,4.65822,1.0,3,3,1.0,2,2,1.0
634008,test,a44_45,3.5408697,2.6840017,1.0,3,3,1.0,2,2,1.0
652005,test,a44_45,3.3018723,3.8279805,1.0,3,3,1.0,2,2,1.0
672003,test,a44_45,2.148384,3.7935455,1.0,3,3,1.0,2,4,1.0
691175,test,a44_45,3.198642,3.3115778,1.0,3,3,1.0,2,2,1.0
699031,test,a44_45,2.1306734,3.51425,1.0,3,3,1.0,6,6,1.0
722178,test,a44_45,1.3650734,3.2750242,1.0,2,3,1.0,2,2,1.0
771003,test,a44_45,2.7361224,4.1771755,1.0,3,3,1.0,2,3,1.0
775005,test,a44_45,3.6950245,0.0,1.0,3,2,1.0,2,2,1.0
796006,test,a44_45,3.7106411,4.141229,1.0,3,3,1.0,2,6,1.0
844003,test,a44_45,3.1578782,3.8602035,1.0,3,3,1.0,2,2,1.0
863006,test,a44_45,3.318594,2.9276514,1.0,3,3,1.0,2,2,1.0
863173,test,a44_45,3.1003478,4.001547,1.0,3,3,1.0,2,2,1.0
866172,test,a44_45,3.3554027,3.182386,1.0,3,3,1.0,2,2,1.0
868005,test,a44_45,3.6212986,3.982054,1.0,3,3,1.0,2,2,1.0
875030,test,a44_45,1.9650007,0.0,1.0,2,2,1.0,2,2,1.0
897006,test,a44_45,3.2382143,0.0,1.0,3,2,1.0,2,4,1.0
922171,test,a44_45,3.4186232,4.464358,1.0,3,3,1.0,2,2,1.0
934030,test,a44_45,3.4137805,4.293851,1.0,3,3,1.0,2,2,1.0
935005,test,a44_45,2.8376515,2.7943528,1.0,3,3,1.0,2,2,1.0
935176,test,a44_45,3.452331,3.7913468,1.0,3,3,1.0,2,2,1.0
939030,test,a44_45,3.7082467,0.0,0.0,3,-1,0.0,2,-1,0.0
964003,test,a44_45,1.6147937,2.5959773,1.0,3,2,1.0,6,6,1.0
970004,test,a44_45,3.5072126,0.0,0.0,3,-1,0.0,2,-1,0.0
982004,test,a44_45,3.2732325,3.535023,1.0,3,3,1.0,2,2,1.0
1033030,test,a44_45,3.766893,4.886779,1.0,3,3,1.0,2,2,1.0
1036003,test,a44_45,4.1101894,3.1379235,1.0,3,3,1.0,2,2,1.0
1048006,test,a44_45,2.5911233,2.830591,1.0,3,3,1.0,2,2,1.0
1055172,test,a44_45,1.9477073,0.0,0.0,3,-1,0.0,2,-1,0.0
1060175,test,a44_45,3.1674244,3.12007,1.0,3,3,1.0,2,2,1.0
1064171,test,a44_45,3.6184692,4.769345,1.0,3,3,1.0,2,2,1.0
1072171,test,a44_45,3.474874,2.855574,1.0,3,3,1.0,2,2,1.0
1084175,test,a44_45,2.943021,0.0,1.0,3,2,1.0,2,2,1.0
1100172,test,a44_45,3.319658,3.1936357,1.0,3,3,1.0,2,2,1.0
1141171,test,a44_45,2.2545638,1.0692143,1.0,3,3,1.0,2,4,1.0
1142030,test,a44_45,3.7952857,3.2907898,1.0,3,3,1.0,2,4,1.0
1144032,test,a44_45,3.6254368,4.1940236,1.0,3,3,1.0,2,2,1.0
1149171,test,a44_45,3.0530822,3.959156,1.0,3,3,1.0,2,2,1.0
1162030,test,a44_45,3.0323489,3.4265366,1.0,3,3,1.0,2,2,1.0
1167030,test,a44_45,1.1922462,1.8126447,1.0,2,3,1.0,6,6,1.0
1168008,test,a44_45,2.1674392,3.010371,1.0,3,3,1.0,2,3,1.0
1222179,test,a44_45,2.8309112,2.674835,1.0,3,3,1.0,2,2,1.0
1260008,test,a44_45,3.1649392,2.8787093,1.0,3,3,1.0,2,2,1.0
1269030,test,a44_45,3.4236405,4.6615767,1.0,3,3,1.0,2,2,1.0
1292030,test,a44_45,3.1566143,0.0,1.0,3,2,1.0,2,4,1.0
1298005,test,a44_45,3.1003368,3.5781584,1.0,3,3,1.0,2,2,1.0
1306030,test,a44_45,4.384953,4.886779,1.0,3,3,1.0,2,2,1.0
1335179,test,a44_45,3.189103,3.6099567,1.0,3,3,1.0,2,2,1.0
1353030,test,a44_45,2.1345854,0.0,1.0,3,2,1.0,2,2,1.0
1384030,test,a44_45,3.6931746,3.5587387,1.0,3,3,1.0,2,2,1.0
1399008,test,a44_45,2.628397,3.9132397,1.0,3,3,1.0,2,4,1.0
1415004,test,a44_45,2.357615,1.8165611,1.0,3,3,1.0,2,2,1.0
1430005,test,a44_45,2.714799,0.0,1.0,3,3,1.0,2,6,1.0
1431003,test,a44_45,3.545368,4.032044,1.0,3,3,1.0,2,2,1.0
1431004,test,a44_45,3.077459,2.5601785,1.0,3,3,1.0,2,2,1.0
1431172,test,a44_45,3.8669343,4.583634,1.0,3,3,1.0,2,2,1.0
1462004,test,a44_45,2.5161817,3.4766757,1.0,3,3,1.0,2,2,1.0
1520173,test,a44_45,3.493511,3.8397665,1.0,3,3,1.0,2,2,1.0
1522175,test,a44_45,3.3751907,4.651825,1.0,3,3,1.0,2,2,1.0
1542006,test,a44_45,3.6168623,3.2005377,1.0,3,3,1.0,2,2,1.0
1542177,test,a44_45,3.224038,4.3412447,1.0,3,3,1.0,2,2,1.0
1567031,test,a44_45,3.6843297,3.8337054,1.0,3,3,1.0,2,6,1.0
1608031,test,a44_45,3.2759593,3.5350552,1.0,3,3,1.0,2,2,1.0
1612003,test,a44_45,3.9691586,3.4995418,1.0,3,3,1.0,2,4,1.0
1621003,test,a44_45,2.336914,3.456708,1.0,3,3,1.0,2,2,1.0
1648003,test,a44_45,3.4166496,2.9091923,1.0,3,3,1.0,2,2,1.0
1648030,test,a44_45,3.2853234,0.553295,1.0,3,2,1.0,2,6,1.0
1670172,test,a44_45,2.8551965,3.416885,1.0,3,3,1.0,2,2,1.0
1684170,test,a44_45,1.3857486,3.3823977,1.0,2,3,1.0,2,2,1.0
1690030,test,a44_45,3.620121,4.214547,1.0,3,3,1.0,2,2,1.0
1692176,test,a44_45,3.5579827,3.6672997,1.0,3,3,1.0,2,2,1.0
1695030,test,a44_45,2.9882426,3.1983416,1.0,3,3,1.0,6,2,1.0
1697036,test,a44_45,2.9717653,1.6775823,1.0,3,3,1.0,6,2,1.0
1698170,test,a44_45,2.7595088,2.58183,1.0,3,3,1.0,2,2,1.0
1700031,test,a44_45,3.4741526,3.881782,1.0,3,2,1.0,2,2,1.0
1701003,test,a44_45,3.5647643,4.0716443,1.0,3,3,1.0,2,6,1.0
1711003,test,a44_45,2.448203,0.0,1.0,3,2,1.0,2,2,1.0
1711171,test,a44_45,3.309872,0.0,0.0,3,-1,0.0,2,-1,0.0
1732005,test,a44_45,2.9892797,3.738171,1.0,3,3,1.0,4,4,1.0
1762187,test,a44_45,2.1146271,2.7413988,1.0,3,3,1.0,2,3,1.0
1786187,test,a44_45,3.4542446,3.563177,1.0,3,3,1.0,2,2,1.0
1837006,test,a44_45,3.9718387,2.9535642,1.0,3,3,1.0,2,2,1.0
1850172,test,a44_45,2.1880586,3.6509905,1.0,3,3,1.0,2,2,1.0
1878030,test,a44_45,3.0643694,2.485891,1.0,3,3,1.0,2,4,1.0
1879030,test,a44_45,3.8719373,4.1844926,1.0,3,3,1.0,2,2,1.0
1905004,test,a44_45,3.9502506,3.937253,1.0,3,3,1.0,2,2,1.0
1919009,test,a44_45,3.5546243,2.5942936,1.0,3,3,1.0,2,2,1.0
1935004,test,a44_45,2.5138938,2.5154653,1.0,3,3,1.0,2,2,1.0
1936030,test,a44_45,2.662018,3.025048,1.0,3,3,1.0,2,2,1.0
1978171,test,a44_45,2.8461366,2.7982898,1.0,3,3,1.0,2,2,1.0
2030031,test,a44_45,3.2145777,3.12007,1.0,3,3,1.0,2,2,1.0
2117003,test,a44_45,3.0381947,2.533896,1.0,3,3,1.0,2,2,1.0
2150172,test,a44_45,2.1220045,2.4029288,1.0,3,3,1.0,2,4,1.0
2199182,test,a44_45,3.0841532,4.1311436,1.0,3,3,1.0,2,2,1.0
2206030,test,a44_45,3.574352,3.6876562,1.0,3,3,1.0,2,2,1.0
2212031,test,a44_45,3.8616545,0.0,0.0,3,-1,0.0,2,-1,0.0
2238004,test,a44_45,3.3916066,3.7364755,1.0,3,3,1.0,2,4,1.0
2238172,test,a44_45,3.2396555,4.594401,1.0,3,3,1.0,2,4,1.0
2252172,test,a44_45,3.1411338,2.9569104,1.0,3,3,1.0,2,2,1.0
2255030,test,a44_45,4.5509377,4.886779,1.0,3,3,1.0,2,2,1.0
2277008,test,a44_45,2.8790884,2.8933933,1.0,3,3,1.0,2,2,1.0
2311172,test,a44_45,2.311481,2.0815432,1.0,3,3,1.0,2,2,1.0
2330003,test,a44_45,3.6079595,4.0919957,1.0,3,3,1.0,2,2,1.0
2338003,test,a44_45,3.6847172,4.671329,1.0,3,3,1.0,2,2,1.0
2341004,test,a44_45,3.1921644,3.8012211,1.0,3,2,1.0,2,2,1.0
2341005,test,a44_45,3.0674949,4.886779,1.0,3,3,1.0,2,2,1.0
2354004,test,a44_45,2.0737011,2.4985237,1.0,3,3,1.0,2,2,1.0
2392004,test,a44_45,2.2774105,2.3108797,1.0,3,3,1.0,2,4,1.0
2393005,test,a44_45,4.1424503,3.1619115,1.0,3,3,1.0,2,2,1.0
2393171,test,a44_45,2.9887166,4.4380894,1.0,3,3,1.0,2,2,1.0
2409006,test,a44_45,3.2528534,3.8615713,1.0,3,3,1.0,2,4,1.0
2409171,test,a44_45,3.0021837,2.973692,1.0,3,3,1.0,2,4,1.0
2422178,test,a44_45,3.6169348,3.6084042,1.0,3,3,1.0,2,2,1.0
2459030,test,a44_45,3.364503,4.065095,1.0,3,3,1.0,2,2,1.0
2474030,test,a44_45,3.8187711,3.6439416,1.0,3,3,1.0,2,2,1.0
2474171,test,a44_45,2.551641,0.0,0.0,3,-1,0.0,2,-1,0.0
2485173,test,a44_45,2.9716215,2.4565563,1.0,3,3,1.0,2,2,1.0
2496172,test,a44_45,2.912011,3.4912474,1.0,3,3,1.0,2,2,1.0
2502005,test,a44_45,3.2204978,3.0863564,1.0,3,3,1.0,2,2,1.0
2510171,test,a44_45,3.2380257,4.201461,1.0,3,3,1.0,2,2,1.0
2525174,test,a44_45,3.2162929,3.460082,1.0,3,2,1.0,2,2,1.0
2530184,test,a44_45,2.8968883,2.852689,1.0,3,3,1.0,2,2,1.0
2547171,test,a44_45,3.746934,4.379028,1.0,3,3,1.0,2,2,1.0
2580030,test,a44_45,3.965123,4.831237,1.0,3,3,1.0,2,2,1.0
2593171,test,a44_45,3.385579,4.5944476,1.0,3,3,1.0,2,4,1.0
2615031,test,a44_45,3.5603185,3.4200091,1.0,3,3,1.0,2,2,1.0
2642030,test,a44_45,2.6843946,3.7259781,1.0,3,3,1.0,2,2,1.0
2655002,test,a44_45,1.804658,0.0,1.0,3,2,1.0,2,2,1.0
2705031,test,a44_45,3.727706,3.9369006,1.0,3,3,1.0,2,4,1.0
2707179,test,a44_45,3.3447902,2.8540463,1.0,3,3,1.0,2,2,1.0
2714031,test,a44_45,3.477889,4.123183,1.0,3,3,1.0,2,4,1.0
2717004,test,a44_45,3.2352273,3.1718357,1.0,3,3,1.0,2,2,1.0
2738171,test,a44_45,3.4244792,4.800682,1.0,3,3,1.0,2,2,1.0
2794003,test,a44_45,3.544464,3.5488956,1.0,3,3,1.0,2,2,1.0
2845030,test,a44_45,2.9614465,3.4421458,1.0,3,3,1.0,2,2,1.0
2847030,test,a44_45,2.6886845,3.435388,1.0,3,3,1.0,4,4,1.0
2848174,test,a44_45,2.2790093,1.870879,1.0,3,3,1.0,2,2,1.0
2852006,test,a44_45,1.7493696,1.8338429,1.0,3,2,1.0,2,4,1.0
2852030,test,a44_45,3.5428743,2.9869761,1.0,3,3,1.0,2,4,1.0
2869170,test,a44_45,3.4533868,4.5567827,1.0,3,3,1.0,2,2,1.0
2897006,test,a44_45,3.2055898,2.697948,1.0,3,3,1.0,2,2,1.0
2900171,test,a44_45,3.346972,2.600042,1.0,3,3,1.0,2,2,1.0
2907006,test,a44_45,3.038687,0.0,0.0,3,-1,0.0,2,-1,0.0
2920030,test,a44_45,3.2738035,3.6819823,1.0,3,3,1.0,6,4,1.0
3107001,test,a44_45,3.3403275,4.01561,1.0,3,3,1.0,2,4,1.0
3137007,test,a44_45,2.554981,1.9174321,1.0,3,3,1.0,6,6,1.0
3283002,test,a44_45,3.538281,4.065468,1.0,3,2,1.0,2,2,1.0
3492001,test,a44_45,3.211638,0.21674845,1.0,3,2,1.0,2,2,1.0
5016170,test,a44_45,3.0615387,2.8075144,1.0,3,3,1.0,2,4,1.0
5082003,test,a44_45,3.4380465,4.077138,1.0,3,3,1.0,6,4,1.0
5145032,test,a44_45,3.1487777,3.7119908,1.0,3,3,1.0,6,6,1.0
5163030,test,a44_45,3.5317822,3.60013,1.0,3,3,1.0,2,4,1.0
5177171,test,a44_45,2.1739736,0.8536134,1.0,3,3,1.0,6,6,1.0
5199178,test,a44_45,2.8022149,3.813694,1.0,3,3,1.0,2,2,1.0
5241030,test,a44_45,2.8328738,3.9443512,1.0,3,3,1.0,2,6,1.0
5264004,test,a44_45,3.1623123,3.6067438,1.0,3,3,1.0,2,2,1.0
5294003,test,a44_45,3.6323953,3.7558146,1.0,3,3,1.0,2,2,1.0
5299172,test,a44_45,3.4626565,3.3873496,1.0,3,3,1.0,2,2,1.0
5306002,test,a44_45,2.5276706,1.4095232,1.0,3,3,1.0,2,6,1.0
5350030,test,a44_45,2.6418865,3.545665,1.0,3,3,1.0,2,2,1.0
5364006,test,a44_45,3.2036572,3.901413,1.0,3,2,1.0,6,6,1.0
5366033,test,a44_45,3.125752,3.978181,1.0,3,3,1.0,6,4,1.0
5406173,test,a44_45,2.9932628,3.4039729,1.0,3,3,1.0,2,4,1.0
5424030,test,a44_45,1.8259392,3.5287027,1.0,2,3,1.0,6,6,1.0
5425003,test,a44_45,2.1612184,3.2001226,1.0,3,3,1.0,2,2,1.0
5430031,test,a44_45,2.1668363,0.94651103,1.0,3,3,1.0,6,6,1.0
5430171,test,a44_45,2.6013393,3.6887305,1.0,3,3,1.0,6,6,1.0
5443007,test,a44_45,1.9611322,2.8802483,1.0,3,3,1.0,2,2,1.0
5464032,test,a44_45,2.656454,3.486668,1.0,3,3,1.0,2,2,1.0
5488007,test,a44_45,2.4962616,2.703032,1.0,3,3,1.0,2,2,1.0
5494005,test,a44_45,2.894587,3.3568435,1.0,3,3,1.0,6,2,1.0
5513030,test,a44_45,2.9197886,3.2729912,1.0,3,2,1.0,6,6,1.0
5549006,test,a44_45,2.656239,3.2234797,1.0,3,3,1.0,2,4,1.0
5553173,test,a44_45,3.1317236,3.7351592,1.0,3,3,1.0,2,2,1.0
5560186,test,a44_45,3.7196083,3.9101806,1.0,3,3,1.0,2,2,1.0
5569009,test,a44_45,2.8911312,0.1438407,1.0,3,2,1.0,2,3,1.0
5570010,test,a44_45,3.8971264,3.6708767,1.0,3,3,1.0,2,2,1.0
5570012,test,a44_45,3.122837,3.6192079,1.0,3,3,1.0,2,2,1.0
5570033,test,a44_45,3.7400022,3.7694345,1.0,3,3,1.0,2,2,1.0
5576031,test,a44_45,2.5129738,2.7479036,1.0,3,3,1.0,2,2,1.0
5614005,test,a44_45,2.549862,2.8548763,1.0,3,3,1.0,4,4,1.0
5615010,test,a44_45,2.8323927,3.5584557,1.0,3,3,1.0,6,2,1.0
5615181,test,a44_45,3.4713254,3.1251588,1.0,3,3,1.0,2,2,1.0
5621170,test,a44_45,3.3979716,3.3329153,1.0,3,3,1.0,2,2,1.0
5626010,test,a44_45,2.916717,3.1379235,1.0,3,3,1.0,2,4,1.0
5634188,test,a44_45,3.4174447,0.0,1.0,3,2,1.0,2,5,1.0
5635031,test,a44_45,3.2265053,3.6718059,1.0,3,3,1.0,2,2,1.0
5646006,test,a44_45,1.5860143,1.4624746,1.0,3,3,1.0,6,4,1.0
5660005,test,a44_45,2.9621792,3.4188793,1.0,3,3,1.0,2,4,1.0
5664003,test,a44_45,1.7800426,1.9542142,1.0,3,2,1.0,6,6,1.0
5676007,test,a44_45,3.2741897,3.5589597,1.0,3,3,1.0,2,2,1.0
5678030,test,a44_45,2.461592,0.0,1.0,3,3,1.0,6,6,1.0
5684034,test,a44_45,3.4561574,4.304901,1.0,3,3,1.0,2,2,1.0
5784005,test,a44_45,1.4251487,0.0,1.0,2,2,1.0,6,6,1.0
5819005,test,a44_45,1.7416167,0.0,1.0,3,2,1.0,6,6,1.0
5821008,test,a44_45,2.6596985,3.1327703,1.0,3,3,1.0,2,2,1.0
5863033,test,a44_45,1.8979294,2.1044023,1.0,3,3,1.0,6,6,1.0
5921003,test,a44_45,2.6286645,3.2579508,1.0,3,2,1.0,4,6,1.0
5922010,test,a44_45,3.4551563,3.2839227,1.0,3,3,1.0,6,6,1.0
5938031,test,a44_45,2.4762576,1.6732749,1.0,3,2,1.0,6,6,1.0
5960033,test,a44_45,2.6766071,3.0626745,1.0,3,3,1.0,2,6,1.0
5995005,test,a44_45,1.9507204,0.0,1.0,3,2,1.0,6,6,1.0
6028032,test,a44_45,2.3768964,3.4766757,1.0,3,3,1.0,6,6,1.0
6030005,test,a44_45,3.5494113,3.6509905,1.0,3,3,1.0,6,2,1.0
6030008,test,a44_45,3.2779856,3.1529975,1.0,3,3,1.0,6,2,1.0
6093006,test,a44_45,1.0533543,3.331553,1.0,2,3,1.0,6,6,1.0
6093011,test,a44_45,2.1377897,2.8645954,1.0,3,3,1.0,6,6,1.0
6114182,test,a44_45,2.8253057,0.0,1.0,3,2,1.0,2,4,1.0
6120195,test,a44_45,2.1217144,0.0,1.0,3,2,1.0,2,4,1.0
6121030,test,a44_45,2.561203,4.007859,1.0,3,3,1.0,6,4,1.0
6179003,test,a44_45,4.1418743,3.4366326,1.0,3,3,1.0,2,2,1.0
6179170,test,a44_45,1.5612854,0.0,1.0,3,2,1.0,2,2,1.0
6191006,test,a44_45,3.2036736,3.7130666,1.0,3,3,1.0,2,2,1.0
6200175,test,a44_45,3.542737,3.2409673,1.0,3,3,1.0,2,2,1.0
6210007,test,a44_45,3.5236623,2.7840075,1.0,3,3,1.0,6,2,1.0
6210008,test,a44_45,3.1127582,2.4192536,1.0,3,3,1.0,6,4,1.0
6350007,test,a44_45,2.6709404,3.3488512,1.0,3,3,1.0,2,2,1.0
6365010,test,a44_45,1.2217952,2.966243,1.0,2,3,1.0,6,6,1.0
6365011,test,a44_45,2.1805463,0.0,1.0,3,2,1.0,2,2,1.0
6365177,test,a44_45,2.8679342,4.579592,1.0,3,2,1.0,2,2,1.0
6381008,test,a44_45,3.1206217,4.0907545,1.0,3,3,1.0,2,4,1.0
6444003,test,a44_45,2.914971,3.5554013,1.0,3,3,1.0,2,2,1.0
6475006,test,a44_45,1.1479242,2.2798254,1.0,2,3,1.0,6,6,1.0
6475007,test,a44_45,0.913414,3.49205,1.0,2,3,1.0,6,6,1.0
6509004,test,a44_45,2.9678564,3.5773633,1.0,3,3,1.0,2,2,1.0
6545008,test,a44_45,3.5007703,3.809728,1.0,3,3,1.0,2,2,1.0
6571003,test,a44_45,2.7096298,4.2117763,1.0,3,3,1.0,6,6,1.0
6635009,test,a44_45,1.5587231,0.0,1.0,3,2,1.0,6,6,1.0
6663030,test,a44_45,3.571942,4.527755,1.0,3,3,1.0,6,6,1.0
6674003,test,a44_45,3.3931985,3.7786224,1.0,3,3,1.0,2,2,1.0
6674005,test,a44_45,3.3628159,0.0,0.0,3,-1,0.0,2,-1,0.0
6736181,test,a44_45,2.8876684,2.8547702,1.0,3,3,1.0,2,2,1.0
6740003,test,a44_45,2.421363,3.5209594,1.0,3,3,1.0,2,2,1.0
6769008,test,a44_45,2.6539328,0.0,1.0,3,2,1.0,2,4,1.0
6779033,test,a44_45,1.2736628,0.0,1.0,2,2,1.0,6,6,1.0
6820030,test,a44_45,2.8702424,0.0,1.0,3,2,1.0,6,6,1.0
6843006,test,a44_45,0.9375663,0.0,1.0,2,2,1.0,6,2,1.0
6857006,test,a44_45,3.488299,4.0956507,1.0,3,3,1.0,2,5,1.0
