ID,split,target_bin,pred_earn,true_earn,mask_earn,pred_emp,true_emp,mask_emp,pred_mar,true_mar,mask_mar
4007,val,a30_31,2.640295,1.2333428,1.0,3,2,1.0,2,2,1.0
6174,val,a30_31,3.6196275,3.5177844,1.0,3,3,1.0,2,2,1.0
14004,val,a30_31,3.5456734,3.7227888,1.0,3,3,1.0,2,2,1.0
14172,val,a30_31,0.3845508,0.0,1.0,2,2,1.0,2,2,1.0
14173,val,a30_31,3.1665993,3.7706354,1.0,3,3,1.0,2,2,1.0
18031,val,a30_31,0.27646613,0.81838655,1.0,2,2,1.0,2,2,1.0
18185,val,a30_31,1.9589393,0.0,1.0,2,3,1.0,2,3,1.0
23031,val,a30_31,2.8352573,2.8751705,1.0,3,3,1.0,6,6,1.0
40173,val,a30_31,3.6586723,4.076673,1.0,3,3,1.0,2,4,1.0
51171,val,a30_31,3.4175608,3.2225082,1.0,3,3,1.0,2,2,1.0
84005,val,a30_31,3.4183397,4.049696,1.0,3,3,1.0,6,6,1.0
121173,val,a30_31,3.1503913,4.0438795,1.0,3,3,1.0,2,2,1.0
128004,val,a30_31,3.77781,3.8195267,1.0,3,3,1.0,2,2,1.0
145170,val,a30_31,3.6734405,3.3709557,1.0,3,3,1.0,2,2,1.0
161004,val,a30_31,3.4513521,4.204043,1.0,3,3,1.0,6,6,1.0
172031,val,a30_31,3.34265,3.4236188,1.0,3,3,1.0,2,2,1.0
174175,val,a30_31,1.8760612,3.4206977,1.0,3,3,1.0,2,2,1.0
221031,val,a30_31,3.8120303,3.6323774,1.0,3,3,1.0,2,2,1.0
223030,val,a30_31,3.4992158,3.2050848,1.0,3,2,1.0,2,2,1.0
227003,val,a30_31,4.1160035,3.901564,1.0,3,3,1.0,6,2,1.0
257175,val,a30_31,3.1324122,3.1132894,1.0,3,3,1.0,2,2,1.0
263182,val,a30_31,3.5357132,3.5551443,1.0,3,3,1.0,2,2,1.0
321005,val,a30_31,1.2611917,0.0,0.0,3,-1,0.0,2,-1,0.0
361175,val,a30_31,2.1965122,2.389918,1.0,3,3,1.0,2,4,1.0
377170,val,a30_31,3.4026196,3.303338,1.0,3,3,1.0,2,2,1.0
450030,val,a30_31,3.8901849,4.141229,1.0,3,3,1.0,6,6,1.0
465030,val,a30_31,2.4486632,2.9653394,1.0,3,3,1.0,4,4,1.0
478030,val,a30_31,2.5574944,2.9689102,1.0,3,2,1.0,6,2,1.0
503031,val,a30_31,2.1349065,3.7946298,1.0,3,3,1.0,2,2,1.0
514172,val,a30_31,3.7792737,3.7249148,1.0,3,3,1.0,2,2,1.0
534030,val,a30_31,3.1298366,3.3445346,1.0,3,3,1.0,2,2,1.0
534171,val,a30_31,3.7362595,3.6154544,1.0,3,3,1.0,2,2,1.0
544170,val,a30_31,2.3187473,2.5946815,1.0,3,3,1.0,2,2,1.0
563193,val,a30_31,3.4066691,2.9333522,1.0,3,3,1.0,2,2,1.0
577174,val,a30_31,3.150201,2.6081264,1.0,3,2,1.0,2,2,1.0
613006,val,a30_31,3.2107651,4.2846055,1.0,3,3,1.0,2,6,1.0
618170,val,a30_31,4.0868807,4.2050204,1.0,3,3,1.0,2,2,1.0
631030,val,a30_31,2.6782293,0.0,0.0,3,3,1.0,2,2,1.0
633031,val,a30_31,2.870864,3.3445346,1.0,3,3,1.0,6,2,1.0
652173,val,a30_31,3.1086726,3.6388054,1.0,3,3,1.0,2,2,1.0
655172,val,a30_31,3.2126422,3.6167312,1.0,3,3,1.0,2,2,1.0
656005,val,a30_31,2.3410704,1.7369525,1.0,3,3,1.0,2,2,1.0
691171,val,a30_31,2.5482864,0.0,0.0,3,-1,0.0,2,-1,0.0
738172,val,a30_31,1.6602302,2.6902387,1.0,2,3,1.0,2,2,1.0
751030,val,a30_31,1.6303291,0.0,1.0,3,2,1.0,2,2,1.0
762170,val,a30_31,4.165546,4.4477153,1.0,3,3,1.0,2,2,1.0
783171,val,a30_31,2.8312702,3.4384992,1.0,3,3,1.0,2,2,1.0
863007,val,a30_31,2.3699355,2.2456512,1.0,3,3,1.0,2,2,1.0
893170,val,a30_31,2.653736,2.9455593,1.0,3,3,1.0,2,2,1.0
894031,val,a30_31,3.3453853,2.461121,1.0,3,3,1.0,2,2,1.0
898181,val,a30_31,2.1420166,3.0409112,1.0,3,2,1.0,2,2,1.0
899003,val,a30_31,3.3313909,3.0307395,1.0,3,3,1.0,4,4,1.0
916032,val,a30_31,2.3910809,3.3619723,1.0,3,3,1.0,6,6,1.0
922005,val,a30_31,3.5547442,3.2996137,1.0,3,3,1.0,2,2,1.0
931172,val,a30_31,3.3167477,3.1621735,1.0,3,3,1.0,2,2,1.0
939032,val,a30_31,4.195943,0.0,1.0,3,3,1.0,2,2,1.0
958030,val,a30_31,3.3949256,3.497985,1.0,3,3,1.0,2,2,1.0
958173,val,a30_31,2.593059,2.9178963,1.0,3,3,1.0,2,2,1.0
961005,val,a30_31,2.8726182,2.9415638,1.0,3,3,1.0,4,4,1.0
961030,val,a30_31,2.5655913,3.5397089,1.0,3,3,1.0,6,6,1.0
961175,val,a30_31,3.3398066,3.023627,1.0,3,3,1.0,2,2,1.0
1051183,val,a30_31,3.8280175,4.358222,1.0,3,3,1.0,2,2,1.0
1084005,val,a30_31,2.7609186,2.8418088,1.0,3,2,1.0,2,2,1.0
1089003,val,a30_31,2.7378054,3.3856127,1.0,3,3,1.0,2,2,1.0
1093003,val,a30_31,0.26595926,0.0,1.0,2,2,1.0,2,2,1.0
1107173,val,a30_31,1.3127291,1.0235457,1.0,3,3,1.0,2,2,1.0
1109174,val,a30_31,1.3241211,0.6388453,1.0,3,2,1.0,2,2,1.0
1121030,val,a30_31,3.3704941,3.028002,1.0,3,3,1.0,2,2,1.0
1121175,val,a30_31,1.9795825,1.7948437,1.0,3,3,1.0,2,2,1.0
1125172,val,a30_31,2.5475435,2.3413634,1.0,3,3,1.0,2,2,1.0
1126030,val,a30_31,2.8450644,0.8757976,1.0,3,2,1.0,2,2,1.0
1126176,val,a30_31,0.94456017,4.886779,1.0,3,3,1.0,2,2,1.0
1152180,val,a30_31,3.2334824,3.4580646,1.0,3,3,1.0,2,2,1.0
1164004,val,a30_31,3.2352786,3.0181873,1.0,3,3,1.0,2,2,1.0
1184032,val,a30_31,3.4251487,3.2616544,1.0,3,3,1.0,2,2,1.0
1184033,val,a30_31,1.8306335,3.2050848,1.0,3,3,1.0,6,6,1.0
1185003,val,a30_31,3.1567733,3.8515978,1.0,3,2,1.0,2,2,1.0
1222004,val,a30_31,2.135657,2.0934732,1.0,3,2,1.0,2,2,1.0
1222006,val,a30_31,3.0236304,3.177607,1.0,3,3,1.0,2,2,1.0
1284170,val,a30_31,3.282143,3.9491403,1.0,3,3,1.0,2,2,1.0
1292004,val,a30_31,2.600154,1.9329143,1.0,3,2,1.0,2,2,1.0
1314172,val,a30_31,3.2729976,0.0,1.0,3,2,1.0,2,2,1.0
1332005,val,a30_31,4.1059237,4.41165,1.0,3,2,1.0,2,4,1.0
1335010,val,a30_31,3.1651697,2.8107677,1.0,3,3,1.0,2,2,1.0
1338003,val,a30_31,3.297435,3.6048794,1.0,3,3,1.0,6,6,1.0
1345006,val,a30_31,2.5334365,3.5205963,1.0,3,2,1.0,2,4,1.0
1345007,val,a30_31,2.5199604,3.6249468,1.0,3,3,1.0,2,6,1.0
1346030,val,a30_31,3.641615,0.0,1.0,3,2,1.0,6,2,1.0
1391033,val,a30_31,3.6628065,3.6421258,1.0,3,3,1.0,6,2,1.0
1391175,val,a30_31,0.045357227,0.0,1.0,2,2,1.0,2,2,1.0
1394033,val,a30_31,1.772086,0.0,1.0,3,2,1.0,4,4,1.0
1397005,val,a30_31,3.5554395,3.6570578,1.0,3,3,1.0,2,2,1.0
1397172,val,a30_31,0.2774179,0.0,1.0,2,2,1.0,2,2,1.0
1426004,val,a30_31,1.710321,1.5148215,1.0,3,3,1.0,6,2,1.0
1434032,val,a30_31,2.5795095,2.5882483,1.0,3,2,1.0,2,2,1.0
1434170,val,a30_31,3.1087155,2.7760577,1.0,3,3,1.0,2,2,1.0
1435005,val,a30_31,3.8933787,3.8998532,1.0,3,3,1.0,2,6,1.0
1485171,val,a30_31,3.5322714,3.5806315,1.0,3,3,1.0,2,2,1.0
1520031,val,a30_31,3.218639,3.6576927,1.0,3,3,1.0,4,4,1.0
1540005,val,a30_31,4.197921,4.493356,1.0,3,3,1.0,6,6,1.0
1559003,val,a30_31,4.0492883,4.33515,1.0,3,3,1.0,2,2,1.0
1559170,val,a30_31,3.4502356,3.7329192,1.0,3,3,1.0,2,2,1.0
1565180,val,a30_31,3.0062609,2.850009,1.0,3,3,1.0,2,2,1.0
1579030,val,a30_31,3.1370564,3.539721,1.0,3,3,1.0,2,2,1.0
1613007,val,a30_31,2.5928159,3.3296845,1.0,3,2,1.0,2,2,1.0
1621171,val,a30_31,3.9485743,4.0290737,1.0,3,3,1.0,2,2,1.0
1644004,val,a30_31,3.1275344,3.1041627,1.0,3,2,1.0,2,2,1.0
1652031,val,a30_31,2.8714283,3.7628198,1.0,3,3,1.0,2,2,1.0
1682032,val,a30_31,3.2887852,4.232157,1.0,3,3,1.0,2,6,1.0
1684173,val,a30_31,3.3286123,3.0831435,1.0,3,3,1.0,2,2,1.0
1687003,val,a30_31,3.3269274,3.0770123,1.0,3,3,1.0,2,2,1.0
1690170,val,a30_31,1.9197516,2.9952161,1.0,3,3,1.0,2,2,1.0
1692030,val,a30_31,0.103725195,0.0,1.0,2,2,1.0,2,2,1.0
1695034,val,a30_31,3.15752,3.154082,1.0,3,3,1.0,2,2,1.0
1701004,val,a30_31,2.2014287,2.9586496,1.0,3,3,1.0,2,2,1.0
1721030,val,a30_31,3.443029,4.218239,1.0,3,3,1.0,4,4,1.0
1723005,val,a30_31,0.10880613,0.0,1.0,2,2,1.0,2,2,1.0
1762030,val,a30_31,2.3068686,1.8541794,1.0,3,3,1.0,2,2,1.0
1762031,val,a30_31,3.5438728,3.4748342,1.0,3,3,1.0,2,2,1.0
1762032,val,a30_31,1.6566933,0.8422866,1.0,3,3,1.0,2,2,1.0
1774170,val,a30_31,3.2064965,3.530886,1.0,3,3,1.0,2,2,1.0
1774171,val,a30_31,3.0731478,3.757377,1.0,3,3,1.0,2,2,1.0
1784171,val,a30_31,3.9783366,4.354948,1.0,3,3,1.0,2,2,1.0
1786191,val,a30_31,3.7973092,4.0242934,1.0,3,3,1.0,2,2,1.0
1787005,val,a30_31,3.365358,3.5573397,1.0,3,3,1.0,4,2,1.0
1787174,val,a30_31,2.7746425,3.4187503,1.0,3,3,1.0,2,2,1.0
1802003,val,a30_31,3.0299888,2.8268056,1.0,3,3,1.0,2,2,1.0
1845170,val,a30_31,3.9381907,3.5920963,1.0,3,3,1.0,2,2,1.0
1862171,val,a30_31,2.9424856,1.0280056,1.0,3,3,1.0,2,2,1.0
1898004,val,a30_31,3.402012,4.0346365,1.0,3,3,1.0,6,6,1.0
1911030,val,a30_31,1.9573035,3.1301715,1.0,3,3,1.0,2,3,1.0
1914003,val,a30_31,0.34671926,0.13113108,1.0,2,3,1.0,2,2,1.0
1919007,val,a30_31,4.087222,3.7895627,1.0,3,3,1.0,2,2,1.0
1954003,val,a30_31,3.373107,3.2025814,1.0,3,3,1.0,2,2,1.0
1959005,val,a30_31,3.8815322,4.0288734,1.0,3,3,1.0,6,6,1.0
1964031,val,a30_31,1.8528111,0.0,0.0,3,-1,0.0,4,-1,0.0
1972173,val,a30_31,0.23653674,0.0,1.0,2,2,1.0,2,2,1.0
1978030,val,a30_31,3.3461583,3.5649583,1.0,3,3,1.0,2,2,1.0
2005030,val,a30_31,2.8615696,2.9669423,1.0,3,3,1.0,6,6,1.0
2011174,val,a30_31,2.4249258,2.6167932,1.0,3,3,1.0,2,2,1.0
2023030,val,a30_31,3.7980504,4.596575,1.0,3,3,1.0,6,6,1.0
2028030,val,a30_31,3.3890154,3.7856972,1.0,3,3,1.0,4,4,1.0
2055003,val,a30_31,2.3720047,2.474848,1.0,3,3,1.0,2,2,1.0
2067005,val,a30_31,3.8132129,3.8257277,1.0,3,3,1.0,2,2,1.0
2080170,val,a30_31,1.7440665,0.7748619,1.0,3,3,1.0,2,2,1.0
2106171,val,a30_31,0.45016265,0.0,1.0,2,2,1.0,2,2,1.0
2109002,val,a30_31,3.3196154,4.0631533,1.0,3,3,1.0,2,2,1.0
2129186,val,a30_31,3.0775533,3.000162,1.0,3,3,1.0,2,2,1.0
2181007,val,a30_31,0.54138434,0.0,1.0,2,2,1.0,6,6,1.0
2181030,val,a30_31,2.8860223,3.2536054,1.0,3,3,1.0,4,4,1.0
2243174,val,a30_31,3.6649134,4.1554103,1.0,3,3,1.0,2,2,1.0
2260173,val,a30_31,2.436208,1.88501,1.0,3,2,1.0,2,2,1.0
2261030,val,a30_31,2.972283,2.6918542,1.0,3,3,1.0,2,2,1.0
2271171,val,a30_31,2.4733803,2.9267282,1.0,3,3,1.0,2,2,1.0
2282005,val,a30_31,2.8700712,3.3026655,1.0,3,3,1.0,2,4,1.0
2302195,val,a30_31,0.20782208,0.0,1.0,2,2,1.0,2,2,1.0
2334031,val,a30_31,3.7660115,4.190539,1.0,3,3,1.0,2,2,1.0
2341172,val,a30_31,2.375315,1.6821941,1.0,3,2,1.0,2,2,1.0
2354175,val,a30_31,3.421531,0.02431143,1.0,3,3,1.0,6,2,1.0
2355004,val,a30_31,1.8556443,2.3455245,1.0,3,3,1.0,4,4,1.0
2391030,val,a30_31,3.5850558,3.3619723,1.0,3,3,1.0,2,2,1.0
2397173,val,a30_31,0.13572049,0.0,1.0,2,2,1.0,2,3,1.0
2408170,val,a30_31,2.6098835,2.1372008,1.0,3,3,1.0,6,2,1.0
2425003,val,a30_31,2.5145636,1.4242183,1.0,3,3,1.0,2,2,1.0
2432030,val,a30_31,1.2111994,0.0,1.0,2,2,1.0,4,4,1.0
2435172,val,a30_31,0.2523837,1.2739747,1.0,2,3,1.0,2,2,1.0
2436174,val,a30_31,0.10027313,0.0,1.0,2,2,1.0,2,2,1.0
2436176,val,a30_31,0.60700166,1.6717893,1.0,2,3,1.0,2,2,1.0
2441003,val,a30_31,1.3791082,2.0608215,1.0,3,3,1.0,2,2,1.0
2441173,val,a30_31,3.3131528,3.6020598,1.0,3,3,1.0,2,2,1.0
2458031,val,a30_31,4.2627187,4.507845,1.0,3,3,1.0,2,6,1.0
2461004,val,a30_31,0.38757682,1.2221372,1.0,2,2,1.0,2,2,1.0
2461030,val,a30_31,3.7383811,4.886779,1.0,3,3,1.0,2,2,1.0
2473004,val,a30_31,3.320076,3.5453892,1.0,3,3,1.0,2,2,1.0
2483030,val,a30_31,2.7826676,1.4439538,1.0,3,2,1.0,2,2,1.0
2503030,val,a30_31,3.610503,4.153324,1.0,3,3,1.0,6,6,1.0
2510005,val,a30_31,3.65174,3.681525,1.0,3,3,1.0,2,2,1.0
2525003,val,a30_31,3.6660082,1.0911466,1.0,3,2,1.0,2,2,1.0
2529030,val,a30_31,3.292573,3.6850972,1.0,3,3,1.0,2,2,1.0
2529174,val,a30_31,3.0118916,3.8850634,1.0,3,3,1.0,2,2,1.0
2530003,val,a30_31,2.0033274,2.4984546,1.0,3,3,1.0,2,2,1.0
2530004,val,a30_31,2.5987372,3.1229002,1.0,3,3,1.0,2,2,1.0
2569033,val,a30_31,2.6200469,3.1590667,1.0,3,3,1.0,6,2,1.0
2601006,val,a30_31,3.5365386,4.568841,1.0,3,3,1.0,6,2,1.0
2608006,val,a30_31,2.6502502,3.104259,1.0,3,3,1.0,2,2,1.0
2615034,val,a30_31,3.5853014,4.351215,1.0,3,3,1.0,2,2,1.0
2639004,val,a30_31,1.5282023,3.4125912,1.0,2,3,1.0,2,6,1.0
2665177,val,a30_31,0.60123706,0.50427806,1.0,2,2,1.0,6,6,1.0
2672006,val,a30_31,3.3489554,3.8187668,1.0,3,3,1.0,6,6,1.0
2672171,val,a30_31,1.941915,4.456984,1.0,3,3,1.0,2,4,1.0
2697003,val,a30_31,3.8195853,3.9311678,1.0,3,3,1.0,2,4,1.0
2704031,val,a30_31,3.1084836,3.4627373,1.0,3,3,1.0,6,2,1.0
2705030,val,a30_31,3.2870388,3.8132377,1.0,3,3,1.0,2,2,1.0
2707007,val,a30_31,2.6860955,2.7866313,1.0,3,3,1.0,2,2,1.0
2712172,val,a30_31,1.8158817,2.5026433,1.0,3,3,1.0,2,2,1.0
2731003,val,a30_31,2.6862893,3.2932556,1.0,3,3,1.0,6,6,1.0
2731005,val,a30_31,3.9573789,4.5509243,1.0,3,3,1.0,6,6,1.0
2770031,val,a30_31,3.3660645,3.598622,1.0,3,3,1.0,2,2,1.0
2816004,val,a30_31,0.08677173,0.0,1.0,2,2,1.0,2,2,1.0
2910002,val,a30_31,2.701865,2.9302201,1.0,3,3,1.0,2,2,1.0
3062001,val,a30_31,3.632537,3.2921891,1.0,3,3,1.0,2,2,1.0
3235002,val,a30_31,2.381217,2.637326,1.0,3,3,1.0,2,2,1.0
3306001,val,a30_31,4.114088,4.2639766,1.0,3,3,1.0,2,2,1.0
5015030,val,a30_31,1.854224,3.053964,1.0,3,3,1.0,2,2,1.0
5048030,val,a30_31,2.4578846,0.9035515,1.0,3,3,1.0,6,6,1.0
5052033,val,a30_31,2.0494304,2.1652112,1.0,3,3,1.0,6,6,1.0
5057008,val,a30_31,0.8682852,0.0,1.0,2,2,1.0,6,6,1.0
5170009,val,a30_31,3.6097312,3.6723797,1.0,3,3,1.0,2,2,1.0
5230008,val,a30_31,3.1208181,3.3242893,1.0,3,3,1.0,2,2,1.0
5299010,val,a30_31,2.1884334,1.4410384,1.0,3,3,1.0,6,6,1.0
5336179,val,a30_31,2.9337008,2.2973404,1.0,3,2,1.0,2,2,1.0
5364005,val,a30_31,2.8862164,3.2058682,1.0,3,3,1.0,4,3,1.0
5379004,val,a30_31,3.078068,2.9469423,1.0,3,3,1.0,4,4,1.0
5430173,val,a30_31,2.8165445,0.0,0.0,3,-1,0.0,6,-1,0.0
5488006,val,a30_31,3.2781765,3.6987822,1.0,3,3,1.0,6,6,1.0
5493007,val,a30_31,0.14981341,0.0,1.0,2,2,1.0,2,5,1.0
5537009,val,a30_31,2.719713,2.2175868,1.0,3,3,1.0,2,2,1.0
5537177,val,a30_31,1.4110212,0.0,1.0,2,2,1.0,2,2,1.0
5537183,val,a30_31,3.4794207,0.0,1.0,3,2,1.0,2,2,1.0
5569010,val,a30_31,2.720828,3.477633,1.0,3,3,1.0,2,2,1.0
5600005,val,a30_31,1.8187748,2.3809192,1.0,3,2,1.0,6,6,1.0
5615183,val,a30_31,2.7383616,4.037687,1.0,3,3,1.0,2,2,1.0
5749006,val,a30_31,1.8181305,2.652741,1.0,3,3,1.0,4,2,1.0
5822175,val,a30_31,2.908969,2.9794602,1.0,3,3,1.0,2,2,1.0
5832003,val,a30_31,2.8494055,0.0,0.0,3,-1,0.0,4,-1,0.0
5872005,val,a30_31,0.45248914,0.0,1.0,2,2,1.0,6,6,1.0
5898005,val,a30_31,2.0514393,0.0,1.0,3,2,1.0,6,4,1.0
5904033,val,a30_31,2.6148026,2.6030054,1.0,3,3,1.0,2,3,1.0
5987188,val,a30_31,2.8927374,3.0227742,1.0,3,3,1.0,2,2,1.0
6026005,val,a30_31,3.3898516,3.6704879,1.0,3,3,1.0,6,6,1.0
6026172,val,a30_31,3.3201704,3.7018018,1.0,3,3,1.0,6,6,1.0
6054031,val,a30_31,3.9613142,4.3773117,1.0,3,3,1.0,6,6,1.0
6121033,val,a30_31,1.9161282,0.0,0.0,2,2,1.0,6,6,1.0
6156008,val,a30_31,3.0840473,3.766229,1.0,3,3,1.0,6,6,1.0
6157003,val,a30_31,2.8947604,2.724433,1.0,3,3,1.0,2,2,1.0
6210183,val,a30_31,2.233662,3.5983658,1.0,3,3,1.0,2,2,1.0
6262030,val,a30_31,3.4273033,3.6729314,1.0,3,3,1.0,2,2,1.0
6368007,val,a30_31,2.0629015,1.520187,1.0,3,2,1.0,6,6,1.0
6381181,val,a30_31,3.1183858,3.8400397,1.0,3,3,1.0,6,6,1.0
6396003,val,a30_31,1.679879,1.6638994,1.0,3,3,1.0,4,2,1.0
6431008,val,a30_31,2.8233905,3.2574513,1.0,3,3,1.0,2,2,1.0
6475170,val,a30_31,2.1569371,2.6670494,1.0,3,3,1.0,6,6,1.0
6522004,val,a30_31,0.5756726,0.0,1.0,2,2,1.0,6,6,1.0
6537032,val,a30_31,2.811983,2.6992998,1.0,3,2,1.0,2,2,1.0
6541178,val,a30_31,3.314472,4.0980587,1.0,3,3,1.0,2,2,1.0
6545006,val,a30_31,1.1297119,0.0,0.0,2,-1,0.0,2,-1,0.0
6547171,val,a30_31,2.9140966,2.844415,1.0,3,3,1.0,2,2,1.0
6571031,val,a30_31,2.7418122,0.0,0.0,3,-1,0.0,2,-1,0.0
6590008,val,a30_31,2.9304893,3.052779,1.0,3,3,1.0,2,2,1.0
6616007,val,a30_31,1.7413567,2.4154687,1.0,3,2,1.0,2,2,1.0
6649003,val,a30_31,2.267559,3.1905797,1.0,3,2,1.0,6,6,1.0
6710030,val,a30_31,1.0190668,3.334712,1.0,2,3,1.0,6,6,1.0
6745007,val,a30_31,2.9500985,0.0,0.0,3,-1,0.0,6,-1,0.0
6750005,val,a30_31,2.3839805,0.0,1.0,3,3,1.0,2,3,1.0
6765006,val,a30_31,1.6261625,0.0,1.0,2,3,1.0,2,2,1.0
6822176,val,a30_31,3.1085026,3.7020907,1.0,3,3,1.0,2,3,1.0
4007,val,a32_33,2.63064,1.0867418,1.0,3,3,1.0,2,2,1.0
6174,val,a32_33,3.6267345,3.4142132,1.0,3,3,1.0,2,2,1.0
14004,val,a32_33,3.5780292,3.97576,1.0,3,3,1.0,2,2,1.0
14172,val,a32_33,0.67254055,0.0,1.0,2,2,1.0,2,2,1.0
14173,val,a32_33,3.232307,3.566897,1.0,3,3,1.0,2,2,1.0
18031,val,a32_33,0.55323744,0.0,1.0,2,2,1.0,2,2,1.0
18185,val,a32_33,2.0169954,3.419789,1.0,3,3,1.0,2,4,1.0
23031,val,a32_33,2.8288019,2.7639472,1.0,3,3,1.0,2,6,1.0
40173,val,a32_33,3.679473,4.1959877,1.0,3,3,1.0,2,2,1.0
51171,val,a32_33,3.5260015,3.4484794,1.0,3,3,1.0,2,2,1.0
84005,val,a32_33,3.3552985,3.628354,1.0,3,3,1.0,6,6,1.0
121173,val,a32_33,3.0371642,4.8089485,1.0,3,3,1.0,2,2,1.0
128004,val,a32_33,3.8570695,3.699267,1.0,3,3,1.0,2,2,1.0
145170,val,a32_33,3.7121863,3.7859023,1.0,3,3,1.0,2,2,1.0
161004,val,a32_33,3.497934,4.144882,1.0,3,3,1.0,2,6,1.0
172031,val,a32_33,3.4099715,3.4698775,1.0,3,3,1.0,2,2,1.0
174175,val,a32_33,2.004679,3.505085,1.0,3,3,1.0,2,2,1.0
221031,val,a32_33,3.8578334,3.6850972,1.0,3,3,1.0,2,2,1.0
223030,val,a32_33,3.4958706,3.5649583,1.0,3,3,1.0,2,2,1.0
227003,val,a32_33,4.06288,1.4325641,1.0,3,3,1.0,2,4,1.0
257175,val,a32_33,3.1266124,2.9559011,1.0,3,3,1.0,2,2,1.0
263182,val,a32_33,3.5967188,3.1111588,1.0,3,3,1.0,2,2,1.0
321005,val,a32_33,1.3903672,0.0,1.0,3,3,1.0,2,2,1.0
361175,val,a32_33,2.1589074,2.4523063,1.0,3,2,1.0,2,2,1.0
377170,val,a32_33,3.4556923,4.1439614,1.0,3,3,1.0,2,2,1.0
450030,val,a32_33,3.8620682,3.9492195,1.0,3,3,1.0,2,6,1.0
465030,val,a32_33,2.447366,3.4057453,1.0,3,3,1.0,4,2,1.0
478030,val,a32_33,2.573501,2.441683,1.0,3,2,1.0,2,5,1.0
503031,val,a32_33,2.2660868,4.011046,1.0,3,3,1.0,2,2,1.0
514172,val,a32_33,3.758531,4.8569217,1.0,3,3,1.0,2,2,1.0
534030,val,a32_33,3.0848484,3.5290773,1.0,3,3,1.0,2,2,1.0
534171,val,a32_33,3.7915862,3.4207587,1.0,3,3,1.0,2,2,1.0
544170,val,a32_33,2.3546412,2.4005008,1.0,3,3,1.0,2,2,1.0
563193,val,a32_33,3.4133573,1.2695827,1.0,3,2,1.0,2,2,1.0
577174,val,a32_33,3.2727432,1.7688432,1.0,3,3,1.0,2,2,1.0
613006,val,a32_33,3.2953937,4.381024,1.0,3,3,1.0,2,6,1.0
618170,val,a32_33,4.126569,4.21746,1.0,3,3,1.0,2,2,1.0
631030,val,a32_33,2.7097692,3.6409497,1.0,3,2,1.0,2,4,1.0
633031,val,a32_33,2.8730712,3.587975,1.0,3,3,1.0,2,2,1.0
652173,val,a32_33,2.9700265,3.7014766,1.0,3,3,1.0,2,2,1.0
655172,val,a32_33,3.1317613,2.5599382,1.0,3,3,1.0,2,2,1.0
656005,val,a32_33,2.367899,1.6182599,1.0,3,2,1.0,2,2,1.0
691171,val,a32_33,2.550417,2.3093877,1.0,3,3,1.0,2,4,1.0
738172,val,a32_33,1.7769631,3.3051815,1.0,2,3,1.0,2,2,1.0
751030,val,a32_33,1.7809281,2.7029045,1.0,3,3,1.0,2,2,1.0
762170,val,a32_33,4.2027593,4.7859936,1.0,3,3,1.0,2,2,1.0
783171,val,a32_33,2.8474135,0.0,1.0,3,2,1.0,2,2,1.0
863007,val,a32_33,2.4021487,2.0965526,1.0,3,3,1.0,2,2,1.0
893170,val,a32_33,2.663875,1.1484697,1.0,3,2,1.0,2,2,1.0
894031,val,a32_33,3.335324,2.920467,1.0,3,3,1.0,2,2,1.0
898181,val,a32_33,2.1329327,2.303382,1.0,3,2,1.0,2,2,1.0
899003,val,a32_33,3.361231,3.1265504,1.0,3,3,1.0,4,4,1.0
916032,val,a32_33,2.3880062,3.433667,1.0,3,3,1.0,6,6,1.0
922005,val,a32_33,3.473168,2.0455058,1.0,3,3,1.0,2,2,1.0
931172,val,a32_33,3.422656,2.9653394,1.0,3,3,1.0,2,2,1.0
939032,val,a32_33,4.2199864,4.886779,1.0,3,3,1.0,2,2,1.0
958030,val,a32_33,3.4484422,3.514469,1.0,3,3,1.0,2,2,1.0
958173,val,a32_33,2.579736,3.0765197,1.0,3,3,1.0,2,2,1.0
961005,val,a32_33,2.8867965,2.9124293,1.0,3,2,1.0,4,2,1.0
961030,val,a32_33,2.654606,3.8700032,1.0,3,3,1.0,2,6,1.0
961175,val,a32_33,3.4409914,3.3337398,1.0,3,3,1.0,2,2,1.0
1051183,val,a32_33,3.7723923,3.8180304,1.0,3,3,1.0,2,2,1.0
1084005,val,a32_33,2.7877464,0.0,1.0,3,2,1.0,2,2,1.0
1089003,val,a32_33,2.7238462,3.267166,1.0,3,3,1.0,2,2,1.0
1093003,val,a32_33,0.5904901,0.0,1.0,2,2,1.0,2,2,1.0
1107173,val,a32_33,1.4772866,2.8713987,1.0,3,3,1.0,2,2,1.0
1109174,val,a32_33,1.410913,1.7994808,1.0,3,2,1.0,2,2,1.0
1121030,val,a32_33,3.4160542,3.2479649,1.0,3,3,1.0,2,2,1.0
1121175,val,a32_33,2.06207,2.7939436,1.0,3,3,1.0,2,2,1.0
1125172,val,a32_33,2.5654514,2.505347,1.0,3,3,1.0,2,2,1.0
1126030,val,a32_33,2.8367414,3.0186512,1.0,3,3,1.0,2,2,1.0
1126176,val,a32_33,1.4483192,4.886779,1.0,3,3,1.0,2,2,1.0
1152180,val,a32_33,3.2462516,3.2781074,1.0,3,3,1.0,2,2,1.0
1164004,val,a32_33,3.2923017,3.232986,1.0,3,3,1.0,2,2,1.0
1184032,val,a32_33,3.4179804,3.3217459,1.0,3,3,1.0,2,2,1.0
1184033,val,a32_33,1.98043,0.0,1.0,3,2,1.0,6,2,1.0
1185003,val,a32_33,3.0878186,2.8616178,1.0,3,2,1.0,2,2,1.0
1222004,val,a32_33,2.199607,0.0,1.0,3,2,1.0,2,2,1.0
1222006,val,a32_33,3.1245978,3.2669837,1.0,3,3,1.0,2,2,1.0
1284170,val,a32_33,3.1726325,3.8794374,1.0,3,3,1.0,2,2,1.0
1292004,val,a32_33,2.6114562,1.8490136,1.0,3,3,1.0,2,2,1.0
1314172,val,a32_33,3.412689,1.2554071,1.0,3,3,1.0,2,2,1.0
1332005,val,a32_33,4.1248355,1.8490136,1.0,3,3,1.0,2,4,1.0
1335010,val,a32_33,3.2543464,2.8287268,1.0,3,3,1.0,2,2,1.0
1338003,val,a32_33,3.2099476,3.5806177,1.0,3,3,1.0,2,6,1.0
1345006,val,a32_33,2.5410607,3.5201502,1.0,3,3,1.0,2,4,1.0
1345007,val,a32_33,2.4269722,3.3856368,1.0,3,3,1.0,2,6,1.0
1346030,val,a32_33,3.6011848,0.0,1.0,3,2,1.0,6,2,1.0
1391033,val,a32_33,3.6606832,3.8577616,1.0,3,3,1.0,2,2,1.0
1391175,val,a32_33,0.3600347,2.1802564,1.0,2,3,1.0,2,2,1.0
1394033,val,a32_33,1.7829988,0.0,1.0,3,2,1.0,4,4,1.0
1397005,val,a32_33,3.6018605,3.384829,1.0,3,3,1.0,2,2,1.0
1397172,val,a32_33,0.6801803,0.6637555,1.0,2,2,1.0,2,2,1.0
1426004,val,a32_33,1.772505,1.2936131,1.0,3,2,1.0,6,3,1.0
1434032,val,a32_33,2.5947673,1.6391988,1.0,3,3,1.0,2,2,1.0
1434170,val,a32_33,3.0901494,2.9495683,1.0,3,3,1.0,2,2,1.0
1435005,val,a32_33,3.9125767,3.904213,1.0,3,3,1.0,2,2,1.0
1485171,val,a32_33,3.6318173,1.6021421,1.0,3,3,1.0,2,2,1.0
1520031,val,a32_33,3.2348561,3.9380646,1.0,3,3,1.0,4,2,1.0
1540005,val,a32_33,4.2044187,2.2967575,1.0,3,3,1.0,2,2,1.0
1559003,val,a32_33,4.08988,4.4298196,1.0,3,3,1.0,2,2,1.0
1559170,val,a32_33,3.386936,3.635588,1.0,3,3,1.0,2,2,1.0
1565180,val,a32_33,2.9580326,3.4698775,1.0,3,3,1.0,2,2,1.0
1579030,val,a32_33,3.1585193,3.4738486,1.0,3,3,1.0,2,2,1.0
1613007,val,a32_33,2.548327,0.38016513,1.0,3,2,1.0,2,2,1.0
1621171,val,a32_33,3.9842198,4.339688,1.0,3,3,1.0,2,2,1.0
1644004,val,a32_33,3.061698,1.2289442,1.0,3,3,1.0,2,2,1.0
1652031,val,a32_33,2.8516746,0.0,1.0,3,2,1.0,2,2,1.0
1682032,val,a32_33,3.390306,4.266328,1.0,3,3,1.0,2,6,1.0
1684173,val,a32_33,3.4032912,3.2957816,1.0,3,3,1.0,2,2,1.0
1687003,val,a32_33,3.4060822,3.19179,1.0,3,3,1.0,2,2,1.0
1690170,val,a32_33,1.9932588,3.3861604,1.0,3,3,1.0,2,2,1.0
1692030,val,a32_33,0.455266,1.5561625,1.0,2,3,1.0,2,2,1.0
1695034,val,a32_33,3.1032162,3.4795048,1.0,3,3,1.0,2,2,1.0
1701004,val,a32_33,2.2578704,3.2293725,1.0,3,3,1.0,2,2,1.0
1721030,val,a32_33,3.4054108,3.8455408,1.0,3,3,1.0,4,2,1.0
1723005,val,a32_33,0.43385506,0.82886904,1.0,2,2,1.0,2,2,1.0
1762030,val,a32_33,2.3808818,1.9757252,1.0,3,3,1.0,2,2,1.0
1762031,val,a32_33,3.6060596,3.5925455,1.0,3,3,1.0,2,2,1.0
1762032,val,a32_33,1.791954,1.6391988,1.0,3,3,1.0,2,3,1.0
1774170,val,a32_33,3.1027188,3.9912028,1.0,3,3,1.0,2,2,1.0
1774171,val,a32_33,2.9981835,3.549721,1.0,3,3,1.0,2,2,1.0
1784171,val,a32_33,4.0389214,4.220819,1.0,3,3,1.0,2,2,1.0
1786191,val,a32_33,3.8280234,3.9380646,1.0,3,3,1.0,2,2,1.0
1787005,val,a32_33,3.415174,3.6982102,1.0,3,3,1.0,4,2,1.0
1787174,val,a32_33,2.7245924,3.4946194,1.0,3,3,1.0,2,2,1.0
1802003,val,a32_33,3.114071,2.9506648,1.0,3,3,1.0,2,2,1.0
1845170,val,a32_33,4.007867,3.4964852,1.0,3,3,1.0,2,2,1.0
1862171,val,a32_33,2.9736354,3.7249148,1.0,3,3,1.0,2,2,1.0
1898004,val,a32_33,3.278743,3.97414,1.0,3,3,1.0,6,6,1.0
1911030,val,a32_33,2.012605,3.1334782,1.0,3,3,1.0,2,2,1.0
1914003,val,a32_33,0.6577828,1.1835238,1.0,2,3,1.0,2,2,1.0
1919007,val,a32_33,4.154172,3.963373,1.0,3,3,1.0,2,2,1.0
1954003,val,a32_33,3.401189,3.3071876,1.0,3,3,1.0,2,2,1.0
1959005,val,a32_33,3.8073053,4.227319,1.0,3,3,1.0,6,6,1.0
1964031,val,a32_33,1.9200004,0.0,0.0,3,-1,0.0,4,-1,0.0
1972173,val,a32_33,0.6205864,3.2300382,1.0,2,3,1.0,2,3,1.0
1978030,val,a32_33,3.3559875,3.9380646,1.0,3,3,1.0,2,2,1.0
2005030,val,a32_33,2.8655128,3.6323774,1.0,3,3,1.0,6,6,1.0
2011174,val,a32_33,2.4001908,3.1610117,1.0,3,3,1.0,2,2,1.0
2023030,val,a32_33,3.6992364,4.676276,1.0,3,3,1.0,6,6,1.0
2028030,val,a32_33,3.3361993,3.8275414,1.0,3,3,1.0,4,4,1.0
2055003,val,a32_33,2.4206548,2.436415,1.0,3,3,1.0,2,2,1.0
2067005,val,a32_33,3.8985844,3.8835647,1.0,3,3,1.0,2,2,1.0
2080170,val,a32_33,1.8412457,1.5193015,1.0,3,3,1.0,2,2,1.0
2106171,val,a32_33,0.7441124,1.9249718,1.0,2,3,1.0,2,2,1.0
2109002,val,a32_33,3.165703,4.320229,1.0,3,3,1.0,2,3,1.0
2129186,val,a32_33,3.1667354,3.4382844,1.0,3,3,1.0,2,2,1.0
2181007,val,a32_33,0.68966866,0.0,1.0,2,2,1.0,6,6,1.0
2181030,val,a32_33,2.865361,3.2005377,1.0,3,3,1.0,4,4,1.0
2243174,val,a32_33,3.5943336,4.3128266,1.0,3,3,1.0,2,2,1.0
2260173,val,a32_33,2.46148,1.8636948,1.0,3,3,1.0,2,2,1.0
2261030,val,a32_33,3.0056486,3.46386,1.0,3,3,1.0,2,2,1.0
2271171,val,a32_33,2.4540205,2.8805687,1.0,3,3,1.0,2,2,1.0
2282005,val,a32_33,2.8685324,2.6999228,1.0,3,3,1.0,2,4,1.0
2302195,val,a32_33,0.54826176,0.0,1.0,2,2,1.0,2,3,1.0
2334031,val,a32_33,3.750511,4.3227935,1.0,3,3,1.0,2,2,1.0
2341172,val,a32_33,2.375816,1.4055939,1.0,3,3,1.0,2,2,1.0
2354175,val,a32_33,3.4035,3.5770934,1.0,3,3,1.0,6,2,1.0
2355004,val,a32_33,1.9249771,3.1516616,1.0,3,3,1.0,4,4,1.0
2391030,val,a32_33,3.6170702,3.3850226,1.0,3,3,1.0,2,2,1.0
2397173,val,a32_33,0.47170734,1.5610666,1.0,2,2,1.0,2,4,1.0
2408170,val,a32_33,2.5314357,1.7504245,1.0,3,3,1.0,6,2,1.0
2425003,val,a32_33,2.4614391,1.0458099,1.0,3,3,1.0,2,2,1.0
2432030,val,a32_33,1.3843715,3.1244323,1.0,2,3,1.0,4,4,1.0
2435172,val,a32_33,0.6726173,2.6671154,1.0,2,3,1.0,2,2,1.0
2436174,val,a32_33,0.4536934,0.0,1.0,2,2,1.0,2,2,1.0
2436176,val,a32_33,0.90411234,2.3387928,1.0,2,3,1.0,2,2,1.0
2441003,val,a32_33,1.5226772,2.767564,1.0,3,3,1.0,2,2,1.0
2441173,val,a32_33,3.324874,3.35304,1.0,3,2,1.0,2,2,1.0
2458031,val,a32_33,4.3034263,4.4858203,1.0,3,3,1.0,2,6,1.0
2461004,val,a32_33,0.67541194,0.0,1.0,2,2,1.0,2,2,1.0
2461030,val,a32_33,3.7057567,4.886779,1.0,3,3,1.0,2,2,1.0
2473004,val,a32_33,3.3562295,3.5253677,1.0,3,3,1.0,2,2,1.0
2483030,val,a32_33,2.7536235,2.811228,1.0,3,3,1.0,2,3,1.0
2503030,val,a32_33,3.6080456,3.3822985,1.0,3,2,1.0,6,6,1.0
2510005,val,a32_33,3.76922,3.1491687,1.0,3,3,1.0,2,2,1.0
2525003,val,a32_33,3.6858158,1.4930412,1.0,3,2,1.0,2,2,1.0
2529030,val,a32_33,3.3422549,2.3032491,1.0,3,3,1.0,2,2,1.0
2529174,val,a32_33,2.8854637,4.1124773,1.0,3,3,1.0,2,2,1.0
2530003,val,a32_33,2.0821652,0.0,0.0,3,-1,0.0,2,-1,0.0
2530004,val,a32_33,2.6095614,3.012737,1.0,3,3,1.0,2,2,1.0
2569033,val,a32_33,2.6006963,3.4540765,1.0,3,3,1.0,6,2,1.0
2601006,val,a32_33,3.5048127,4.6354756,1.0,3,3,1.0,2,2,1.0
2608006,val,a32_33,2.8110392,3.1019585,1.0,3,3,1.0,2,2,1.0
2615034,val,a32_33,3.5600119,4.0760427,1.0,3,3,1.0,2,2,1.0
2639004,val,a32_33,1.9833262,3.5780287,1.0,3,3,1.0,2,4,1.0
2665177,val,a32_33,0.76421297,0.0,1.0,3,2,1.0,6,6,1.0
2672006,val,a32_33,3.3594153,3.845893,1.0,3,3,1.0,2,2,1.0
2672171,val,a32_33,1.9893053,3.2094243,1.0,3,3,1.0,2,4,1.0
2697003,val,a32_33,3.8710384,4.1256022,1.0,3,3,1.0,2,4,1.0
2704031,val,a32_33,3.0341876,3.3051815,1.0,3,3,1.0,6,2,1.0
2705030,val,a32_33,3.2263007,4.1353226,1.0,3,3,1.0,2,2,1.0
2707007,val,a32_33,2.672084,2.9212708,1.0,3,3,1.0,2,2,1.0
2712172,val,a32_33,1.9471624,2.9834774,1.0,3,3,1.0,2,2,1.0
2731003,val,a32_33,2.6986175,3.4424026,1.0,3,3,1.0,6,6,1.0
2731005,val,a32_33,3.8702672,4.657845,1.0,3,3,1.0,6,6,1.0
2770031,val,a32_33,3.3753047,3.5017936,1.0,3,3,1.0,2,2,1.0
2816004,val,a32_33,0.4293263,0.99481934,1.0,2,3,1.0,2,2,1.0
2910002,val,a32_33,2.6464934,2.9570043,1.0,3,2,1.0,2,2,1.0
3062001,val,a32_33,3.6439369,3.0165422,1.0,3,3,1.0,2,2,1.0
3235002,val,a32_33,2.377381,3.067396,1.0,3,3,1.0,2,2,1.0
3306001,val,a32_33,4.0508356,4.5033164,1.0,3,3,1.0,2,2,1.0
5015030,val,a32_33,1.9164028,3.1231244,1.0,3,3,1.0,2,2,1.0
5048030,val,a32_33,2.477224,0.85221577,1.0,3,3,1.0,6,6,1.0
5052033,val,a32_33,2.0942404,2.1177578,1.0,3,3,1.0,6,6,1.0
5057008,val,a32_33,1.0154343,0.0,1.0,2,2,1.0,6,6,1.0
5170009,val,a32_33,3.6263733,3.754378,1.0,3,3,1.0,2,2,1.0
5230008,val,a32_33,3.073728,3.23986,1.0,3,3,1.0,2,2,1.0
5299010,val,a32_33,2.1984503,0.0,1.0,3,2,1.0,6,6,1.0
5336179,val,a32_33,3.0131578,2.1424496,1.0,3,3,1.0,2,2,1.0
5364005,val,a32_33,2.9198065,3.1292195,1.0,3,3,1.0,4,3,1.0
5379004,val,a32_33,3.0771391,3.4401562,1.0,3,3,1.0,4,4,1.0
5430173,val,a32_33,2.7702253,0.0,1.0,3,2,1.0,6,6,1.0
5488006,val,a32_33,3.21356,3.6953425,1.0,3,3,1.0,6,6,1.0
5493007,val,a32_33,0.33393097,0.0,1.0,2,2,1.0,2,6,1.0
5537009,val,a32_33,2.7347348,0.0,0.0,3,-1,0.0,2,-1,0.0
5537177,val,a32_33,1.733078,0.0,1.0,3,2,1.0,2,2,1.0
5537183,val,a32_33,3.455329,3.904599,1.0,3,3,1.0,2,2,1.0
5569010,val,a32_33,2.7351477,3.7087364,1.0,3,3,1.0,2,2,1.0
5600005,val,a32_33,1.8793519,2.8738692,1.0,3,3,1.0,6,6,1.0
5615183,val,a32_33,2.7976475,3.4054897,1.0,3,3,1.0,2,2,1.0
5749006,val,a32_33,1.8395817,2.906099,1.0,3,3,1.0,4,2,1.0
5822175,val,a32_33,2.9516258,3.410315,1.0,3,3,1.0,2,2,1.0
5832003,val,a32_33,2.8441548,3.3075924,1.0,3,2,1.0,4,6,1.0
5872005,val,a32_33,0.5904815,0.0,1.0,2,2,1.0,6,6,1.0
5898005,val,a32_33,2.1156669,1.7823017,1.0,3,3,1.0,6,4,1.0
5904033,val,a32_33,2.615133,0.84036845,1.0,3,3,1.0,2,3,1.0
5987188,val,a32_33,2.8534133,2.9850528,1.0,3,3,1.0,2,2,1.0
6026005,val,a32_33,3.409074,3.9760501,1.0,3,3,1.0,6,2,1.0
6026172,val,a32_33,3.2331812,3.810312,1.0,3,3,1.0,6,2,1.0
6054031,val,a32_33,3.9280953,3.938906,1.0,3,3,1.0,6,6,1.0
6121033,val,a32_33,2.0052547,0.0,0.0,2,-1,0.0,6,-1,0.0
6156008,val,a32_33,3.1167033,3.793373,1.0,3,3,1.0,6,6,1.0
6157003,val,a32_33,2.9183984,2.9488564,1.0,3,3,1.0,2,2,1.0
6210183,val,a32_33,2.356133,3.3647535,1.0,3,3,1.0,2,2,1.0
6262030,val,a32_33,3.4329488,4.031533,1.0,3,3,1.0,2,2,1.0
6368007,val,a32_33,2.1230755,0.41118228,1.0,3,2,1.0,6,6,1.0
6381181,val,a32_33,3.1137605,4.056612,1.0,3,3,1.0,6,2,1.0
6396003,val,a32_33,1.739335,1.5197067,1.0,3,3,1.0,4,2,1.0
6431008,val,a32_33,2.9054644,3.2996137,1.0,3,3,1.0,2,2,1.0
6475170,val,a32_33,2.1391263,2.8357437,1.0,3,3,1.0,6,6,1.0
6522004,val,a32_33,0.7572253,0.0,1.0,2,2,1.0,6,6,1.0
6537032,val,a32_33,2.7413585,0.0,1.0,3,2,1.0,2,2,1.0
6541178,val,a32_33,3.2373483,4.160322,1.0,3,3,1.0,2,2,1.0
6545006,val,a32_33,1.2258637,0.0,0.0,2,-1,0.0,2,-1,0.0
6547171,val,a32_33,2.9109092,2.8279142,1.0,3,3,1.0,2,2,1.0
6571031,val,a32_33,2.7653549,3.3175473,1.0,3,3,1.0,2,3,1.0
6590008,val,a32_33,2.9846673,3.1238058,1.0,3,3,1.0,2,2,1.0
6616007,val,a32_33,1.9126278,2.2041533,1.0,3,3,1.0,2,3,1.0
6649003,val,a32_33,2.3130012,2.9051325,1.0,3,3,1.0,6,6,1.0
6710030,val,a32_33,1.1801236,0.0,0.0,2,-1,0.0,6,-1,0.0
6745007,val,a32_33,2.9666605,0.0,0.0,3,-1,0.0,6,-1,0.0
6750005,val,a32_33,2.489625,3.182522,1.0,3,3,1.0,2,4,1.0
6765006,val,a32_33,1.8638636,2.837602,1.0,2,3,1.0,2,2,1.0
6822176,val,a32_33,3.0347235,3.8595586,1.0,3,3,1.0,2,4,1.0
4007,val,a34_35,2.6020658,2.800409,1.0,3,3,1.0,2,2,1.0
6174,val,a34_35,3.5691235,3.436764,1.0,3,3,1.0,2,2,1.0
14004,val,a34_35,3.5911033,3.998868,1.0,3,3,1.0,2,2,1.0
14172,val,a34_35,0.9620744,0.0,1.0,2,2,1.0,2,2,1.0
14173,val,a34_35,3.2739172,3.6810904,1.0,3,3,1.0,2,2,1.0
18031,val,a34_35,0.8580543,0.68363804,1.0,2,2,1.0,2,2,1.0
18185,val,a34_35,2.0779788,0.9108581,1.0,3,2,1.0,2,2,1.0
23031,val,a34_35,2.823894,3.4142132,1.0,3,3,1.0,2,6,1.0
40173,val,a34_35,3.6603255,3.7375634,1.0,3,3,1.0,2,2,1.0
51171,val,a34_35,3.5747402,3.6482122,1.0,3,3,1.0,2,2,1.0
84005,val,a34_35,3.2847013,3.8661423,1.0,3,3,1.0,2,6,1.0
121173,val,a34_35,2.8843484,4.4823527,1.0,3,3,1.0,2,2,1.0
128004,val,a34_35,3.903133,3.7695422,1.0,3,3,1.0,2,2,1.0
145170,val,a34_35,3.7110834,3.050315,1.0,3,3,1.0,2,2,1.0
161004,val,a34_35,3.56854,4.29205,1.0,3,3,1.0,2,6,1.0
172031,val,a34_35,3.4409904,3.0302796,1.0,3,3,1.0,2,2,1.0
174175,val,a34_35,2.1343753,3.4826064,1.0,3,3,1.0,2,2,1.0
221031,val,a34_35,3.8765376,4.00667,1.0,3,3,1.0,2,2,1.0
223030,val,a34_35,3.4393902,4.1992106,1.0,3,3,1.0,2,2,1.0
227003,val,a34_35,3.9672494,3.9942298,1.0,3,3,1.0,2,4,1.0
257175,val,a34_35,3.0972047,1.5653204,1.0,3,3,1.0,2,2,1.0
263182,val,a34_35,3.5990722,3.226835,1.0,3,3,1.0,2,2,1.0
321005,val,a34_35,1.534795,1.8506196,1.0,3,3,1.0,2,2,1.0
361175,val,a34_35,2.1385703,0.5806059,1.0,3,2,1.0,2,2,1.0
377170,val,a34_35,3.4809463,4.052736,1.0,3,3,1.0,2,2,1.0
450030,val,a34_35,3.7935193,3.535023,1.0,3,3,1.0,2,6,1.0
465030,val,a34_35,2.454534,3.46386,1.0,3,3,1.0,4,2,1.0
478030,val,a34_35,2.5905075,0.0,1.0,3,3,1.0,2,5,1.0
503031,val,a34_35,2.4415302,4.179109,1.0,3,3,1.0,2,2,1.0
514172,val,a34_35,3.733419,4.4858203,1.0,3,3,1.0,2,2,1.0
534030,val,a34_35,2.9758034,1.7294579,1.0,3,3,1.0,2,2,1.0
534171,val,a34_35,3.8217328,3.2709668,1.0,3,3,1.0,2,2,1.0
544170,val,a34_35,2.4100738,2.6415782,1.0,3,3,1.0,2,2,1.0
563193,val,a34_35,3.341868,0.0,1.0,3,2,1.0,2,2,1.0
577174,val,a34_35,3.3882976,2.117311,1.0,3,3,1.0,2,2,1.0
613006,val,a34_35,3.3480318,3.412913,1.0,3,2,1.0,2,6,1.0
618170,val,a34_35,4.138959,4.139663,1.0,3,3,1.0,2,2,1.0
631030,val,a34_35,2.7294803,4.0355644,1.0,3,3,1.0,2,4,1.0
633031,val,a34_35,2.8676999,3.806156,1.0,3,3,1.0,2,2,1.0
652173,val,a34_35,2.8314204,3.5265098,1.0,3,3,1.0,2,2,1.0
655172,val,a34_35,3.0444462,3.625488,1.0,3,2,1.0,2,2,1.0
656005,val,a34_35,2.392812,2.2859914,1.0,3,3,1.0,2,2,1.0
691171,val,a34_35,2.5597293,2.9259071,1.0,3,3,1.0,2,4,1.0
738172,val,a34_35,1.8794737,2.920467,1.0,2,3,1.0,2,2,1.0
751030,val,a34_35,1.9350183,2.1802564,1.0,3,3,1.0,2,2,1.0
762170,val,a34_35,4.1928406,4.451708,1.0,3,3,1.0,2,2,1.0
783171,val,a34_35,2.8340385,0.0,1.0,3,2,1.0,2,2,1.0
863007,val,a34_35,2.4516492,2.018303,1.0,3,3,1.0,2,2,1.0
893170,val,a34_35,2.666988,0.0,1.0,3,2,1.0,2,2,1.0
894031,val,a34_35,3.2603736,3.045166,1.0,3,3,1.0,2,2,1.0
898181,val,a34_35,2.1575503,2.2668793,1.0,3,3,1.0,2,2,1.0
899003,val,a34_35,3.3761916,3.2250204,1.0,3,3,1.0,4,4,1.0
916032,val,a34_35,2.3919992,0.97904295,1.0,3,3,1.0,6,6,1.0
922005,val,a34_35,3.4025192,2.986773,1.0,3,3,1.0,2,2,1.0
931172,val,a34_35,3.5106297,2.7452414,1.0,3,3,1.0,2,2,1.0
939032,val,a34_35,4.220001,4.8055015,1.0,3,3,1.0,2,2,1.0
958030,val,a34_35,3.4679563,3.643596,1.0,3,3,1.0,2,2,1.0
958173,val,a34_35,2.550113,3.051619,1.0,3,3,1.0,2,2,1.0
961005,val,a34_35,2.908522,2.7400177,1.0,3,3,1.0,2,4,1.0
961030,val,a34_35,2.7144527,4.009967,1.0,3,3,1.0,2,2,1.0
961175,val,a34_35,3.5257573,3.5397089,1.0,3,3,1.0,2,2,1.0
1051183,val,a34_35,3.7066486,3.5068526,1.0,3,3,1.0,2,2,1.0
1084005,val,a34_35,2.8234782,1.2412424,1.0,3,3,1.0,2,2,1.0
1089003,val,a34_35,2.6977994,3.223352,1.0,3,3,1.0,2,2,1.0
1093003,val,a34_35,0.95866823,0.0,1.0,2,2,1.0,2,2,1.0
1107173,val,a34_35,1.6923816,0.0,1.0,3,2,1.0,2,2,1.0
1109174,val,a34_35,1.5336782,1.7912925,1.0,3,3,1.0,2,2,1.0
1121030,val,a34_35,3.438138,3.3347914,1.0,3,3,1.0,2,2,1.0
1121175,val,a34_35,2.1299896,2.8474362,1.0,3,3,1.0,2,2,1.0
1125172,val,a34_35,2.577977,2.8422003,1.0,3,3,1.0,2,2,1.0
1126030,val,a34_35,2.8327208,3.5079842,1.0,3,3,1.0,2,2,1.0
1126176,val,a34_35,1.8842827,4.886779,1.0,3,3,1.0,2,2,1.0
1152180,val,a34_35,3.2022793,3.3841953,1.0,3,3,1.0,2,2,1.0
1164004,val,a34_35,3.3349278,3.3247015,1.0,3,3,1.0,2,2,1.0
1184032,val,a34_35,3.3812485,3.718973,1.0,3,3,1.0,2,2,1.0
1184033,val,a34_35,2.1692603,0.0,1.0,3,2,1.0,2,2,1.0
1185003,val,a34_35,3.040327,0.1392965,1.0,3,2,1.0,2,2,1.0
1222004,val,a34_35,2.2725873,0.6502385,1.0,3,3,1.0,2,2,1.0
1222006,val,a34_35,3.2117782,0.0,1.0,3,3,1.0,2,2,1.0
1284170,val,a34_35,3.0867999,2.9825165,1.0,3,3,1.0,2,2,1.0
1292004,val,a34_35,2.6402621,2.6426997,1.0,3,3,1.0,2,2,1.0
1314172,val,a34_35,3.4854722,3.6161854,1.0,3,3,1.0,2,2,1.0
1332005,val,a34_35,4.1258793,3.4484794,1.0,3,3,1.0,2,2,1.0
1335010,val,a34_35,3.3067584,2.9968593,1.0,3,3,1.0,2,2,1.0
1338003,val,a34_35,3.03978,3.7758262,1.0,3,3,1.0,2,6,1.0
1345006,val,a34_35,2.570144,2.5475004,1.0,3,3,1.0,2,2,1.0
1345007,val,a34_35,2.3221323,4.046768,1.0,3,3,1.0,2,6,1.0
1346030,val,a34_35,3.5508008,0.0,1.0,3,2,1.0,2,2,1.0
1391033,val,a34_35,3.6502323,3.6222303,1.0,3,3,1.0,2,2,1.0
1391175,val,a34_35,0.67989373,3.1423733,1.0,2,3,1.0,2,4,1.0
1394033,val,a34_35,1.7952073,0.0,1.0,3,2,1.0,4,4,1.0
1397005,val,a34_35,3.6236722,3.6320806,1.0,3,3,1.0,2,2,1.0
1397172,val,a34_35,1.0884937,0.0,1.0,3,2,1.0,2,2,1.0
1426004,val,a34_35,1.8364456,2.7400177,1.0,3,3,1.0,6,6,1.0
1434032,val,a34_35,2.6270747,1.6446948,1.0,3,3,1.0,2,2,1.0
1434170,val,a34_35,3.059393,3.3065176,1.0,3,3,1.0,2,2,1.0
1435005,val,a34_35,3.8876104,4.083877,1.0,3,3,1.0,2,2,1.0
1485171,val,a34_35,3.6800125,3.1599016,1.0,3,3,1.0,2,2,1.0
1520031,val,a34_35,3.2453299,4.223541,1.0,3,3,1.0,4,3,1.0
1540005,val,a34_35,4.1940613,1.1484697,1.0,3,3,1.0,2,2,1.0
1559003,val,a34_35,4.106966,4.581772,1.0,3,3,1.0,2,2,1.0
1559170,val,a34_35,3.3268378,3.1855898,1.0,3,3,1.0,2,2,1.0
1565180,val,a34_35,2.8447287,3.8731043,1.0,3,3,1.0,2,2,1.0
1579030,val,a34_35,3.1597667,3.2707531,1.0,3,3,1.0,2,2,1.0
1613007,val,a34_35,2.515948,1.1782345,1.0,3,3,1.0,2,2,1.0
1621171,val,a34_35,3.9895616,4.233549,1.0,3,3,1.0,2,2,1.0
1644004,val,a34_35,3.0243497,3.4810104,1.0,3,3,1.0,2,2,1.0
1652031,val,a34_35,2.8482392,1.224851,1.0,3,3,1.0,2,2,1.0
1682032,val,a34_35,3.4376943,4.058486,1.0,3,3,1.0,2,2,1.0
1684173,val,a34_35,3.4476655,3.449071,1.0,3,3,1.0,2,2,1.0
1687003,val,a34_35,3.449738,3.3014047,1.0,3,3,1.0,2,2,1.0
1690170,val,a34_35,2.0563498,3.3312128,1.0,3,3,1.0,2,2,1.0
1692030,val,a34_35,0.79722786,2.5444038,1.0,2,3,1.0,2,4,1.0
1695034,val,a34_35,3.0378804,3.5729935,1.0,3,2,1.0,2,2,1.0
1701004,val,a34_35,2.3388076,3.4728677,1.0,3,3,1.0,2,2,1.0
1721030,val,a34_35,3.3551643,3.6708767,1.0,3,3,1.0,4,2,1.0
1723005,val,a34_35,0.7189344,1.1481966,1.0,2,2,1.0,2,2,1.0
1762030,val,a34_35,2.4455664,2.3319604,1.0,3,2,1.0,2,3,1.0
1762031,val,a34_35,3.6390884,3.7397017,1.0,3,3,1.0,2,2,1.0
1762032,val,a34_35,1.9170527,2.5473228,1.0,3,3,1.0,2,3,1.0
1774170,val,a34_35,2.9810839,3.9032092,1.0,3,2,1.0,2,2,1.0
1774171,val,a34_35,2.989534,3.6229506,1.0,3,3,1.0,2,2,1.0
1784171,val,a34_35,4.0441804,4.4212785,1.0,3,3,1.0,2,2,1.0
1786191,val,a34_35,3.8370738,3.9449332,1.0,3,3,1.0,2,2,1.0
1787005,val,a34_35,3.4581423,4.0148044,1.0,3,3,1.0,2,2,1.0
1787174,val,a34_35,2.673676,3.3078308,1.0,3,3,1.0,2,2,1.0
1802003,val,a34_35,3.1576345,2.8173234,1.0,3,3,1.0,2,2,1.0
1845170,val,a34_35,4.054033,3.315087,1.0,3,3,1.0,2,2,1.0
1862171,val,a34_35,2.9873574,3.937253,1.0,3,3,1.0,2,2,1.0
1898004,val,a34_35,3.1108909,0.0,1.0,3,3,1.0,2,6,1.0
1911030,val,a34_35,2.0846803,3.0814157,1.0,3,3,1.0,2,2,1.0
1914003,val,a34_35,0.99855554,1.988769,1.0,2,3,1.0,2,2,1.0
1919007,val,a34_35,4.1793156,4.069468,1.0,3,3,1.0,2,2,1.0
1954003,val,a34_35,3.4302802,3.410345,1.0,3,3,1.0,2,2,1.0
1959005,val,a34_35,3.6832194,3.8789423,1.0,3,3,1.0,2,2,1.0
1964031,val,a34_35,1.9976285,2.4798064,1.0,3,3,1.0,4,4,1.0
1972173,val,a34_35,0.97263634,1.5825812,1.0,2,3,1.0,2,2,1.0
1978030,val,a34_35,3.3563519,3.8594756,1.0,3,3,1.0,2,2,1.0
2005030,val,a34_35,2.867279,3.584206,1.0,3,3,1.0,2,6,1.0
2011174,val,a34_35,2.368962,3.2372046,1.0,3,3,1.0,2,2,1.0
2023030,val,a34_35,3.575313,4.71018,1.0,3,3,1.0,2,6,1.0
2028030,val,a34_35,3.275768,4.2104487,1.0,3,3,1.0,4,4,1.0
2055003,val,a34_35,2.4808106,2.3580952,1.0,3,3,1.0,2,2,1.0
2067005,val,a34_35,3.9379323,3.8198578,1.0,3,3,1.0,2,2,1.0
2080170,val,a34_35,1.9334097,1.8996137,1.0,3,3,1.0,2,2,1.0
2106171,val,a34_35,1.0304278,0.0,1.0,2,2,1.0,2,2,1.0
2109002,val,a34_35,3.086428,4.7713423,1.0,3,3,1.0,2,3,1.0
2129186,val,a34_35,3.2144194,3.3685656,1.0,3,3,1.0,2,2,1.0
2181007,val,a34_35,0.8483747,1.3514186,1.0,3,3,1.0,6,6,1.0
2181030,val,a34_35,2.8369312,3.4647295,1.0,3,3,1.0,4,4,1.0
2243174,val,a34_35,3.5037642,4.886779,1.0,3,3,1.0,2,2,1.0
2260173,val,a34_35,2.4968984,2.816037,1.0,3,3,1.0,2,2,1.0
2261030,val,a34_35,3.0211,3.1945803,1.0,3,3,1.0,2,2,1.0
2271171,val,a34_35,2.4309642,3.3082037,1.0,3,3,1.0,2,2,1.0
2282005,val,a34_35,2.8600776,2.147233,1.0,3,3,1.0,2,6,1.0
2302195,val,a34_35,0.8782636,0.0,1.0,2,2,1.0,2,3,1.0
2334031,val,a34_35,3.7156382,4.4581056,1.0,3,3,1.0,2,2,1.0
2341172,val,a34_35,2.406257,3.2996137,1.0,3,2,1.0,2,2,1.0
2354175,val,a34_35,3.4106472,0.29350135,1.0,3,3,1.0,2,2,1.0
2355004,val,a34_35,2.0042572,3.3921888,1.0,3,3,1.0,4,4,1.0
2391030,val,a34_35,3.5784376,3.4039729,1.0,3,3,1.0,2,2,1.0
2397173,val,a34_35,0.86200047,2.5756848,1.0,2,3,1.0,2,4,1.0
2408170,val,a34_35,2.4645572,3.1023672,1.0,3,2,1.0,2,2,1.0
2425003,val,a34_35,2.4296372,2.1094406,1.0,3,3,1.0,2,2,1.0
2432030,val,a34_35,1.5810648,2.844158,1.0,2,3,1.0,4,4,1.0
2435172,val,a34_35,1.1138698,2.4191318,1.0,2,3,1.0,2,2,1.0
2436174,val,a34_35,0.79669476,0.0,1.0,2,3,1.0,2,4,1.0
2436176,val,a34_35,1.2173178,2.1727228,1.0,2,3,1.0,2,2,1.0
2441003,val,a34_35,1.6407537,3.1773481,1.0,3,3,1.0,2,2,1.0
2441173,val,a34_35,3.3266633,3.4186516,1.0,3,2,1.0,2,2,1.0
2458031,val,a34_35,4.299492,4.2520056,1.0,3,3,1.0,2,6,1.0
2461004,val,a34_35,1.0131927,0.0,1.0,2,2,1.0,2,2,1.0
2461030,val,a34_35,3.678976,4.886779,1.0,3,3,1.0,2,2,1.0
2473004,val,a34_35,3.3891542,3.5252342,1.0,3,3,1.0,2,2,1.0
2483030,val,a34_35,2.7043703,2.1516867,1.0,3,3,1.0,2,4,1.0
2503030,val,a34_35,3.618895,3.2300382,1.0,3,3,1.0,2,6,1.0
2510005,val,a34_35,3.8395789,3.0696194,1.0,3,3,1.0,2,2,1.0
2525003,val,a34_35,3.6940188,4.3761644,1.0,3,3,1.0,2,2,1.0
2529030,val,a34_35,3.3688154,1.2899189,1.0,3,3,1.0,2,2,1.0
2529174,val,a34_35,2.760123,4.05028,1.0,3,3,1.0,2,2,1.0
2530003,val,a34_35,2.1502552,2.347849,1.0,3,3,1.0,2,2,1.0
2530004,val,a34_35,2.6293883,3.3155382,1.0,3,3,1.0,2,2,1.0
2569033,val,a34_35,2.5732346,3.3997273,1.0,3,3,1.0,6,2,1.0
2601006,val,a34_35,3.4474175,4.6199427,1.0,3,3,1.0,2,2,1.0
2608006,val,a34_35,2.9519184,3.3245888,1.0,3,3,1.0,2,2,1.0
2615034,val,a34_35,3.5002372,4.264327,1.0,3,3,1.0,2,2,1.0
2639004,val,a34_35,2.3502007,3.1244323,1.0,3,3,1.0,2,4,1.0
2665177,val,a34_35,0.98399913,0.0,1.0,3,2,1.0,6,6,1.0
2672006,val,a34_35,3.3550417,4.088642,1.0,3,3,1.0,2,2,1.0
2672171,val,a34_35,2.0694733,3.5206954,1.0,3,3,1.0,2,4,1.0
2697003,val,a34_35,3.8910575,3.654262,1.0,3,3,1.0,2,4,1.0
2704031,val,a34_35,2.9145198,3.5243149,1.0,3,3,1.0,2,2,1.0
2705030,val,a34_35,3.1924007,4.117977,1.0,3,3,1.0,2,2,1.0
2707007,val,a34_35,2.6708045,2.8901737,1.0,3,3,1.0,2,2,1.0
2712172,val,a34_35,2.0672092,3.0806043,1.0,3,3,1.0,2,2,1.0
2731003,val,a34_35,2.6989799,3.4291623,1.0,3,3,1.0,6,6,1.0
2731005,val,a34_35,3.75729,4.602144,1.0,3,3,1.0,6,6,1.0
2770031,val,a34_35,3.3687103,3.2963169,1.0,3,3,1.0,2,2,1.0
2816004,val,a34_35,0.80179095,2.8679018,1.0,2,3,1.0,2,2,1.0
2910002,val,a34_35,2.584067,1.33938,1.0,3,2,1.0,2,2,1.0
3062001,val,a34_35,3.6386318,3.044029,1.0,3,2,1.0,2,2,1.0
3235002,val,a34_35,2.3554611,3.1709757,1.0,3,3,1.0,2,2,1.0
3306001,val,a34_35,3.9630442,4.4437504,1.0,3,3,1.0,2,2,1.0
5015030,val,a34_35,1.9834155,3.3798187,1.0,3,3,1.0,2,2,1.0
5048030,val,a34_35,2.494144,2.0504565,1.0,3,3,1.0,6,6,1.0
5052033,val,a34_35,2.1373425,1.8831539,1.0,3,2,1.0,6,6,1.0
5057008,val,a34_35,1.1689409,0.0,1.0,2,2,1.0,6,6,1.0
5170009,val,a34_35,3.6117408,3.381349,1.0,3,3,1.0,2,2,1.0
5230008,val,a34_35,2.9815385,3.4894347,1.0,3,3,1.0,2,2,1.0
5299010,val,a34_35,2.191011,1.8428315,1.0,3,2,1.0,6,6,1.0
5336179,val,a34_35,3.0648308,2.7212331,1.0,3,3,1.0,2,2,1.0
5364005,val,a34_35,2.9480567,3.4310503,1.0,3,3,1.0,4,3,1.0
5379004,val,a34_35,3.0726843,3.8497841,1.0,3,2,1.0,4,4,1.0
5430173,val,a34_35,2.7117665,0.0,1.0,3,3,1.0,2,6,1.0
5488006,val,a34_35,3.1577978,3.6707966,1.0,3,3,1.0,6,6,1.0
5493007,val,a34_35,0.5114795,0.0,1.0,2,2,1.0,2,5,1.0
5537009,val,a34_35,2.729163,2.8268414,1.0,3,3,1.0,2,2,1.0
5537177,val,a34_35,2.0018716,0.0,1.0,3,2,1.0,2,2,1.0
5537183,val,a34_35,3.432394,4.8345804,1.0,3,3,1.0,2,2,1.0
5569010,val,a34_35,2.7214794,3.5150862,1.0,3,3,1.0,2,2,1.0
5600005,val,a34_35,1.9542646,2.8289354,1.0,3,3,1.0,6,2,1.0
5615183,val,a34_35,2.8309383,3.2685068,1.0,3,2,1.0,2,2,1.0
5749006,val,a34_35,1.8683393,3.0684395,1.0,3,3,1.0,4,2,1.0
5822175,val,a34_35,2.985818,3.432247,1.0,3,3,1.0,2,2,1.0
5832003,val,a34_35,2.8303542,2.955636,1.0,3,2,1.0,4,6,1.0
5872005,val,a34_35,0.7408639,0.0,1.0,2,2,1.0,6,6,1.0
5898005,val,a34_35,2.1878047,0.0,0.0,3,-1,0.0,6,-1,0.0
5904033,val,a34_35,2.5830445,2.9226713,1.0,3,3,1.0,2,4,1.0
5987188,val,a34_35,2.8103914,2.993095,1.0,3,3,1.0,2,2,1.0
6026005,val,a34_35,3.393477,4.1942463,1.0,3,3,1.0,6,2,1.0
6026172,val,a34_35,3.1238232,3.5880518,1.0,3,2,1.0,2,2,1.0
6054031,val,a34_35,3.8487067,3.894498,1.0,3,3,1.0,6,6,1.0
6121033,val,a34_35,2.0686285,0.0,1.0,2,2,1.0,6,6,1.0
6156008,val,a34_35,3.1233826,3.6999114,1.0,3,3,1.0,6,6,1.0
6157003,val,a34_35,2.932349,3.2246761,1.0,3,3,1.0,2,2,1.0
6210183,val,a34_35,2.4811466,3.1390646,1.0,3,3,1.0,2,2,1.0
6262030,val,a34_35,3.4125605,3.820049,1.0,3,3,1.0,2,2,1.0
6368007,val,a34_35,2.2029626,2.02827,1.0,3,3,1.0,6,6,1.0
6381181,val,a34_35,3.1100621,4.0212197,1.0,3,3,1.0,6,2,1.0
6396003,val,a34_35,1.7894666,2.1782289,1.0,3,3,1.0,4,2,1.0
6431008,val,a34_35,2.966565,3.717182,1.0,3,3,1.0,2,2,1.0
6475170,val,a34_35,2.1478686,2.4331408,1.0,3,3,1.0,6,6,1.0
6522004,val,a34_35,1.0189617,0.0,1.0,3,2,1.0,6,6,1.0
6537032,val,a34_35,2.681389,2.8025348,1.0,3,2,1.0,2,2,1.0
6541178,val,a34_35,3.1606364,4.1634727,1.0,3,3,1.0,2,2,1.0
6545006,val,a34_35,1.2566204,2.961514,1.0,3,3,1.0,2,4,1.0
6547171,val,a34_35,2.8776975,2.1509397,1.0,3,2,1.0,2,2,1.0
6571031,val,a34_35,2.766292,2.9221067,1.0,3,3,1.0,2,3,1.0
6590008,val,a34_35,3.0278254,3.3649793,1.0,3,3,1.0,2,2,1.0
6616007,val,a34_35,2.0586834,2.1483917,1.0,3,3,1.0,2,4,1.0
6649003,val,a34_35,2.3495815,3.5800602,1.0,3,3,1.0,6,2,1.0
6710030,val,a34_35,1.3508217,3.2300382,1.0,2,3,1.0,6,6,1.0
6745007,val,a34_35,2.9547055,3.248457,1.0,3,3,1.0,2,6,1.0
6750005,val,a34_35,2.569424,3.0114257,1.0,3,3,1.0,2,4,1.0
6765006,val,a34_35,2.0598285,2.7225564,1.0,2,3,1.0,2,2,1.0
6822176,val,a34_35,2.899625,3.2707531,1.0,3,3,1.0,2,4,1.0
4007,val,a36_37,2.5960014,3.4327393,1.0,3,3,1.0,2,4,1.0
6174,val,a36_37,3.5222077,3.778162,1.0,3,3,1.0,2,2,1.0
14004,val,a36_37,3.616434,4.02684,1.0,3,3,1.0,2,2,1.0
14172,val,a36_37,1.1751114,2.8672464,1.0,2,3,1.0,2,2,1.0
14173,val,a36_37,3.307581,3.4728956,1.0,3,3,1.0,2,2,1.0
18031,val,a36_37,1.152703,0.0,1.0,2,3,1.0,2,2,1.0
18185,val,a36_37,2.1471388,0.0,1.0,3,2,1.0,2,2,1.0
23031,val,a36_37,2.8254437,3.5235963,1.0,3,2,1.0,2,6,1.0
40173,val,a36_37,3.6484585,3.8670228,1.0,3,3,1.0,2,2,1.0
51171,val,a36_37,3.6224575,3.705001,1.0,3,3,1.0,2,2,1.0
84005,val,a36_37,3.2507513,3.92555,1.0,3,3,1.0,2,6,1.0
121173,val,a36_37,2.808133,0.0,1.0,3,2,1.0,2,2,1.0
128004,val,a36_37,3.9306297,3.8585868,1.0,3,3,1.0,2,2,1.0
145170,val,a36_37,3.7228394,3.5600896,1.0,3,3,1.0,2,2,1.0
161004,val,a36_37,3.650057,1.0080107,1.0,3,2,1.0,2,4,1.0
172031,val,a36_37,3.4428172,3.3619175,1.0,3,3,1.0,2,2,1.0
174175,val,a36_37,2.247517,3.392162,1.0,3,3,1.0,2,2,1.0
221031,val,a36_37,3.9016805,4.201887,1.0,3,3,1.0,2,2,1.0
223030,val,a36_37,3.3659997,4.0583324,1.0,3,3,1.0,2,2,1.0
227003,val,a36_37,3.9073172,4.205097,1.0,3,3,1.0,2,4,1.0
257175,val,a36_37,3.0885925,3.3451939,1.0,3,3,1.0,2,2,1.0
263182,val,a36_37,3.599846,3.2001226,1.0,3,3,1.0,2,2,1.0
321005,val,a36_37,1.6489451,1.8774471,1.0,3,2,1.0,2,2,1.0
361175,val,a36_37,2.1496766,0.0,1.0,3,2,1.0,2,2,1.0
377170,val,a36_37,3.5159762,4.0868087,1.0,3,3,1.0,2,2,1.0
450030,val,a36_37,3.7069619,3.7491298,1.0,3,3,1.0,2,6,1.0
465030,val,a36_37,2.4596407,3.3018157,1.0,3,3,1.0,4,2,1.0
478030,val,a36_37,2.6157458,0.0,1.0,3,3,1.0,2,5,1.0
503031,val,a36_37,2.5790076,4.3654175,1.0,3,3,1.0,2,2,1.0
514172,val,a36_37,3.716146,4.2520056,1.0,3,3,1.0,2,2,1.0
534030,val,a36_37,2.8871295,1.7535818,1.0,3,3,1.0,2,2,1.0
534171,val,a36_37,3.8674037,3.0798528,1.0,3,3,1.0,2,2,1.0
544170,val,a36_37,2.4700332,2.6569633,1.0,3,3,1.0,2,2,1.0
563193,val,a36_37,3.318107,0.0,1.0,3,2,1.0,2,2,1.0
577174,val,a36_37,3.4739141,2.7346222,1.0,3,3,1.0,2,2,1.0
613006,val,a36_37,3.3835588,3.5822034,1.0,3,3,1.0,2,6,1.0
618170,val,a36_37,4.204929,4.2245264,1.0,3,3,1.0,2,2,1.0
631030,val,a36_37,2.7535057,4.2520056,1.0,3,2,1.0,2,4,1.0
633031,val,a36_37,2.8775015,3.678776,1.0,3,3,1.0,2,2,1.0
652173,val,a36_37,2.793574,3.7556844,1.0,3,3,1.0,2,2,1.0
655172,val,a36_37,3.0106392,3.5016189,1.0,3,3,1.0,2,2,1.0
656005,val,a36_37,2.425256,0.57833385,1.0,3,3,1.0,2,2,1.0
691171,val,a36_37,2.584625,2.144181,1.0,3,3,1.0,2,4,1.0
738172,val,a36_37,1.9623108,3.4647295,1.0,2,3,1.0,2,2,1.0
751030,val,a36_37,2.0616438,2.331206,1.0,3,3,1.0,2,2,1.0
762170,val,a36_37,4.2015004,4.6750684,1.0,3,3,1.0,2,2,1.0
783171,val,a36_37,2.832993,0.0,1.0,3,2,1.0,2,2,1.0
863007,val,a36_37,2.5028903,2.4012594,1.0,3,3,1.0,2,2,1.0
893170,val,a36_37,2.6818259,0.0,1.0,3,2,1.0,2,2,1.0
894031,val,a36_37,3.1571772,3.3179958,1.0,3,3,1.0,2,2,1.0
898181,val,a36_37,2.2035823,2.4601953,1.0,3,3,1.0,2,2,1.0
899003,val,a36_37,3.4011695,3.4753656,1.0,3,3,1.0,2,4,1.0
916032,val,a36_37,2.410197,1.3594984,1.0,3,3,1.0,2,6,1.0
922005,val,a36_37,3.3933804,2.5992112,1.0,3,3,1.0,2,2,1.0
931172,val,a36_37,3.582665,3.2485132,1.0,3,3,1.0,2,2,1.0
939032,val,a36_37,4.23024,4.237259,1.0,3,3,1.0,2,2,1.0
958030,val,a36_37,3.4473147,3.1858559,1.0,3,3,1.0,2,2,1.0
958173,val,a36_37,2.5544462,3.2416787,1.0,3,3,1.0,2,2,1.0
961005,val,a36_37,2.9328597,2.5763686,1.0,3,3,1.0,2,4,1.0
961030,val,a36_37,2.7453575,3.616172,1.0,3,3,1.0,2,2,1.0
961175,val,a36_37,3.595899,3.9032092,1.0,3,3,1.0,2,2,1.0
1051183,val,a36_37,3.6961153,3.3599384,1.0,3,3,1.0,2,2,1.0
1084005,val,a36_37,2.8607433,2.5692537,1.0,3,3,1.0,2,2,1.0
1089003,val,a36_37,2.6950073,2.474308,1.0,3,3,1.0,2,2,1.0
1093003,val,a36_37,1.2885096,0.0,1.0,2,2,1.0,2,2,1.0
1107173,val,a36_37,1.9027967,3.6353216,1.0,3,3,1.0,2,4,1.0
1109174,val,a36_37,1.6626041,2.245844,1.0,3,2,1.0,2,2,1.0
1121030,val,a36_37,3.450365,3.456708,1.0,3,3,1.0,2,2,1.0
1121175,val,a36_37,2.1799765,0.0,1.0,3,2,1.0,2,2,1.0
1125172,val,a36_37,2.5995283,2.4460173,1.0,3,2,1.0,2,2,1.0
1126030,val,a36_37,2.8467114,2.8064811,1.0,3,3,1.0,2,2,1.0
1126176,val,a36_37,2.1459455,4.886779,1.0,3,3,1.0,2,2,1.0
1152180,val,a36_37,3.1328897,3.4601078,1.0,3,3,1.0,2,2,1.0
1164004,val,a36_37,3.386493,3.4775372,1.0,3,2,1.0,2,2,1.0
1184032,val,a36_37,3.361908,3.7188902,1.0,3,3,1.0,2,2,1.0
1184033,val,a36_37,2.32472,2.8802483,1.0,3,3,1.0,2,4,1.0
1185003,val,a36_37,3.0207806,0.0,1.0,3,2,1.0,2,2,1.0
1222004,val,a36_37,2.3352427,2.876907,1.0,3,3,1.0,2,2,1.0
1222006,val,a36_37,3.2898843,3.2434895,1.0,3,3,1.0,2,2,1.0
1284170,val,a36_37,3.118585,1.6771642,1.0,3,3,1.0,2,2,1.0
1292004,val,a36_37,2.679916,2.7496648,1.0,3,3,1.0,2,2,1.0
1314172,val,a36_37,3.5425606,3.6824348,1.0,3,3,1.0,2,2,1.0
1332005,val,a36_37,4.1405897,0.0,0.0,3,-1,0.0,2,3,1.0
1335010,val,a36_37,3.3619928,3.1051395,1.0,3,3,1.0,2,2,1.0
1338003,val,a36_37,2.9378855,4.1280828,1.0,3,3,1.0,2,6,1.0
1345006,val,a36_37,2.613314,2.9832191,1.0,3,3,1.0,2,2,1.0
1345007,val,a36_37,2.322865,3.8132377,1.0,3,3,1.0,2,6,1.0
1346030,val,a36_37,3.5177045,0.0,1.0,3,2,1.0,2,2,1.0
1391033,val,a36_37,3.6693678,3.811287,1.0,3,3,1.0,2,2,1.0
1391175,val,a36_37,0.92767227,3.079403,1.0,2,3,1.0,2,4,1.0
1394033,val,a36_37,1.8273113,0.0,1.0,3,2,1.0,4,4,1.0
1397005,val,a36_37,3.651894,3.7173688,1.0,3,3,1.0,2,2,1.0
1397172,val,a36_37,1.3690507,0.6802275,1.0,3,3,1.0,2,2,1.0
1426004,val,a36_37,1.8913224,2.8489583,1.0,3,3,1.0,6,6,1.0
1434032,val,a36_37,2.6635103,2.180618,1.0,3,3,1.0,2,2,1.0
1434170,val,a36_37,3.049699,2.939788,1.0,3,3,1.0,2,2,1.0
1435005,val,a36_37,3.8746767,4.7467794,1.0,3,3,1.0,2,3,1.0
1485171,val,a36_37,3.7279177,3.4317987,1.0,3,3,1.0,2,2,1.0
1520031,val,a36_37,3.2664537,4.363858,1.0,3,3,1.0,4,2,1.0
1540005,val,a36_37,4.205086,2.37132,1.0,3,3,1.0,2,2,1.0
1559003,val,a36_37,4.1401086,4.417404,1.0,3,3,1.0,2,2,1.0
1559170,val,a36_37,3.3326306,4.11546,1.0,3,3,1.0,2,2,1.0
1565180,val,a36_37,2.7964432,3.4647295,1.0,3,2,1.0,2,2,1.0
1579030,val,a36_37,3.1458936,3.3667955,1.0,3,3,1.0,2,2,1.0
1613007,val,a36_37,2.5369744,1.3834741,1.0,3,3,1.0,2,2,1.0
1621171,val,a36_37,4.0248194,4.886779,1.0,3,3,1.0,2,2,1.0
1644004,val,a36_37,3.0477278,3.3606308,1.0,3,3,1.0,2,2,1.0
1652031,val,a36_37,2.8613238,3.1768782,1.0,3,3,1.0,2,2,1.0
1682032,val,a36_37,3.4543667,3.8405538,1.0,3,3,1.0,2,2,1.0
1684173,val,a36_37,3.4957123,3.4290798,1.0,3,3,1.0,2,2,1.0
1687003,val,a36_37,3.4975374,3.3888075,1.0,3,3,1.0,2,2,1.0
1690170,val,a36_37,2.1121078,3.0869684,1.0,3,3,1.0,2,2,1.0
1692030,val,a36_37,1.0540701,2.6670494,1.0,2,3,1.0,2,4,1.0
1695034,val,a36_37,3.0198376,3.3662376,1.0,3,3,1.0,2,2,1.0
1701004,val,a36_37,2.4157443,3.5780287,1.0,3,3,1.0,2,2,1.0
1721030,val,a36_37,3.347855,0.0,1.0,3,2,1.0,4,2,1.0
1723005,val,a36_37,0.9365181,1.8636948,1.0,2,2,1.0,2,2,1.0
1762030,val,a36_37,2.502752,1.9106654,1.0,3,3,1.0,2,3,1.0
1762031,val,a36_37,3.6459036,3.641588,1.0,3,3,1.0,2,2,1.0
1762032,val,a36_37,1.9928119,1.7876599,1.0,3,3,1.0,2,3,1.0
1774170,val,a36_37,2.935675,0.0,1.0,3,2,1.0,2,2,1.0
1774171,val,a36_37,3.012266,3.3619723,1.0,3,3,1.0,2,2,1.0
1784171,val,a36_37,4.0672956,4.5877905,1.0,3,3,1.0,2,2,1.0
1786191,val,a36_37,3.8589926,3.8410935,1.0,3,3,1.0,2,2,1.0
1787005,val,a36_37,3.5138793,3.9825108,1.0,3,3,1.0,2,2,1.0
1787174,val,a36_37,2.6665645,3.1686609,1.0,3,3,1.0,2,2,1.0
1802003,val,a36_37,3.1990333,2.7790923,1.0,3,3,1.0,2,2,1.0
1845170,val,a36_37,4.1189494,3.0690727,1.0,3,3,1.0,2,2,1.0
1862171,val,a36_37,3.0086498,3.7537568,1.0,3,3,1.0,2,2,1.0
1898004,val,a36_37,3.0529485,3.7632077,1.0,3,3,1.0,2,6,1.0
1911030,val,a36_37,2.1458476,3.295633,1.0,3,3,1.0,2,2,1.0
1914003,val,a36_37,1.3209959,1.980423,1.0,2,3,1.0,2,2,1.0
1919007,val,a36_37,4.220032,4.8790894,1.0,3,3,1.0,2,3,1.0
1954003,val,a36_37,3.475423,3.254356,1.0,3,3,1.0,2,2,1.0
1959005,val,a36_37,3.594839,4.18122,1.0,3,3,1.0,2,2,1.0
1964031,val,a36_37,2.0663133,2.7394176,1.0,3,3,1.0,4,4,1.0
1972173,val,a36_37,1.2345371,0.0,0.0,2,-1,0.0,2,-1,0.0
1978030,val,a36_37,3.3612967,4.1103644,1.0,3,3,1.0,2,2,1.0
2005030,val,a36_37,2.8834238,2.6480696,1.0,3,3,1.0,2,4,1.0
2011174,val,a36_37,2.3831537,3.2482402,1.0,3,3,1.0,2,2,1.0
2023030,val,a36_37,3.5049577,4.862917,1.0,3,3,1.0,2,6,1.0
2028030,val,a36_37,3.2534497,4.247286,1.0,3,3,1.0,4,4,1.0
2055003,val,a36_37,2.5396087,2.5747566,1.0,3,3,1.0,2,2,1.0
2067005,val,a36_37,3.97443,3.9193912,1.0,3,3,1.0,2,2,1.0
2080170,val,a36_37,2.0115283,2.2188706,1.0,3,3,1.0,2,2,1.0
2106171,val,a36_37,1.2402251,0.0,1.0,3,2,1.0,2,2,1.0
2109002,val,a36_37,3.1016932,4.713481,1.0,3,3,1.0,2,2,1.0
2129186,val,a36_37,3.2588706,3.3345084,1.0,3,3,1.0,2,2,1.0
2181007,val,a36_37,0.9821938,0.96344346,1.0,3,2,1.0,6,6,1.0
2181030,val,a36_37,2.8248096,3.6312973,1.0,3,3,1.0,4,2,1.0
2243174,val,a36_37,3.4646137,4.30575,1.0,3,3,1.0,2,2,1.0
2260173,val,a36_37,2.5403993,0.0,1.0,3,3,1.0,2,2,1.0
2261030,val,a36_37,3.029888,2.9075313,1.0,3,3,1.0,2,2,1.0
2271171,val,a36_37,2.4362004,3.3811612,1.0,3,3,1.0,2,2,1.0
2282005,val,a36_37,2.871035,2.9124293,1.0,3,3,1.0,2,6,1.0
2302195,val,a36_37,1.1276678,0.0,1.0,2,2,1.0,2,3,1.0
2334031,val,a36_37,3.6714828,4.3349156,1.0,3,3,1.0,2,2,1.0
2341172,val,a36_37,2.4560738,1.6123989,1.0,3,3,1.0,2,2,1.0
2354175,val,a36_37,3.4689946,3.8595586,1.0,3,3,1.0,2,2,1.0
2355004,val,a36_37,2.070355,3.6927035,1.0,3,3,1.0,4,2,1.0
2391030,val,a36_37,3.5372047,3.6864588,1.0,3,3,1.0,2,2,1.0
2397173,val,a36_37,1.195266,2.470555,1.0,2,3,1.0,2,4,1.0
2408170,val,a36_37,2.4516559,2.883854,1.0,3,3,1.0,2,2,1.0
2425003,val,a36_37,2.4586864,1.7356842,1.0,3,3,1.0,2,2,1.0
2432030,val,a36_37,1.7562184,3.029656,1.0,2,2,1.0,4,4,1.0
2435172,val,a36_37,1.4177945,2.2948132,1.0,2,3,1.0,2,2,1.0
2436174,val,a36_37,1.0496649,1.5490171,1.0,2,3,1.0,2,4,1.0
2436176,val,a36_37,1.4562109,2.7887027,1.0,2,3,1.0,2,2,1.0
2441003,val,a36_37,1.7188318,3.1246448,1.0,3,3,1.0,2,2,1.0
2441173,val,a36_37,3.3393836,3.7351284,1.0,3,2,1.0,2,2,1.0
2458031,val,a36_37,4.283641,4.41717,1.0,3,3,1.0,2,6,1.0
2461004,val,a36_37,1.2877791,1.6316046,1.0,2,3,1.0,2,2,1.0
2461030,val,a36_37,3.6913228,4.886779,1.0,3,3,1.0,2,2,1.0
2473004,val,a36_37,3.4270546,3.620147,1.0,3,3,1.0,2,2,1.0
2483030,val,a36_37,2.6550589,2.4331408,1.0,3,2,1.0,2,4,1.0
2503030,val,a36_37,3.6710224,3.1709757,1.0,3,3,1.0,2,6,1.0
2510005,val,a36_37,3.8726091,3.445601,1.0,3,3,1.0,2,2,1.0
2525003,val,a36_37,3.713971,4.7141504,1.0,3,3,1.0,2,2,1.0
2529030,val,a36_37,3.3832183,0.0,1.0,3,2,1.0,2,2,1.0
2529174,val,a36_37,2.7297683,3.9753668,1.0,3,3,1.0,2,2,1.0
2530003,val,a36_37,2.1981502,3.4057453,1.0,3,2,1.0,2,4,1.0
2530004,val,a36_37,2.653129,3.170426,1.0,3,3,1.0,2,2,1.0
2569033,val,a36_37,2.5621097,3.3809729,1.0,3,3,1.0,6,2,1.0
2601006,val,a36_37,3.4154227,4.845638,1.0,3,3,1.0,2,2,1.0
2608006,val,a36_37,3.0412574,3.223352,1.0,3,3,1.0,2,2,1.0
2615034,val,a36_37,3.4357758,3.896652,1.0,3,3,1.0,2,2,1.0
2639004,val,a36_37,2.5867386,3.2300382,1.0,3,3,1.0,2,4,1.0
2665177,val,a36_37,1.2172422,0.0,1.0,3,2,1.0,6,6,1.0
2672006,val,a36_37,3.3670359,4.056694,1.0,3,3,1.0,2,2,1.0
2672171,val,a36_37,2.1502063,3.7282312,1.0,3,3,1.0,2,4,1.0
2697003,val,a36_37,3.916883,3.5551443,1.0,3,3,1.0,2,4,1.0
2704031,val,a36_37,2.8437762,0.0,0.0,3,-1,0.0,2,-1,0.0
2705030,val,a36_37,3.1820796,4.279099,1.0,3,3,1.0,2,2,1.0
2707007,val,a36_37,2.6855679,1.9724138,1.0,3,3,1.0,2,2,1.0
2712172,val,a36_37,2.1690636,3.2804124,1.0,3,3,1.0,2,2,1.0
2731003,val,a36_37,2.7053244,3.2931156,1.0,3,3,1.0,6,6,1.0
2731005,val,a36_37,3.6798215,4.5862164,1.0,3,3,1.0,2,6,1.0
2770031,val,a36_37,3.3420787,2.668859,1.0,3,2,1.0,2,2,1.0
2816004,val,a36_37,1.126925,3.182522,1.0,3,3,1.0,2,2,1.0
2910002,val,a36_37,2.570129,2.7591305,1.0,3,3,1.0,2,2,1.0
3062001,val,a36_37,3.641624,1.9881068,1.0,3,3,1.0,2,2,1.0
3235002,val,a36_37,2.37286,3.2806733,1.0,3,3,1.0,2,3,1.0
3306001,val,a36_37,3.934215,4.5110793,1.0,3,3,1.0,2,2,1.0
5015030,val,a36_37,2.0508573,3.3488512,1.0,3,2,1.0,2,2,1.0
5048030,val,a36_37,2.5084782,2.4680142,1.0,3,3,1.0,6,6,1.0
5052033,val,a36_37,2.1722405,2.2469683,1.0,3,3,1.0,6,6,1.0
5057008,val,a36_37,1.3007421,0.0,0.0,2,-1,0.0,6,-1,0.0
5170009,val,a36_37,3.6240704,3.788717,1.0,3,3,1.0,2,2,1.0
5230008,val,a36_37,2.9387448,3.5082257,1.0,3,3,1.0,2,2,1.0
5299010,val,a36_37,2.2103288,0.303701,1.0,3,3,1.0,6,6,1.0
5336179,val,a36_37,3.116249,2.7841861,1.0,3,3,1.0,2,2,1.0
5364005,val,a36_37,2.968247,3.3207188,1.0,3,3,1.0,4,3,1.0
5379004,val,a36_37,3.08591,3.8999038,1.0,3,3,1.0,4,4,1.0
5430173,val,a36_37,2.6778104,1.7842062,1.0,3,2,1.0,2,6,1.0
5488006,val,a36_37,3.1453938,3.7725368,1.0,3,3,1.0,6,6,1.0
5493007,val,a36_37,0.63093424,0.0,1.0,2,2,1.0,4,5,1.0
5537009,val,a36_37,2.7383676,2.7819886,1.0,3,3,1.0,2,2,1.0
5537177,val,a36_37,2.213976,2.0426283,1.0,3,3,1.0,2,2,1.0
5537183,val,a36_37,3.4252794,3.67495,1.0,3,3,1.0,2,2,1.0
5569010,val,a36_37,2.696317,3.5010288,1.0,3,3,1.0,2,2,1.0
5600005,val,a36_37,2.0359488,0.0,1.0,3,2,1.0,6,2,1.0
5615183,val,a36_37,2.8723116,3.2485132,1.0,3,3,1.0,2,2,1.0
5749006,val,a36_37,1.8924036,2.3568232,1.0,3,3,1.0,4,2,1.0
5822175,val,a36_37,3.0324442,3.4142132,1.0,3,3,1.0,2,2,1.0
5832003,val,a36_37,2.8072643,2.3835883,1.0,3,3,1.0,4,6,1.0
5872005,val,a36_37,0.8722395,0.0,1.0,2,2,1.0,6,6,1.0
5898005,val,a36_37,2.2600465,0.0,0.0,3,-1,0.0,6,-1,0.0
5904033,val,a36_37,2.566352,3.029786,1.0,3,3,1.0,2,4,1.0
5987188,val,a36_37,2.807298,2.8467143,1.0,3,3,1.0,2,2,1.0
6026005,val,a36_37,3.3862767,4.496649,1.0,3,2,1.0,6,4,1.0
6026172,val,a36_37,3.0649977,0.0,0.0,3,-1,0.0,2,-1,0.0
6054031,val,a36_37,3.7850144,3.8914962,1.0,3,3,1.0,2,6,1.0
6121033,val,a36_37,2.1009011,0.0,1.0,2,2,1.0,6,6,1.0
6156008,val,a36_37,3.1323385,4.005205,1.0,3,3,1.0,6,6,1.0
6157003,val,a36_37,2.957167,3.432247,1.0,3,3,1.0,2,2,1.0
6210183,val,a36_37,2.554961,3.218641,1.0,3,3,1.0,2,2,1.0
6262030,val,a36_37,3.3596153,3.9705956,1.0,3,3,1.0,2,2,1.0
6368007,val,a36_37,2.316163,1.9674397,1.0,3,2,1.0,6,6,1.0
6381181,val,a36_37,3.1195717,3.98491,1.0,3,3,1.0,6,2,1.0
6396003,val,a36_37,1.8266965,2.8208497,1.0,3,2,1.0,4,3,1.0
6431008,val,a36_37,3.0141602,4.5862164,1.0,3,3,1.0,2,3,1.0
6475170,val,a36_37,2.1800985,3.029786,1.0,3,3,1.0,6,6,1.0
6522004,val,a36_37,1.2673117,0.0,1.0,3,2,1.0,6,6,1.0
6537032,val,a36_37,2.6548512,3.0605385,1.0,3,3,1.0,2,2,1.0
6541178,val,a36_37,3.1271777,4.302973,1.0,3,3,1.0,2,2,1.0
6545006,val,a36_37,1.2425357,2.5066333,1.0,3,3,1.0,4,4,1.0
6547171,val,a36_37,2.868092,1.2300977,1.0,3,3,1.0,2,2,1.0
6571031,val,a36_37,2.7751136,3.68331,1.0,3,3,1.0,2,3,1.0
6590008,val,a36_37,3.067664,3.3406534,1.0,3,3,1.0,2,2,1.0
6616007,val,a36_37,2.1586432,2.9124293,1.0,3,3,1.0,2,4,1.0
6649003,val,a36_37,2.3780663,3.8332024,1.0,3,3,1.0,6,2,1.0
6710030,val,a36_37,1.4938574,3.2485132,1.0,2,3,1.0,6,6,1.0
6745007,val,a36_37,2.9401407,3.5649583,1.0,3,3,1.0,2,6,1.0
6750005,val,a36_37,2.6186745,3.1132894,1.0,3,3,1.0,2,4,1.0
6765006,val,a36_37,2.1822088,2.7347896,1.0,2,3,1.0,2,2,1.0
6822176,val,a36_37,2.8433301,3.6318047,1.0,3,2,1.0,2,4,1.0
4007,val,a38_39,2.5881484,3.6353216,1.0,3,3,1.0,2,4,1.0
6174,val,a38_39,3.4955926,3.9045892,1.0,3,3,1.0,2,2,1.0
14004,val,a38_39,3.6396255,3.9676125,1.0,3,3,1.0,2,2,1.0
14172,val,a38_39,1.3199816,3.149699,1.0,2,3,1.0,2,2,1.0
14173,val,a38_39,3.352501,3.5534267,1.0,3,3,1.0,2,2,1.0
18031,val,a38_39,1.4307326,3.4983966,1.0,2,3,1.0,2,5,1.0
18185,val,a38_39,2.215169,0.0,1.0,3,2,1.0,2,2,1.0
23031,val,a38_39,2.8679867,0.0,1.0,3,2,1.0,2,6,1.0
40173,val,a38_39,3.6308246,3.2282774,1.0,3,2,1.0,2,2,1.0
51171,val,a38_39,3.6679842,3.708396,1.0,3,3,1.0,2,2,1.0
84005,val,a38_39,3.2130134,3.9163692,1.0,3,3,1.0,2,6,1.0
121173,val,a38_39,2.7583838,0.0,1.0,3,2,1.0,2,2,1.0
128004,val,a38_39,3.972385,3.97414,1.0,3,3,1.0,2,2,1.0
145170,val,a38_39,3.747083,3.2996137,1.0,3,3,1.0,2,2,1.0
161004,val,a38_39,3.7410228,3.4987814,1.0,3,3,1.0,2,4,1.0
172031,val,a38_39,3.434762,3.1943314,1.0,3,3,1.0,2,2,1.0
174175,val,a38_39,2.351796,4.3165617,1.0,3,3,1.0,2,2,1.0
221031,val,a38_39,3.914997,4.1482253,1.0,3,3,1.0,2,2,1.0
223030,val,a38_39,3.3503292,4.169046,1.0,3,3,1.0,2,2,1.0
227003,val,a38_39,3.8462305,4.074686,1.0,3,3,1.0,2,4,1.0
257175,val,a38_39,3.0953395,2.8933933,1.0,3,3,1.0,2,2,1.0
263182,val,a38_39,3.6084642,3.3483999,1.0,3,3,1.0,2,2,1.0
321005,val,a38_39,1.7737434,2.7218363,1.0,3,3,1.0,2,2,1.0
361175,val,a38_39,2.1710339,0.23207553,1.0,3,3,1.0,2,2,1.0
377170,val,a38_39,3.5339515,4.0544734,1.0,3,3,1.0,2,2,1.0
450030,val,a38_39,3.6002545,3.854094,1.0,3,3,1.0,2,6,1.0
465030,val,a38_39,2.4926414,3.5433505,1.0,3,3,1.0,4,4,1.0
478030,val,a38_39,2.6430218,2.8278043,1.0,3,2,1.0,2,2,1.0
503031,val,a38_39,2.673835,4.2451234,1.0,3,3,1.0,2,2,1.0
514172,val,a38_39,3.6818883,4.3578134,1.0,3,3,1.0,2,2,1.0
534030,val,a38_39,2.8188689,1.9284004,1.0,3,3,1.0,2,2,1.0
534171,val,a38_39,3.9105082,3.300611,1.0,3,3,1.0,2,2,1.0
544170,val,a38_39,2.525158,3.0027869,1.0,3,3,1.0,2,2,1.0
563193,val,a38_39,3.3414743,0.0,1.0,3,2,1.0,2,2,1.0
577174,val,a38_39,3.5433679,0.0,1.0,3,3,1.0,2,2,1.0
613006,val,a38_39,3.4291942,3.558165,1.0,3,3,1.0,2,6,1.0
618170,val,a38_39,4.226565,4.457448,1.0,3,3,1.0,2,2,1.0
631030,val,a38_39,2.7885702,0.0,1.0,3,3,1.0,2,4,1.0
633031,val,a38_39,2.914719,3.6561131,1.0,3,3,1.0,4,2,1.0
652173,val,a38_39,2.7750301,3.5541687,1.0,3,3,1.0,2,2,1.0
655172,val,a38_39,2.9715037,3.5138078,1.0,3,3,1.0,2,2,1.0
656005,val,a38_39,2.4531124,0.0,1.0,3,2,1.0,2,2,1.0
691171,val,a38_39,2.6173224,3.772668,1.0,3,3,1.0,2,4,1.0
738172,val,a38_39,2.0313022,3.2605875,1.0,2,3,1.0,2,2,1.0
751030,val,a38_39,2.1667337,3.029786,1.0,3,3,1.0,2,4,1.0
762170,val,a38_39,4.2088003,4.375797,1.0,3,3,1.0,2,2,1.0
783171,val,a38_39,2.8227434,0.0,1.0,3,2,1.0,2,2,1.0
863007,val,a38_39,2.5526125,2.5121129,1.0,3,3,1.0,2,2,1.0
893170,val,a38_39,2.6964576,0.0,1.0,3,2,1.0,2,2,1.0
894031,val,a38_39,3.0905929,3.4273427,1.0,3,3,1.0,2,2,1.0
898181,val,a38_39,2.2569263,2.437192,1.0,3,2,1.0,2,2,1.0
899003,val,a38_39,3.4400444,3.5736656,1.0,3,3,1.0,2,4,1.0
916032,val,a38_39,2.4376483,2.3076265,1.0,3,2,1.0,2,2,1.0
922005,val,a38_39,3.3748941,2.0202856,1.0,3,3,1.0,2,2,1.0
931172,val,a38_39,3.6468897,3.1641526,1.0,3,3,1.0,2,2,1.0
939032,val,a38_39,4.21771,4.886779,1.0,3,3,1.0,2,2,1.0
958030,val,a38_39,3.4899511,3.2040205,1.0,3,3,1.0,2,2,1.0
958173,val,a38_39,2.5689182,3.2682788,1.0,3,3,1.0,2,2,1.0
961005,val,a38_39,2.9653718,0.0,0.0,3,-1,0.0,2,-1,0.0
961030,val,a38_39,2.8093936,3.668479,1.0,3,3,1.0,2,2,1.0
961175,val,a38_39,3.6593225,4.009967,1.0,3,3,1.0,2,2,1.0
1051183,val,a38_39,3.68335,3.3806858,1.0,3,3,1.0,2,2,1.0
1084005,val,a38_39,2.8941574,3.1447468,1.0,3,3,1.0,2,2,1.0
1089003,val,a38_39,2.6726127,2.1620421,1.0,3,3,1.0,2,2,1.0
1093003,val,a38_39,1.5343704,0.0,1.0,2,2,1.0,2,2,1.0
1107173,val,a38_39,2.0643592,4.035927,1.0,3,3,1.0,2,4,1.0
1109174,val,a38_39,1.7533953,0.0,1.0,3,2,1.0,2,2,1.0
1121030,val,a38_39,3.4899912,3.1423733,1.0,3,3,1.0,2,2,1.0
1121175,val,a38_39,2.2395732,0.0,1.0,3,2,1.0,2,2,1.0
1125172,val,a38_39,2.6210337,2.3582149,1.0,3,3,1.0,2,2,1.0
1126030,val,a38_39,2.8578663,1.7614238,1.0,3,3,1.0,2,2,1.0
1126176,val,a38_39,2.3050494,4.886779,1.0,3,3,1.0,2,2,1.0
1152180,val,a38_39,3.0592852,3.542661,1.0,3,3,1.0,2,2,1.0
1164004,val,a38_39,3.4220037,1.9587568,1.0,3,3,1.0,2,2,1.0
1184032,val,a38_39,3.3406854,3.901413,1.0,3,3,1.0,2,2,1.0
1184033,val,a38_39,2.436796,2.153746,1.0,3,3,1.0,2,4,1.0
1185003,val,a38_39,2.9757996,0.0,1.0,3,2,1.0,2,2,1.0
1222004,val,a38_39,2.3945537,3.1263244,1.0,3,3,1.0,2,2,1.0
1222006,val,a38_39,3.3681502,4.346328,1.0,3,3,1.0,2,2,1.0
1284170,val,a38_39,3.1280594,0.0,1.0,3,2,1.0,2,2,1.0
1292004,val,a38_39,2.7215037,2.7189043,1.0,3,3,1.0,2,2,1.0
1314172,val,a38_39,3.5935292,4.0920806,1.0,3,3,1.0,2,2,1.0
1332005,val,a38_39,4.1699553,3.6850972,1.0,3,3,1.0,2,3,1.0
1335010,val,a38_39,3.413691,0.0,1.0,3,3,1.0,2,2,1.0
1338003,val,a38_39,2.8481739,3.9032092,1.0,3,3,1.0,2,6,1.0
1345006,val,a38_39,2.669809,0.9750868,1.0,3,3,1.0,2,2,1.0
1345007,val,a38_39,2.3335695,3.6275852,1.0,3,3,1.0,2,2,1.0
1346030,val,a38_39,3.4819853,0.0,1.0,3,2,1.0,2,2,1.0
1391033,val,a38_39,3.7054658,3.5923295,1.0,3,3,1.0,2,2,1.0
1391175,val,a38_39,1.1687385,3.037984,1.0,2,3,1.0,2,4,1.0
1394033,val,a38_39,1.8688242,0.0,1.0,3,2,1.0,4,4,1.0
1397005,val,a38_39,3.6890285,3.7930343,1.0,3,3,1.0,2,2,1.0
1397172,val,a38_39,1.5061572,2.722233,1.0,3,3,1.0,2,2,1.0
1426004,val,a38_39,1.9420991,2.7029045,1.0,3,3,1.0,6,6,1.0
1434032,val,a38_39,2.7154188,2.5541692,1.0,3,3,1.0,2,2,1.0
1434170,val,a38_39,3.060437,3.1573586,1.0,3,3,1.0,2,2,1.0
1435005,val,a38_39,3.8472013,4.657845,1.0,3,3,1.0,2,4,1.0
1485171,val,a38_39,3.7738378,3.566306,1.0,3,3,1.0,2,2,1.0
1520031,val,a38_39,3.3046105,4.2071943,1.0,3,3,1.0,4,2,1.0
1540005,val,a38_39,4.235065,2.7591305,1.0,3,3,1.0,2,2,1.0
1559003,val,a38_39,4.1566215,4.306588,1.0,3,3,1.0,2,2,1.0
1559170,val,a38_39,3.3360012,2.9866662,1.0,3,3,1.0,2,2,1.0
1565180,val,a38_39,2.7752972,4.457509,1.0,3,3,1.0,2,2,1.0
1579030,val,a38_39,3.1520152,3.2040205,1.0,3,2,1.0,2,2,1.0
1613007,val,a38_39,2.5698583,1.5874135,1.0,3,2,1.0,2,2,1.0
1621171,val,a38_39,4.058364,4.886779,1.0,3,3,1.0,2,2,1.0
1644004,val,a38_39,3.0637782,3.6033251,1.0,3,3,1.0,2,2,1.0
1652031,val,a38_39,2.8953743,3.4982743,1.0,3,3,1.0,2,2,1.0
1682032,val,a38_39,3.477847,3.8038778,1.0,3,3,1.0,2,2,1.0
1684173,val,a38_39,3.5473752,3.254356,1.0,3,3,1.0,2,2,1.0
1687003,val,a38_39,3.544322,3.154596,1.0,3,3,1.0,2,2,1.0
1690170,val,a38_39,2.1702483,3.4580646,1.0,3,3,1.0,2,2,1.0
1692030,val,a38_39,1.2620044,2.5415993,1.0,2,3,1.0,2,4,1.0
1695034,val,a38_39,3.018027,3.0865474,1.0,3,3,1.0,2,2,1.0
1701004,val,a38_39,2.4816709,3.5397089,1.0,3,2,1.0,2,2,1.0
1721030,val,a38_39,3.3569808,0.0,1.0,3,2,1.0,4,2,1.0
1723005,val,a38_39,1.1255821,2.2601643,1.0,2,3,1.0,2,2,1.0
1762030,val,a38_39,2.5696979,1.5906423,1.0,3,2,1.0,2,3,1.0
1762031,val,a38_39,3.6564407,3.7323906,1.0,3,3,1.0,2,2,1.0
1762032,val,a38_39,2.0823169,3.2139137,1.0,3,3,1.0,2,4,1.0
1774170,val,a38_39,2.8951745,0.0,1.0,3,2,1.0,2,2,1.0
1774171,val,a38_39,3.0057287,3.4094932,1.0,3,3,1.0,2,2,1.0
1784171,val,a38_39,4.0836287,4.120623,1.0,3,3,1.0,2,2,1.0
1786191,val,a38_39,3.8700178,4.2188535,1.0,3,3,1.0,2,2,1.0
1787005,val,a38_39,3.5780718,3.6963296,1.0,3,3,1.0,2,2,1.0
1787174,val,a38_39,2.6628218,3.2707531,1.0,3,3,1.0,2,2,1.0
1802003,val,a38_39,3.250472,0.0,0.0,3,-1,0.0,2,-1,0.0
1845170,val,a38_39,4.148743,0.0,0.0,3,-1,0.0,2,-1,0.0
1862171,val,a38_39,3.040369,3.9098039,1.0,3,3,1.0,2,2,1.0
1898004,val,a38_39,3.0152621,4.498319,1.0,3,3,1.0,2,6,1.0
1911030,val,a38_39,2.1955044,3.324597,1.0,3,3,1.0,2,2,1.0
1914003,val,a38_39,1.5888369,2.0297983,1.0,3,3,1.0,2,2,1.0
1919007,val,a38_39,4.2142177,4.878869,1.0,3,3,1.0,2,3,1.0
1954003,val,a38_39,3.511661,3.2460208,1.0,3,2,1.0,2,2,1.0
1959005,val,a38_39,3.4847767,4.291962,1.0,3,3,1.0,2,2,1.0
1964031,val,a38_39,2.1382458,1.9279978,1.0,3,2,1.0,4,4,1.0
1972173,val,a38_39,1.4143584,0.0,1.0,2,2,1.0,2,2,1.0
1978030,val,a38_39,3.3949416,4.0177207,1.0,3,3,1.0,2,2,1.0
2005030,val,a38_39,2.9008064,2.9945555,1.0,3,3,1.0,2,2,1.0
2011174,val,a38_39,2.3887336,3.233253,1.0,3,3,1.0,2,2,1.0
2023030,val,a38_39,3.4130816,4.886779,1.0,3,3,1.0,2,6,1.0
2028030,val,a38_39,3.2219667,4.309778,1.0,3,3,1.0,2,4,1.0
2055003,val,a38_39,2.5981731,3.507782,1.0,3,3,1.0,2,2,1.0
2067005,val,a38_39,3.9953048,4.193517,1.0,3,3,1.0,2,2,1.0
2080170,val,a38_39,2.0752344,3.0143547,1.0,3,3,1.0,2,2,1.0
2106171,val,a38_39,1.4014015,0.0,1.0,3,2,1.0,2,2,1.0
2109002,val,a38_39,3.0945587,4.4848623,1.0,3,3,1.0,2,2,1.0
2129186,val,a38_39,3.3023198,0.0,0.0,3,-1,0.0,2,-1,0.0
2181007,val,a38_39,1.0841178,1.8672017,1.0,3,3,1.0,6,6,1.0
2181030,val,a38_39,2.8522196,3.4467623,1.0,3,3,1.0,4,2,1.0
2243174,val,a38_39,3.428034,0.0,1.0,3,2,1.0,2,2,1.0
2260173,val,a38_39,2.581594,1.9724138,1.0,3,3,1.0,2,2,1.0
2261030,val,a38_39,3.0646825,2.8148165,1.0,3,3,1.0,2,2,1.0
2271171,val,a38_39,2.4542787,3.4070678,1.0,3,3,1.0,2,2,1.0
2282005,val,a38_39,2.886043,3.1244323,1.0,3,3,1.0,4,6,1.0
2302195,val,a38_39,1.3390831,0.0,1.0,2,2,1.0,2,3,1.0
2334031,val,a38_39,3.6081479,3.9690573,1.0,3,3,1.0,2,2,1.0
2341172,val,a38_39,2.5020907,2.2928271,1.0,3,3,1.0,2,2,1.0
2354175,val,a38_39,3.563251,2.859516,1.0,3,3,1.0,2,2,1.0
2355004,val,a38_39,2.1328995,4.0868087,1.0,3,3,1.0,4,2,1.0
2391030,val,a38_39,3.5194573,3.4141958,1.0,3,2,1.0,2,2,1.0
2397173,val,a38_39,1.4171487,2.4192536,1.0,2,3,1.0,2,4,1.0
2408170,val,a38_39,2.4453206,3.2554533,1.0,3,3,1.0,2,4,1.0
2425003,val,a38_39,2.4871056,1.4095232,1.0,3,3,1.0,2,2,1.0
2432030,val,a38_39,1.8916136,1.0048428,1.0,3,3,1.0,4,4,1.0
2435172,val,a38_39,1.5513752,0.0,1.0,3,2,1.0,2,2,1.0
2436174,val,a38_39,1.2507843,0.0,1.0,2,2,1.0,2,4,1.0
2436176,val,a38_39,1.6216183,3.0837762,1.0,2,3,1.0,2,2,1.0
2441003,val,a38_39,1.807087,3.437568,1.0,3,3,1.0,2,2,1.0
2441173,val,a38_39,3.3642492,3.8851874,1.0,3,3,1.0,2,2,1.0
2458031,val,a38_39,4.2527895,4.775503,1.0,3,3,1.0,2,6,1.0
2461004,val,a38_39,1.4336966,0.0,1.0,2,2,1.0,2,2,1.0
2461030,val,a38_39,3.7279942,4.597478,1.0,3,3,1.0,2,2,1.0
2473004,val,a38_39,3.470539,4.1472106,1.0,3,3,1.0,2,2,1.0
2483030,val,a38_39,2.653074,2.5445042,1.0,3,3,1.0,2,4,1.0
2503030,val,a38_39,3.751703,3.0326545,1.0,3,3,1.0,2,6,1.0
2510005,val,a38_39,3.9251142,3.0930045,1.0,3,3,1.0,2,2,1.0
2525003,val,a38_39,3.7396402,4.7362037,1.0,3,3,1.0,2,2,1.0
2529030,val,a38_39,3.428385,0.0,1.0,3,2,1.0,2,4,1.0
2529174,val,a38_39,2.717222,4.315193,1.0,3,3,1.0,2,2,1.0
2530003,val,a38_39,2.2514474,0.0,0.0,3,-1,0.0,2,-1,0.0
2530004,val,a38_39,2.671478,3.0504405,1.0,3,3,1.0,2,2,1.0
2569033,val,a38_39,2.583771,3.3326652,1.0,3,3,1.0,6,2,1.0
2601006,val,a38_39,3.3909676,4.8403034,1.0,3,3,1.0,2,2,1.0
2608006,val,a38_39,3.1012065,3.18551,1.0,3,3,1.0,2,2,1.0
2615034,val,a38_39,3.3470497,3.7510855,1.0,3,3,1.0,2,2,1.0
2639004,val,a38_39,2.7679827,3.59953,1.0,3,2,1.0,2,4,1.0
2665177,val,a38_39,1.3879833,0.0,1.0,3,2,1.0,6,6,1.0
2672006,val,a38_39,3.3833447,0.0,1.0,3,3,1.0,2,4,1.0
2672171,val,a38_39,2.2420728,3.8403308,1.0,3,3,1.0,2,4,1.0
2697003,val,a38_39,3.951715,3.4481115,1.0,3,3,1.0,2,2,1.0
2704031,val,a38_39,2.8549614,2.7730844,1.0,3,3,1.0,2,4,1.0
2705030,val,a38_39,3.1565673,4.222725,1.0,3,3,1.0,2,2,1.0
2707007,val,a38_39,2.7016606,1.7174486,1.0,3,3,1.0,2,2,1.0
2712172,val,a38_39,2.2547612,3.1861079,1.0,3,3,1.0,2,2,1.0
2731003,val,a38_39,2.7418392,3.048963,1.0,3,3,1.0,6,6,1.0
2731005,val,a38_39,3.6152506,4.507845,1.0,3,3,1.0,2,6,1.0
2770031,val,a38_39,3.3004544,1.3663594,1.0,3,3,1.0,2,2,1.0
2816004,val,a38_39,1.3601325,3.2435856,1.0,3,3,1.0,2,2,1.0
2910002,val,a38_39,2.5949442,2.9807694,1.0,3,3,1.0,2,2,1.0
3062001,val,a38_39,3.6457326,2.4661696,1.0,3,3,1.0,2,2,1.0
3235002,val,a38_39,2.393553,3.5533636,1.0,3,3,1.0,2,3,1.0
3306001,val,a38_39,3.9168115,4.496284,1.0,3,3,1.0,2,2,1.0
5015030,val,a38_39,2.1229687,0.35408652,1.0,3,2,1.0,2,2,1.0
5048030,val,a38_39,2.5520563,2.7750175,1.0,3,3,1.0,6,6,1.0
5052033,val,a38_39,2.2086437,2.1022828,1.0,3,2,1.0,6,6,1.0
5057008,val,a38_39,1.3925245,3.3816826,1.0,2,3,1.0,6,6,1.0
5170009,val,a38_39,3.6395082,3.8525667,1.0,3,3,1.0,2,2,1.0
5230008,val,a38_39,2.9237118,3.8347166,1.0,3,3,1.0,2,2,1.0
5299010,val,a38_39,2.2454188,0.0,1.0,3,2,1.0,6,6,1.0
5336179,val,a38_39,3.1571193,3.4054897,1.0,3,3,1.0,2,2,1.0
5364005,val,a38_39,3.0097957,3.6897547,1.0,3,3,1.0,4,3,1.0
5379004,val,a38_39,3.1234007,4.1776333,1.0,3,3,1.0,4,4,1.0
5430173,val,a38_39,2.6787364,0.0,1.0,3,2,1.0,2,6,1.0
5488006,val,a38_39,3.145267,3.6850972,1.0,3,3,1.0,6,6,1.0
5493007,val,a38_39,0.74405074,0.0,1.0,2,2,1.0,4,5,1.0
5537009,val,a38_39,2.7569315,2.9333522,1.0,3,3,1.0,2,2,1.0
5537177,val,a38_39,2.3869562,1.8505303,1.0,3,2,1.0,2,2,1.0
5537183,val,a38_39,3.4200993,3.955919,1.0,3,3,1.0,2,2,1.0
5569010,val,a38_39,2.6992977,3.5969393,1.0,3,3,1.0,2,2,1.0
5600005,val,a38_39,2.1085987,3.1264517,1.0,3,2,1.0,6,3,1.0
5615183,val,a38_39,2.9163997,0.070574746,1.0,3,3,1.0,2,2,1.0
5749006,val,a38_39,1.9311215,1.8636948,1.0,3,2,1.0,4,2,1.0
5822175,val,a38_39,3.0861535,3.6260033,1.0,3,3,1.0,2,2,1.0
5832003,val,a38_39,2.817868,0.0,0.0,3,-1,0.0,4,-1,0.0
5872005,val,a38_39,0.9692807,0.0,1.0,2,2,1.0,6,6,1.0
5898005,val,a38_39,2.338462,0.0,0.0,3,-1,0.0,2,-1,0.0
5904033,val,a38_39,2.5707946,3.0257523,1.0,3,3,1.0,2,4,1.0
5987188,val,a38_39,2.8318899,3.1053386,1.0,3,3,1.0,2,2,1.0
6026005,val,a38_39,3.3901942,3.1735432,1.0,3,2,1.0,2,4,1.0
6026172,val,a38_39,2.9976459,1.3209659,1.0,3,3,1.0,2,4,1.0
6054031,val,a38_39,3.7128253,3.9497616,1.0,3,3,1.0,2,6,1.0
6121033,val,a38_39,2.1579173,0.0,1.0,2,2,1.0,6,6,1.0
6156008,val,a38_39,3.17344,3.3272858,1.0,3,3,1.0,6,6,1.0
6157003,val,a38_39,2.9890797,3.3871381,1.0,3,3,1.0,2,3,1.0
6210183,val,a38_39,2.6594079,3.2967014,1.0,3,-1,0.0,2,2,1.0
6262030,val,a38_39,3.3065774,4.0377684,1.0,3,3,1.0,2,2,1.0
6368007,val,a38_39,2.4336019,1.7459805,1.0,3,2,1.0,6,6,1.0
6381181,val,a38_39,3.1498277,3.9647489,1.0,3,3,1.0,2,2,1.0
6396003,val,a38_39,1.8820732,0.0,1.0,3,2,1.0,4,4,1.0
6431008,val,a38_39,3.0670671,4.63572,1.0,3,3,1.0,2,4,1.0
6475170,val,a38_39,2.2283733,3.2242525,1.0,3,3,1.0,6,6,1.0
6522004,val,a38_39,1.4354904,0.9147846,1.0,3,2,1.0,6,6,1.0
6537032,val,a38_39,2.6816452,1.2648275,1.0,3,2,1.0,2,2,1.0
6541178,val,a38_39,3.0947106,4.122309,1.0,3,2,1.0,2,2,1.0
6545006,val,a38_39,1.3017144,3.1551504,1.0,3,3,1.0,4,4,1.0
6547171,val,a38_39,2.8737397,2.7027802,1.0,3,3,1.0,2,2,1.0
6571031,val,a38_39,2.800913,1.7769312,1.0,3,2,1.0,2,3,1.0
6590008,val,a38_39,3.1143785,3.329783,1.0,3,3,1.0,2,2,1.0
6616007,val,a38_39,2.2367327,3.7570312,1.0,3,3,1.0,2,4,1.0
6649003,val,a38_39,2.4229822,3.3337348,1.0,3,3,1.0,6,2,1.0
6710030,val,a38_39,1.5995436,3.2527912,1.0,2,3,1.0,6,6,1.0
6745007,val,a38_39,2.9799962,3.583648,1.0,3,3,1.0,2,6,1.0
6750005,val,a38_39,2.658766,3.578878,1.0,3,3,1.0,2,4,1.0
6765006,val,a38_39,2.293931,2.8015413,1.0,3,3,1.0,2,2,1.0
6822176,val,a38_39,2.818975,2.0905557,1.0,3,3,1.0,2,4,1.0
4007,val,a40_41,2.6040995,4.096741,1.0,3,3,1.0,2,4,1.0
6174,val,a40_41,3.5265555,3.9414282,1.0,3,3,1.0,2,2,1.0
14004,val,a40_41,3.633499,3.9032092,1.0,3,3,1.0,2,2,1.0
14172,val,a40_41,1.3575732,3.3626049,1.0,2,3,1.0,2,2,1.0
14173,val,a40_41,3.3673735,3.737305,1.0,3,3,1.0,2,2,1.0
18031,val,a40_41,1.4887736,3.4141958,1.0,2,3,1.0,2,5,1.0
18185,val,a40_41,2.241408,0.0,1.0,3,2,1.0,2,2,1.0
23031,val,a40_41,2.882619,0.0,1.0,3,2,1.0,2,6,1.0
40173,val,a40_41,3.654066,3.426771,1.0,3,3,1.0,2,2,1.0
51171,val,a40_41,3.6818733,3.886613,1.0,3,3,1.0,2,2,1.0
84005,val,a40_41,3.2450714,4.077138,1.0,3,3,1.0,2,6,1.0
121173,val,a40_41,2.7730503,0.0,1.0,3,2,1.0,2,2,1.0
128004,val,a40_41,3.9576643,4.218239,1.0,3,3,1.0,2,2,1.0
145170,val,a40_41,3.7650018,3.8678546,1.0,3,3,1.0,2,2,1.0
161004,val,a40_41,3.7430158,3.0361922,1.0,3,2,1.0,2,4,1.0
172031,val,a40_41,3.4588685,3.2188306,1.0,3,3,1.0,2,2,1.0
174175,val,a40_41,2.3716238,4.886779,1.0,3,3,1.0,2,2,1.0
221031,val,a40_41,3.9247804,4.1335025,1.0,3,3,1.0,2,2,1.0
223030,val,a40_41,3.366385,3.6286082,1.0,3,2,1.0,2,2,1.0
227003,val,a40_41,3.8660033,4.008891,1.0,3,3,1.0,2,2,1.0
257175,val,a40_41,3.1237957,0.42037553,1.0,3,2,1.0,2,2,1.0
263182,val,a40_41,3.6298637,3.4826956,1.0,3,3,1.0,2,2,1.0
321005,val,a40_41,1.806432,2.8158593,1.0,3,3,1.0,2,2,1.0
361175,val,a40_41,2.2010198,1.7118756,1.0,3,2,1.0,2,2,1.0
377170,val,a40_41,3.5520878,4.2009177,1.0,3,3,1.0,2,2,1.0
450030,val,a40_41,3.6526294,3.847051,1.0,3,3,1.0,2,6,1.0
465030,val,a40_41,2.519335,3.7935455,1.0,3,3,1.0,4,4,1.0
478030,val,a40_41,2.6723185,2.907154,1.0,3,2,1.0,2,3,1.0
503031,val,a40_41,2.709179,4.475371,1.0,3,3,1.0,2,4,1.0
514172,val,a40_41,3.7006536,4.04607,1.0,3,3,1.0,2,2,1.0
534030,val,a40_41,2.846694,1.9053723,1.0,3,3,1.0,2,2,1.0
534171,val,a40_41,3.9139652,3.7922242,1.0,3,3,1.0,2,2,1.0
544170,val,a40_41,2.5507858,3.178121,1.0,3,3,1.0,2,2,1.0
563193,val,a40_41,3.3652494,0.0,1.0,3,2,1.0,2,2,1.0
577174,val,a40_41,3.5562887,3.0114257,1.0,3,3,1.0,2,2,1.0
613006,val,a40_41,3.4416864,3.7471669,1.0,3,3,1.0,2,2,1.0
618170,val,a40_41,4.235546,4.5326686,1.0,3,3,1.0,2,2,1.0
631030,val,a40_41,2.8153992,3.3098624,1.0,3,3,1.0,2,4,1.0
633031,val,a40_41,2.9351063,3.6491034,1.0,3,3,1.0,4,2,1.0
652173,val,a40_41,2.8105283,3.5666425,1.0,3,3,1.0,2,2,1.0
655172,val,a40_41,2.9943428,3.749749,1.0,3,3,1.0,2,2,1.0
656005,val,a40_41,2.4784439,0.9626811,1.0,3,3,1.0,2,2,1.0
691171,val,a40_41,2.640387,2.3365629,1.0,3,3,1.0,2,4,1.0
738172,val,a40_41,2.0541034,3.8163328,1.0,2,3,1.0,2,2,1.0
751030,val,a40_41,2.2025995,2.7778397,1.0,3,3,1.0,2,4,1.0
762170,val,a40_41,4.216666,4.3971753,1.0,3,3,1.0,2,2,1.0
783171,val,a40_41,2.8507469,3.7198489,1.0,3,3,1.0,2,2,1.0
863007,val,a40_41,2.5806994,2.8474362,1.0,3,3,1.0,2,2,1.0
893170,val,a40_41,2.710811,0.0,1.0,3,2,1.0,2,2,1.0
894031,val,a40_41,3.1175616,3.2252226,1.0,3,3,1.0,2,2,1.0
898181,val,a40_41,2.2984715,1.1858279,1.0,3,3,1.0,2,2,1.0
899003,val,a40_41,3.4483123,3.5209594,1.0,3,3,1.0,2,2,1.0
916032,val,a40_41,2.4671292,3.1679091,1.0,3,3,1.0,2,2,1.0
922005,val,a40_41,3.3934903,2.5942936,1.0,3,3,1.0,2,2,1.0
931172,val,a40_41,3.6572568,3.1120167,1.0,3,2,1.0,2,2,1.0
939032,val,a40_41,4.2257605,4.886779,1.0,3,3,1.0,2,2,1.0
958030,val,a40_41,3.491449,3.1199777,1.0,3,3,1.0,2,2,1.0
958173,val,a40_41,2.59043,3.1463857,1.0,3,3,1.0,2,2,1.0
961005,val,a40_41,2.9823563,3.1784346,1.0,3,3,1.0,2,2,1.0
961030,val,a40_41,2.8294635,3.4617243,1.0,3,3,1.0,2,2,1.0
961175,val,a40_41,3.66928,4.0225544,1.0,3,3,1.0,2,2,1.0
1051183,val,a40_41,3.6937351,3.3424077,1.0,3,3,1.0,2,2,1.0
1084005,val,a40_41,2.912692,3.6850972,1.0,3,2,1.0,2,3,1.0
1089003,val,a40_41,2.6976323,3.3619723,1.0,3,3,1.0,2,2,1.0
1093003,val,a40_41,1.5779905,0.0,1.0,3,2,1.0,2,2,1.0
1107173,val,a40_41,2.1053724,4.0036206,1.0,3,3,1.0,2,4,1.0
1109174,val,a40_41,1.785368,2.1663687,1.0,3,3,1.0,2,2,1.0
1121030,val,a40_41,3.5040429,3.615111,1.0,3,3,1.0,2,2,1.0
1121175,val,a40_41,2.2648187,0.0,1.0,3,2,1.0,2,2,1.0
1125172,val,a40_41,2.6360116,0.0,0.0,3,-1,0.0,2,-1,0.0
1126030,val,a40_41,2.8736563,2.3645113,1.0,3,3,1.0,2,2,1.0
1126176,val,a40_41,2.3335392,4.886184,1.0,3,3,1.0,2,2,1.0
1152180,val,a40_41,3.091877,3.4620757,1.0,3,3,1.0,2,2,1.0
1164004,val,a40_41,3.4252634,3.5871162,1.0,3,3,1.0,2,2,1.0
1184032,val,a40_41,3.3647275,3.843872,1.0,3,3,1.0,2,2,1.0
1184033,val,a40_41,2.4732232,1.4233128,1.0,3,3,1.0,2,4,1.0
1185003,val,a40_41,3.0052316,0.0,1.0,3,2,1.0,2,2,1.0
1222004,val,a40_41,2.419077,3.154596,1.0,3,3,1.0,2,2,1.0
1222006,val,a40_41,3.3803043,2.026318,1.0,3,3,1.0,2,2,1.0
1284170,val,a40_41,3.1469824,0.0,1.0,3,2,1.0,2,2,1.0
1292004,val,a40_41,2.7416315,3.105974,1.0,3,3,1.0,2,4,1.0
1314172,val,a40_41,3.607058,3.949036,1.0,3,3,1.0,2,2,1.0
1332005,val,a40_41,4.1666584,3.6204543,1.0,3,3,1.0,2,3,1.0
1335010,val,a40_41,3.4095075,3.0401068,1.0,3,3,1.0,2,2,1.0
1338003,val,a40_41,2.8957794,3.5987248,1.0,3,3,1.0,2,2,1.0
1345006,val,a40_41,2.693997,2.9212708,1.0,3,3,1.0,2,2,1.0
1345007,val,a40_41,2.3809843,3.57801,1.0,3,3,1.0,2,2,1.0
1346030,val,a40_41,3.5153632,0.0,1.0,3,2,1.0,2,2,1.0
1391033,val,a40_41,3.7127924,3.647873,1.0,3,3,1.0,2,4,1.0
1391175,val,a40_41,1.1952659,0.0,0.0,2,-1,0.0,2,-1,0.0
1394033,val,a40_41,1.895616,0.0,1.0,3,2,1.0,4,4,1.0
1397005,val,a40_41,3.6971724,3.7439065,1.0,3,3,1.0,2,2,1.0
1397172,val,a40_41,1.5381651,3.0469735,1.0,3,3,1.0,2,2,1.0
1426004,val,a40_41,1.9716055,2.9762707,1.0,3,3,1.0,6,6,1.0
1434032,val,a40_41,2.7454429,2.0527534,1.0,3,3,1.0,2,2,1.0
1434170,val,a40_41,3.0822363,3.1865816,1.0,3,3,1.0,2,2,1.0
1435005,val,a40_41,3.873868,4.6204996,1.0,3,2,1.0,2,4,1.0
1485171,val,a40_41,3.7810555,3.2274153,1.0,3,3,1.0,2,2,1.0
1520031,val,a40_41,3.3176045,3.9851773,1.0,3,3,1.0,4,2,1.0
1540005,val,a40_41,4.238035,2.3726282,1.0,3,3,1.0,2,2,1.0
1559003,val,a40_41,4.1597695,4.472791,1.0,3,3,1.0,2,2,1.0
1559170,val,a40_41,3.343339,3.2300382,1.0,3,3,1.0,2,2,1.0
1565180,val,a40_41,2.7995508,4.194441,1.0,3,3,1.0,2,2,1.0
1579030,val,a40_41,3.1849604,3.0597289,1.0,3,3,1.0,2,2,1.0
1613007,val,a40_41,2.608571,0.6793294,1.0,3,3,1.0,2,2,1.0
1621171,val,a40_41,4.061955,4.886779,1.0,3,3,1.0,2,2,1.0
1644004,val,a40_41,3.078545,3.496418,1.0,3,3,1.0,2,2,1.0
1652031,val,a40_41,2.9142067,3.3802066,1.0,3,3,1.0,2,2,1.0
1682032,val,a40_41,3.4858336,3.8730197,1.0,3,3,1.0,2,2,1.0
1684173,val,a40_41,3.5484118,3.6152012,1.0,3,2,1.0,2,2,1.0
1687003,val,a40_41,3.5424757,3.3729873,1.0,3,3,1.0,2,2,1.0
1690170,val,a40_41,2.1994164,3.5111582,1.0,3,3,1.0,2,2,1.0
1692030,val,a40_41,1.3026662,0.0,1.0,2,2,1.0,2,2,1.0
1695034,val,a40_41,3.0509598,3.6491034,1.0,3,3,1.0,2,2,1.0
1701004,val,a40_41,2.510345,3.9664857,1.0,3,3,1.0,2,2,1.0
1721030,val,a40_41,3.3682473,3.6687279,1.0,3,3,1.0,4,2,1.0
1723005,val,a40_41,1.1604487,2.2075644,1.0,2,3,1.0,2,2,1.0
1762030,val,a40_41,2.59871,0.0,1.0,3,2,1.0,2,4,1.0
1762031,val,a40_41,3.671276,3.7650766,1.0,3,3,1.0,2,2,1.0
1762032,val,a40_41,2.1046178,1.9069004,1.0,3,3,1.0,2,4,1.0
1774170,val,a40_41,2.9219375,1.3671789,1.0,3,2,1.0,2,2,1.0
1774171,val,a40_41,3.031685,3.3073823,1.0,3,3,1.0,2,2,1.0
1784171,val,a40_41,4.0928397,4.1698217,1.0,3,3,1.0,2,2,1.0
1786191,val,a40_41,3.8837104,3.9422066,1.0,3,3,1.0,2,2,1.0
1787005,val,a40_41,3.583821,3.6848996,1.0,3,3,1.0,2,2,1.0
1787174,val,a40_41,2.683176,3.3667955,1.0,3,3,1.0,2,2,1.0
1802003,val,a40_41,3.243483,3.489942,1.0,3,2,1.0,2,4,1.0
1845170,val,a40_41,4.156772,3.0869684,1.0,3,3,1.0,2,2,1.0
1862171,val,a40_41,3.0642233,3.5262845,1.0,3,3,1.0,2,2,1.0
1898004,val,a40_41,3.0486178,3.4094932,1.0,3,3,1.0,2,6,1.0
1911030,val,a40_41,2.2238657,0.0,0.0,3,-1,0.0,2,-1,0.0
1914003,val,a40_41,1.6397355,2.8751705,1.0,3,3,1.0,2,2,1.0
1919007,val,a40_41,4.2261057,4.886779,1.0,3,3,1.0,2,4,1.0
1954003,val,a40_41,3.5183206,2.9361172,1.0,3,3,1.0,2,2,1.0
1959005,val,a40_41,3.522995,4.3370132,1.0,3,3,1.0,2,2,1.0
1964031,val,a40_41,2.1701345,0.0,1.0,3,2,1.0,4,4,1.0
1972173,val,a40_41,1.4425237,0.0,0.0,2,-1,0.0,2,-1,0.0
1978030,val,a40_41,3.409787,3.693618,1.0,3,3,1.0,2,2,1.0
2005030,val,a40_41,2.924037,3.1062326,1.0,3,3,1.0,2,4,1.0
2011174,val,a40_41,2.4187088,3.3237946,1.0,3,3,1.0,2,2,1.0
2023030,val,a40_41,3.4476302,4.886779,1.0,3,3,1.0,2,6,1.0
2028030,val,a40_41,3.2496128,4.421971,1.0,3,3,1.0,2,4,1.0
2055003,val,a40_41,2.625839,1.7300621,1.0,3,3,1.0,2,2,1.0
2067005,val,a40_41,4.0053186,4.1546817,1.0,3,3,1.0,2,2,1.0
2080170,val,a40_41,2.103549,2.3160753,1.0,3,3,1.0,2,2,1.0
2106171,val,a40_41,1.4312825,0.0,1.0,3,2,1.0,2,2,1.0
2109002,val,a40_41,3.121243,4.482823,1.0,3,3,1.0,2,2,1.0
2129186,val,a40_41,3.3156567,3.496005,1.0,3,3,1.0,2,2,1.0
2181007,val,a40_41,1.1175737,1.966612,1.0,3,2,1.0,6,6,1.0
2181030,val,a40_41,2.8697991,3.3319657,1.0,3,3,1.0,4,2,1.0
2243174,val,a40_41,3.446383,3.0664406,1.0,3,3,1.0,2,2,1.0
2260173,val,a40_41,2.6043968,0.40987092,1.0,3,2,1.0,2,2,1.0
2261030,val,a40_41,3.0875926,2.5095816,1.0,3,3,1.0,2,2,1.0
2271171,val,a40_41,2.4773114,3.6543715,1.0,3,3,1.0,2,2,1.0
2282005,val,a40_41,2.9122276,0.0,1.0,3,3,1.0,4,6,1.0
2302195,val,a40_41,1.3708671,0.39853728,1.0,3,2,1.0,2,3,1.0
2334031,val,a40_41,3.6320071,3.8142254,1.0,3,3,1.0,2,2,1.0
2341172,val,a40_41,2.5317464,2.8913167,1.0,3,3,1.0,2,2,1.0
2354175,val,a40_41,3.5654488,3.3073823,1.0,3,3,1.0,2,2,1.0
2355004,val,a40_41,2.1633992,3.7249148,1.0,3,3,1.0,4,2,1.0
2391030,val,a40_41,3.5434437,3.1996279,1.0,3,3,1.0,2,2,1.0
2397173,val,a40_41,1.453011,2.7536736,1.0,3,3,1.0,2,2,1.0
2408170,val,a40_41,2.4775465,2.2054408,1.0,3,2,1.0,2,4,1.0
2425003,val,a40_41,2.51811,1.1611937,1.0,3,3,1.0,2,2,1.0
2432030,val,a40_41,1.921302,2.766588,1.0,3,3,1.0,4,4,1.0
2435172,val,a40_41,1.5859327,0.5612031,1.0,3,3,1.0,2,2,1.0
2436174,val,a40_41,1.2878108,0.0,1.0,2,2,1.0,2,4,1.0
2436176,val,a40_41,1.6476536,3.0665076,1.0,3,3,1.0,2,2,1.0
2441003,val,a40_41,1.8391225,3.1931083,1.0,3,3,1.0,2,2,1.0
2441173,val,a40_41,3.3641427,4.1230373,1.0,3,3,1.0,2,2,1.0
2458031,val,a40_41,4.2698755,4.7487354,1.0,3,3,1.0,2,6,1.0
2461004,val,a40_41,1.4769869,2.4098656,1.0,3,3,1.0,2,2,1.0
2461030,val,a40_41,3.7370012,0.0,1.0,3,3,1.0,2,4,1.0
2473004,val,a40_41,3.470469,3.8582711,1.0,3,3,1.0,2,2,1.0
2483030,val,a40_41,2.6695359,1.7093322,1.0,3,3,1.0,2,4,1.0
2503030,val,a40_41,3.7522612,3.0149915,1.0,3,3,1.0,2,6,1.0
2510005,val,a40_41,3.9092374,3.0679493,1.0,3,3,1.0,2,2,1.0
2525003,val,a40_41,3.7487397,4.886779,1.0,3,3,1.0,2,2,1.0
2529030,val,a40_41,3.4444718,0.0,1.0,3,2,1.0,2,4,1.0
2529174,val,a40_41,2.752533,3.9823928,1.0,3,3,1.0,2,2,1.0
2530003,val,a40_41,2.2749033,2.8040938,1.0,3,3,1.0,2,2,1.0
2530004,val,a40_41,2.6924114,3.0475352,1.0,3,3,1.0,2,2,1.0
2569033,val,a40_41,2.6071289,3.3889637,1.0,3,3,1.0,6,2,1.0
2601006,val,a40_41,3.413075,0.0,0.0,3,-1,0.0,2,-1,0.0
2608006,val,a40_41,3.114026,3.153995,1.0,3,3,1.0,2,2,1.0
2615034,val,a40_41,3.3708909,3.5209804,1.0,3,3,1.0,2,2,1.0
2639004,val,a40_41,2.7702227,2.0256755,1.0,3,2,1.0,2,4,1.0
2665177,val,a40_41,1.4188781,0.0,1.0,3,2,1.0,6,2,1.0
2672006,val,a40_41,3.4013484,4.190539,1.0,3,3,1.0,2,4,1.0
2672171,val,a40_41,2.275415,4.158148,1.0,3,3,1.0,2,4,1.0
2697003,val,a40_41,3.947672,3.3715646,1.0,3,3,1.0,2,2,1.0
2704031,val,a40_41,2.8692381,2.5460799,1.0,3,3,1.0,2,4,1.0
2705030,val,a40_41,3.1801453,4.6122894,1.0,3,3,1.0,2,3,1.0
2707007,val,a40_41,2.7257202,2.015335,1.0,3,3,1.0,2,2,1.0
2712172,val,a40_41,2.2814689,3.172238,1.0,3,3,1.0,2,2,1.0
2731003,val,a40_41,2.757595,3.1447468,1.0,3,3,1.0,6,6,1.0
2731005,val,a40_41,3.6326127,4.564996,1.0,3,3,1.0,2,6,1.0
2770031,val,a40_41,3.3268023,1.7136508,1.0,3,3,1.0,2,2,1.0
2816004,val,a40_41,1.4102718,3.4309494,1.0,3,3,1.0,2,2,1.0
2910002,val,a40_41,2.6104052,3.1706843,1.0,3,2,1.0,2,2,1.0
3062001,val,a40_41,3.654171,3.958687,1.0,3,3,1.0,2,2,1.0
3235002,val,a40_41,2.4192052,3.6333046,1.0,3,3,1.0,2,3,1.0
3306001,val,a40_41,3.9225388,4.594867,1.0,3,3,1.0,2,2,1.0
5015030,val,a40_41,2.1468015,0.0,1.0,3,2,1.0,2,2,1.0
5048030,val,a40_41,2.5730116,2.79805,1.0,3,3,1.0,6,6,1.0
5052033,val,a40_41,2.2302961,2.355517,1.0,3,3,1.0,6,6,1.0
5057008,val,a40_41,1.4291668,3.5037935,1.0,2,3,1.0,6,6,1.0
5170009,val,a40_41,3.6447647,3.8322608,1.0,3,3,1.0,2,2,1.0
5230008,val,a40_41,2.937706,3.7570312,1.0,3,3,1.0,2,2,1.0
5299010,val,a40_41,2.268978,0.0,1.0,3,2,1.0,6,6,1.0
5336179,val,a40_41,3.1751637,3.3685656,1.0,3,3,1.0,2,2,1.0
5364005,val,a40_41,3.0206044,3.3224595,1.0,3,3,1.0,4,3,1.0
5379004,val,a40_41,3.1309392,4.8131404,1.0,3,3,1.0,4,4,1.0
5430173,val,a40_41,2.7036898,0.0,1.0,3,2,1.0,4,6,1.0
5488006,val,a40_41,3.1554828,3.6807222,1.0,3,3,1.0,6,6,1.0
5493007,val,a40_41,0.7619256,0.0,1.0,2,2,1.0,4,5,1.0
5537009,val,a40_41,2.7708287,2.9591303,1.0,3,3,1.0,2,2,1.0
5537177,val,a40_41,2.4080439,1.2297416,1.0,3,2,1.0,2,2,1.0
5537183,val,a40_41,3.4384491,3.031698,1.0,3,3,1.0,2,2,1.0
5569010,val,a40_41,2.7011547,3.265041,1.0,3,3,1.0,2,2,1.0
5600005,val,a40_41,2.1374538,2.2039053,1.0,3,2,1.0,6,2,1.0
5615183,val,a40_41,2.9313562,2.9662764,1.0,3,3,1.0,2,2,1.0
5749006,val,a40_41,1.949928,0.37078482,1.0,3,2,1.0,4,2,1.0
5822175,val,a40_41,3.101989,3.7130666,1.0,3,3,1.0,2,2,1.0
5832003,val,a40_41,2.832459,2.3181431,1.0,3,2,1.0,4,6,1.0
5872005,val,a40_41,1.0037868,0.0,0.0,2,-1,0.0,6,-1,0.0
5898005,val,a40_41,2.3601408,0.0,0.0,3,-1,0.0,2,-1,0.0
5904033,val,a40_41,2.5918627,1.9870218,1.0,3,3,1.0,2,4,1.0
5987188,val,a40_41,2.8475294,3.0869684,1.0,3,3,1.0,2,2,1.0
6026005,val,a40_41,3.4042726,3.3871381,1.0,3,2,1.0,2,4,1.0
6026172,val,a40_41,3.0329192,3.6983402,1.0,3,3,1.0,2,4,1.0
6054031,val,a40_41,3.744939,3.9765851,1.0,3,3,1.0,2,6,1.0
6121033,val,a40_41,2.179,0.0,1.0,2,2,1.0,6,6,1.0
6156008,val,a40_41,3.1734176,3.7570312,1.0,3,3,1.0,6,6,1.0
6157003,val,a40_41,3.0028691,3.2381604,1.0,3,3,1.0,2,3,1.0
6210183,val,a40_41,2.677247,3.3488646,1.0,3,3,1.0,2,2,1.0
6262030,val,a40_41,3.333597,4.052318,1.0,3,3,1.0,2,2,1.0
6368007,val,a40_41,2.4483654,0.0,1.0,3,2,1.0,6,6,1.0
6381181,val,a40_41,3.1554809,4.0398784,1.0,3,3,1.0,2,2,1.0
6396003,val,a40_41,1.90219,0.0,1.0,3,2,1.0,4,4,1.0
6431008,val,a40_41,3.08012,4.745581,1.0,3,3,1.0,2,4,1.0
6475170,val,a40_41,2.2522438,3.0000806,1.0,3,3,1.0,6,6,1.0
6522004,val,a40_41,1.4659334,0.0,0.0,3,2,1.0,6,4,1.0
6537032,val,a40_41,2.6924095,2.9993773,1.0,3,3,1.0,2,2,1.0
6541178,val,a40_41,3.1104906,4.1655335,1.0,3,3,1.0,2,2,1.0
6545006,val,a40_41,1.322763,2.3224509,1.0,3,3,1.0,4,4,1.0
6547171,val,a40_41,2.8882885,3.0869684,1.0,3,3,1.0,2,2,1.0
6571031,val,a40_41,2.821284,0.0,0.0,3,-1,0.0,2,-1,0.0
6590008,val,a40_41,3.1138318,0.0,1.0,3,3,1.0,2,2,1.0
6616007,val,a40_41,2.2526658,3.6222303,1.0,3,3,1.0,2,4,1.0
6649003,val,a40_41,2.4384828,3.6229506,1.0,3,3,1.0,6,2,1.0
6710030,val,a40_41,1.6366713,3.2437427,1.0,3,3,1.0,6,6,1.0
6745007,val,a40_41,2.9840531,3.587975,1.0,3,3,1.0,2,6,1.0
6750005,val,a40_41,2.6711874,3.9030106,1.0,3,3,1.0,2,4,1.0
6765006,val,a40_41,2.3032918,2.6505947,1.0,3,3,1.0,2,2,1.0
6822176,val,a40_41,2.841593,3.546035,1.0,3,3,1.0,2,4,1.0
4007,val,a42_43,2.5951083,0.0,0.0,3,-1,0.0,2,-1,0.0
6174,val,a42_43,3.5037026,4.3904777,1.0,3,3,1.0,2,2,1.0
14004,val,a42_43,3.6347165,3.7619069,1.0,3,3,1.0,2,2,1.0
14172,val,a42_43,1.4237599,3.7323906,1.0,2,3,1.0,2,2,1.0
14173,val,a42_43,3.3707125,4.0403357,1.0,3,3,1.0,2,2,1.0
18031,val,a42_43,1.629474,3.5281215,1.0,3,3,1.0,2,5,1.0
18185,val,a42_43,2.2677894,0.0,1.0,3,2,1.0,2,3,1.0
23031,val,a42_43,2.8926008,0.0,1.0,3,2,1.0,2,6,1.0
40173,val,a42_43,3.6300945,3.5162604,1.0,3,3,1.0,2,2,1.0
51171,val,a42_43,3.6886902,3.9461741,1.0,3,3,1.0,2,2,1.0
84005,val,a42_43,3.2165155,3.9647489,1.0,3,3,1.0,2,6,1.0
121173,val,a42_43,2.7548316,3.016735,1.0,3,3,1.0,2,2,1.0
128004,val,a42_43,3.963526,4.198069,1.0,3,3,1.0,2,2,1.0
145170,val,a42_43,3.764837,3.507782,1.0,3,3,1.0,2,2,1.0
161004,val,a42_43,3.7565975,3.1872697,1.0,3,3,1.0,2,4,1.0
172031,val,a42_43,3.4239218,3.126861,1.0,3,3,1.0,2,2,1.0
174175,val,a42_43,2.4105635,4.886779,1.0,3,3,1.0,2,2,1.0
221031,val,a42_43,3.9140952,3.9811552,1.0,3,3,1.0,2,2,1.0
223030,val,a42_43,3.351713,3.4196575,1.0,3,3,1.0,2,2,1.0
227003,val,a42_43,3.833171,3.9589236,1.0,3,3,1.0,2,2,1.0
257175,val,a42_43,3.1114616,0.56697226,1.0,3,3,1.0,2,2,1.0
263182,val,a42_43,3.6238868,3.456537,1.0,3,3,1.0,2,2,1.0
321005,val,a42_43,1.8669062,3.067396,1.0,3,3,1.0,2,2,1.0
361175,val,a42_43,2.2161353,2.6412401,1.0,3,3,1.0,2,2,1.0
377170,val,a42_43,3.5478263,4.30575,1.0,3,3,1.0,2,2,1.0
450030,val,a42_43,3.5891473,4.0109034,1.0,3,2,1.0,2,6,1.0
465030,val,a42_43,2.517402,3.854094,1.0,3,3,1.0,4,4,1.0
478030,val,a42_43,2.6792889,3.0282621,1.0,3,3,1.0,2,3,1.0
503031,val,a42_43,2.7376304,4.717123,1.0,3,3,1.0,2,4,1.0
514172,val,a42_43,3.6768231,4.2617564,1.0,3,3,1.0,2,2,1.0
534030,val,a42_43,2.8175538,3.2387373,1.0,3,3,1.0,2,2,1.0
534171,val,a42_43,3.9267755,3.8186266,1.0,3,3,1.0,2,2,1.0
544170,val,a42_43,2.5699742,3.378522,1.0,3,3,1.0,2,2,1.0
563193,val,a42_43,3.3745654,0.0,1.0,3,2,1.0,2,2,1.0
577174,val,a42_43,3.5724266,3.1931083,1.0,3,3,1.0,2,2,1.0
613006,val,a42_43,3.445075,3.4896688,1.0,3,3,1.0,2,2,1.0
618170,val,a42_43,4.236133,4.7028666,1.0,3,3,1.0,2,2,1.0
631030,val,a42_43,2.826961,3.7247293,1.0,3,3,1.0,2,4,1.0
633031,val,a42_43,2.9377632,3.6932049,1.0,3,3,1.0,4,2,1.0
652173,val,a42_43,2.8002641,3.6409497,1.0,3,3,1.0,2,2,1.0
655172,val,a42_43,2.9721935,4.2897096,1.0,3,3,1.0,2,2,1.0
656005,val,a42_43,2.4864314,1.5825812,1.0,3,3,1.0,2,2,1.0
691171,val,a42_43,2.6526048,2.422265,1.0,3,3,1.0,2,4,1.0
738172,val,a42_43,2.080946,4.6475396,1.0,2,3,1.0,2,2,1.0
751030,val,a42_43,2.2444396,3.128094,1.0,3,2,1.0,2,4,1.0
762170,val,a42_43,4.211141,4.3866534,1.0,3,3,1.0,2,2,1.0
783171,val,a42_43,2.842682,3.627258,1.0,3,3,1.0,2,2,1.0
863007,val,a42_43,2.600225,3.0570593,1.0,3,3,1.0,2,2,1.0
893170,val,a42_43,2.7092853,0.0,1.0,3,2,1.0,2,2,1.0
894031,val,a42_43,3.081023,3.4939215,1.0,3,3,1.0,2,2,1.0
898181,val,a42_43,2.3212194,2.0642657,1.0,3,3,1.0,2,2,1.0
899003,val,a42_43,3.457775,3.5290773,1.0,3,3,1.0,2,2,1.0
916032,val,a42_43,2.472801,2.66215,1.0,3,2,1.0,2,2,1.0
922005,val,a42_43,3.3812528,2.8607311,1.0,3,3,1.0,2,2,1.0
931172,val,a42_43,3.6738183,2.3561735,1.0,3,3,1.0,2,2,1.0
939032,val,a42_43,4.208097,4.886779,1.0,3,3,1.0,2,2,1.0
958030,val,a42_43,3.4962678,3.0001054,1.0,3,3,1.0,2,2,1.0
958173,val,a42_43,2.5919867,3.188211,1.0,3,3,1.0,2,2,1.0
961005,val,a42_43,2.9912372,3.0807095,1.0,3,3,1.0,2,2,1.0
961030,val,a42_43,2.8399563,3.5064607,1.0,3,3,1.0,2,2,1.0
961175,val,a42_43,3.6859436,3.858515,1.0,3,3,1.0,2,2,1.0
1051183,val,a42_43,3.6836681,3.4141958,1.0,3,3,1.0,2,2,1.0
1084005,val,a42_43,2.9204602,2.8569546,1.0,3,2,1.0,2,4,1.0
1089003,val,a42_43,2.685591,3.397333,1.0,3,3,1.0,2,2,1.0
1093003,val,a42_43,1.6854603,0.0,1.0,3,2,1.0,2,2,1.0
1107173,val,a42_43,2.1738262,0.0,1.0,3,2,1.0,2,4,1.0
1109174,val,a42_43,1.8299042,2.241885,1.0,3,3,1.0,2,2,1.0
1121030,val,a42_43,3.5044775,3.7256048,1.0,3,3,1.0,2,2,1.0
1121175,val,a42_43,2.2829971,0.0,1.0,3,2,1.0,2,2,1.0
1125172,val,a42_43,2.6386037,2.6918542,1.0,3,3,1.0,2,2,1.0
1126030,val,a42_43,2.8709548,2.3410416,1.0,3,3,1.0,2,2,1.0
1126176,val,a42_43,2.3832412,4.2375464,1.0,3,3,1.0,2,2,1.0
1152180,val,a42_43,3.0478053,3.382096,1.0,3,3,1.0,2,2,1.0
1164004,val,a42_43,3.432818,3.6850972,1.0,3,3,1.0,2,2,1.0
1184032,val,a42_43,3.3451948,0.0,0.0,3,-1,0.0,2,-1,0.0
1184033,val,a42_43,2.51828,2.9884706,1.0,3,3,1.0,2,4,1.0
1185003,val,a42_43,2.969009,0.0,1.0,3,2,1.0,2,2,1.0
1222004,val,a42_43,2.4430046,3.1974998,1.0,3,3,1.0,2,2,1.0
1222006,val,a42_43,3.4058197,3.4334857,1.0,3,3,1.0,2,2,1.0
1284170,val,a42_43,3.1482887,0.0,1.0,3,2,1.0,2,2,1.0
1292004,val,a42_43,2.7548869,3.0276508,1.0,3,3,1.0,2,4,1.0
1314172,val,a42_43,3.6146636,3.955919,1.0,3,3,1.0,2,2,1.0
1332005,val,a42_43,4.1706495,4.0859733,1.0,3,3,1.0,2,3,1.0
1335010,val,a42_43,3.4169412,3.5913725,1.0,3,3,1.0,2,2,1.0
1338003,val,a42_43,2.8550496,0.0,1.0,3,2,1.0,2,2,1.0
1345006,val,a42_43,2.7172449,2.8901737,1.0,3,3,1.0,2,2,1.0
1345007,val,a42_43,2.3877864,3.4974828,1.0,3,3,1.0,2,2,1.0
1346030,val,a42_43,3.4735196,1.209378,1.0,3,2,1.0,2,2,1.0
1391033,val,a42_43,3.715108,3.9802005,1.0,3,3,1.0,2,4,1.0
1391175,val,a42_43,1.314705,3.1796627,1.0,2,3,1.0,2,4,1.0
1394033,val,a42_43,1.9159849,0.0,1.0,3,2,1.0,4,4,1.0
1397005,val,a42_43,3.7086968,3.749749,1.0,3,3,1.0,2,2,1.0
1397172,val,a42_43,1.5932753,3.0798528,1.0,3,3,1.0,2,2,1.0
1426004,val,a42_43,1.9968331,3.4137402,1.0,3,3,1.0,6,6,1.0
1434032,val,a42_43,2.7577655,2.134075,1.0,3,3,1.0,2,2,1.0
1434170,val,a42_43,3.0804694,3.2432585,1.0,3,3,1.0,2,2,1.0
1435005,val,a42_43,3.8412454,2.8346472,1.0,3,3,1.0,2,4,1.0
1485171,val,a42_43,3.7888541,3.4779825,1.0,3,3,1.0,2,2,1.0
1520031,val,a42_43,3.3217845,0.0,1.0,3,3,1.0,4,2,1.0
1540005,val,a42_43,4.2373257,3.2980824,1.0,3,3,1.0,2,2,1.0
1559003,val,a42_43,4.1607175,4.455336,1.0,3,3,1.0,2,2,1.0
1559170,val,a42_43,3.345274,3.46386,1.0,3,3,1.0,2,2,1.0
1565180,val,a42_43,2.7892692,3.7453756,1.0,3,3,1.0,2,2,1.0
1579030,val,a42_43,3.1696267,2.21841,1.0,3,3,1.0,2,2,1.0
1613007,val,a42_43,2.6223352,1.4655625,1.0,3,3,1.0,2,2,1.0
1621171,val,a42_43,4.0705786,4.5817747,1.0,3,3,1.0,2,2,1.0
1644004,val,a42_43,3.0821376,3.3623176,1.0,3,3,1.0,2,2,1.0
1652031,val,a42_43,2.9313378,3.6539025,1.0,3,3,1.0,2,2,1.0
1682032,val,a42_43,3.4835715,3.8923383,1.0,3,3,1.0,2,2,1.0
1684173,val,a42_43,3.557901,3.4133592,1.0,3,3,1.0,2,2,1.0
1687003,val,a42_43,3.5501957,2.1154792,1.0,3,3,1.0,2,2,1.0
1690170,val,a42_43,2.2227328,3.81582,1.0,3,3,1.0,2,2,1.0
1692030,val,a42_43,1.4005972,0.0,1.0,3,2,1.0,2,2,1.0
1695034,val,a42_43,3.0358624,3.7629457,1.0,3,3,1.0,2,2,1.0
1701004,val,a42_43,2.5342317,4.257973,1.0,3,3,1.0,2,2,1.0
1721030,val,a42_43,3.3632126,3.348836,1.0,3,3,1.0,4,2,1.0
1723005,val,a42_43,1.270329,2.2497153,1.0,3,3,1.0,2,2,1.0
1762030,val,a42_43,2.6173131,0.0,1.0,3,2,1.0,2,4,1.0
1762031,val,a42_43,3.6581788,3.7924998,1.0,3,3,1.0,2,2,1.0
1762032,val,a42_43,2.1359565,2.2055602,1.0,3,3,1.0,2,4,1.0
1774170,val,a42_43,2.9066947,1.7535818,1.0,3,3,1.0,2,2,1.0
1774171,val,a42_43,3.0273585,3.736019,1.0,3,3,1.0,2,2,1.0
1784171,val,a42_43,4.0907927,4.1252284,1.0,3,3,1.0,2,2,1.0
1786191,val,a42_43,3.8678117,4.227405,1.0,3,3,1.0,2,2,1.0
1787005,val,a42_43,3.5999098,3.6104138,1.0,3,3,1.0,2,2,1.0
1787174,val,a42_43,2.6837063,3.3523545,1.0,3,3,1.0,2,2,1.0
1802003,val,a42_43,3.2536435,3.4832323,1.0,3,2,1.0,2,4,1.0
1845170,val,a42_43,4.1579666,3.3217459,1.0,3,3,1.0,2,2,1.0
1862171,val,a42_43,3.065378,3.4461362,1.0,3,3,1.0,2,2,1.0
1898004,val,a42_43,3.0383346,4.3638077,1.0,3,3,1.0,2,6,1.0
1911030,val,a42_43,2.2340193,2.9322286,1.0,3,3,1.0,2,2,1.0
1914003,val,a42_43,1.7674549,3.0930045,1.0,3,3,1.0,2,2,1.0
1919007,val,a42_43,4.2198334,4.8387165,1.0,3,3,1.0,2,4,1.0
1954003,val,a42_43,3.5233636,3.7558146,1.0,3,3,1.0,2,4,1.0
1959005,val,a42_43,3.4710515,4.521836,1.0,3,3,1.0,2,2,1.0
1964031,val,a42_43,2.203644,0.0,1.0,3,2,1.0,4,4,1.0
1972173,val,a42_43,1.5190977,2.3260252,1.0,3,3,1.0,2,3,1.0
1978030,val,a42_43,3.4117928,3.4900744,1.0,3,3,1.0,2,2,1.0
2005030,val,a42_43,2.9254987,3.211439,1.0,3,3,1.0,2,4,1.0
2011174,val,a42_43,2.4217873,3.177646,1.0,3,3,1.0,2,2,1.0
2023030,val,a42_43,3.398321,4.886779,1.0,3,3,1.0,2,6,1.0
2028030,val,a42_43,3.230233,4.886779,1.0,3,3,1.0,2,4,1.0
2055003,val,a42_43,2.649459,1.367364,1.0,3,3,1.0,2,2,1.0
2067005,val,a42_43,4.004233,4.480925,1.0,3,3,1.0,2,2,1.0
2080170,val,a42_43,2.1292727,2.4098656,1.0,3,3,1.0,2,2,1.0
2106171,val,a42_43,1.5048051,0.0,1.0,3,2,1.0,2,2,1.0
2109002,val,a42_43,3.1184592,4.472431,1.0,3,3,1.0,2,2,1.0
2129186,val,a42_43,3.327967,3.851873,1.0,3,3,1.0,2,2,1.0
2181007,val,a42_43,1.1794202,2.5885363,1.0,3,3,1.0,6,6,1.0
2181030,val,a42_43,2.8726661,3.6084042,1.0,3,3,1.0,4,2,1.0
2243174,val,a42_43,3.4180684,2.9595175,1.0,3,3,1.0,2,2,1.0
2260173,val,a42_43,2.6214595,0.0,1.0,3,2,1.0,2,2,1.0
2261030,val,a42_43,3.0881176,3.173361,1.0,3,3,1.0,2,2,1.0
2271171,val,a42_43,2.4847395,3.7394035,1.0,3,3,1.0,2,2,1.0
2282005,val,a42_43,2.9125865,3.46386,1.0,3,3,1.0,4,6,1.0
2302195,val,a42_43,1.4732463,0.0,1.0,3,2,1.0,2,6,1.0
2334031,val,a42_43,3.5774932,3.8580909,1.0,3,3,1.0,2,2,1.0
2341172,val,a42_43,2.5462792,2.8802483,1.0,3,3,1.0,2,2,1.0
2354175,val,a42_43,3.580716,3.651173,1.0,3,3,1.0,2,2,1.0
2355004,val,a42_43,2.1968226,4.1334863,1.0,3,3,1.0,4,2,1.0
2391030,val,a42_43,3.5272417,3.859207,1.0,3,3,1.0,2,2,1.0
2397173,val,a42_43,1.5444922,3.1475887,1.0,3,3,1.0,2,2,1.0
2408170,val,a42_43,2.4673018,2.146546,1.0,3,3,1.0,2,4,1.0
2425003,val,a42_43,2.532264,0.0,1.0,3,2,1.0,2,2,1.0
2432030,val,a42_43,1.990866,4.2273545,1.0,3,3,1.0,4,4,1.0
2435172,val,a42_43,1.636219,0.0,1.0,3,2,1.0,2,2,1.0
2436174,val,a42_43,1.3795846,0.0,1.0,2,2,1.0,2,4,1.0
2436176,val,a42_43,1.7222965,3.0895233,1.0,3,3,1.0,2,2,1.0
2441003,val,a42_43,1.8803949,3.9165187,1.0,3,3,1.0,2,2,1.0
2441173,val,a42_43,3.3662338,4.077138,1.0,3,3,1.0,2,2,1.0
2458031,val,a42_43,4.249996,4.886779,1.0,3,3,1.0,2,6,1.0
2461004,val,a42_43,1.5453453,2.196764,1.0,3,2,1.0,2,2,1.0
2461030,val,a42_43,3.7568057,4.353723,1.0,3,3,1.0,2,2,1.0
2473004,val,a42_43,3.4776204,3.2980824,1.0,3,3,1.0,2,2,1.0
2483030,val,a42_43,2.6588829,0.0,1.0,3,2,1.0,2,4,1.0
2503030,val,a42_43,3.7613795,3.295633,1.0,3,3,1.0,2,6,1.0
2510005,val,a42_43,3.920106,3.307799,1.0,3,3,1.0,2,2,1.0
2525003,val,a42_43,3.7561765,4.886779,1.0,3,3,1.0,2,2,1.0
2529030,val,a42_43,3.4470453,0.0,1.0,3,2,1.0,2,4,1.0
2529174,val,a42_43,2.744561,1.8595463,1.0,3,3,1.0,2,2,1.0
2530003,val,a42_43,2.295322,0.0,1.0,3,2,1.0,2,2,1.0
2530004,val,a42_43,2.6901355,3.4409633,1.0,3,3,1.0,2,2,1.0
2569033,val,a42_43,2.6078396,3.469144,1.0,3,3,1.0,6,2,1.0
2601006,val,a42_43,3.397078,4.845492,1.0,3,3,1.0,2,2,1.0
2608006,val,a42_43,3.1181216,2.9372149,1.0,3,3,1.0,2,2,1.0
2615034,val,a42_43,3.311674,3.4548087,1.0,3,3,1.0,2,2,1.0
2639004,val,a42_43,2.8392024,2.589703,1.0,3,3,1.0,2,4,1.0
2665177,val,a42_43,1.5062068,0.0,1.0,3,2,1.0,6,2,1.0
2672006,val,a42_43,3.4005778,4.276182,1.0,3,3,1.0,2,2,1.0
2672171,val,a42_43,2.3190453,4.019886,1.0,3,3,1.0,2,4,1.0
2697003,val,a42_43,3.9557347,3.3189862,1.0,3,3,1.0,2,2,1.0
2704031,val,a42_43,2.8584895,3.6725805,1.0,3,3,1.0,2,4,1.0
2705030,val,a42_43,3.160279,4.6246047,1.0,3,3,1.0,2,4,1.0
2707007,val,a42_43,2.7268617,0.0,1.0,3,3,1.0,2,2,1.0
2712172,val,a42_43,2.3129172,3.1996279,1.0,3,3,1.0,2,2,1.0
2731003,val,a42_43,2.7599652,3.6003644,1.0,3,3,1.0,6,6,1.0
2731005,val,a42_43,3.5916817,4.716656,1.0,3,3,1.0,2,6,1.0
2770031,val,a42_43,3.2775207,2.2437658,1.0,3,3,1.0,2,2,1.0
2816004,val,a42_43,1.5142943,3.2776077,1.0,3,3,1.0,2,2,1.0
2910002,val,a42_43,2.6154573,1.7300621,1.0,3,3,1.0,2,2,1.0
3062001,val,a42_43,3.637957,2.110738,1.0,3,3,1.0,2,2,1.0
3235002,val,a42_43,2.4252367,3.3702624,1.0,3,3,1.0,2,3,1.0
3306001,val,a42_43,3.9098148,4.886779,1.0,3,3,1.0,2,3,1.0
5015030,val,a42_43,2.1740184,0.0,1.0,3,2,1.0,2,2,1.0
5048030,val,a42_43,2.5836728,2.967192,1.0,3,3,1.0,6,6,1.0
5052033,val,a42_43,2.2355533,3.1251361,1.0,3,3,1.0,6,6,1.0
5057008,val,a42_43,1.4835877,3.3570445,1.0,2,3,1.0,6,6,1.0
5170009,val,a42_43,3.6425495,3.9032092,1.0,3,3,1.0,2,2,1.0
5230008,val,a42_43,2.926444,4.158148,1.0,3,3,1.0,2,3,1.0
5299010,val,a42_43,2.278068,0.0,1.0,3,2,1.0,6,6,1.0
5336179,val,a42_43,3.1811686,3.3871381,1.0,3,3,1.0,2,2,1.0
5364005,val,a42_43,3.029315,4.009967,1.0,3,3,1.0,4,3,1.0
5379004,val,a42_43,3.1283937,4.766838,1.0,3,3,1.0,4,4,1.0
5430173,val,a42_43,2.688916,1.5333589,1.0,3,3,1.0,4,6,1.0
5488006,val,a42_43,3.145382,3.8038778,1.0,3,3,1.0,6,6,1.0
5493007,val,a42_43,0.83476615,0.0,1.0,2,2,1.0,4,5,1.0
5537009,val,a42_43,2.7717855,3.0807095,1.0,3,3,1.0,2,2,1.0
5537177,val,a42_43,2.4715931,1.6738045,1.0,3,2,1.0,2,2,1.0
5537183,val,a42_43,3.4219077,3.7742858,1.0,3,3,1.0,2,2,1.0
5569010,val,a42_43,2.6912854,3.3445346,1.0,3,3,1.0,2,2,1.0
5600005,val,a42_43,2.1826282,0.0,1.0,3,2,1.0,6,2,1.0
5615183,val,a42_43,2.9400716,3.8142254,1.0,3,3,1.0,2,2,1.0
5749006,val,a42_43,1.9672468,0.0,1.0,3,2,1.0,4,2,1.0
5822175,val,a42_43,3.1168375,0.0,0.0,3,-1,0.0,2,-1,0.0
5832003,val,a42_43,2.8168473,1.6818666,1.0,3,2,1.0,4,6,1.0
5872005,val,a42_43,1.0635219,0.0,1.0,2,2,1.0,6,6,1.0
5898005,val,a42_43,2.3975759,3.3248508,1.0,3,3,1.0,2,2,1.0
5904033,val,a42_43,2.5897064,3.5165677,1.0,3,3,1.0,2,4,1.0
5987188,val,a42_43,2.8519988,3.0930045,1.0,3,3,1.0,2,2,1.0
6026005,val,a42_43,3.3887205,4.0232816,1.0,3,3,1.0,2,2,1.0
6026172,val,a42_43,2.9997501,4.4520135,1.0,3,3,1.0,2,4,1.0
6054031,val,a42_43,3.7021646,0.0,1.0,3,2,1.0,2,6,1.0
6121033,val,a42_43,2.1922088,0.0,0.0,3,-1,0.0,6,-1,0.0
6156008,val,a42_43,3.1743476,4.542774,1.0,3,3,1.0,6,6,1.0
6157003,val,a42_43,3.0097423,3.3940077,1.0,3,3,1.0,2,4,1.0
6210183,val,a42_43,2.705248,3.3445346,1.0,3,3,1.0,2,2,1.0
6262030,val,a42_43,3.2836578,4.125177,1.0,3,3,1.0,2,2,1.0
6368007,val,a42_43,2.498979,0.0,1.0,3,2,1.0,6,6,1.0
6381181,val,a42_43,3.1575274,4.0755825,1.0,3,3,1.0,2,2,1.0
6396003,val,a42_43,1.9215506,0.0,1.0,3,2,1.0,4,4,1.0
6431008,val,a42_43,3.0929492,4.776755,1.0,3,3,1.0,2,2,1.0
6475170,val,a42_43,2.268628,3.0592763,1.0,3,3,1.0,6,6,1.0
6522004,val,a42_43,1.5435119,2.1584442,1.0,3,3,1.0,6,4,1.0
6537032,val,a42_43,2.7034605,2.9880683,1.0,3,3,1.0,2,2,1.0
6541178,val,a42_43,3.0851724,4.145609,1.0,3,3,1.0,2,2,1.0
6545006,val,a42_43,1.361866,2.389911,1.0,3,3,1.0,4,4,1.0
6547171,val,a42_43,2.8824093,2.5756848,1.0,3,3,1.0,2,2,1.0
6571031,val,a42_43,2.82217,3.8278039,1.0,3,3,1.0,2,3,1.0
6590008,val,a42_43,3.125342,3.2681394,1.0,3,3,1.0,2,2,1.0
6616007,val,a42_43,2.2811818,1.9724138,1.0,3,2,1.0,2,2,1.0
6649003,val,a42_43,2.4559913,3.4457722,1.0,3,3,1.0,6,2,1.0
6710030,val,a42_43,1.6972102,3.0664406,1.0,3,2,1.0,6,6,1.0
6745007,val,a42_43,2.9851258,3.2379806,1.0,3,3,1.0,2,6,1.0
6750005,val,a42_43,2.679269,3.9043536,1.0,3,3,1.0,2,4,1.0
6765006,val,a42_43,2.3447626,3.0149915,1.0,3,3,1.0,2,2,1.0
6822176,val,a42_43,2.8290052,3.337991,1.0,3,3,1.0,2,4,1.0
4007,val,a44_45,2.6302183,4.058416,1.0,3,3,1.0,2,4,1.0
6174,val,a44_45,3.5661223,4.491118,1.0,3,3,1.0,2,2,1.0
14004,val,a44_45,3.6614022,0.0,1.0,3,2,1.0,2,2,1.0
14172,val,a44_45,1.4997545,3.481501,1.0,2,3,1.0,2,2,1.0
14173,val,a44_45,3.4160328,3.718973,1.0,3,3,1.0,2,2,1.0
18031,val,a44_45,1.7608173,3.5790346,1.0,3,3,1.0,2,5,1.0
18185,val,a44_45,2.3321307,1.3926231,1.0,3,3,1.0,2,4,1.0
23031,val,a44_45,2.942247,0.0,1.0,3,2,1.0,2,2,1.0
40173,val,a44_45,3.686504,0.0,0.0,3,-1,0.0,2,-1,0.0
51171,val,a44_45,3.7336464,3.9082706,1.0,3,3,1.0,2,2,1.0
84005,val,a44_45,3.2586474,4.022493,1.0,3,3,1.0,2,6,1.0
121173,val,a44_45,2.7884655,3.0124674,1.0,3,3,1.0,2,2,1.0
128004,val,a44_45,3.9983203,3.9815128,1.0,3,3,1.0,2,2,1.0
145170,val,a44_45,3.810047,3.937253,1.0,3,3,1.0,2,2,1.0
161004,val,a44_45,3.80193,3.0668867,1.0,3,3,1.0,2,4,1.0
172031,val,a44_45,3.4734194,3.4983218,1.0,3,3,1.0,2,2,1.0
174175,val,a44_45,2.4707146,4.886779,1.0,3,3,1.0,2,2,1.0
221031,val,a44_45,3.9471374,3.8177946,1.0,3,3,1.0,2,2,1.0
223030,val,a44_45,3.4028473,3.5600863,1.0,3,3,1.0,2,2,1.0
227003,val,a44_45,3.8631701,3.9815128,1.0,3,3,1.0,2,2,1.0
257175,val,a44_45,3.1635144,0.48750186,1.0,3,3,1.0,2,2,1.0
263182,val,a44_45,3.6773589,3.4627783,1.0,3,3,1.0,2,2,1.0
321005,val,a44_45,1.9514916,2.99307,1.0,3,3,1.0,2,2,1.0
361175,val,a44_45,2.2684188,2.3818378,1.0,3,2,1.0,2,2,1.0
377170,val,a44_45,3.5849934,4.2520056,1.0,3,3,1.0,2,2,1.0
450030,val,a44_45,3.6429482,3.9245687,1.0,3,3,1.0,2,6,1.0
465030,val,a44_45,2.5742629,3.8660583,1.0,3,3,1.0,4,2,1.0
478030,val,a44_45,2.7304509,3.486668,1.0,3,2,1.0,2,3,1.0
503031,val,a44_45,2.8210955,4.7228627,1.0,3,3,1.0,2,4,1.0
514172,val,a44_45,3.7192225,4.4358616,1.0,3,3,1.0,2,2,1.0
534030,val,a44_45,2.8596756,3.402656,1.0,3,3,1.0,2,2,1.0
534171,val,a44_45,3.9574814,3.9701915,1.0,3,3,1.0,2,2,1.0
544170,val,a44_45,2.622913,0.0,0.0,3,-1,0.0,2,-1,0.0
563193,val,a44_45,3.436502,0.0,1.0,3,2,1.0,2,2,1.0
577174,val,a44_45,3.61541,3.3248508,1.0,3,3,1.0,2,2,1.0
613006,val,a44_45,3.489982,2.8015413,1.0,3,2,1.0,2,2,1.0
618170,val,a44_45,4.2659793,4.628189,1.0,3,3,1.0,2,2,1.0
631030,val,a44_45,2.8859394,4.1159654,1.0,3,3,1.0,2,4,1.0
633031,val,a44_45,2.986459,3.6920335,1.0,3,3,1.0,4,2,1.0
652173,val,a44_45,2.8529963,3.671648,1.0,3,3,1.0,2,2,1.0
655172,val,a44_45,3.014386,4.415885,1.0,3,3,1.0,2,2,1.0
656005,val,a44_45,2.537255,1.9453716,1.0,3,3,1.0,2,2,1.0
691171,val,a44_45,2.7030716,2.8106601,1.0,3,3,1.0,2,4,1.0
738172,val,a44_45,2.1389403,4.459952,1.0,2,3,1.0,2,2,1.0
751030,val,a44_45,2.3220913,2.66215,1.0,3,3,1.0,2,4,1.0
762170,val,a44_45,4.240745,4.343294,1.0,3,3,1.0,2,2,1.0
783171,val,a44_45,2.8949738,3.6628857,1.0,3,3,1.0,2,2,1.0
863007,val,a44_45,2.656456,3.2183783,1.0,3,3,1.0,2,3,1.0
893170,val,a44_45,2.7462125,0.0,1.0,3,2,1.0,2,2,1.0
894031,val,a44_45,3.1405463,3.4421458,1.0,3,3,1.0,2,2,1.0
898181,val,a44_45,2.3927271,1.5825812,1.0,3,3,1.0,2,2,1.0
899003,val,a44_45,3.4990106,3.4738846,1.0,3,3,1.0,2,2,1.0
916032,val,a44_45,2.5286815,3.7278583,1.0,3,3,1.0,2,2,1.0
922005,val,a44_45,3.4265342,2.9191911,1.0,3,3,1.0,2,2,1.0
931172,val,a44_45,3.7160275,3.1937861,1.0,3,3,1.0,2,2,1.0
939032,val,a44_45,4.235172,4.886779,1.0,3,3,1.0,2,2,1.0
958030,val,a44_45,3.5560925,3.161957,1.0,3,3,1.0,2,2,1.0
958173,val,a44_45,2.6418984,3.2852573,1.0,3,3,1.0,2,2,1.0
961005,val,a44_45,3.0377798,3.5486436,1.0,3,3,1.0,2,2,1.0
961030,val,a44_45,2.892201,3.8178444,1.0,3,3,1.0,2,2,1.0
961175,val,a44_45,3.7281494,3.8142254,1.0,3,3,1.0,2,2,1.0
1051183,val,a44_45,3.7170367,3.8177946,1.0,3,3,1.0,2,2,1.0
1084005,val,a44_45,2.970045,2.9441254,1.0,3,2,1.0,2,2,1.0
1089003,val,a44_45,2.724135,3.3568435,1.0,3,3,1.0,2,2,1.0
1093003,val,a44_45,1.7822018,0.0,1.0,3,2,1.0,2,2,1.0
1107173,val,a44_45,2.2542825,0.0,1.0,3,2,1.0,2,4,1.0
1109174,val,a44_45,1.8904867,2.7272375,1.0,3,3,1.0,2,2,1.0
1121030,val,a44_45,3.552238,3.958687,1.0,3,3,1.0,2,2,1.0
1121175,val,a44_45,2.3403459,0.0,1.0,3,2,1.0,2,2,1.0
1125172,val,a44_45,2.6773696,2.6219666,1.0,3,3,1.0,2,2,1.0
1126030,val,a44_45,2.9086885,0.6136192,1.0,3,2,1.0,2,2,1.0
1126176,val,a44_45,2.4584272,0.0,0.0,3,-1,0.0,2,-1,0.0
1152180,val,a44_45,3.1000714,3.4450095,1.0,3,3,1.0,2,2,1.0
1164004,val,a44_45,3.4704084,3.8595586,1.0,3,3,1.0,2,2,1.0
1184032,val,a44_45,3.397717,3.948575,1.0,3,3,1.0,2,2,1.0
1184033,val,a44_45,2.5935183,2.7982898,1.0,3,3,1.0,2,4,1.0
1185003,val,a44_45,3.0115612,0.0,1.0,3,2,1.0,2,2,1.0
1222004,val,a44_45,2.496499,3.388434,1.0,3,3,1.0,2,2,1.0
1222006,val,a44_45,3.4552553,2.0481088,1.0,3,3,1.0,2,2,1.0
1284170,val,a44_45,3.1948788,0.0,1.0,3,2,1.0,2,2,1.0
1292004,val,a44_45,2.8018885,1.4956659,1.0,3,2,1.0,2,4,1.0
1314172,val,a44_45,3.6591997,3.7518084,1.0,3,3,1.0,2,2,1.0
1332005,val,a44_45,4.203215,4.2493205,1.0,3,3,1.0,2,3,1.0
1335010,val,a44_45,3.4492602,3.4333792,1.0,3,3,1.0,2,2,1.0
1338003,val,a44_45,2.8979204,3.4137402,1.0,3,3,1.0,2,2,1.0
1345006,val,a44_45,2.7808847,2.9125555,1.0,3,3,1.0,2,2,1.0
1345007,val,a44_45,2.456212,3.8308244,1.0,3,3,1.0,2,2,1.0
1346030,val,a44_45,3.523366,0.0,0.0,3,-1,0.0,2,-1,0.0
1391033,val,a44_45,3.7559986,4.3236156,1.0,3,3,1.0,2,4,1.0
1391175,val,a44_45,1.4130769,3.4613209,1.0,2,3,1.0,2,4,1.0
1394033,val,a44_45,1.968967,0.0,1.0,3,2,1.0,4,4,1.0
1397005,val,a44_45,3.751314,4.0859733,1.0,3,3,1.0,2,2,1.0
1397172,val,a44_45,1.6533082,3.100371,1.0,3,3,1.0,2,2,1.0
1426004,val,a44_45,2.0486622,3.223611,1.0,3,3,1.0,6,6,1.0
1434032,val,a44_45,2.8230226,2.1239266,1.0,3,3,1.0,2,2,1.0
1434170,val,a44_45,3.136297,3.4116857,1.0,3,3,1.0,2,2,1.0
1435005,val,a44_45,3.8716931,4.3006,1.0,3,3,1.0,2,2,1.0
1485171,val,a44_45,3.8292184,3.121372,1.0,3,3,1.0,2,2,1.0
1520031,val,a44_45,3.366995,3.9939451,1.0,3,2,1.0,4,2,1.0
1540005,val,a44_45,4.2694407,2.9066825,1.0,3,3,1.0,2,2,1.0
1559003,val,a44_45,4.1882253,4.886779,1.0,3,3,1.0,2,2,1.0
1559170,val,a44_45,3.3767264,2.2020712,1.0,3,3,1.0,2,2,1.0
1565180,val,a44_45,2.838243,4.1940236,1.0,3,3,1.0,2,2,1.0
1579030,val,a44_45,3.2321897,3.1251361,1.0,3,3,1.0,2,3,1.0
1613007,val,a44_45,2.6944368,2.5992112,1.0,3,3,1.0,2,2,1.0
1621171,val,a44_45,4.09758,4.706708,1.0,3,3,1.0,2,2,1.0
1644004,val,a44_45,3.122998,3.1415145,1.0,3,3,1.0,2,2,1.0
1652031,val,a44_45,2.9941947,3.4925067,1.0,3,3,1.0,2,2,1.0
1682032,val,a44_45,3.5283468,3.9247546,1.0,3,3,1.0,2,2,1.0
1684173,val,a44_45,3.5930676,3.1698432,1.0,3,3,1.0,2,2,1.0
1687003,val,a44_45,3.5840192,3.295199,1.0,3,3,1.0,2,2,1.0
1690170,val,a44_45,2.2833683,3.8913128,1.0,3,3,1.0,2,2,1.0
1692030,val,a44_45,1.4906452,0.0,1.0,3,2,1.0,2,2,1.0
1695034,val,a44_45,3.0970855,3.8376126,1.0,3,3,1.0,2,2,1.0
1701004,val,a44_45,2.5916188,4.343721,1.0,3,3,1.0,2,2,1.0
1721030,val,a44_45,3.407834,2.8269699,1.0,3,2,1.0,4,2,1.0
1723005,val,a44_45,1.369583,2.372633,1.0,3,3,1.0,2,2,1.0
1762030,val,a44_45,2.6842191,0.67576194,1.0,3,2,1.0,2,4,1.0
1762031,val,a44_45,3.7053056,3.8211,1.0,3,3,1.0,2,2,1.0
1762032,val,a44_45,2.1983342,2.5097702,1.0,3,3,1.0,2,4,1.0
1774170,val,a44_45,2.9535458,0.0,1.0,3,2,1.0,2,2,1.0
1774171,val,a44_45,3.0809138,3.608866,1.0,3,3,1.0,2,2,1.0
1784171,val,a44_45,4.12698,4.0109563,1.0,3,3,1.0,2,2,1.0
1786191,val,a44_45,3.912138,3.9470103,1.0,3,3,1.0,2,2,1.0
1787005,val,a44_45,3.6501584,3.7915301,1.0,3,3,1.0,2,2,1.0
1787174,val,a44_45,2.730152,0.0,0.0,3,-1,0.0,2,-1,0.0
1802003,val,a44_45,3.286804,3.7913468,1.0,3,2,1.0,2,4,1.0
1845170,val,a44_45,4.1894026,3.5111582,1.0,3,3,1.0,2,2,1.0
1862171,val,a44_45,3.1214309,3.5587387,1.0,3,3,1.0,2,2,1.0
1898004,val,a44_45,3.0924377,4.41717,1.0,3,3,1.0,2,6,1.0
1911030,val,a44_45,2.2893322,0.0,1.0,3,2,1.0,2,2,1.0
1914003,val,a44_45,1.8900907,3.0497952,1.0,3,3,1.0,2,2,1.0
1919007,val,a44_45,4.2517395,4.4151845,1.0,3,3,1.0,2,4,1.0
1954003,val,a44_45,3.5541506,3.7009902,1.0,3,2,1.0,2,4,1.0
1959005,val,a44_45,3.5048945,4.886779,1.0,3,3,1.0,2,2,1.0
1964031,val,a44_45,2.2785494,0.0,1.0,3,2,1.0,4,4,1.0
1972173,val,a44_45,1.592429,2.7334437,1.0,3,3,1.0,2,3,1.0
1978030,val,a44_45,3.4665127,3.4785342,1.0,3,3,1.0,2,2,1.0
2005030,val,a44_45,2.971751,3.2576559,1.0,3,3,1.0,2,4,1.0
2011174,val,a44_45,2.4681346,3.363831,1.0,3,3,1.0,2,2,1.0
2023030,val,a44_45,3.4326153,4.886779,1.0,3,3,1.0,2,6,1.0
2028030,val,a44_45,3.274435,4.886779,1.0,3,3,1.0,2,4,1.0
2055003,val,a44_45,2.7082362,3.6527476,1.0,3,3,1.0,2,2,1.0
2067005,val,a44_45,4.0415244,4.55367,1.0,3,3,1.0,2,2,1.0
2080170,val,a44_45,2.1847336,2.564471,1.0,3,3,1.0,2,2,1.0
2106171,val,a44_45,1.5838487,0.0,1.0,3,2,1.0,2,2,1.0
2109002,val,a44_45,3.1747756,4.4351645,1.0,3,3,1.0,2,2,1.0
2129186,val,a44_45,3.3714547,3.486668,1.0,3,3,1.0,2,2,1.0
2181007,val,a44_45,1.2413074,2.0622702,1.0,3,3,1.0,6,6,1.0
2181030,val,a44_45,2.9323792,3.9479043,1.0,3,3,1.0,4,2,1.0
2243174,val,a44_45,3.455519,3.3215134,1.0,3,3,1.0,2,2,1.0
2260173,val,a44_45,2.6699255,3.094222,1.0,3,2,1.0,2,2,1.0
2261030,val,a44_45,3.1436696,3.2630742,1.0,3,3,1.0,2,2,1.0
2271171,val,a44_45,2.5379453,3.6277134,1.0,3,3,1.0,2,2,1.0
2282005,val,a44_45,2.9624171,2.2020712,1.0,3,3,1.0,4,6,1.0
2302195,val,a44_45,1.5595465,0.0,1.0,3,2,1.0,2,6,1.0
2334031,val,a44_45,3.624164,4.167855,1.0,3,3,1.0,2,2,1.0
2341172,val,a44_45,2.6029,3.5905602,1.0,3,3,1.0,2,2,1.0
2354175,val,a44_45,3.633244,3.4766757,1.0,3,3,1.0,2,2,1.0
2355004,val,a44_45,2.261303,3.8594756,1.0,3,3,1.0,4,2,1.0
2391030,val,a44_45,3.5781922,3.7593637,1.0,3,3,1.0,2,2,1.0
2397173,val,a44_45,1.6204205,3.5917382,1.0,3,3,1.0,2,3,1.0
2408170,val,a44_45,2.5190825,2.8284745,1.0,3,3,1.0,2,4,1.0
2425003,val,a44_45,2.5913353,0.0,1.0,3,2,1.0,2,2,1.0
2432030,val,a44_45,2.066543,2.2314599,1.0,3,3,1.0,4,4,1.0
2435172,val,a44_45,1.6972022,0.0,1.0,3,2,1.0,2,2,1.0
2436174,val,a44_45,1.4647287,0.0,1.0,2,2,1.0,2,4,1.0
2436176,val,a44_45,1.7966675,3.174653,1.0,3,3,1.0,2,2,1.0
2441003,val,a44_45,1.957297,3.9449332,1.0,3,3,1.0,2,2,1.0
2441173,val,a44_45,3.3893793,4.1105485,1.0,3,3,1.0,2,2,1.0
2458031,val,a44_45,4.2729516,4.886779,1.0,3,3,1.0,2,6,1.0
2461004,val,a44_45,1.6177962,0.0,1.0,3,2,1.0,2,2,1.0
2461030,val,a44_45,3.8196788,4.886779,1.0,3,3,1.0,2,2,1.0
2473004,val,a44_45,3.5037348,4.1026144,1.0,3,3,1.0,2,2,1.0
2483030,val,a44_45,2.713752,0.0,1.0,3,3,1.0,2,4,1.0
2503030,val,a44_45,3.8058105,3.3104484,1.0,3,3,1.0,2,2,1.0
2510005,val,a44_45,3.9465842,3.3073823,1.0,3,3,1.0,2,2,1.0
2525003,val,a44_45,3.8008957,4.886779,1.0,3,3,1.0,2,2,1.0
2529030,val,a44_45,3.498952,0.0,1.0,3,2,1.0,2,4,1.0
2529174,val,a44_45,2.7974484,4.0926714,1.0,3,3,1.0,2,2,1.0
2530003,val,a44_45,2.3474598,0.0,1.0,3,2,1.0,2,2,1.0
2530004,val,a44_45,2.734735,3.6657484,1.0,3,3,1.0,2,2,1.0
2569033,val,a44_45,2.6602,3.3814466,1.0,3,3,1.0,6,2,1.0
2601006,val,a44_45,3.4438162,0.0,1.0,3,2,1.0,2,2,1.0
2608006,val,a44_45,3.156999,2.8357437,1.0,3,3,1.0,2,2,1.0
2615034,val,a44_45,3.3514533,3.5372634,1.0,3,3,1.0,2,2,1.0
2639004,val,a44_45,2.904708,0.0,0.0,3,-1,0.0,2,-1,0.0
2665177,val,a44_45,1.5854243,0.0,1.0,3,2,1.0,6,2,1.0
2672006,val,a44_45,3.443122,4.573825,1.0,3,3,1.0,2,5,1.0
2672171,val,a44_45,2.400747,3.6641996,1.0,3,3,1.0,2,4,1.0
2697003,val,a44_45,3.9800882,3.3045707,1.0,3,3,1.0,2,2,1.0
2704031,val,a44_45,2.9067214,3.7778184,1.0,3,3,1.0,2,4,1.0
2705030,val,a44_45,3.209055,4.633699,1.0,3,3,1.0,2,4,1.0
2707007,val,a44_45,2.7740602,2.4932044,1.0,3,3,1.0,2,2,1.0
2712172,val,a44_45,2.3815944,3.188211,1.0,3,3,1.0,2,2,1.0
2731003,val,a44_45,2.808565,3.858834,1.0,3,3,1.0,6,6,1.0
2731005,val,a44_45,3.6179008,4.6893663,1.0,3,3,1.0,2,6,1.0
2770031,val,a44_45,3.3296568,2.47013,1.0,3,3,1.0,2,2,1.0
2816004,val,a44_45,1.6112261,3.3207881,1.0,3,3,1.0,2,2,1.0
2910002,val,a44_45,2.6604335,3.7874484,1.0,3,3,1.0,2,2,1.0
3062001,val,a44_45,3.681394,2.2482457,1.0,3,3,1.0,2,3,1.0
3235002,val,a44_45,2.47607,3.4900744,1.0,3,3,1.0,2,4,1.0
3306001,val,a44_45,3.946557,4.886779,1.0,3,3,1.0,2,4,1.0
5015030,val,a44_45,2.22898,0.0,1.0,3,2,1.0,2,2,1.0
5048030,val,a44_45,2.636786,3.156508,1.0,3,3,1.0,6,6,1.0
5052033,val,a44_45,2.2809303,2.6440241,1.0,3,3,1.0,6,6,1.0
5057008,val,a44_45,1.5505309,3.627258,1.0,2,3,1.0,6,6,1.0
5170009,val,a44_45,3.6670454,4.047763,1.0,3,3,1.0,2,2,1.0
5230008,val,a44_45,2.9627426,4.175959,1.0,3,3,1.0,2,3,1.0
5299010,val,a44_45,2.3266182,0.0,1.0,3,2,1.0,6,6,1.0
5336179,val,a44_45,3.2190661,3.3914385,1.0,3,3,1.0,2,2,1.0
5364005,val,a44_45,3.0700147,3.7940028,1.0,3,3,1.0,4,2,1.0
5379004,val,a44_45,3.1657887,4.5817747,1.0,3,3,1.0,4,4,1.0
5430173,val,a44_45,2.7311137,1.9704351,1.0,3,3,1.0,4,6,1.0
5488006,val,a44_45,3.1745858,3.982054,1.0,3,3,1.0,6,6,1.0
5493007,val,a44_45,0.88883114,0.0,1.0,2,2,1.0,4,5,1.0
5537009,val,a44_45,2.8074808,2.8186514,1.0,3,3,1.0,2,2,1.0
5537177,val,a44_45,2.5403674,1.8782891,1.0,3,2,1.0,2,2,1.0
5537183,val,a44_45,3.4631445,4.192416,1.0,3,3,1.0,2,2,1.0
5569010,val,a44_45,2.7276382,1.5302846,1.0,3,3,1.0,2,2,1.0
5600005,val,a44_45,2.2543275,0.0,1.0,3,2,1.0,6,2,1.0
5615183,val,a44_45,2.9748378,3.0865474,1.0,3,3,1.0,2,2,1.0
5749006,val,a44_45,2.0103219,1.0628753,1.0,3,3,1.0,4,2,1.0
5822175,val,a44_45,3.1595857,3.553619,1.0,3,3,1.0,2,2,1.0
5832003,val,a44_45,2.8574471,3.2903967,1.0,3,2,1.0,4,6,1.0
5872005,val,a44_45,1.1276591,0.0,1.0,2,2,1.0,6,6,1.0
5898005,val,a44_45,2.4622073,3.433667,1.0,3,3,1.0,2,2,1.0
5904033,val,a44_45,2.6359303,3.4421458,1.0,3,3,1.0,4,4,1.0
5987188,val,a44_45,2.8926666,3.0497952,1.0,3,3,1.0,2,2,1.0
6026005,val,a44_45,3.423926,3.9234436,1.0,3,2,1.0,2,2,1.0
6026172,val,a44_45,3.0360165,4.6887918,1.0,3,3,1.0,2,4,1.0
6054031,val,a44_45,3.7385178,0.0,1.0,3,2,1.0,2,6,1.0
6121033,val,a44_45,2.2428741,0.0,1.0,3,2,1.0,6,6,1.0
6156008,val,a44_45,3.2101564,3.9220536,1.0,3,3,1.0,2,6,1.0
6157003,val,a44_45,3.0483253,3.3523545,1.0,3,3,1.0,2,4,1.0
6210183,val,a44_45,2.770256,3.3465555,1.0,3,3,1.0,2,2,1.0
6262030,val,a44_45,3.3252134,4.0141034,1.0,3,3,1.0,2,2,1.0
6368007,val,a44_45,2.569567,0.0,1.0,3,2,1.0,6,6,1.0
6381181,val,a44_45,3.1948984,4.2348075,1.0,3,3,1.0,2,2,1.0
6396003,val,a44_45,1.9696791,0.0,1.0,3,2,1.0,4,4,1.0
6431008,val,a44_45,3.1327467,4.2303786,1.0,3,3,1.0,2,2,1.0
6475170,val,a44_45,2.3258476,3.4794178,1.0,3,3,1.0,6,6,1.0
6522004,val,a44_45,1.6173341,1.8124303,1.0,3,3,1.0,6,4,1.0
6537032,val,a44_45,2.75654,3.8368883,1.0,3,3,1.0,2,2,1.0
6541178,val,a44_45,3.115873,4.2320933,1.0,3,3,1.0,2,3,1.0
6545006,val,a44_45,1.4071015,3.1106615,1.0,3,3,1.0,4,4,1.0
6547171,val,a44_45,2.9178562,1.8387105,1.0,3,3,1.0,2,2,1.0
6571031,val,a44_45,2.8673773,0.0,1.0,3,2,1.0,2,2,1.0
6590008,val,a44_45,3.1519523,3.5488956,1.0,3,3,1.0,2,2,1.0
6616007,val,a44_45,2.335353,3.2707531,1.0,3,3,1.0,2,4,1.0
6649003,val,a44_45,2.5038676,3.4194636,1.0,3,3,1.0,6,2,1.0
6710030,val,a44_45,1.7699425,3.5064607,1.0,3,3,1.0,6,6,1.0
6745007,val,a44_45,3.0243335,2.6745934,1.0,3,3,1.0,4,6,1.0
6750005,val,a44_45,2.716686,3.3510303,1.0,3,3,1.0,2,4,1.0
6765006,val,a44_45,2.3977623,3.0664406,1.0,3,3,1.0,2,2,1.0
6822176,val,a44_45,2.8731384,3.3265107,1.0,3,3,1.0,2,4,1.0
6828003,val,a30_31,1.0084342,0.00086969405,1.0,2,3,1.0,2,2,1.0
6872003,val,a30_31,2.7084987,3.403978,1.0,3,3,1.0,6,2,1.0
6828003,val,a32_33,1.3718046,0.0,1.0,2,2,1.0,2,2,1.0
6872003,val,a32_33,2.7331426,3.5754573,1.0,3,3,1.0,6,2,1.0
6828003,val,a34_35,1.6591262,2.461633,1.0,2,3,1.0,2,2,1.0
6872003,val,a34_35,2.778808,3.5162253,1.0,3,3,1.0,6,2,1.0
6828003,val,a36_37,1.8400962,0.0,1.0,2,2,1.0,2,2,1.0
6872003,val,a36_37,2.8512738,3.5643752,1.0,3,3,1.0,6,2,1.0
6828003,val,a38_39,2.0035698,0.0,1.0,2,3,1.0,2,2,1.0
6872003,val,a38_39,2.9177704,3.3542435,1.0,3,3,1.0,6,2,1.0
6828003,val,a40_41,2.0201058,0.29730862,1.0,2,2,1.0,2,2,1.0
6872003,val,a40_41,2.9331844,3.611991,1.0,3,3,1.0,6,2,1.0
6828003,val,a42_43,2.0842617,0.0,1.0,3,2,1.0,2,2,1.0
6872003,val,a42_43,2.9425685,3.393006,1.0,3,3,1.0,6,2,1.0
6828003,val,a44_45,2.156366,0.0,1.0,3,2,1.0,2,2,1.0
6872003,val,a44_45,2.9910543,3.4513288,1.0,3,3,1.0,6,2,1.0
6030,test,a30_31,3.7470841,4.0443435,1.0,3,3,1.0,2,2,1.0
10030,test,a30_31,4.0487285,4.8131404,1.0,3,3,1.0,6,6,1.0
41008,test,a30_31,2.0169318,0.0,1.0,3,2,1.0,2,2,1.0
68003,test,a30_31,3.6244826,3.6228404,1.0,3,3,1.0,2,2,1.0
127030,test,a30_31,3.5863862,3.8933127,1.0,3,3,1.0,6,6,1.0
127031,test,a30_31,3.9022346,4.455336,1.0,3,3,1.0,6,6,1.0
129031,test,a30_31,0.80126286,1.159328,1.0,2,3,1.0,6,4,1.0
129196,test,a30_31,2.6129768,2.0602975,1.0,3,2,1.0,2,2,1.0
165030,test,a30_31,3.6020064,3.431768,1.0,3,3,1.0,6,2,1.0
284004,test,a30_31,4.1300106,4.6835566,1.0,3,3,1.0,2,2,1.0
301032,test,a30_31,4.0197096,3.5725698,1.0,3,3,1.0,2,6,1.0
327003,test,a30_31,3.1698651,3.4121542,1.0,3,3,1.0,2,2,1.0
327171,test,a30_31,3.3393493,3.8332024,1.0,3,2,1.0,2,2,1.0
327172,test,a30_31,2.4677145,3.2615511,1.0,3,3,1.0,2,2,1.0
331005,test,a30_31,4.1173286,4.5540724,1.0,3,3,1.0,6,6,1.0
344178,test,a30_31,2.6879203,3.154086,1.0,3,3,1.0,2,2,1.0
461030,test,a30_31,3.717925,3.7856972,1.0,3,3,1.0,2,2,1.0
486004,test,a30_31,3.5322943,3.5620697,1.0,3,3,1.0,2,2,1.0
563183,test,a30_31,0.13957572,2.9157038,1.0,2,3,1.0,2,2,1.0
577004,test,a30_31,2.300023,2.3891363,1.0,3,3,1.0,2,2,1.0
607030,test,a30_31,3.801678,3.7182508,1.0,3,3,1.0,2,2,1.0
613173,test,a30_31,3.458626,4.11935,1.0,3,3,1.0,2,2,1.0
634008,test,a30_31,3.409364,3.9311678,1.0,3,3,1.0,4,4,1.0
652005,test,a30_31,3.0638952,3.0010586,1.0,3,3,1.0,2,2,1.0
672003,test,a30_31,0.23355341,0.0,1.0,2,2,1.0,2,2,1.0
691175,test,a30_31,3.6611266,3.7946298,1.0,3,3,1.0,2,2,1.0
699031,test,a30_31,1.5105193,3.1676114,1.0,2,3,1.0,6,6,1.0
722178,test,a30_31,0.09816098,0.0,1.0,2,2,1.0,2,2,1.0
771003,test,a30_31,3.062191,3.0751624,1.0,3,3,1.0,4,4,1.0
775005,test,a30_31,3.3652601,0.0,0.0,3,-1,0.0,6,-1,0.0
796006,test,a30_31,3.3300006,3.7020767,1.0,3,3,1.0,6,6,1.0
844003,test,a30_31,3.0428085,3.4397702,1.0,3,3,1.0,2,2,1.0
863006,test,a30_31,3.135051,3.8158545,1.0,3,3,1.0,2,2,1.0
863173,test,a30_31,3.7770195,2.555125,1.0,3,3,1.0,2,2,1.0
866172,test,a30_31,2.8537982,3.027694,1.0,3,3,1.0,6,6,1.0
868005,test,a30_31,3.5298371,3.5248713,1.0,3,3,1.0,2,2,1.0
875030,test,a30_31,0.6047555,0.0,1.0,2,2,1.0,2,2,1.0
897006,test,a30_31,3.1139104,2.2707846,1.0,3,2,1.0,2,2,1.0
922171,test,a30_31,3.5235589,3.9658422,1.0,3,3,1.0,2,2,1.0
934030,test,a30_31,3.5694325,4.0753117,1.0,3,3,1.0,2,2,1.0
935005,test,a30_31,1.5243484,2.53768,1.0,3,2,1.0,2,2,1.0
935176,test,a30_31,3.6019156,3.4484873,1.0,3,3,1.0,2,2,1.0
939030,test,a30_31,3.9471653,4.0583153,1.0,3,3,1.0,6,6,1.0
964003,test,a30_31,0.9992317,0.0,1.0,2,2,1.0,6,6,1.0
970004,test,a30_31,3.6764624,3.7108538,1.0,3,3,1.0,2,2,1.0
982004,test,a30_31,3.1851122,3.2337272,1.0,3,3,1.0,2,4,1.0
1033030,test,a30_31,3.3928149,3.9603353,1.0,3,3,1.0,2,3,1.0
1036003,test,a30_31,3.7539477,3.820191,1.0,3,3,1.0,4,4,1.0
1048006,test,a30_31,2.5537848,2.5494602,1.0,3,2,1.0,2,3,1.0
1055172,test,a30_31,1.637564,1.5379702,1.0,3,2,1.0,2,2,1.0
1060175,test,a30_31,3.1819165,3.8012211,1.0,3,3,1.0,2,2,1.0
1064171,test,a30_31,3.854731,4.467433,1.0,3,3,1.0,2,2,1.0
1072171,test,a30_31,3.584722,3.5926886,1.0,3,3,1.0,2,2,1.0
1084175,test,a30_31,1.7240243,0.0,1.0,2,2,1.0,2,2,1.0
1100172,test,a30_31,2.9795275,3.2967014,1.0,3,3,1.0,2,2,1.0
1141171,test,a30_31,1.6538625,0.0,0.0,3,-1,0.0,2,-1,0.0
1142030,test,a30_31,3.7341363,3.07714,1.0,3,3,1.0,2,4,1.0
1144032,test,a30_31,3.7092767,3.5717494,1.0,3,3,1.0,2,2,1.0
1149171,test,a30_31,3.050249,3.076803,1.0,3,3,1.0,2,2,1.0
1162030,test,a30_31,2.9884186,3.1995935,1.0,3,3,1.0,2,2,1.0
1167030,test,a30_31,0.93795156,0.42005378,1.0,2,2,1.0,6,6,1.0
1168008,test,a30_31,1.5846952,3.0341482,1.0,3,3,1.0,4,3,1.0
1222179,test,a30_31,2.3397403,1.9917881,1.0,3,3,1.0,2,2,1.0
1260008,test,a30_31,2.752661,2.880258,1.0,3,3,1.0,2,2,1.0
1269030,test,a30_31,3.2450874,3.6963296,1.0,3,3,1.0,2,2,1.0
1292030,test,a30_31,3.2658193,3.4003475,1.0,3,3,1.0,4,2,1.0
1298005,test,a30_31,2.441652,3.193401,1.0,3,3,1.0,2,2,1.0
1306030,test,a30_31,4.401376,4.886779,1.0,3,3,1.0,2,2,1.0
1335179,test,a30_31,2.4963148,3.4640977,1.0,3,3,1.0,2,2,1.0
1353030,test,a30_31,0.45733142,0.0,1.0,2,2,1.0,2,2,1.0
1384030,test,a30_31,3.6006522,3.5397089,1.0,3,3,1.0,2,2,1.0
1399008,test,a30_31,1.6421373,2.1851575,1.0,3,2,1.0,2,2,1.0
1415004,test,a30_31,2.2697027,2.707386,1.0,3,3,1.0,2,2,1.0
1430005,test,a30_31,2.168463,1.2974701,1.0,3,3,1.0,6,6,1.0
1431003,test,a30_31,3.738646,3.7720938,1.0,3,3,1.0,2,2,1.0
1431004,test,a30_31,2.1524074,0.0,1.0,3,2,1.0,2,2,1.0
1431172,test,a30_31,3.9613328,0.0,0.0,3,-1,0.0,2,-1,0.0
1462004,test,a30_31,2.2515545,3.4702528,1.0,3,3,1.0,2,2,1.0
1520173,test,a30_31,3.4884667,3.549721,1.0,3,3,1.0,2,2,1.0
1522175,test,a30_31,3.2005134,3.9098516,1.0,3,3,1.0,2,2,1.0
1542006,test,a30_31,2.9975307,3.2926252,1.0,3,3,1.0,4,4,1.0
1542177,test,a30_31,3.7721744,3.6178148,1.0,3,2,1.0,2,2,1.0
1567031,test,a30_31,3.5075212,3.6645775,1.0,3,3,1.0,2,6,1.0
1608031,test,a30_31,2.7865806,3.3391688,1.0,3,2,1.0,2,2,1.0
1612003,test,a30_31,3.8151927,4.0829945,1.0,3,2,1.0,2,2,1.0
1621003,test,a30_31,1.1173767,2.1435423,1.0,3,3,1.0,2,2,1.0
1648003,test,a30_31,3.525999,3.0544064,1.0,3,3,1.0,2,2,1.0
1648030,test,a30_31,3.0907779,3.8708656,1.0,3,3,1.0,6,6,1.0
1670172,test,a30_31,3.1433976,2.5325868,1.0,3,3,1.0,2,2,1.0
1684170,test,a30_31,0.19440031,0.0,1.0,2,3,1.0,2,2,1.0
1690030,test,a30_31,3.8134463,3.814594,1.0,3,3,1.0,2,2,1.0
1692176,test,a30_31,3.254786,3.7050061,1.0,3,3,1.0,2,2,1.0
1695030,test,a30_31,2.8587132,3.3822985,1.0,3,3,1.0,6,6,1.0
1697036,test,a30_31,3.423512,3.1997752,1.0,3,3,1.0,6,2,1.0
1698170,test,a30_31,2.3151178,1.3173809,1.0,3,2,1.0,2,2,1.0
1700031,test,a30_31,3.0119681,3.2681394,1.0,3,3,1.0,4,4,1.0
1701003,test,a30_31,3.3987665,3.1641855,1.0,3,3,1.0,6,6,1.0
1711003,test,a30_31,1.7867634,3.0908527,1.0,3,3,1.0,2,2,1.0
1711171,test,a30_31,3.2669563,3.6934254,1.0,3,2,1.0,2,2,1.0
1732005,test,a30_31,2.306888,0.0,0.0,3,-1,0.0,2,-1,0.0
1762187,test,a30_31,1.4312605,1.8384329,1.0,2,3,1.0,2,2,1.0
1786187,test,a30_31,3.1963406,3.2494287,1.0,3,3,1.0,2,2,1.0
1837006,test,a30_31,3.5111074,3.500706,1.0,3,3,1.0,2,2,1.0
1850172,test,a30_31,1.5071789,2.0709207,1.0,3,3,1.0,2,2,1.0
1878030,test,a30_31,3.194202,3.2616544,1.0,3,3,1.0,2,2,1.0
1879030,test,a30_31,3.4838939,4.1256022,1.0,3,3,1.0,2,3,1.0
1905004,test,a30_31,3.550742,3.9012198,1.0,3,3,1.0,4,2,1.0
1919009,test,a30_31,3.1677547,3.3816369,1.0,3,3,1.0,2,2,1.0
1935004,test,a30_31,2.4758503,0.0,1.0,3,2,1.0,2,2,1.0
1936030,test,a30_31,1.7196066,0.0,1.0,3,2,1.0,2,2,1.0
1978171,test,a30_31,2.4634213,2.4012594,1.0,3,3,1.0,2,2,1.0
2030031,test,a30_31,2.8063748,0.0,1.0,3,3,1.0,6,2,1.0
2117003,test,a30_31,2.8723712,2.8032591,1.0,3,3,1.0,2,2,1.0
2150172,test,a30_31,1.3627574,1.6647161,1.0,3,2,1.0,2,2,1.0
2199182,test,a30_31,2.1947432,3.7839584,1.0,3,3,1.0,2,2,1.0
2206030,test,a30_31,3.4445286,3.820771,1.0,3,3,1.0,4,2,1.0
2212031,test,a30_31,4.2690725,4.352703,1.0,3,3,1.0,6,6,1.0
2238004,test,a30_31,3.6512215,3.473372,1.0,3,3,1.0,2,2,1.0
2238172,test,a30_31,2.9748695,3.6698914,1.0,3,3,1.0,2,2,1.0
2252172,test,a30_31,3.0372543,2.392142,1.0,3,3,1.0,2,2,1.0
2255030,test,a30_31,4.42388,4.8865457,1.0,3,3,1.0,2,2,1.0
2277008,test,a30_31,2.5834603,2.4704232,1.0,3,3,1.0,2,2,1.0
2311172,test,a30_31,1.4478034,1.7819266,1.0,3,3,1.0,2,3,1.0
2330003,test,a30_31,3.8183012,4.546308,1.0,3,3,1.0,2,6,1.0
2338003,test,a30_31,3.3830252,3.5962741,1.0,3,3,1.0,6,6,1.0
2341004,test,a30_31,2.9979906,3.6550374,1.0,3,3,1.0,2,2,1.0
2341005,test,a30_31,2.4702892,2.985549,1.0,3,3,1.0,2,2,1.0
2354004,test,a30_31,1.491742,2.6002262,1.0,3,3,1.0,2,3,1.0
2392004,test,a30_31,2.077144,2.486088,1.0,3,3,1.0,2,2,1.0
2393005,test,a30_31,4.106772,3.8599086,1.0,3,3,1.0,2,3,1.0
2393171,test,a30_31,2.8600664,3.2835505,1.0,3,3,1.0,2,2,1.0
2409006,test,a30_31,2.9051883,0.0,0.0,3,-1,0.0,2,-1,0.0
2409171,test,a30_31,2.709998,0.0,0.0,3,-1,0.0,2,-1,0.0
2422178,test,a30_31,3.659945,3.3685656,1.0,3,3,1.0,2,2,1.0
2459030,test,a30_31,3.2565694,3.289887,1.0,3,3,1.0,2,2,1.0
2474030,test,a30_31,3.359909,3.5847976,1.0,3,3,1.0,2,2,1.0
2474171,test,a30_31,2.232079,1.9812955,1.0,3,3,1.0,2,2,1.0
2485173,test,a30_31,2.8860092,1.3737665,1.0,3,2,1.0,4,4,1.0
2496172,test,a30_31,2.3511562,2.6033032,1.0,3,3,1.0,2,4,1.0
2502005,test,a30_31,3.1635048,3.0639424,1.0,3,3,1.0,2,2,1.0
2510171,test,a30_31,2.938497,3.45875,1.0,3,3,1.0,2,2,1.0
2525174,test,a30_31,2.6972594,3.576559,1.0,3,3,1.0,2,2,1.0
2530184,test,a30_31,2.5847807,2.8265765,1.0,3,3,1.0,2,2,1.0
2547171,test,a30_31,3.7867107,3.964761,1.0,3,3,1.0,2,2,1.0
2580030,test,a30_31,4.333029,4.73331,1.0,3,3,1.0,2,2,1.0
2593171,test,a30_31,3.6773405,4.1230373,1.0,3,3,1.0,2,2,1.0
2615031,test,a30_31,3.415243,3.6966453,1.0,3,3,1.0,2,2,1.0
2642030,test,a30_31,2.508507,2.6918542,1.0,3,3,1.0,2,2,1.0
2655002,test,a30_31,0.46063185,0.0,1.0,2,2,1.0,2,2,1.0
2705031,test,a30_31,3.8874736,3.0183833,1.0,3,3,1.0,2,2,1.0
2707179,test,a30_31,3.0153654,2.888504,1.0,3,3,1.0,2,2,1.0
2714031,test,a30_31,3.556415,3.2921891,1.0,3,3,1.0,2,2,1.0
2717004,test,a30_31,3.8232312,4.0724216,1.0,3,3,1.0,2,2,1.0
2738171,test,a30_31,3.9541287,4.41911,1.0,3,3,1.0,2,2,1.0
2794003,test,a30_31,3.54488,4.088578,1.0,3,3,1.0,6,6,1.0
2845030,test,a30_31,2.8324986,0.80540437,1.0,3,3,1.0,2,6,1.0
2847030,test,a30_31,2.693597,3.2781074,1.0,3,3,1.0,4,6,1.0
2848174,test,a30_31,1.526481,0.0,1.0,3,2,1.0,6,6,1.0
2852006,test,a30_31,0.42615938,0.0,1.0,2,2,1.0,2,2,1.0
2852030,test,a30_31,3.4628532,3.1400328,1.0,3,3,1.0,2,2,1.0
2869170,test,a30_31,3.348833,3.318679,1.0,3,3,1.0,2,2,1.0
2897006,test,a30_31,3.0331602,2.5091708,1.0,3,3,1.0,6,6,1.0
2900171,test,a30_31,3.9490554,1.9216049,1.0,3,3,1.0,2,2,1.0
2907006,test,a30_31,2.872841,2.6151106,1.0,3,3,1.0,2,2,1.0
2920030,test,a30_31,3.1411972,2.973692,1.0,3,3,1.0,6,6,1.0
3107001,test,a30_31,3.3425584,3.501158,1.0,3,3,1.0,2,2,1.0
3137007,test,a30_31,2.2481925,2.5756848,1.0,3,3,1.0,6,6,1.0
3283002,test,a30_31,3.74433,4.300126,1.0,3,3,1.0,2,4,1.0
3492001,test,a30_31,3.4319131,4.1655335,1.0,3,3,1.0,6,6,1.0
5016170,test,a30_31,2.9257858,2.9827757,1.0,3,3,1.0,4,4,1.0
5082003,test,a30_31,3.3902204,3.590824,1.0,3,3,1.0,6,2,1.0
5145032,test,a30_31,3.3497903,3.6708767,1.0,3,3,1.0,6,6,1.0
5163030,test,a30_31,3.113841,3.7953534,1.0,3,3,1.0,2,3,1.0
5177171,test,a30_31,1.3085704,0.0,1.0,2,2,1.0,6,6,1.0
5199178,test,a30_31,2.9859033,3.0284073,1.0,3,3,1.0,2,2,1.0
5241030,test,a30_31,2.5300584,3.463671,1.0,3,3,1.0,6,6,1.0
5264004,test,a30_31,3.4127536,3.254645,1.0,3,3,1.0,2,2,1.0
5294003,test,a30_31,3.573727,3.6888347,1.0,3,3,1.0,2,2,1.0
5299172,test,a30_31,2.9463267,0.0,0.0,3,-1,0.0,2,-1,0.0
5306002,test,a30_31,2.2392926,1.5553043,1.0,3,2,1.0,6,6,1.0
5350030,test,a30_31,2.4009078,1.5019395,1.0,3,3,1.0,4,6,1.0
5364006,test,a30_31,3.3691058,4.02594,1.0,3,3,1.0,6,6,1.0
5366033,test,a30_31,2.7779415,3.2203383,1.0,3,2,1.0,6,6,1.0
5406173,test,a30_31,2.9204023,0.0,0.0,3,-1,0.0,2,-1,0.0
5424030,test,a30_31,1.9684771,1.9499075,1.0,3,2,1.0,6,6,1.0
5425003,test,a30_31,0.9138112,0.52543235,1.0,2,3,1.0,2,2,1.0
5430031,test,a30_31,1.5945241,2.1480308,1.0,2,2,1.0,6,6,1.0
5430171,test,a30_31,2.7607055,3.769422,1.0,3,3,1.0,6,6,1.0
5443007,test,a30_31,1.2392515,0.43289578,1.0,3,2,1.0,2,2,1.0
5464032,test,a30_31,2.78527,2.712402,1.0,3,2,1.0,4,2,1.0
5488007,test,a30_31,2.7386143,2.4527671,1.0,3,2,1.0,2,2,1.0
5494005,test,a30_31,2.6262884,2.5930448,1.0,3,3,1.0,6,6,1.0
5513030,test,a30_31,3.0104868,3.6436281,1.0,3,3,1.0,6,6,1.0
5549006,test,a30_31,2.4359012,2.3896143,1.0,3,3,1.0,2,2,1.0
5553173,test,a30_31,3.4134135,3.5880518,1.0,3,3,1.0,2,2,1.0
5560186,test,a30_31,3.2759798,3.2274153,1.0,3,3,1.0,2,2,1.0
5569009,test,a30_31,2.8935986,1.642214,1.0,3,2,1.0,2,2,1.0
5570010,test,a30_31,3.1331177,3.5521383,1.0,3,3,1.0,4,4,1.0
5570012,test,a30_31,3.1138847,2.5876174,1.0,3,3,1.0,2,6,1.0
5570033,test,a30_31,3.315665,2.8641582,1.0,3,3,1.0,2,2,1.0
5576031,test,a30_31,2.4166038,3.016735,1.0,3,3,1.0,4,2,1.0
5614005,test,a30_31,2.836255,2.6726115,1.0,3,3,1.0,3,3,1.0
5615010,test,a30_31,3.0545084,3.1390646,1.0,3,3,1.0,6,2,1.0
5615181,test,a30_31,3.3305094,3.3987124,1.0,3,3,1.0,2,2,1.0
5621170,test,a30_31,3.0180502,3.0994895,1.0,3,3,1.0,2,2,1.0
5626010,test,a30_31,3.05922,2.9399865,1.0,3,3,1.0,2,2,1.0
5634188,test,a30_31,3.3017344,0.0,0.0,3,-1,0.0,2,-1,0.0
5635031,test,a30_31,2.915376,2.960809,1.0,3,3,1.0,2,2,1.0
5646006,test,a30_31,0.95336485,0.5639118,1.0,2,3,1.0,6,6,1.0
5660005,test,a30_31,3.0532627,3.541386,1.0,3,3,1.0,4,3,1.0
5664003,test,a30_31,0.4529369,0.10998343,1.0,2,2,1.0,6,6,1.0
5676007,test,a30_31,3.0517838,0.0,0.0,3,-1,0.0,2,-1,0.0
5678030,test,a30_31,1.8621664,2.8913167,1.0,2,2,1.0,6,6,1.0
5684034,test,a30_31,3.7863414,4.3079896,1.0,3,3,1.0,2,4,1.0
5784005,test,a30_31,0.52942586,0.0,1.0,2,2,1.0,6,6,1.0
5819005,test,a30_31,0.49306822,1.0981487,1.0,2,3,1.0,6,6,1.0
5821008,test,a30_31,3.0424545,3.01234,1.0,3,3,1.0,2,2,1.0
5863033,test,a30_31,0.59300137,1.3019751,1.0,2,3,1.0,6,6,1.0
5921003,test,a30_31,2.4841669,0.0,0.0,3,-1,0.0,6,-1,0.0
5922010,test,a30_31,3.037547,2.721544,1.0,3,3,1.0,6,6,1.0
5938031,test,a30_31,2.1281657,0.0,1.0,3,2,1.0,6,6,1.0
5960033,test,a30_31,2.4962509,2.5757463,1.0,3,3,1.0,6,6,1.0
5995005,test,a30_31,0.7411394,0.31933862,1.0,2,2,1.0,6,6,1.0
6028032,test,a30_31,2.312668,2.8981428,1.0,3,3,1.0,6,6,1.0
6030005,test,a30_31,3.2598426,3.7041867,1.0,3,3,1.0,6,6,1.0
6030008,test,a30_31,3.10702,3.6057901,1.0,3,3,1.0,6,6,1.0
6093006,test,a30_31,0.29566932,2.0916247,1.0,2,3,1.0,6,6,1.0
6093011,test,a30_31,2.2286375,1.3332126,1.0,3,3,1.0,6,6,1.0
6114182,test,a30_31,2.796113,2.5692537,1.0,3,3,1.0,4,3,1.0
6120195,test,a30_31,0.7708148,0.0,1.0,2,2,1.0,2,2,1.0
6121030,test,a30_31,2.9668663,3.769311,1.0,3,3,1.0,6,6,1.0
6179003,test,a30_31,3.37285,3.361893,1.0,3,3,1.0,2,2,1.0
6179170,test,a30_31,0.65658045,0.0,1.0,2,2,1.0,2,2,1.0
6191006,test,a30_31,2.5790915,3.2669687,1.0,3,3,1.0,3,4,1.0
6200175,test,a30_31,3.5160244,3.180232,1.0,3,3,1.0,2,2,1.0
6210007,test,a30_31,3.5240054,0.0,0.0,3,-1,0.0,6,-1,0.0
6210008,test,a30_31,2.6202607,1.7660555,1.0,3,3,1.0,6,6,1.0
6350007,test,a30_31,2.1784732,2.5048919,1.0,3,3,1.0,6,6,1.0
6365010,test,a30_31,0.9213635,0.47892067,1.0,2,3,1.0,6,6,1.0
6365011,test,a30_31,2.3247788,0.1931983,1.0,3,2,1.0,2,2,1.0
6365177,test,a30_31,2.544039,3.0710416,1.0,3,3,1.0,2,2,1.0
6381008,test,a30_31,2.7077992,0.0,0.0,3,-1,0.0,2,-1,0.0
6444003,test,a30_31,2.5376413,2.0211048,1.0,3,3,1.0,2,2,1.0
6475006,test,a30_31,0.37587547,0.67106354,1.0,2,3,1.0,6,6,1.0
6475007,test,a30_31,0.30671573,0.1422398,1.0,2,2,1.0,6,6,1.0
6509004,test,a30_31,2.9777315,3.5568442,1.0,3,3,1.0,6,6,1.0
6545008,test,a30_31,3.5940611,3.18138,1.0,3,3,1.0,6,6,1.0
6571003,test,a30_31,2.92419,3.4242733,1.0,3,3,1.0,6,6,1.0
6635009,test,a30_31,0.29930925,0.0,1.0,2,2,1.0,6,4,1.0
6663030,test,a30_31,3.4902532,3.6323774,1.0,3,2,1.0,6,6,1.0
6674003,test,a30_31,3.420467,3.3601112,1.0,3,3,1.0,4,2,1.0
6674005,test,a30_31,3.307558,3.4521801,1.0,3,3,1.0,4,2,1.0
6736181,test,a30_31,2.694133,1.9612347,1.0,3,2,1.0,2,2,1.0
6740003,test,a30_31,2.5053835,2.7489104,1.0,3,3,1.0,2,2,1.0
6769008,test,a30_31,2.373419,0.47086632,1.0,3,2,1.0,4,3,1.0
6779033,test,a30_31,1.0797385,1.7719439,1.0,2,3,1.0,6,6,1.0
6030,test,a32_33,3.7401454,3.632802,1.0,3,3,1.0,2,2,1.0
10030,test,a32_33,3.9767742,4.5643663,1.0,3,3,1.0,6,2,1.0
41008,test,a32_33,2.0522618,0.0,1.0,3,2,1.0,2,2,1.0
68003,test,a32_33,3.6796663,3.5880518,1.0,3,3,1.0,2,2,1.0
127030,test,a32_33,3.552622,3.6983402,1.0,3,3,1.0,2,2,1.0
127031,test,a32_33,3.8611298,4.2671986,1.0,3,3,1.0,2,6,1.0
129031,test,a32_33,0.91547453,1.5868585,1.0,2,2,1.0,6,4,1.0
129196,test,a32_33,2.7670014,1.7348825,1.0,3,3,1.0,2,2,1.0
165030,test,a32_33,3.553865,3.6426375,1.0,3,3,1.0,2,2,1.0
284004,test,a32_33,4.1651964,4.498754,1.0,3,3,1.0,2,2,1.0
301032,test,a32_33,4.0570903,3.9674697,1.0,3,3,1.0,2,6,1.0
327003,test,a32_33,3.0995293,3.7635956,1.0,3,3,1.0,2,2,1.0
327171,test,a32_33,3.2430239,0.0,1.0,3,2,1.0,2,2,1.0
327172,test,a32_33,2.4732318,3.306851,1.0,3,3,1.0,2,2,1.0
331005,test,a32_33,4.0718045,4.197571,1.0,3,3,1.0,2,2,1.0
344178,test,a32_33,2.686438,3.281228,1.0,3,3,1.0,2,2,1.0
461030,test,a32_33,3.7904181,3.5299022,1.0,3,3,1.0,2,2,1.0
486004,test,a32_33,3.6127472,3.690261,1.0,3,3,1.0,2,2,1.0
563183,test,a32_33,0.4925351,0.0008918604,1.0,2,3,1.0,2,2,1.0
577004,test,a32_33,2.3647246,2.5712075,1.0,3,3,1.0,2,2,1.0
607030,test,a32_33,3.849943,3.6452837,1.0,3,3,1.0,2,2,1.0
613173,test,a32_33,3.209774,4.1078057,1.0,3,3,1.0,2,2,1.0
634008,test,a32_33,3.3726432,3.3915641,1.0,3,2,1.0,2,4,1.0
652005,test,a32_33,3.2226617,3.5727725,1.0,3,3,1.0,2,2,1.0
672003,test,a32_33,0.5418551,3.0547795,1.0,2,3,1.0,2,2,1.0
691175,test,a32_33,3.635239,0.0,1.0,3,3,1.0,2,2,1.0
699031,test,a32_33,1.6149557,3.1536906,1.0,2,2,1.0,2,6,1.0
722178,test,a32_33,0.4032786,0.5729554,1.0,2,3,1.0,2,2,1.0
771003,test,a32_33,3.0239465,3.360967,1.0,3,3,1.0,4,4,1.0
775005,test,a32_33,3.4173288,3.814005,1.0,3,3,1.0,2,2,1.0
796006,test,a32_33,3.3992414,3.19808,1.0,3,3,1.0,2,6,1.0
844003,test,a32_33,3.1150112,3.7556844,1.0,3,3,1.0,2,2,1.0
863006,test,a32_33,3.0881166,3.7389832,1.0,3,3,1.0,2,2,1.0
863173,test,a32_33,3.8020616,2.8179777,1.0,3,3,1.0,2,2,1.0
866172,test,a32_33,2.911602,2.6271625,1.0,3,2,1.0,6,6,1.0
868005,test,a32_33,3.5691843,3.4759133,1.0,3,3,1.0,2,2,1.0
875030,test,a32_33,0.88407314,0.0,1.0,2,2,1.0,2,2,1.0
897006,test,a32_33,3.1611028,0.9259037,1.0,3,2,1.0,2,3,1.0
922171,test,a32_33,3.6567502,3.2271986,1.0,3,3,1.0,2,2,1.0
934030,test,a32_33,3.5006201,4.169727,1.0,3,3,1.0,2,2,1.0
935005,test,a32_33,1.8091475,1.9715426,1.0,3,3,1.0,2,2,1.0
935176,test,a32_33,3.6684113,2.686293,1.0,3,3,1.0,2,2,1.0
939030,test,a32_33,3.9253898,4.2601495,1.0,3,3,1.0,2,2,1.0
964003,test,a32_33,1.1422493,0.48986647,1.0,2,2,1.0,6,6,1.0
970004,test,a32_33,3.7267356,3.9415355,1.0,3,3,1.0,2,2,1.0
982004,test,a32_33,3.2788367,3.577894,1.0,3,3,1.0,2,4,1.0
1033030,test,a32_33,3.370114,3.3248508,1.0,3,3,1.0,2,4,1.0
1036003,test,a32_33,3.779869,3.242958,1.0,3,3,1.0,2,2,1.0
1048006,test,a32_33,2.569633,2.5528998,1.0,3,3,1.0,2,2,1.0
1055172,test,a32_33,1.7888086,2.4084587,1.0,3,3,1.0,2,2,1.0
1060175,test,a32_33,3.2324133,3.5963154,1.0,3,3,1.0,2,2,1.0
1064171,test,a32_33,3.900965,4.3601055,1.0,3,3,1.0,2,2,1.0
1072171,test,a32_33,3.6685483,3.6353216,1.0,3,3,1.0,2,2,1.0
1084175,test,a32_33,1.8611543,0.0,1.0,3,2,1.0,2,2,1.0
1100172,test,a32_33,3.0234895,3.3882806,1.0,3,3,1.0,2,2,1.0
1141171,test,a32_33,1.7615156,1.0577683,1.0,3,3,1.0,2,4,1.0
1142030,test,a32_33,3.8086102,3.4778206,1.0,3,2,1.0,2,2,1.0
1144032,test,a32_33,3.7457252,3.9998453,1.0,3,3,1.0,2,2,1.0
1149171,test,a32_33,3.1244137,3.3627808,1.0,3,3,1.0,2,2,1.0
1162030,test,a32_33,3.0020418,3.2774415,1.0,3,3,1.0,2,2,1.0
1167030,test,a32_33,1.0674351,1.6452125,1.0,2,2,1.0,6,6,1.0
1168008,test,a32_33,1.831831,3.6681044,1.0,3,3,1.0,4,3,1.0
1222179,test,a32_33,2.319566,2.62906,1.0,3,3,1.0,2,2,1.0
1260008,test,a32_33,2.7714705,3.0003862,1.0,3,3,1.0,2,2,1.0
1269030,test,a32_33,3.2287292,3.8594756,1.0,3,3,1.0,2,2,1.0
1292030,test,a32_33,3.2535512,3.3685656,1.0,3,3,1.0,4,2,1.0
1298005,test,a32_33,2.4425354,3.0073462,1.0,3,3,1.0,2,2,1.0
1306030,test,a32_33,4.420983,4.845492,1.0,3,3,1.0,2,2,1.0
1335179,test,a32_33,2.5491998,3.2921014,1.0,3,3,1.0,2,2,1.0
1353030,test,a32_33,0.7918066,0.0,1.0,2,2,1.0,2,2,1.0
1384030,test,a32_33,3.5469508,3.4832323,1.0,3,3,1.0,2,2,1.0
1399008,test,a32_33,1.7771783,2.609165,1.0,3,2,1.0,2,4,1.0
1415004,test,a32_33,2.2883303,2.7626214,1.0,3,3,1.0,2,2,1.0
1430005,test,a32_33,2.256178,3.35943,1.0,3,3,1.0,6,6,1.0
1431003,test,a32_33,3.787508,3.793413,1.0,3,3,1.0,2,2,1.0
1431004,test,a32_33,2.272626,0.0,1.0,3,2,1.0,2,2,1.0
1431172,test,a32_33,3.9874463,4.257112,1.0,3,3,1.0,2,2,1.0
1462004,test,a32_33,2.2770271,4.6827054,1.0,3,3,1.0,2,2,1.0
1520173,test,a32_33,3.4884644,3.8655198,1.0,3,3,1.0,2,2,1.0
1522175,test,a32_33,3.1334486,4.128193,1.0,3,3,1.0,2,2,1.0
1542006,test,a32_33,3.002089,3.1334329,1.0,3,3,1.0,4,2,1.0
1542177,test,a32_33,3.7646775,3.5846753,1.0,3,3,1.0,2,2,1.0
1567031,test,a32_33,3.5124626,3.6204543,1.0,3,3,1.0,2,6,1.0
1608031,test,a32_33,2.8471973,3.9165187,1.0,3,3,1.0,2,2,1.0
1612003,test,a32_33,3.9243152,3.0623057,1.0,3,3,1.0,2,2,1.0
1621003,test,a32_33,1.4185151,2.9558797,1.0,3,3,1.0,2,2,1.0
1648003,test,a32_33,3.6095126,3.4529707,1.0,3,3,1.0,2,2,1.0
1648030,test,a32_33,3.1305676,2.149199,1.0,3,3,1.0,6,6,1.0
1670172,test,a32_33,3.1697206,2.9805765,1.0,3,3,1.0,2,2,1.0
1684170,test,a32_33,0.43278432,1.0173271,1.0,2,2,1.0,2,2,1.0
1690030,test,a32_33,3.9031968,4.7354703,1.0,3,3,1.0,2,3,1.0
1692176,test,a32_33,3.2470384,0.0,0.0,3,-1,0.0,2,-1,0.0
1695030,test,a32_33,2.8544474,3.6850972,1.0,3,3,1.0,6,2,1.0
1697036,test,a32_33,3.4399652,1.4949695,1.0,3,3,1.0,2,2,1.0
1698170,test,a32_33,2.304678,1.139272,1.0,3,2,1.0,2,2,1.0
1700031,test,a32_33,3.0731082,4.201887,1.0,3,3,1.0,4,4,1.0
1701003,test,a32_33,3.3862166,3.60501,1.0,3,3,1.0,6,6,1.0
1711003,test,a32_33,1.9523511,2.810277,1.0,3,3,1.0,2,2,1.0
1711171,test,a32_33,3.3882804,3.8577616,1.0,3,3,1.0,2,2,1.0
1732005,test,a32_33,2.2607884,2.342187,1.0,3,3,1.0,2,2,1.0
1762187,test,a32_33,1.5322764,1.8211237,1.0,2,2,1.0,2,2,1.0
1786187,test,a32_33,3.3269792,3.1765072,1.0,3,3,1.0,2,2,1.0
1837006,test,a32_33,3.5596004,3.6559155,1.0,3,3,1.0,2,2,1.0
1850172,test,a32_33,1.6420178,2.5812435,1.0,3,3,1.0,2,2,1.0
1878030,test,a32_33,3.1421711,3.4057453,1.0,3,3,1.0,2,4,1.0
1879030,test,a32_33,3.53811,4.3343844,1.0,3,3,1.0,2,3,1.0
1905004,test,a32_33,3.6040678,3.8433187,1.0,3,3,1.0,2,2,1.0
1919009,test,a32_33,3.105869,3.1504118,1.0,3,3,1.0,2,2,1.0
1935004,test,a32_33,2.474938,0.0,1.0,3,2,1.0,2,2,1.0
1936030,test,a32_33,1.8466947,0.0,1.0,3,2,1.0,2,2,1.0
1978171,test,a32_33,2.492752,1.6958811,1.0,3,3,1.0,2,2,1.0
2030031,test,a32_33,2.8550189,3.6641996,1.0,3,3,1.0,2,2,1.0
2117003,test,a32_33,2.852278,2.5893922,1.0,3,2,1.0,2,2,1.0
2150172,test,a32_33,1.5242426,1.3598045,1.0,3,3,1.0,2,2,1.0
2199182,test,a32_33,2.2651052,3.9495156,1.0,3,3,1.0,2,2,1.0
2206030,test,a32_33,3.4754858,4.886779,1.0,3,3,1.0,4,2,1.0
2212031,test,a32_33,4.2338037,4.483134,1.0,3,3,1.0,2,2,1.0
2238004,test,a32_33,3.7763712,3.472241,1.0,3,3,1.0,2,2,1.0
2238172,test,a32_33,2.9264894,3.5254576,1.0,3,3,1.0,2,2,1.0
2252172,test,a32_33,3.1624737,2.3470397,1.0,3,3,1.0,2,2,1.0
2255030,test,a32_33,4.428708,4.876434,1.0,3,3,1.0,2,2,1.0
2277008,test,a32_33,2.6066024,2.5990877,1.0,3,3,1.0,2,2,1.0
2311172,test,a32_33,1.6041248,1.0779065,1.0,3,2,1.0,2,2,1.0
2330003,test,a32_33,3.8335927,4.301492,1.0,3,3,1.0,2,6,1.0
2338003,test,a32_33,3.3750973,4.023426,1.0,3,3,1.0,2,6,1.0
2341004,test,a32_33,3.0550206,3.4735646,1.0,3,3,1.0,2,2,1.0
2341005,test,a32_33,2.6156502,0.8661617,1.0,3,3,1.0,2,2,1.0
2354004,test,a32_33,1.6146221,2.448841,1.0,3,3,1.0,2,2,1.0
2392004,test,a32_33,2.1593146,2.7262917,1.0,3,3,1.0,2,2,1.0
2393005,test,a32_33,4.1008997,4.0622745,1.0,3,3,1.0,2,3,1.0
2393171,test,a32_33,2.9737997,1.606789,1.0,3,3,1.0,2,2,1.0
2409006,test,a32_33,3.0051968,0.0,0.0,3,-1,0.0,2,-1,0.0
2409171,test,a32_33,2.6805441,0.0,0.0,3,-1,0.0,2,-1,0.0
2422178,test,a32_33,3.7208796,3.2781074,1.0,3,3,1.0,2,2,1.0
2459030,test,a32_33,3.1916375,3.753117,1.0,3,3,1.0,2,4,1.0
2474030,test,a32_33,3.3612065,4.23237,1.0,3,3,1.0,2,2,1.0
2474171,test,a32_33,2.3194184,1.367364,1.0,3,3,1.0,2,2,1.0
2485173,test,a32_33,2.8457172,1.1069015,1.0,3,3,1.0,4,4,1.0
2496172,test,a32_33,2.579041,3.6005192,1.0,3,3,1.0,2,2,1.0
2502005,test,a32_33,3.273611,2.9134128,1.0,3,3,1.0,2,2,1.0
2510171,test,a32_33,2.9003918,3.5230017,1.0,3,3,1.0,2,2,1.0
2525174,test,a32_33,2.6307907,3.8745465,1.0,3,3,1.0,2,2,1.0
2530184,test,a32_33,2.5634367,2.973692,1.0,3,3,1.0,2,2,1.0
2547171,test,a32_33,3.7736979,4.052104,1.0,3,3,1.0,2,2,1.0
2580030,test,a32_33,4.3567896,4.886779,1.0,3,3,1.0,2,2,1.0
2593171,test,a32_33,3.5943997,4.246229,1.0,3,3,1.0,2,2,1.0
2615031,test,a32_33,3.4176798,3.44694,1.0,3,3,1.0,2,2,1.0
2642030,test,a32_33,2.5163188,2.8015413,1.0,3,3,1.0,2,2,1.0
2655002,test,a32_33,0.71689403,0.0,1.0,2,2,1.0,2,2,1.0
2705031,test,a32_33,3.9135194,3.306851,1.0,3,3,1.0,2,4,1.0
2707179,test,a32_33,3.160101,2.8268414,1.0,3,3,1.0,2,2,1.0
2714031,test,a32_33,3.6013196,0.0,0.0,3,3,1.0,2,2,1.0
2717004,test,a32_33,3.9320092,3.742696,1.0,3,3,1.0,2,2,1.0
2738171,test,a32_33,4.021312,4.886779,1.0,3,3,1.0,2,2,1.0
2794003,test,a32_33,3.5737653,3.8923466,1.0,3,2,1.0,2,2,1.0
2845030,test,a32_33,2.721391,3.2903967,1.0,3,3,1.0,2,4,1.0
2847030,test,a32_33,2.77269,3.456708,1.0,3,3,1.0,4,6,1.0
2848174,test,a32_33,1.6348727,1.0409111,1.0,3,2,1.0,6,6,1.0
2852006,test,a32_33,0.72020006,2.1415117,1.0,2,3,1.0,2,2,1.0
2852030,test,a32_33,3.4777822,2.0998244,1.0,3,3,1.0,2,2,1.0
2869170,test,a32_33,3.434899,3.6555576,1.0,3,3,1.0,2,2,1.0
2897006,test,a32_33,3.0274591,2.8197732,1.0,3,3,1.0,2,6,1.0
2900171,test,a32_33,4.0016375,3.8746612,1.0,3,3,1.0,2,2,1.0
2907006,test,a32_33,2.9707108,2.623763,1.0,3,3,1.0,2,2,1.0
2920030,test,a32_33,3.2287993,3.4575856,1.0,3,3,1.0,2,2,1.0
3107001,test,a32_33,3.3509598,3.231012,1.0,3,3,1.0,2,2,1.0
3137007,test,a32_33,2.2439778,2.48373,1.0,3,3,1.0,6,6,1.0
3283002,test,a32_33,3.7603006,4.0583324,1.0,3,3,1.0,2,6,1.0
3492001,test,a32_33,3.392074,4.1102557,1.0,3,3,1.0,6,6,1.0
5016170,test,a32_33,2.9828618,2.6426997,1.0,3,3,1.0,4,4,1.0
5082003,test,a32_33,3.369203,3.5662766,1.0,3,3,1.0,6,2,1.0
5145032,test,a32_33,3.3133261,3.616172,1.0,3,3,1.0,6,6,1.0
5163030,test,a32_33,3.1035173,2.769646,1.0,3,3,1.0,2,3,1.0
5177171,test,a32_33,1.3731791,0.41334957,1.0,2,3,1.0,6,6,1.0
5199178,test,a32_33,2.9770687,3.096526,1.0,3,3,1.0,2,2,1.0
5241030,test,a32_33,2.5437799,3.5277414,1.0,3,3,1.0,6,6,1.0
5264004,test,a32_33,3.38513,3.264431,1.0,3,3,1.0,2,2,1.0
5294003,test,a32_33,3.5362267,3.6584685,1.0,3,3,1.0,2,2,1.0
5299172,test,a32_33,3.011591,2.760259,1.0,3,3,1.0,2,2,1.0
5306002,test,a32_33,2.3323827,0.919919,1.0,3,2,1.0,6,6,1.0
5350030,test,a32_33,2.3875556,2.5756848,1.0,3,3,1.0,4,6,1.0
5364006,test,a32_33,3.3056245,0.0,0.0,3,-1,0.0,6,-1,0.0
5366033,test,a32_33,2.7401,3.3051815,1.0,3,3,1.0,6,6,1.0
5406173,test,a32_33,2.917034,3.5137413,1.0,3,3,1.0,2,3,1.0
5424030,test,a32_33,2.0033994,2.0490751,1.0,3,3,1.0,6,6,1.0
5425003,test,a32_33,1.1542404,0.72459835,1.0,3,2,1.0,2,2,1.0
5430031,test,a32_33,1.6853435,0.0,1.0,2,2,1.0,6,6,1.0
5430171,test,a32_33,2.6789181,2.512427,1.0,3,3,1.0,6,6,1.0
5443007,test,a32_33,1.4769365,2.1780865,1.0,3,3,1.0,2,2,1.0
5464032,test,a32_33,2.80843,2.7760577,1.0,3,3,1.0,4,2,1.0
5488007,test,a32_33,2.7852764,2.1782289,1.0,3,3,1.0,2,2,1.0
5494005,test,a32_33,2.6544263,0.63777095,1.0,3,3,1.0,6,6,1.0
5513030,test,a32_33,2.951934,2.4798064,1.0,3,3,1.0,6,6,1.0
5549006,test,a32_33,2.4863667,2.637893,1.0,3,3,1.0,2,3,1.0
5553173,test,a32_33,3.3748627,3.935453,1.0,3,3,1.0,2,2,1.0
5560186,test,a32_33,3.2933846,3.2524583,1.0,3,3,1.0,2,2,1.0
5569009,test,a32_33,2.9876766,2.2377331,1.0,3,3,1.0,2,2,1.0
5570010,test,a32_33,3.1668074,3.5858245,1.0,3,3,1.0,4,4,1.0
5570012,test,a32_33,3.1486342,2.6474972,1.0,3,3,1.0,2,6,1.0
5570033,test,a32_33,3.341372,3.3018157,1.0,3,3,1.0,2,2,1.0
5576031,test,a32_33,2.4244542,2.9333522,1.0,3,3,1.0,4,2,1.0
5614005,test,a32_33,2.8451295,2.8111508,1.0,3,3,1.0,4,3,1.0
5615010,test,a32_33,3.0223422,3.3717976,1.0,3,3,1.0,6,2,1.0
5615181,test,a32_33,3.3562837,3.4054897,1.0,3,3,1.0,2,2,1.0
5621170,test,a32_33,3.0910475,3.0953097,1.0,3,3,1.0,2,2,1.0
5626010,test,a32_33,3.0653892,3.139954,1.0,3,3,1.0,2,2,1.0
5634188,test,a32_33,3.3054454,3.7881985,1.0,3,3,1.0,2,5,1.0
5635031,test,a32_33,2.9159596,2.7840075,1.0,3,3,1.0,2,2,1.0
5646006,test,a32_33,1.0479785,0.77602905,1.0,2,2,1.0,6,6,1.0
5660005,test,a32_33,3.0658915,3.4027286,1.0,3,3,1.0,4,2,1.0
5664003,test,a32_33,0.5986439,1.7976818,1.0,2,3,1.0,6,6,1.0
5676007,test,a32_33,3.1286156,3.7587788,1.0,3,3,1.0,2,4,1.0
5678030,test,a32_33,1.9205117,2.4192536,1.0,3,2,1.0,6,6,1.0
5684034,test,a32_33,3.7403185,1.4764752,1.0,3,3,1.0,2,2,1.0
5784005,test,a32_33,0.678859,0.0,1.0,2,2,1.0,6,6,1.0
5819005,test,a32_33,0.6801443,1.068429,1.0,2,2,1.0,6,6,1.0
5821008,test,a32_33,3.0963864,2.9484503,1.0,3,3,1.0,2,2,1.0
5863033,test,a32_33,0.7280425,2.2928271,1.0,2,3,1.0,6,6,1.0
5921003,test,a32_33,2.5200694,3.0847182,1.0,3,3,1.0,6,6,1.0
5922010,test,a32_33,3.1019492,2.9869597,1.0,3,3,1.0,6,6,1.0
5938031,test,a32_33,2.2043219,0.0,1.0,3,2,1.0,6,6,1.0
5960033,test,a32_33,2.4700253,2.8474362,1.0,3,3,1.0,6,3,1.0
5995005,test,a32_33,0.87210643,0.21103315,1.0,2,2,1.0,6,6,1.0
6028032,test,a32_33,2.3419967,2.8268414,1.0,3,3,1.0,6,6,1.0
6030005,test,a32_33,3.3019075,3.4111378,1.0,3,3,1.0,6,6,1.0
6030008,test,a32_33,3.168182,3.602513,1.0,3,3,1.0,6,6,1.0
6093006,test,a32_33,0.42030096,1.3977581,1.0,2,2,1.0,6,6,1.0
6093011,test,a32_33,2.2366245,2.5990877,1.0,3,3,1.0,6,6,1.0
6114182,test,a32_33,2.794689,2.8005123,1.0,3,3,1.0,4,3,1.0
6120195,test,a32_33,1.0355673,0.0,1.0,2,2,1.0,2,2,1.0
6121030,test,a32_33,2.9895196,3.6708767,1.0,3,3,1.0,6,6,1.0
6179003,test,a32_33,3.3981671,3.426249,1.0,3,3,1.0,2,2,1.0
6179170,test,a32_33,0.9821414,0.2411282,1.0,2,2,1.0,2,2,1.0
6191006,test,a32_33,2.58914,3.4436505,1.0,3,3,1.0,3,2,1.0
6200175,test,a32_33,3.5000002,2.5210872,1.0,3,3,1.0,2,2,1.0
6210007,test,a32_33,3.556324,0.0,0.0,3,-1,0.0,6,-1,0.0
6210008,test,a32_33,2.7142308,1.382737,1.0,3,2,1.0,6,6,1.0
6350007,test,a32_33,2.282798,1.2189263,1.0,3,2,1.0,6,6,1.0
6365010,test,a32_33,1.0552058,2.0176098,1.0,2,3,1.0,6,6,1.0
6365011,test,a32_33,2.3932502,2.6077433,1.0,3,3,1.0,2,2,1.0
6365177,test,a32_33,2.655785,2.7674904,1.0,3,3,1.0,2,2,1.0
6381008,test,a32_33,2.7831678,0.0,0.0,3,-1,0.0,2,-1,0.0
6444003,test,a32_33,2.6575158,3.1936855,1.0,3,3,1.0,2,2,1.0
6475006,test,a32_33,0.50484633,1.2301495,1.0,2,3,1.0,6,6,1.0
6475007,test,a32_33,0.4443376,1.8487327,1.0,2,2,1.0,6,6,1.0
6509004,test,a32_33,2.9018528,3.8708656,1.0,3,3,1.0,6,6,1.0
6545008,test,a32_33,3.5812173,4.3289056,1.0,3,3,1.0,6,6,1.0
6571003,test,a32_33,2.8813975,3.5926886,1.0,3,3,1.0,6,6,1.0
6635009,test,a32_33,0.4343326,0.0,1.0,2,2,1.0,6,4,1.0
6663030,test,a32_33,3.521382,3.800088,1.0,3,3,1.0,6,6,1.0
6674003,test,a32_33,3.4320319,3.4202895,1.0,3,3,1.0,4,2,1.0
6674005,test,a32_33,3.2958577,3.4833505,1.0,3,3,1.0,4,2,1.0
6736181,test,a32_33,2.77339,0.0,0.0,3,-1,0.0,2,-1,0.0
6740003,test,a32_33,2.514993,2.884239,1.0,3,3,1.0,2,2,1.0
6769008,test,a32_33,2.3887882,0.8178876,1.0,3,3,1.0,4,3,1.0
6779033,test,a32_33,1.1621839,1.8801916,1.0,2,2,1.0,6,6,1.0
6030,test,a34_35,3.7245998,3.5367897,1.0,3,3,1.0,2,2,1.0
10030,test,a34_35,3.8540878,4.673836,1.0,3,3,1.0,6,2,1.0
41008,test,a34_35,2.113786,0.0,1.0,3,2,1.0,2,2,1.0
68003,test,a34_35,3.7142289,3.2616544,1.0,3,3,1.0,2,2,1.0
127030,test,a34_35,3.5107133,3.1696036,1.0,3,3,1.0,2,2,1.0
127031,test,a34_35,3.7849395,4.0902915,1.0,3,3,1.0,2,2,1.0
129031,test,a34_35,1.0354553,1.0162153,1.0,2,3,1.0,6,2,1.0
129196,test,a34_35,2.9007695,3.4254856,1.0,3,3,1.0,2,2,1.0
165030,test,a34_35,3.478444,3.7463372,1.0,3,3,1.0,2,2,1.0
284004,test,a34_35,4.1719565,4.32185,1.0,3,3,1.0,2,2,1.0
301032,test,a34_35,4.0879073,3.9348762,1.0,3,3,1.0,2,6,1.0
327003,test,a34_35,2.9987512,3.8840168,1.0,3,3,1.0,2,2,1.0
327171,test,a34_35,3.1237402,0.0,1.0,3,2,1.0,2,2,1.0
327172,test,a34_35,2.4625115,3.5017936,1.0,3,3,1.0,2,2,1.0
331005,test,a34_35,3.991563,4.082121,1.0,3,2,1.0,2,2,1.0
344178,test,a34_35,2.6823883,3.2559896,1.0,3,3,1.0,2,2,1.0
461030,test,a34_35,3.844077,3.3020296,1.0,3,3,1.0,2,2,1.0
486004,test,a34_35,3.6843042,3.745459,1.0,3,3,1.0,2,2,1.0
563183,test,a34_35,0.84815013,3.2996137,1.0,2,3,1.0,2,2,1.0
577004,test,a34_35,2.4237113,2.9370773,1.0,3,3,1.0,2,2,1.0
607030,test,a34_35,3.881455,3.7506254,1.0,3,3,1.0,2,2,1.0
613173,test,a34_35,2.928667,4.4183064,1.0,3,3,1.0,2,2,1.0
634008,test,a34_35,3.3356767,3.5026178,1.0,3,3,1.0,2,6,1.0
652005,test,a34_35,3.3296895,3.2600136,1.0,3,3,1.0,2,2,1.0
672003,test,a34_35,0.9078703,3.0886452,1.0,2,3,1.0,2,2,1.0
691175,test,a34_35,3.5741415,2.0974402,1.0,3,3,1.0,2,2,1.0
699031,test,a34_35,1.739055,3.2485132,1.0,2,3,1.0,2,6,1.0
722178,test,a34_35,0.7096703,0.90117526,1.0,2,2,1.0,2,2,1.0
771003,test,a34_35,2.9829392,3.0115244,1.0,3,3,1.0,4,2,1.0
775005,test,a34_35,3.4675999,3.5560908,1.0,3,3,1.0,2,2,1.0
796006,test,a34_35,3.445849,2.8919485,1.0,3,3,1.0,2,6,1.0
844003,test,a34_35,3.1568098,3.629688,1.0,3,3,1.0,2,2,1.0
863006,test,a34_35,3.0658102,3.2548606,1.0,3,2,1.0,2,2,1.0
863173,test,a34_35,3.815278,3.5450659,1.0,3,3,1.0,2,2,1.0
866172,test,a34_35,2.9273787,2.3603847,1.0,3,3,1.0,2,6,1.0
868005,test,a34_35,3.5845604,3.578231,1.0,3,3,1.0,2,2,1.0
875030,test,a34_35,1.1651332,0.0,1.0,2,2,1.0,2,2,1.0
897006,test,a34_35,3.1739502,2.946233,1.0,3,3,1.0,2,4,1.0
922171,test,a34_35,3.7097032,3.7955704,1.0,3,3,1.0,2,2,1.0
934030,test,a34_35,3.3989847,4.2341943,1.0,3,3,1.0,2,2,1.0
935005,test,a34_35,2.141356,2.2448769,1.0,3,3,1.0,2,2,1.0
935176,test,a34_35,3.733595,3.2378259,1.0,3,3,1.0,2,2,1.0
939030,test,a34_35,3.8888714,0.08555014,1.0,3,2,1.0,2,2,1.0
964003,test,a34_35,1.3091408,0.82413214,1.0,3,2,1.0,6,6,1.0
970004,test,a34_35,3.754644,3.9748664,1.0,3,3,1.0,2,2,1.0
982004,test,a34_35,3.3479688,3.7351284,1.0,3,3,1.0,2,4,1.0
1033030,test,a34_35,3.3055294,3.3329153,1.0,3,3,1.0,2,2,1.0
1036003,test,a34_35,3.7884831,3.2967014,1.0,3,3,1.0,2,2,1.0
1048006,test,a34_35,2.5928302,0.0,1.0,3,2,1.0,2,2,1.0
1055172,test,a34_35,1.9718487,3.521578,1.0,3,3,1.0,2,4,1.0
1060175,test,a34_35,3.266686,3.1174548,1.0,3,3,1.0,2,2,1.0
1064171,test,a34_35,3.9377246,0.0,1.0,3,3,1.0,2,2,1.0
1072171,test,a34_35,3.7544165,3.370511,1.0,3,3,1.0,2,2,1.0
1084175,test,a34_35,1.9848465,0.0,1.0,3,2,1.0,2,2,1.0
1100172,test,a34_35,3.0615892,3.6426375,1.0,3,3,1.0,2,2,1.0
1141171,test,a34_35,1.912963,1.1201222,1.0,3,2,1.0,2,4,1.0
1142030,test,a34_35,3.846879,3.153995,1.0,3,2,1.0,2,2,1.0
1144032,test,a34_35,3.7607656,3.9447289,1.0,3,3,1.0,2,2,1.0
1149171,test,a34_35,3.2231784,3.6550784,1.0,3,3,1.0,2,2,1.0
1162030,test,a34_35,3.000471,3.4707472,1.0,3,3,1.0,2,4,1.0
1167030,test,a34_35,1.232831,1.1457466,1.0,2,2,1.0,6,6,1.0
1168008,test,a34_35,2.1398306,3.1447468,1.0,3,3,1.0,4,3,1.0
1222179,test,a34_35,2.290576,2.810277,1.0,3,3,1.0,2,2,1.0
1260008,test,a34_35,2.805836,2.9488564,1.0,3,3,1.0,2,2,1.0
1269030,test,a34_35,3.2214403,4.2420487,1.0,3,3,1.0,2,4,1.0
1292030,test,a34_35,3.2295854,3.1872697,1.0,3,3,1.0,4,3,1.0
1298005,test,a34_35,2.469056,3.1977408,1.0,3,3,1.0,2,2,1.0
1306030,test,a34_35,4.415387,4.8005466,1.0,3,3,1.0,2,2,1.0
1335179,test,a34_35,2.59249,3.3347914,1.0,3,3,1.0,2,2,1.0
1353030,test,a34_35,1.1954463,0.0,1.0,2,2,1.0,2,2,1.0
1384030,test,a34_35,3.410698,3.59953,1.0,3,3,1.0,2,2,1.0
1399008,test,a34_35,1.9185882,2.624538,1.0,3,3,1.0,2,4,1.0
1415004,test,a34_35,2.3092408,2.663206,1.0,3,3,1.0,2,2,1.0
1430005,test,a34_35,2.3342392,2.0200462,1.0,3,3,1.0,6,6,1.0
1431003,test,a34_35,3.8237357,3.7301474,1.0,3,3,1.0,2,2,1.0
1431004,test,a34_35,2.382508,0.0,1.0,3,2,1.0,2,2,1.0
1431172,test,a34_35,3.9802623,4.886779,1.0,3,2,1.0,2,2,1.0
1462004,test,a34_35,2.3237183,3.378522,1.0,3,3,1.0,2,2,1.0
1520173,test,a34_35,3.4213252,3.9266827,1.0,3,3,1.0,2,2,1.0
1522175,test,a34_35,3.0702233,4.5377207,1.0,3,3,1.0,2,2,1.0
1542006,test,a34_35,3.0149891,3.5747643,1.0,3,3,1.0,4,2,1.0
1542177,test,a34_35,3.7505698,3.8778384,1.0,3,3,1.0,2,2,1.0
1567031,test,a34_35,3.5006785,3.6260033,1.0,3,3,1.0,2,6,1.0
1608031,test,a34_35,2.9258783,3.8359485,1.0,3,3,1.0,2,3,1.0
1612003,test,a34_35,4.0042458,3.2975547,1.0,3,3,1.0,2,2,1.0
1621003,test,a34_35,1.7084278,3.2045677,1.0,3,3,1.0,2,2,1.0
1648003,test,a34_35,3.69666,3.0027869,1.0,3,3,1.0,2,2,1.0
1648030,test,a34_35,3.1578243,2.0603547,1.0,3,3,1.0,2,6,1.0
1670172,test,a34_35,3.1861033,3.0779936,1.0,3,3,1.0,2,2,1.0
1684170,test,a34_35,0.66591775,0.0,1.0,2,3,1.0,2,2,1.0
1690030,test,a34_35,3.9371927,4.0259957,1.0,3,3,1.0,2,4,1.0
1692176,test,a34_35,3.2335615,0.0,0.0,3,-1,0.0,2,-1,0.0
1695030,test,a34_35,2.8309963,3.2234797,1.0,3,3,1.0,6,2,1.0
1697036,test,a34_35,3.3461418,3.0575554,1.0,3,3,1.0,2,2,1.0
1698170,test,a34_35,2.3049319,2.4663796,1.0,3,3,1.0,2,2,1.0
1700031,test,a34_35,3.1094823,2.600042,1.0,3,2,1.0,2,4,1.0
1701003,test,a34_35,3.3494425,3.7449346,1.0,3,3,1.0,6,6,1.0
1711003,test,a34_35,2.1414785,2.4021344,1.0,3,3,1.0,2,2,1.0
1711171,test,a34_35,3.4859996,0.0,0.0,3,-1,0.0,2,-1,0.0
1732005,test,a34_35,2.2765021,2.4728203,1.0,3,2,1.0,2,4,1.0
1762187,test,a34_35,1.6298972,0.0,1.0,2,2,1.0,2,2,1.0
1786187,test,a34_35,3.4026818,3.3312128,1.0,3,3,1.0,2,2,1.0
1837006,test,a34_35,3.5847366,3.3800976,1.0,3,3,1.0,2,2,1.0
1850172,test,a34_35,1.7761818,3.1974778,1.0,3,3,1.0,2,2,1.0
1878030,test,a34_35,3.0283558,3.8423843,1.0,3,3,1.0,2,4,1.0
1879030,test,a34_35,3.5678716,3.960946,1.0,3,3,1.0,2,4,1.0
1905004,test,a34_35,3.6548302,3.6536653,1.0,3,3,1.0,2,2,1.0
1919009,test,a34_35,3.0773509,0.0,1.0,3,2,1.0,2,2,1.0
1935004,test,a34_35,2.508533,2.810277,1.0,3,3,1.0,2,2,1.0
1936030,test,a34_35,1.9791031,0.0,1.0,3,2,1.0,2,2,1.0
1978171,test,a34_35,2.492358,2.3303957,1.0,3,3,1.0,2,2,1.0
2030031,test,a34_35,2.838894,3.929022,1.0,3,3,1.0,2,2,1.0
2117003,test,a34_35,2.7977638,0.0,1.0,3,3,1.0,2,2,1.0
2150172,test,a34_35,1.699498,1.9371668,1.0,3,3,1.0,2,2,1.0
2199182,test,a34_35,2.338769,4.0530524,1.0,3,3,1.0,2,2,1.0
2206030,test,a34_35,3.498611,3.4664924,1.0,3,3,1.0,2,2,1.0
2212031,test,a34_35,4.1737328,4.7276397,1.0,3,3,1.0,2,2,1.0
2238004,test,a34_35,3.7947025,3.4629118,1.0,3,3,1.0,2,2,1.0
2238172,test,a34_35,2.9185894,0.0,0.0,3,-1,0.0,2,-1,0.0
2252172,test,a34_35,3.2838182,2.8005908,1.0,3,3,1.0,2,2,1.0
2255030,test,a34_35,4.389891,4.8156514,1.0,3,3,1.0,2,2,1.0
2277008,test,a34_35,2.6368675,2.5626314,1.0,3,3,1.0,2,2,1.0
2311172,test,a34_35,1.7341853,1.5610666,1.0,3,2,1.0,2,2,1.0
2330003,test,a34_35,3.860429,4.2113166,1.0,3,3,1.0,2,2,1.0
2338003,test,a34_35,3.3847058,4.046953,1.0,3,3,1.0,2,6,1.0
2341004,test,a34_35,3.1021907,3.563381,1.0,3,2,1.0,2,4,1.0
2341005,test,a34_35,2.7318075,0.0,1.0,3,3,1.0,2,2,1.0
2354004,test,a34_35,1.7482698,2.3899386,1.0,3,3,1.0,2,2,1.0
2392004,test,a34_35,2.2413638,2.9586284,1.0,3,3,1.0,2,2,1.0
2393005,test,a34_35,4.0777464,3.8332024,1.0,3,3,1.0,2,2,1.0
2393171,test,a34_35,3.0529907,3.5780287,1.0,3,3,1.0,2,2,1.0
2409006,test,a34_35,3.0428019,2.7969706,1.0,3,3,1.0,2,2,1.0
2409171,test,a34_35,2.6406631,2.0512705,1.0,3,2,1.0,2,2,1.0
2422178,test,a34_35,3.7228703,3.4795048,1.0,3,3,1.0,2,2,1.0
2459030,test,a34_35,3.113526,3.9479196,1.0,3,3,1.0,2,4,1.0
2474030,test,a34_35,3.3418505,3.3850226,1.0,3,3,1.0,2,2,1.0
2474171,test,a34_35,2.4166389,1.4149004,1.0,3,3,1.0,2,2,1.0
2485173,test,a34_35,2.7922027,2.4313986,1.0,3,3,1.0,2,6,1.0
2496172,test,a34_35,2.7684731,3.916388,1.0,3,3,1.0,2,4,1.0
2502005,test,a34_35,3.3335736,3.1504118,1.0,3,3,1.0,2,2,1.0
2510171,test,a34_35,2.8718996,3.625488,1.0,3,3,1.0,2,2,1.0
2525174,test,a34_35,2.5669842,1.6816704,1.0,3,2,1.0,2,2,1.0
2530184,test,a34_35,2.5135696,2.9591303,1.0,3,2,1.0,2,2,1.0
2547171,test,a34_35,3.740488,4.05604,1.0,3,3,1.0,2,2,1.0
2580030,test,a34_35,4.328223,4.7499347,1.0,3,3,1.0,2,2,1.0
2593171,test,a34_35,3.4488628,4.30575,1.0,3,3,1.0,2,2,1.0
2615031,test,a34_35,3.4117577,3.5979483,1.0,3,3,1.0,2,2,1.0
2642030,test,a34_35,2.5234232,2.8383443,1.0,3,3,1.0,2,2,1.0
2655002,test,a34_35,0.9987123,0.0,1.0,2,2,1.0,2,2,1.0
2705031,test,a34_35,3.88851,3.8038778,1.0,3,3,1.0,2,4,1.0
2707179,test,a34_35,3.2463746,2.844158,1.0,3,3,1.0,2,2,1.0
2714031,test,a34_35,3.589559,3.611134,1.0,3,3,1.0,2,2,1.0
2717004,test,a34_35,4.024207,3.3915641,1.0,3,3,1.0,2,2,1.0
2738171,test,a34_35,4.079351,4.886779,1.0,3,3,1.0,2,2,1.0
2794003,test,a34_35,3.6440752,3.7379057,1.0,3,3,1.0,2,2,1.0
2845030,test,a34_35,2.6108143,3.4714644,1.0,3,2,1.0,2,2,1.0
2847030,test,a34_35,2.8493693,3.611134,1.0,3,3,1.0,4,6,1.0
2848174,test,a34_35,1.7411516,0.0,1.0,3,2,1.0,6,6,1.0
2852006,test,a34_35,1.0535756,2.784962,1.0,2,3,1.0,2,2,1.0
2852030,test,a34_35,3.4743438,2.1877906,1.0,3,3,1.0,2,2,1.0
2869170,test,a34_35,3.495913,3.8547711,1.0,3,3,1.0,2,2,1.0
2897006,test,a34_35,3.0292995,3.2996137,1.0,3,3,1.0,2,6,1.0
2900171,test,a34_35,4.002528,3.6154544,1.0,3,3,1.0,2,2,1.0
2907006,test,a34_35,3.038982,2.5451865,1.0,3,3,1.0,2,2,1.0
2920030,test,a34_35,3.280399,3.68331,1.0,3,2,1.0,2,3,1.0
3107001,test,a34_35,3.3325856,3.5433505,1.0,3,3,1.0,2,2,1.0
3137007,test,a34_35,2.216814,2.4969764,1.0,3,3,1.0,6,6,1.0
3283002,test,a34_35,3.7260468,4.138284,1.0,3,2,1.0,2,6,1.0
3492001,test,a34_35,3.3215194,3.8507123,1.0,3,3,1.0,6,2,1.0
5016170,test,a34_35,3.0184865,2.4672387,1.0,3,3,1.0,4,4,1.0
5082003,test,a34_35,3.3393083,3.6362765,1.0,3,3,1.0,6,2,1.0
5145032,test,a34_35,3.240128,3.4762192,1.0,3,3,1.0,6,6,1.0
5163030,test,a34_35,3.0808034,2.9795868,1.0,3,3,1.0,2,3,1.0
5177171,test,a34_35,1.4696294,1.3270341,1.0,2,3,1.0,6,6,1.0
5199178,test,a34_35,2.9662333,2.888504,1.0,3,3,1.0,2,2,1.0
5241030,test,a34_35,2.4804847,3.3329153,1.0,3,3,1.0,6,6,1.0
5264004,test,a34_35,3.3256273,3.36784,1.0,3,3,1.0,2,2,1.0
5294003,test,a34_35,3.525174,3.537279,1.0,3,3,1.0,2,2,1.0
5299172,test,a34_35,3.0622826,2.8502738,1.0,3,3,1.0,2,2,1.0
5306002,test,a34_35,2.403316,0.45013475,1.0,3,2,1.0,6,6,1.0
5350030,test,a34_35,2.3905702,3.0497952,1.0,3,3,1.0,4,6,1.0
5364006,test,a34_35,3.2565753,3.475767,1.0,3,3,1.0,6,6,1.0
5366033,test,a34_35,2.7067442,3.5589597,1.0,3,3,1.0,6,6,1.0
5406173,test,a34_35,2.8788977,3.3717976,1.0,3,3,1.0,2,4,1.0
5424030,test,a34_35,2.0526748,2.595237,1.0,3,3,1.0,6,6,1.0
5425003,test,a34_35,1.3652748,0.48401323,1.0,3,2,1.0,2,2,1.0
5430031,test,a34_35,1.7650766,0.0,1.0,3,3,1.0,6,6,1.0
5430171,test,a34_35,2.6196373,3.8255706,1.0,3,3,1.0,6,6,1.0
5443007,test,a34_35,1.6846519,2.4250603,1.0,3,3,1.0,2,2,1.0
5464032,test,a34_35,2.8365088,2.8707297,1.0,3,3,1.0,4,2,1.0
5488007,test,a34_35,2.8139977,2.7225564,1.0,3,3,1.0,2,2,1.0
5494005,test,a34_35,2.683108,3.9408863,1.0,3,3,1.0,6,6,1.0
5513030,test,a34_35,2.8698835,3.1696036,1.0,3,3,1.0,6,6,1.0
5549006,test,a34_35,2.5202727,2.8014016,1.0,3,2,1.0,2,3,1.0
5553173,test,a34_35,3.2966604,3.9032092,1.0,3,3,1.0,2,2,1.0
5560186,test,a34_35,3.304484,3.8197687,1.0,3,3,1.0,2,2,1.0
5569009,test,a34_35,3.061883,3.4386227,1.0,3,3,1.0,2,2,1.0
5570010,test,a34_35,3.1902685,3.9157524,1.0,3,3,1.0,2,4,1.0
5570012,test,a34_35,3.1690652,3.1862996,1.0,3,3,1.0,2,6,1.0
5570033,test,a34_35,3.3459768,3.249376,1.0,3,3,1.0,2,2,1.0
5576031,test,a34_35,2.427182,3.0570593,1.0,3,3,1.0,4,2,1.0
5614005,test,a34_35,2.852437,2.9017913,1.0,3,3,1.0,4,3,1.0
5615010,test,a34_35,2.9744687,3.4926202,1.0,3,3,1.0,6,2,1.0
5615181,test,a34_35,3.385585,2.9341648,1.0,3,3,1.0,2,2,1.0
5621170,test,a34_35,3.1459575,3.1195464,1.0,3,3,1.0,2,2,1.0
5626010,test,a34_35,3.0330613,2.9627197,1.0,3,2,1.0,2,2,1.0
5634188,test,a34_35,3.2704852,3.9144979,1.0,3,3,1.0,2,5,1.0
5635031,test,a34_35,2.8886042,2.974314,1.0,3,3,1.0,2,2,1.0
5646006,test,a34_35,1.1651452,0.3688904,1.0,2,3,1.0,6,6,1.0
5660005,test,a34_35,3.0515945,3.0857325,1.0,3,3,1.0,4,2,1.0
5664003,test,a34_35,0.8355384,1.1182684,1.0,3,3,1.0,6,6,1.0
5676007,test,a34_35,3.1800547,3.820191,1.0,3,3,1.0,2,4,1.0
5678030,test,a34_35,1.974082,2.51976,1.0,3,2,1.0,6,6,1.0
5684034,test,a34_35,3.6847868,3.496005,1.0,3,3,1.0,2,3,1.0
5784005,test,a34_35,0.8386004,0.0,1.0,2,2,1.0,6,6,1.0
5819005,test,a34_35,0.91316485,1.6023945,1.0,3,2,1.0,6,6,1.0
5821008,test,a34_35,3.1308725,2.913222,1.0,3,3,1.0,2,2,1.0
5863033,test,a34_35,0.9159012,1.6256766,1.0,2,2,1.0,6,6,1.0
5921003,test,a34_35,2.5426838,3.6592255,1.0,3,3,1.0,4,6,1.0
5922010,test,a34_35,3.138021,2.873433,1.0,3,3,1.0,2,6,1.0
5938031,test,a34_35,2.2813683,0.0,1.0,3,2,1.0,6,6,1.0
5960033,test,a34_35,2.4545698,2.8802483,1.0,3,3,1.0,6,3,1.0
5995005,test,a34_35,1.0813984,0.5575978,1.0,3,2,1.0,6,6,1.0
6028032,test,a34_35,2.3776364,2.7959223,1.0,3,3,1.0,6,6,1.0
6030005,test,a34_35,3.3176246,3.6211877,1.0,3,3,1.0,6,6,1.0
6030008,test,a34_35,3.2087471,3.714141,1.0,3,3,1.0,6,6,1.0
6093006,test,a34_35,0.5885261,2.4245872,1.0,2,3,1.0,6,6,1.0
6093011,test,a34_35,2.2477074,2.5032198,1.0,3,3,1.0,6,6,1.0
6114182,test,a34_35,2.7937734,3.1132894,1.0,3,3,1.0,4,3,1.0
6120195,test,a34_35,1.2601907,0.83994776,1.0,2,2,1.0,2,2,1.0
6121030,test,a34_35,2.9855795,3.7940028,1.0,3,3,1.0,6,6,1.0
6179003,test,a34_35,3.4161177,3.4774165,1.0,3,3,1.0,2,2,1.0
6179170,test,a34_35,1.2800452,0.3768285,1.0,2,2,1.0,2,2,1.0
6191006,test,a34_35,2.5944896,3.5682108,1.0,3,3,1.0,4,2,1.0
6200175,test,a34_35,3.495999,3.159689,1.0,3,2,1.0,2,2,1.0
6210007,test,a34_35,3.5441275,3.315958,1.0,3,3,1.0,6,2,1.0
6210008,test,a34_35,2.7707825,1.8576616,1.0,3,2,1.0,6,6,1.0
6350007,test,a34_35,2.3838372,2.6312733,1.0,3,3,1.0,6,6,1.0
6365010,test,a34_35,1.2213688,2.3485115,1.0,2,3,1.0,6,6,1.0
6365011,test,a34_35,2.4511147,1.4984527,1.0,3,2,1.0,2,2,1.0
6365177,test,a34_35,2.760063,3.154596,1.0,3,3,1.0,2,2,1.0
6381008,test,a34_35,2.864429,4.0242934,1.0,3,3,1.0,2,4,1.0
6444003,test,a34_35,2.7572453,3.0920978,1.0,3,3,1.0,2,2,1.0
6475006,test,a34_35,0.6432446,0.88690853,1.0,2,2,1.0,6,6,1.0
6475007,test,a34_35,0.60562766,0.0,1.0,2,2,1.0,6,6,1.0
6509004,test,a34_35,2.828302,2.9017913,1.0,3,2,1.0,6,2,1.0
6545008,test,a34_35,3.5331836,3.81034,1.0,3,3,1.0,6,2,1.0
6571003,test,a34_35,2.8427877,3.97414,1.0,3,3,1.0,6,6,1.0
6635009,test,a34_35,0.6470866,0.0,1.0,2,2,1.0,6,4,1.0
6663030,test,a34_35,3.5220568,3.9220536,1.0,3,3,1.0,6,6,1.0
6674003,test,a34_35,3.4242766,3.3930228,1.0,3,3,1.0,4,2,1.0
6674005,test,a34_35,3.2758508,3.3309689,1.0,3,3,1.0,4,2,1.0
6736181,test,a34_35,2.8306613,0.95784134,1.0,3,3,1.0,2,2,1.0
6740003,test,a34_35,2.5236137,2.6543815,1.0,3,3,1.0,2,2,1.0
6769008,test,a34_35,2.3835258,1.5597403,1.0,3,2,1.0,4,4,1.0
6779033,test,a34_35,1.2486154,0.0,1.0,2,2,1.0,6,6,1.0
6030,test,a36_37,3.7122803,3.74332,1.0,3,3,1.0,2,2,1.0
10030,test,a36_37,3.7590368,4.447782,1.0,3,3,1.0,6,2,1.0
41008,test,a36_37,2.1736324,0.0,1.0,3,2,1.0,2,2,1.0
68003,test,a36_37,3.7504299,4.3019257,1.0,3,3,1.0,2,2,1.0
127030,test,a36_37,3.481278,1.1681,1.0,3,2,1.0,2,2,1.0
127031,test,a36_37,3.7044172,3.8766596,1.0,3,3,1.0,2,2,1.0
129031,test,a36_37,1.1397871,0.0,1.0,2,2,1.0,6,2,1.0
129196,test,a36_37,3.0048811,2.9811652,1.0,3,3,1.0,2,2,1.0
165030,test,a36_37,3.40776,3.8713226,1.0,3,3,1.0,2,2,1.0
284004,test,a36_37,4.1931486,4.153324,1.0,3,3,1.0,2,2,1.0
301032,test,a36_37,4.1172338,4.375446,1.0,3,3,1.0,2,6,1.0
327003,test,a36_37,2.922789,3.8161197,1.0,3,3,1.0,2,2,1.0
327171,test,a36_37,3.0576057,0.0,1.0,3,2,1.0,2,2,1.0
327172,test,a36_37,2.4761775,3.3073823,1.0,3,3,1.0,2,2,1.0
331005,test,a36_37,3.9475994,4.384486,1.0,3,3,1.0,2,2,1.0
344178,test,a36_37,2.696127,3.283957,1.0,3,3,1.0,2,2,1.0
461030,test,a36_37,3.8998685,3.416885,1.0,3,3,1.0,2,2,1.0
486004,test,a36_37,3.7535987,3.7570312,1.0,3,3,1.0,2,2,1.0
563183,test,a36_37,1.116287,3.9435904,1.0,2,3,1.0,2,2,1.0
577004,test,a36_37,2.4695773,3.4728677,1.0,3,3,1.0,2,2,1.0
607030,test,a36_37,3.9040751,3.736019,1.0,3,3,1.0,2,2,1.0
613173,test,a36_37,2.8126945,4.599529,1.0,3,3,1.0,2,2,1.0
634008,test,a36_37,3.3357406,3.2418456,1.0,3,3,1.0,2,6,1.0
652005,test,a36_37,3.408337,3.4032557,1.0,3,3,1.0,2,2,1.0
672003,test,a36_37,1.21901,3.3391197,1.0,2,3,1.0,2,4,1.0
691175,test,a36_37,3.502506,2.3309872,1.0,3,3,1.0,2,2,1.0
699031,test,a36_37,1.8599316,3.3599384,1.0,2,3,1.0,2,6,1.0
722178,test,a36_37,0.9544709,0.0,1.0,2,2,1.0,2,2,1.0
771003,test,a36_37,2.973057,2.9920292,1.0,3,3,1.0,4,2,1.0
775005,test,a36_37,3.5218616,3.612571,1.0,3,3,1.0,2,2,1.0
796006,test,a36_37,3.4901226,3.5002303,1.0,3,3,1.0,2,6,1.0
844003,test,a36_37,3.2001011,3.4309494,1.0,3,3,1.0,2,2,1.0
863006,test,a36_37,3.0554707,3.216545,1.0,3,3,1.0,2,2,1.0
863173,test,a36_37,3.8475614,3.6074202,1.0,3,3,1.0,2,2,1.0
866172,test,a36_37,2.933228,2.7199008,1.0,3,3,1.0,2,2,1.0
868005,test,a36_37,3.6186047,3.7930343,1.0,3,3,1.0,2,2,1.0
875030,test,a36_37,1.4822814,0.0,1.0,2,2,1.0,2,2,1.0
897006,test,a36_37,3.1986427,2.712402,1.0,3,2,1.0,2,4,1.0
922171,test,a36_37,3.7430081,4.013992,1.0,3,3,1.0,2,2,1.0
934030,test,a36_37,3.341201,4.2906785,1.0,3,3,1.0,2,2,1.0
935005,test,a36_37,2.362827,1.9161729,1.0,3,3,1.0,2,2,1.0
935176,test,a36_37,3.804956,3.945999,1.0,3,3,1.0,2,2,1.0
939030,test,a36_37,3.8673792,0.0,1.0,3,2,1.0,2,2,1.0
964003,test,a36_37,1.4632245,3.0027869,1.0,3,3,1.0,6,6,1.0
970004,test,a36_37,3.7997453,3.9361787,1.0,3,3,1.0,2,2,1.0
982004,test,a36_37,3.4098225,3.7953534,1.0,3,3,1.0,2,4,1.0
1033030,test,a36_37,3.2331495,4.0324144,1.0,3,3,1.0,2,4,1.0
1036003,test,a36_37,3.8048134,2.5812607,1.0,3,3,1.0,2,2,1.0
1048006,test,a36_37,2.6226387,0.3958271,1.0,3,3,1.0,2,2,1.0
1055172,test,a36_37,2.1313548,3.6951494,1.0,3,3,1.0,2,2,1.0
1060175,test,a36_37,3.2626905,2.6840017,1.0,3,3,1.0,2,2,1.0
1064171,test,a36_37,3.9932625,4.499283,1.0,3,3,1.0,2,2,1.0
1072171,test,a36_37,3.8165355,3.753342,1.0,3,3,1.0,2,2,1.0
1084175,test,a36_37,2.085593,1.176917,1.0,3,2,1.0,2,2,1.0
1100172,test,a36_37,3.09984,3.616172,1.0,3,3,1.0,2,2,1.0
1141171,test,a36_37,2.0270283,0.0,0.0,3,-1,0.0,2,-1,0.0
1142030,test,a36_37,3.8719368,2.9372149,1.0,3,3,1.0,2,2,1.0
1144032,test,a36_37,3.7788448,3.9697835,1.0,3,3,1.0,2,2,1.0
1149171,test,a36_37,3.266565,3.6696174,1.0,3,3,1.0,2,2,1.0
1162030,test,a36_37,2.9732342,3.5584557,1.0,3,3,1.0,2,4,1.0
1167030,test,a36_37,1.4268804,0.0,1.0,2,2,1.0,6,6,1.0
1168008,test,a36_37,2.3454506,3.2307491,1.0,3,3,1.0,4,3,1.0
1222179,test,a36_37,2.3053799,2.6426997,1.0,3,3,1.0,2,2,1.0
1260008,test,a36_37,2.848266,2.9115193,1.0,3,3,1.0,2,2,1.0
1269030,test,a36_37,3.2359076,4.35901,1.0,3,3,1.0,2,4,1.0
1292030,test,a36_37,3.2237735,3.3329153,1.0,3,2,1.0,4,4,1.0
1298005,test,a36_37,2.5131934,3.0895898,1.0,3,3,1.0,2,2,1.0
1306030,test,a36_37,4.42617,4.886779,1.0,3,3,1.0,2,2,1.0
1335179,test,a36_37,2.6277719,3.2806733,1.0,3,3,1.0,2,2,1.0
1353030,test,a36_37,1.5553322,0.0,1.0,3,2,1.0,2,2,1.0
1384030,test,a36_37,3.3421118,3.7110548,1.0,3,3,1.0,2,2,1.0
1399008,test,a36_37,2.0087607,4.0375032,1.0,3,3,1.0,2,4,1.0
1415004,test,a36_37,2.3390255,2.5033958,1.0,3,3,1.0,2,2,1.0
1430005,test,a36_37,2.3872066,0.0,1.0,3,3,1.0,2,6,1.0
1431003,test,a36_37,3.8868146,3.7768457,1.0,3,3,1.0,2,2,1.0
1431004,test,a36_37,2.4581063,0.0,1.0,3,2,1.0,2,2,1.0
1431172,test,a36_37,3.9965878,4.85698,1.0,3,3,1.0,2,2,1.0
1462004,test,a36_37,2.3770118,3.0797172,1.0,3,2,1.0,2,2,1.0
1520173,test,a36_37,3.3751447,3.835209,1.0,3,3,1.0,2,2,1.0
1522175,test,a36_37,3.0472517,4.5301976,1.0,3,3,1.0,2,2,1.0
1542006,test,a36_37,3.036504,4.8355174,1.0,3,3,1.0,4,2,1.0
1542177,test,a36_37,3.7752876,4.1511307,1.0,3,3,1.0,2,2,1.0
1567031,test,a36_37,3.494051,3.547917,1.0,3,3,1.0,2,6,1.0
1608031,test,a36_37,2.9924893,3.8730197,1.0,3,3,1.0,2,4,1.0
1612003,test,a36_37,4.069561,3.6263752,1.0,3,3,1.0,2,2,1.0
1621003,test,a36_37,1.8988323,3.2996137,1.0,3,3,1.0,2,2,1.0
1648003,test,a36_37,3.7640824,2.9653394,1.0,3,3,1.0,2,2,1.0
1648030,test,a36_37,3.180599,0.0453653,1.0,3,2,1.0,2,6,1.0
1670172,test,a36_37,3.2132642,2.8368268,1.0,3,3,1.0,2,2,1.0
1684170,test,a36_37,0.8584161,0.0,0.0,2,-1,0.0,2,-1,0.0
1690030,test,a36_37,3.9706588,4.1288514,1.0,3,3,1.0,2,4,1.0
1692176,test,a36_37,3.2376091,0.0,0.0,3,-1,0.0,2,-1,0.0
1695030,test,a36_37,2.81395,3.1334782,1.0,3,3,1.0,6,2,1.0
1697036,test,a36_37,3.2744,3.9229333,1.0,3,3,1.0,2,2,1.0
1698170,test,a36_37,2.3220503,3.5876048,1.0,3,3,1.0,2,2,1.0
1700031,test,a36_37,3.1204882,3.2409673,1.0,3,3,1.0,2,4,1.0
1701003,test,a36_37,3.332237,3.916388,1.0,3,3,1.0,6,6,1.0
1711003,test,a36_37,2.267145,0.0,1.0,3,3,1.0,2,2,1.0
1711171,test,a36_37,3.561829,3.416885,1.0,3,3,1.0,2,2,1.0
1732005,test,a36_37,2.3125827,3.1862996,1.0,3,3,1.0,2,4,1.0
1762187,test,a36_37,1.6948726,0.0,1.0,2,2,1.0,2,2,1.0
1786187,test,a36_37,3.467793,0.0,0.0,3,-1,0.0,2,-1,0.0
1837006,test,a36_37,3.6151643,2.8220248,1.0,3,3,1.0,2,2,1.0
1850172,test,a36_37,1.8890854,3.216545,1.0,3,3,1.0,2,2,1.0
1878030,test,a36_37,2.9464757,3.456708,1.0,3,3,1.0,2,4,1.0
1879030,test,a36_37,3.5981216,4.019886,1.0,3,3,1.0,2,3,1.0
1905004,test,a36_37,3.714118,3.9048967,1.0,3,3,1.0,2,2,1.0
1919009,test,a36_37,3.0932271,0.0,1.0,3,3,1.0,2,2,1.0
1935004,test,a36_37,2.5426304,2.7594547,1.0,3,2,1.0,2,2,1.0
1936030,test,a36_37,2.0855043,0.26956925,1.0,3,3,1.0,2,2,1.0
1978171,test,a36_37,2.5116973,3.1327703,1.0,3,3,1.0,2,2,1.0
2030031,test,a36_37,2.817722,3.7052534,1.0,3,3,1.0,2,2,1.0
2117003,test,a36_37,2.8021576,2.7586699,1.0,3,3,1.0,2,2,1.0
2150172,test,a36_37,1.8525939,1.9554864,1.0,3,3,1.0,2,2,1.0
2199182,test,a36_37,2.40733,3.717534,1.0,3,3,1.0,2,2,1.0
2206030,test,a36_37,3.5282135,3.1858559,1.0,3,3,1.0,2,2,1.0
2212031,test,a36_37,4.1289864,4.677089,1.0,3,3,1.0,2,2,1.0
2238004,test,a36_37,3.8138413,1.8278397,1.0,3,3,1.0,2,4,1.0
2238172,test,a36_37,2.9260757,3.489942,1.0,3,3,1.0,2,2,1.0
2252172,test,a36_37,3.3767166,3.048963,1.0,3,3,1.0,2,2,1.0
2255030,test,a36_37,4.3728967,4.375135,1.0,3,3,1.0,2,2,1.0
2277008,test,a36_37,2.6706126,2.6412227,1.0,3,3,1.0,2,2,1.0
2311172,test,a36_37,1.8384157,1.7356842,1.0,3,3,1.0,2,2,1.0
2330003,test,a36_37,3.9007936,4.0433564,1.0,3,3,1.0,2,2,1.0
2338003,test,a36_37,3.439416,4.4704823,1.0,3,3,1.0,2,6,1.0
2341004,test,a36_37,3.132514,3.4036195,1.0,3,2,1.0,2,4,1.0
2341005,test,a36_37,2.8199735,0.0,1.0,3,3,1.0,2,2,1.0
2354004,test,a36_37,1.8645802,2.4975948,1.0,3,3,1.0,2,2,1.0
2392004,test,a36_37,2.31371,2.7225564,1.0,3,3,1.0,2,2,1.0
2393005,test,a36_37,4.086537,3.951662,1.0,3,3,1.0,2,2,1.0
2393171,test,a36_37,3.123908,4.04496,1.0,3,3,1.0,2,2,1.0
2409006,test,a36_37,3.0326848,2.6774976,1.0,3,3,1.0,2,2,1.0
2409171,test,a36_37,2.6269794,2.409316,1.0,3,3,1.0,2,2,1.0
2422178,test,a36_37,3.7109442,3.249376,1.0,3,3,1.0,2,2,1.0
2459030,test,a36_37,3.0735657,3.8719819,1.0,3,3,1.0,2,4,1.0
2474030,test,a36_37,3.3294792,3.8730197,1.0,3,3,1.0,2,2,1.0
2474171,test,a36_37,2.486677,1.1140053,1.0,3,2,1.0,2,2,1.0
2485173,test,a36_37,2.7786682,2.508309,1.0,3,3,1.0,2,4,1.0
2496172,test,a36_37,2.900227,4.096741,1.0,3,3,1.0,2,4,1.0
2502005,test,a36_37,3.3838696,3.166873,1.0,3,3,1.0,2,2,1.0
2510171,test,a36_37,2.863596,3.910636,1.0,3,3,1.0,2,2,1.0
2525174,test,a36_37,2.5568988,2.2554643,1.0,3,3,1.0,2,2,1.0
2530184,test,a36_37,2.5065858,2.9075313,1.0,3,3,1.0,2,2,1.0
2547171,test,a36_37,3.7483659,4.1239767,1.0,3,3,1.0,2,2,1.0
2580030,test,a36_37,4.327005,4.800682,1.0,3,3,1.0,2,2,1.0
2593171,test,a36_37,3.359617,4.3840117,1.0,3,3,1.0,2,4,1.0
2615031,test,a36_37,3.4227993,3.145773,1.0,3,3,1.0,2,2,1.0
2642030,test,a36_37,2.5312328,3.1858559,1.0,3,3,1.0,2,2,1.0
2655002,test,a36_37,1.2603818,0.0,1.0,2,2,1.0,2,2,1.0
2705031,test,a36_37,3.8719304,3.901413,1.0,3,3,1.0,2,4,1.0
2707179,test,a36_37,3.31427,2.9886043,1.0,3,3,1.0,2,2,1.0
2714031,test,a36_37,3.5683799,3.843872,1.0,3,3,1.0,2,2,1.0
2717004,test,a36_37,4.054494,3.737305,1.0,3,3,1.0,2,2,1.0
2738171,test,a36_37,4.0985317,4.886779,1.0,3,3,1.0,2,2,1.0
2794003,test,a36_37,3.7299557,3.5598774,1.0,3,3,1.0,2,2,1.0
2845030,test,a36_37,2.5741255,2.2176964,1.0,3,2,1.0,2,2,1.0
2847030,test,a36_37,2.8967748,3.5965803,1.0,3,2,1.0,4,6,1.0
2848174,test,a36_37,1.8471459,0.0,1.0,3,2,1.0,6,6,1.0
2852006,test,a36_37,1.3631041,2.711484,1.0,2,3,1.0,2,2,1.0
2852030,test,a36_37,3.4811373,2.4002507,1.0,3,3,1.0,2,2,1.0
2869170,test,a36_37,3.5525198,3.9665751,1.0,3,3,1.0,2,2,1.0
2897006,test,a36_37,3.0910559,3.8678546,1.0,3,3,1.0,2,6,1.0
2900171,test,a36_37,4.0213766,0.0,1.0,3,3,1.0,2,2,1.0
2907006,test,a36_37,3.089446,2.5724497,1.0,3,3,1.0,2,2,1.0
2920030,test,a36_37,3.3058355,3.8583722,1.0,3,3,1.0,2,4,1.0
3107001,test,a36_37,3.2932549,3.456255,1.0,3,3,1.0,2,2,1.0
3137007,test,a36_37,2.2355702,2.624188,1.0,3,3,1.0,6,6,1.0
3283002,test,a36_37,3.7072291,3.1844463,1.0,3,3,1.0,2,6,1.0
3492001,test,a36_37,3.257452,3.896652,1.0,3,3,1.0,6,2,1.0
5016170,test,a36_37,3.0452502,2.5121129,1.0,3,3,1.0,4,4,1.0
5082003,test,a36_37,3.329805,3.835146,1.0,3,3,1.0,6,3,1.0
5145032,test,a36_37,3.1682138,3.5205016,1.0,3,3,1.0,6,6,1.0
5163030,test,a36_37,3.071759,3.3018157,1.0,3,3,1.0,2,3,1.0
5177171,test,a36_37,1.610342,0.8605063,1.0,2,3,1.0,6,6,1.0
5199178,test,a36_37,2.978579,2.9653394,1.0,3,3,1.0,2,2,1.0
5241030,test,a36_37,2.446653,3.3667955,1.0,3,3,1.0,6,6,1.0
5264004,test,a36_37,3.2954464,3.4554605,1.0,3,3,1.0,2,2,1.0
5294003,test,a36_37,3.5702991,3.5366516,1.0,3,3,1.0,2,2,1.0
5299172,test,a36_37,3.1058056,1.9603477,1.0,3,3,1.0,2,2,1.0
5306002,test,a36_37,2.4259062,0.4569097,1.0,3,2,1.0,6,6,1.0
5350030,test,a36_37,2.4086962,2.4829748,1.0,3,3,1.0,4,6,1.0
5364006,test,a36_37,3.246112,3.489942,1.0,3,3,1.0,6,6,1.0
5366033,test,a36_37,2.6996908,3.6431746,1.0,3,3,1.0,6,6,1.0
5406173,test,a36_37,2.8682299,3.549721,1.0,3,3,1.0,2,4,1.0
5424030,test,a36_37,2.1171188,3.3871381,1.0,3,3,1.0,6,6,1.0
5425003,test,a36_37,1.5009341,2.222384,1.0,3,3,1.0,2,2,1.0
5430031,test,a36_37,1.81513,0.7351825,1.0,3,3,1.0,6,6,1.0
5430171,test,a36_37,2.649396,3.9490166,1.0,3,3,1.0,6,6,1.0
5443007,test,a36_37,1.8282585,2.7594547,1.0,3,3,1.0,2,2,1.0
5464032,test,a36_37,2.8632865,2.973692,1.0,3,3,1.0,4,2,1.0
5488007,test,a36_37,2.8412666,2.6645033,1.0,3,3,1.0,2,2,1.0
5494005,test,a36_37,2.7314758,4.218239,1.0,3,3,1.0,6,6,1.0
5513030,test,a36_37,2.827343,3.4137402,1.0,3,2,1.0,6,6,1.0
5549006,test,a36_37,2.5377061,2.9669845,1.0,3,3,1.0,2,4,1.0
5553173,test,a36_37,3.2544281,3.955009,1.0,3,3,1.0,2,2,1.0
5560186,test,a36_37,3.3202276,3.627258,1.0,3,3,1.0,2,2,1.0
5569009,test,a36_37,3.10042,3.5573397,1.0,3,3,1.0,2,2,1.0
5570010,test,a36_37,3.2141752,3.6598773,1.0,3,3,1.0,2,4,1.0
5570012,test,a36_37,3.1975007,2.9124293,1.0,3,3,1.0,2,6,1.0
5570033,test,a36_37,3.3472106,3.1070757,1.0,3,3,1.0,2,2,1.0
5576031,test,a36_37,2.4312813,3.0814157,1.0,3,3,1.0,4,3,1.0
5614005,test,a36_37,2.8633826,2.844158,1.0,3,3,1.0,4,3,1.0
5615010,test,a36_37,2.9573448,3.3217459,1.0,3,3,1.0,6,2,1.0
5615181,test,a36_37,3.4202573,3.5781584,1.0,3,3,1.0,2,2,1.0
5621170,test,a36_37,3.1955082,0.0,1.0,3,3,1.0,2,2,1.0
5626010,test,a36_37,3.017883,0.0,0.0,3,-1,0.0,2,-1,0.0
5634188,test,a36_37,3.233573,0.0,0.0,3,-1,0.0,2,-1,0.0
5635031,test,a36_37,2.8484654,2.9446492,1.0,3,3,1.0,2,2,1.0
5646006,test,a36_37,1.3211119,2.2722006,1.0,2,2,1.0,6,6,1.0
5660005,test,a36_37,3.045244,2.2830377,1.0,3,3,1.0,4,2,1.0
5664003,test,a36_37,1.0883845,2.5692537,1.0,3,2,1.0,6,6,1.0
5676007,test,a36_37,3.2248607,3.3618436,1.0,3,3,1.0,2,2,1.0
5678030,test,a36_37,2.025486,0.0,1.0,3,2,1.0,6,6,1.0
5684034,test,a36_37,3.6373367,4.2188535,1.0,3,3,1.0,2,4,1.0
5784005,test,a36_37,0.97218585,0.0,1.0,2,2,1.0,6,6,1.0
5819005,test,a36_37,1.136861,0.0,1.0,3,2,1.0,6,6,1.0
5821008,test,a36_37,3.164677,2.9754534,1.0,3,3,1.0,2,2,1.0
5863033,test,a36_37,1.1337122,1.6931183,1.0,2,3,1.0,6,6,1.0
5921003,test,a36_37,2.538407,2.588116,1.0,3,3,1.0,4,6,1.0
5922010,test,a36_37,3.162269,2.8533432,1.0,3,3,1.0,2,6,1.0
5938031,test,a36_37,2.338342,0.0,1.0,3,2,1.0,6,6,1.0
5960033,test,a36_37,2.4799247,3.0051901,1.0,3,3,1.0,6,6,1.0
5995005,test,a36_37,1.3138753,2.366327,1.0,3,2,1.0,6,6,1.0
6028032,test,a36_37,2.407029,3.2584245,1.0,3,3,1.0,6,6,1.0
6030005,test,a36_37,3.331485,3.3861604,1.0,3,3,1.0,6,6,1.0
6030008,test,a36_37,3.239613,3.5397089,1.0,3,3,1.0,6,6,1.0
6093006,test,a36_37,0.7956934,2.0376515,1.0,2,3,1.0,6,6,1.0
6093011,test,a36_37,2.266271,2.5042346,1.0,3,3,1.0,6,6,1.0
6114182,test,a36_37,2.8025386,0.0,0.0,3,-1,0.0,4,-1,0.0
6120195,test,a36_37,1.4229721,0.0,1.0,2,2,1.0,2,2,1.0
6121030,test,a36_37,2.977526,3.6931586,1.0,3,3,1.0,6,6,1.0
6179003,test,a36_37,3.4403424,3.3203936,1.0,3,3,1.0,2,2,1.0
6179170,test,a36_37,1.4924763,0.0,1.0,2,2,1.0,2,2,1.0
6191006,test,a36_37,2.5893433,3.7471669,1.0,3,3,1.0,4,2,1.0
6200175,test,a36_37,3.5290267,3.1231244,1.0,3,3,1.0,2,2,1.0
6210007,test,a36_37,3.524586,3.5546792,1.0,3,3,1.0,6,2,1.0
6210008,test,a36_37,2.8181376,0.69897085,1.0,3,2,1.0,6,2,1.0
6350007,test,a36_37,2.443859,1.7350653,1.0,3,3,1.0,6,2,1.0
6365010,test,a36_37,1.4071403,2.727774,1.0,3,3,1.0,6,6,1.0
6365011,test,a36_37,2.4905677,2.0153425,1.0,3,3,1.0,2,2,1.0
6365177,test,a36_37,2.8354218,0.0,0.0,3,3,1.0,2,2,1.0
6381008,test,a36_37,2.9313529,4.1826577,1.0,3,3,1.0,2,4,1.0
6444003,test,a36_37,2.832143,2.9450343,1.0,3,3,1.0,2,2,1.0
6475006,test,a36_37,0.76687026,0.65802634,1.0,2,3,1.0,6,6,1.0
6475007,test,a36_37,0.77270615,1.4497495,1.0,2,3,1.0,6,6,1.0
6509004,test,a36_37,2.8228185,3.0907397,1.0,3,3,1.0,6,2,1.0
6545008,test,a36_37,3.5352552,3.8915806,1.0,3,3,1.0,2,2,1.0
6571003,test,a36_37,2.8360543,3.935453,1.0,3,3,1.0,6,6,1.0
6635009,test,a36_37,0.90457773,0.0,1.0,3,2,1.0,6,4,1.0
6663030,test,a36_37,3.523234,4.1571207,1.0,3,3,1.0,2,6,1.0
6674003,test,a36_37,3.4296134,4.7621493,1.0,3,3,1.0,4,3,1.0
6674005,test,a36_37,3.2637503,3.4580462,1.0,3,2,1.0,4,3,1.0
6736181,test,a36_37,2.8819606,2.5787773,1.0,3,3,1.0,2,2,1.0
6740003,test,a36_37,2.5391273,2.816746,1.0,3,3,1.0,2,2,1.0
6769008,test,a36_37,2.3916492,2.4743154,1.0,3,3,1.0,4,2,1.0
6779033,test,a36_37,1.3183581,0.0,1.0,2,2,1.0,6,6,1.0
6030,test,a38_39,3.67517,3.749288,1.0,3,3,1.0,2,2,1.0
10030,test,a38_39,3.6890554,4.5234475,1.0,3,3,1.0,2,2,1.0
41008,test,a38_39,2.242827,0.0,1.0,3,2,1.0,2,3,1.0
68003,test,a38_39,3.7811337,4.141229,1.0,3,3,1.0,2,2,1.0
127030,test,a38_39,3.4682055,1.6800723,1.0,3,2,1.0,2,2,1.0
127031,test,a38_39,3.607769,1.3273802,1.0,3,3,1.0,2,3,1.0
129031,test,a38_39,1.2197833,2.4149668,1.0,2,2,1.0,6,3,1.0
129196,test,a38_39,3.1041193,0.6038552,1.0,3,2,1.0,2,2,1.0
165030,test,a38_39,3.3391242,3.7935455,1.0,3,3,1.0,2,2,1.0
284004,test,a38_39,4.2056494,4.218239,1.0,3,3,1.0,2,2,1.0
301032,test,a38_39,4.129393,4.051456,1.0,3,3,1.0,2,6,1.0
327003,test,a38_39,2.8459554,3.8576567,1.0,3,3,1.0,2,2,1.0
327171,test,a38_39,2.9950151,1.2899189,1.0,3,3,1.0,2,2,1.0
327172,test,a38_39,2.4968932,3.6687279,1.0,3,3,1.0,2,2,1.0
331005,test,a38_39,3.8912287,4.2639766,1.0,3,3,1.0,2,2,1.0
344178,test,a38_39,2.7094579,3.3562138,1.0,3,3,1.0,2,2,1.0
461030,test,a38_39,3.9418635,3.2707531,1.0,3,3,1.0,2,2,1.0
486004,test,a38_39,3.8109293,4.1858344,1.0,3,3,1.0,2,2,1.0
563183,test,a38_39,1.3243309,4.886779,1.0,2,3,1.0,2,2,1.0
577004,test,a38_39,2.5228846,2.6426997,1.0,3,3,1.0,2,2,1.0
607030,test,a38_39,3.9429114,4.340779,1.0,3,3,1.0,2,4,1.0
613173,test,a38_39,2.7597544,4.6204996,1.0,3,3,1.0,2,2,1.0
634008,test,a38_39,3.3311145,3.0124674,1.0,3,3,1.0,2,6,1.0
652005,test,a38_39,3.477877,3.381554,1.0,3,3,1.0,2,2,1.0
672003,test,a38_39,1.4366165,3.7277038,1.0,2,3,1.0,2,4,1.0
691175,test,a38_39,3.3992515,3.1858559,1.0,3,3,1.0,2,2,1.0
699031,test,a38_39,1.9378757,3.5333405,1.0,3,3,1.0,2,6,1.0
722178,test,a38_39,1.1437273,0.0,1.0,2,2,1.0,2,2,1.0
771003,test,a38_39,2.957287,3.4782934,1.0,3,3,1.0,4,2,1.0
775005,test,a38_39,3.559432,0.0,1.0,3,2,1.0,2,2,1.0
796006,test,a38_39,3.543318,2.893335,1.0,3,3,1.0,2,6,1.0
844003,test,a38_39,3.2583609,3.416885,1.0,3,3,1.0,2,2,1.0
863006,test,a38_39,2.9989069,0.0,1.0,3,2,1.0,2,2,1.0
863173,test,a38_39,3.8657117,3.672806,1.0,3,3,1.0,2,2,1.0
866172,test,a38_39,2.9426014,2.6793635,1.0,3,3,1.0,2,2,1.0
868005,test,a38_39,3.6443892,3.7266295,1.0,3,3,1.0,2,2,1.0
875030,test,a38_39,1.6965203,0.0,1.0,2,2,1.0,2,2,1.0
897006,test,a38_39,3.2367437,2.9308307,1.0,3,3,1.0,2,4,1.0
922171,test,a38_39,3.7762594,4.109105,1.0,3,3,1.0,2,2,1.0
934030,test,a38_39,3.2828746,4.3578134,1.0,3,3,1.0,2,2,1.0
935005,test,a38_39,2.4789164,2.1372967,1.0,3,3,1.0,2,2,1.0
935176,test,a38_39,3.861291,3.2996137,1.0,3,3,1.0,2,2,1.0
939030,test,a38_39,3.8500476,0.0,1.0,3,2,1.0,2,2,1.0
964003,test,a38_39,1.5654737,3.2050848,1.0,3,3,1.0,6,6,1.0
970004,test,a38_39,3.8474307,2.0805924,1.0,3,3,1.0,2,2,1.0
982004,test,a38_39,3.4727929,3.4262018,1.0,3,3,1.0,2,2,1.0
1033030,test,a38_39,3.1934514,3.8766596,1.0,3,3,1.0,2,2,1.0
1036003,test,a38_39,3.8430042,3.149699,1.0,3,3,1.0,2,2,1.0
1048006,test,a38_39,2.6601143,2.4126072,1.0,3,3,1.0,2,2,1.0
1055172,test,a38_39,2.2627192,3.7397017,1.0,3,3,1.0,2,2,1.0
1060175,test,a38_39,3.2693925,2.8523908,1.0,3,3,1.0,2,2,1.0
1064171,test,a38_39,4.02248,4.4858203,1.0,3,3,1.0,2,2,1.0
1072171,test,a38_39,3.8544152,2.8985991,1.0,3,3,1.0,2,2,1.0
1084175,test,a38_39,2.16991,1.3963474,1.0,3,2,1.0,2,2,1.0
1100172,test,a38_39,3.1493134,3.8317928,1.0,3,3,1.0,2,2,1.0
1141171,test,a38_39,2.1398094,0.752443,1.0,3,3,1.0,2,2,1.0
1142030,test,a38_39,3.9110937,3.3023171,1.0,3,3,1.0,2,2,1.0
1144032,test,a38_39,3.808033,3.9551072,1.0,3,3,1.0,2,2,1.0
1149171,test,a38_39,3.2762513,2.588116,1.0,3,2,1.0,2,2,1.0
1162030,test,a38_39,3.0113091,3.4081893,1.0,3,3,1.0,2,2,1.0
1167030,test,a38_39,1.5802767,0.0,1.0,3,2,1.0,6,6,1.0
1168008,test,a38_39,2.4852412,3.1106615,1.0,3,3,1.0,4,3,1.0
1222179,test,a38_39,2.3217714,2.342743,1.0,3,3,1.0,2,2,1.0
1260008,test,a38_39,2.8828053,2.241885,1.0,3,3,1.0,2,2,1.0
1269030,test,a38_39,3.2652354,3.9591064,1.0,3,3,1.0,2,4,1.0
1292030,test,a38_39,3.2268457,2.9246223,1.0,3,2,1.0,4,4,1.0
1298005,test,a38_39,2.5530136,3.2996137,1.0,3,3,1.0,2,2,1.0
1306030,test,a38_39,4.419997,4.886779,1.0,3,3,1.0,2,2,1.0
1335179,test,a38_39,2.685847,3.2282774,1.0,3,3,1.0,2,2,1.0
1353030,test,a38_39,1.7813193,0.0,1.0,3,2,1.0,2,2,1.0
1384030,test,a38_39,3.3439434,3.8597128,1.0,3,3,1.0,2,2,1.0
1399008,test,a38_39,2.0818658,3.9200065,1.0,3,3,1.0,2,4,1.0
1415004,test,a38_39,2.3711288,2.7496648,1.0,3,3,1.0,2,2,1.0
1430005,test,a38_39,2.4493444,0.0,1.0,3,3,1.0,2,6,1.0
1431003,test,a38_39,3.939629,3.8332024,1.0,3,3,1.0,2,2,1.0
1431004,test,a38_39,2.5054295,1.9831173,1.0,3,3,1.0,2,2,1.0
1431172,test,a38_39,4.020094,4.455336,1.0,3,3,1.0,2,2,1.0
1462004,test,a38_39,2.4206107,0.0,1.0,3,2,1.0,2,2,1.0
1520173,test,a38_39,3.3593042,3.9155073,1.0,3,3,1.0,2,2,1.0
1522175,test,a38_39,3.0290747,4.768415,1.0,3,3,1.0,2,2,1.0
1542006,test,a38_39,3.0676413,4.418266,1.0,3,3,1.0,4,2,1.0
1542177,test,a38_39,3.7789483,4.1952477,1.0,3,3,1.0,2,2,1.0
1567031,test,a38_39,3.5324955,3.7168667,1.0,3,3,1.0,2,6,1.0
1608031,test,a38_39,3.0551271,0.0,0.0,3,-1,0.0,2,-1,0.0
1612003,test,a38_39,4.0973835,3.242958,1.0,3,3,1.0,2,4,1.0
1621003,test,a38_39,1.996452,3.437568,1.0,3,3,1.0,2,2,1.0
1648003,test,a38_39,3.8095908,2.8707297,1.0,3,3,1.0,2,2,1.0
1648030,test,a38_39,3.2255123,3.2510931,1.0,3,3,1.0,2,6,1.0
1670172,test,a38_39,3.254086,3.1246448,1.0,3,3,1.0,2,2,1.0
1684170,test,a38_39,1.0237402,2.5787773,1.0,2,3,1.0,2,2,1.0
1690030,test,a38_39,3.9962783,3.6570308,1.0,3,3,1.0,2,2,1.0
1692176,test,a38_39,3.2437959,3.5729935,1.0,3,3,1.0,2,2,1.0
1695030,test,a38_39,2.8371844,2.9226713,1.0,3,3,1.0,6,2,1.0
1697036,test,a38_39,3.2317793,1.4840773,1.0,3,3,1.0,2,2,1.0
1698170,test,a38_39,2.346062,0.00086969405,1.0,3,3,1.0,2,2,1.0
1700031,test,a38_39,3.1834383,3.282534,1.0,3,3,1.0,2,4,1.0
1701003,test,a38_39,3.3336425,3.8529587,1.0,3,3,1.0,2,6,1.0
1711003,test,a38_39,2.3475647,0.0,0.0,3,-1,0.0,2,-1,0.0
1711171,test,a38_39,3.6269162,3.6634784,1.0,3,3,1.0,2,2,1.0
1732005,test,a38_39,2.3581436,3.150554,1.0,3,3,1.0,2,4,1.0
1762187,test,a38_39,1.7616905,0.0,1.0,2,2,1.0,2,3,1.0
1786187,test,a38_39,3.5334535,3.3020296,1.0,3,3,1.0,2,2,1.0
1837006,test,a38_39,3.6415458,2.8639922,1.0,3,3,1.0,2,2,1.0
1850172,test,a38_39,1.9895005,3.312707,1.0,3,3,1.0,2,2,1.0
1878030,test,a38_39,2.8953168,4.103497,1.0,3,2,1.0,2,4,1.0
1879030,test,a38_39,3.6377296,4.0583324,1.0,3,3,1.0,2,2,1.0
1905004,test,a38_39,3.7903142,4.316903,1.0,3,3,1.0,2,2,1.0
1919009,test,a38_39,3.0854769,1.6758715,1.0,3,3,1.0,2,2,1.0
1935004,test,a38_39,2.5865378,2.953849,1.0,3,3,1.0,2,2,1.0
1936030,test,a38_39,2.1582558,1.0134155,1.0,3,3,1.0,2,2,1.0
1978171,test,a38_39,2.5363522,2.7871172,1.0,3,3,1.0,2,2,1.0
2030031,test,a38_39,2.8137746,3.1751428,1.0,3,3,1.0,2,2,1.0
2117003,test,a38_39,2.8107133,2.6426997,1.0,3,3,1.0,2,2,1.0
2150172,test,a38_39,1.9711311,2.1172922,1.0,3,3,1.0,2,2,1.0
2199182,test,a38_39,2.466536,3.7052534,1.0,3,2,1.0,2,2,1.0
2206030,test,a38_39,3.5729666,1.7450649,1.0,3,3,1.0,2,2,1.0
2212031,test,a38_39,4.0604258,4.496284,1.0,3,3,1.0,2,2,1.0
2238004,test,a38_39,3.836865,2.8751705,1.0,3,3,1.0,2,4,1.0
2238172,test,a38_39,2.923071,3.9032092,1.0,3,3,1.0,2,2,1.0
2252172,test,a38_39,3.4549007,2.8751705,1.0,3,3,1.0,2,2,1.0
2255030,test,a38_39,4.3483977,4.374246,1.0,3,3,1.0,2,2,1.0
2277008,test,a38_39,2.7101147,2.8474362,1.0,3,3,1.0,2,2,1.0
2311172,test,a38_39,1.9356425,2.7029045,1.0,3,3,1.0,2,2,1.0
2330003,test,a38_39,3.9235234,3.9039345,1.0,3,3,1.0,2,2,1.0
2338003,test,a38_39,3.504138,4.347552,1.0,3,3,1.0,2,2,1.0
2341004,test,a38_39,3.1648338,3.5010288,1.0,3,3,1.0,2,4,1.0
2341005,test,a38_39,2.8857386,0.0,1.0,3,3,1.0,2,2,1.0
2354004,test,a38_39,1.9747965,2.3049343,1.0,3,3,1.0,2,2,1.0
2392004,test,a38_39,2.377213,2.9341648,1.0,3,3,1.0,2,2,1.0
2393005,test,a38_39,4.114518,3.507782,1.0,3,3,1.0,2,2,1.0
2393171,test,a38_39,3.193715,4.208233,1.0,3,3,1.0,2,2,1.0
2409006,test,a38_39,3.0777519,0.0,0.0,3,-1,0.0,2,-1,0.0
2409171,test,a38_39,2.6073916,2.6426997,1.0,3,3,1.0,2,3,1.0
2422178,test,a38_39,3.7034574,3.3621042,1.0,3,3,1.0,2,2,1.0
2459030,test,a38_39,3.0474002,3.924717,1.0,3,3,1.0,2,2,1.0
2474030,test,a38_39,3.3362274,4.0688195,1.0,3,3,1.0,2,2,1.0
2474171,test,a38_39,2.5746102,0.0,1.0,3,2,1.0,2,2,1.0
2485173,test,a38_39,2.7574956,2.1378505,1.0,3,2,1.0,2,6,1.0
2496172,test,a38_39,3.0168476,3.3488646,1.0,3,3,1.0,2,2,1.0
2502005,test,a38_39,3.4337568,3.390585,1.0,3,3,1.0,2,2,1.0
2510171,test,a38_39,2.8524523,4.289796,1.0,3,3,1.0,2,2,1.0
2525174,test,a38_39,2.5486984,1.9848303,1.0,3,2,1.0,2,2,1.0
2530184,test,a38_39,2.5208123,1.403595,1.0,3,2,1.0,2,2,1.0
2547171,test,a38_39,3.7593584,4.568962,1.0,3,3,1.0,2,2,1.0
2580030,test,a38_39,4.3195224,4.819106,1.0,3,3,1.0,2,2,1.0
2593171,test,a38_39,3.2893932,4.559393,1.0,3,3,1.0,2,4,1.0
2615031,test,a38_39,3.427653,3.192419,1.0,3,3,1.0,2,2,1.0
2642030,test,a38_39,2.5467603,3.8566759,1.0,3,3,1.0,2,4,1.0
2655002,test,a38_39,1.4979036,0.0,0.0,2,-1,0.0,2,-1,0.0
2705031,test,a38_39,3.8443642,4.0177207,1.0,3,3,1.0,2,4,1.0
2707179,test,a38_39,3.3846676,3.1407087,1.0,3,3,1.0,2,2,1.0
2714031,test,a38_39,3.554864,3.5910182,1.0,3,3,1.0,2,2,1.0
2717004,test,a38_39,4.063487,3.7156205,1.0,3,3,1.0,2,2,1.0
2738171,test,a38_39,4.1038384,4.1992106,1.0,3,3,1.0,2,2,1.0
2794003,test,a38_39,3.8322637,3.6167965,1.0,3,3,1.0,2,2,1.0
2845030,test,a38_39,2.5481222,3.32431,1.0,3,3,1.0,2,2,1.0
2847030,test,a38_39,2.9576612,3.4514334,1.0,3,3,1.0,4,4,1.0
2848174,test,a38_39,1.9378736,0.0,1.0,3,2,1.0,6,2,1.0
2852006,test,a38_39,1.62623,2.8745651,1.0,2,2,1.0,2,2,1.0
2852030,test,a38_39,3.5098329,1.7578189,1.0,3,3,1.0,2,2,1.0
2869170,test,a38_39,3.6129208,4.296681,1.0,3,3,1.0,2,2,1.0
2897006,test,a38_39,3.160332,2.8997164,1.0,3,3,1.0,2,2,1.0
2900171,test,a38_39,4.0298624,3.857261,1.0,3,3,1.0,2,2,1.0
2907006,test,a38_39,3.1383417,2.8441474,1.0,3,3,1.0,2,2,1.0
2920030,test,a38_39,3.3741193,3.5910182,1.0,3,2,1.0,2,4,1.0
3107001,test,a38_39,3.2936344,3.660574,1.0,3,3,1.0,2,2,1.0
3137007,test,a38_39,2.2491107,2.908521,1.0,3,3,1.0,6,6,1.0
3283002,test,a38_39,3.709044,3.2907898,1.0,3,3,1.0,2,6,1.0
3492001,test,a38_39,3.2029493,0.3199841,1.0,3,2,1.0,6,2,1.0
5016170,test,a38_39,3.0866406,1.8830991,1.0,3,3,1.0,4,4,1.0
5082003,test,a38_39,3.3527381,3.916388,1.0,3,3,1.0,2,4,1.0
5145032,test,a38_39,3.1163342,0.0,1.0,3,2,1.0,6,6,1.0
5163030,test,a38_39,3.0867019,2.874842,1.0,3,3,1.0,2,4,1.0
5177171,test,a38_39,1.7256784,0.5026926,1.0,2,3,1.0,6,6,1.0
5199178,test,a38_39,3.0004222,3.016735,1.0,3,3,1.0,2,2,1.0
5241030,test,a38_39,2.4439862,3.3928792,1.0,3,3,1.0,6,6,1.0
5264004,test,a38_39,3.274738,3.4920115,1.0,3,3,1.0,2,2,1.0
5294003,test,a38_39,3.6013284,3.5534267,1.0,3,3,1.0,2,2,1.0
5299172,test,a38_39,3.1519217,2.7591305,1.0,3,3,1.0,2,2,1.0
5306002,test,a38_39,2.4766989,0.5325506,1.0,3,2,1.0,2,6,1.0
5350030,test,a38_39,2.4486208,3.4463062,1.0,3,3,1.0,4,6,1.0
5364006,test,a38_39,3.2579613,3.6436281,1.0,3,2,1.0,6,6,1.0
5366033,test,a38_39,2.7278514,3.6539025,1.0,3,3,1.0,4,4,1.0
5406173,test,a38_39,2.8746889,3.4896688,1.0,3,3,1.0,2,4,1.0
5424030,test,a38_39,2.1793056,3.3914385,1.0,3,3,1.0,6,6,1.0
5425003,test,a38_39,1.6524245,2.986773,1.0,3,3,1.0,2,2,1.0
5430031,test,a38_39,1.8666472,0.0,1.0,3,2,1.0,6,6,1.0
5430171,test,a38_39,2.7044282,3.2527912,1.0,3,3,1.0,6,6,1.0
5443007,test,a38_39,1.9413096,0.0,1.0,3,2,1.0,2,2,1.0
5464032,test,a38_39,2.910491,3.0959985,1.0,3,3,1.0,4,2,1.0
5488007,test,a38_39,2.872538,2.388837,1.0,3,3,1.0,2,2,1.0
5494005,test,a38_39,2.7889388,2.6712263,1.0,3,3,1.0,6,6,1.0
5513030,test,a38_39,2.8046176,1.8739514,1.0,3,3,1.0,6,6,1.0
5549006,test,a38_39,2.5684752,3.2625797,1.0,3,3,1.0,2,3,1.0
5553173,test,a38_39,3.2184587,4.113696,1.0,3,3,1.0,2,2,1.0
5560186,test,a38_39,3.3510954,3.4533525,1.0,3,3,1.0,2,2,1.0
5569009,test,a38_39,3.1373749,1.8774947,1.0,3,3,1.0,2,2,1.0
5570010,test,a38_39,3.2533898,3.7856972,1.0,3,3,1.0,2,4,1.0
5570012,test,a38_39,3.2392616,3.5299022,1.0,3,3,1.0,2,2,1.0
5570033,test,a38_39,3.3541536,3.4081893,1.0,3,3,1.0,2,2,1.0
5576031,test,a38_39,2.4618123,2.8607311,1.0,3,3,1.0,4,2,1.0
5614005,test,a38_39,2.8937912,3.0700378,1.0,3,3,1.0,4,4,1.0
5615010,test,a38_39,2.9521384,3.3347914,1.0,3,3,1.0,6,2,1.0
5615181,test,a38_39,3.4483728,3.64069,1.0,3,3,1.0,2,2,1.0
5621170,test,a38_39,3.245613,2.8751972,1.0,3,3,1.0,2,2,1.0
5626010,test,a38_39,3.016347,3.6983402,1.0,3,3,1.0,2,4,1.0
5634188,test,a38_39,3.217679,3.7130666,1.0,3,3,1.0,2,5,1.0
5635031,test,a38_39,2.8971682,3.0341442,1.0,3,3,1.0,2,2,1.0
5646006,test,a38_39,1.4613725,1.4691843,1.0,3,2,1.0,6,6,1.0
5660005,test,a38_39,3.077382,3.3618436,1.0,3,3,1.0,4,2,1.0
5664003,test,a38_39,1.2606784,2.5328875,1.0,3,3,1.0,6,6,1.0
5676007,test,a38_39,3.272345,3.2290735,1.0,3,3,1.0,2,2,1.0
5678030,test,a38_39,2.0831501,2.5460799,1.0,3,2,1.0,6,6,1.0
5684034,test,a38_39,3.585023,4.285655,1.0,3,3,1.0,2,4,1.0
5784005,test,a38_39,1.0706604,0.98314327,1.0,2,2,1.0,6,6,1.0
5819005,test,a38_39,1.2828585,0.0,1.0,3,2,1.0,6,6,1.0
5821008,test,a38_39,3.2108648,2.9653394,1.0,3,3,1.0,2,2,1.0
5863033,test,a38_39,1.2972848,2.2691305,1.0,2,3,1.0,6,6,1.0
5921003,test,a38_39,2.5802622,2.8987672,1.0,3,3,1.0,4,6,1.0
5922010,test,a38_39,3.2133389,3.0221944,1.0,3,3,1.0,2,6,1.0
5938031,test,a38_39,2.4038327,0.0,1.0,3,2,1.0,6,6,1.0
5960033,test,a38_39,2.5264907,2.9610908,1.0,3,3,1.0,6,6,1.0
5995005,test,a38_39,1.4757407,3.1931083,1.0,3,3,1.0,6,6,1.0
6028032,test,a38_39,2.4490507,3.2903967,1.0,3,3,1.0,6,6,1.0
6030005,test,a38_39,3.3704553,3.3618436,1.0,3,3,1.0,6,6,1.0
6030008,test,a38_39,3.2831292,3.4057453,1.0,3,3,1.0,6,6,1.0
6093006,test,a38_39,0.974527,2.8947754,1.0,2,3,1.0,6,6,1.0
6093011,test,a38_39,2.2978425,2.4029288,1.0,3,3,1.0,6,6,1.0
6114182,test,a38_39,2.8298573,0.0,1.0,3,-1,0.0,4,4,1.0
6120195,test,a38_39,1.6274683,0.0,1.0,2,2,1.0,2,2,1.0
6121030,test,a38_39,3.004263,3.990114,1.0,3,3,1.0,6,6,1.0
6179003,test,a38_39,3.469836,3.4187503,1.0,3,3,1.0,2,2,1.0
6179170,test,a38_39,1.6943525,0.0,1.0,3,2,1.0,2,2,1.0
6191006,test,a38_39,2.6248517,3.497985,1.0,3,3,1.0,4,2,1.0
6200175,test,a38_39,3.5601592,0.0,0.0,3,-1,0.0,2,-1,0.0
6210007,test,a38_39,3.5434918,3.3717976,1.0,3,3,1.0,2,2,1.0
6210008,test,a38_39,2.867342,2.1378505,1.0,3,2,1.0,6,2,1.0
6350007,test,a38_39,2.5273726,3.0180361,1.0,3,3,1.0,2,2,1.0
6365010,test,a38_39,1.547738,2.5992112,1.0,3,3,1.0,6,6,1.0
6365011,test,a38_39,2.5475576,0.0,1.0,3,2,1.0,2,2,1.0
6365177,test,a38_39,2.9065757,3.1111588,1.0,3,3,1.0,2,2,1.0
6381008,test,a38_39,2.9941082,4.452307,1.0,3,2,1.0,2,4,1.0
6444003,test,a38_39,2.9005475,3.2238517,1.0,3,3,1.0,2,2,1.0
6475006,test,a38_39,0.8604715,1.6452125,1.0,2,3,1.0,6,6,1.0
6475007,test,a38_39,0.91387045,2.188878,1.0,2,3,1.0,6,6,1.0
6509004,test,a38_39,2.8367076,3.403105,1.0,3,3,1.0,2,2,1.0
6545008,test,a38_39,3.5459626,3.8777459,1.0,3,3,1.0,2,2,1.0
6571003,test,a38_39,2.8575726,3.6925054,1.0,3,3,1.0,6,6,1.0
6635009,test,a38_39,1.0912485,0.0,1.0,3,2,1.0,6,6,1.0
6663030,test,a38_39,3.5530891,3.9113111,1.0,3,3,1.0,2,6,1.0
6674003,test,a38_39,3.4593103,4.0220346,1.0,3,3,1.0,4,3,1.0
6674005,test,a38_39,3.2709527,0.0,1.0,3,2,1.0,4,4,1.0
6736181,test,a38_39,2.9336965,2.6061158,1.0,3,3,1.0,2,2,1.0
6740003,test,a38_39,2.5802562,2.8639922,1.0,3,3,1.0,2,2,1.0
6769008,test,a38_39,2.4232028,0.0,0.0,3,-1,0.0,4,-1,0.0
6779033,test,a38_39,1.3760372,0.0,1.0,2,2,1.0,6,6,1.0
6030,test,a40_41,3.6955028,3.7499423,1.0,3,3,1.0,2,2,1.0
10030,test,a40_41,3.7107425,4.559393,1.0,3,3,1.0,2,2,1.0
41008,test,a40_41,2.27877,0.0,1.0,3,2,1.0,2,3,1.0
68003,test,a40_41,3.7903466,4.0359044,1.0,3,3,1.0,2,2,1.0
127030,test,a40_41,3.4948268,1.9284004,1.0,3,3,1.0,2,2,1.0
127031,test,a40_41,3.6602623,2.6091545,1.0,3,3,1.0,2,4,1.0
129031,test,a40_41,1.2547417,2.0290809,1.0,2,3,1.0,6,6,1.0
129196,test,a40_41,3.1183932,0.0,1.0,3,2,1.0,2,2,1.0
165030,test,a40_41,3.3843946,3.9474757,1.0,3,3,1.0,2,2,1.0
284004,test,a40_41,4.2102227,4.279761,1.0,3,3,1.0,2,2,1.0
301032,test,a40_41,4.141357,4.00551,1.0,3,3,1.0,2,2,1.0
327003,test,a40_41,2.8688762,3.8113515,1.0,3,3,1.0,2,2,1.0
327171,test,a40_41,3.0057673,1.4956659,1.0,3,3,1.0,2,2,1.0
327172,test,a40_41,2.5183396,2.1790605,1.0,3,3,1.0,2,2,1.0
331005,test,a40_41,3.9126189,4.282937,1.0,3,3,1.0,2,2,1.0
344178,test,a40_41,2.7308886,3.44694,1.0,3,3,1.0,2,2,1.0
461030,test,a40_41,3.9475913,2.8327258,1.0,3,3,1.0,2,2,1.0
486004,test,a40_41,3.8166053,3.858834,1.0,3,3,1.0,2,2,1.0
563183,test,a40_41,1.360099,0.0,1.0,2,2,1.0,2,2,1.0
577004,test,a40_41,2.54009,3.18551,1.0,3,3,1.0,2,2,1.0
607030,test,a40_41,3.9471211,4.129383,1.0,3,3,1.0,2,2,1.0
613173,test,a40_41,2.7983122,4.710525,1.0,3,3,1.0,2,2,1.0
634008,test,a40_41,3.3495283,0.0,1.0,3,2,1.0,2,2,1.0
652005,test,a40_41,3.485807,3.578778,1.0,3,3,1.0,2,2,1.0
672003,test,a40_41,1.4782724,3.6452837,1.0,2,3,1.0,2,4,1.0
691175,test,a40_41,3.4324129,3.0671463,1.0,3,3,1.0,2,2,1.0
699031,test,a40_41,1.9731238,3.5188198,1.0,3,3,1.0,2,6,1.0
722178,test,a40_41,1.173059,2.6435707,1.0,2,2,1.0,2,2,1.0
771003,test,a40_41,2.9790802,3.6737127,1.0,3,3,1.0,4,2,1.0
775005,test,a40_41,3.5753956,0.7834087,1.0,3,2,1.0,2,2,1.0
796006,test,a40_41,3.5396895,3.935453,1.0,3,3,1.0,2,6,1.0
844003,test,a40_41,3.2656708,3.3626049,1.0,3,3,1.0,2,2,1.0
863006,test,a40_41,3.0284972,1.3168756,1.0,3,2,1.0,2,2,1.0
863173,test,a40_41,3.8772125,3.9154449,1.0,3,3,1.0,2,2,1.0
866172,test,a40_41,2.978224,2.6542404,1.0,3,3,1.0,2,2,1.0
868005,test,a40_41,3.6496494,0.0,0.0,3,-1,0.0,2,-1,0.0
875030,test,a40_41,1.7588392,0.0,1.0,3,2,1.0,2,2,1.0
897006,test,a40_41,3.2383952,2.0627527,1.0,3,2,1.0,2,4,1.0
922171,test,a40_41,3.7908552,4.4280105,1.0,3,3,1.0,2,2,1.0
934030,test,a40_41,3.3079057,4.2702847,1.0,3,3,1.0,2,2,1.0
935005,test,a40_41,2.5026767,2.9372149,1.0,3,3,1.0,2,2,1.0
935176,test,a40_41,3.8667755,3.1244323,1.0,3,3,1.0,2,2,1.0
939030,test,a40_41,3.8660412,1.1140053,1.0,3,3,1.0,2,2,1.0
964003,test,a40_41,1.6091837,2.2928271,1.0,3,3,1.0,6,6,1.0
970004,test,a40_41,3.8487568,1.595321,1.0,3,3,1.0,2,2,1.0
982004,test,a40_41,3.4796107,3.5209594,1.0,3,3,1.0,2,2,1.0
1033030,test,a40_41,3.211199,4.8614855,1.0,3,3,1.0,2,2,1.0
1036003,test,a40_41,3.8428342,2.884099,1.0,3,3,1.0,2,2,1.0
1048006,test,a40_41,2.6775277,2.782191,1.0,3,3,1.0,2,2,1.0
1055172,test,a40_41,2.292544,3.6848996,1.0,3,3,1.0,2,2,1.0
1060175,test,a40_41,3.2784805,2.5155134,1.0,3,3,1.0,2,2,1.0
1064171,test,a40_41,4.0287323,3.8597128,1.0,3,3,1.0,2,2,1.0
1072171,test,a40_41,3.86405,3.5870097,1.0,3,3,1.0,2,2,1.0
1084175,test,a40_41,2.1950974,0.12959567,1.0,3,2,1.0,2,2,1.0
1100172,test,a40_41,3.165099,3.9865384,1.0,3,3,1.0,2,2,1.0
1141171,test,a40_41,2.1618435,2.8288498,1.0,3,3,1.0,2,2,1.0
1142030,test,a40_41,3.8977036,3.49205,1.0,3,3,1.0,2,3,1.0
1144032,test,a40_41,3.8151588,4.25247,1.0,3,3,1.0,2,2,1.0
1149171,test,a40_41,3.3010173,3.7665071,1.0,3,3,1.0,2,2,1.0
1162030,test,a40_41,3.023349,3.5748012,1.0,3,3,1.0,2,2,1.0
1167030,test,a40_41,1.6178508,0.0,1.0,3,2,1.0,6,6,1.0
1168008,test,a40_41,2.5010629,3.210248,1.0,3,3,1.0,4,3,1.0
1222179,test,a40_41,2.3496706,2.767858,1.0,3,3,1.0,2,2,1.0
1260008,test,a40_41,2.9075375,2.63554,1.0,3,3,1.0,2,2,1.0
1269030,test,a40_41,3.2865913,4.243668,1.0,3,3,1.0,2,2,1.0
1292030,test,a40_41,3.2503724,0.8605063,1.0,3,2,1.0,4,4,1.0
1298005,test,a40_41,2.5811188,3.515135,1.0,3,3,1.0,2,2,1.0
1306030,test,a40_41,4.426566,4.886779,1.0,3,3,1.0,2,2,1.0
1335179,test,a40_41,2.708688,3.2139137,1.0,3,3,1.0,2,2,1.0
1353030,test,a40_41,1.8193144,0.0,1.0,3,2,1.0,2,2,1.0
1384030,test,a40_41,3.3704143,3.8051383,1.0,3,3,1.0,2,2,1.0
1399008,test,a40_41,2.117929,4.0544734,1.0,3,2,1.0,2,4,1.0
1415004,test,a40_41,2.3914974,2.0535257,1.0,3,2,1.0,2,2,1.0
1430005,test,a40_41,2.469317,0.0,1.0,3,2,1.0,2,6,1.0
1431003,test,a40_41,3.9385037,4.008891,1.0,3,3,1.0,2,2,1.0
1431004,test,a40_41,2.5224404,0.0,1.0,3,2,1.0,2,2,1.0
1431172,test,a40_41,4.022196,4.6023507,1.0,3,3,1.0,2,2,1.0
1462004,test,a40_41,2.4573038,1.7540548,1.0,3,3,1.0,2,2,1.0
1520173,test,a40_41,3.387444,3.8882296,1.0,3,3,1.0,2,2,1.0
1522175,test,a40_41,3.0475817,4.5083756,1.0,3,3,1.0,2,2,1.0
1542006,test,a40_41,3.0877597,4.433782,1.0,3,3,1.0,4,2,1.0
1542177,test,a40_41,3.793272,4.2022185,1.0,3,3,1.0,2,2,1.0
1567031,test,a40_41,3.5458953,3.8071828,1.0,3,3,1.0,2,6,1.0
1608031,test,a40_41,3.0788813,3.1444824,1.0,3,3,1.0,2,4,1.0
1612003,test,a40_41,4.1040864,4.1677203,1.0,3,3,1.0,2,4,1.0
1621003,test,a40_41,2.0170784,3.2300382,1.0,3,3,1.0,2,2,1.0
1648003,test,a40_41,3.8194356,2.9066825,1.0,3,3,1.0,2,2,1.0
1648030,test,a40_41,3.2348034,3.3073823,1.0,3,2,1.0,2,6,1.0
1670172,test,a40_41,3.2686083,2.9212708,1.0,3,3,1.0,2,2,1.0
1684170,test,a40_41,1.0577999,0.0,0.0,2,-1,0.0,2,-1,0.0
1690030,test,a40_41,4.00411,3.6953304,1.0,3,3,1.0,2,2,1.0
1692176,test,a40_41,3.2641263,3.8142254,1.0,3,3,1.0,2,2,1.0
1695030,test,a40_41,2.8613613,2.9304814,1.0,3,3,1.0,6,2,1.0
1697036,test,a40_41,3.2787566,0.0,1.0,3,3,1.0,2,2,1.0
1698170,test,a40_41,2.3724854,2.7524128,1.0,3,3,1.0,2,2,1.0
1700031,test,a40_41,3.1937807,3.4132857,1.0,3,3,1.0,2,4,1.0
1701003,test,a40_41,3.3536165,4.083866,1.0,3,3,1.0,2,6,1.0
1711003,test,a40_41,2.3703675,2.6030054,1.0,3,3,1.0,2,2,1.0
1711171,test,a40_41,3.6374693,1.7564632,1.0,3,3,1.0,2,2,1.0
1732005,test,a40_41,2.4094598,3.6597633,1.0,3,3,1.0,2,4,1.0
1762187,test,a40_41,1.7901351,2.3030276,1.0,2,3,1.0,2,3,1.0
1786187,test,a40_41,3.541017,3.3871381,1.0,3,3,1.0,2,2,1.0
1837006,test,a40_41,3.6360345,2.9212708,1.0,3,3,1.0,2,2,1.0
1850172,test,a40_41,2.0246615,3.478806,1.0,3,3,1.0,2,2,1.0
1878030,test,a40_41,2.9255388,0.0,1.0,3,2,1.0,2,4,1.0
1879030,test,a40_41,3.6419916,4.0048003,1.0,3,3,1.0,2,2,1.0
1905004,test,a40_41,3.7906792,3.8047087,1.0,3,3,1.0,2,2,1.0
1919009,test,a40_41,3.1077368,2.2302382,1.0,3,3,1.0,2,2,1.0
1935004,test,a40_41,2.6184762,3.016735,1.0,3,3,1.0,2,2,1.0
1936030,test,a40_41,2.1852539,1.4956659,1.0,3,3,1.0,2,2,1.0
1978171,test,a40_41,2.560591,2.6840017,1.0,3,3,1.0,2,2,1.0
2030031,test,a40_41,2.8364182,3.3526871,1.0,3,3,1.0,2,2,1.0
2117003,test,a40_41,2.8452682,2.4012594,1.0,3,3,1.0,2,2,1.0
2150172,test,a40_41,2.0072076,2.8005123,1.0,3,2,1.0,2,2,1.0
2199182,test,a40_41,2.4907587,4.0846477,1.0,3,3,1.0,2,2,1.0
2206030,test,a40_41,3.5814805,2.9928195,1.0,3,3,1.0,2,2,1.0
2212031,test,a40_41,4.084837,4.4331484,1.0,3,3,1.0,2,2,1.0
2238004,test,a40_41,3.8548176,3.9032092,1.0,3,3,1.0,2,4,1.0
2238172,test,a40_41,2.9500928,4.278098,1.0,3,3,1.0,2,3,1.0
2252172,test,a40_41,3.4684587,3.153995,1.0,3,3,1.0,2,2,1.0
2255030,test,a40_41,4.356844,4.886779,1.0,3,3,1.0,2,2,1.0
2277008,test,a40_41,2.731872,2.7901263,1.0,3,3,1.0,2,2,1.0
2311172,test,a40_41,1.9668055,0.74044657,1.0,3,3,1.0,2,2,1.0
2330003,test,a40_41,3.9337435,3.858834,1.0,3,3,1.0,2,2,1.0
2338003,test,a40_41,3.511543,4.6548495,1.0,3,3,1.0,2,2,1.0
2341004,test,a40_41,3.1736503,3.0886452,1.0,3,3,1.0,2,4,1.0
2341005,test,a40_41,2.8832943,2.4084687,1.0,3,3,1.0,2,2,1.0
2354004,test,a40_41,2.01159,2.5044913,1.0,3,3,1.0,2,2,1.0
2392004,test,a40_41,2.4001162,0.0,0.0,3,-1,0.0,2,-1,0.0
2393005,test,a40_41,4.1186953,3.6807222,1.0,3,3,1.0,2,2,1.0
2393171,test,a40_41,3.208046,3.9681766,1.0,3,3,1.0,2,2,1.0
2409006,test,a40_41,3.0698414,0.0,0.0,3,-1,0.0,2,-1,0.0
2409171,test,a40_41,2.6328857,3.0480464,1.0,3,3,1.0,2,4,1.0
2422178,test,a40_41,3.727066,3.4296312,1.0,3,3,1.0,2,2,1.0
2459030,test,a40_41,3.0729878,3.9497616,1.0,3,3,1.0,2,2,1.0
2474030,test,a40_41,3.354473,4.079769,1.0,3,3,1.0,2,2,1.0
2474171,test,a40_41,2.6046832,0.0,1.0,3,2,1.0,2,2,1.0
2485173,test,a40_41,2.7928398,2.5871267,1.0,3,3,1.0,2,4,1.0
2496172,test,a40_41,3.0203748,3.3445346,1.0,3,3,1.0,2,2,1.0
2502005,test,a40_41,3.443069,3.3588138,1.0,3,3,1.0,2,2,1.0
2510171,test,a40_41,2.8738647,4.455336,1.0,3,3,1.0,2,2,1.0
2525174,test,a40_41,2.576894,0.0,1.0,3,2,1.0,2,2,1.0
2530184,test,a40_41,2.548046,0.0,1.0,3,2,1.0,2,2,1.0
2547171,test,a40_41,3.764784,4.540295,1.0,3,3,1.0,2,2,1.0
2580030,test,a40_41,4.3278704,4.8289323,1.0,3,3,1.0,2,2,1.0
2593171,test,a40_41,3.309911,4.5567827,1.0,3,3,1.0,2,4,1.0
2615031,test,a40_41,3.445282,3.1635318,1.0,3,3,1.0,2,2,1.0
2642030,test,a40_41,2.5683467,3.5686162,1.0,3,3,1.0,2,2,1.0
2655002,test,a40_41,1.5442585,0.0,1.0,3,2,1.0,2,2,1.0
2705031,test,a40_41,3.8633192,3.5910182,1.0,3,3,1.0,2,4,1.0
2707179,test,a40_41,3.393699,3.1097243,1.0,3,3,1.0,2,2,1.0
2714031,test,a40_41,3.5751047,4.4998927,1.0,3,3,1.0,2,3,1.0
2717004,test,a40_41,4.0779557,3.5781584,1.0,3,3,1.0,2,2,1.0
2738171,test,a40_41,4.120692,4.0232816,1.0,3,3,1.0,2,2,1.0
2794003,test,a40_41,3.8307824,3.718102,1.0,3,3,1.0,2,2,1.0
2845030,test,a40_41,2.5899224,3.4900744,1.0,3,3,1.0,2,2,1.0
2847030,test,a40_41,2.9717607,3.4371748,1.0,3,3,1.0,4,4,1.0
2848174,test,a40_41,1.9530067,0.0,1.0,3,3,1.0,6,2,1.0
2852006,test,a40_41,1.6749027,1.7842062,1.0,3,3,1.0,2,2,1.0
2852030,test,a40_41,3.5317297,3.4605064,1.0,3,3,1.0,2,4,1.0
2869170,test,a40_41,3.61872,4.2101345,1.0,3,3,1.0,2,2,1.0
2897006,test,a40_41,3.1749685,0.0,1.0,3,3,1.0,2,2,1.0
2900171,test,a40_41,4.044876,3.6409497,1.0,3,3,1.0,2,2,1.0
2907006,test,a40_41,3.151649,2.6187103,1.0,3,3,1.0,2,2,1.0
2920030,test,a40_41,3.3851016,0.0,0.0,3,-1,0.0,2,-1,0.0
3107001,test,a40_41,3.3048282,3.2733867,1.0,3,3,1.0,2,2,1.0
3137007,test,a40_41,2.2866592,2.5467622,1.0,3,3,1.0,6,6,1.0
3283002,test,a40_41,3.7199507,3.921005,1.0,3,3,1.0,2,6,1.0
3492001,test,a40_41,3.235553,0.0,1.0,3,2,1.0,6,2,1.0
5016170,test,a40_41,3.0928621,2.2421632,1.0,3,3,1.0,4,4,1.0
5082003,test,a40_41,3.367033,3.9932265,1.0,3,3,1.0,2,4,1.0
5145032,test,a40_41,3.1521626,3.1170058,1.0,3,3,1.0,6,6,1.0
5163030,test,a40_41,3.1108434,2.9642875,1.0,3,3,1.0,2,4,1.0
5177171,test,a40_41,1.7542644,0.49211225,1.0,3,2,1.0,6,6,1.0
5199178,test,a40_41,3.0117376,3.59953,1.0,3,3,1.0,2,2,1.0
5241030,test,a40_41,2.4709182,3.5749753,1.0,3,3,1.0,6,6,1.0
5264004,test,a40_41,3.2866447,3.5120373,1.0,3,3,1.0,2,2,1.0
5294003,test,a40_41,3.6063929,3.654262,1.0,3,3,1.0,2,2,1.0
5299172,test,a40_41,3.154397,3.1953952,1.0,3,3,1.0,2,2,1.0
5306002,test,a40_41,2.4964898,0.3266577,1.0,3,2,1.0,2,6,1.0
5350030,test,a40_41,2.467325,3.3050623,1.0,3,3,1.0,4,6,1.0
5364006,test,a40_41,3.2708378,4.7806487,1.0,3,3,1.0,6,6,1.0
5366033,test,a40_41,2.7536926,3.8141546,1.0,3,3,1.0,4,4,1.0
5406173,test,a40_41,2.888414,3.6509905,1.0,3,3,1.0,2,4,1.0
5424030,test,a40_41,2.2062154,1.3657057,1.0,3,3,1.0,6,6,1.0
5425003,test,a40_41,1.6656038,2.8280425,1.0,3,3,1.0,2,2,1.0
5430031,test,a40_41,1.8934778,0.6298249,1.0,3,2,1.0,6,6,1.0
5430171,test,a40_41,2.7317436,2.7871172,1.0,3,3,1.0,6,6,1.0
5443007,test,a40_41,1.9638836,3.016735,1.0,3,3,1.0,2,2,1.0
5464032,test,a40_41,2.9212716,1.6090235,1.0,3,2,1.0,4,2,1.0
5488007,test,a40_41,2.8827868,2.6505947,1.0,3,3,1.0,2,2,1.0
5494005,test,a40_41,2.8095798,3.4877887,1.0,3,3,1.0,6,2,1.0
5513030,test,a40_41,2.8375156,0.0,1.0,3,3,1.0,6,6,1.0
5549006,test,a40_41,2.5795324,3.1447468,1.0,3,2,1.0,2,3,1.0
5553173,test,a40_41,3.231039,4.0601115,1.0,3,3,1.0,2,2,1.0
5560186,test,a40_41,3.3631358,3.5258186,1.0,3,3,1.0,2,2,1.0
5569009,test,a40_41,3.1470103,3.5397089,1.0,3,3,1.0,2,3,1.0
5570010,test,a40_41,3.2548256,3.7746825,1.0,3,3,1.0,2,4,1.0
5570012,test,a40_41,3.2523255,3.5320323,1.0,3,3,1.0,2,2,1.0
5570033,test,a40_41,3.3687012,3.0667183,1.0,3,3,1.0,2,2,1.0
5576031,test,a40_41,2.4784358,2.7843602,1.0,3,3,1.0,4,2,1.0
5614005,test,a40_41,2.9100335,1.4687297,1.0,3,2,1.0,4,4,1.0
5615010,test,a40_41,2.971773,3.456708,1.0,3,3,1.0,6,2,1.0
5615181,test,a40_41,3.4602842,3.760343,1.0,3,3,1.0,2,2,1.0
5621170,test,a40_41,3.2528517,2.9801733,1.0,3,3,1.0,2,2,1.0
5626010,test,a40_41,3.026982,3.3771255,1.0,3,3,1.0,2,4,1.0
5634188,test,a40_41,3.2374146,4.2273045,1.0,3,3,1.0,2,5,1.0
5635031,test,a40_41,2.8984556,2.0191162,1.0,3,2,1.0,2,2,1.0
5646006,test,a40_41,1.498181,0.6864259,1.0,3,2,1.0,6,6,1.0
5660005,test,a40_41,3.0847893,1.360323,1.0,3,3,1.0,4,3,1.0
5664003,test,a40_41,1.2959217,2.423047,1.0,3,2,1.0,6,6,1.0
5676007,test,a40_41,3.2786384,3.4555361,1.0,3,3,1.0,2,2,1.0
5678030,test,a40_41,2.1061866,0.0,1.0,3,2,1.0,6,6,1.0
5684034,test,a40_41,3.592041,3.965506,1.0,3,3,1.0,2,2,1.0
5784005,test,a40_41,1.1049161,0.544594,1.0,2,3,1.0,6,6,1.0
5819005,test,a40_41,1.3139195,0.0,1.0,3,3,1.0,6,6,1.0
5821008,test,a40_41,3.2228665,3.1290631,1.0,3,3,1.0,2,2,1.0
5863033,test,a40_41,1.3338313,2.174519,1.0,2,3,1.0,6,6,1.0
5921003,test,a40_41,2.5954735,3.4085956,1.0,3,3,1.0,4,6,1.0
5922010,test,a40_41,3.2161317,4.886779,1.0,3,3,1.0,2,6,1.0
5938031,test,a40_41,2.4215055,0.0,1.0,3,2,1.0,6,6,1.0
5960033,test,a40_41,2.5486648,3.553619,1.0,3,3,1.0,6,6,1.0
5995005,test,a40_41,1.5093691,0.0,1.0,3,2,1.0,6,6,1.0
6028032,test,a40_41,2.4700933,3.255347,1.0,3,3,1.0,6,6,1.0
6030005,test,a40_41,3.378018,3.3395429,1.0,3,3,1.0,6,2,1.0
6030008,test,a40_41,3.287558,3.1301715,1.0,3,3,1.0,6,2,1.0
6093006,test,a40_41,1.0135177,3.1447468,1.0,3,3,1.0,6,6,1.0
6093011,test,a40_41,2.318839,3.3018157,1.0,3,3,1.0,6,6,1.0
6114182,test,a40_41,2.8435154,0.0,1.0,3,2,1.0,4,4,1.0
6120195,test,a40_41,1.6482329,0.0,1.0,2,3,1.0,2,3,1.0
6121030,test,a40_41,3.023568,3.929484,1.0,3,3,1.0,6,6,1.0
6179003,test,a40_41,3.474263,3.4392455,1.0,3,3,1.0,2,2,1.0
6179170,test,a40_41,1.7185977,0.0,1.0,3,2,1.0,2,2,1.0
6191006,test,a40_41,2.6387796,3.8172607,1.0,3,3,1.0,4,2,1.0
6200175,test,a40_41,3.5663135,3.2527912,1.0,3,3,1.0,2,2,1.0
6210007,test,a40_41,3.5383773,3.212376,1.0,3,3,1.0,2,2,1.0
6210008,test,a40_41,2.8799145,0.0,1.0,3,2,1.0,6,4,1.0
6350007,test,a40_41,2.5448062,3.1544933,1.0,3,3,1.0,2,2,1.0
6365010,test,a40_41,1.5837424,3.0165422,1.0,3,3,1.0,6,6,1.0
6365011,test,a40_41,2.564372,0.0,1.0,3,2,1.0,2,2,1.0
6365177,test,a40_41,2.9220798,3.6634784,1.0,3,3,1.0,2,2,1.0
6381008,test,a40_41,3.0104449,0.0,1.0,3,2,1.0,2,4,1.0
6444003,test,a40_41,2.913078,2.9807694,1.0,3,3,1.0,2,2,1.0
6475006,test,a40_41,0.8938794,0.0,1.0,2,2,1.0,6,6,1.0
6475007,test,a40_41,0.9518398,3.4318714,1.0,3,3,1.0,6,6,1.0
6509004,test,a40_41,2.8658905,3.3419354,1.0,3,3,1.0,2,2,1.0
6545008,test,a40_41,3.5527492,0.0,1.0,3,3,1.0,2,2,1.0
6571003,test,a40_41,2.8705153,4.2124395,1.0,3,3,1.0,6,6,1.0
6635009,test,a40_41,1.1276536,0.0,1.0,3,2,1.0,6,6,1.0
6663030,test,a40_41,3.5626884,4.0755825,1.0,3,3,1.0,2,6,1.0
6674003,test,a40_41,3.4570405,4.3560786,1.0,3,3,1.0,4,4,1.0
6674005,test,a40_41,3.2820492,0.0,1.0,3,2,1.0,4,4,1.0
6736181,test,a40_41,2.9473858,2.6303368,1.0,3,3,1.0,2,2,1.0
6740003,test,a40_41,2.5974476,2.6061158,1.0,3,3,1.0,2,2,1.0
6769008,test,a40_41,2.438646,2.2111993,1.0,3,3,1.0,4,3,1.0
6779033,test,a40_41,1.4057919,0.0,1.0,2,2,1.0,6,6,1.0
6030,test,a42_43,3.6504188,4.018007,1.0,3,3,1.0,2,2,1.0
10030,test,a42_43,3.6722598,4.516398,1.0,3,3,1.0,2,2,1.0
41008,test,a42_43,2.3045487,0.0,1.0,3,2,1.0,2,4,1.0
68003,test,a42_43,3.7939653,3.703213,1.0,3,3,1.0,2,2,1.0
127030,test,a42_43,3.4624088,0.0,0.0,3,-1,0.0,2,-1,0.0
127031,test,a42_43,3.6000504,3.1822217,1.0,3,3,1.0,2,4,1.0
129031,test,a42_43,1.3035641,2.110738,1.0,2,3,1.0,6,6,1.0
129196,test,a42_43,3.1534138,0.0,1.0,3,2,1.0,2,2,1.0
165030,test,a42_43,3.3360014,4.0063634,1.0,3,3,1.0,2,2,1.0
284004,test,a42_43,4.2118125,4.437202,1.0,3,3,1.0,2,2,1.0
301032,test,a42_43,4.132538,3.9811094,1.0,3,3,1.0,2,2,1.0
327003,test,a42_43,2.8361397,3.8643053,1.0,3,3,1.0,2,2,1.0
327171,test,a42_43,2.9742322,2.8548763,1.0,3,3,1.0,2,2,1.0
327172,test,a42_43,2.5229301,3.2091634,1.0,3,3,1.0,2,2,1.0
331005,test,a42_43,3.879747,4.2756553,1.0,3,3,1.0,2,2,1.0
344178,test,a42_43,2.7302556,3.4481115,1.0,3,3,1.0,2,2,1.0
461030,test,a42_43,3.9560757,3.3523545,1.0,3,3,1.0,2,2,1.0
486004,test,a42_43,3.8305078,3.933598,1.0,3,3,1.0,2,2,1.0
563183,test,a42_43,1.4547472,0.0,1.0,2,2,1.0,2,2,1.0
577004,test,a42_43,2.5566053,2.9315493,1.0,3,3,1.0,2,2,1.0
607030,test,a42_43,3.9548144,3.9962149,1.0,3,3,1.0,2,2,1.0
613173,test,a42_43,2.7768583,4.227375,1.0,3,3,1.0,2,2,1.0
634008,test,a42_43,3.3453174,0.0,1.0,3,2,1.0,2,2,1.0
652005,test,a42_43,3.498821,3.6719475,1.0,3,3,1.0,2,2,1.0
672003,test,a42_43,1.5761707,3.808172,1.0,3,3,1.0,2,4,1.0
691175,test,a42_43,3.3737803,3.1299195,1.0,3,3,1.0,2,2,1.0
699031,test,a42_43,2.0076895,3.583789,1.0,3,3,1.0,2,6,1.0
722178,test,a42_43,1.264837,2.521224,1.0,2,3,1.0,2,2,1.0
771003,test,a42_43,2.9668007,3.6820703,1.0,3,3,1.0,2,2,1.0
775005,test,a42_43,3.5639696,0.8922645,1.0,3,2,1.0,2,2,1.0
796006,test,a42_43,3.5507898,3.7072225,1.0,3,3,1.0,2,6,1.0
844003,test,a42_43,3.2842705,3.515213,1.0,3,3,1.0,2,2,1.0
863006,test,a42_43,3.0015883,1.3962052,1.0,3,3,1.0,2,2,1.0
863173,test,a42_43,3.8745332,4.0801353,1.0,3,3,1.0,2,2,1.0
866172,test,a42_43,2.9657657,3.1822217,1.0,3,3,1.0,2,2,1.0
868005,test,a42_43,3.6544113,4.123802,1.0,3,3,1.0,2,2,1.0
875030,test,a42_43,1.8434864,0.0,1.0,3,2,1.0,2,2,1.0
897006,test,a42_43,3.2376616,0.0,1.0,3,2,1.0,2,4,1.0
922171,test,a42_43,3.794928,4.564996,1.0,3,3,1.0,2,2,1.0
934030,test,a42_43,3.2724128,4.243668,1.0,3,3,1.0,2,2,1.0
935005,test,a42_43,2.5400138,2.483961,1.0,3,3,1.0,2,2,1.0
935176,test,a42_43,3.881039,3.3922262,1.0,3,3,1.0,2,2,1.0
939030,test,a42_43,3.8394241,0.0,1.0,3,2,1.0,2,2,1.0
964003,test,a42_43,1.6714861,2.023317,1.0,3,3,1.0,6,6,1.0
970004,test,a42_43,3.8636613,3.4467251,1.0,3,3,1.0,2,2,1.0
982004,test,a42_43,3.4988391,3.616172,1.0,3,3,1.0,2,2,1.0
1033030,test,a42_43,3.1829464,4.886779,1.0,3,3,1.0,2,2,1.0
1036003,test,a42_43,3.8483586,3.3667955,1.0,3,3,1.0,2,2,1.0
1048006,test,a42_43,2.687871,2.895511,1.0,3,3,1.0,2,2,1.0
1055172,test,a42_43,2.345169,3.6527476,1.0,3,3,1.0,2,2,1.0
1060175,test,a42_43,3.266962,2.5045755,1.0,3,3,1.0,2,2,1.0
1064171,test,a42_43,4.031845,4.023821,1.0,3,3,1.0,2,2,1.0
1072171,test,a42_43,3.869223,2.8696802,1.0,3,3,1.0,2,2,1.0
1084175,test,a42_43,2.2288306,0.0,1.0,3,2,1.0,2,2,1.0
1100172,test,a42_43,3.175681,3.9111626,1.0,3,3,1.0,2,2,1.0
1141171,test,a42_43,2.208795,3.0497952,1.0,3,3,1.0,2,4,1.0
1142030,test,a42_43,3.8948658,3.3326652,1.0,3,3,1.0,2,4,1.0
1144032,test,a42_43,3.8177848,4.289485,1.0,3,3,1.0,2,2,1.0
1149171,test,a42_43,3.2736273,3.9254675,1.0,3,3,1.0,2,2,1.0
1162030,test,a42_43,3.0350113,3.525854,1.0,3,3,1.0,2,2,1.0
1167030,test,a42_43,1.7078238,0.0,1.0,3,3,1.0,6,6,1.0
1168008,test,a42_43,2.5539386,3.535023,1.0,3,3,1.0,4,3,1.0
1222179,test,a42_43,2.3572392,2.8725085,1.0,3,3,1.0,2,2,1.0
1260008,test,a42_43,2.9155376,2.7313974,1.0,3,3,1.0,2,2,1.0
1269030,test,a42_43,3.2903988,4.3682094,1.0,3,3,1.0,2,2,1.0
1292030,test,a42_43,3.2402124,0.0,1.0,3,2,1.0,4,4,1.0
1298005,test,a42_43,2.597449,3.5551443,1.0,3,3,1.0,2,2,1.0
1306030,test,a42_43,4.4224024,4.886779,1.0,3,3,1.0,2,2,1.0
1335179,test,a42_43,2.7255244,3.439407,1.0,3,3,1.0,2,2,1.0
1353030,test,a42_43,1.9069054,0.0,1.0,3,2,1.0,2,2,1.0
1384030,test,a42_43,3.3666687,3.6010532,1.0,3,3,1.0,2,2,1.0
1399008,test,a42_43,2.1407077,4.2632937,1.0,3,2,1.0,2,4,1.0
1415004,test,a42_43,2.401924,1.6088175,1.0,3,3,1.0,2,2,1.0
1430005,test,a42_43,2.491396,0.0,1.0,3,2,1.0,2,6,1.0
1431003,test,a42_43,3.9482706,4.011046,1.0,3,3,1.0,2,2,1.0
1431004,test,a42_43,2.5343451,1.4956659,1.0,3,3,1.0,2,2,1.0
1431172,test,a42_43,4.028674,4.584402,1.0,3,3,1.0,2,2,1.0
1462004,test,a42_43,2.4832249,3.3424077,1.0,3,3,1.0,2,2,1.0
1520173,test,a42_43,3.3630414,3.747171,1.0,3,3,1.0,2,2,1.0
1522175,test,a42_43,3.0339446,4.696712,1.0,3,3,1.0,2,2,1.0
1542006,test,a42_43,3.095117,4.3451347,1.0,3,3,1.0,4,2,1.0
1542177,test,a42_43,3.785677,4.0403357,1.0,3,3,1.0,2,2,1.0
1567031,test,a42_43,3.549222,3.7483754,1.0,3,3,1.0,2,6,1.0
1608031,test,a42_43,3.0968797,3.5092788,1.0,3,3,1.0,2,4,1.0
1612003,test,a42_43,4.1040735,4.0259957,1.0,3,3,1.0,2,4,1.0
1621003,test,a42_43,2.0504928,0.0,1.0,3,3,1.0,2,2,1.0
1648003,test,a42_43,3.8274558,2.5321536,1.0,3,3,1.0,2,2,1.0
1648030,test,a42_43,3.245616,0.6704159,1.0,3,2,1.0,2,6,1.0
1670172,test,a42_43,3.2767425,3.1949477,1.0,3,3,1.0,2,2,1.0
1684170,test,a42_43,1.1475052,3.265041,1.0,2,3,1.0,2,2,1.0
1690030,test,a42_43,4.005796,3.680744,1.0,3,3,1.0,2,2,1.0
1692176,test,a42_43,3.256341,3.9474757,1.0,3,3,1.0,2,2,1.0
1695030,test,a42_43,2.8594847,3.1937861,1.0,3,3,1.0,6,2,1.0
1697036,test,a42_43,3.2290223,1.541289,1.0,3,3,1.0,2,2,1.0
1698170,test,a42_43,2.3796947,2.7459342,1.0,3,3,1.0,2,2,1.0
1700031,test,a42_43,3.2081735,3.5983753,1.0,3,3,1.0,2,4,1.0
1701003,test,a42_43,3.3419013,4.1992106,1.0,3,3,1.0,2,6,1.0
1711003,test,a42_43,2.396123,0.0,1.0,3,2,1.0,2,2,1.0
1711171,test,a42_43,3.653462,0.0,1.0,3,2,1.0,2,2,1.0
1732005,test,a42_43,2.4210274,4.4446826,1.0,3,3,1.0,2,4,1.0
1762187,test,a42_43,1.8172698,1.674252,1.0,2,3,1.0,2,3,1.0
1786187,test,a42_43,3.556663,3.3329153,1.0,3,3,1.0,2,2,1.0
1837006,test,a42_43,3.6376944,2.976302,1.0,3,3,1.0,2,2,1.0
1850172,test,a42_43,2.0686364,3.4697297,1.0,3,3,1.0,2,2,1.0
1878030,test,a42_43,2.9034731,2.5655892,1.0,3,3,1.0,2,4,1.0
1879030,test,a42_43,3.653341,4.0755825,1.0,3,3,1.0,2,2,1.0
1905004,test,a42_43,3.8099182,4.7210507,1.0,3,3,1.0,2,2,1.0
1919009,test,a42_43,3.1006522,2.1802564,1.0,3,3,1.0,2,2,1.0
1935004,test,a42_43,2.6278524,1.0762821,1.0,3,3,1.0,2,2,1.0
1936030,test,a42_43,2.2156973,1.3160636,1.0,3,3,1.0,2,2,1.0
1978171,test,a42_43,2.5638545,2.9928195,1.0,3,3,1.0,2,2,1.0
2030031,test,a42_43,2.8297963,3.3705976,1.0,3,3,1.0,2,2,1.0
2117003,test,a42_43,2.8432882,2.3713877,1.0,3,3,1.0,2,2,1.0
2150172,test,a42_43,2.0590417,3.0265424,1.0,3,3,1.0,2,4,1.0
2199182,test,a42_43,2.5148044,4.1060762,1.0,3,3,1.0,2,2,1.0
2206030,test,a42_43,3.5895624,2.9993773,1.0,3,3,1.0,2,2,1.0
2212031,test,a42_43,4.040151,4.3677416,1.0,3,3,1.0,2,2,1.0
2238004,test,a42_43,3.8543363,4.0907726,1.0,3,3,1.0,2,4,1.0
2238172,test,a42_43,2.948191,4.4151845,1.0,3,3,1.0,2,4,1.0
2252172,test,a42_43,3.4880252,3.0762377,1.0,3,3,1.0,2,2,1.0
2255030,test,a42_43,4.3424115,4.6077914,1.0,3,3,1.0,2,2,1.0
2277008,test,a42_43,2.74432,2.9075313,1.0,3,3,1.0,2,2,1.0
2311172,test,a42_43,2.0105634,2.0253,1.0,3,3,1.0,2,2,1.0
2330003,test,a42_43,3.9228067,4.706708,1.0,3,3,1.0,2,2,1.0
2338003,test,a42_43,3.5172257,4.748924,1.0,3,3,1.0,2,2,1.0
2341004,test,a42_43,3.1690202,3.5317435,1.0,3,2,1.0,2,2,1.0
2341005,test,a42_43,2.8914804,4.5817747,1.0,3,3,1.0,2,2,1.0
2354004,test,a42_43,2.0662005,2.3713877,1.0,3,3,1.0,2,2,1.0
2392004,test,a42_43,2.4203792,3.3104866,1.0,3,3,1.0,2,3,1.0
2393005,test,a42_43,4.117454,3.3018157,1.0,3,3,1.0,2,2,1.0
2393171,test,a42_43,3.2275252,4.596202,1.0,3,3,1.0,2,2,1.0
2409006,test,a42_43,3.075512,3.8550358,1.0,3,3,1.0,2,4,1.0
2409171,test,a42_43,2.620572,2.9554553,1.0,3,3,1.0,2,4,1.0
2422178,test,a42_43,3.71669,3.470292,1.0,3,3,1.0,2,2,1.0
2459030,test,a42_43,3.0619621,4.0590634,1.0,3,3,1.0,2,2,1.0
2474030,test,a42_43,3.3426287,4.110122,1.0,3,3,1.0,2,2,1.0
2474171,test,a42_43,2.6314752,0.0,1.0,3,3,1.0,2,2,1.0
2485173,test,a42_43,2.7751412,2.700981,1.0,3,3,1.0,2,2,1.0
2496172,test,a42_43,3.0561028,3.4664924,1.0,3,3,1.0,2,2,1.0
2502005,test,a42_43,3.4443936,4.0467095,1.0,3,3,1.0,2,2,1.0
2510171,test,a42_43,2.859558,4.201887,1.0,3,3,1.0,2,2,1.0
2525174,test,a42_43,2.56715,0.0,1.0,3,2,1.0,2,2,1.0
2530184,test,a42_43,2.5445857,2.1477582,1.0,3,3,1.0,2,2,1.0
2547171,test,a42_43,3.765376,4.3276353,1.0,3,3,1.0,2,2,1.0
2580030,test,a42_43,4.328902,4.7627664,1.0,3,3,1.0,2,2,1.0
2593171,test,a42_43,3.278049,4.5300713,1.0,3,3,1.0,2,4,1.0
2615031,test,a42_43,3.4384823,3.1693892,1.0,3,3,1.0,2,2,1.0
2642030,test,a42_43,2.5648994,3.7204437,1.0,3,3,1.0,2,2,1.0
2655002,test,a42_43,1.6684716,0.0,1.0,3,2,1.0,2,2,1.0
2705031,test,a42_43,3.8372192,3.8177946,1.0,3,3,1.0,2,4,1.0
2707179,test,a42_43,3.4112453,2.8142757,1.0,3,3,1.0,2,2,1.0
2714031,test,a42_43,3.5558815,4.569471,1.0,3,3,1.0,2,4,1.0
2717004,test,a42_43,4.072857,3.5017936,1.0,3,3,1.0,2,2,1.0
2738171,test,a42_43,4.115668,3.9697835,1.0,3,3,1.0,2,2,1.0
2794003,test,a42_43,3.847444,3.6463413,1.0,3,3,1.0,2,2,1.0
2845030,test,a42_43,2.5782576,3.6226897,1.0,3,3,1.0,2,2,1.0
2847030,test,a42_43,2.9810326,3.4256546,1.0,3,3,1.0,4,4,1.0
2848174,test,a42_43,1.988605,2.3689122,1.0,3,3,1.0,6,2,1.0
2852006,test,a42_43,1.8036425,3.0007699,1.0,3,2,1.0,2,3,1.0
2852030,test,a42_43,3.53143,2.2156281,1.0,3,2,1.0,2,4,1.0
2869170,test,a42_43,3.6388605,4.379163,1.0,3,3,1.0,2,2,1.0
2897006,test,a42_43,3.179438,3.6260033,1.0,3,3,1.0,2,2,1.0
2900171,test,a42_43,4.037763,3.7188902,1.0,3,3,1.0,2,2,1.0
2907006,test,a42_43,3.161983,2.8249462,1.0,3,3,1.0,2,2,1.0
2920030,test,a42_43,3.389915,3.3265107,1.0,3,3,1.0,2,4,1.0
3107001,test,a42_43,3.2911677,1.9854654,1.0,3,3,1.0,2,4,1.0
3137007,test,a42_43,2.2869627,2.4228272,1.0,3,2,1.0,6,6,1.0
3283002,test,a42_43,3.7108767,3.9443512,1.0,3,3,1.0,2,6,1.0
3492001,test,a42_43,3.1993496,0.118359506,1.0,3,2,1.0,6,2,1.0
5016170,test,a42_43,3.101793,2.743526,1.0,3,3,1.0,4,4,1.0
5082003,test,a42_43,3.358342,3.938906,1.0,3,3,1.0,2,4,1.0
5145032,test,a42_43,3.1156507,3.1056306,1.0,3,3,1.0,6,6,1.0
5163030,test,a42_43,3.1028519,3.1932871,1.0,3,3,1.0,2,4,1.0
5177171,test,a42_43,1.8036852,0.9682884,1.0,3,2,1.0,6,6,1.0
5199178,test,a42_43,3.0169613,3.7188902,1.0,3,3,1.0,2,2,1.0
5241030,test,a42_43,2.471477,3.4132857,1.0,3,3,1.0,6,6,1.0
5264004,test,a42_43,3.2693295,3.606141,1.0,3,3,1.0,2,2,1.0
5294003,test,a42_43,3.6084013,3.6645775,1.0,3,3,1.0,2,2,1.0
5299172,test,a42_43,3.1666436,3.3685656,1.0,3,3,1.0,2,2,1.0
5306002,test,a42_43,2.4898016,0.0,1.0,3,2,1.0,2,6,1.0
5350030,test,a42_43,2.4794664,3.5163884,1.0,3,3,1.0,4,2,1.0
5364006,test,a42_43,3.26468,4.2447352,1.0,3,3,1.0,6,6,1.0
5366033,test,a42_43,2.7504206,3.8660583,1.0,3,3,1.0,4,4,1.0
5406173,test,a42_43,2.8857217,3.5017936,1.0,3,3,1.0,2,4,1.0
5424030,test,a42_43,2.2461684,2.9297807,1.0,3,3,1.0,6,6,1.0
5425003,test,a42_43,1.7277809,2.960796,1.0,3,3,1.0,2,2,1.0
5430031,test,a42_43,1.9143583,0.0,1.0,3,2,1.0,6,6,1.0
5430171,test,a42_43,2.7454834,3.5347836,1.0,3,3,1.0,6,6,1.0
5443007,test,a42_43,2.007338,1.5825812,1.0,3,3,1.0,2,2,1.0
5464032,test,a42_43,2.934893,3.1379235,1.0,3,3,1.0,4,2,1.0
5488007,test,a42_43,2.8904293,2.7536736,1.0,3,3,1.0,2,2,1.0
5494005,test,a42_43,2.821956,3.4795048,1.0,3,3,1.0,6,2,1.0
5513030,test,a42_43,2.8163679,3.0000806,1.0,3,3,1.0,6,6,1.0
5549006,test,a42_43,2.578904,3.335851,1.0,3,3,1.0,2,4,1.0
5553173,test,a42_43,3.2055993,3.8834674,1.0,3,3,1.0,2,2,1.0
5560186,test,a42_43,3.3650587,3.7111013,1.0,3,3,1.0,2,2,1.0
5569009,test,a42_43,3.1494086,0.0,1.0,3,2,1.0,2,3,1.0
5570010,test,a42_43,3.2630715,3.7150583,1.0,3,3,1.0,2,2,1.0
5570012,test,a42_43,3.2603188,3.6708767,1.0,3,3,1.0,2,2,1.0
5570033,test,a42_43,3.3540368,3.5471745,1.0,3,3,1.0,2,2,1.0
5576031,test,a42_43,2.484945,2.7944415,1.0,3,3,1.0,4,2,1.0
5614005,test,a42_43,2.9155629,0.0,1.0,3,2,1.0,4,4,1.0
5615010,test,a42_43,2.961758,3.4707472,1.0,3,3,1.0,6,2,1.0
5615181,test,a42_43,3.4633243,3.3615167,1.0,3,3,1.0,2,2,1.0
5621170,test,a42_43,3.267096,3.3248508,1.0,3,3,1.0,2,2,1.0
5626010,test,a42_43,3.0248694,3.3940077,1.0,3,2,1.0,2,4,1.0
5634188,test,a42_43,3.2171497,4.25247,1.0,3,2,1.0,2,5,1.0
5635031,test,a42_43,2.9189413,3.5281215,1.0,3,3,1.0,4,2,1.0
5646006,test,a42_43,1.5906907,0.0,1.0,3,2,1.0,6,4,1.0
5660005,test,a42_43,3.086972,3.265041,1.0,3,3,1.0,4,4,1.0
5664003,test,a42_43,1.376087,1.9812955,1.0,3,3,1.0,6,6,1.0
5676007,test,a42_43,3.2883105,3.488077,1.0,3,3,1.0,2,2,1.0
5678030,test,a42_43,2.128885,2.3447468,1.0,3,2,1.0,6,6,1.0
5684034,test,a42_43,3.551674,4.056188,1.0,3,3,1.0,2,2,1.0
5784005,test,a42_43,1.1619732,1.765224,1.0,3,3,1.0,6,6,1.0
5819005,test,a42_43,1.3834968,0.0,1.0,3,2,1.0,6,6,1.0
5821008,test,a42_43,3.2312915,2.9437988,1.0,3,3,1.0,2,2,1.0
5863033,test,a42_43,1.4253516,2.1360953,1.0,2,3,1.0,6,6,1.0
5921003,test,a42_43,2.5990736,3.4678156,1.0,3,3,1.0,4,6,1.0
5922010,test,a42_43,3.22471,3.1974998,1.0,3,3,1.0,2,6,1.0
5938031,test,a42_43,2.442054,0.0,1.0,3,2,1.0,2,6,1.0
5960033,test,a42_43,2.571209,3.5281215,1.0,3,3,1.0,6,6,1.0
5995005,test,a42_43,1.5808233,0.0,1.0,3,2,1.0,6,6,1.0
6028032,test,a42_43,2.4846392,3.5965803,1.0,3,3,1.0,6,6,1.0
6030005,test,a42_43,3.3739455,3.335851,1.0,3,3,1.0,2,2,1.0
6030008,test,a42_43,3.294369,3.1676285,1.0,3,3,1.0,6,2,1.0
6093006,test,a42_43,1.1219342,3.3020296,1.0,3,3,1.0,6,6,1.0
6093011,test,a42_43,2.331328,2.8392694,1.0,3,2,1.0,6,6,1.0
6114182,test,a42_43,2.8430924,0.0,1.0,3,2,1.0,4,2,1.0
6120195,test,a42_43,1.7502663,2.568642,1.0,2,2,1.0,2,4,1.0
6121030,test,a42_43,3.0192761,4.395766,1.0,3,3,1.0,6,4,1.0
6179003,test,a42_43,3.477489,3.4805162,1.0,3,3,1.0,2,2,1.0
6179170,test,a42_43,1.8093092,0.0,1.0,3,2,1.0,2,2,1.0
6191006,test,a42_43,2.640638,1.2621803,1.0,3,3,1.0,4,2,1.0
6200175,test,a42_43,3.5718465,3.5848198,1.0,3,2,1.0,2,2,1.0
6210007,test,a42_43,3.5226555,2.7452414,1.0,3,3,1.0,2,2,1.0
6210008,test,a42_43,2.8909748,0.0,1.0,3,2,1.0,6,4,1.0
6350007,test,a42_43,2.5694873,3.4393446,1.0,3,3,1.0,4,2,1.0
6365010,test,a42_43,1.6674031,3.062897,1.0,3,3,1.0,6,6,1.0
6365011,test,a42_43,2.5822673,0.0,1.0,3,2,1.0,2,2,1.0
6365177,test,a42_43,2.9437838,3.49205,1.0,3,3,1.0,2,2,1.0
6381008,test,a42_43,3.026831,3.0664406,1.0,3,3,1.0,2,4,1.0
6444003,test,a42_43,2.9349933,2.7671056,1.0,3,2,1.0,2,2,1.0
6475006,test,a42_43,0.95365,0.9349168,1.0,2,2,1.0,6,6,1.0
6475007,test,a42_43,1.0475092,3.544934,1.0,3,3,1.0,6,6,1.0
6509004,test,a42_43,2.8587992,3.4451652,1.0,3,3,1.0,2,2,1.0
6545008,test,a42_43,3.5366244,3.8012211,1.0,3,3,1.0,2,2,1.0
6571003,test,a42_43,2.873683,4.1571207,1.0,3,3,1.0,6,6,1.0
6635009,test,a42_43,1.2243339,0.0,1.0,3,2,1.0,6,6,1.0
6663030,test,a42_43,3.555369,4.886779,1.0,3,3,1.0,2,6,1.0
6674003,test,a42_43,3.4535215,3.7940161,1.0,3,3,1.0,4,2,1.0
6674005,test,a42_43,3.2629738,0.0,1.0,3,2,1.0,4,4,1.0
6736181,test,a42_43,2.9606383,2.6496801,1.0,3,3,1.0,2,2,1.0
6740003,test,a42_43,2.608625,2.6917005,1.0,3,3,1.0,2,2,1.0
6769008,test,a42_43,2.4441826,0.0,1.0,3,2,1.0,4,4,1.0
6779033,test,a42_43,1.4392428,0.0,1.0,2,2,1.0,6,6,1.0
6030,test,a44_45,3.6956992,3.6545084,1.0,3,3,1.0,2,2,1.0
10030,test,a44_45,3.7119699,4.4896984,1.0,3,3,1.0,2,2,1.0
41008,test,a44_45,2.3731134,0.0,1.0,3,2,1.0,2,4,1.0
68003,test,a44_45,3.8312678,3.819024,1.0,3,3,1.0,2,2,1.0
127030,test,a44_45,3.5140052,2.281914,1.0,3,3,1.0,2,2,1.0
127031,test,a44_45,3.6551971,3.5618536,1.0,3,3,1.0,2,4,1.0
129031,test,a44_45,1.3676814,1.9444773,1.0,2,3,1.0,6,6,1.0
129196,test,a44_45,3.2072618,0.0,1.0,3,2,1.0,2,2,1.0
165030,test,a44_45,3.394965,4.1461926,1.0,3,3,1.0,2,2,1.0
284004,test,a44_45,4.2398586,4.4692044,1.0,3,3,1.0,2,2,1.0
301032,test,a44_45,4.1611543,4.127631,1.0,3,3,1.0,2,2,1.0
327003,test,a44_45,2.8677752,3.8237772,1.0,3,3,1.0,2,2,1.0
327171,test,a44_45,2.997868,2.8139703,1.0,3,3,1.0,2,2,1.0
327172,test,a44_45,2.5730298,3.7345612,1.0,3,3,1.0,2,2,1.0
331005,test,a44_45,3.90812,4.2899485,1.0,3,3,1.0,2,2,1.0
344178,test,a44_45,2.7764478,3.544934,1.0,3,3,1.0,2,2,1.0
461030,test,a44_45,3.9884977,0.0,1.0,3,3,1.0,2,2,1.0
486004,test,a44_45,3.8673263,3.929022,1.0,3,3,1.0,2,2,1.0
563183,test,a44_45,1.5390472,0.0,1.0,2,2,1.0,2,2,1.0
577004,test,a44_45,2.6040208,3.6034977,1.0,3,3,1.0,2,2,1.0
607030,test,a44_45,3.9993908,4.0534096,1.0,3,3,1.0,2,2,1.0
613173,test,a44_45,2.834282,4.65822,1.0,3,3,1.0,2,2,1.0
634008,test,a44_45,3.3852067,2.6840017,1.0,3,3,1.0,2,2,1.0
652005,test,a44_45,3.547052,3.8279805,1.0,3,3,1.0,2,2,1.0
672003,test,a44_45,1.6633118,3.7935455,1.0,2,3,1.0,2,4,1.0
691175,test,a44_45,3.4260468,3.3115778,1.0,3,3,1.0,2,2,1.0
699031,test,a44_45,2.0764983,3.51425,1.0,3,3,1.0,2,6,1.0
722178,test,a44_45,1.3481222,3.2750242,1.0,2,3,1.0,2,2,1.0
771003,test,a44_45,3.0030074,4.1771755,1.0,3,3,1.0,2,3,1.0
775005,test,a44_45,3.6062458,0.0,1.0,3,2,1.0,2,2,1.0
796006,test,a44_45,3.578301,4.141229,1.0,3,3,1.0,2,6,1.0
844003,test,a44_45,3.3273852,3.8602035,1.0,3,3,1.0,2,2,1.0
863006,test,a44_45,3.0432947,2.9276514,1.0,3,3,1.0,2,2,1.0
863173,test,a44_45,3.9078717,4.001547,1.0,3,3,1.0,2,2,1.0
866172,test,a44_45,3.0185423,3.182386,1.0,3,3,1.0,2,2,1.0
868005,test,a44_45,3.688828,3.982054,1.0,3,3,1.0,2,2,1.0
875030,test,a44_45,1.9242281,0.0,1.0,3,2,1.0,2,2,1.0
897006,test,a44_45,3.2707586,0.0,1.0,3,2,1.0,2,4,1.0
922171,test,a44_45,3.8389037,4.464358,1.0,3,3,1.0,2,2,1.0
934030,test,a44_45,3.322729,4.293851,1.0,3,3,1.0,2,2,1.0
935005,test,a44_45,2.598194,2.7943528,1.0,3,3,1.0,2,2,1.0
935176,test,a44_45,3.9161162,3.7913468,1.0,3,3,1.0,2,2,1.0
939030,test,a44_45,3.875388,0.0,0.0,3,-1,0.0,2,-1,0.0
964003,test,a44_45,1.744811,2.5959773,1.0,3,2,1.0,4,6,1.0
970004,test,a44_45,3.8960652,0.0,0.0,3,-1,0.0,2,-1,0.0
982004,test,a44_45,3.5420132,3.535023,1.0,3,3,1.0,2,2,1.0
1033030,test,a44_45,3.2235765,4.886779,1.0,3,3,1.0,2,2,1.0
1036003,test,a44_45,3.8833008,3.1379235,1.0,3,3,1.0,2,2,1.0
1048006,test,a44_45,2.733971,2.830591,1.0,3,3,1.0,2,2,1.0
1055172,test,a44_45,2.4154296,0.0,0.0,3,-1,0.0,2,-1,0.0
1060175,test,a44_45,3.3194184,3.12007,1.0,3,3,1.0,2,2,1.0
1064171,test,a44_45,4.0592785,4.769345,1.0,3,3,1.0,2,2,1.0
1072171,test,a44_45,3.903073,2.855574,1.0,3,3,1.0,2,2,1.0
1084175,test,a44_45,2.292915,0.0,1.0,3,2,1.0,2,2,1.0
1100172,test,a44_45,3.2221231,3.1936357,1.0,3,3,1.0,2,2,1.0
1141171,test,a44_45,2.2793636,1.0692143,1.0,3,3,1.0,2,4,1.0
1142030,test,a44_45,3.915279,3.2907898,1.0,3,3,1.0,2,4,1.0
1144032,test,a44_45,3.8539133,4.1940236,1.0,3,3,1.0,2,2,1.0
1149171,test,a44_45,3.3065834,3.959156,1.0,3,3,1.0,2,2,1.0
1162030,test,a44_45,3.1110759,3.4265366,1.0,3,3,1.0,2,2,1.0
1167030,test,a44_45,1.8000593,1.8126447,1.0,3,3,1.0,6,6,1.0
1168008,test,a44_45,2.6172054,3.010371,1.0,3,3,1.0,4,3,1.0
1222179,test,a44_45,2.4073532,2.674835,1.0,3,3,1.0,2,2,1.0
1260008,test,a44_45,2.967432,2.8787093,1.0,3,3,1.0,2,2,1.0
1269030,test,a44_45,3.343985,4.6615767,1.0,3,3,1.0,2,2,1.0
1292030,test,a44_45,3.2929683,0.0,1.0,3,2,1.0,4,4,1.0
1298005,test,a44_45,2.6549366,3.5781584,1.0,3,3,1.0,2,2,1.0
1306030,test,a44_45,4.448941,4.886779,1.0,3,3,1.0,2,2,1.0
1335179,test,a44_45,2.7882338,3.6099567,1.0,3,3,1.0,2,2,1.0
1353030,test,a44_45,1.9963074,0.0,1.0,3,2,1.0,2,2,1.0
1384030,test,a44_45,3.438086,3.5587387,1.0,3,3,1.0,2,2,1.0
1399008,test,a44_45,2.2041035,3.9132397,1.0,3,3,1.0,2,4,1.0
1415004,test,a44_45,2.4456306,1.8165611,1.0,3,3,1.0,2,2,1.0
1430005,test,a44_45,2.5344248,0.0,1.0,3,3,1.0,2,6,1.0
1431003,test,a44_45,3.973319,4.032044,1.0,3,3,1.0,2,2,1.0
1431004,test,a44_45,2.5799818,2.5601785,1.0,3,3,1.0,2,2,1.0
1431172,test,a44_45,4.0559616,4.583634,1.0,3,3,1.0,2,2,1.0
1462004,test,a44_45,2.546217,3.4766757,1.0,3,3,1.0,2,2,1.0
1520173,test,a44_45,3.423974,3.8397665,1.0,3,3,1.0,2,2,1.0
1522175,test,a44_45,3.075601,4.651825,1.0,3,3,1.0,2,2,1.0
1542006,test,a44_45,3.1441147,3.2005377,1.0,3,3,1.0,4,2,1.0
1542177,test,a44_45,3.8182082,4.3412447,1.0,3,3,1.0,2,2,1.0
1567031,test,a44_45,3.603415,3.8337054,1.0,3,3,1.0,2,6,1.0
1608031,test,a44_45,3.1643915,3.5350552,1.0,3,3,1.0,2,2,1.0
1612003,test,a44_45,4.137413,3.4995418,1.0,3,3,1.0,2,4,1.0
1621003,test,a44_45,2.1026487,3.456708,1.0,3,3,1.0,2,2,1.0
1648003,test,a44_45,3.8630338,2.9091923,1.0,3,3,1.0,2,2,1.0
1648030,test,a44_45,3.284151,0.553295,1.0,3,2,1.0,2,6,1.0
1670172,test,a44_45,3.3218956,3.416885,1.0,3,3,1.0,2,2,1.0
1684170,test,a44_45,1.2426131,3.3823977,1.0,2,3,1.0,2,2,1.0
1690030,test,a44_45,4.044608,4.214547,1.0,3,3,1.0,2,2,1.0
1692176,test,a44_45,3.3066638,3.6672997,1.0,3,3,1.0,2,2,1.0
1695030,test,a44_45,2.915483,3.1983416,1.0,3,3,1.0,6,2,1.0
1697036,test,a44_45,3.2799098,1.6775823,1.0,3,3,1.0,2,2,1.0
1698170,test,a44_45,2.4298618,2.58183,1.0,3,3,1.0,2,2,1.0
1700031,test,a44_45,3.267059,3.881782,1.0,3,2,1.0,2,2,1.0
1701003,test,a44_45,3.3854184,4.0716443,1.0,3,3,1.0,2,6,1.0
1711003,test,a44_45,2.4503722,0.0,1.0,3,2,1.0,2,2,1.0
1711171,test,a44_45,3.6951594,0.0,0.0,3,-1,0.0,2,-1,0.0
1732005,test,a44_45,2.5004191,3.738171,1.0,3,3,1.0,2,4,1.0
1762187,test,a44_45,1.8823373,2.7413988,1.0,2,3,1.0,2,3,1.0
1786187,test,a44_45,3.6034536,3.563177,1.0,3,3,1.0,2,2,1.0
1837006,test,a44_45,3.6650927,2.9535642,1.0,3,3,1.0,2,2,1.0
1850172,test,a44_45,2.1433167,3.6509905,1.0,3,3,1.0,2,2,1.0
1878030,test,a44_45,2.9520419,2.485891,1.0,3,3,1.0,2,4,1.0
1879030,test,a44_45,3.688027,4.1844926,1.0,3,3,1.0,2,2,1.0
1905004,test,a44_45,3.8574216,3.937253,1.0,3,3,1.0,2,2,1.0
1919009,test,a44_45,3.151056,2.5942936,1.0,3,3,1.0,2,2,1.0
1935004,test,a44_45,2.6920161,2.5154653,1.0,3,3,1.0,2,2,1.0
1936030,test,a44_45,2.2751875,3.025048,1.0,3,3,1.0,2,2,1.0
1978171,test,a44_45,2.6184063,2.7982898,1.0,3,3,1.0,2,2,1.0
2030031,test,a44_45,2.882288,3.12007,1.0,3,3,1.0,2,2,1.0
2117003,test,a44_45,2.899037,2.533896,1.0,3,3,1.0,2,2,1.0
2150172,test,a44_45,2.132075,2.4029288,1.0,3,3,1.0,2,4,1.0
2199182,test,a44_45,2.5732784,4.1311436,1.0,3,3,1.0,2,2,1.0
2206030,test,a44_45,3.6351326,3.6876562,1.0,3,3,1.0,2,2,1.0
2212031,test,a44_45,4.0676584,0.0,0.0,3,-1,0.0,2,-1,0.0
2238004,test,a44_45,3.8966205,3.7364755,1.0,3,3,1.0,2,4,1.0
2238172,test,a44_45,3.0036979,4.594401,1.0,3,3,1.0,2,4,1.0
2252172,test,a44_45,3.5333505,2.9569104,1.0,3,3,1.0,2,2,1.0
2255030,test,a44_45,4.365938,4.886779,1.0,3,3,1.0,2,2,1.0
2277008,test,a44_45,2.793084,2.8933933,1.0,3,3,1.0,2,2,1.0
2311172,test,a44_45,2.0844042,2.0815432,1.0,3,3,1.0,2,2,1.0
2330003,test,a44_45,3.9493227,4.0919957,1.0,3,3,1.0,2,2,1.0
2338003,test,a44_45,3.5631883,4.671329,1.0,3,3,1.0,2,2,1.0
2341004,test,a44_45,3.2153966,3.8012211,1.0,3,2,1.0,2,2,1.0
2341005,test,a44_45,2.9202645,4.886779,1.0,3,3,1.0,2,2,1.0
2354004,test,a44_45,2.1485384,2.4985237,1.0,3,3,1.0,2,2,1.0
2392004,test,a44_45,2.4732234,2.3108797,1.0,3,3,1.0,2,4,1.0
2393005,test,a44_45,4.1484437,3.1619115,1.0,3,3,1.0,2,2,1.0
2393171,test,a44_45,3.2740242,4.4380894,1.0,3,3,1.0,2,2,1.0
2409006,test,a44_45,3.1234922,3.8615713,1.0,3,3,1.0,2,4,1.0
2409171,test,a44_45,2.6642063,2.973692,1.0,3,3,1.0,2,4,1.0
2422178,test,a44_45,3.7677865,3.6084042,1.0,3,3,1.0,2,2,1.0
2459030,test,a44_45,3.114452,4.065095,1.0,3,3,1.0,2,2,1.0
2474030,test,a44_45,3.3878546,3.6439416,1.0,3,3,1.0,2,2,1.0
2474171,test,a44_45,2.6985984,0.0,0.0,3,-1,0.0,2,-1,0.0
2485173,test,a44_45,2.8172047,2.4565563,1.0,3,3,1.0,2,2,1.0
2496172,test,a44_45,3.1082962,3.4912474,1.0,3,3,1.0,2,2,1.0
2502005,test,a44_45,3.486055,3.0863564,1.0,3,3,1.0,2,2,1.0
2510171,test,a44_45,2.9054127,4.201461,1.0,3,3,1.0,2,2,1.0
2525174,test,a44_45,2.6155336,3.460082,1.0,3,2,1.0,2,2,1.0
2530184,test,a44_45,2.599572,2.852689,1.0,3,3,1.0,2,2,1.0
2547171,test,a44_45,3.795596,4.379028,1.0,3,3,1.0,2,2,1.0
2580030,test,a44_45,4.356488,4.831237,1.0,3,3,1.0,2,2,1.0
2593171,test,a44_45,3.316486,4.5944476,1.0,3,3,1.0,2,4,1.0
2615031,test,a44_45,3.4857183,3.4200091,1.0,3,3,1.0,2,2,1.0
2642030,test,a44_45,2.6121895,3.7259781,1.0,3,3,1.0,2,2,1.0
2655002,test,a44_45,1.7935883,0.0,1.0,3,2,1.0,2,2,1.0
2705031,test,a44_45,3.8848743,3.9369006,1.0,3,3,1.0,2,4,1.0
2707179,test,a44_45,3.4605503,2.8540463,1.0,3,3,1.0,2,2,1.0
2714031,test,a44_45,3.6043103,4.123183,1.0,3,3,1.0,2,4,1.0
2717004,test,a44_45,4.108408,3.1718357,1.0,3,3,1.0,2,2,1.0
2738171,test,a44_45,4.152014,4.800682,1.0,3,3,1.0,2,2,1.0
2794003,test,a44_45,3.8912334,3.5488956,1.0,3,3,1.0,2,2,1.0
2845030,test,a44_45,2.6384509,3.4421458,1.0,3,3,1.0,2,2,1.0
2847030,test,a44_45,3.0322535,3.435388,1.0,3,3,1.0,4,4,1.0
2848174,test,a44_45,2.0361845,1.870879,1.0,3,3,1.0,6,2,1.0
2852006,test,a44_45,1.930773,1.8338429,1.0,3,2,1.0,2,4,1.0
2852030,test,a44_45,3.584691,2.9869761,1.0,3,3,1.0,2,4,1.0
2869170,test,a44_45,3.6802912,4.5567827,1.0,3,3,1.0,2,2,1.0
2897006,test,a44_45,3.2308023,2.697948,1.0,3,3,1.0,2,2,1.0
2900171,test,a44_45,4.0732203,2.600042,1.0,3,3,1.0,2,2,1.0
2907006,test,a44_45,3.2011545,0.0,0.0,3,-1,0.0,2,-1,0.0
2920030,test,a44_45,3.4442132,3.6819823,1.0,3,3,1.0,2,4,1.0
3107001,test,a44_45,3.343093,4.01561,1.0,3,3,1.0,2,4,1.0
3137007,test,a44_45,2.3414786,1.9174321,1.0,3,3,1.0,6,6,1.0
3283002,test,a44_45,3.7510023,4.065468,1.0,3,2,1.0,2,2,1.0
3492001,test,a44_45,3.2440186,0.21674845,1.0,3,2,1.0,6,2,1.0
5016170,test,a44_45,3.13949,2.8075144,1.0,3,3,1.0,4,4,1.0
5082003,test,a44_45,3.4053586,4.077138,1.0,3,3,1.0,2,4,1.0
5145032,test,a44_45,3.1636057,3.7119908,1.0,3,3,1.0,6,6,1.0
5163030,test,a44_45,3.1531842,3.60013,1.0,3,3,1.0,2,4,1.0
5177171,test,a44_45,1.8729525,0.8536134,1.0,3,3,1.0,6,6,1.0
5199178,test,a44_45,3.0506203,3.813694,1.0,3,3,1.0,2,2,1.0
5241030,test,a44_45,2.5229273,3.9443512,1.0,3,3,1.0,6,6,1.0
5264004,test,a44_45,3.3000214,3.6067438,1.0,3,3,1.0,2,2,1.0
5294003,test,a44_45,3.6357858,3.7558146,1.0,3,3,1.0,2,2,1.0
5299172,test,a44_45,3.1946588,3.3873496,1.0,3,3,1.0,2,2,1.0
5306002,test,a44_45,2.5334632,1.4095232,1.0,3,3,1.0,4,6,1.0
5350030,test,a44_45,2.5318058,3.545665,1.0,3,3,1.0,4,2,1.0
5364006,test,a44_45,3.3033752,3.901413,1.0,3,2,1.0,6,6,1.0
5366033,test,a44_45,2.8037603,3.978181,1.0,3,3,1.0,4,4,1.0
5406173,test,a44_45,2.9221385,3.4039729,1.0,3,3,1.0,2,4,1.0
5424030,test,a44_45,2.3160484,3.5287027,1.0,3,3,1.0,6,6,1.0
5425003,test,a44_45,1.7931981,3.2001226,1.0,3,3,1.0,2,2,1.0
5430031,test,a44_45,1.9628863,0.94651103,1.0,3,3,1.0,6,6,1.0
5430171,test,a44_45,2.8053818,3.6887305,1.0,3,3,1.0,6,6,1.0
5443007,test,a44_45,2.0736237,2.8802483,1.0,3,3,1.0,2,2,1.0
5464032,test,a44_45,2.9806535,3.486668,1.0,3,3,1.0,4,2,1.0
5488007,test,a44_45,2.92763,2.703032,1.0,3,3,1.0,2,2,1.0
5494005,test,a44_45,2.8760605,3.3568435,1.0,3,3,1.0,6,2,1.0
5513030,test,a44_45,2.8620486,3.2729912,1.0,3,2,1.0,6,6,1.0
5549006,test,a44_45,2.6151292,3.2234797,1.0,3,3,1.0,2,4,1.0
5553173,test,a44_45,3.2367358,3.7351592,1.0,3,3,1.0,2,2,1.0
5560186,test,a44_45,3.4017112,3.9101806,1.0,3,3,1.0,2,2,1.0
5569009,test,a44_45,3.1831658,0.1438407,1.0,3,2,1.0,2,3,1.0
5570010,test,a44_45,3.2938724,3.6708767,1.0,3,3,1.0,2,2,1.0
5570012,test,a44_45,3.3055496,3.6192079,1.0,3,3,1.0,2,2,1.0
5570033,test,a44_45,3.391405,3.7694345,1.0,3,3,1.0,2,2,1.0
5576031,test,a44_45,2.532727,2.7479036,1.0,3,3,1.0,4,2,1.0
5614005,test,a44_45,2.959566,2.8548763,1.0,3,3,1.0,4,4,1.0
5615010,test,a44_45,2.9976685,3.5584557,1.0,3,3,1.0,6,2,1.0
5615181,test,a44_45,3.4989803,3.1251588,1.0,3,3,1.0,2,2,1.0
5621170,test,a44_45,3.3025775,3.3329153,1.0,3,3,1.0,2,2,1.0
5626010,test,a44_45,3.0560594,3.1379235,1.0,3,3,1.0,2,4,1.0
5634188,test,a44_45,3.2618983,0.0,1.0,3,2,1.0,2,5,1.0
5635031,test,a44_45,2.9749103,3.6718059,1.0,3,3,1.0,4,2,1.0
5646006,test,a44_45,1.6848502,1.4624746,1.0,3,3,1.0,6,4,1.0
5660005,test,a44_45,3.1302989,3.4188793,1.0,3,3,1.0,4,4,1.0
5664003,test,a44_45,1.4548334,1.9542142,1.0,3,2,1.0,6,6,1.0
5676007,test,a44_45,3.3251965,3.5589597,1.0,3,3,1.0,2,2,1.0
5678030,test,a44_45,2.189767,0.0,1.0,3,3,1.0,6,6,1.0
5684034,test,a44_45,3.5877004,4.304901,1.0,3,3,1.0,2,2,1.0
5784005,test,a44_45,1.2247049,0.0,1.0,3,2,1.0,6,6,1.0
5819005,test,a44_45,1.4549693,0.0,1.0,3,2,1.0,6,6,1.0
5821008,test,a44_45,3.2756717,3.1327703,1.0,3,3,1.0,2,2,1.0
5863033,test,a44_45,1.511888,2.1044023,1.0,2,3,1.0,6,6,1.0
5921003,test,a44_45,2.6448925,3.2579508,1.0,3,2,1.0,4,6,1.0
5922010,test,a44_45,3.261612,3.2839227,1.0,3,3,1.0,2,6,1.0
5938031,test,a44_45,2.49899,1.6732749,1.0,3,2,1.0,2,6,1.0
5960033,test,a44_45,2.6377082,3.0626745,1.0,3,3,1.0,6,6,1.0
5995005,test,a44_45,1.6582643,0.0,1.0,3,2,1.0,6,6,1.0
6028032,test,a44_45,2.5307608,3.4766757,1.0,3,3,1.0,6,6,1.0
6030005,test,a44_45,3.4156065,3.6509905,1.0,3,3,1.0,2,2,1.0
6030008,test,a44_45,3.3329859,3.1529975,1.0,3,3,1.0,6,2,1.0
6093006,test,a44_45,1.2249621,3.331553,1.0,3,3,1.0,6,6,1.0
6093011,test,a44_45,2.37423,2.8645954,1.0,3,3,1.0,6,6,1.0
6114182,test,a44_45,2.8800871,0.0,1.0,3,2,1.0,4,4,1.0
6120195,test,a44_45,1.8495305,0.0,1.0,2,2,1.0,2,4,1.0
6121030,test,a44_45,3.0727935,4.007859,1.0,3,3,1.0,6,4,1.0
6179003,test,a44_45,3.505868,3.4366326,1.0,3,3,1.0,2,2,1.0
6179170,test,a44_45,1.9092932,0.0,1.0,3,2,1.0,2,2,1.0
6191006,test,a44_45,2.6846,3.7130666,1.0,3,3,1.0,4,2,1.0
6200175,test,a44_45,3.6038837,3.2409673,1.0,3,3,1.0,2,2,1.0
6210007,test,a44_45,3.5464582,2.7840075,1.0,3,3,1.0,2,2,1.0
6210008,test,a44_45,2.931093,2.4192536,1.0,3,3,1.0,6,4,1.0
6350007,test,a44_45,2.6260986,3.3488512,1.0,3,3,1.0,4,2,1.0
6365010,test,a44_45,1.7532535,2.966243,1.0,3,3,1.0,6,6,1.0
6365011,test,a44_45,2.6288211,0.0,1.0,3,2,1.0,2,2,1.0
6365177,test,a44_45,2.9863718,4.579592,1.0,3,2,1.0,2,2,1.0
6381008,test,a44_45,3.0707233,4.0907545,1.0,3,3,1.0,2,4,1.0
6444003,test,a44_45,2.9781096,3.5554013,1.0,3,3,1.0,2,2,1.0
6475006,test,a44_45,1.0177068,2.2798254,1.0,2,3,1.0,6,6,1.0
6475007,test,a44_45,1.1456158,3.49205,1.0,3,3,1.0,6,6,1.0
6509004,test,a44_45,2.9031632,3.5773633,1.0,3,3,1.0,2,2,1.0
6545008,test,a44_45,3.5574946,3.809728,1.0,3,3,1.0,2,2,1.0
6571003,test,a44_45,2.9165986,4.2117763,1.0,3,3,1.0,6,6,1.0
6635009,test,a44_45,1.3099904,0.0,1.0,3,2,1.0,6,6,1.0
6663030,test,a44_45,3.6008158,4.527755,1.0,3,3,1.0,2,6,1.0
6674003,test,a44_45,3.4820302,3.7786224,1.0,3,3,1.0,4,2,1.0
6674005,test,a44_45,3.299539,0.0,0.0,3,-1,0.0,4,-1,0.0
6736181,test,a44_45,2.9993193,2.8547702,1.0,3,3,1.0,2,2,1.0
6740003,test,a44_45,2.655888,3.5209594,1.0,3,3,1.0,2,2,1.0
6769008,test,a44_45,2.48507,0.0,1.0,3,2,1.0,4,4,1.0
6779033,test,a44_45,1.4906949,0.0,1.0,2,2,1.0,6,6,1.0
6820030,test,a30_31,2.6623907,0.0,1.0,3,2,1.0,6,6,1.0
6843006,test,a30_31,0.34159303,0.0,1.0,2,2,1.0,6,2,1.0
6857006,test,a30_31,3.4598603,4.886779,1.0,3,3,1.0,2,3,1.0
6820030,test,a32_33,2.651038,1.6985121,1.0,3,2,1.0,6,6,1.0
6843006,test,a32_33,0.4761026,0.0,1.0,2,2,1.0,6,6,1.0
6857006,test,a32_33,3.466094,2.6426997,1.0,3,3,1.0,2,3,1.0
6820030,test,a34_35,2.6531606,0.0,1.0,3,2,1.0,6,6,1.0
6843006,test,a34_35,0.63504004,0.33577913,1.0,2,2,1.0,6,6,1.0
6857006,test,a34_35,3.4388223,3.9554691,1.0,3,3,1.0,2,4,1.0
6820030,test,a36_37,2.6696894,0.44449985,1.0,3,2,1.0,6,6,1.0
6843006,test,a36_37,0.79257905,1.9499075,1.0,2,3,1.0,6,6,1.0
6857006,test,a36_37,3.4514027,3.1834235,1.0,3,3,1.0,2,2,1.0
6820030,test,a38_39,2.7153733,0.0,1.0,3,2,1.0,6,6,1.0
6843006,test,a38_39,0.9297919,1.9161729,1.0,2,3,1.0,6,6,1.0
6857006,test,a38_39,3.482551,4.07775,1.0,3,3,1.0,2,2,1.0
6820030,test,a40_41,2.7410479,0.0,1.0,3,2,1.0,2,6,1.0
6843006,test,a40_41,0.9736105,1.8969418,1.0,3,2,1.0,6,2,1.0
6857006,test,a40_41,3.4961336,3.766271,1.0,3,3,1.0,2,3,1.0
6820030,test,a42_43,2.748618,0.0,1.0,3,2,1.0,2,6,1.0
6843006,test,a42_43,1.0643569,1.5200922,1.0,3,3,1.0,6,2,1.0
6857006,test,a42_43,3.5058222,3.7407627,1.0,3,3,1.0,2,5,1.0
6820030,test,a44_45,2.810178,0.0,1.0,3,2,1.0,2,6,1.0
6843006,test,a44_45,1.163894,0.0,1.0,3,2,1.0,6,2,1.0
6857006,test,a44_45,3.5516558,4.0956507,1.0,3,3,1.0,2,5,1.0
