ID,split,target_bin,pred_earn,true_earn,mask_earn,pred_emp,true_emp,mask_emp,pred_mar,true_mar,mask_mar
4007,val,a30_31,2.880491,1.2333428,1.0,3,2,1.0,2,2,1.0
6174,val,a30_31,3.704877,3.5177844,1.0,3,3,1.0,2,2,1.0
14004,val,a30_31,3.6367385,3.7227888,1.0,3,3,1.0,2,2,1.0
14172,val,a30_31,0.615806,0.0,1.0,2,2,1.0,2,2,1.0
14173,val,a30_31,2.8563232,3.7706354,1.0,3,3,1.0,2,2,1.0
18031,val,a30_31,0.6048579,0.81838655,1.0,2,2,1.0,2,2,1.0
18185,val,a30_31,2.2721937,0.0,1.0,3,3,1.0,2,3,1.0
23031,val,a30_31,3.4158764,2.8751705,1.0,3,3,1.0,6,6,1.0
40173,val,a30_31,3.7463012,4.076673,1.0,3,3,1.0,2,4,1.0
51171,val,a30_31,3.5315065,3.2225082,1.0,3,3,1.0,2,2,1.0
84005,val,a30_31,3.6811643,4.049696,1.0,3,3,1.0,6,6,1.0
121173,val,a30_31,3.3455446,4.0438795,1.0,3,3,1.0,2,2,1.0
128004,val,a30_31,3.8753843,3.8195267,1.0,3,3,1.0,2,2,1.0
145170,val,a30_31,3.5048466,3.3709557,1.0,3,3,1.0,2,2,1.0
161004,val,a30_31,3.8523908,4.204043,1.0,3,3,1.0,6,6,1.0
172031,val,a30_31,3.4895422,3.4236188,1.0,3,3,1.0,2,2,1.0
174175,val,a30_31,1.7762764,3.4206977,1.0,3,3,1.0,2,2,1.0
221031,val,a30_31,3.8575237,3.6323774,1.0,3,3,1.0,2,2,1.0
223030,val,a30_31,3.748518,3.2050848,1.0,3,2,1.0,2,2,1.0
227003,val,a30_31,4.188451,3.901564,1.0,3,3,1.0,6,2,1.0
257175,val,a30_31,3.3291504,3.1132894,1.0,3,3,1.0,2,2,1.0
263182,val,a30_31,3.602903,3.5551443,1.0,3,3,1.0,2,2,1.0
321005,val,a30_31,1.6044166,0.0,0.0,3,-1,0.0,2,-1,0.0
361175,val,a30_31,2.1812558,2.389918,1.0,3,3,1.0,4,4,1.0
377170,val,a30_31,3.468977,3.303338,1.0,3,3,1.0,2,2,1.0
450030,val,a30_31,3.979121,4.141229,1.0,3,3,1.0,6,6,1.0
465030,val,a30_31,2.777422,2.9653394,1.0,3,3,1.0,4,4,1.0
478030,val,a30_31,2.5130868,2.9689102,1.0,3,2,1.0,6,2,1.0
503031,val,a30_31,2.5482347,3.7946298,1.0,3,3,1.0,2,2,1.0
514172,val,a30_31,3.8239183,3.7249148,1.0,3,3,1.0,2,2,1.0
534030,val,a30_31,3.2328906,3.3445346,1.0,3,3,1.0,2,2,1.0
534171,val,a30_31,3.8529377,3.6154544,1.0,3,3,1.0,2,2,1.0
544170,val,a30_31,2.767078,2.5946815,1.0,3,3,1.0,2,2,1.0
563193,val,a30_31,3.46284,2.9333522,1.0,3,3,1.0,2,2,1.0
577174,val,a30_31,3.2544785,2.6081264,1.0,3,2,1.0,2,2,1.0
613006,val,a30_31,2.9592519,4.2846055,1.0,3,3,1.0,2,6,1.0
618170,val,a30_31,4.0377607,4.2050204,1.0,3,3,1.0,2,2,1.0
631030,val,a30_31,2.685354,0.0,0.0,3,3,1.0,2,2,1.0
633031,val,a30_31,3.165086,3.3445346,1.0,3,3,1.0,6,2,1.0
652173,val,a30_31,3.419201,3.6388054,1.0,3,3,1.0,2,2,1.0
655172,val,a30_31,3.5048738,3.6167312,1.0,3,3,1.0,2,2,1.0
656005,val,a30_31,2.38313,1.7369525,1.0,3,3,1.0,2,2,1.0
691171,val,a30_31,2.9100869,0.0,0.0,3,-1,0.0,2,-1,0.0
738172,val,a30_31,1.8509237,2.6902387,1.0,3,3,1.0,2,2,1.0
751030,val,a30_31,1.6218903,0.0,1.0,2,2,1.0,2,2,1.0
762170,val,a30_31,4.038723,4.4477153,1.0,3,3,1.0,2,2,1.0
783171,val,a30_31,3.4451346,3.4384992,1.0,3,3,1.0,2,2,1.0
863007,val,a30_31,2.4845302,2.2456512,1.0,3,3,1.0,2,2,1.0
893170,val,a30_31,2.8290532,2.9455593,1.0,3,3,1.0,2,2,1.0
894031,val,a30_31,3.5261347,2.461121,1.0,3,3,1.0,2,2,1.0
898181,val,a30_31,2.5620897,3.0409112,1.0,3,2,1.0,2,2,1.0
899003,val,a30_31,3.415411,3.0307395,1.0,3,3,1.0,4,4,1.0
916032,val,a30_31,2.6314201,3.3619723,1.0,3,3,1.0,6,6,1.0
922005,val,a30_31,3.7252104,3.2996137,1.0,3,3,1.0,2,2,1.0
931172,val,a30_31,3.4742403,3.1621735,1.0,3,3,1.0,2,2,1.0
939032,val,a30_31,4.2601233,0.0,1.0,3,3,1.0,2,2,1.0
958030,val,a30_31,3.6244564,3.497985,1.0,3,3,1.0,2,2,1.0
958173,val,a30_31,2.7776852,2.9178963,1.0,3,3,1.0,2,2,1.0
961005,val,a30_31,2.985725,2.9415638,1.0,3,3,1.0,4,4,1.0
961030,val,a30_31,3.165932,3.5397089,1.0,3,3,1.0,6,6,1.0
961175,val,a30_31,3.503058,3.023627,1.0,3,3,1.0,2,2,1.0
1051183,val,a30_31,3.9113345,4.358222,1.0,3,3,1.0,2,2,1.0
1084005,val,a30_31,3.1933804,2.8418088,1.0,3,2,1.0,2,2,1.0
1089003,val,a30_31,3.108792,3.3856127,1.0,3,3,1.0,2,2,1.0
1093003,val,a30_31,0.64257085,0.0,1.0,2,2,1.0,2,2,1.0
1107173,val,a30_31,1.1944095,1.0235457,1.0,3,3,1.0,2,2,1.0
1109174,val,a30_31,1.479059,0.6388453,1.0,3,2,1.0,2,2,1.0
1121030,val,a30_31,3.5141454,3.028002,1.0,3,3,1.0,2,2,1.0
1121175,val,a30_31,2.0112913,1.7948437,1.0,3,3,1.0,2,2,1.0
1125172,val,a30_31,2.6801972,2.3413634,1.0,3,3,1.0,2,2,1.0
1126030,val,a30_31,3.0121841,0.8757976,1.0,3,2,1.0,2,2,1.0
1126176,val,a30_31,1.5871739,4.886779,1.0,3,3,1.0,2,2,1.0
1152180,val,a30_31,3.3675551,3.4580646,1.0,3,3,1.0,2,2,1.0
1164004,val,a30_31,3.2518291,3.0181873,1.0,3,3,1.0,2,2,1.0
1184032,val,a30_31,3.3242803,3.2616544,1.0,3,3,1.0,2,2,1.0
1184033,val,a30_31,1.4547802,3.2050848,1.0,3,3,1.0,6,6,1.0
1185003,val,a30_31,3.5440154,3.8515978,1.0,3,2,1.0,2,2,1.0
1222004,val,a30_31,2.2311196,2.0934732,1.0,3,2,1.0,2,2,1.0
1222006,val,a30_31,3.0333428,3.177607,1.0,3,3,1.0,2,2,1.0
1284170,val,a30_31,3.6780875,3.9491403,1.0,3,3,1.0,2,2,1.0
1292004,val,a30_31,2.686711,1.9329143,1.0,3,2,1.0,2,2,1.0
1314172,val,a30_31,3.3917515,0.0,1.0,3,2,1.0,2,2,1.0
1332005,val,a30_31,4.059395,4.41165,1.0,3,2,1.0,2,4,1.0
1335010,val,a30_31,3.2642374,2.8107677,1.0,3,3,1.0,2,2,1.0
1338003,val,a30_31,3.6090183,3.6048794,1.0,3,3,1.0,6,6,1.0
1345006,val,a30_31,3.1275969,3.5205963,1.0,3,2,1.0,2,4,1.0
1345007,val,a30_31,2.6169035,3.6249468,1.0,3,3,1.0,6,6,1.0
1346030,val,a30_31,3.8399696,0.0,1.0,3,2,1.0,6,2,1.0
1391033,val,a30_31,3.9053054,3.6421258,1.0,3,3,1.0,6,2,1.0
1391175,val,a30_31,0.53154814,0.0,1.0,2,2,1.0,2,2,1.0
1394033,val,a30_31,1.9159471,0.0,1.0,3,2,1.0,4,4,1.0
1397005,val,a30_31,3.6024601,3.6570578,1.0,3,3,1.0,2,2,1.0
1397172,val,a30_31,0.78058434,0.0,1.0,2,2,1.0,2,2,1.0
1426004,val,a30_31,1.3912848,1.5148215,1.0,3,3,1.0,6,2,1.0
1434032,val,a30_31,2.8673651,2.5882483,1.0,3,2,1.0,2,2,1.0
1434170,val,a30_31,3.4068255,2.7760577,1.0,3,3,1.0,2,2,1.0
1435005,val,a30_31,4.0191803,3.8998532,1.0,3,3,1.0,6,6,1.0
1485171,val,a30_31,3.5759718,3.5806315,1.0,3,3,1.0,2,2,1.0
1520031,val,a30_31,3.4238873,3.6576927,1.0,3,3,1.0,4,4,1.0
1540005,val,a30_31,4.252962,4.493356,1.0,3,3,1.0,6,6,1.0
1559003,val,a30_31,4.1228824,4.33515,1.0,3,3,1.0,2,2,1.0
1559170,val,a30_31,3.504416,3.7329192,1.0,3,3,1.0,2,2,1.0
1565180,val,a30_31,3.142355,2.850009,1.0,3,3,1.0,2,2,1.0
1579030,val,a30_31,3.167444,3.539721,1.0,3,3,1.0,2,2,1.0
1613007,val,a30_31,2.6021338,3.3296845,1.0,3,2,1.0,2,2,1.0
1621171,val,a30_31,3.9891086,4.0290737,1.0,3,3,1.0,2,2,1.0
1644004,val,a30_31,3.5355878,3.1041627,1.0,3,2,1.0,2,2,1.0
1652031,val,a30_31,3.285316,3.7628198,1.0,3,3,1.0,2,2,1.0
1682032,val,a30_31,3.1715295,4.232157,1.0,3,3,1.0,6,6,1.0
1684173,val,a30_31,3.3272967,3.0831435,1.0,3,3,1.0,2,2,1.0
1687003,val,a30_31,3.334457,3.0770123,1.0,3,3,1.0,2,2,1.0
1690170,val,a30_31,2.076316,2.9952161,1.0,3,3,1.0,2,2,1.0
1692030,val,a30_31,0.50292337,0.0,1.0,2,2,1.0,2,2,1.0
1695034,val,a30_31,3.3298635,3.154082,1.0,3,3,1.0,2,2,1.0
1701004,val,a30_31,2.5283127,2.9586496,1.0,3,3,1.0,2,2,1.0
1721030,val,a30_31,3.599169,4.218239,1.0,3,3,1.0,4,4,1.0
1723005,val,a30_31,0.52394426,0.0,1.0,2,2,1.0,2,2,1.0
1762030,val,a30_31,2.3860803,1.8541794,1.0,3,3,1.0,2,2,1.0
1762031,val,a30_31,3.6897388,3.4748342,1.0,3,3,1.0,2,2,1.0
1762032,val,a30_31,1.7498089,0.8422866,1.0,3,3,1.0,2,2,1.0
1774170,val,a30_31,3.5145364,3.530886,1.0,3,3,1.0,2,2,1.0
1774171,val,a30_31,3.4796877,3.757377,1.0,3,3,1.0,2,2,1.0
1784171,val,a30_31,3.9221234,4.354948,1.0,3,3,1.0,2,2,1.0
1786191,val,a30_31,3.866324,4.0242934,1.0,3,3,1.0,2,2,1.0
1787005,val,a30_31,3.5076194,3.5573397,1.0,3,3,1.0,4,2,1.0
1787174,val,a30_31,3.1412299,3.4187503,1.0,3,3,1.0,2,2,1.0
1802003,val,a30_31,3.135517,2.8268056,1.0,3,3,1.0,2,2,1.0
1845170,val,a30_31,3.9166207,3.5920963,1.0,3,3,1.0,2,2,1.0
1862171,val,a30_31,3.1210291,1.0280056,1.0,3,3,1.0,2,2,1.0
1898004,val,a30_31,3.5369315,4.0346365,1.0,3,3,1.0,6,6,1.0
1911030,val,a30_31,2.5809448,3.1301715,1.0,3,3,1.0,4,3,1.0
1914003,val,a30_31,0.67527926,0.13113108,1.0,2,3,1.0,2,2,1.0
1919007,val,a30_31,4.114752,3.7895627,1.0,3,3,1.0,2,2,1.0
1954003,val,a30_31,3.5548928,3.2025814,1.0,3,3,1.0,2,2,1.0
1959005,val,a30_31,3.9838772,4.0288734,1.0,3,3,1.0,6,6,1.0
1964031,val,a30_31,1.5222664,0.0,0.0,3,-1,0.0,2,-1,0.0
1972173,val,a30_31,0.69515276,0.0,1.0,2,2,1.0,2,2,1.0
1978030,val,a30_31,3.3585656,3.5649583,1.0,3,3,1.0,2,2,1.0
2005030,val,a30_31,3.1119018,2.9669423,1.0,3,3,1.0,6,6,1.0
2011174,val,a30_31,2.7188509,2.6167932,1.0,3,3,1.0,2,2,1.0
2023030,val,a30_31,3.9551497,4.596575,1.0,3,3,1.0,6,6,1.0
2028030,val,a30_31,3.4051552,3.7856972,1.0,3,3,1.0,4,4,1.0
2055003,val,a30_31,2.4611576,2.474848,1.0,3,3,1.0,2,2,1.0
2067005,val,a30_31,3.7858367,3.8257277,1.0,3,3,1.0,2,2,1.0
2080170,val,a30_31,1.9357741,0.7748619,1.0,3,3,1.0,2,2,1.0
2106171,val,a30_31,0.5941194,0.0,1.0,2,2,1.0,2,2,1.0
2109002,val,a30_31,3.568871,4.0631533,1.0,3,3,1.0,2,2,1.0
2129186,val,a30_31,3.1998236,3.000162,1.0,3,3,1.0,2,2,1.0
2181007,val,a30_31,0.41826487,0.0,1.0,2,2,1.0,6,6,1.0
2181030,val,a30_31,2.8762307,3.2536054,1.0,3,3,1.0,4,4,1.0
2243174,val,a30_31,3.6273556,4.1554103,1.0,3,3,1.0,2,2,1.0
2260173,val,a30_31,2.6913648,1.88501,1.0,3,2,1.0,2,2,1.0
2261030,val,a30_31,3.0592666,2.6918542,1.0,3,3,1.0,2,2,1.0
2271171,val,a30_31,2.8174617,2.9267282,1.0,3,3,1.0,2,2,1.0
2282005,val,a30_31,3.1604881,3.3026655,1.0,3,3,1.0,2,4,1.0
2302195,val,a30_31,0.5394846,0.0,1.0,2,2,1.0,2,2,1.0
2334031,val,a30_31,3.7469232,4.190539,1.0,3,3,1.0,2,2,1.0
2341172,val,a30_31,2.986734,1.6821941,1.0,3,2,1.0,2,2,1.0
2354175,val,a30_31,3.8652618,0.02431143,1.0,3,3,1.0,6,2,1.0
2355004,val,a30_31,1.3825418,2.3455245,1.0,3,3,1.0,4,4,1.0
2391030,val,a30_31,3.6496115,3.3619723,1.0,3,3,1.0,2,2,1.0
2397173,val,a30_31,0.6248572,0.0,1.0,2,2,1.0,2,3,1.0
2408170,val,a30_31,2.9157102,2.1372008,1.0,3,3,1.0,6,2,1.0
2425003,val,a30_31,2.6475222,1.4242183,1.0,3,3,1.0,2,2,1.0
2432030,val,a30_31,0.8352195,0.0,1.0,2,2,1.0,2,4,1.0
2435172,val,a30_31,0.8117049,1.2739747,1.0,2,3,1.0,2,2,1.0
2436174,val,a30_31,0.49935937,0.0,1.0,2,2,1.0,2,2,1.0
2436176,val,a30_31,0.8617699,1.6717893,1.0,2,3,1.0,2,2,1.0
2441003,val,a30_31,1.4759926,2.0608215,1.0,2,3,1.0,2,2,1.0
2441173,val,a30_31,3.4988904,3.6020598,1.0,3,3,1.0,2,2,1.0
2458031,val,a30_31,4.3660297,4.507845,1.0,3,3,1.0,6,6,1.0
2461004,val,a30_31,0.6632066,1.2221372,1.0,2,2,1.0,2,2,1.0
2461030,val,a30_31,3.773914,4.886779,1.0,3,3,1.0,2,2,1.0
2473004,val,a30_31,3.5095356,3.5453892,1.0,3,3,1.0,2,2,1.0
2483030,val,a30_31,3.2934856,1.4439538,1.0,3,2,1.0,2,2,1.0
2503030,val,a30_31,3.9573543,4.153324,1.0,3,3,1.0,6,6,1.0
2510005,val,a30_31,3.723215,3.681525,1.0,3,3,1.0,2,2,1.0
2525003,val,a30_31,3.4467454,1.0911466,1.0,3,2,1.0,2,2,1.0
2529030,val,a30_31,3.3798275,3.6850972,1.0,3,3,1.0,2,2,1.0
2529174,val,a30_31,3.3481467,3.8850634,1.0,3,3,1.0,2,2,1.0
2530003,val,a30_31,1.8591022,2.4984546,1.0,3,3,1.0,2,2,1.0
2530004,val,a30_31,3.1178403,3.1229002,1.0,3,3,1.0,2,2,1.0
2569033,val,a30_31,3.11506,3.1590667,1.0,3,3,1.0,6,2,1.0
2601006,val,a30_31,3.7943997,4.568841,1.0,3,3,1.0,6,2,1.0
2608006,val,a30_31,2.7402325,3.104259,1.0,3,3,1.0,2,2,1.0
2615034,val,a30_31,3.6764379,4.351215,1.0,3,3,1.0,2,2,1.0
2639004,val,a30_31,1.3646721,3.4125912,1.0,3,3,1.0,2,6,1.0
2665177,val,a30_31,0.38366532,0.50427806,1.0,2,2,1.0,6,6,1.0
2672006,val,a30_31,3.6035843,3.8187668,1.0,3,3,1.0,6,6,1.0
2672171,val,a30_31,1.7270554,4.456984,1.0,3,3,1.0,2,4,1.0
2697003,val,a30_31,3.79035,3.9311678,1.0,3,3,1.0,2,4,1.0
2704031,val,a30_31,3.5029984,3.4627373,1.0,3,3,1.0,6,2,1.0
2705030,val,a30_31,3.6181264,3.8132377,1.0,3,3,1.0,2,2,1.0
2707007,val,a30_31,2.7309813,2.7866313,1.0,3,3,1.0,2,2,1.0
2712172,val,a30_31,1.813002,2.5026433,1.0,3,3,1.0,2,2,1.0
2731003,val,a30_31,2.961964,3.2932556,1.0,3,3,1.0,6,6,1.0
2731005,val,a30_31,3.927611,4.5509243,1.0,3,3,1.0,6,6,1.0
2770031,val,a30_31,3.4628372,3.598622,1.0,3,3,1.0,2,2,1.0
2816004,val,a30_31,0.61335933,0.0,1.0,2,2,1.0,2,2,1.0
2910002,val,a30_31,2.9131653,2.9302201,1.0,3,3,1.0,2,2,1.0
3062001,val,a30_31,3.7863002,3.2921891,1.0,3,3,1.0,2,2,1.0
3235002,val,a30_31,2.5566525,2.637326,1.0,3,3,1.0,2,2,1.0
3306001,val,a30_31,4.1875787,4.2639766,1.0,3,3,1.0,2,2,1.0
5015030,val,a30_31,1.9504212,3.053964,1.0,3,3,1.0,2,2,1.0
5048030,val,a30_31,2.7414405,0.9035515,1.0,3,3,1.0,6,6,1.0
5052033,val,a30_31,2.0919816,2.1652112,1.0,3,3,1.0,6,6,1.0
5057008,val,a30_31,0.33302402,0.0,1.0,2,2,1.0,6,6,1.0
5170009,val,a30_31,3.4883027,3.6723797,1.0,3,3,1.0,2,2,1.0
5230008,val,a30_31,3.1349406,3.3242893,1.0,3,3,1.0,2,2,1.0
5299010,val,a30_31,2.0741951,1.4410384,1.0,3,3,1.0,6,6,1.0
5336179,val,a30_31,2.9648962,2.2973404,1.0,3,2,1.0,2,2,1.0
5364005,val,a30_31,2.936211,3.2058682,1.0,3,3,1.0,4,3,1.0
5379004,val,a30_31,3.2511444,2.9469423,1.0,3,3,1.0,4,4,1.0
5430173,val,a30_31,2.9116435,0.0,0.0,3,-1,0.0,6,-1,0.0
5488006,val,a30_31,3.4011693,3.6987822,1.0,3,3,1.0,6,6,1.0
5493007,val,a30_31,0.2868533,0.0,1.0,2,2,1.0,2,5,1.0
5537009,val,a30_31,2.6049,2.2175868,1.0,3,3,1.0,2,2,1.0
5537177,val,a30_31,1.2557893,0.0,1.0,2,2,1.0,2,2,1.0
5537183,val,a30_31,3.6240602,0.0,1.0,3,2,1.0,2,2,1.0
5569010,val,a30_31,3.0003994,3.477633,1.0,3,3,1.0,2,2,1.0
5600005,val,a30_31,1.2189121,2.3809192,1.0,2,2,1.0,6,6,1.0
5615183,val,a30_31,2.7678232,4.037687,1.0,3,3,1.0,2,2,1.0
5749006,val,a30_31,2.0091212,2.652741,1.0,3,3,1.0,4,2,1.0
5822175,val,a30_31,3.0141048,2.9794602,1.0,3,3,1.0,2,2,1.0
5832003,val,a30_31,3.1932173,0.0,0.0,3,-1,0.0,6,-1,0.0
5872005,val,a30_31,0.30899358,0.0,1.0,2,2,1.0,6,6,1.0
5898005,val,a30_31,1.1609756,0.0,1.0,2,2,1.0,6,4,1.0
5904033,val,a30_31,2.8238711,2.6030054,1.0,3,3,1.0,2,3,1.0
5987188,val,a30_31,2.9375057,3.0227742,1.0,3,3,1.0,2,2,1.0
6026005,val,a30_31,3.6259356,3.6704879,1.0,3,3,1.0,6,6,1.0
6026172,val,a30_31,3.6799326,3.7018018,1.0,3,3,1.0,6,6,1.0
6054031,val,a30_31,3.961164,4.3773117,1.0,3,3,1.0,6,6,1.0
6121033,val,a30_31,2.0231855,0.0,0.0,3,2,1.0,6,6,1.0
6156008,val,a30_31,3.3671033,3.766229,1.0,3,3,1.0,6,6,1.0
6157003,val,a30_31,2.8867376,2.724433,1.0,3,3,1.0,2,2,1.0
6210183,val,a30_31,2.4917479,3.5983658,1.0,3,3,1.0,2,2,1.0
6262030,val,a30_31,3.682909,3.6729314,1.0,3,3,1.0,2,2,1.0
6368007,val,a30_31,1.8780482,1.520187,1.0,3,2,1.0,6,6,1.0
6381181,val,a30_31,3.3822575,3.8400397,1.0,3,3,1.0,6,6,1.0
6396003,val,a30_31,1.6008837,1.6638994,1.0,3,3,1.0,4,2,1.0
6431008,val,a30_31,2.8282545,3.2574513,1.0,3,3,1.0,2,2,1.0
6475170,val,a30_31,2.3722606,2.6670494,1.0,3,3,1.0,6,6,1.0
6522004,val,a30_31,0.28380823,0.0,1.0,2,2,1.0,6,6,1.0
6537032,val,a30_31,3.1211746,2.6992998,1.0,3,2,1.0,2,2,1.0
6541178,val,a30_31,3.5539227,4.0980587,1.0,3,3,1.0,2,2,1.0
6545006,val,a30_31,1.1459193,0.0,0.0,2,-1,0.0,2,-1,0.0
6547171,val,a30_31,2.9422898,2.844415,1.0,3,3,1.0,2,2,1.0
6571031,val,a30_31,3.0047512,0.0,0.0,3,-1,0.0,2,-1,0.0
6590008,val,a30_31,2.9344268,3.052779,1.0,3,3,1.0,2,2,1.0
6616007,val,a30_31,1.7768724,2.4154687,1.0,3,2,1.0,2,2,1.0
6649003,val,a30_31,2.1835105,3.1905797,1.0,3,2,1.0,6,6,1.0
6710030,val,a30_31,0.47819185,3.334712,1.0,2,3,1.0,6,6,1.0
6745007,val,a30_31,2.8576174,0.0,0.0,3,-1,0.0,6,-1,0.0
6750005,val,a30_31,2.0039415,0.0,1.0,3,3,1.0,2,3,1.0
6765006,val,a30_31,1.295566,0.0,1.0,2,3,1.0,2,2,1.0
6822176,val,a30_31,3.1055102,3.7020907,1.0,3,3,1.0,2,3,1.0
4007,val,a32_33,2.8453557,1.0867418,1.0,3,3,1.0,2,2,1.0
6174,val,a32_33,3.5869396,3.4142132,1.0,3,3,1.0,2,2,1.0
14004,val,a32_33,3.5776873,3.97576,1.0,3,3,1.0,2,2,1.0
14172,val,a32_33,0.9464556,0.0,1.0,2,2,1.0,2,2,1.0
14173,val,a32_33,2.868997,3.566897,1.0,3,3,1.0,2,2,1.0
18031,val,a32_33,1.0091151,0.0,1.0,2,2,1.0,2,2,1.0
18185,val,a32_33,2.3527148,3.419789,1.0,3,3,1.0,2,4,1.0
23031,val,a32_33,3.287939,2.7639472,1.0,3,3,1.0,6,6,1.0
40173,val,a32_33,3.6467736,4.1959877,1.0,3,3,1.0,2,2,1.0
51171,val,a32_33,3.4211617,3.4484794,1.0,3,3,1.0,2,2,1.0
84005,val,a32_33,3.6061163,3.628354,1.0,3,3,1.0,6,6,1.0
121173,val,a32_33,3.2096763,4.8089485,1.0,3,3,1.0,2,2,1.0
128004,val,a32_33,3.7733455,3.699267,1.0,3,3,1.0,2,2,1.0
145170,val,a32_33,3.5431376,3.7859023,1.0,3,3,1.0,2,2,1.0
161004,val,a32_33,3.778719,4.144882,1.0,3,3,1.0,6,6,1.0
172031,val,a32_33,3.463842,3.4698775,1.0,3,3,1.0,2,2,1.0
174175,val,a32_33,1.9828594,3.505085,1.0,3,3,1.0,2,2,1.0
221031,val,a32_33,3.8419356,3.6850972,1.0,3,3,1.0,2,2,1.0
223030,val,a32_33,3.6297047,3.5649583,1.0,3,3,1.0,2,2,1.0
227003,val,a32_33,4.204807,1.4325641,1.0,3,3,1.0,6,4,1.0
257175,val,a32_33,3.3503335,2.9559011,1.0,3,3,1.0,2,2,1.0
263182,val,a32_33,3.5443888,3.1111588,1.0,3,3,1.0,2,2,1.0
321005,val,a32_33,2.0236876,0.0,1.0,3,3,1.0,2,2,1.0
361175,val,a32_33,2.5481312,2.4523063,1.0,3,2,1.0,4,2,1.0
377170,val,a32_33,3.366273,4.1439614,1.0,3,3,1.0,2,2,1.0
450030,val,a32_33,3.9119453,3.9492195,1.0,3,3,1.0,6,6,1.0
465030,val,a32_33,2.6645143,3.4057453,1.0,3,3,1.0,4,2,1.0
478030,val,a32_33,2.6179092,2.441683,1.0,3,2,1.0,6,5,1.0
503031,val,a32_33,2.8371215,4.011046,1.0,3,3,1.0,2,2,1.0
514172,val,a32_33,3.7409418,4.8569217,1.0,3,3,1.0,2,2,1.0
534030,val,a32_33,3.163019,3.5290773,1.0,3,3,1.0,2,2,1.0
534171,val,a32_33,3.8259377,3.4207587,1.0,3,3,1.0,2,2,1.0
544170,val,a32_33,2.844102,2.4005008,1.0,3,3,1.0,2,2,1.0
563193,val,a32_33,3.3703787,1.2695827,1.0,3,2,1.0,2,2,1.0
577174,val,a32_33,3.2245786,1.7688432,1.0,3,3,1.0,2,2,1.0
613006,val,a32_33,2.9567134,4.381024,1.0,3,3,1.0,2,6,1.0
618170,val,a32_33,3.968402,4.21746,1.0,3,3,1.0,2,2,1.0
631030,val,a32_33,2.7259011,3.6409497,1.0,3,2,1.0,2,4,1.0
633031,val,a32_33,3.1372004,3.587975,1.0,3,3,1.0,6,2,1.0
652173,val,a32_33,3.2139635,3.7014766,1.0,3,3,1.0,2,2,1.0
655172,val,a32_33,3.392291,2.5599382,1.0,3,3,1.0,2,2,1.0
656005,val,a32_33,2.4648118,1.6182599,1.0,3,2,1.0,2,2,1.0
691171,val,a32_33,2.920298,2.3093877,1.0,3,3,1.0,2,4,1.0
738172,val,a32_33,2.2161884,3.3051815,1.0,3,3,1.0,2,2,1.0
751030,val,a32_33,1.5625676,2.7029045,1.0,2,3,1.0,2,2,1.0
762170,val,a32_33,3.9661644,4.7859936,1.0,3,3,1.0,2,2,1.0
783171,val,a32_33,3.403755,0.0,1.0,3,2,1.0,2,2,1.0
863007,val,a32_33,2.6770153,2.0965526,1.0,3,3,1.0,2,2,1.0
893170,val,a32_33,2.8352528,1.1484697,1.0,3,2,1.0,2,2,1.0
894031,val,a32_33,3.3941076,2.920467,1.0,3,3,1.0,2,2,1.0
898181,val,a32_33,2.479595,2.303382,1.0,3,2,1.0,2,2,1.0
899003,val,a32_33,3.2807393,3.1265504,1.0,3,3,1.0,4,4,1.0
916032,val,a32_33,2.705496,3.433667,1.0,3,3,1.0,6,6,1.0
922005,val,a32_33,3.6097562,2.0455058,1.0,3,3,1.0,2,2,1.0
931172,val,a32_33,3.459319,2.9653394,1.0,3,3,1.0,2,2,1.0
939032,val,a32_33,4.2064276,4.886779,1.0,3,3,1.0,2,2,1.0
958030,val,a32_33,3.5194697,3.514469,1.0,3,3,1.0,2,2,1.0
958173,val,a32_33,2.7058709,3.0765197,1.0,3,3,1.0,2,2,1.0
961005,val,a32_33,3.0107136,2.9124293,1.0,3,2,1.0,4,2,1.0
961030,val,a32_33,3.1354516,3.8700032,1.0,3,3,1.0,6,6,1.0
961175,val,a32_33,3.4695883,3.3337398,1.0,3,3,1.0,2,2,1.0
1051183,val,a32_33,3.8196065,3.8180304,1.0,3,3,1.0,2,2,1.0
1084005,val,a32_33,3.0846925,0.0,1.0,3,2,1.0,2,2,1.0
1089003,val,a32_33,3.0370717,3.267166,1.0,3,3,1.0,2,2,1.0
1093003,val,a32_33,1.0243484,0.0,1.0,2,2,1.0,2,2,1.0
1107173,val,a32_33,2.0639603,2.8713987,1.0,3,3,1.0,2,2,1.0
1109174,val,a32_33,1.8170546,1.7994808,1.0,3,2,1.0,2,2,1.0
1121030,val,a32_33,3.4715765,3.2479649,1.0,3,3,1.0,2,2,1.0
1121175,val,a32_33,2.2529678,2.7939436,1.0,3,3,1.0,2,2,1.0
1125172,val,a32_33,2.7029963,2.505347,1.0,3,3,1.0,2,2,1.0
1126030,val,a32_33,2.9592228,3.0186512,1.0,3,3,1.0,2,2,1.0
1126176,val,a32_33,2.4037745,4.886779,1.0,3,3,1.0,2,2,1.0
1152180,val,a32_33,3.2447147,3.2781074,1.0,3,3,1.0,2,2,1.0
1164004,val,a32_33,3.3727126,3.232986,1.0,3,3,1.0,2,2,1.0
1184032,val,a32_33,3.2377152,3.3217459,1.0,3,3,1.0,2,2,1.0
1184033,val,a32_33,2.2326458,0.0,1.0,3,2,1.0,6,2,1.0
1185003,val,a32_33,3.4309661,2.8616178,1.0,3,2,1.0,2,2,1.0
1222004,val,a32_33,2.4168692,0.0,1.0,3,2,1.0,2,2,1.0
1222006,val,a32_33,3.0943904,3.2669837,1.0,3,3,1.0,2,2,1.0
1284170,val,a32_33,3.5977466,3.8794374,1.0,3,3,1.0,2,2,1.0
1292004,val,a32_33,2.7549157,1.8490136,1.0,3,3,1.0,2,2,1.0
1314172,val,a32_33,3.3469777,1.2554071,1.0,3,3,1.0,2,2,1.0
1332005,val,a32_33,3.9533472,1.8490136,1.0,3,3,1.0,2,4,1.0
1335010,val,a32_33,3.3189113,2.8287268,1.0,3,3,1.0,2,2,1.0
1338003,val,a32_33,3.4910967,3.5806177,1.0,3,3,1.0,6,6,1.0
1345006,val,a32_33,3.0036094,3.5201502,1.0,3,3,1.0,2,4,1.0
1345007,val,a32_33,2.7755554,3.3856368,1.0,3,3,1.0,6,6,1.0
1346030,val,a32_33,3.7196715,0.0,1.0,3,2,1.0,6,2,1.0
1391033,val,a32_33,3.8283405,3.8577616,1.0,3,3,1.0,6,2,1.0
1391175,val,a32_33,0.8341783,2.1802564,1.0,2,3,1.0,2,2,1.0
1394033,val,a32_33,2.4109476,0.0,1.0,3,2,1.0,4,4,1.0
1397005,val,a32_33,3.4814181,3.384829,1.0,3,3,1.0,2,2,1.0
1397172,val,a32_33,0.8812393,0.6637555,1.0,2,2,1.0,2,2,1.0
1426004,val,a32_33,1.8138448,1.2936131,1.0,3,2,1.0,6,3,1.0
1434032,val,a32_33,2.895856,1.6391988,1.0,3,3,1.0,2,2,1.0
1434170,val,a32_33,3.3095193,2.9495683,1.0,3,3,1.0,2,2,1.0
1435005,val,a32_33,3.9360242,3.904213,1.0,3,3,1.0,6,2,1.0
1485171,val,a32_33,3.5604138,1.6021421,1.0,3,3,1.0,2,2,1.0
1520031,val,a32_33,3.352608,3.9380646,1.0,3,3,1.0,4,2,1.0
1540005,val,a32_33,4.274228,2.2967575,1.0,3,3,1.0,6,2,1.0
1559003,val,a32_33,4.0540495,4.4298196,1.0,3,3,1.0,2,2,1.0
1559170,val,a32_33,3.3699446,3.635588,1.0,3,3,1.0,2,2,1.0
1565180,val,a32_33,3.0127873,3.4698775,1.0,3,3,1.0,2,2,1.0
1579030,val,a32_33,3.36047,3.4738486,1.0,3,3,1.0,2,2,1.0
1613007,val,a32_33,2.5763938,0.38016513,1.0,3,2,1.0,2,2,1.0
1621171,val,a32_33,3.9246576,4.339688,1.0,3,3,1.0,2,2,1.0
1644004,val,a32_33,3.453927,1.2289442,1.0,3,3,1.0,2,2,1.0
1652031,val,a32_33,3.0837557,0.0,1.0,3,2,1.0,2,2,1.0
1682032,val,a32_33,3.4106123,4.266328,1.0,3,3,1.0,6,6,1.0
1684173,val,a32_33,3.3635955,3.2957816,1.0,3,3,1.0,2,2,1.0
1687003,val,a32_33,3.3648424,3.19179,1.0,3,3,1.0,2,2,1.0
1690170,val,a32_33,2.28936,3.3861604,1.0,3,3,1.0,2,2,1.0
1692030,val,a32_33,0.8604264,1.5561625,1.0,2,3,1.0,2,2,1.0
1695034,val,a32_33,3.2410645,3.4795048,1.0,3,3,1.0,2,2,1.0
1701004,val,a32_33,2.6985662,3.2293725,1.0,3,3,1.0,2,2,1.0
1721030,val,a32_33,3.3410683,3.8455408,1.0,3,3,1.0,4,2,1.0
1723005,val,a32_33,0.9013833,0.82886904,1.0,2,2,1.0,2,2,1.0
1762030,val,a32_33,2.5685315,1.9757252,1.0,3,3,1.0,2,2,1.0
1762031,val,a32_33,3.6437163,3.5925455,1.0,3,3,1.0,2,2,1.0
1762032,val,a32_33,2.0229173,1.6391988,1.0,3,3,1.0,2,3,1.0
1774170,val,a32_33,3.3531065,3.9912028,1.0,3,3,1.0,2,2,1.0
1774171,val,a32_33,3.3514175,3.549721,1.0,3,3,1.0,2,2,1.0
1784171,val,a32_33,3.8371649,4.220819,1.0,3,3,1.0,2,2,1.0
1786191,val,a32_33,3.8244553,3.9380646,1.0,3,3,1.0,2,2,1.0
1787005,val,a32_33,3.361374,3.6982102,1.0,3,3,1.0,4,2,1.0
1787174,val,a32_33,2.9654934,3.4946194,1.0,3,3,1.0,2,2,1.0
1802003,val,a32_33,3.1248531,2.9506648,1.0,3,3,1.0,2,2,1.0
1845170,val,a32_33,3.8815956,3.4964852,1.0,3,3,1.0,2,2,1.0
1862171,val,a32_33,3.1126533,3.7249148,1.0,3,3,1.0,2,2,1.0
1898004,val,a32_33,3.4680314,3.97414,1.0,3,3,1.0,6,6,1.0
1911030,val,a32_33,2.743451,3.1334782,1.0,3,3,1.0,4,2,1.0
1914003,val,a32_33,1.168031,1.1835238,1.0,2,3,1.0,2,2,1.0
1919007,val,a32_33,4.052769,3.963373,1.0,3,3,1.0,2,2,1.0
1954003,val,a32_33,3.535499,3.3071876,1.0,3,3,1.0,2,2,1.0
1959005,val,a32_33,3.9723194,4.227319,1.0,3,3,1.0,6,6,1.0
1964031,val,a32_33,1.940964,0.0,0.0,3,-1,0.0,2,-1,0.0
1972173,val,a32_33,0.97842455,3.2300382,1.0,2,3,1.0,2,3,1.0
1978030,val,a32_33,3.2529192,3.9380646,1.0,3,3,1.0,2,2,1.0
2005030,val,a32_33,3.0965462,3.6323774,1.0,3,3,1.0,6,6,1.0
2011174,val,a32_33,2.5720515,3.1610117,1.0,3,3,1.0,2,2,1.0
2023030,val,a32_33,3.9326587,4.676276,1.0,3,3,1.0,6,6,1.0
2028030,val,a32_33,3.3216224,3.8275414,1.0,3,3,1.0,4,4,1.0
2055003,val,a32_33,2.5757484,2.436415,1.0,3,3,1.0,2,2,1.0
2067005,val,a32_33,3.6763573,3.8835647,1.0,3,3,1.0,2,2,1.0
2080170,val,a32_33,2.124895,1.5193015,1.0,3,3,1.0,2,2,1.0
2106171,val,a32_33,0.955433,1.9249718,1.0,2,3,1.0,2,2,1.0
2109002,val,a32_33,3.3936229,4.320229,1.0,3,3,1.0,2,3,1.0
2129186,val,a32_33,3.1628363,3.4382844,1.0,3,3,1.0,2,2,1.0
2181007,val,a32_33,0.70384395,0.0,1.0,2,2,1.0,6,6,1.0
2181030,val,a32_33,2.9157968,3.2005377,1.0,3,3,1.0,4,4,1.0
2243174,val,a32_33,3.4769173,4.3128266,1.0,3,3,1.0,2,2,1.0
2260173,val,a32_33,2.7485964,1.8636948,1.0,3,3,1.0,2,2,1.0
2261030,val,a32_33,3.0530748,3.46386,1.0,3,3,1.0,2,2,1.0
2271171,val,a32_33,2.749688,2.8805687,1.0,3,3,1.0,2,2,1.0
2282005,val,a32_33,3.0559807,2.6999228,1.0,3,3,1.0,2,4,1.0
2302195,val,a32_33,0.8211335,0.0,1.0,2,2,1.0,2,3,1.0
2334031,val,a32_33,3.6248615,4.3227935,1.0,3,3,1.0,2,2,1.0
2341172,val,a32_33,3.007574,1.4055939,1.0,3,3,1.0,2,2,1.0
2354175,val,a32_33,3.7193584,3.5770934,1.0,3,3,1.0,6,2,1.0
2355004,val,a32_33,1.9628469,3.1516616,1.0,3,3,1.0,4,4,1.0
2391030,val,a32_33,3.5713134,3.3850226,1.0,3,3,1.0,2,2,1.0
2397173,val,a32_33,0.8702328,1.5610666,1.0,2,2,1.0,2,4,1.0
2408170,val,a32_33,2.8333635,1.7504245,1.0,3,3,1.0,6,2,1.0
2425003,val,a32_33,2.6028798,1.0458099,1.0,3,3,1.0,2,2,1.0
2432030,val,a32_33,1.0863041,3.1244323,1.0,2,3,1.0,2,4,1.0
2435172,val,a32_33,0.9910995,2.6671154,1.0,2,3,1.0,2,2,1.0
2436174,val,a32_33,0.8042064,0.0,1.0,2,2,1.0,2,2,1.0
2436176,val,a32_33,0.8994869,2.3387928,1.0,2,3,1.0,2,2,1.0
2441003,val,a32_33,1.3026494,2.767564,1.0,2,3,1.0,2,2,1.0
2441173,val,a32_33,3.5033233,3.35304,1.0,3,2,1.0,2,2,1.0
2458031,val,a32_33,4.3533497,4.4858203,1.0,3,3,1.0,6,6,1.0
2461004,val,a32_33,0.81890094,0.0,1.0,2,2,1.0,2,2,1.0
2461030,val,a32_33,3.6661935,4.886779,1.0,3,3,1.0,2,2,1.0
2473004,val,a32_33,3.4706852,3.5253677,1.0,3,3,1.0,2,2,1.0
2483030,val,a32_33,3.1410804,2.811228,1.0,3,3,1.0,2,3,1.0
2503030,val,a32_33,3.854847,3.3822985,1.0,3,2,1.0,6,6,1.0
2510005,val,a32_33,3.6872363,3.1491687,1.0,3,3,1.0,2,2,1.0
2525003,val,a32_33,3.56355,1.4930412,1.0,3,2,1.0,2,2,1.0
2529030,val,a32_33,3.3436046,2.3032491,1.0,3,3,1.0,2,2,1.0
2529174,val,a32_33,3.142875,4.1124773,1.0,3,3,1.0,2,2,1.0
2530003,val,a32_33,2.1467705,0.0,0.0,3,-1,0.0,2,-1,0.0
2530004,val,a32_33,2.9956818,3.012737,1.0,3,3,1.0,2,2,1.0
2569033,val,a32_33,2.9672136,3.4540765,1.0,3,3,1.0,6,2,1.0
2601006,val,a32_33,3.7278883,4.6354756,1.0,3,3,1.0,6,2,1.0
2608006,val,a32_33,2.7027066,3.1019585,1.0,3,3,1.0,2,2,1.0
2615034,val,a32_33,3.558016,4.0760427,1.0,3,3,1.0,2,2,1.0
2639004,val,a32_33,2.1848419,3.5780287,1.0,3,3,1.0,2,4,1.0
2665177,val,a32_33,0.812729,0.0,1.0,2,2,1.0,6,6,1.0
2672006,val,a32_33,3.605869,3.845893,1.0,3,3,1.0,6,2,1.0
2672171,val,a32_33,2.0975301,3.2094243,1.0,3,3,1.0,2,4,1.0
2697003,val,a32_33,3.7125397,4.1256022,1.0,3,3,1.0,2,4,1.0
2704031,val,a32_33,3.267068,3.3051815,1.0,3,3,1.0,6,2,1.0
2705030,val,a32_33,3.4614444,4.1353226,1.0,3,3,1.0,2,2,1.0
2707007,val,a32_33,2.717321,2.9212708,1.0,3,3,1.0,2,2,1.0
2712172,val,a32_33,2.305725,2.9834774,1.0,3,3,1.0,2,2,1.0
2731003,val,a32_33,2.853682,3.4424026,1.0,3,3,1.0,6,6,1.0
2731005,val,a32_33,3.8843944,4.657845,1.0,3,3,1.0,6,6,1.0
2770031,val,a32_33,3.362486,3.5017936,1.0,3,3,1.0,2,2,1.0
2816004,val,a32_33,0.9763397,0.99481934,1.0,2,3,1.0,2,2,1.0
2910002,val,a32_33,2.7341635,2.9570043,1.0,3,2,1.0,2,2,1.0
3062001,val,a32_33,3.7245533,3.0165422,1.0,3,3,1.0,2,2,1.0
3235002,val,a32_33,2.4967668,3.067396,1.0,3,3,1.0,2,2,1.0
3306001,val,a32_33,4.078584,4.5033164,1.0,3,3,1.0,2,2,1.0
5015030,val,a32_33,2.1739984,3.1231244,1.0,3,3,1.0,2,2,1.0
5048030,val,a32_33,2.640561,0.85221577,1.0,3,3,1.0,6,6,1.0
5052033,val,a32_33,2.236026,2.1177578,1.0,3,3,1.0,6,6,1.0
5057008,val,a32_33,0.64076126,0.0,1.0,2,2,1.0,6,6,1.0
5170009,val,a32_33,3.3408241,3.754378,1.0,3,3,1.0,2,2,1.0
5230008,val,a32_33,2.9899719,3.23986,1.0,3,3,1.0,2,2,1.0
5299010,val,a32_33,2.2046723,0.0,1.0,3,2,1.0,6,6,1.0
5336179,val,a32_33,2.954017,2.1424496,1.0,3,3,1.0,2,2,1.0
5364005,val,a32_33,2.992528,3.1292195,1.0,3,3,1.0,4,3,1.0
5379004,val,a32_33,3.113212,3.4401562,1.0,3,3,1.0,4,4,1.0
5430173,val,a32_33,2.838125,0.0,1.0,3,2,1.0,6,6,1.0
5488006,val,a32_33,3.2762907,3.6953425,1.0,3,3,1.0,6,6,1.0
5493007,val,a32_33,0.71002305,0.0,1.0,2,2,1.0,2,6,1.0
5537009,val,a32_33,2.5920854,0.0,0.0,3,-1,0.0,2,-1,0.0
5537177,val,a32_33,1.813762,0.0,1.0,3,2,1.0,2,2,1.0
5537183,val,a32_33,3.5699592,3.904599,1.0,3,3,1.0,2,2,1.0
5569010,val,a32_33,2.8647544,3.7087364,1.0,3,3,1.0,2,2,1.0
5600005,val,a32_33,1.07855,2.8738692,1.0,2,3,1.0,6,6,1.0
5615183,val,a32_33,2.8355067,3.4054897,1.0,3,3,1.0,2,2,1.0
5749006,val,a32_33,1.9648012,2.906099,1.0,3,3,1.0,4,2,1.0
5822175,val,a32_33,2.9934595,3.410315,1.0,3,3,1.0,2,2,1.0
5832003,val,a32_33,3.0634973,3.3075924,1.0,3,2,1.0,6,6,1.0
5872005,val,a32_33,0.6370913,0.0,1.0,2,2,1.0,6,6,1.0
5898005,val,a32_33,1.2879958,1.7823017,1.0,2,3,1.0,6,4,1.0
5904033,val,a32_33,2.703102,0.84036845,1.0,3,3,1.0,2,3,1.0
5987188,val,a32_33,2.794795,2.9850528,1.0,3,3,1.0,2,2,1.0
6026005,val,a32_33,3.5158029,3.9760501,1.0,3,3,1.0,6,2,1.0
6026172,val,a32_33,3.5527692,3.810312,1.0,3,3,1.0,6,2,1.0
6054031,val,a32_33,3.920844,3.938906,1.0,3,3,1.0,6,6,1.0
6121033,val,a32_33,2.2177987,0.0,0.0,3,-1,0.0,6,-1,0.0
6156008,val,a32_33,3.2240965,3.793373,1.0,3,3,1.0,6,6,1.0
6157003,val,a32_33,2.906539,2.9488564,1.0,3,3,1.0,2,2,1.0
6210183,val,a32_33,2.4404209,3.3647535,1.0,3,3,1.0,2,2,1.0
6262030,val,a32_33,3.5791488,4.031533,1.0,3,3,1.0,2,2,1.0
6368007,val,a32_33,2.0877502,0.41118228,1.0,3,2,1.0,6,6,1.0
6381181,val,a32_33,3.3006182,4.056612,1.0,3,3,1.0,6,2,1.0
6396003,val,a32_33,2.030227,1.5197067,1.0,3,3,1.0,4,2,1.0
6431008,val,a32_33,2.9096859,3.2996137,1.0,3,3,1.0,2,2,1.0
6475170,val,a32_33,2.3381546,2.8357437,1.0,3,3,1.0,6,6,1.0
6522004,val,a32_33,0.8118397,0.0,1.0,2,2,1.0,6,6,1.0
6537032,val,a32_33,2.903389,0.0,1.0,3,2,1.0,2,2,1.0
6541178,val,a32_33,3.4781823,4.160322,1.0,3,3,1.0,2,2,1.0
6545006,val,a32_33,1.1466188,0.0,0.0,2,-1,0.0,2,-1,0.0
6547171,val,a32_33,2.9087372,2.8279142,1.0,3,3,1.0,2,2,1.0
6571031,val,a32_33,3.0268729,3.3175473,1.0,3,3,1.0,2,3,1.0
6590008,val,a32_33,2.9798946,3.1238058,1.0,3,3,1.0,2,2,1.0
6616007,val,a32_33,2.2580357,2.2041533,1.0,3,3,1.0,2,3,1.0
6649003,val,a32_33,2.2972927,2.9051325,1.0,3,3,1.0,6,6,1.0
6710030,val,a32_33,0.7737669,0.0,0.0,2,-1,0.0,6,-1,0.0
6745007,val,a32_33,2.7850971,0.0,0.0,3,-1,0.0,6,-1,0.0
6750005,val,a32_33,2.412039,3.182522,1.0,3,3,1.0,2,4,1.0
6765006,val,a32_33,1.435945,2.837602,1.0,2,3,1.0,2,2,1.0
6822176,val,a32_33,2.9551218,3.8595586,1.0,3,3,1.0,2,4,1.0
4007,val,a34_35,2.8461483,2.800409,1.0,3,3,1.0,2,2,1.0
6174,val,a34_35,3.5614705,3.436764,1.0,3,3,1.0,2,2,1.0
14004,val,a34_35,3.5913749,3.998868,1.0,3,3,1.0,2,2,1.0
14172,val,a34_35,1.0203457,0.0,1.0,2,2,1.0,2,2,1.0
14173,val,a34_35,2.9019947,3.6810904,1.0,3,3,1.0,2,2,1.0
18031,val,a34_35,1.0832582,0.68363804,1.0,2,2,1.0,2,2,1.0
18185,val,a34_35,2.399158,0.9108581,1.0,3,2,1.0,2,2,1.0
23031,val,a34_35,3.240993,3.4142132,1.0,3,3,1.0,6,6,1.0
40173,val,a34_35,3.6343007,3.7375634,1.0,3,3,1.0,2,2,1.0
51171,val,a34_35,3.3975272,3.6482122,1.0,3,3,1.0,2,2,1.0
84005,val,a34_35,3.59581,3.8661423,1.0,3,3,1.0,6,6,1.0
121173,val,a34_35,3.1599803,4.4823527,1.0,3,3,1.0,2,2,1.0
128004,val,a34_35,3.7610216,3.7695422,1.0,3,3,1.0,2,2,1.0
145170,val,a34_35,3.5996761,3.050315,1.0,3,3,1.0,2,2,1.0
161004,val,a34_35,3.7715564,4.29205,1.0,3,3,1.0,6,6,1.0
172031,val,a34_35,3.4879518,3.0302796,1.0,3,3,1.0,2,2,1.0
174175,val,a34_35,2.0704474,3.4826064,1.0,3,3,1.0,2,2,1.0
221031,val,a34_35,3.8787198,4.00667,1.0,3,3,1.0,2,2,1.0
223030,val,a34_35,3.6083634,4.1992106,1.0,3,3,1.0,2,2,1.0
227003,val,a34_35,4.256546,3.9942298,1.0,3,3,1.0,6,4,1.0
257175,val,a34_35,3.3959486,1.5653204,1.0,3,3,1.0,2,2,1.0
263182,val,a34_35,3.5511746,3.226835,1.0,3,3,1.0,2,2,1.0
321005,val,a34_35,2.1903367,1.8506196,1.0,3,3,1.0,2,2,1.0
361175,val,a34_35,2.7036014,0.5806059,1.0,3,2,1.0,4,2,1.0
377170,val,a34_35,3.3477964,4.052736,1.0,3,3,1.0,2,2,1.0
450030,val,a34_35,3.9116077,3.535023,1.0,3,3,1.0,6,6,1.0
465030,val,a34_35,2.632757,3.46386,1.0,3,3,1.0,4,2,1.0
478030,val,a34_35,2.6386232,0.0,1.0,3,3,1.0,6,5,1.0
503031,val,a34_35,2.9791644,4.179109,1.0,3,3,1.0,2,2,1.0
514172,val,a34_35,3.7420907,4.4858203,1.0,3,3,1.0,2,2,1.0
534030,val,a34_35,3.148422,1.7294579,1.0,3,3,1.0,2,2,1.0
534171,val,a34_35,3.8514824,3.2709668,1.0,3,3,1.0,2,2,1.0
544170,val,a34_35,2.9043524,2.6415782,1.0,3,3,1.0,2,2,1.0
563193,val,a34_35,3.3570206,0.0,1.0,3,2,1.0,2,2,1.0
577174,val,a34_35,3.2423503,2.117311,1.0,3,3,1.0,2,2,1.0
613006,val,a34_35,2.9857414,3.412913,1.0,3,2,1.0,2,6,1.0
618170,val,a34_35,3.9719892,4.139663,1.0,3,3,1.0,2,2,1.0
631030,val,a34_35,2.7675107,4.0355644,1.0,3,3,1.0,2,4,1.0
633031,val,a34_35,3.1294491,3.806156,1.0,3,3,1.0,6,2,1.0
652173,val,a34_35,3.1202574,3.5265098,1.0,3,3,1.0,2,2,1.0
655172,val,a34_35,3.3595898,3.625488,1.0,3,2,1.0,2,2,1.0
656005,val,a34_35,2.506661,2.2859914,1.0,3,3,1.0,2,2,1.0
691171,val,a34_35,2.950106,2.9259071,1.0,3,3,1.0,2,4,1.0
738172,val,a34_35,2.3594165,2.920467,1.0,3,3,1.0,2,2,1.0
751030,val,a34_35,1.4956529,2.1802564,1.0,2,3,1.0,2,2,1.0
762170,val,a34_35,3.9717798,4.451708,1.0,3,3,1.0,2,2,1.0
783171,val,a34_35,3.409981,0.0,1.0,3,2,1.0,2,2,1.0
863007,val,a34_35,2.785057,2.018303,1.0,3,3,1.0,2,2,1.0
893170,val,a34_35,2.8590257,0.0,1.0,3,2,1.0,2,2,1.0
894031,val,a34_35,3.3487875,3.045166,1.0,3,3,1.0,2,2,1.0
898181,val,a34_35,2.4498699,2.2668793,1.0,3,3,1.0,2,2,1.0
899003,val,a34_35,3.262554,3.2250204,1.0,3,3,1.0,4,4,1.0
916032,val,a34_35,2.7153869,0.97904295,1.0,3,3,1.0,6,6,1.0
922005,val,a34_35,3.5879645,2.986773,1.0,3,3,1.0,2,2,1.0
931172,val,a34_35,3.4866705,2.7452414,1.0,3,3,1.0,2,2,1.0
939032,val,a34_35,4.2255177,4.8055015,1.0,3,3,1.0,2,2,1.0
958030,val,a34_35,3.50419,3.643596,1.0,3,3,1.0,2,2,1.0
958173,val,a34_35,2.6874952,3.051619,1.0,3,3,1.0,2,2,1.0
961005,val,a34_35,3.0423458,2.7400177,1.0,3,3,1.0,4,4,1.0
961030,val,a34_35,3.1247683,4.009967,1.0,3,3,1.0,6,2,1.0
961175,val,a34_35,3.4884732,3.5397089,1.0,3,3,1.0,2,2,1.0
1051183,val,a34_35,3.8145175,3.5068526,1.0,3,3,1.0,2,2,1.0
1084005,val,a34_35,3.0476427,1.2412424,1.0,3,3,1.0,2,2,1.0
1089003,val,a34_35,3.0149412,3.223352,1.0,3,3,1.0,2,2,1.0
1093003,val,a34_35,1.0958606,0.0,1.0,2,2,1.0,2,2,1.0
1107173,val,a34_35,2.3861918,0.0,1.0,3,2,1.0,2,2,1.0
1109174,val,a34_35,1.9430056,1.7912925,1.0,3,3,1.0,2,2,1.0
1121030,val,a34_35,3.4907837,3.3347914,1.0,3,3,1.0,2,2,1.0
1121175,val,a34_35,2.37085,2.8474362,1.0,3,3,1.0,2,2,1.0
1125172,val,a34_35,2.7318914,2.8422003,1.0,3,3,1.0,2,2,1.0
1126030,val,a34_35,2.9596615,3.5079842,1.0,3,3,1.0,2,2,1.0
1126176,val,a34_35,2.731874,4.886779,1.0,3,3,1.0,2,2,1.0
1152180,val,a34_35,3.2051768,3.3841953,1.0,3,3,1.0,2,2,1.0
1164004,val,a34_35,3.4610388,3.3247015,1.0,3,3,1.0,2,2,1.0
1184032,val,a34_35,3.2218864,3.718973,1.0,3,3,1.0,2,2,1.0
1184033,val,a34_35,2.454855,0.0,1.0,3,2,1.0,6,2,1.0
1185003,val,a34_35,3.403319,0.1392965,1.0,3,2,1.0,2,2,1.0
1222004,val,a34_35,2.5085564,0.6502385,1.0,3,3,1.0,2,2,1.0
1222006,val,a34_35,3.1530006,0.0,1.0,3,3,1.0,2,2,1.0
1284170,val,a34_35,3.5872364,2.9825165,1.0,3,3,1.0,2,2,1.0
1292004,val,a34_35,2.8109043,2.6426997,1.0,3,3,1.0,2,2,1.0
1314172,val,a34_35,3.3535726,3.6161854,1.0,3,3,1.0,2,2,1.0
1332005,val,a34_35,3.9546065,3.4484794,1.0,3,3,1.0,2,2,1.0
1335010,val,a34_35,3.3791645,2.9968593,1.0,3,3,1.0,2,2,1.0
1338003,val,a34_35,3.4466825,3.7758262,1.0,3,3,1.0,6,6,1.0
1345006,val,a34_35,2.9650614,2.5475004,1.0,3,3,1.0,2,2,1.0
1345007,val,a34_35,2.825028,4.046768,1.0,3,3,1.0,6,6,1.0
1346030,val,a34_35,3.6880472,0.0,1.0,3,2,1.0,6,2,1.0
1391033,val,a34_35,3.8273356,3.6222303,1.0,3,3,1.0,6,2,1.0
1391175,val,a34_35,0.8800025,3.1423733,1.0,2,3,1.0,2,4,1.0
1394033,val,a34_35,2.5735505,0.0,1.0,3,2,1.0,4,4,1.0
1397005,val,a34_35,3.4636917,3.6320806,1.0,3,3,1.0,2,2,1.0
1397172,val,a34_35,0.8573642,0.0,1.0,2,2,1.0,2,2,1.0
1426004,val,a34_35,1.9051869,2.7400177,1.0,3,3,1.0,6,6,1.0
1434032,val,a34_35,2.9337506,1.6446948,1.0,3,3,1.0,2,2,1.0
1434170,val,a34_35,3.2957754,3.3065176,1.0,3,3,1.0,2,2,1.0
1435005,val,a34_35,3.9333463,4.083877,1.0,3,3,1.0,6,2,1.0
1485171,val,a34_35,3.588875,3.1599016,1.0,3,3,1.0,2,2,1.0
1520031,val,a34_35,3.356945,4.223541,1.0,3,3,1.0,4,3,1.0
1540005,val,a34_35,4.3348927,1.1484697,1.0,3,3,1.0,6,2,1.0
1559003,val,a34_35,4.0665874,4.581772,1.0,3,3,1.0,2,2,1.0
1559170,val,a34_35,3.32131,3.1855898,1.0,3,3,1.0,2,2,1.0
1565180,val,a34_35,2.9638414,3.8731043,1.0,3,3,1.0,2,2,1.0
1579030,val,a34_35,3.483934,3.2707531,1.0,3,3,1.0,2,2,1.0
1613007,val,a34_35,2.578278,1.1782345,1.0,3,3,1.0,2,2,1.0
1621171,val,a34_35,3.9329753,4.233549,1.0,3,3,1.0,2,2,1.0
1644004,val,a34_35,3.4450448,3.4810104,1.0,3,3,1.0,2,2,1.0
1652031,val,a34_35,3.008104,1.224851,1.0,3,3,1.0,2,2,1.0
1682032,val,a34_35,3.5318408,4.058486,1.0,3,3,1.0,6,2,1.0
1684173,val,a34_35,3.4142036,3.449071,1.0,3,3,1.0,2,2,1.0
1687003,val,a34_35,3.415677,3.3014047,1.0,3,3,1.0,2,2,1.0
1690170,val,a34_35,2.3931565,3.3312128,1.0,3,3,1.0,2,2,1.0
1692030,val,a34_35,0.9123242,2.5444038,1.0,2,3,1.0,2,4,1.0
1695034,val,a34_35,3.229662,3.5729935,1.0,3,2,1.0,2,2,1.0
1701004,val,a34_35,2.7955098,3.4728677,1.0,3,3,1.0,2,2,1.0
1721030,val,a34_35,3.2651935,3.6708767,1.0,3,3,1.0,4,2,1.0
1723005,val,a34_35,0.97315717,1.1481966,1.0,2,2,1.0,2,2,1.0
1762030,val,a34_35,2.665217,2.3319604,1.0,3,2,1.0,2,3,1.0
1762031,val,a34_35,3.6568904,3.7397017,1.0,3,3,1.0,2,2,1.0
1762032,val,a34_35,2.1304228,2.5473228,1.0,3,3,1.0,2,3,1.0
1774170,val,a34_35,3.2870345,3.9032092,1.0,3,2,1.0,2,2,1.0
1774171,val,a34_35,3.3060098,3.6229506,1.0,3,3,1.0,2,2,1.0
1784171,val,a34_35,3.8336434,4.4212785,1.0,3,3,1.0,2,2,1.0
1786191,val,a34_35,3.8435254,3.9449332,1.0,3,3,1.0,2,2,1.0
1787005,val,a34_35,3.3316827,4.0148044,1.0,3,3,1.0,4,2,1.0
1787174,val,a34_35,2.8906798,3.3078308,1.0,3,3,1.0,2,2,1.0
1802003,val,a34_35,3.1511884,2.8173234,1.0,3,3,1.0,2,2,1.0
1845170,val,a34_35,3.901751,3.315087,1.0,3,3,1.0,2,2,1.0
1862171,val,a34_35,3.1405854,3.937253,1.0,3,3,1.0,2,2,1.0
1898004,val,a34_35,3.4434915,0.0,1.0,3,3,1.0,6,6,1.0
1911030,val,a34_35,2.8131356,3.0814157,1.0,3,3,1.0,4,2,1.0
1914003,val,a34_35,1.2911261,1.988769,1.0,2,3,1.0,2,2,1.0
1919007,val,a34_35,4.062982,4.069468,1.0,3,3,1.0,2,2,1.0
1954003,val,a34_35,3.5672474,3.410345,1.0,3,3,1.0,2,2,1.0
1959005,val,a34_35,4.003179,3.8789423,1.0,3,3,1.0,6,2,1.0
1964031,val,a34_35,2.0927866,2.4798064,1.0,3,3,1.0,2,4,1.0
1972173,val,a34_35,1.0156503,1.5825812,1.0,2,3,1.0,2,2,1.0
1978030,val,a34_35,3.2334213,3.8594756,1.0,3,3,1.0,2,2,1.0
2005030,val,a34_35,3.087385,3.584206,1.0,3,3,1.0,6,6,1.0
2011174,val,a34_35,2.508793,3.2372046,1.0,3,3,1.0,2,2,1.0
2023030,val,a34_35,3.9575117,4.71018,1.0,3,3,1.0,6,6,1.0
2028030,val,a34_35,3.31755,4.2104487,1.0,3,3,1.0,4,4,1.0
2055003,val,a34_35,2.6430109,2.3580952,1.0,3,3,1.0,2,2,1.0
2067005,val,a34_35,3.6589732,3.8198578,1.0,3,3,1.0,2,2,1.0
2080170,val,a34_35,2.211491,1.8996137,1.0,3,3,1.0,2,2,1.0
2106171,val,a34_35,1.0411603,0.0,1.0,2,2,1.0,2,2,1.0
2109002,val,a34_35,3.3273969,4.7713423,1.0,3,3,1.0,2,3,1.0
2129186,val,a34_35,3.1727934,3.3685656,1.0,3,3,1.0,2,2,1.0
2181007,val,a34_35,0.6893245,1.3514186,1.0,2,3,1.0,6,6,1.0
2181030,val,a34_35,2.9380867,3.4647295,1.0,3,3,1.0,4,4,1.0
2243174,val,a34_35,3.4345424,4.886779,1.0,3,3,1.0,2,2,1.0
2260173,val,a34_35,2.7964735,2.816037,1.0,3,3,1.0,2,2,1.0
2261030,val,a34_35,3.0764797,3.1945803,1.0,3,3,1.0,2,2,1.0
2271171,val,a34_35,2.7320735,3.3082037,1.0,3,3,1.0,2,2,1.0
2282005,val,a34_35,3.0267916,2.147233,1.0,3,3,1.0,2,6,1.0
2302195,val,a34_35,0.86237144,0.0,1.0,2,2,1.0,2,3,1.0
2334031,val,a34_35,3.5909739,4.4581056,1.0,3,3,1.0,2,2,1.0
2341172,val,a34_35,3.0438633,3.2996137,1.0,3,2,1.0,2,2,1.0
2354175,val,a34_35,3.6777391,0.29350135,1.0,3,3,1.0,6,2,1.0
2355004,val,a34_35,2.160215,3.3921888,1.0,3,3,1.0,4,4,1.0
2391030,val,a34_35,3.5716085,3.4039729,1.0,3,3,1.0,2,2,1.0
2397173,val,a34_35,0.89311695,2.5756848,1.0,2,3,1.0,2,4,1.0
2408170,val,a34_35,2.7830088,3.1023672,1.0,3,2,1.0,6,2,1.0
2425003,val,a34_35,2.5949478,2.1094406,1.0,3,3,1.0,2,2,1.0
2432030,val,a34_35,1.1061877,2.844158,1.0,2,3,1.0,2,4,1.0
2435172,val,a34_35,0.98605776,2.4191318,1.0,2,3,1.0,2,2,1.0
2436174,val,a34_35,0.841815,0.0,1.0,2,3,1.0,2,4,1.0
2436176,val,a34_35,0.85048056,2.1727228,1.0,2,3,1.0,2,2,1.0
2441003,val,a34_35,1.2050743,3.1773481,1.0,2,3,1.0,2,2,1.0
2441173,val,a34_35,3.5455894,3.4186516,1.0,3,2,1.0,2,2,1.0
2458031,val,a34_35,4.3910522,4.2520056,1.0,3,3,1.0,6,6,1.0
2461004,val,a34_35,0.8104365,0.0,1.0,2,2,1.0,2,2,1.0
2461030,val,a34_35,3.6567826,4.886779,1.0,3,3,1.0,2,2,1.0
2473004,val,a34_35,3.493149,3.5252342,1.0,3,3,1.0,2,2,1.0
2483030,val,a34_35,3.0805347,2.1516867,1.0,3,3,1.0,2,4,1.0
2503030,val,a34_35,3.8395927,3.2300382,1.0,3,3,1.0,6,6,1.0
2510005,val,a34_35,3.7084308,3.0696194,1.0,3,3,1.0,2,2,1.0
2525003,val,a34_35,3.6534328,4.3761644,1.0,3,3,1.0,2,2,1.0
2529030,val,a34_35,3.3670325,1.2899189,1.0,3,3,1.0,2,2,1.0
2529174,val,a34_35,3.0487945,4.05028,1.0,3,3,1.0,2,2,1.0
2530003,val,a34_35,2.2687857,2.347849,1.0,3,3,1.0,2,2,1.0
2530004,val,a34_35,2.948955,3.3155382,1.0,3,3,1.0,2,2,1.0
2569033,val,a34_35,2.8919582,3.3997273,1.0,3,3,1.0,6,2,1.0
2601006,val,a34_35,3.7279158,4.6199427,1.0,3,3,1.0,6,2,1.0
2608006,val,a34_35,2.7079217,3.3245888,1.0,3,3,1.0,2,2,1.0
2615034,val,a34_35,3.524372,4.264327,1.0,3,3,1.0,2,2,1.0
2639004,val,a34_35,2.4738786,3.1244323,1.0,3,3,1.0,2,4,1.0
2665177,val,a34_35,0.8176682,0.0,1.0,2,2,1.0,6,6,1.0
2672006,val,a34_35,3.632503,4.088642,1.0,3,3,1.0,6,2,1.0
2672171,val,a34_35,2.249319,3.5206954,1.0,3,3,1.0,2,4,1.0
2697003,val,a34_35,3.7189486,3.654262,1.0,3,3,1.0,2,4,1.0
2704031,val,a34_35,3.1635,3.5243149,1.0,3,3,1.0,6,2,1.0
2705030,val,a34_35,3.4091368,4.117977,1.0,3,3,1.0,2,2,1.0
2707007,val,a34_35,2.7305453,2.8901737,1.0,3,3,1.0,2,2,1.0
2712172,val,a34_35,2.509463,3.0806043,1.0,3,3,1.0,2,2,1.0
2731003,val,a34_35,2.7988815,3.4291623,1.0,3,3,1.0,6,6,1.0
2731005,val,a34_35,3.897212,4.602144,1.0,3,3,1.0,6,6,1.0
2770031,val,a34_35,3.337406,3.2963169,1.0,3,3,1.0,2,2,1.0
2816004,val,a34_35,1.0371606,2.8679018,1.0,2,3,1.0,2,2,1.0
2910002,val,a34_35,2.66742,1.33938,1.0,3,2,1.0,2,2,1.0
3062001,val,a34_35,3.7349355,3.044029,1.0,3,2,1.0,2,2,1.0
3235002,val,a34_35,2.4803424,3.1709757,1.0,3,3,1.0,2,2,1.0
3306001,val,a34_35,4.068154,4.4437504,1.0,3,3,1.0,2,2,1.0
5015030,val,a34_35,2.2753663,3.3798187,1.0,3,3,1.0,2,2,1.0
5048030,val,a34_35,2.5787845,2.0504565,1.0,3,3,1.0,6,6,1.0
5052033,val,a34_35,2.244377,1.8831539,1.0,3,2,1.0,6,6,1.0
5057008,val,a34_35,0.62237775,0.0,1.0,2,2,1.0,6,6,1.0
5170009,val,a34_35,3.2910032,3.381349,1.0,3,3,1.0,2,2,1.0
5230008,val,a34_35,2.9414458,3.4894347,1.0,3,3,1.0,2,2,1.0
5299010,val,a34_35,2.2053823,1.8428315,1.0,3,2,1.0,6,6,1.0
5336179,val,a34_35,2.9852514,2.7212331,1.0,3,3,1.0,2,2,1.0
5364005,val,a34_35,3.038065,3.4310503,1.0,3,3,1.0,4,3,1.0
5379004,val,a34_35,3.0855458,3.8497841,1.0,3,2,1.0,4,4,1.0
5430173,val,a34_35,2.7939203,0.0,1.0,3,3,1.0,6,6,1.0
5488006,val,a34_35,3.2291908,3.6707966,1.0,3,3,1.0,6,6,1.0
5493007,val,a34_35,0.79377246,0.0,1.0,2,2,1.0,2,5,1.0
5537009,val,a34_35,2.605347,2.8268414,1.0,3,3,1.0,2,2,1.0
5537177,val,a34_35,2.3879855,0.0,1.0,3,2,1.0,2,2,1.0
5537183,val,a34_35,3.5869522,4.8345804,1.0,3,3,1.0,2,2,1.0
5569010,val,a34_35,2.8153634,3.5150862,1.0,3,3,1.0,2,2,1.0
5600005,val,a34_35,0.91877997,2.8289354,1.0,2,3,1.0,6,2,1.0
5615183,val,a34_35,2.8928013,3.2685068,1.0,3,2,1.0,2,2,1.0
5749006,val,a34_35,1.9400978,3.0684395,1.0,3,3,1.0,4,2,1.0
5822175,val,a34_35,3.0181475,3.432247,1.0,3,3,1.0,2,2,1.0
5832003,val,a34_35,3.0046551,2.955636,1.0,3,2,1.0,6,6,1.0
5872005,val,a34_35,0.6287277,0.0,1.0,2,2,1.0,6,6,1.0
5898005,val,a34_35,1.1964415,0.0,0.0,2,-1,0.0,6,-1,0.0
5904033,val,a34_35,2.6632977,2.9226713,1.0,3,3,1.0,2,4,1.0
5987188,val,a34_35,2.7492042,2.993095,1.0,3,3,1.0,2,2,1.0
6026005,val,a34_35,3.4864798,4.1942463,1.0,3,3,1.0,6,2,1.0
6026172,val,a34_35,3.5108557,3.5880518,1.0,3,2,1.0,6,2,1.0
6054031,val,a34_35,3.9376721,3.894498,1.0,3,3,1.0,6,6,1.0
6121033,val,a34_35,2.2493248,0.0,1.0,3,2,1.0,6,6,1.0
6156008,val,a34_35,3.1732671,3.6999114,1.0,3,3,1.0,6,6,1.0
6157003,val,a34_35,2.9448922,3.2246761,1.0,3,3,1.0,2,2,1.0
6210183,val,a34_35,2.4320617,3.1390646,1.0,3,3,1.0,2,2,1.0
6262030,val,a34_35,3.5699782,3.820049,1.0,3,3,1.0,2,2,1.0
6368007,val,a34_35,2.1186705,2.02827,1.0,3,3,1.0,6,6,1.0
6381181,val,a34_35,3.2752335,4.0212197,1.0,3,3,1.0,6,2,1.0
6396003,val,a34_35,2.1740751,2.1782289,1.0,3,3,1.0,4,2,1.0
6431008,val,a34_35,2.9748254,3.717182,1.0,3,3,1.0,2,2,1.0
6475170,val,a34_35,2.2908092,2.4331408,1.0,3,3,1.0,6,6,1.0
6522004,val,a34_35,0.82940686,0.0,1.0,2,2,1.0,6,6,1.0
6537032,val,a34_35,2.8167613,2.8025348,1.0,3,2,1.0,2,2,1.0
6541178,val,a34_35,3.4741101,4.1634727,1.0,3,3,1.0,2,2,1.0
6545006,val,a34_35,1.0872627,2.961514,1.0,2,3,1.0,2,4,1.0
6547171,val,a34_35,2.918604,2.1509397,1.0,3,2,1.0,2,2,1.0
6571031,val,a34_35,3.0697775,2.9221067,1.0,3,3,1.0,2,3,1.0
6590008,val,a34_35,3.0329757,3.3649793,1.0,3,3,1.0,2,2,1.0
6616007,val,a34_35,2.432045,2.1483917,1.0,3,3,1.0,2,4,1.0
6649003,val,a34_35,2.297579,3.5800602,1.0,3,3,1.0,6,2,1.0
6710030,val,a34_35,0.75296295,3.2300382,1.0,2,3,1.0,6,6,1.0
6745007,val,a34_35,2.7407095,3.248457,1.0,3,3,1.0,6,6,1.0
6750005,val,a34_35,2.5765235,3.0114257,1.0,3,3,1.0,2,4,1.0
6765006,val,a34_35,1.443183,2.7225564,1.0,2,3,1.0,2,2,1.0
6822176,val,a34_35,2.9021335,3.2707531,1.0,3,3,1.0,2,4,1.0
4007,val,a36_37,2.8889349,3.4327393,1.0,3,3,1.0,2,4,1.0
6174,val,a36_37,3.5973916,3.778162,1.0,3,3,1.0,2,2,1.0
14004,val,a36_37,3.6427507,4.02684,1.0,3,3,1.0,2,2,1.0
14172,val,a36_37,1.0369587,2.8672464,1.0,2,3,1.0,2,2,1.0
14173,val,a36_37,2.9660714,3.4728956,1.0,3,3,1.0,2,2,1.0
18031,val,a36_37,1.0980858,0.0,1.0,2,3,1.0,2,2,1.0
18185,val,a36_37,2.454873,0.0,1.0,3,2,1.0,2,2,1.0
23031,val,a36_37,3.2516756,3.5235963,1.0,3,2,1.0,6,6,1.0
40173,val,a36_37,3.6742816,3.8670228,1.0,3,3,1.0,2,2,1.0
51171,val,a36_37,3.4327948,3.705001,1.0,3,3,1.0,2,2,1.0
84005,val,a36_37,3.6289086,3.92555,1.0,3,3,1.0,6,6,1.0
121173,val,a36_37,3.1804051,0.0,1.0,3,2,1.0,2,2,1.0
128004,val,a36_37,3.8025808,3.8585868,1.0,3,3,1.0,2,2,1.0
145170,val,a36_37,3.6817698,3.5600896,1.0,3,3,1.0,2,2,1.0
161004,val,a36_37,3.8047724,1.0080107,1.0,3,2,1.0,6,4,1.0
172031,val,a36_37,3.5517821,3.3619175,1.0,3,3,1.0,2,2,1.0
174175,val,a36_37,2.1416674,3.392162,1.0,3,3,1.0,2,2,1.0
221031,val,a36_37,3.9446964,4.201887,1.0,3,3,1.0,2,2,1.0
223030,val,a36_37,3.6464543,4.0583324,1.0,3,3,1.0,2,2,1.0
227003,val,a36_37,4.3204174,4.205097,1.0,3,3,1.0,6,4,1.0
257175,val,a36_37,3.4640975,3.3451939,1.0,3,3,1.0,2,2,1.0
263182,val,a36_37,3.6018362,3.2001226,1.0,3,3,1.0,2,2,1.0
321005,val,a36_37,2.3015926,1.8774471,1.0,3,2,1.0,2,2,1.0
361175,val,a36_37,2.8323786,0.0,1.0,3,2,1.0,4,2,1.0
377170,val,a36_37,3.3900256,4.0868087,1.0,3,3,1.0,2,2,1.0
450030,val,a36_37,3.9467487,3.7491298,1.0,3,3,1.0,6,6,1.0
465030,val,a36_37,2.6542006,3.3018157,1.0,3,3,1.0,4,2,1.0
478030,val,a36_37,2.6804116,0.0,1.0,3,3,1.0,6,5,1.0
503031,val,a36_37,3.0945678,4.3654175,1.0,3,3,1.0,2,2,1.0
514172,val,a36_37,3.7941742,4.2520056,1.0,3,3,1.0,2,2,1.0
534030,val,a36_37,3.1889505,1.7535818,1.0,3,3,1.0,2,2,1.0
534171,val,a36_37,3.9081807,3.0798528,1.0,3,3,1.0,2,2,1.0
544170,val,a36_37,2.9776583,2.6569633,1.0,3,3,1.0,2,2,1.0
563193,val,a36_37,3.4009953,0.0,1.0,3,2,1.0,2,2,1.0
577174,val,a36_37,3.302044,2.7346222,1.0,3,3,1.0,2,2,1.0
613006,val,a36_37,3.0505927,3.5822034,1.0,3,3,1.0,2,6,1.0
618170,val,a36_37,4.0258875,4.2245264,1.0,3,3,1.0,2,2,1.0
631030,val,a36_37,2.832699,4.2520056,1.0,3,2,1.0,2,4,1.0
633031,val,a36_37,3.1638172,3.678776,1.0,3,3,1.0,6,2,1.0
652173,val,a36_37,3.1128821,3.7556844,1.0,3,3,1.0,2,2,1.0
655172,val,a36_37,3.3883963,3.5016189,1.0,3,3,1.0,2,2,1.0
656005,val,a36_37,2.5635502,0.57833385,1.0,3,3,1.0,2,2,1.0
691171,val,a36_37,3.0058675,2.144181,1.0,3,3,1.0,2,4,1.0
738172,val,a36_37,2.4641845,3.4647295,1.0,3,3,1.0,2,2,1.0
751030,val,a36_37,1.4588643,2.331206,1.0,2,3,1.0,2,2,1.0
762170,val,a36_37,4.018152,4.6750684,1.0,3,3,1.0,2,2,1.0
783171,val,a36_37,3.467386,0.0,1.0,3,2,1.0,2,2,1.0
863007,val,a36_37,2.8800833,2.4012594,1.0,3,3,1.0,2,2,1.0
893170,val,a36_37,2.9132318,0.0,1.0,3,2,1.0,2,2,1.0
894031,val,a36_37,3.3716717,3.3179958,1.0,3,3,1.0,2,2,1.0
898181,val,a36_37,2.4733417,2.4601953,1.0,3,3,1.0,2,2,1.0
899003,val,a36_37,3.2911866,3.4753656,1.0,3,3,1.0,4,4,1.0
916032,val,a36_37,2.7510266,1.3594984,1.0,3,3,1.0,6,6,1.0
922005,val,a36_37,3.6250496,2.5992112,1.0,3,3,1.0,2,2,1.0
931172,val,a36_37,3.5487576,3.2485132,1.0,3,3,1.0,2,2,1.0
939032,val,a36_37,4.2811866,4.237259,1.0,3,3,1.0,2,2,1.0
958030,val,a36_37,3.5443778,3.1858559,1.0,3,3,1.0,2,2,1.0
958173,val,a36_37,2.7168732,3.2416787,1.0,3,3,1.0,2,2,1.0
961005,val,a36_37,3.0957854,2.5763686,1.0,3,3,1.0,4,4,1.0
961030,val,a36_37,3.1572278,3.616172,1.0,3,3,1.0,6,2,1.0
961175,val,a36_37,3.545933,3.9032092,1.0,3,3,1.0,2,2,1.0
1051183,val,a36_37,3.8551884,3.3599384,1.0,3,3,1.0,2,2,1.0
1084005,val,a36_37,3.0713382,2.5692537,1.0,3,3,1.0,2,2,1.0
1089003,val,a36_37,3.0463917,2.474308,1.0,3,3,1.0,2,2,1.0
1093003,val,a36_37,1.1087232,0.0,1.0,2,2,1.0,2,2,1.0
1107173,val,a36_37,2.5746765,3.6353216,1.0,3,3,1.0,2,4,1.0
1109174,val,a36_37,2.0279362,2.245844,1.0,3,2,1.0,2,2,1.0
1121030,val,a36_37,3.543665,3.456708,1.0,3,3,1.0,2,2,1.0
1121175,val,a36_37,2.4599597,0.0,1.0,3,2,1.0,2,2,1.0
1125172,val,a36_37,2.7866688,2.4460173,1.0,3,2,1.0,2,2,1.0
1126030,val,a36_37,3.0022564,2.8064811,1.0,3,3,1.0,2,2,1.0
1126176,val,a36_37,2.939861,4.886779,1.0,3,3,1.0,2,2,1.0
1152180,val,a36_37,3.22897,3.4601078,1.0,3,3,1.0,2,2,1.0
1164004,val,a36_37,3.5473022,3.4775372,1.0,3,2,1.0,2,2,1.0
1184032,val,a36_37,3.259656,3.7188902,1.0,3,3,1.0,2,2,1.0
1184033,val,a36_37,2.5824718,2.8802483,1.0,3,3,1.0,6,4,1.0
1185003,val,a36_37,3.4373498,0.0,1.0,3,2,1.0,2,2,1.0
1222004,val,a36_37,2.5876832,2.876907,1.0,3,3,1.0,2,2,1.0
1222006,val,a36_37,3.2284207,3.2434895,1.0,3,3,1.0,2,2,1.0
1284170,val,a36_37,3.6333227,1.6771642,1.0,3,3,1.0,2,2,1.0
1292004,val,a36_37,2.879864,2.7496648,1.0,3,3,1.0,2,2,1.0
1314172,val,a36_37,3.4053662,3.6824348,1.0,3,3,1.0,2,2,1.0
1332005,val,a36_37,3.999749,0.0,0.0,3,-1,0.0,2,3,1.0
1335010,val,a36_37,3.452921,3.1051395,1.0,3,3,1.0,2,2,1.0
1338003,val,a36_37,3.4554436,4.1280828,1.0,3,3,1.0,6,6,1.0
1345006,val,a36_37,2.9850855,2.9832191,1.0,3,3,1.0,2,2,1.0
1345007,val,a36_37,2.8904696,3.8132377,1.0,3,3,1.0,6,6,1.0
1346030,val,a36_37,3.706066,0.0,1.0,3,2,1.0,6,2,1.0
1391033,val,a36_37,3.8635554,3.811287,1.0,3,3,1.0,6,2,1.0
1391175,val,a36_37,0.8782283,3.079403,1.0,2,3,1.0,2,4,1.0
1394033,val,a36_37,2.6723342,0.0,1.0,3,2,1.0,4,4,1.0
1397005,val,a36_37,3.500836,3.7173688,1.0,3,3,1.0,2,2,1.0
1397172,val,a36_37,0.82403576,0.6802275,1.0,2,3,1.0,2,2,1.0
1426004,val,a36_37,1.955893,2.8489583,1.0,3,3,1.0,6,6,1.0
1434032,val,a36_37,2.9928868,2.180618,1.0,3,3,1.0,2,2,1.0
1434170,val,a36_37,3.3292365,2.939788,1.0,3,3,1.0,2,2,1.0
1435005,val,a36_37,3.9709253,4.7467794,1.0,3,3,1.0,6,3,1.0
1485171,val,a36_37,3.6479044,3.4317987,1.0,3,3,1.0,2,2,1.0
1520031,val,a36_37,3.394187,4.363858,1.0,3,3,1.0,4,2,1.0
1540005,val,a36_37,4.4049397,2.37132,1.0,3,3,1.0,6,2,1.0
1559003,val,a36_37,4.1219907,4.417404,1.0,3,3,1.0,2,2,1.0
1559170,val,a36_37,3.3440664,4.11546,1.0,3,3,1.0,2,2,1.0
1565180,val,a36_37,2.9812765,3.4647295,1.0,3,2,1.0,2,2,1.0
1579030,val,a36_37,3.5999084,3.3667955,1.0,3,3,1.0,2,2,1.0
1613007,val,a36_37,2.6235917,1.3834741,1.0,3,3,1.0,2,2,1.0
1621171,val,a36_37,3.9851043,4.886779,1.0,3,3,1.0,2,2,1.0
1644004,val,a36_37,3.4871967,3.3606308,1.0,3,3,1.0,2,2,1.0
1652031,val,a36_37,3.007812,3.1768782,1.0,3,3,1.0,2,2,1.0
1682032,val,a36_37,3.6397057,3.8405538,1.0,3,3,1.0,6,2,1.0
1684173,val,a36_37,3.4806259,3.4290798,1.0,3,3,1.0,2,2,1.0
1687003,val,a36_37,3.4832096,3.3888075,1.0,3,3,1.0,2,2,1.0
1690170,val,a36_37,2.4806945,3.0869684,1.0,3,3,1.0,2,2,1.0
1692030,val,a36_37,0.9127177,2.6670494,1.0,2,3,1.0,2,4,1.0
1695034,val,a36_37,3.2710197,3.3662376,1.0,3,3,1.0,2,2,1.0
1701004,val,a36_37,2.8850918,3.5780287,1.0,3,3,1.0,2,2,1.0
1721030,val,a36_37,3.2661655,0.0,1.0,3,2,1.0,4,2,1.0
1723005,val,a36_37,0.98647046,1.8636948,1.0,2,2,1.0,2,2,1.0
1762030,val,a36_37,2.7556992,1.9106654,1.0,3,3,1.0,2,3,1.0
1762031,val,a36_37,3.7140555,3.641588,1.0,3,3,1.0,2,2,1.0
1762032,val,a36_37,2.2109354,1.7876599,1.0,3,3,1.0,2,3,1.0
1774170,val,a36_37,3.2961254,0.0,1.0,3,2,1.0,2,2,1.0
1774171,val,a36_37,3.3295238,3.3619723,1.0,3,3,1.0,2,2,1.0
1784171,val,a36_37,3.8793182,4.5877905,1.0,3,3,1.0,2,2,1.0
1786191,val,a36_37,3.900588,3.8410935,1.0,3,3,1.0,2,2,1.0
1787005,val,a36_37,3.354732,3.9825108,1.0,3,3,1.0,4,2,1.0
1787174,val,a36_37,2.8875806,3.1686609,1.0,3,3,1.0,2,2,1.0
1802003,val,a36_37,3.2034695,2.7790923,1.0,3,3,1.0,2,2,1.0
1845170,val,a36_37,3.9599652,3.0690727,1.0,3,3,1.0,2,2,1.0
1862171,val,a36_37,3.195293,3.7537568,1.0,3,3,1.0,2,2,1.0
1898004,val,a36_37,3.4592261,3.7632077,1.0,3,3,1.0,6,6,1.0
1911030,val,a36_37,2.8748403,3.295633,1.0,3,3,1.0,4,2,1.0
1914003,val,a36_37,1.3354838,1.980423,1.0,2,3,1.0,2,2,1.0
1919007,val,a36_37,4.1200466,4.8790894,1.0,3,3,1.0,2,3,1.0
1954003,val,a36_37,3.6306047,3.254356,1.0,3,3,1.0,2,2,1.0
1959005,val,a36_37,4.0568633,4.18122,1.0,3,3,1.0,6,2,1.0
1964031,val,a36_37,2.1912699,2.7394176,1.0,3,3,1.0,2,4,1.0
1972173,val,a36_37,1.0121516,0.0,0.0,2,-1,0.0,2,-1,0.0
1978030,val,a36_37,3.2673633,4.1103644,1.0,3,3,1.0,2,2,1.0
2005030,val,a36_37,3.1180243,2.6480696,1.0,3,3,1.0,6,4,1.0
2011174,val,a36_37,2.5118365,3.2482402,1.0,3,3,1.0,2,2,1.0
2023030,val,a36_37,4.0092397,4.862917,1.0,3,3,1.0,6,6,1.0
2028030,val,a36_37,3.35633,4.247286,1.0,3,3,1.0,4,4,1.0
2055003,val,a36_37,2.716867,2.5747566,1.0,3,3,1.0,2,2,1.0
2067005,val,a36_37,3.7005184,3.9193912,1.0,3,3,1.0,2,2,1.0
2080170,val,a36_37,2.2862978,2.2188706,1.0,3,3,1.0,2,2,1.0
2106171,val,a36_37,1.0650271,0.0,1.0,2,2,1.0,2,2,1.0
2109002,val,a36_37,3.339812,4.713481,1.0,3,3,1.0,2,2,1.0
2129186,val,a36_37,3.2212245,3.3345084,1.0,3,3,1.0,2,2,1.0
2181007,val,a36_37,0.6643925,0.96344346,1.0,2,2,1.0,6,6,1.0
2181030,val,a36_37,2.9790614,3.6312973,1.0,3,3,1.0,4,2,1.0
2243174,val,a36_37,3.4566202,4.30575,1.0,3,3,1.0,2,2,1.0
2260173,val,a36_37,2.85952,0.0,1.0,3,3,1.0,2,2,1.0
2261030,val,a36_37,3.129383,2.9075313,1.0,3,3,1.0,2,2,1.0
2271171,val,a36_37,2.7585146,3.3811612,1.0,3,3,1.0,2,2,1.0
2282005,val,a36_37,3.0568786,2.9124293,1.0,3,3,1.0,2,6,1.0
2302195,val,a36_37,0.85881054,0.0,1.0,2,2,1.0,2,3,1.0
2334031,val,a36_37,3.6229715,4.3349156,1.0,3,3,1.0,2,2,1.0
2341172,val,a36_37,3.1050174,1.6123989,1.0,3,3,1.0,2,2,1.0
2354175,val,a36_37,3.6906993,3.8595586,1.0,3,3,1.0,6,2,1.0
2355004,val,a36_37,2.2835763,3.6927035,1.0,3,3,1.0,4,2,1.0
2391030,val,a36_37,3.6232123,3.6864588,1.0,3,3,1.0,2,2,1.0
2397173,val,a36_37,0.8791785,2.470555,1.0,2,3,1.0,2,4,1.0
2408170,val,a36_37,2.7858028,2.883854,1.0,3,3,1.0,6,2,1.0
2425003,val,a36_37,2.6303608,1.7356842,1.0,3,3,1.0,2,2,1.0
2432030,val,a36_37,1.0965191,3.029656,1.0,2,2,1.0,2,4,1.0
2435172,val,a36_37,0.96111524,2.2948132,1.0,2,3,1.0,2,2,1.0
2436174,val,a36_37,0.8343723,1.5490171,1.0,2,3,1.0,2,4,1.0
2436176,val,a36_37,0.80587924,2.7887027,1.0,2,3,1.0,2,2,1.0
2441003,val,a36_37,1.1551113,3.1246448,1.0,2,3,1.0,2,2,1.0
2441173,val,a36_37,3.6070821,3.7351284,1.0,3,2,1.0,2,2,1.0
2458031,val,a36_37,4.443428,4.41717,1.0,3,3,1.0,6,6,1.0
2461004,val,a36_37,0.7824422,1.6316046,1.0,2,3,1.0,2,2,1.0
2461030,val,a36_37,3.6984909,4.886779,1.0,3,3,1.0,2,2,1.0
2473004,val,a36_37,3.5507379,3.620147,1.0,3,3,1.0,2,2,1.0
2483030,val,a36_37,3.0911436,2.4331408,1.0,3,2,1.0,2,4,1.0
2503030,val,a36_37,3.867374,3.1709757,1.0,3,3,1.0,6,6,1.0
2510005,val,a36_37,3.7720096,3.445601,1.0,3,3,1.0,2,2,1.0
2525003,val,a36_37,3.7460446,4.7141504,1.0,3,3,1.0,2,2,1.0
2529030,val,a36_37,3.4225726,0.0,1.0,3,2,1.0,2,2,1.0
2529174,val,a36_37,3.040396,3.9753668,1.0,3,3,1.0,2,2,1.0
2530003,val,a36_37,2.355325,3.4057453,1.0,3,2,1.0,2,4,1.0
2530004,val,a36_37,2.9649336,3.170426,1.0,3,3,1.0,2,2,1.0
2569033,val,a36_37,2.8827734,3.3809729,1.0,3,3,1.0,6,2,1.0
2601006,val,a36_37,3.7658715,4.845638,1.0,3,3,1.0,6,2,1.0
2608006,val,a36_37,2.7527554,3.223352,1.0,3,3,1.0,2,2,1.0
2615034,val,a36_37,3.5546613,3.896652,1.0,3,3,1.0,2,2,1.0
2639004,val,a36_37,2.6498148,3.2300382,1.0,3,3,1.0,2,4,1.0
2665177,val,a36_37,0.79409933,0.0,1.0,2,2,1.0,6,6,1.0
2672006,val,a36_37,3.6880789,4.056694,1.0,3,3,1.0,6,2,1.0
2672171,val,a36_37,2.3547893,3.7282312,1.0,3,3,1.0,2,4,1.0
2697003,val,a36_37,3.7617502,3.5551443,1.0,3,3,1.0,2,4,1.0
2704031,val,a36_37,3.1399002,0.0,0.0,3,-1,0.0,6,-1,0.0
2705030,val,a36_37,3.4275527,4.279099,1.0,3,3,1.0,2,2,1.0
2707007,val,a36_37,2.7742884,1.9724138,1.0,3,3,1.0,2,2,1.0
2712172,val,a36_37,2.649543,3.2804124,1.0,3,3,1.0,2,2,1.0
2731003,val,a36_37,2.8043606,3.2931156,1.0,3,3,1.0,6,6,1.0
2731005,val,a36_37,3.9386573,4.5862164,1.0,3,3,1.0,6,6,1.0
2770031,val,a36_37,3.3721666,2.668859,1.0,3,2,1.0,2,2,1.0
2816004,val,a36_37,1.0427432,3.182522,1.0,2,3,1.0,2,2,1.0
2910002,val,a36_37,2.6731927,2.7591305,1.0,3,3,1.0,2,2,1.0
3062001,val,a36_37,3.788022,1.9881068,1.0,3,3,1.0,2,2,1.0
3235002,val,a36_37,2.5073147,3.2806733,1.0,3,3,1.0,2,3,1.0
3306001,val,a36_37,4.1124682,4.5110793,1.0,3,3,1.0,2,2,1.0
5015030,val,a36_37,2.3601232,3.3488512,1.0,3,2,1.0,2,2,1.0
5048030,val,a36_37,2.5777657,2.4680142,1.0,3,3,1.0,6,6,1.0
5052033,val,a36_37,2.2695773,2.2469683,1.0,3,3,1.0,6,6,1.0
5057008,val,a36_37,0.593176,0.0,0.0,2,-1,0.0,6,-1,0.0
5170009,val,a36_37,3.311212,3.788717,1.0,3,3,1.0,2,2,1.0
5230008,val,a36_37,2.9585795,3.5082257,1.0,3,3,1.0,2,2,1.0
5299010,val,a36_37,2.2265928,0.303701,1.0,3,3,1.0,6,6,1.0
5336179,val,a36_37,3.0504413,2.7841861,1.0,3,3,1.0,2,2,1.0
5364005,val,a36_37,3.0959578,3.3207188,1.0,3,3,1.0,4,3,1.0
5379004,val,a36_37,3.1111627,3.8999038,1.0,3,3,1.0,4,4,1.0
5430173,val,a36_37,2.8032951,1.7842062,1.0,3,2,1.0,6,6,1.0
5488006,val,a36_37,3.2370796,3.7725368,1.0,3,3,1.0,6,6,1.0
5493007,val,a36_37,0.81117654,0.0,1.0,2,2,1.0,2,5,1.0
5537009,val,a36_37,2.6500256,2.7819886,1.0,3,3,1.0,2,2,1.0
5537177,val,a36_37,2.6716373,2.0426283,1.0,3,3,1.0,2,2,1.0
5537183,val,a36_37,3.6420417,3.67495,1.0,3,3,1.0,2,2,1.0
5569010,val,a36_37,2.8286788,3.5010288,1.0,3,3,1.0,2,2,1.0
5600005,val,a36_37,0.833555,0.0,1.0,2,2,1.0,6,2,1.0
5615183,val,a36_37,2.9672983,3.2485132,1.0,3,3,1.0,2,2,1.0
5749006,val,a36_37,1.961509,2.3568232,1.0,3,3,1.0,4,2,1.0
5822175,val,a36_37,3.077057,3.4142132,1.0,3,3,1.0,2,2,1.0
5832003,val,a36_37,3.0083346,2.3835883,1.0,3,3,1.0,6,6,1.0
5872005,val,a36_37,0.605623,0.0,1.0,2,2,1.0,6,6,1.0
5898005,val,a36_37,1.1248215,0.0,0.0,2,-1,0.0,6,-1,0.0
5904033,val,a36_37,2.6815639,3.029786,1.0,3,3,1.0,2,4,1.0
5987188,val,a36_37,2.7695775,2.8467143,1.0,3,3,1.0,2,2,1.0
6026005,val,a36_37,3.5093155,4.496649,1.0,3,2,1.0,6,4,1.0
6026172,val,a36_37,3.5227492,0.0,0.0,3,-1,0.0,6,-1,0.0
6054031,val,a36_37,3.9827266,3.8914962,1.0,3,3,1.0,6,6,1.0
6121033,val,a36_37,2.2866585,0.0,1.0,3,2,1.0,6,6,1.0
6156008,val,a36_37,3.1832237,4.005205,1.0,3,3,1.0,6,6,1.0
6157003,val,a36_37,3.008548,3.432247,1.0,3,3,1.0,2,2,1.0
6210183,val,a36_37,2.46671,3.218641,1.0,3,3,1.0,2,2,1.0
6262030,val,a36_37,3.6138756,3.9705956,1.0,3,3,1.0,2,2,1.0
6368007,val,a36_37,2.1517684,1.9674397,1.0,3,2,1.0,6,6,1.0
6381181,val,a36_37,3.2988734,3.98491,1.0,3,3,1.0,6,2,1.0
6396003,val,a36_37,2.2751462,2.8208497,1.0,3,2,1.0,4,3,1.0
6431008,val,a36_37,3.050485,4.5862164,1.0,3,3,1.0,2,3,1.0
6475170,val,a36_37,2.2924175,3.029786,1.0,3,3,1.0,6,6,1.0
6522004,val,a36_37,0.8052002,0.0,1.0,2,2,1.0,6,6,1.0
6537032,val,a36_37,2.8127189,3.0605385,1.0,3,3,1.0,2,2,1.0
6541178,val,a36_37,3.5190544,4.302973,1.0,3,3,1.0,2,2,1.0
6545006,val,a36_37,1.0391625,2.5066333,1.0,2,3,1.0,2,4,1.0
6547171,val,a36_37,2.9680176,1.2300977,1.0,3,3,1.0,2,2,1.0
6571031,val,a36_37,3.134463,3.68331,1.0,3,3,1.0,2,3,1.0
6590008,val,a36_37,3.0965996,3.3406534,1.0,3,3,1.0,2,2,1.0
6616007,val,a36_37,2.5477436,2.9124293,1.0,3,3,1.0,2,4,1.0
6649003,val,a36_37,2.3161578,3.8332024,1.0,3,3,1.0,6,2,1.0
6710030,val,a36_37,0.722005,3.2485132,1.0,2,3,1.0,6,6,1.0
6745007,val,a36_37,2.7517447,3.5649583,1.0,3,3,1.0,6,6,1.0
6750005,val,a36_37,2.6972597,3.1132894,1.0,3,3,1.0,2,4,1.0
6765006,val,a36_37,1.4329226,2.7347896,1.0,2,3,1.0,2,2,1.0
6822176,val,a36_37,2.914525,3.6318047,1.0,3,2,1.0,2,4,1.0
4007,val,a38_39,2.9398553,3.6353216,1.0,3,3,1.0,2,4,1.0
6174,val,a38_39,3.649647,3.9045892,1.0,3,3,1.0,2,2,1.0
14004,val,a38_39,3.6973264,3.9676125,1.0,3,3,1.0,2,2,1.0
14172,val,a38_39,1.0381999,3.149699,1.0,2,3,1.0,2,2,1.0
14173,val,a38_39,3.0340507,3.5534267,1.0,3,3,1.0,2,2,1.0
18031,val,a38_39,1.0930451,3.4983966,1.0,2,3,1.0,2,5,1.0
18185,val,a38_39,2.510776,0.0,1.0,3,2,1.0,2,2,1.0
23031,val,a38_39,3.2815435,0.0,1.0,3,2,1.0,6,6,1.0
40173,val,a38_39,3.7263331,3.2282774,1.0,3,2,1.0,2,2,1.0
51171,val,a38_39,3.484554,3.708396,1.0,3,3,1.0,2,2,1.0
84005,val,a38_39,3.6795566,3.9163692,1.0,3,3,1.0,6,6,1.0
121173,val,a38_39,3.224126,0.0,1.0,3,2,1.0,2,2,1.0
128004,val,a38_39,3.8564255,3.97414,1.0,3,3,1.0,2,2,1.0
145170,val,a38_39,3.7609823,3.2996137,1.0,3,3,1.0,2,2,1.0
161004,val,a38_39,3.8581991,3.4987814,1.0,3,3,1.0,6,4,1.0
172031,val,a38_39,3.623212,3.1943314,1.0,3,3,1.0,2,2,1.0
174175,val,a38_39,2.2019043,4.3165617,1.0,3,3,1.0,2,2,1.0
221031,val,a38_39,4.008959,4.1482253,1.0,3,3,1.0,2,2,1.0
223030,val,a38_39,3.6978517,4.169046,1.0,3,3,1.0,2,2,1.0
227003,val,a38_39,4.3939004,4.074686,1.0,3,3,1.0,6,4,1.0
257175,val,a38_39,3.5326042,2.8933933,1.0,3,3,1.0,2,2,1.0
263182,val,a38_39,3.6603518,3.3483999,1.0,3,3,1.0,2,2,1.0
321005,val,a38_39,2.3884487,2.7218363,1.0,3,3,1.0,2,2,1.0
361175,val,a38_39,2.9335523,0.23207553,1.0,3,3,1.0,4,2,1.0
377170,val,a38_39,3.4474623,4.0544734,1.0,3,3,1.0,2,2,1.0
450030,val,a38_39,4.0041914,3.854094,1.0,3,3,1.0,6,6,1.0
465030,val,a38_39,2.681046,3.5433505,1.0,3,3,1.0,4,4,1.0
478030,val,a38_39,2.7224002,2.8278043,1.0,3,2,1.0,6,2,1.0
503031,val,a38_39,3.1888616,4.2451234,1.0,3,3,1.0,2,2,1.0
514172,val,a38_39,3.856038,4.3578134,1.0,3,3,1.0,2,2,1.0
534030,val,a38_39,3.246118,1.9284004,1.0,3,3,1.0,2,2,1.0
534171,val,a38_39,3.964175,3.300611,1.0,3,3,1.0,2,2,1.0
544170,val,a38_39,3.0487928,3.0027869,1.0,3,3,1.0,2,2,1.0
563193,val,a38_39,3.4589007,0.0,1.0,3,2,1.0,2,2,1.0
577174,val,a38_39,3.3676586,0.0,1.0,3,3,1.0,2,2,1.0
613006,val,a38_39,3.120336,3.558165,1.0,3,3,1.0,2,6,1.0
618170,val,a38_39,4.085623,4.457448,1.0,3,3,1.0,2,2,1.0
631030,val,a38_39,2.8975377,0.0,1.0,3,3,1.0,2,4,1.0
633031,val,a38_39,3.2108858,3.6561131,1.0,3,3,1.0,6,2,1.0
652173,val,a38_39,3.140111,3.5541687,1.0,3,3,1.0,2,2,1.0
655172,val,a38_39,3.4384403,3.5138078,1.0,3,3,1.0,2,2,1.0
656005,val,a38_39,2.6187916,0.0,1.0,3,2,1.0,2,2,1.0
691171,val,a38_39,3.0665379,3.772668,1.0,3,3,1.0,2,4,1.0
738172,val,a38_39,2.551757,3.2605875,1.0,3,3,1.0,2,2,1.0
751030,val,a38_39,1.4302328,3.029786,1.0,2,3,1.0,2,4,1.0
762170,val,a38_39,4.06875,4.375797,1.0,3,3,1.0,2,2,1.0
783171,val,a38_39,3.5401611,0.0,1.0,3,2,1.0,2,2,1.0
863007,val,a38_39,2.9623713,2.5121129,1.0,3,3,1.0,2,2,1.0
893170,val,a38_39,2.9721153,0.0,1.0,3,2,1.0,2,2,1.0
894031,val,a38_39,3.4183154,3.4273427,1.0,3,3,1.0,2,2,1.0
898181,val,a38_39,2.5130517,2.437192,1.0,3,2,1.0,2,2,1.0
899003,val,a38_39,3.3235097,3.5736656,1.0,3,3,1.0,4,4,1.0
916032,val,a38_39,2.7894673,2.3076265,1.0,3,2,1.0,6,2,1.0
922005,val,a38_39,3.6766348,2.0202856,1.0,3,3,1.0,2,2,1.0
931172,val,a38_39,3.6129742,3.1641526,1.0,3,3,1.0,2,2,1.0
939032,val,a38_39,4.3370028,4.886779,1.0,3,3,1.0,2,2,1.0
958030,val,a38_39,3.5969374,3.2040205,1.0,3,3,1.0,2,2,1.0
958173,val,a38_39,2.7599056,3.2682788,1.0,3,3,1.0,2,2,1.0
961005,val,a38_39,3.1417615,0.0,0.0,3,-1,0.0,4,-1,0.0
961030,val,a38_39,3.1980608,3.668479,1.0,3,3,1.0,6,2,1.0
961175,val,a38_39,3.6072378,4.009967,1.0,3,3,1.0,2,2,1.0
1051183,val,a38_39,3.9034567,3.3806858,1.0,3,3,1.0,2,2,1.0
1084005,val,a38_39,3.1149168,3.1447468,1.0,3,3,1.0,2,2,1.0
1089003,val,a38_39,3.098661,2.1620421,1.0,3,3,1.0,2,2,1.0
1093003,val,a38_39,1.1038666,0.0,1.0,2,2,1.0,2,2,1.0
1107173,val,a38_39,2.7071977,4.035927,1.0,3,3,1.0,2,4,1.0
1109174,val,a38_39,2.0942805,0.0,1.0,3,2,1.0,2,2,1.0
1121030,val,a38_39,3.6002421,3.1423733,1.0,3,3,1.0,2,2,1.0
1121175,val,a38_39,2.5334842,0.0,1.0,3,2,1.0,2,2,1.0
1125172,val,a38_39,2.8445067,2.3582149,1.0,3,3,1.0,2,2,1.0
1126030,val,a38_39,3.0524309,1.7614238,1.0,3,3,1.0,2,2,1.0
1126176,val,a38_39,3.0943396,4.886779,1.0,3,3,1.0,2,2,1.0
1152180,val,a38_39,3.2725792,3.542661,1.0,3,3,1.0,2,2,1.0
1164004,val,a38_39,3.6213326,1.9587568,1.0,3,3,1.0,2,2,1.0
1184032,val,a38_39,3.312575,3.901413,1.0,3,3,1.0,2,2,1.0
1184033,val,a38_39,2.6677306,2.153746,1.0,3,3,1.0,6,4,1.0
1185003,val,a38_39,3.488454,0.0,1.0,3,2,1.0,2,2,1.0
1222004,val,a38_39,2.6547472,3.1263244,1.0,3,3,1.0,2,2,1.0
1222006,val,a38_39,3.3004155,4.346328,1.0,3,3,1.0,2,2,1.0
1284170,val,a38_39,3.695476,0.0,1.0,3,2,1.0,2,2,1.0
1292004,val,a38_39,2.9435682,2.7189043,1.0,3,3,1.0,2,2,1.0
1314172,val,a38_39,3.468307,4.0920806,1.0,3,3,1.0,2,2,1.0
1332005,val,a38_39,4.0485363,3.6850972,1.0,3,3,1.0,2,3,1.0
1335010,val,a38_39,3.5208263,0.0,1.0,3,3,1.0,2,2,1.0
1338003,val,a38_39,3.491921,3.9032092,1.0,3,3,1.0,6,6,1.0
1345006,val,a38_39,3.021482,0.9750868,1.0,3,3,1.0,2,2,1.0
1345007,val,a38_39,2.9547343,3.6275852,1.0,3,3,1.0,6,2,1.0
1346030,val,a38_39,3.7503715,0.0,1.0,3,2,1.0,6,2,1.0
1391033,val,a38_39,3.918045,3.5923295,1.0,3,3,1.0,6,2,1.0
1391175,val,a38_39,0.8659166,3.037984,1.0,2,3,1.0,2,4,1.0
1394033,val,a38_39,2.739726,0.0,1.0,3,2,1.0,4,4,1.0
1397005,val,a38_39,3.5488882,3.7930343,1.0,3,3,1.0,2,2,1.0
1397172,val,a38_39,0.7971324,2.722233,1.0,2,3,1.0,2,2,1.0
1426004,val,a38_39,1.985515,2.7029045,1.0,3,3,1.0,6,6,1.0
1434032,val,a38_39,3.0509658,2.5541692,1.0,3,3,1.0,2,2,1.0
1434170,val,a38_39,3.3744004,3.1573586,1.0,3,3,1.0,2,2,1.0
1435005,val,a38_39,4.0302873,4.657845,1.0,3,3,1.0,6,4,1.0
1485171,val,a38_39,3.7090597,3.566306,1.0,3,3,1.0,2,2,1.0
1520031,val,a38_39,3.4312696,4.2071943,1.0,3,3,1.0,4,2,1.0
1540005,val,a38_39,4.480626,2.7591305,1.0,3,3,1.0,6,2,1.0
1559003,val,a38_39,4.1811514,4.306588,1.0,3,3,1.0,2,2,1.0
1559170,val,a38_39,3.3924792,2.9866662,1.0,3,3,1.0,2,2,1.0
1565180,val,a38_39,3.0210252,4.457509,1.0,3,3,1.0,2,2,1.0
1579030,val,a38_39,3.7012272,3.2040205,1.0,3,2,1.0,2,2,1.0
1613007,val,a38_39,2.6791282,1.5874135,1.0,3,2,1.0,2,2,1.0
1621171,val,a38_39,4.0404186,4.886779,1.0,3,3,1.0,2,2,1.0
1644004,val,a38_39,3.5435133,3.6033251,1.0,3,3,1.0,2,2,1.0
1652031,val,a38_39,3.0321991,3.4982743,1.0,3,3,1.0,2,2,1.0
1682032,val,a38_39,3.739643,3.8038778,1.0,3,3,1.0,6,2,1.0
1684173,val,a38_39,3.5434008,3.254356,1.0,3,3,1.0,2,2,1.0
1687003,val,a38_39,3.546633,3.154596,1.0,3,3,1.0,2,2,1.0
1690170,val,a38_39,2.5571957,3.4580646,1.0,3,3,1.0,2,2,1.0
1692030,val,a38_39,0.9002311,2.5415993,1.0,2,3,1.0,2,4,1.0
1695034,val,a38_39,3.3248453,3.0865474,1.0,3,3,1.0,2,2,1.0
1701004,val,a38_39,2.963132,3.5397089,1.0,3,2,1.0,2,2,1.0
1721030,val,a38_39,3.2805052,0.0,1.0,3,2,1.0,4,2,1.0
1723005,val,a38_39,0.9811324,2.2601643,1.0,2,3,1.0,2,2,1.0
1762030,val,a38_39,2.8342884,1.5906423,1.0,3,2,1.0,2,3,1.0
1762031,val,a38_39,3.7783732,3.7323906,1.0,3,3,1.0,2,2,1.0
1762032,val,a38_39,2.2723851,3.2139137,1.0,3,3,1.0,2,4,1.0
1774170,val,a38_39,3.3344111,0.0,1.0,3,2,1.0,2,2,1.0
1774171,val,a38_39,3.37826,3.4094932,1.0,3,3,1.0,2,2,1.0
1784171,val,a38_39,3.9336076,4.120623,1.0,3,3,1.0,2,2,1.0
1786191,val,a38_39,3.9614968,4.2188535,1.0,3,3,1.0,2,2,1.0
1787005,val,a38_39,3.3855824,3.6963296,1.0,3,3,1.0,4,2,1.0
1787174,val,a38_39,2.9138005,3.2707531,1.0,3,3,1.0,2,2,1.0
1802003,val,a38_39,3.2576694,0.0,0.0,3,-1,0.0,2,-1,0.0
1845170,val,a38_39,4.020107,0.0,0.0,3,-1,0.0,2,-1,0.0
1862171,val,a38_39,3.2524922,3.9098039,1.0,3,3,1.0,2,2,1.0
1898004,val,a38_39,3.4960248,4.498319,1.0,3,3,1.0,6,6,1.0
1911030,val,a38_39,2.925857,3.324597,1.0,3,3,1.0,4,2,1.0
1914003,val,a38_39,1.3506341,2.0297983,1.0,2,3,1.0,2,2,1.0
1919007,val,a38_39,4.183533,4.878869,1.0,3,3,1.0,2,3,1.0
1954003,val,a38_39,3.693722,3.2460208,1.0,3,2,1.0,2,2,1.0
1959005,val,a38_39,4.12467,4.291962,1.0,3,3,1.0,6,2,1.0
1964031,val,a38_39,2.26355,1.9279978,1.0,3,2,1.0,2,4,1.0
1972173,val,a38_39,0.9965875,0.0,1.0,2,2,1.0,2,2,1.0
1978030,val,a38_39,3.316351,4.0177207,1.0,3,3,1.0,2,2,1.0
2005030,val,a38_39,3.1587067,2.9945555,1.0,3,3,1.0,6,2,1.0
2011174,val,a38_39,2.5394542,3.233253,1.0,3,3,1.0,2,2,1.0
2023030,val,a38_39,4.074327,4.886779,1.0,3,3,1.0,6,6,1.0
2028030,val,a38_39,3.3988519,4.309778,1.0,3,3,1.0,4,4,1.0
2055003,val,a38_39,2.7870646,3.507782,1.0,3,3,1.0,2,2,1.0
2067005,val,a38_39,3.7561283,4.193517,1.0,3,3,1.0,2,2,1.0
2080170,val,a38_39,2.3523962,3.0143547,1.0,3,3,1.0,2,2,1.0
2106171,val,a38_39,1.0677522,0.0,1.0,2,2,1.0,2,2,1.0
2109002,val,a38_39,3.3800318,4.4848623,1.0,3,3,1.0,2,2,1.0
2129186,val,a38_39,3.2774405,0.0,0.0,3,-1,0.0,2,-1,0.0
2181007,val,a38_39,0.6199384,1.8672017,1.0,2,3,1.0,6,6,1.0
2181030,val,a38_39,3.0173707,3.4467623,1.0,3,3,1.0,4,2,1.0
2243174,val,a38_39,3.4985657,0.0,1.0,3,2,1.0,2,2,1.0
2260173,val,a38_39,2.9232304,1.9724138,1.0,3,3,1.0,2,2,1.0
2261030,val,a38_39,3.1879523,2.8148165,1.0,3,3,1.0,2,2,1.0
2271171,val,a38_39,2.8013778,3.4070678,1.0,3,3,1.0,2,2,1.0
2282005,val,a38_39,3.1019301,3.1244323,1.0,3,3,1.0,2,6,1.0
2302195,val,a38_39,0.8458458,0.0,1.0,2,2,1.0,2,3,1.0
2334031,val,a38_39,3.6775603,3.9690573,1.0,3,3,1.0,2,2,1.0
2341172,val,a38_39,3.1681771,2.2928271,1.0,3,3,1.0,2,2,1.0
2354175,val,a38_39,3.7293372,2.859516,1.0,3,3,1.0,6,2,1.0
2355004,val,a38_39,2.3653564,4.0868087,1.0,3,3,1.0,4,2,1.0
2391030,val,a38_39,3.6832898,3.4141958,1.0,3,2,1.0,2,2,1.0
2397173,val,a38_39,0.86142087,2.4192536,1.0,2,3,1.0,2,4,1.0
2408170,val,a38_39,2.8065581,3.2554533,1.0,3,3,1.0,6,4,1.0
2425003,val,a38_39,2.678618,1.4095232,1.0,3,3,1.0,2,2,1.0
2432030,val,a38_39,1.0765766,1.0048428,1.0,2,3,1.0,2,4,1.0
2435172,val,a38_39,0.93772507,0.0,1.0,2,2,1.0,2,2,1.0
2436174,val,a38_39,0.8198451,0.0,1.0,2,2,1.0,2,4,1.0
2436176,val,a38_39,0.7705451,3.0837762,1.0,2,3,1.0,2,2,1.0
2441003,val,a38_39,1.1213484,3.437568,1.0,2,3,1.0,2,2,1.0
2441173,val,a38_39,3.6642632,3.8851874,1.0,3,3,1.0,2,2,1.0
2458031,val,a38_39,4.5097175,4.775503,1.0,3,3,1.0,6,6,1.0
2461004,val,a38_39,0.75700283,0.0,1.0,2,2,1.0,2,2,1.0
2461030,val,a38_39,3.748749,4.597478,1.0,3,3,1.0,2,2,1.0
2473004,val,a38_39,3.6097598,4.1472106,1.0,3,3,1.0,2,2,1.0
2483030,val,a38_39,3.1257775,2.5445042,1.0,3,3,1.0,2,4,1.0
2503030,val,a38_39,3.917146,3.0326545,1.0,3,3,1.0,6,6,1.0
2510005,val,a38_39,3.8397985,3.0930045,1.0,3,3,1.0,2,2,1.0
2525003,val,a38_39,3.827784,4.7362037,1.0,3,3,1.0,2,2,1.0
2529030,val,a38_39,3.4801557,0.0,1.0,3,2,1.0,2,4,1.0
2529174,val,a38_39,3.0664482,4.315193,1.0,3,3,1.0,2,2,1.0
2530003,val,a38_39,2.4223893,0.0,0.0,3,-1,0.0,2,-1,0.0
2530004,val,a38_39,3.0021455,3.0504405,1.0,3,3,1.0,2,2,1.0
2569033,val,a38_39,2.8954022,3.3326652,1.0,3,3,1.0,6,2,1.0
2601006,val,a38_39,3.8212423,4.8403034,1.0,3,3,1.0,6,2,1.0
2608006,val,a38_39,2.8050368,3.18551,1.0,3,3,1.0,2,2,1.0
2615034,val,a38_39,3.6061974,3.7510855,1.0,3,3,1.0,2,2,1.0
2639004,val,a38_39,2.7778268,3.59953,1.0,3,2,1.0,2,4,1.0
2665177,val,a38_39,0.7430966,0.0,1.0,2,2,1.0,6,6,1.0
2672006,val,a38_39,3.7532167,0.0,1.0,3,3,1.0,6,4,1.0
2672171,val,a38_39,2.4397902,3.8403308,1.0,3,3,1.0,2,4,1.0
2697003,val,a38_39,3.8086166,3.4481115,1.0,3,3,1.0,2,2,1.0
2704031,val,a38_39,3.1476455,2.7730844,1.0,3,3,1.0,6,4,1.0
2705030,val,a38_39,3.4688506,4.222725,1.0,3,3,1.0,2,2,1.0
2707007,val,a38_39,2.8222423,1.7174486,1.0,3,3,1.0,2,2,1.0
2712172,val,a38_39,2.7565398,3.1861079,1.0,3,3,1.0,2,2,1.0
2731003,val,a38_39,2.8245053,3.048963,1.0,3,3,1.0,6,6,1.0
2731005,val,a38_39,3.9969873,4.507845,1.0,3,3,1.0,6,6,1.0
2770031,val,a38_39,3.425777,1.3663594,1.0,3,3,1.0,2,2,1.0
2816004,val,a38_39,1.0346947,3.2435856,1.0,2,3,1.0,2,2,1.0
2910002,val,a38_39,2.699394,2.9807694,1.0,3,3,1.0,2,2,1.0
3062001,val,a38_39,3.8487663,2.4661696,1.0,3,3,1.0,2,2,1.0
3235002,val,a38_39,2.5477428,3.5533636,1.0,3,3,1.0,2,3,1.0
3306001,val,a38_39,4.166773,4.496284,1.0,3,3,1.0,2,2,1.0
5015030,val,a38_39,2.426679,0.35408652,1.0,3,2,1.0,2,2,1.0
5048030,val,a38_39,2.5906746,2.7750175,1.0,3,3,1.0,6,6,1.0
5052033,val,a38_39,2.2930121,2.1022828,1.0,3,2,1.0,6,6,1.0
5057008,val,a38_39,0.54215705,3.3816826,1.0,2,3,1.0,6,6,1.0
5170009,val,a38_39,3.354757,3.8525667,1.0,3,3,1.0,2,2,1.0
5230008,val,a38_39,2.994522,3.8347166,1.0,3,3,1.0,2,2,1.0
5299010,val,a38_39,2.2467182,0.0,1.0,3,2,1.0,6,6,1.0
5336179,val,a38_39,3.117724,3.4054897,1.0,3,3,1.0,2,2,1.0
5364005,val,a38_39,3.1457849,3.6897547,1.0,3,3,1.0,4,3,1.0
5379004,val,a38_39,3.1432085,4.1776333,1.0,3,3,1.0,4,4,1.0
5430173,val,a38_39,2.824738,0.0,1.0,3,2,1.0,6,6,1.0
5488006,val,a38_39,3.2665102,3.6850972,1.0,3,3,1.0,6,6,1.0
5493007,val,a38_39,0.807623,0.0,1.0,2,2,1.0,2,5,1.0
5537009,val,a38_39,2.6980124,2.9333522,1.0,3,3,1.0,2,2,1.0
5537177,val,a38_39,2.8516681,1.8505303,1.0,3,2,1.0,2,2,1.0
5537183,val,a38_39,3.699936,3.955919,1.0,3,3,1.0,2,2,1.0
5569010,val,a38_39,2.8583183,3.5969393,1.0,3,3,1.0,2,2,1.0
5600005,val,a38_39,0.7534951,3.1264517,1.0,2,2,1.0,6,3,1.0
5615183,val,a38_39,3.039023,0.070574746,1.0,3,3,1.0,2,2,1.0
5749006,val,a38_39,1.9833379,1.8636948,1.0,3,2,1.0,4,2,1.0
5822175,val,a38_39,3.1386654,3.6260033,1.0,3,3,1.0,2,2,1.0
5832003,val,a38_39,3.0306187,0.0,0.0,3,-1,0.0,6,-1,0.0
5872005,val,a38_39,0.5612093,0.0,1.0,2,2,1.0,6,6,1.0
5898005,val,a38_39,1.0482496,0.0,0.0,2,-1,0.0,6,-1,0.0
5904033,val,a38_39,2.71537,3.0257523,1.0,3,3,1.0,2,4,1.0
5987188,val,a38_39,2.808434,3.1053386,1.0,3,3,1.0,2,2,1.0
6026005,val,a38_39,3.5524216,3.1735432,1.0,3,2,1.0,6,4,1.0
6026172,val,a38_39,3.5603247,1.3209659,1.0,3,3,1.0,6,4,1.0
6054031,val,a38_39,4.0458117,3.9497616,1.0,3,3,1.0,6,6,1.0
6121033,val,a38_39,2.3160136,0.0,1.0,3,2,1.0,6,6,1.0
6156008,val,a38_39,3.2116842,3.3272858,1.0,3,3,1.0,6,6,1.0
6157003,val,a38_39,3.072133,3.3871381,1.0,3,3,1.0,2,3,1.0
6210183,val,a38_39,2.5107615,3.2967014,1.0,3,-1,0.0,2,2,1.0
6262030,val,a38_39,3.6708503,4.0377684,1.0,3,3,1.0,2,2,1.0
6368007,val,a38_39,2.174598,1.7459805,1.0,3,2,1.0,6,6,1.0
6381181,val,a38_39,3.3374057,3.9647489,1.0,3,3,1.0,6,2,1.0
6396003,val,a38_39,2.3457348,0.0,1.0,3,2,1.0,4,4,1.0
6431008,val,a38_39,3.1203783,4.63572,1.0,3,3,1.0,2,4,1.0
6475170,val,a38_39,2.3028424,3.2242525,1.0,3,3,1.0,6,6,1.0
6522004,val,a38_39,0.7508695,0.9147846,1.0,2,2,1.0,6,6,1.0
6537032,val,a38_39,2.8306172,1.2648275,1.0,3,2,1.0,2,2,1.0
6541178,val,a38_39,3.5741708,4.122309,1.0,3,2,1.0,2,2,1.0
6545006,val,a38_39,0.99541795,3.1551504,1.0,2,3,1.0,2,4,1.0
6547171,val,a38_39,3.025746,2.7027802,1.0,3,3,1.0,2,2,1.0
6571031,val,a38_39,3.1966295,1.7769312,1.0,3,2,1.0,2,3,1.0
6590008,val,a38_39,3.1536276,3.329783,1.0,3,3,1.0,2,2,1.0
6616007,val,a38_39,2.636016,3.7570312,1.0,3,3,1.0,2,4,1.0
6649003,val,a38_39,2.331661,3.3337348,1.0,3,3,1.0,6,2,1.0
6710030,val,a38_39,0.6691545,3.2527912,1.0,2,3,1.0,6,6,1.0
6745007,val,a38_39,2.7733974,3.583648,1.0,3,3,1.0,6,6,1.0
6750005,val,a38_39,2.792634,3.578878,1.0,3,3,1.0,2,4,1.0
6765006,val,a38_39,1.4157441,2.8015413,1.0,2,3,1.0,2,2,1.0
6822176,val,a38_39,2.949118,2.0905557,1.0,3,3,1.0,2,4,1.0
4007,val,a40_41,2.9792116,4.096741,1.0,3,3,1.0,2,4,1.0
6174,val,a40_41,3.7084315,3.9414282,1.0,3,3,1.0,2,2,1.0
14004,val,a40_41,3.752803,3.9032092,1.0,3,3,1.0,2,2,1.0
14172,val,a40_41,1.0044786,3.3626049,1.0,2,3,1.0,2,2,1.0
14173,val,a40_41,3.0932007,3.737305,1.0,3,3,1.0,2,2,1.0
18031,val,a40_41,1.0423746,3.4141958,1.0,2,3,1.0,2,5,1.0
18185,val,a40_41,2.5422482,0.0,1.0,3,2,1.0,2,2,1.0
23031,val,a40_41,3.304853,0.0,1.0,3,2,1.0,6,6,1.0
40173,val,a40_41,3.7818441,3.426771,1.0,3,3,1.0,2,2,1.0
51171,val,a40_41,3.540686,3.886613,1.0,3,3,1.0,2,2,1.0
84005,val,a40_41,3.726457,4.077138,1.0,3,3,1.0,6,6,1.0
121173,val,a40_41,3.2672791,0.0,1.0,3,2,1.0,2,2,1.0
128004,val,a40_41,3.9228091,4.218239,1.0,3,3,1.0,2,2,1.0
145170,val,a40_41,3.8372412,3.8678546,1.0,3,3,1.0,2,2,1.0
161004,val,a40_41,3.9085226,3.0361922,1.0,3,2,1.0,6,4,1.0
172031,val,a40_41,3.6978297,3.2188306,1.0,3,3,1.0,2,2,1.0
174175,val,a40_41,2.2270396,4.886779,1.0,3,3,1.0,2,2,1.0
221031,val,a40_41,4.077789,4.1335025,1.0,3,3,1.0,2,2,1.0
223030,val,a40_41,3.7617218,3.6286082,1.0,3,2,1.0,2,2,1.0
227003,val,a40_41,4.4647107,4.008891,1.0,3,3,1.0,6,2,1.0
257175,val,a40_41,3.5969224,0.42037553,1.0,3,2,1.0,2,2,1.0
263182,val,a40_41,3.7204452,3.4826956,1.0,3,3,1.0,2,2,1.0
321005,val,a40_41,2.4370642,2.8158593,1.0,3,3,1.0,2,2,1.0
361175,val,a40_41,3.003926,1.7118756,1.0,3,2,1.0,4,2,1.0
377170,val,a40_41,3.5095003,4.2009177,1.0,3,3,1.0,2,2,1.0
450030,val,a40_41,4.061533,3.847051,1.0,3,3,1.0,6,6,1.0
465030,val,a40_41,2.6947234,3.7935455,1.0,3,3,1.0,4,4,1.0
478030,val,a40_41,2.7396767,2.907154,1.0,3,2,1.0,6,3,1.0
503031,val,a40_41,3.2534819,4.475371,1.0,3,3,1.0,2,4,1.0
514172,val,a40_41,3.9248934,4.04607,1.0,3,3,1.0,2,2,1.0
534030,val,a40_41,3.2994215,1.9053723,1.0,3,3,1.0,2,2,1.0
534171,val,a40_41,4.019446,3.7922242,1.0,3,3,1.0,2,2,1.0
544170,val,a40_41,3.0980797,3.178121,1.0,3,3,1.0,2,2,1.0
563193,val,a40_41,3.5201728,0.0,1.0,3,2,1.0,2,2,1.0
577174,val,a40_41,3.4326246,3.0114257,1.0,3,3,1.0,2,2,1.0
613006,val,a40_41,3.1841912,3.7471669,1.0,3,3,1.0,2,2,1.0
618170,val,a40_41,4.1523767,4.5326686,1.0,3,3,1.0,2,2,1.0
631030,val,a40_41,2.9492757,3.3098624,1.0,3,3,1.0,2,4,1.0
633031,val,a40_41,3.2456183,3.6491034,1.0,3,3,1.0,6,2,1.0
652173,val,a40_41,3.1705887,3.5666425,1.0,3,3,1.0,2,2,1.0
655172,val,a40_41,3.486732,3.749749,1.0,3,3,1.0,2,2,1.0
656005,val,a40_41,2.650672,0.9626811,1.0,3,3,1.0,2,2,1.0
691171,val,a40_41,3.11026,2.3365629,1.0,3,3,1.0,2,4,1.0
738172,val,a40_41,2.601972,3.8163328,1.0,3,3,1.0,2,2,1.0
751030,val,a40_41,1.3652959,2.7778397,1.0,2,3,1.0,2,4,1.0
762170,val,a40_41,4.1206226,4.3971753,1.0,3,3,1.0,2,2,1.0
783171,val,a40_41,3.6120453,3.7198489,1.0,3,3,1.0,2,2,1.0
863007,val,a40_41,3.0182805,2.8474362,1.0,3,3,1.0,2,2,1.0
893170,val,a40_41,3.014621,0.0,1.0,3,2,1.0,2,2,1.0
894031,val,a40_41,3.4706554,3.2252226,1.0,3,3,1.0,2,2,1.0
898181,val,a40_41,2.5319378,1.1858279,1.0,3,3,1.0,2,2,1.0
899003,val,a40_41,3.3575501,3.5209594,1.0,3,3,1.0,4,2,1.0
916032,val,a40_41,2.8054123,3.1679091,1.0,3,3,1.0,6,2,1.0
922005,val,a40_41,3.7314079,2.5942936,1.0,3,3,1.0,2,2,1.0
931172,val,a40_41,3.67626,3.1120167,1.0,3,2,1.0,2,2,1.0
939032,val,a40_41,4.4044824,4.886779,1.0,3,3,1.0,2,2,1.0
958030,val,a40_41,3.657735,3.1199777,1.0,3,3,1.0,2,2,1.0
958173,val,a40_41,2.788351,3.1463857,1.0,3,3,1.0,2,2,1.0
961005,val,a40_41,3.175793,3.1784346,1.0,3,3,1.0,4,2,1.0
961030,val,a40_41,3.22301,3.4617243,1.0,3,3,1.0,6,2,1.0
961175,val,a40_41,3.668735,4.0225544,1.0,3,3,1.0,2,2,1.0
1051183,val,a40_41,3.9532635,3.3424077,1.0,3,3,1.0,2,2,1.0
1084005,val,a40_41,3.1535048,3.6850972,1.0,3,2,1.0,2,3,1.0
1089003,val,a40_41,3.1416454,3.3619723,1.0,3,3,1.0,2,2,1.0
1093003,val,a40_41,1.0551422,0.0,1.0,2,2,1.0,2,2,1.0
1107173,val,a40_41,2.7886505,4.0036206,1.0,3,3,1.0,2,4,1.0
1109174,val,a40_41,2.121017,2.1663687,1.0,3,3,1.0,2,2,1.0
1121030,val,a40_41,3.65472,3.615111,1.0,3,3,1.0,2,2,1.0
1121175,val,a40_41,2.5756292,0.0,1.0,3,2,1.0,2,2,1.0
1125172,val,a40_41,2.8836303,0.0,0.0,3,-1,0.0,2,-1,0.0
1126030,val,a40_41,3.0918438,2.3645113,1.0,3,3,1.0,2,2,1.0
1126176,val,a40_41,3.2087674,4.886184,1.0,3,3,1.0,2,2,1.0
1152180,val,a40_41,3.3168738,3.4620757,1.0,3,3,1.0,2,2,1.0
1164004,val,a40_41,3.6835027,3.5871162,1.0,3,3,1.0,2,2,1.0
1184032,val,a40_41,3.3602371,3.843872,1.0,3,3,1.0,2,2,1.0
1184033,val,a40_41,2.7089012,1.4233128,1.0,3,3,1.0,6,4,1.0
1185003,val,a40_41,3.5428061,0.0,1.0,3,2,1.0,2,2,1.0
1222004,val,a40_41,2.6928813,3.154596,1.0,3,3,1.0,2,2,1.0
1222006,val,a40_41,3.3651571,2.026318,1.0,3,3,1.0,2,2,1.0
1284170,val,a40_41,3.7592466,0.0,1.0,3,2,1.0,2,2,1.0
1292004,val,a40_41,2.9882746,3.105974,1.0,3,3,1.0,2,4,1.0
1314172,val,a40_41,3.5313227,3.949036,1.0,3,3,1.0,2,2,1.0
1332005,val,a40_41,4.106676,3.6204543,1.0,3,3,1.0,2,3,1.0
1335010,val,a40_41,3.5781898,3.0401068,1.0,3,3,1.0,2,2,1.0
1338003,val,a40_41,3.5240216,3.5987248,1.0,3,3,1.0,6,2,1.0
1345006,val,a40_41,3.0512834,2.9212708,1.0,3,3,1.0,2,2,1.0
1345007,val,a40_41,2.9930391,3.57801,1.0,3,3,1.0,6,2,1.0
1346030,val,a40_41,3.7944837,0.0,1.0,3,2,1.0,6,2,1.0
1391033,val,a40_41,3.9741616,3.647873,1.0,3,3,1.0,6,4,1.0
1391175,val,a40_41,0.8168485,0.0,0.0,2,-1,0.0,2,-1,0.0
1394033,val,a40_41,2.777085,0.0,1.0,3,2,1.0,4,4,1.0
1397005,val,a40_41,3.602333,3.7439065,1.0,3,3,1.0,2,2,1.0
1397172,val,a40_41,0.7396891,3.0469735,1.0,2,3,1.0,2,2,1.0
1426004,val,a40_41,1.9831204,2.9762707,1.0,3,3,1.0,6,6,1.0
1434032,val,a40_41,3.0927575,2.0527534,1.0,3,3,1.0,2,2,1.0
1434170,val,a40_41,3.4187431,3.1865816,1.0,3,3,1.0,2,2,1.0
1435005,val,a40_41,4.093083,4.6204996,1.0,3,2,1.0,6,4,1.0
1485171,val,a40_41,3.7663445,3.2274153,1.0,3,3,1.0,2,2,1.0
1520031,val,a40_41,3.4641643,3.9851773,1.0,3,3,1.0,4,2,1.0
1540005,val,a40_41,4.5527763,2.3726282,1.0,3,3,1.0,6,2,1.0
1559003,val,a40_41,4.2534513,4.472791,1.0,3,3,1.0,2,2,1.0
1559170,val,a40_41,3.4418774,3.2300382,1.0,3,3,1.0,2,2,1.0
1565180,val,a40_41,3.0553257,4.194441,1.0,3,3,1.0,2,2,1.0
1579030,val,a40_41,3.7942138,3.0597289,1.0,3,3,1.0,2,2,1.0
1613007,val,a40_41,2.715414,0.6793294,1.0,3,3,1.0,2,2,1.0
1621171,val,a40_41,4.1001043,4.886779,1.0,3,3,1.0,2,2,1.0
1644004,val,a40_41,3.5986009,3.496418,1.0,3,3,1.0,2,2,1.0
1652031,val,a40_41,3.0548959,3.3802066,1.0,3,3,1.0,2,2,1.0
1682032,val,a40_41,3.8212276,3.8730197,1.0,3,3,1.0,6,2,1.0
1684173,val,a40_41,3.5963259,3.6152012,1.0,3,2,1.0,2,2,1.0
1687003,val,a40_41,3.6016486,3.3729873,1.0,3,3,1.0,2,2,1.0
1690170,val,a40_41,2.6035748,3.5111582,1.0,3,3,1.0,2,2,1.0
1692030,val,a40_41,0.8460114,0.0,1.0,2,2,1.0,2,2,1.0
1695034,val,a40_41,3.373136,3.6491034,1.0,3,3,1.0,2,2,1.0
1701004,val,a40_41,3.0151021,3.9664857,1.0,3,3,1.0,2,2,1.0
1721030,val,a40_41,3.3004453,3.6687279,1.0,3,3,1.0,4,2,1.0
1723005,val,a40_41,0.93459094,2.2075644,1.0,2,3,1.0,2,2,1.0
1762030,val,a40_41,2.8871949,0.0,1.0,3,2,1.0,2,4,1.0
1762031,val,a40_41,3.8483152,3.7650766,1.0,3,3,1.0,2,2,1.0
1762032,val,a40_41,2.2981193,1.9069004,1.0,3,3,1.0,2,4,1.0
1774170,val,a40_41,3.3754032,1.3671789,1.0,3,2,1.0,2,2,1.0
1774171,val,a40_41,3.4285083,3.3073823,1.0,3,3,1.0,2,2,1.0
1784171,val,a40_41,3.9920478,4.1698217,1.0,3,3,1.0,2,2,1.0
1786191,val,a40_41,4.024968,3.9422066,1.0,3,3,1.0,2,2,1.0
1787005,val,a40_41,3.4214845,3.6848996,1.0,3,3,1.0,4,2,1.0
1787174,val,a40_41,2.934876,3.3667955,1.0,3,3,1.0,2,2,1.0
1802003,val,a40_41,3.3037288,3.489942,1.0,3,2,1.0,2,4,1.0
1845170,val,a40_41,4.082389,3.0869684,1.0,3,3,1.0,2,2,1.0
1862171,val,a40_41,3.3025162,3.5262845,1.0,3,3,1.0,2,2,1.0
1898004,val,a40_41,3.5295608,3.4094932,1.0,3,3,1.0,6,6,1.0
1911030,val,a40_41,2.9605243,0.0,0.0,3,-1,0.0,4,-1,0.0
1914003,val,a40_41,1.317088,2.8751705,1.0,2,3,1.0,2,2,1.0
1919007,val,a40_41,4.259281,4.886779,1.0,3,3,1.0,2,4,1.0
1954003,val,a40_41,3.759566,2.9361172,1.0,3,3,1.0,2,2,1.0
1959005,val,a40_41,4.189623,4.3370132,1.0,3,3,1.0,6,2,1.0
1964031,val,a40_41,2.2958786,0.0,1.0,3,2,1.0,2,4,1.0
1972173,val,a40_41,0.9415778,0.0,0.0,2,-1,0.0,2,-1,0.0
1978030,val,a40_41,3.3576596,3.693618,1.0,3,3,1.0,2,2,1.0
2005030,val,a40_41,3.1850948,3.1062326,1.0,3,3,1.0,6,4,1.0
2011174,val,a40_41,2.551256,3.3237946,1.0,3,3,1.0,2,2,1.0
2023030,val,a40_41,4.137968,4.886779,1.0,3,3,1.0,6,6,1.0
2028030,val,a40_41,3.4426792,4.421971,1.0,3,3,1.0,4,4,1.0
2055003,val,a40_41,2.83124,1.7300621,1.0,3,3,1.0,2,2,1.0
2067005,val,a40_41,3.8207278,4.1546817,1.0,3,3,1.0,2,2,1.0
2080170,val,a40_41,2.3858995,2.3160753,1.0,3,3,1.0,2,2,1.0
2106171,val,a40_41,1.03292,0.0,1.0,2,2,1.0,2,2,1.0
2109002,val,a40_41,3.4257684,4.482823,1.0,3,3,1.0,2,2,1.0
2129186,val,a40_41,3.3300562,3.496005,1.0,3,3,1.0,2,2,1.0
2181007,val,a40_41,0.5469285,1.966612,1.0,2,2,1.0,6,6,1.0
2181030,val,a40_41,3.044496,3.3319657,1.0,3,3,1.0,4,2,1.0
2243174,val,a40_41,3.538508,3.0664406,1.0,3,3,1.0,2,2,1.0
2260173,val,a40_41,2.965515,0.40987092,1.0,3,2,1.0,2,2,1.0
2261030,val,a40_41,3.2300596,2.5095816,1.0,3,3,1.0,2,2,1.0
2271171,val,a40_41,2.8307796,3.6543715,1.0,3,3,1.0,2,2,1.0
2282005,val,a40_41,3.1395922,0.0,1.0,3,3,1.0,2,6,1.0
2302195,val,a40_41,0.79716134,0.39853728,1.0,2,2,1.0,2,3,1.0
2334031,val,a40_41,3.7408316,3.8142254,1.0,3,3,1.0,2,2,1.0
2341172,val,a40_41,3.2147868,2.8913167,1.0,3,3,1.0,2,2,1.0
2354175,val,a40_41,3.767304,3.3073823,1.0,3,3,1.0,6,2,1.0
2355004,val,a40_41,2.4040213,3.7249148,1.0,3,3,1.0,4,2,1.0
2391030,val,a40_41,3.7498844,3.1996279,1.0,3,3,1.0,2,2,1.0
2397173,val,a40_41,0.8083544,2.7536736,1.0,2,3,1.0,2,2,1.0
2408170,val,a40_41,2.812842,2.2054408,1.0,3,2,1.0,6,4,1.0
2425003,val,a40_41,2.70941,1.1611937,1.0,3,3,1.0,2,2,1.0
2432030,val,a40_41,1.0127921,2.766588,1.0,2,3,1.0,2,4,1.0
2435172,val,a40_41,0.879091,0.5612031,1.0,2,3,1.0,2,2,1.0
2436174,val,a40_41,0.7680501,0.0,1.0,2,2,1.0,2,4,1.0
2436176,val,a40_41,0.7007656,3.0665076,1.0,2,3,1.0,2,2,1.0
2441003,val,a40_41,1.057642,3.1931083,1.0,2,3,1.0,2,2,1.0
2441173,val,a40_41,3.7190428,4.1230373,1.0,3,3,1.0,2,2,1.0
2458031,val,a40_41,4.5752525,4.7487354,1.0,3,3,1.0,6,6,1.0
2461004,val,a40_41,0.69669557,2.4098656,1.0,2,3,1.0,2,2,1.0
2461030,val,a40_41,3.8061552,0.0,1.0,3,3,1.0,2,4,1.0
2473004,val,a40_41,3.6730318,3.8582711,1.0,3,3,1.0,2,2,1.0
2483030,val,a40_41,3.1600347,1.7093322,1.0,3,3,1.0,2,4,1.0
2503030,val,a40_41,3.9665294,3.0149915,1.0,3,3,1.0,6,6,1.0
2510005,val,a40_41,3.9136653,3.0679493,1.0,3,3,1.0,2,2,1.0
2525003,val,a40_41,3.9032192,4.886779,1.0,3,3,1.0,2,2,1.0
2529030,val,a40_41,3.535596,0.0,1.0,3,2,1.0,2,4,1.0
2529174,val,a40_41,3.093906,3.9823928,1.0,3,3,1.0,2,2,1.0
2530003,val,a40_41,2.4570343,2.8040938,1.0,3,3,1.0,2,2,1.0
2530004,val,a40_41,3.031114,3.0475352,1.0,3,3,1.0,2,2,1.0
2569033,val,a40_41,2.8965924,3.3889637,1.0,3,3,1.0,6,2,1.0
2601006,val,a40_41,3.8769975,0.0,0.0,3,-1,0.0,6,-1,0.0
2608006,val,a40_41,2.8475924,3.153995,1.0,3,3,1.0,2,2,1.0
2615034,val,a40_41,3.6654992,3.5209804,1.0,3,3,1.0,2,2,1.0
2639004,val,a40_41,2.8677347,2.0256755,1.0,3,2,1.0,2,4,1.0
2665177,val,a40_41,0.65395904,0.0,1.0,2,2,1.0,6,2,1.0
2672006,val,a40_41,3.8102798,4.190539,1.0,3,3,1.0,6,4,1.0
2672171,val,a40_41,2.487951,4.158148,1.0,3,3,1.0,2,4,1.0
2697003,val,a40_41,3.8559046,3.3715646,1.0,3,3,1.0,2,2,1.0
2704031,val,a40_41,3.153333,2.5460799,1.0,3,3,1.0,6,4,1.0
2705030,val,a40_41,3.5153322,4.6122894,1.0,3,3,1.0,2,3,1.0
2707007,val,a40_41,2.8549485,2.015335,1.0,3,3,1.0,2,2,1.0
2712172,val,a40_41,2.8230476,3.172238,1.0,3,3,1.0,2,2,1.0
2731003,val,a40_41,2.8291912,3.1447468,1.0,3,3,1.0,6,6,1.0
2731005,val,a40_41,4.055752,4.564996,1.0,3,3,1.0,6,6,1.0
2770031,val,a40_41,3.479136,1.7136508,1.0,3,3,1.0,2,2,1.0
2816004,val,a40_41,0.9855776,3.4309494,1.0,2,3,1.0,2,2,1.0
2910002,val,a40_41,2.7181406,3.1706843,1.0,3,2,1.0,2,2,1.0
3062001,val,a40_41,3.9138,3.958687,1.0,3,3,1.0,2,2,1.0
3235002,val,a40_41,2.569951,3.6333046,1.0,3,3,1.0,2,3,1.0
3306001,val,a40_41,4.233974,4.594867,1.0,3,3,1.0,2,2,1.0
5015030,val,a40_41,2.462398,0.0,1.0,3,2,1.0,2,2,1.0
5048030,val,a40_41,2.5861447,2.79805,1.0,3,3,1.0,6,6,1.0
5052033,val,a40_41,2.288496,2.355517,1.0,3,3,1.0,6,6,1.0
5057008,val,a40_41,0.4627049,3.5037935,1.0,2,3,1.0,6,6,1.0
5170009,val,a40_41,3.4019659,3.8322608,1.0,3,3,1.0,2,2,1.0
5230008,val,a40_41,3.0277226,3.7570312,1.0,3,3,1.0,2,2,1.0
5299010,val,a40_41,2.2400355,0.0,1.0,3,2,1.0,6,6,1.0
5336179,val,a40_41,3.1814244,3.3685656,1.0,3,3,1.0,2,2,1.0
5364005,val,a40_41,3.1834297,3.3224595,1.0,3,3,1.0,4,3,1.0
5379004,val,a40_41,3.1740007,4.8131404,1.0,3,3,1.0,4,4,1.0
5430173,val,a40_41,2.8284705,0.0,1.0,3,2,1.0,6,6,1.0
5488006,val,a40_41,3.289252,3.6807222,1.0,3,3,1.0,6,6,1.0
5493007,val,a40_41,0.7593312,0.0,1.0,2,2,1.0,2,5,1.0
5537009,val,a40_41,2.7313156,2.9591303,1.0,3,3,1.0,2,2,1.0
5537177,val,a40_41,2.9729285,1.2297416,1.0,3,2,1.0,2,2,1.0
5537183,val,a40_41,3.7616937,3.031698,1.0,3,3,1.0,2,2,1.0
5569010,val,a40_41,2.8830166,3.265041,1.0,3,3,1.0,2,2,1.0
5600005,val,a40_41,0.64525473,2.2039053,1.0,2,2,1.0,6,2,1.0
5615183,val,a40_41,3.1019356,2.9662764,1.0,3,3,1.0,2,2,1.0
5749006,val,a40_41,1.977175,0.37078482,1.0,3,2,1.0,4,2,1.0
5822175,val,a40_41,3.1977994,3.7130666,1.0,3,3,1.0,2,2,1.0
5832003,val,a40_41,3.0427117,2.3181431,1.0,3,2,1.0,6,6,1.0
5872005,val,a40_41,0.4894681,0.0,0.0,2,-1,0.0,6,-1,0.0
5898005,val,a40_41,0.92799044,0.0,0.0,2,-1,0.0,6,-1,0.0
5904033,val,a40_41,2.7343102,1.9870218,1.0,3,3,1.0,2,4,1.0
5987188,val,a40_41,2.8394473,3.0869684,1.0,3,3,1.0,2,2,1.0
6026005,val,a40_41,3.5907516,3.3871381,1.0,3,2,1.0,6,4,1.0
6026172,val,a40_41,3.5943522,3.6983402,1.0,3,3,1.0,6,4,1.0
6054031,val,a40_41,4.110192,3.9765851,1.0,3,3,1.0,6,6,1.0
6121033,val,a40_41,2.3125525,0.0,1.0,3,2,1.0,6,6,1.0
6156008,val,a40_41,3.2316418,3.7570312,1.0,3,3,1.0,6,6,1.0
6157003,val,a40_41,3.1247003,3.2381604,1.0,3,3,1.0,2,3,1.0
6210183,val,a40_41,2.534388,3.3488646,1.0,3,3,1.0,2,2,1.0
6262030,val,a40_41,3.739091,4.052318,1.0,3,3,1.0,2,2,1.0
6368007,val,a40_41,2.1668346,0.0,1.0,3,2,1.0,6,6,1.0
6381181,val,a40_41,3.3676317,4.0398784,1.0,3,3,1.0,6,2,1.0
6396003,val,a40_41,2.3769414,0.0,1.0,3,2,1.0,4,4,1.0
6431008,val,a40_41,3.1815948,4.745581,1.0,3,3,1.0,2,4,1.0
6475170,val,a40_41,2.2902803,3.0000806,1.0,3,3,1.0,6,6,1.0
6522004,val,a40_41,0.65678906,0.0,0.0,2,2,1.0,6,4,1.0
6537032,val,a40_41,2.8475485,2.9993773,1.0,3,3,1.0,2,2,1.0
6541178,val,a40_41,3.6258347,4.1655335,1.0,3,3,1.0,2,2,1.0
6545006,val,a40_41,0.91339254,2.3224509,1.0,2,3,1.0,2,4,1.0
6547171,val,a40_41,3.074332,3.0869684,1.0,3,3,1.0,2,2,1.0
6571031,val,a40_41,3.2545211,0.0,0.0,3,-1,0.0,2,-1,0.0
6590008,val,a40_41,3.2014399,0.0,1.0,3,3,1.0,2,2,1.0
6616007,val,a40_41,2.6890957,3.6222303,1.0,3,3,1.0,2,4,1.0
6649003,val,a40_41,2.321024,3.6229506,1.0,3,3,1.0,6,2,1.0
6710030,val,a40_41,0.5839379,3.2437427,1.0,2,3,1.0,6,6,1.0
6745007,val,a40_41,2.7769291,3.587975,1.0,3,3,1.0,6,6,1.0
6750005,val,a40_41,2.8556476,3.9030106,1.0,3,3,1.0,2,4,1.0
6765006,val,a40_41,1.3582283,2.6505947,1.0,2,3,1.0,2,2,1.0
6822176,val,a40_41,2.979183,3.546035,1.0,3,3,1.0,2,4,1.0
4007,val,a42_43,2.9877105,0.0,0.0,3,-1,0.0,2,-1,0.0
6174,val,a42_43,3.7275681,4.3904777,1.0,3,3,1.0,2,2,1.0
14004,val,a42_43,3.766218,3.7619069,1.0,3,3,1.0,2,2,1.0
14172,val,a42_43,0.9815916,3.7323906,1.0,2,3,1.0,2,2,1.0
14173,val,a42_43,3.1095095,4.0403357,1.0,3,3,1.0,2,2,1.0
18031,val,a42_43,1.0058666,3.5281215,1.0,2,3,1.0,2,5,1.0
18185,val,a42_43,2.5474358,0.0,1.0,3,2,1.0,2,3,1.0
23031,val,a42_43,3.2966576,0.0,1.0,3,2,1.0,6,6,1.0
40173,val,a42_43,3.7975404,3.5162604,1.0,3,3,1.0,2,2,1.0
51171,val,a42_43,3.5583386,3.9461741,1.0,3,3,1.0,2,2,1.0
84005,val,a42_43,3.732143,3.9647489,1.0,3,3,1.0,6,6,1.0
121173,val,a42_43,3.2768211,3.016735,1.0,3,3,1.0,2,2,1.0
128004,val,a42_43,3.9443693,4.198069,1.0,3,3,1.0,2,2,1.0
145170,val,a42_43,3.8665845,3.507782,1.0,3,3,1.0,2,2,1.0
161004,val,a42_43,3.9145641,3.1872697,1.0,3,3,1.0,6,4,1.0
172031,val,a42_43,3.7311687,3.126861,1.0,3,3,1.0,2,2,1.0
174175,val,a42_43,2.2289102,4.886779,1.0,3,3,1.0,2,2,1.0
221031,val,a42_43,4.100027,3.9811552,1.0,3,3,1.0,2,2,1.0
223030,val,a42_43,3.7791967,3.4196575,1.0,3,3,1.0,2,2,1.0
227003,val,a42_43,4.478291,3.9589236,1.0,3,3,1.0,6,2,1.0
257175,val,a42_43,3.620217,0.56697226,1.0,3,3,1.0,2,2,1.0
263182,val,a42_43,3.7383635,3.456537,1.0,3,3,1.0,2,2,1.0
321005,val,a42_43,2.4556882,3.067396,1.0,3,3,1.0,2,2,1.0
361175,val,a42_43,3.0410376,2.6412401,1.0,3,3,1.0,4,2,1.0
377170,val,a42_43,3.5280948,4.30575,1.0,3,3,1.0,2,2,1.0
450030,val,a42_43,4.0706825,4.0109034,1.0,3,2,1.0,6,6,1.0
465030,val,a42_43,2.6919546,3.854094,1.0,3,3,1.0,4,4,1.0
478030,val,a42_43,2.7356632,3.0282621,1.0,3,3,1.0,6,3,1.0
503031,val,a42_43,3.2838247,4.717123,1.0,3,3,1.0,2,4,1.0
514172,val,a42_43,3.9471414,4.2617564,1.0,3,3,1.0,2,2,1.0
534030,val,a42_43,3.3165565,3.2387373,1.0,3,3,1.0,2,2,1.0
534171,val,a42_43,4.032448,3.8186266,1.0,3,3,1.0,2,2,1.0
544170,val,a42_43,3.1178257,3.378522,1.0,3,3,1.0,2,2,1.0
563193,val,a42_43,3.5409303,0.0,1.0,3,2,1.0,2,2,1.0
577174,val,a42_43,3.456997,3.1931083,1.0,3,3,1.0,2,2,1.0
613006,val,a42_43,3.2046046,3.4896688,1.0,3,3,1.0,2,2,1.0
618170,val,a42_43,4.1713,4.7028666,1.0,3,3,1.0,2,2,1.0
631030,val,a42_43,2.9653304,3.7247293,1.0,3,3,1.0,2,4,1.0
633031,val,a42_43,3.2496276,3.6932049,1.0,3,3,1.0,6,2,1.0
652173,val,a42_43,3.1689298,3.6409497,1.0,3,3,1.0,2,2,1.0
655172,val,a42_43,3.4997802,4.2897096,1.0,3,3,1.0,2,2,1.0
656005,val,a42_43,2.655823,1.5825812,1.0,3,3,1.0,2,2,1.0
691171,val,a42_43,3.12511,2.422265,1.0,3,3,1.0,2,4,1.0
738172,val,a42_43,2.6217878,4.6475396,1.0,3,3,1.0,2,2,1.0
751030,val,a42_43,1.3151847,3.128094,1.0,2,2,1.0,2,4,1.0
762170,val,a42_43,4.1303234,4.3866534,1.0,3,3,1.0,2,2,1.0
783171,val,a42_43,3.6425931,3.627258,1.0,3,3,1.0,2,2,1.0
863007,val,a42_43,3.0429907,3.0570593,1.0,3,3,1.0,2,2,1.0
893170,val,a42_43,3.026346,0.0,1.0,3,2,1.0,2,2,1.0
894031,val,a42_43,3.4857543,3.4939215,1.0,3,3,1.0,2,2,1.0
898181,val,a42_43,2.5230649,2.0642657,1.0,3,3,1.0,2,2,1.0
899003,val,a42_43,3.3597965,3.5290773,1.0,3,3,1.0,4,2,1.0
916032,val,a42_43,2.8001823,2.66215,1.0,3,2,1.0,6,2,1.0
922005,val,a42_43,3.747046,2.8607311,1.0,3,3,1.0,2,2,1.0
931172,val,a42_43,3.6980138,2.3561735,1.0,3,3,1.0,2,2,1.0
939032,val,a42_43,4.421141,4.886779,1.0,3,3,1.0,2,2,1.0
958030,val,a42_43,3.67861,3.0001054,1.0,3,3,1.0,2,2,1.0
958173,val,a42_43,2.7891653,3.188211,1.0,3,3,1.0,2,2,1.0
961005,val,a42_43,3.1839018,3.0807095,1.0,3,3,1.0,4,2,1.0
961030,val,a42_43,3.2241387,3.5064607,1.0,3,3,1.0,6,2,1.0
961175,val,a42_43,3.6889684,3.858515,1.0,3,3,1.0,2,2,1.0
1051183,val,a42_43,3.9609683,3.4141958,1.0,3,3,1.0,2,2,1.0
1084005,val,a42_43,3.1574125,2.8569546,1.0,3,2,1.0,2,4,1.0
1089003,val,a42_43,3.1524582,3.397333,1.0,3,3,1.0,2,2,1.0
1093003,val,a42_43,1.0192134,0.0,1.0,2,2,1.0,2,2,1.0
1107173,val,a42_43,2.83599,0.0,1.0,3,2,1.0,2,4,1.0
1109174,val,a42_43,2.1247265,2.241885,1.0,3,3,1.0,2,2,1.0
1121030,val,a42_43,3.6704054,3.7256048,1.0,3,3,1.0,2,2,1.0
1121175,val,a42_43,2.5937603,0.0,1.0,3,2,1.0,2,2,1.0
1125172,val,a42_43,2.8932803,2.6918542,1.0,3,3,1.0,2,2,1.0
1126030,val,a42_43,3.1007173,2.3410416,1.0,3,3,1.0,2,2,1.0
1126176,val,a42_43,3.2787378,4.2375464,1.0,3,3,1.0,2,2,1.0
1152180,val,a42_43,3.328422,3.382096,1.0,3,3,1.0,2,2,1.0
1164004,val,a42_43,3.7048068,3.6850972,1.0,3,3,1.0,2,2,1.0
1184032,val,a42_43,3.3721628,0.0,0.0,3,-1,0.0,2,-1,0.0
1184033,val,a42_43,2.727318,2.9884706,1.0,3,3,1.0,6,4,1.0
1185003,val,a42_43,3.557681,0.0,1.0,3,2,1.0,2,2,1.0
1222004,val,a42_43,2.7062368,3.1974998,1.0,3,3,1.0,2,2,1.0
1222006,val,a42_43,3.3897147,3.4334857,1.0,3,3,1.0,2,2,1.0
1284170,val,a42_43,3.7816334,0.0,1.0,3,2,1.0,2,2,1.0
1292004,val,a42_43,3.0049257,3.0276508,1.0,3,3,1.0,2,4,1.0
1314172,val,a42_43,3.5550845,3.955919,1.0,3,3,1.0,2,2,1.0
1332005,val,a42_43,4.1183624,4.0859733,1.0,3,3,1.0,2,3,1.0
1335010,val,a42_43,3.5995982,3.5913725,1.0,3,3,1.0,2,2,1.0
1338003,val,a42_43,3.5196652,0.0,1.0,3,2,1.0,6,2,1.0
1345006,val,a42_43,3.0524063,2.8901737,1.0,3,3,1.0,2,2,1.0
1345007,val,a42_43,3.004839,3.4974828,1.0,3,3,1.0,6,2,1.0
1346030,val,a42_43,3.7983465,1.209378,1.0,3,2,1.0,6,2,1.0
1391033,val,a42_43,3.9838006,3.9802005,1.0,3,3,1.0,6,4,1.0
1391175,val,a42_43,0.7798089,3.1796627,1.0,2,3,1.0,2,4,1.0
1394033,val,a42_43,2.7922325,0.0,1.0,3,2,1.0,4,4,1.0
1397005,val,a42_43,3.614627,3.749749,1.0,3,3,1.0,2,2,1.0
1397172,val,a42_43,0.6964419,3.0798528,1.0,2,3,1.0,2,2,1.0
1426004,val,a42_43,1.9703016,3.4137402,1.0,3,3,1.0,6,6,1.0
1434032,val,a42_43,3.1055226,2.134075,1.0,3,3,1.0,2,2,1.0
1434170,val,a42_43,3.4255767,3.2432585,1.0,3,3,1.0,2,2,1.0
1435005,val,a42_43,4.103533,2.8346472,1.0,3,3,1.0,6,4,1.0
1485171,val,a42_43,3.7833226,3.4779825,1.0,3,3,1.0,2,2,1.0
1520031,val,a42_43,3.4693706,0.0,1.0,3,3,1.0,4,2,1.0
1540005,val,a42_43,4.5679398,3.2980824,1.0,3,3,1.0,6,2,1.0
1559003,val,a42_43,4.276952,4.455336,1.0,3,3,1.0,2,2,1.0
1559170,val,a42_43,3.4550679,3.46386,1.0,3,3,1.0,2,2,1.0
1565180,val,a42_43,3.059329,3.7453756,1.0,3,3,1.0,2,2,1.0
1579030,val,a42_43,3.8360913,2.21841,1.0,3,3,1.0,2,2,1.0
1613007,val,a42_43,2.7179666,1.4655625,1.0,3,3,1.0,2,2,1.0
1621171,val,a42_43,4.1151857,4.5817747,1.0,3,3,1.0,2,2,1.0
1644004,val,a42_43,3.6151645,3.3623176,1.0,3,3,1.0,2,2,1.0
1652031,val,a42_43,3.0486293,3.6539025,1.0,3,3,1.0,2,2,1.0
1682032,val,a42_43,3.8558578,3.8923383,1.0,3,3,1.0,6,2,1.0
1684173,val,a42_43,3.6124232,3.4133592,1.0,3,3,1.0,2,2,1.0
1687003,val,a42_43,3.6200004,2.1154792,1.0,3,3,1.0,2,2,1.0
1690170,val,a42_43,2.6209388,3.81582,1.0,3,3,1.0,2,2,1.0
1692030,val,a42_43,0.80694795,0.0,1.0,2,2,1.0,2,2,1.0
1695034,val,a42_43,3.3871799,3.7629457,1.0,3,3,1.0,2,2,1.0
1701004,val,a42_43,3.0374823,4.257973,1.0,3,3,1.0,2,2,1.0
1721030,val,a42_43,3.2943733,3.348836,1.0,3,3,1.0,4,2,1.0
1723005,val,a42_43,0.9009571,2.2497153,1.0,2,3,1.0,2,2,1.0
1762030,val,a42_43,2.9098108,0.0,1.0,3,2,1.0,2,4,1.0
1762031,val,a42_43,3.872072,3.7924998,1.0,3,3,1.0,2,2,1.0
1762032,val,a42_43,2.3030171,2.2055602,1.0,3,3,1.0,2,4,1.0
1774170,val,a42_43,3.3830335,1.7535818,1.0,3,3,1.0,2,2,1.0
1774171,val,a42_43,3.4421625,3.736019,1.0,3,3,1.0,2,2,1.0
1784171,val,a42_43,4.0075703,4.1252284,1.0,3,3,1.0,2,2,1.0
1786191,val,a42_43,4.0441732,4.227405,1.0,3,3,1.0,2,2,1.0
1787005,val,a42_43,3.4273758,3.6104138,1.0,3,3,1.0,4,2,1.0
1787174,val,a42_43,2.9275,3.3523545,1.0,3,3,1.0,2,2,1.0
1802003,val,a42_43,3.3175569,3.4832323,1.0,3,2,1.0,2,4,1.0
1845170,val,a42_43,4.0987215,3.3217459,1.0,3,3,1.0,2,2,1.0
1862171,val,a42_43,3.3166149,3.4461362,1.0,3,3,1.0,2,2,1.0
1898004,val,a42_43,3.5249565,4.3638077,1.0,3,3,1.0,6,6,1.0
1911030,val,a42_43,2.9708393,2.9322286,1.0,3,3,1.0,4,2,1.0
1914003,val,a42_43,1.2945938,3.0930045,1.0,2,3,1.0,2,2,1.0
1919007,val,a42_43,4.2823853,4.8387165,1.0,3,3,1.0,2,4,1.0
1954003,val,a42_43,3.7811887,3.7558146,1.0,3,3,1.0,2,4,1.0
1959005,val,a42_43,4.203372,4.521836,1.0,3,3,1.0,6,2,1.0
1964031,val,a42_43,2.3029857,0.0,1.0,3,2,1.0,2,4,1.0
1972173,val,a42_43,0.89975154,2.3260252,1.0,2,3,1.0,2,3,1.0
1978030,val,a42_43,3.365984,3.4900744,1.0,3,3,1.0,2,2,1.0
2005030,val,a42_43,3.1823037,3.211439,1.0,3,3,1.0,6,4,1.0
2011174,val,a42_43,2.5371675,3.177646,1.0,3,3,1.0,2,2,1.0
2023030,val,a42_43,4.150252,4.886779,1.0,3,3,1.0,6,6,1.0
2028030,val,a42_43,3.4516613,4.886779,1.0,3,3,1.0,4,4,1.0
2055003,val,a42_43,2.8446667,1.367364,1.0,3,3,1.0,2,2,1.0
2067005,val,a42_43,3.843336,4.480925,1.0,3,3,1.0,2,2,1.0
2080170,val,a42_43,2.3945127,2.4098656,1.0,3,3,1.0,2,2,1.0
2106171,val,a42_43,1.0092299,0.0,1.0,2,2,1.0,2,2,1.0
2109002,val,a42_43,3.4348423,4.472431,1.0,3,3,1.0,2,2,1.0
2129186,val,a42_43,3.3436105,3.851873,1.0,3,3,1.0,2,2,1.0
2181007,val,a42_43,0.50528514,2.5885363,1.0,2,3,1.0,6,6,1.0
2181030,val,a42_43,3.044836,3.6084042,1.0,3,3,1.0,4,2,1.0
2243174,val,a42_43,3.5435581,2.9595175,1.0,3,3,1.0,2,2,1.0
2260173,val,a42_43,2.9810178,0.0,1.0,3,2,1.0,2,2,1.0
2261030,val,a42_43,3.2425935,3.173361,1.0,3,3,1.0,2,2,1.0
2271171,val,a42_43,2.832314,3.7394035,1.0,3,3,1.0,2,2,1.0
2282005,val,a42_43,3.1411676,3.46386,1.0,3,3,1.0,2,6,1.0
2302195,val,a42_43,0.7611884,0.0,1.0,2,2,1.0,2,6,1.0
2334031,val,a42_43,3.7613685,3.8580909,1.0,3,3,1.0,2,2,1.0
2341172,val,a42_43,3.2293973,2.8802483,1.0,3,3,1.0,2,2,1.0
2354175,val,a42_43,3.7656603,3.651173,1.0,3,3,1.0,6,2,1.0
2355004,val,a42_43,2.4254174,4.1334863,1.0,3,3,1.0,4,2,1.0
2391030,val,a42_43,3.7741432,3.859207,1.0,3,3,1.0,2,2,1.0
2397173,val,a42_43,0.7686316,3.1475887,1.0,2,3,1.0,2,2,1.0
2408170,val,a42_43,2.7958288,2.146546,1.0,3,3,1.0,6,4,1.0
2425003,val,a42_43,2.7107105,0.0,1.0,3,2,1.0,2,2,1.0
2432030,val,a42_43,0.9625385,4.2273545,1.0,2,3,1.0,2,4,1.0
2435172,val,a42_43,0.83651054,0.0,1.0,2,2,1.0,2,2,1.0
2436174,val,a42_43,0.7296474,0.0,1.0,2,2,1.0,2,4,1.0
2436176,val,a42_43,0.6495173,3.0895233,1.0,2,3,1.0,2,2,1.0
2441003,val,a42_43,1.0125659,3.9165187,1.0,2,3,1.0,2,2,1.0
2441173,val,a42_43,3.7334316,4.077138,1.0,3,3,1.0,2,2,1.0
2458031,val,a42_43,4.583717,4.886779,1.0,3,3,1.0,6,6,1.0
2461004,val,a42_43,0.6522348,2.196764,1.0,2,2,1.0,2,2,1.0
2461030,val,a42_43,3.8187027,4.353723,1.0,3,3,1.0,2,2,1.0
2473004,val,a42_43,3.6924765,3.2980824,1.0,3,3,1.0,2,2,1.0
2483030,val,a42_43,3.1631436,0.0,1.0,3,2,1.0,2,4,1.0
2503030,val,a42_43,3.9713943,3.295633,1.0,3,3,1.0,6,6,1.0
2510005,val,a42_43,3.9399948,3.307799,1.0,3,3,1.0,2,2,1.0
2525003,val,a42_43,3.9310958,4.886779,1.0,3,3,1.0,2,2,1.0
2529030,val,a42_43,3.553794,0.0,1.0,3,2,1.0,2,4,1.0
2529174,val,a42_43,3.0900476,1.8595463,1.0,3,3,1.0,2,2,1.0
2530003,val,a42_43,2.469869,0.0,1.0,3,2,1.0,2,2,1.0
2530004,val,a42_43,3.029508,3.4409633,1.0,3,3,1.0,2,2,1.0
2569033,val,a42_43,2.878338,3.469144,1.0,3,3,1.0,6,2,1.0
2601006,val,a42_43,3.8859372,4.845492,1.0,3,3,1.0,6,2,1.0
2608006,val,a42_43,2.8546958,2.9372149,1.0,3,3,1.0,2,2,1.0
2615034,val,a42_43,3.6822722,3.4548087,1.0,3,3,1.0,2,2,1.0
2639004,val,a42_43,2.9166522,2.589703,1.0,3,3,1.0,2,4,1.0
2665177,val,a42_43,0.60282326,0.0,1.0,2,2,1.0,6,2,1.0
2672006,val,a42_43,3.82299,4.276182,1.0,3,3,1.0,6,2,1.0
2672171,val,a42_43,2.5044806,4.019886,1.0,3,3,1.0,2,4,1.0
2697003,val,a42_43,3.8624303,3.3189862,1.0,3,3,1.0,2,2,1.0
2704031,val,a42_43,3.134061,3.6725805,1.0,3,3,1.0,6,4,1.0
2705030,val,a42_43,3.5247579,4.6246047,1.0,3,3,1.0,2,4,1.0
2707007,val,a42_43,2.8585625,0.0,1.0,3,3,1.0,2,2,1.0
2712172,val,a42_43,2.8585408,3.1996279,1.0,3,3,1.0,2,2,1.0
2731003,val,a42_43,2.8129518,3.6003644,1.0,3,3,1.0,6,6,1.0
2731005,val,a42_43,4.0628724,4.716656,1.0,3,3,1.0,6,6,1.0
2770031,val,a42_43,3.495691,2.2437658,1.0,3,3,1.0,2,2,1.0
2816004,val,a42_43,0.9501405,3.2776077,1.0,2,3,1.0,2,2,1.0
2910002,val,a42_43,2.7073464,1.7300621,1.0,3,3,1.0,2,2,1.0
3062001,val,a42_43,3.9339018,2.110738,1.0,3,3,1.0,2,2,1.0
3235002,val,a42_43,2.5647902,3.3702624,1.0,3,3,1.0,2,3,1.0
3306001,val,a42_43,4.2529864,4.886779,1.0,3,3,1.0,2,3,1.0
5015030,val,a42_43,2.4724135,0.0,1.0,3,2,1.0,2,2,1.0
5048030,val,a42_43,2.566732,2.967192,1.0,3,3,1.0,6,6,1.0
5052033,val,a42_43,2.27268,3.1251361,1.0,3,3,1.0,6,6,1.0
5057008,val,a42_43,0.4182701,3.3570445,1.0,2,3,1.0,6,6,1.0
5170009,val,a42_43,3.4117827,3.9032092,1.0,3,3,1.0,2,2,1.0
5230008,val,a42_43,3.0280004,4.158148,1.0,3,3,1.0,2,3,1.0
5299010,val,a42_43,2.221246,0.0,1.0,3,2,1.0,6,6,1.0
5336179,val,a42_43,3.2029376,3.3871381,1.0,3,3,1.0,2,2,1.0
5364005,val,a42_43,3.1924448,4.009967,1.0,3,3,1.0,4,3,1.0
5379004,val,a42_43,3.1722734,4.766838,1.0,3,3,1.0,4,4,1.0
5430173,val,a42_43,2.812776,1.5333589,1.0,3,3,1.0,6,6,1.0
5488006,val,a42_43,3.2790833,3.8038778,1.0,3,3,1.0,6,6,1.0
5493007,val,a42_43,0.72292066,0.0,1.0,2,2,1.0,2,5,1.0
5537009,val,a42_43,2.7354941,3.0807095,1.0,3,3,1.0,2,2,1.0
5537177,val,a42_43,3.0493,1.6738045,1.0,3,2,1.0,2,2,1.0
5537183,val,a42_43,3.7806451,3.7742858,1.0,3,3,1.0,2,2,1.0
5569010,val,a42_43,2.8767247,3.3445346,1.0,3,3,1.0,2,2,1.0
5600005,val,a42_43,0.58153427,0.0,1.0,2,2,1.0,6,2,1.0
5615183,val,a42_43,3.1230683,3.8142254,1.0,3,3,1.0,2,2,1.0
5749006,val,a42_43,1.9603531,0.0,1.0,3,2,1.0,4,2,1.0
5822175,val,a42_43,3.216741,0.0,0.0,3,-1,0.0,2,-1,0.0
5832003,val,a42_43,3.02605,1.6818666,1.0,3,2,1.0,6,6,1.0
5872005,val,a42_43,0.44951487,0.0,1.0,2,2,1.0,6,6,1.0
5898005,val,a42_43,0.84655154,3.3248508,1.0,2,3,1.0,6,2,1.0
5904033,val,a42_43,2.7252655,3.5165677,1.0,3,3,1.0,2,4,1.0
5987188,val,a42_43,2.83814,3.0930045,1.0,3,3,1.0,2,2,1.0
6026005,val,a42_43,3.590116,4.0232816,1.0,3,3,1.0,6,2,1.0
6026172,val,a42_43,3.5916984,4.4520135,1.0,3,3,1.0,6,4,1.0
6054031,val,a42_43,4.1207037,0.0,1.0,3,2,1.0,6,6,1.0
6121033,val,a42_43,2.299433,0.0,0.0,3,-1,0.0,6,-1,0.0
6156008,val,a42_43,3.2215877,4.542774,1.0,3,3,1.0,6,6,1.0
6157003,val,a42_43,3.1433089,3.3940077,1.0,3,3,1.0,2,4,1.0
6210183,val,a42_43,2.527961,3.3445346,1.0,3,3,1.0,2,2,1.0
6262030,val,a42_43,3.7611115,4.125177,1.0,3,3,1.0,2,2,1.0
6368007,val,a42_43,2.151274,0.0,1.0,3,2,1.0,6,6,1.0
6381181,val,a42_43,3.363103,4.0755825,1.0,3,3,1.0,6,2,1.0
6396003,val,a42_43,2.3880422,0.0,1.0,3,2,1.0,4,4,1.0
6431008,val,a42_43,3.204467,4.776755,1.0,3,3,1.0,2,2,1.0
6475170,val,a42_43,2.267513,3.0592763,1.0,3,3,1.0,6,6,1.0
6522004,val,a42_43,0.60081005,2.1584442,1.0,2,3,1.0,6,4,1.0
6537032,val,a42_43,2.835468,2.9880683,1.0,3,3,1.0,2,2,1.0
6541178,val,a42_43,3.6411283,4.145609,1.0,3,3,1.0,2,2,1.0
6545006,val,a42_43,0.8443469,2.389911,1.0,2,3,1.0,2,4,1.0
6547171,val,a42_43,3.0888312,2.5756848,1.0,3,3,1.0,2,2,1.0
6571031,val,a42_43,3.2746406,3.8278039,1.0,3,3,1.0,2,3,1.0
6590008,val,a42_43,3.2155018,3.2681394,1.0,3,3,1.0,2,2,1.0
6616007,val,a42_43,2.7093549,1.9724138,1.0,3,2,1.0,2,2,1.0
6649003,val,a42_43,2.3025136,3.4457722,1.0,3,3,1.0,6,2,1.0
6710030,val,a42_43,0.5350069,3.0664406,1.0,2,2,1.0,6,6,1.0
6745007,val,a42_43,2.7630036,3.2379806,1.0,3,3,1.0,6,6,1.0
6750005,val,a42_43,2.8834321,3.9043536,1.0,3,3,1.0,2,4,1.0
6765006,val,a42_43,1.3041044,3.0149915,1.0,2,3,1.0,2,2,1.0
6822176,val,a42_43,2.9770846,3.337991,1.0,3,3,1.0,2,4,1.0
4007,val,a44_45,3.0665648,4.058416,1.0,3,3,1.0,2,4,1.0
6174,val,a44_45,3.8173175,4.491118,1.0,3,3,1.0,2,2,1.0
14004,val,a44_45,3.8379056,0.0,1.0,3,2,1.0,2,2,1.0
14172,val,a44_45,0.9824289,3.481501,1.0,2,3,1.0,2,2,1.0
14173,val,a44_45,3.1997015,3.718973,1.0,3,3,1.0,2,2,1.0
18031,val,a44_45,1.0063053,3.5790346,1.0,2,3,1.0,2,5,1.0
18185,val,a44_45,2.6185172,1.3926231,1.0,3,3,1.0,2,4,1.0
23031,val,a44_45,3.3566458,0.0,1.0,3,2,1.0,6,2,1.0
40173,val,a44_45,3.878747,0.0,0.0,3,-1,0.0,2,-1,0.0
51171,val,a44_45,3.6477394,3.9082706,1.0,3,3,1.0,2,2,1.0
84005,val,a44_45,3.8034992,4.022493,1.0,3,3,1.0,6,6,1.0
121173,val,a44_45,3.3672166,3.0124674,1.0,3,3,1.0,2,2,1.0
128004,val,a44_45,4.0290403,3.9815128,1.0,3,3,1.0,2,2,1.0
145170,val,a44_45,3.956584,3.937253,1.0,3,3,1.0,2,2,1.0
161004,val,a44_45,3.9848273,3.0668867,1.0,3,3,1.0,6,4,1.0
172031,val,a44_45,3.8290517,3.4983218,1.0,3,3,1.0,2,2,1.0
174175,val,a44_45,2.292305,4.886779,1.0,3,3,1.0,2,2,1.0
221031,val,a44_45,4.1756496,3.8177946,1.0,3,3,1.0,2,2,1.0
223030,val,a44_45,3.8661447,3.5600863,1.0,3,3,1.0,2,2,1.0
227003,val,a44_45,4.550758,3.9815128,1.0,3,3,1.0,6,2,1.0
257175,val,a44_45,3.7006698,0.48750186,1.0,3,3,1.0,2,2,1.0
263182,val,a44_45,3.8202362,3.4627783,1.0,3,3,1.0,2,2,1.0
321005,val,a44_45,2.5375934,2.99307,1.0,3,3,1.0,2,2,1.0
361175,val,a44_45,3.1218429,2.3818378,1.0,3,2,1.0,4,2,1.0
377170,val,a44_45,3.6231308,4.2520056,1.0,3,3,1.0,2,2,1.0
450030,val,a44_45,4.146847,3.9245687,1.0,3,3,1.0,6,6,1.0
465030,val,a44_45,2.7294846,3.8660583,1.0,3,3,1.0,4,2,1.0
478030,val,a44_45,2.7946682,3.486668,1.0,3,2,1.0,6,3,1.0
503031,val,a44_45,3.3732917,4.7228627,1.0,3,3,1.0,2,4,1.0
514172,val,a44_45,4.0329847,4.4358616,1.0,3,3,1.0,2,2,1.0
534030,val,a44_45,3.4145308,3.402656,1.0,3,3,1.0,2,2,1.0
534171,val,a44_45,4.1021028,3.9701915,1.0,3,3,1.0,2,2,1.0
544170,val,a44_45,3.200963,0.0,0.0,3,-1,0.0,2,-1,0.0
563193,val,a44_45,3.634193,0.0,1.0,3,2,1.0,2,2,1.0
577174,val,a44_45,3.5483675,3.3248508,1.0,3,3,1.0,2,2,1.0
613006,val,a44_45,3.301056,2.8015413,1.0,3,2,1.0,2,2,1.0
618170,val,a44_45,4.2533903,4.628189,1.0,3,3,1.0,2,2,1.0
631030,val,a44_45,3.0509796,4.1159654,1.0,3,3,1.0,2,4,1.0
633031,val,a44_45,3.3174856,3.6920335,1.0,3,3,1.0,6,2,1.0
652173,val,a44_45,3.2563622,3.671648,1.0,3,3,1.0,2,2,1.0
655172,val,a44_45,3.5908194,4.415885,1.0,3,3,1.0,2,2,1.0
656005,val,a44_45,2.7302861,1.9453716,1.0,3,3,1.0,2,2,1.0
691171,val,a44_45,3.204171,2.8106601,1.0,3,3,1.0,2,4,1.0
738172,val,a44_45,2.7142274,4.459952,1.0,3,3,1.0,2,2,1.0
751030,val,a44_45,1.3155025,2.66215,1.0,2,3,1.0,2,4,1.0
762170,val,a44_45,4.198847,4.343294,1.0,3,3,1.0,2,2,1.0
783171,val,a44_45,3.7500226,3.6628857,1.0,3,3,1.0,2,2,1.0
863007,val,a44_45,3.1254694,3.2183783,1.0,3,3,1.0,2,3,1.0
893170,val,a44_45,3.105962,0.0,1.0,3,2,1.0,2,2,1.0
894031,val,a44_45,3.5829163,3.4421458,1.0,3,3,1.0,2,2,1.0
898181,val,a44_45,2.5958824,1.5825812,1.0,3,3,1.0,2,2,1.0
899003,val,a44_45,3.3957667,3.4738846,1.0,3,3,1.0,4,2,1.0
916032,val,a44_45,2.8590837,3.7278583,1.0,3,3,1.0,6,2,1.0
922005,val,a44_45,3.829749,2.9191911,1.0,3,3,1.0,2,2,1.0
931172,val,a44_45,3.7812424,3.1937861,1.0,3,3,1.0,2,2,1.0
939032,val,a44_45,4.491501,4.886779,1.0,3,3,1.0,2,2,1.0
958030,val,a44_45,3.764967,3.161957,1.0,3,3,1.0,2,2,1.0
958173,val,a44_45,2.8629103,3.2852573,1.0,3,3,1.0,2,2,1.0
961005,val,a44_45,3.2298348,3.5486436,1.0,3,3,1.0,4,2,1.0
961030,val,a44_45,3.286952,3.8178444,1.0,3,3,1.0,6,2,1.0
961175,val,a44_45,3.7710223,3.8142254,1.0,3,3,1.0,2,2,1.0
1051183,val,a44_45,4.0324993,3.8177946,1.0,3,3,1.0,2,2,1.0
1084005,val,a44_45,3.2403116,2.9441254,1.0,3,2,1.0,2,2,1.0
1089003,val,a44_45,3.2481394,3.3568435,1.0,3,3,1.0,2,2,1.0
1093003,val,a44_45,1.0188218,0.0,1.0,2,2,1.0,2,2,1.0
1107173,val,a44_45,2.9369373,0.0,1.0,3,2,1.0,2,4,1.0
1109174,val,a44_45,2.189684,2.7272375,1.0,3,3,1.0,2,2,1.0
1121030,val,a44_45,3.7442951,3.958687,1.0,3,3,1.0,2,2,1.0
1121175,val,a44_45,2.6658032,0.0,1.0,3,2,1.0,2,2,1.0
1125172,val,a44_45,2.9700077,2.6219666,1.0,3,3,1.0,2,2,1.0
1126030,val,a44_45,3.174628,0.6136192,1.0,3,2,1.0,2,2,1.0
1126176,val,a44_45,3.4010677,0.0,0.0,3,-1,0.0,2,-1,0.0
1152180,val,a44_45,3.4165304,3.4450095,1.0,3,3,1.0,2,2,1.0
1164004,val,a44_45,3.77932,3.8595586,1.0,3,3,1.0,2,2,1.0
1184032,val,a44_45,3.4575107,3.948575,1.0,3,3,1.0,2,2,1.0
1184033,val,a44_45,2.7994978,2.7982898,1.0,3,3,1.0,6,4,1.0
1185003,val,a44_45,3.647923,0.0,1.0,3,2,1.0,2,2,1.0
1222004,val,a44_45,2.7777839,3.388434,1.0,3,3,1.0,2,2,1.0
1222006,val,a44_45,3.4751973,2.0481088,1.0,3,3,1.0,2,2,1.0
1284170,val,a44_45,3.8760943,0.0,1.0,3,2,1.0,2,2,1.0
1292004,val,a44_45,3.0780773,1.4956659,1.0,3,2,1.0,2,4,1.0
1314172,val,a44_45,3.650816,3.7518084,1.0,3,3,1.0,2,2,1.0
1332005,val,a44_45,4.1830597,4.2493205,1.0,3,3,1.0,2,3,1.0
1335010,val,a44_45,3.6741319,3.4333792,1.0,3,3,1.0,2,2,1.0
1338003,val,a44_45,3.5884848,3.4137402,1.0,3,3,1.0,6,2,1.0
1345006,val,a44_45,3.1240911,2.9125555,1.0,3,3,1.0,2,2,1.0
1345007,val,a44_45,3.0873065,3.8308244,1.0,3,3,1.0,6,2,1.0
1346030,val,a44_45,3.8696966,0.0,0.0,3,-1,0.0,6,-1,0.0
1391033,val,a44_45,4.0551453,4.3236156,1.0,3,3,1.0,6,4,1.0
1391175,val,a44_45,0.77310777,3.4613209,1.0,2,3,1.0,2,4,1.0
1394033,val,a44_45,2.8445241,0.0,1.0,3,2,1.0,4,4,1.0
1397005,val,a44_45,3.690084,4.0859733,1.0,3,3,1.0,2,2,1.0
1397172,val,a44_45,0.68630826,3.100371,1.0,2,3,1.0,2,2,1.0
1426004,val,a44_45,2.008934,3.223611,1.0,3,3,1.0,6,6,1.0
1434032,val,a44_45,3.1783376,2.1239266,1.0,3,3,1.0,2,2,1.0
1434170,val,a44_45,3.4982536,3.4116857,1.0,3,3,1.0,2,2,1.0
1435005,val,a44_45,4.1817894,4.3006,1.0,3,3,1.0,6,2,1.0
1485171,val,a44_45,3.8604736,3.121372,1.0,3,3,1.0,2,2,1.0
1520031,val,a44_45,3.5089989,3.9939451,1.0,3,2,1.0,4,2,1.0
1540005,val,a44_45,4.6380415,2.9066825,1.0,3,3,1.0,6,2,1.0
1559003,val,a44_45,4.353375,4.886779,1.0,3,3,1.0,2,2,1.0
1559170,val,a44_45,3.5521138,2.2020712,1.0,3,3,1.0,2,2,1.0
1565180,val,a44_45,3.1437325,4.1940236,1.0,3,3,1.0,2,2,1.0
1579030,val,a44_45,3.9394236,3.1251361,1.0,3,3,1.0,2,3,1.0
1613007,val,a44_45,2.8014627,2.5992112,1.0,3,3,1.0,2,2,1.0
1621171,val,a44_45,4.1894574,4.706708,1.0,3,3,1.0,2,2,1.0
1644004,val,a44_45,3.6987557,3.1415145,1.0,3,3,1.0,2,2,1.0
1652031,val,a44_45,3.1171112,3.4925067,1.0,3,3,1.0,2,2,1.0
1682032,val,a44_45,3.9497585,3.9247546,1.0,3,3,1.0,6,2,1.0
1684173,val,a44_45,3.684317,3.1698432,1.0,3,3,1.0,2,2,1.0
1687003,val,a44_45,3.6913528,3.295199,1.0,3,3,1.0,2,2,1.0
1690170,val,a44_45,2.7013686,3.8913128,1.0,3,3,1.0,2,2,1.0
1692030,val,a44_45,0.8030417,0.0,1.0,2,2,1.0,2,2,1.0
1695034,val,a44_45,3.4702063,3.8376126,1.0,3,3,1.0,2,2,1.0
1701004,val,a44_45,3.1196713,4.343721,1.0,3,3,1.0,2,2,1.0
1721030,val,a44_45,3.3272862,2.8269699,1.0,3,2,1.0,4,2,1.0
1723005,val,a44_45,0.89809644,2.372633,1.0,2,3,1.0,2,2,1.0
1762030,val,a44_45,2.9945054,0.67576194,1.0,3,2,1.0,2,4,1.0
1762031,val,a44_45,3.9608374,3.8211,1.0,3,3,1.0,2,2,1.0
1762032,val,a44_45,2.3680747,2.5097702,1.0,3,3,1.0,2,4,1.0
1774170,val,a44_45,3.4760647,0.0,1.0,3,2,1.0,2,2,1.0
1774171,val,a44_45,3.538022,3.608866,1.0,3,3,1.0,2,2,1.0
1784171,val,a44_45,4.086326,4.0109563,1.0,3,3,1.0,2,2,1.0
1786191,val,a44_45,4.1238112,3.9470103,1.0,3,3,1.0,2,2,1.0
1787005,val,a44_45,3.4696953,3.7915301,1.0,3,3,1.0,4,2,1.0
1787174,val,a44_45,3.0016298,0.0,0.0,3,-1,0.0,2,-1,0.0
1802003,val,a44_45,3.387217,3.7913468,1.0,3,2,1.0,2,4,1.0
1845170,val,a44_45,4.175358,3.5111582,1.0,3,3,1.0,2,2,1.0
1862171,val,a44_45,3.38915,3.5587387,1.0,3,3,1.0,2,2,1.0
1898004,val,a44_45,3.5904455,4.41717,1.0,3,3,1.0,6,6,1.0
1911030,val,a44_45,3.0140455,0.0,1.0,3,2,1.0,4,2,1.0
1914003,val,a44_45,1.304862,3.0497952,1.0,2,3,1.0,2,2,1.0
1919007,val,a44_45,4.368061,4.4151845,1.0,3,3,1.0,2,4,1.0
1954003,val,a44_45,3.856585,3.7009902,1.0,3,2,1.0,2,4,1.0
1959005,val,a44_45,4.2797604,4.886779,1.0,3,3,1.0,6,2,1.0
1964031,val,a44_45,2.3729212,0.0,1.0,3,2,1.0,2,4,1.0
1972173,val,a44_45,0.89366794,2.7334437,1.0,2,3,1.0,2,3,1.0
1978030,val,a44_45,3.444296,3.4785342,1.0,3,3,1.0,2,2,1.0
2005030,val,a44_45,3.244662,3.2576559,1.0,3,3,1.0,6,4,1.0
2011174,val,a44_45,2.6033826,3.363831,1.0,3,3,1.0,2,2,1.0
2023030,val,a44_45,4.2257223,4.886779,1.0,3,3,1.0,6,6,1.0
2028030,val,a44_45,3.4998026,4.886779,1.0,3,3,1.0,4,4,1.0
2055003,val,a44_45,2.9258778,3.6527476,1.0,3,3,1.0,2,2,1.0
2067005,val,a44_45,3.9323635,4.55367,1.0,3,3,1.0,2,2,1.0
2080170,val,a44_45,2.467919,2.564471,1.0,3,3,1.0,2,2,1.0
2106171,val,a44_45,1.0102011,0.0,1.0,2,2,1.0,2,2,1.0
2109002,val,a44_45,3.5239296,4.4351645,1.0,3,3,1.0,2,2,1.0
2129186,val,a44_45,3.4258265,3.486668,1.0,3,3,1.0,2,2,1.0
2181007,val,a44_45,0.4956565,2.0622702,1.0,2,3,1.0,6,6,1.0
2181030,val,a44_45,3.0873947,3.9479043,1.0,3,3,1.0,4,2,1.0
2243174,val,a44_45,3.6215196,3.3215134,1.0,3,3,1.0,2,2,1.0
2260173,val,a44_45,3.0599904,3.094222,1.0,3,2,1.0,2,2,1.0
2261030,val,a44_45,3.3206294,3.2630742,1.0,3,3,1.0,2,2,1.0
2271171,val,a44_45,2.907319,3.6277134,1.0,3,3,1.0,2,2,1.0
2282005,val,a44_45,3.220858,2.2020712,1.0,3,3,1.0,2,6,1.0
2302195,val,a44_45,0.75426793,0.0,1.0,2,2,1.0,2,6,1.0
2334031,val,a44_45,3.8623898,4.167855,1.0,3,3,1.0,2,2,1.0
2341172,val,a44_45,3.3086658,3.5905602,1.0,3,3,1.0,2,2,1.0
2354175,val,a44_45,3.8311298,3.4766757,1.0,3,3,1.0,6,2,1.0
2355004,val,a44_45,2.4827604,3.8594756,1.0,3,3,1.0,4,2,1.0
2391030,val,a44_45,3.861621,3.7593637,1.0,3,3,1.0,2,2,1.0
2397173,val,a44_45,0.7610934,3.5917382,1.0,2,3,1.0,2,3,1.0
2408170,val,a44_45,2.848443,2.8284745,1.0,3,3,1.0,6,4,1.0
2425003,val,a44_45,2.7875693,0.0,1.0,3,2,1.0,2,2,1.0
2432030,val,a44_45,0.9572762,2.2314599,1.0,2,3,1.0,2,4,1.0
2435172,val,a44_45,0.8301898,0.0,1.0,2,2,1.0,2,2,1.0
2436174,val,a44_45,0.7235658,0.0,1.0,2,2,1.0,2,4,1.0
2436176,val,a44_45,0.6375998,3.174653,1.0,2,3,1.0,2,2,1.0
2441003,val,a44_45,1.0055135,3.9449332,1.0,2,3,1.0,2,2,1.0
2441173,val,a44_45,3.7972922,4.1105485,1.0,3,3,1.0,2,2,1.0
2458031,val,a44_45,4.6522894,4.886779,1.0,3,3,1.0,6,6,1.0
2461004,val,a44_45,0.64257395,0.0,1.0,2,2,1.0,2,2,1.0
2461030,val,a44_45,3.8943644,4.886779,1.0,3,3,1.0,2,2,1.0
2473004,val,a44_45,3.7664769,4.1026144,1.0,3,3,1.0,2,2,1.0
2483030,val,a44_45,3.2476306,0.0,1.0,3,3,1.0,2,4,1.0
2503030,val,a44_45,4.040516,3.3104484,1.0,3,3,1.0,6,2,1.0
2510005,val,a44_45,4.0281773,3.3073823,1.0,3,3,1.0,2,2,1.0
2525003,val,a44_45,4.016713,4.886779,1.0,3,3,1.0,2,2,1.0
2529030,val,a44_45,3.6270022,0.0,1.0,3,2,1.0,2,4,1.0
2529174,val,a44_45,3.1748927,4.0926714,1.0,3,3,1.0,2,2,1.0
2530003,val,a44_45,2.5353377,0.0,1.0,3,2,1.0,2,2,1.0
2530004,val,a44_45,3.1085024,3.6657484,1.0,3,3,1.0,2,2,1.0
2569033,val,a44_45,2.9276636,3.3814466,1.0,3,3,1.0,6,2,1.0
2601006,val,a44_45,3.9586997,0.0,1.0,3,2,1.0,6,2,1.0
2608006,val,a44_45,2.9307704,2.8357437,1.0,3,3,1.0,2,2,1.0
2615034,val,a44_45,3.7797866,3.5372634,1.0,3,3,1.0,2,2,1.0
2639004,val,a44_45,3.0239708,0.0,0.0,3,-1,0.0,2,-1,0.0
2665177,val,a44_45,0.59138286,0.0,1.0,2,2,1.0,6,2,1.0
2672006,val,a44_45,3.897532,4.573825,1.0,3,3,1.0,6,5,1.0
2672171,val,a44_45,2.5879323,3.6641996,1.0,3,3,1.0,2,4,1.0
2697003,val,a44_45,3.9244163,3.3045707,1.0,3,3,1.0,2,2,1.0
2704031,val,a44_45,3.1847441,3.7778184,1.0,3,3,1.0,6,4,1.0
2705030,val,a44_45,3.61231,4.633699,1.0,3,3,1.0,2,4,1.0
2707007,val,a44_45,2.9260943,2.4932044,1.0,3,3,1.0,2,2,1.0
2712172,val,a44_45,2.954924,3.188211,1.0,3,3,1.0,2,2,1.0
2731003,val,a44_45,2.8595915,3.858834,1.0,3,3,1.0,6,6,1.0
2731005,val,a44_45,4.133224,4.6893663,1.0,3,3,1.0,6,6,1.0
2770031,val,a44_45,3.591004,2.47013,1.0,3,3,1.0,2,2,1.0
2816004,val,a44_45,0.94873,3.3207881,1.0,2,3,1.0,2,2,1.0
2910002,val,a44_45,2.7682106,3.7874484,1.0,3,3,1.0,2,2,1.0
3062001,val,a44_45,4.015052,2.2482457,1.0,3,3,1.0,2,3,1.0
3235002,val,a44_45,2.632756,3.4900744,1.0,3,3,1.0,2,4,1.0
3306001,val,a44_45,4.330335,4.886779,1.0,3,3,1.0,2,4,1.0
5015030,val,a44_45,2.5416987,0.0,1.0,3,2,1.0,2,2,1.0
5048030,val,a44_45,2.610892,3.156508,1.0,3,3,1.0,6,6,1.0
5052033,val,a44_45,2.316919,2.6440241,1.0,3,3,1.0,6,6,1.0
5057008,val,a44_45,0.4071343,3.627258,1.0,2,3,1.0,6,6,1.0
5170009,val,a44_45,3.4983778,4.047763,1.0,3,3,1.0,2,2,1.0
5230008,val,a44_45,3.1000416,4.175959,1.0,3,3,1.0,2,3,1.0
5299010,val,a44_45,2.2629802,0.0,1.0,3,2,1.0,6,6,1.0
5336179,val,a44_45,3.2884517,3.3914385,1.0,3,3,1.0,2,2,1.0
5364005,val,a44_45,3.237019,3.7940028,1.0,3,3,1.0,4,2,1.0
5379004,val,a44_45,3.2117689,4.5817747,1.0,3,3,1.0,4,4,1.0
5430173,val,a44_45,2.8614824,1.9704351,1.0,3,3,1.0,6,6,1.0
5488006,val,a44_45,3.3351898,3.982054,1.0,3,3,1.0,6,6,1.0
5493007,val,a44_45,0.7190161,0.0,1.0,2,2,1.0,2,5,1.0
5537009,val,a44_45,2.8013525,2.8186514,1.0,3,3,1.0,2,2,1.0
5537177,val,a44_45,3.1611736,1.8782891,1.0,3,2,1.0,2,2,1.0
5537183,val,a44_45,3.854835,4.192416,1.0,3,3,1.0,2,2,1.0
5569010,val,a44_45,2.942837,1.5302846,1.0,3,3,1.0,2,2,1.0
5600005,val,a44_45,0.5631696,0.0,1.0,2,2,1.0,6,2,1.0
5615183,val,a44_45,3.2091134,3.0865474,1.0,3,3,1.0,2,2,1.0
5749006,val,a44_45,1.9949765,1.0628753,1.0,3,3,1.0,4,2,1.0
5822175,val,a44_45,3.2967224,3.553619,1.0,3,3,1.0,2,2,1.0
5832003,val,a44_45,3.0767179,3.2903967,1.0,3,2,1.0,6,6,1.0
5872005,val,a44_45,0.44025636,0.0,1.0,2,2,1.0,6,6,1.0
5898005,val,a44_45,0.8280996,3.433667,1.0,2,3,1.0,6,2,1.0
5904033,val,a44_45,2.7904007,3.4421458,1.0,3,3,1.0,2,4,1.0
5987188,val,a44_45,2.9105248,3.0497952,1.0,3,3,1.0,2,2,1.0
6026005,val,a44_45,3.6567807,3.9234436,1.0,3,2,1.0,6,2,1.0
6026172,val,a44_45,3.658812,4.6887918,1.0,3,3,1.0,6,4,1.0
6054031,val,a44_45,4.1956697,0.0,1.0,3,2,1.0,6,6,1.0
6121033,val,a44_45,2.3454556,0.0,1.0,3,2,1.0,6,6,1.0
6156008,val,a44_45,3.2745967,3.9220536,1.0,3,3,1.0,6,6,1.0
6157003,val,a44_45,3.2215166,3.3523545,1.0,3,3,1.0,2,4,1.0
6210183,val,a44_45,2.5966415,3.3465555,1.0,3,3,1.0,2,2,1.0
6262030,val,a44_45,3.8491483,4.0141034,1.0,3,3,1.0,2,2,1.0
6368007,val,a44_45,2.18911,0.0,1.0,3,2,1.0,6,6,1.0
6381181,val,a44_45,3.4232485,4.2348075,1.0,3,3,1.0,6,2,1.0
6396003,val,a44_45,2.4408064,0.0,1.0,3,2,1.0,4,4,1.0
6431008,val,a44_45,3.2840133,4.2303786,1.0,3,3,1.0,2,2,1.0
6475170,val,a44_45,2.3062885,3.4794178,1.0,3,3,1.0,6,6,1.0
6522004,val,a44_45,0.58853126,1.8124303,1.0,2,3,1.0,6,4,1.0
6537032,val,a44_45,2.8964567,3.8368883,1.0,3,3,1.0,2,2,1.0
6541178,val,a44_45,3.7222443,4.2320933,1.0,3,3,1.0,2,3,1.0
6545006,val,a44_45,0.83086574,3.1106615,1.0,2,3,1.0,2,4,1.0
6547171,val,a44_45,3.1701896,1.8387105,1.0,3,3,1.0,2,2,1.0
6571031,val,a44_45,3.3498325,0.0,1.0,3,2,1.0,2,2,1.0
6590008,val,a44_45,3.2767444,3.5488956,1.0,3,3,1.0,2,2,1.0
6616007,val,a44_45,2.7922552,3.2707531,1.0,3,3,1.0,2,4,1.0
6649003,val,a44_45,2.3413832,3.4194636,1.0,3,3,1.0,6,2,1.0
6710030,val,a44_45,0.52232516,3.5064607,1.0,2,3,1.0,6,6,1.0
6745007,val,a44_45,2.8113813,2.6745934,1.0,3,3,1.0,6,6,1.0
6750005,val,a44_45,2.9772687,3.3510303,1.0,3,3,1.0,2,4,1.0
6765006,val,a44_45,1.3019851,3.0664406,1.0,2,3,1.0,2,2,1.0
6822176,val,a44_45,3.0511932,3.3265107,1.0,3,3,1.0,2,4,1.0
6828003,val,a30_31,0.8567822,0.00086969405,1.0,2,3,1.0,2,2,1.0
6872003,val,a30_31,2.9173393,3.403978,1.0,3,3,1.0,6,2,1.0
6828003,val,a32_33,1.235638,0.0,1.0,2,2,1.0,2,2,1.0
6872003,val,a32_33,2.7381394,3.5754573,1.0,3,3,1.0,6,2,1.0
6828003,val,a34_35,1.3267145,2.461633,1.0,2,3,1.0,2,2,1.0
6872003,val,a34_35,2.646966,3.5162253,1.0,3,3,1.0,6,2,1.0
6828003,val,a36_37,1.3559682,0.0,1.0,2,2,1.0,2,2,1.0
6872003,val,a36_37,2.6286047,3.5643752,1.0,3,3,1.0,6,2,1.0
6828003,val,a38_39,1.3607757,0.0,1.0,2,3,1.0,2,2,1.0
6872003,val,a38_39,2.63468,3.3542435,1.0,3,3,1.0,6,2,1.0
6828003,val,a40_41,1.3224896,0.29730862,1.0,2,2,1.0,2,2,1.0
6872003,val,a40_41,2.628383,3.611991,1.0,3,3,1.0,6,2,1.0
6828003,val,a42_43,1.2865444,0.0,1.0,2,2,1.0,2,2,1.0
6872003,val,a42_43,2.602006,3.393006,1.0,3,3,1.0,6,2,1.0
6828003,val,a44_45,1.2898617,0.0,1.0,2,2,1.0,2,2,1.0
6872003,val,a44_45,2.6446052,3.4513288,1.0,3,3,1.0,6,2,1.0
6030,test,a30_31,3.6888838,4.0443435,1.0,3,3,1.0,2,2,1.0
10030,test,a30_31,3.9205513,4.8131404,1.0,3,3,1.0,6,6,1.0
41008,test,a30_31,2.4822333,0.0,1.0,3,2,1.0,2,2,1.0
68003,test,a30_31,3.7520826,3.6228404,1.0,3,3,1.0,2,2,1.0
127030,test,a30_31,3.811819,3.8933127,1.0,3,3,1.0,6,6,1.0
127031,test,a30_31,3.9860845,4.455336,1.0,3,3,1.0,6,6,1.0
129031,test,a30_31,0.76968193,1.159328,1.0,2,3,1.0,6,4,1.0
129196,test,a30_31,2.5907001,2.0602975,1.0,3,2,1.0,2,2,1.0
165030,test,a30_31,3.7481458,3.431768,1.0,3,3,1.0,6,2,1.0
284004,test,a30_31,4.179313,4.6835566,1.0,3,3,1.0,2,2,1.0
301032,test,a30_31,4.227345,3.5725698,1.0,3,3,1.0,6,6,1.0
327003,test,a30_31,3.3391485,3.4121542,1.0,3,3,1.0,2,2,1.0
327171,test,a30_31,3.5366898,3.8332024,1.0,3,2,1.0,2,2,1.0
327172,test,a30_31,2.6457655,3.2615511,1.0,3,3,1.0,2,2,1.0
331005,test,a30_31,4.1918764,4.5540724,1.0,3,3,1.0,6,6,1.0
344178,test,a30_31,3.0736227,3.154086,1.0,3,3,1.0,2,2,1.0
461030,test,a30_31,3.8272502,3.7856972,1.0,3,3,1.0,2,2,1.0
486004,test,a30_31,3.6049442,3.5620697,1.0,3,3,1.0,2,2,1.0
563183,test,a30_31,0.55849695,2.9157038,1.0,2,3,1.0,2,2,1.0
577004,test,a30_31,2.6169357,2.3891363,1.0,3,3,1.0,2,2,1.0
607030,test,a30_31,3.8890362,3.7182508,1.0,3,3,1.0,2,2,1.0
613173,test,a30_31,3.5392613,4.11935,1.0,3,3,1.0,2,2,1.0
634008,test,a30_31,3.550949,3.9311678,1.0,3,3,1.0,4,4,1.0
652005,test,a30_31,3.2753189,3.0010586,1.0,3,3,1.0,2,2,1.0
672003,test,a30_31,0.56705296,0.0,1.0,2,2,1.0,2,2,1.0
691175,test,a30_31,3.7062464,3.7946298,1.0,3,3,1.0,2,2,1.0
699031,test,a30_31,1.5073054,3.1676114,1.0,2,3,1.0,6,6,1.0
722178,test,a30_31,0.52109444,0.0,1.0,2,2,1.0,2,2,1.0
771003,test,a30_31,3.094446,3.0751624,1.0,3,3,1.0,4,4,1.0
775005,test,a30_31,3.6401083,0.0,0.0,3,-1,0.0,6,-1,0.0
796006,test,a30_31,3.708422,3.7020767,1.0,3,3,1.0,6,6,1.0
844003,test,a30_31,2.4470112,3.4397702,1.0,3,3,1.0,2,2,1.0
863006,test,a30_31,3.44841,3.8158545,1.0,3,3,1.0,2,2,1.0
863173,test,a30_31,3.8354728,2.555125,1.0,3,3,1.0,2,2,1.0
866172,test,a30_31,3.1474676,3.027694,1.0,3,3,1.0,6,6,1.0
868005,test,a30_31,3.6340458,3.5248713,1.0,3,3,1.0,2,2,1.0
875030,test,a30_31,0.67524934,0.0,1.0,2,2,1.0,2,2,1.0
897006,test,a30_31,2.9408581,2.2707846,1.0,3,2,1.0,2,2,1.0
922171,test,a30_31,3.447043,3.9658422,1.0,3,3,1.0,2,2,1.0
934030,test,a30_31,3.653452,4.0753117,1.0,3,3,1.0,2,2,1.0
935005,test,a30_31,1.4779785,2.53768,1.0,3,2,1.0,2,2,1.0
935176,test,a30_31,3.7317977,3.4484873,1.0,3,3,1.0,2,2,1.0
939030,test,a30_31,4.050806,4.0583153,1.0,3,3,1.0,6,6,1.0
964003,test,a30_31,0.27802753,0.0,1.0,2,2,1.0,6,6,1.0
970004,test,a30_31,3.7447436,3.7108538,1.0,3,3,1.0,2,2,1.0
982004,test,a30_31,3.2486176,3.2337272,1.0,3,3,1.0,2,4,1.0
1033030,test,a30_31,3.6127594,3.9603353,1.0,3,3,1.0,2,3,1.0
1036003,test,a30_31,3.9928908,3.820191,1.0,3,3,1.0,2,4,1.0
1048006,test,a30_31,2.7503378,2.5494602,1.0,3,2,1.0,2,3,1.0
1055172,test,a30_31,1.3498603,1.5379702,1.0,3,2,1.0,2,2,1.0
1060175,test,a30_31,3.441491,3.8012211,1.0,3,3,1.0,2,2,1.0
1064171,test,a30_31,3.9375458,4.467433,1.0,3,3,1.0,2,2,1.0
1072171,test,a30_31,3.7281501,3.5926886,1.0,3,3,1.0,2,2,1.0
1084175,test,a30_31,2.0427933,0.0,1.0,3,2,1.0,2,2,1.0
1100172,test,a30_31,3.005134,3.2967014,1.0,3,3,1.0,2,2,1.0
1141171,test,a30_31,1.7842214,0.0,0.0,3,-1,0.0,2,-1,0.0
1142030,test,a30_31,3.7795675,3.07714,1.0,3,3,1.0,2,4,1.0
1144032,test,a30_31,3.7345414,3.5717494,1.0,3,3,1.0,2,2,1.0
1149171,test,a30_31,3.385825,3.076803,1.0,3,3,1.0,6,2,1.0
1162030,test,a30_31,3.2265284,3.1995935,1.0,3,3,1.0,2,2,1.0
1167030,test,a30_31,0.3079672,0.42005378,1.0,2,2,1.0,6,6,1.0
1168008,test,a30_31,0.9183626,3.0341482,1.0,2,3,1.0,3,3,1.0
1222179,test,a30_31,2.6360524,1.9917881,1.0,3,3,1.0,2,2,1.0
1260008,test,a30_31,3.0864658,2.880258,1.0,3,3,1.0,2,2,1.0
1269030,test,a30_31,3.4295099,3.6963296,1.0,3,3,1.0,2,2,1.0
1292030,test,a30_31,3.2688904,3.4003475,1.0,3,3,1.0,4,2,1.0
1298005,test,a30_31,2.4901838,3.193401,1.0,3,3,1.0,2,2,1.0
1306030,test,a30_31,4.373962,4.886779,1.0,3,3,1.0,2,2,1.0
1335179,test,a30_31,2.6546237,3.4640977,1.0,3,3,1.0,2,2,1.0
1353030,test,a30_31,0.73029983,0.0,1.0,2,2,1.0,2,2,1.0
1384030,test,a30_31,3.6146953,3.5397089,1.0,3,3,1.0,2,2,1.0
1399008,test,a30_31,1.7761655,2.1851575,1.0,2,2,1.0,2,2,1.0
1415004,test,a30_31,2.4308698,2.707386,1.0,3,3,1.0,2,2,1.0
1430005,test,a30_31,2.0610588,1.2974701,1.0,3,3,1.0,6,6,1.0
1431003,test,a30_31,3.8290854,3.7720938,1.0,3,3,1.0,2,2,1.0
1431004,test,a30_31,2.5098515,0.0,1.0,3,2,1.0,2,2,1.0
1431172,test,a30_31,4.0203433,0.0,0.0,3,-1,0.0,2,-1,0.0
1462004,test,a30_31,2.1970532,3.4702528,1.0,3,3,1.0,2,2,1.0
1520173,test,a30_31,3.6756516,3.549721,1.0,3,3,1.0,2,2,1.0
1522175,test,a30_31,3.5137658,3.9098516,1.0,3,3,1.0,2,2,1.0
1542006,test,a30_31,3.265581,3.2926252,1.0,3,3,1.0,4,4,1.0
1542177,test,a30_31,3.7865987,3.6178148,1.0,3,2,1.0,2,2,1.0
1567031,test,a30_31,3.8638816,3.6645775,1.0,3,3,1.0,6,6,1.0
1608031,test,a30_31,3.0322275,3.3391688,1.0,3,2,1.0,2,2,1.0
1612003,test,a30_31,3.8554606,4.0829945,1.0,3,2,1.0,2,2,1.0
1621003,test,a30_31,1.2810463,2.1435423,1.0,2,3,1.0,2,2,1.0
1648003,test,a30_31,3.6179848,3.0544064,1.0,3,3,1.0,2,2,1.0
1648030,test,a30_31,3.531255,3.8708656,1.0,3,3,1.0,6,6,1.0
1670172,test,a30_31,2.8992763,2.5325868,1.0,3,3,1.0,2,2,1.0
1684170,test,a30_31,0.48265958,0.0,1.0,2,3,1.0,2,2,1.0
1690030,test,a30_31,3.8206043,3.814594,1.0,3,3,1.0,2,2,1.0
1692176,test,a30_31,3.5222185,3.7050061,1.0,3,3,1.0,2,2,1.0
1695030,test,a30_31,3.320381,3.3822985,1.0,3,3,1.0,6,6,1.0
1697036,test,a30_31,3.6442213,3.1997752,1.0,3,3,1.0,6,2,1.0
1698170,test,a30_31,2.694489,1.3173809,1.0,3,2,1.0,2,2,1.0
1700031,test,a30_31,3.3032312,3.2681394,1.0,3,3,1.0,2,4,1.0
1701003,test,a30_31,3.7006207,3.1641855,1.0,3,3,1.0,6,6,1.0
1711003,test,a30_31,1.9376795,3.0908527,1.0,3,3,1.0,2,2,1.0
1711171,test,a30_31,3.3892577,3.6934254,1.0,3,2,1.0,2,2,1.0
1732005,test,a30_31,2.4823236,0.0,0.0,3,-1,0.0,6,-1,0.0
1762187,test,a30_31,1.907927,1.8384329,1.0,3,3,1.0,4,2,1.0
1786187,test,a30_31,3.3059618,3.2494287,1.0,3,3,1.0,2,2,1.0
1837006,test,a30_31,3.550056,3.500706,1.0,3,3,1.0,2,2,1.0
1850172,test,a30_31,1.5394385,2.0709207,1.0,3,3,1.0,2,2,1.0
1878030,test,a30_31,3.1750722,3.2616544,1.0,3,3,1.0,2,2,1.0
1879030,test,a30_31,3.5589051,4.1256022,1.0,3,3,1.0,2,3,1.0
1905004,test,a30_31,3.707922,3.9012198,1.0,3,3,1.0,2,2,1.0
1919009,test,a30_31,3.5078719,3.3816369,1.0,3,3,1.0,2,2,1.0
1935004,test,a30_31,2.6813283,0.0,1.0,3,2,1.0,2,2,1.0
1936030,test,a30_31,1.9981385,0.0,1.0,3,2,1.0,2,2,1.0
1978171,test,a30_31,2.6990898,2.4012594,1.0,3,3,1.0,2,2,1.0
2030031,test,a30_31,2.8968976,0.0,1.0,3,3,1.0,6,2,1.0
2117003,test,a30_31,3.2193713,2.8032591,1.0,3,3,1.0,2,2,1.0
2150172,test,a30_31,1.3534061,1.6647161,1.0,3,2,1.0,2,2,1.0
2199182,test,a30_31,2.392079,3.7839584,1.0,3,3,1.0,2,2,1.0
2206030,test,a30_31,3.6123834,3.820771,1.0,3,3,1.0,4,2,1.0
2212031,test,a30_31,4.222051,4.352703,1.0,3,3,1.0,6,6,1.0
2238004,test,a30_31,3.5661879,3.473372,1.0,3,3,1.0,2,2,1.0
2238172,test,a30_31,3.393993,3.6698914,1.0,3,3,1.0,2,2,1.0
2252172,test,a30_31,3.1196723,2.392142,1.0,3,3,1.0,2,2,1.0
2255030,test,a30_31,4.3513765,4.8865457,1.0,3,3,1.0,2,2,1.0
2277008,test,a30_31,2.7836108,2.4704232,1.0,3,3,1.0,2,2,1.0
2311172,test,a30_31,1.4580045,1.7819266,1.0,2,3,1.0,2,3,1.0
2330003,test,a30_31,4.0428677,4.546308,1.0,3,3,1.0,6,6,1.0
2338003,test,a30_31,3.6986704,3.5962741,1.0,3,3,1.0,6,6,1.0
2341004,test,a30_31,2.6467752,3.6550374,1.0,3,3,1.0,2,2,1.0
2341005,test,a30_31,2.5231528,2.985549,1.0,3,3,1.0,2,2,1.0
2354004,test,a30_31,1.5503464,2.6002262,1.0,3,3,1.0,2,3,1.0
2392004,test,a30_31,2.1836412,2.486088,1.0,3,3,1.0,2,2,1.0
2393005,test,a30_31,4.235613,3.8599086,1.0,3,3,1.0,2,3,1.0
2393171,test,a30_31,2.5242767,3.2835505,1.0,3,3,1.0,2,2,1.0
2409006,test,a30_31,2.334238,0.0,0.0,3,-1,0.0,2,-1,0.0
2409171,test,a30_31,3.112302,0.0,0.0,3,-1,0.0,2,-1,0.0
2422178,test,a30_31,3.7155724,3.3685656,1.0,3,3,1.0,2,2,1.0
2459030,test,a30_31,3.2909968,3.289887,1.0,3,3,1.0,2,2,1.0
2474030,test,a30_31,3.555616,3.5847976,1.0,3,3,1.0,2,2,1.0
2474171,test,a30_31,2.1615016,1.9812955,1.0,3,3,1.0,2,2,1.0
2485173,test,a30_31,3.1331306,1.3737665,1.0,3,2,1.0,4,4,1.0
2496172,test,a30_31,1.7779036,2.6033032,1.0,3,3,1.0,2,4,1.0
2502005,test,a30_31,3.2695465,3.0639424,1.0,3,3,1.0,2,2,1.0
2510171,test,a30_31,3.4150298,3.45875,1.0,3,3,1.0,2,2,1.0
2525174,test,a30_31,3.2066712,3.576559,1.0,3,3,1.0,2,2,1.0
2530184,test,a30_31,2.9724536,2.8265765,1.0,3,3,1.0,2,2,1.0
2547171,test,a30_31,3.8124533,3.964761,1.0,3,3,1.0,2,2,1.0
2580030,test,a30_31,4.2741137,4.73331,1.0,3,3,1.0,2,2,1.0
2593171,test,a30_31,3.5486836,4.1230373,1.0,3,3,1.0,2,2,1.0
2615031,test,a30_31,3.5974674,3.6966453,1.0,3,3,1.0,2,2,1.0
2642030,test,a30_31,2.7810853,2.6918542,1.0,3,3,1.0,2,2,1.0
2655002,test,a30_31,0.70306265,0.0,1.0,2,2,1.0,2,2,1.0
2705031,test,a30_31,3.8489866,3.0183833,1.0,3,3,1.0,2,2,1.0
2707179,test,a30_31,3.1447906,2.888504,1.0,3,3,1.0,2,2,1.0
2714031,test,a30_31,3.6583219,3.2921891,1.0,3,3,1.0,2,2,1.0
2717004,test,a30_31,3.8463135,4.0724216,1.0,3,3,1.0,2,2,1.0
2738171,test,a30_31,3.9509172,4.41911,1.0,3,3,1.0,2,2,1.0
2794003,test,a30_31,3.958787,4.088578,1.0,3,3,1.0,6,6,1.0
2845030,test,a30_31,2.9143462,0.80540437,1.0,3,3,1.0,6,6,1.0
2847030,test,a30_31,2.876622,3.2781074,1.0,3,3,1.0,4,6,1.0
2848174,test,a30_31,1.0441376,0.0,1.0,2,2,1.0,6,6,1.0
2852006,test,a30_31,0.6151879,0.0,1.0,2,2,1.0,2,2,1.0
2852030,test,a30_31,3.5197616,3.1400328,1.0,3,3,1.0,2,2,1.0
2869170,test,a30_31,3.5096235,3.318679,1.0,3,3,1.0,2,2,1.0
2897006,test,a30_31,3.3672996,2.5091708,1.0,3,3,1.0,6,6,1.0
2900171,test,a30_31,3.8890314,1.9216049,1.0,3,3,1.0,2,2,1.0
2907006,test,a30_31,2.8900595,2.6151106,1.0,3,3,1.0,2,2,1.0
2920030,test,a30_31,2.9611573,2.973692,1.0,3,3,1.0,6,6,1.0
3107001,test,a30_31,3.623194,3.501158,1.0,3,3,1.0,2,2,1.0
3137007,test,a30_31,2.3634703,2.5756848,1.0,3,3,1.0,6,6,1.0
3283002,test,a30_31,3.689268,4.300126,1.0,3,3,1.0,4,4,1.0
3492001,test,a30_31,3.6438084,4.1655335,1.0,3,3,1.0,6,6,1.0
5016170,test,a30_31,2.9558525,2.9827757,1.0,3,3,1.0,4,4,1.0
5082003,test,a30_31,3.4720309,3.590824,1.0,3,3,1.0,6,2,1.0
5145032,test,a30_31,3.4686952,3.6708767,1.0,3,3,1.0,6,6,1.0
5163030,test,a30_31,3.2974539,3.7953534,1.0,3,3,1.0,2,3,1.0
5177171,test,a30_31,1.1390344,0.0,1.0,3,2,1.0,6,6,1.0
5199178,test,a30_31,3.0123982,3.0284073,1.0,3,3,1.0,2,2,1.0
5241030,test,a30_31,2.4536695,3.463671,1.0,3,3,1.0,6,6,1.0
5264004,test,a30_31,3.314928,3.254645,1.0,3,3,1.0,2,2,1.0
5294003,test,a30_31,3.6540205,3.6888347,1.0,3,3,1.0,2,2,1.0
5299172,test,a30_31,3.0063443,0.0,0.0,3,-1,0.0,2,-1,0.0
5306002,test,a30_31,2.2100525,1.5553043,1.0,3,2,1.0,6,6,1.0
5350030,test,a30_31,2.7399445,1.5019395,1.0,3,3,1.0,4,6,1.0
5364006,test,a30_31,3.5275712,4.02594,1.0,3,3,1.0,6,6,1.0
5366033,test,a30_31,3.0678196,3.2203383,1.0,3,2,1.0,6,6,1.0
5406173,test,a30_31,2.9001267,0.0,0.0,3,-1,0.0,2,-1,0.0
5424030,test,a30_31,1.5019867,1.9499075,1.0,2,2,1.0,6,6,1.0
5425003,test,a30_31,1.0673879,0.52543235,1.0,2,3,1.0,2,2,1.0
5430031,test,a30_31,1.4016336,2.1480308,1.0,2,2,1.0,6,6,1.0
5430171,test,a30_31,2.769949,3.769422,1.0,3,3,1.0,6,6,1.0
5443007,test,a30_31,1.1288317,0.43289578,1.0,2,2,1.0,2,2,1.0
5464032,test,a30_31,2.8171184,2.712402,1.0,3,2,1.0,4,2,1.0
5488007,test,a30_31,2.639824,2.4527671,1.0,3,2,1.0,2,2,1.0
5494005,test,a30_31,2.6910703,2.5930448,1.0,3,3,1.0,6,6,1.0
5513030,test,a30_31,3.212026,3.6436281,1.0,3,3,1.0,6,6,1.0
5549006,test,a30_31,2.6089182,2.3896143,1.0,3,3,1.0,2,2,1.0
5553173,test,a30_31,3.3827348,3.5880518,1.0,3,3,1.0,2,2,1.0
5560186,test,a30_31,3.4502487,3.2274153,1.0,3,3,1.0,2,2,1.0
5569009,test,a30_31,3.007927,1.642214,1.0,3,2,1.0,2,2,1.0
5570010,test,a30_31,3.2170613,3.5521383,1.0,3,3,1.0,4,4,1.0
5570012,test,a30_31,2.8510687,2.5876174,1.0,3,3,1.0,2,6,1.0
5570033,test,a30_31,3.4837253,2.8641582,1.0,3,3,1.0,2,2,1.0
5576031,test,a30_31,2.7941601,3.016735,1.0,3,3,1.0,4,2,1.0
5614005,test,a30_31,2.9232311,2.6726115,1.0,3,3,1.0,4,3,1.0
5615010,test,a30_31,3.1452522,3.1390646,1.0,3,3,1.0,6,2,1.0
5615181,test,a30_31,3.5482016,3.3987124,1.0,3,3,1.0,2,2,1.0
5621170,test,a30_31,3.1543267,3.0994895,1.0,3,3,1.0,2,2,1.0
5626010,test,a30_31,3.1060548,2.9399865,1.0,3,3,1.0,2,2,1.0
5634188,test,a30_31,3.4613574,0.0,0.0,3,-1,0.0,2,-1,0.0
5635031,test,a30_31,3.370757,2.960809,1.0,3,3,1.0,2,2,1.0
5646006,test,a30_31,0.38266993,0.5639118,1.0,2,3,1.0,6,6,1.0
5660005,test,a30_31,3.1552153,3.541386,1.0,3,3,1.0,4,3,1.0
5664003,test,a30_31,0.22220087,0.10998343,1.0,2,2,1.0,6,6,1.0
5676007,test,a30_31,3.1224914,0.0,0.0,3,-1,0.0,2,-1,0.0
5678030,test,a30_31,1.8409054,2.8913167,1.0,3,2,1.0,6,6,1.0
5684034,test,a30_31,3.726943,4.3079896,1.0,3,3,1.0,2,4,1.0
5784005,test,a30_31,0.42594028,0.0,1.0,2,2,1.0,6,6,1.0
5819005,test,a30_31,0.466892,1.0981487,1.0,2,3,1.0,6,6,1.0
5821008,test,a30_31,2.7518537,3.01234,1.0,3,3,1.0,2,2,1.0
5863033,test,a30_31,0.3089614,1.3019751,1.0,2,3,1.0,6,6,1.0
5921003,test,a30_31,2.1863158,0.0,0.0,3,-1,0.0,6,-1,0.0
5922010,test,a30_31,3.306943,2.721544,1.0,3,3,1.0,6,6,1.0
5938031,test,a30_31,1.9860682,0.0,1.0,3,2,1.0,6,6,1.0
5960033,test,a30_31,2.6843379,2.5757463,1.0,3,3,1.0,6,6,1.0
5995005,test,a30_31,0.39824057,0.31933862,1.0,2,2,1.0,6,6,1.0
6028032,test,a30_31,2.1313815,2.8981428,1.0,3,3,1.0,6,6,1.0
6030005,test,a30_31,3.344869,3.7041867,1.0,3,3,1.0,6,6,1.0
6030008,test,a30_31,3.2540436,3.6057901,1.0,3,3,1.0,6,6,1.0
6093006,test,a30_31,0.14452791,2.0916247,1.0,2,3,1.0,6,6,1.0
6093011,test,a30_31,2.1393812,1.3332126,1.0,3,3,1.0,6,6,1.0
6114182,test,a30_31,2.7141957,2.5692537,1.0,3,3,1.0,4,3,1.0
6120195,test,a30_31,0.9799353,0.0,1.0,2,2,1.0,2,2,1.0
6121030,test,a30_31,3.0342488,3.769311,1.0,3,3,1.0,6,6,1.0
6179003,test,a30_31,3.4792814,3.361893,1.0,3,3,1.0,2,2,1.0
6179170,test,a30_31,0.6974362,0.0,1.0,2,2,1.0,2,2,1.0
6191006,test,a30_31,2.9639413,3.2669687,1.0,3,3,1.0,6,4,1.0
6200175,test,a30_31,3.71701,3.180232,1.0,3,3,1.0,2,2,1.0
6210007,test,a30_31,3.2349544,0.0,0.0,3,-1,0.0,6,-1,0.0
6210008,test,a30_31,2.041633,1.7660555,1.0,3,3,1.0,6,6,1.0
6350007,test,a30_31,2.2765055,2.5048919,1.0,3,3,1.0,6,6,1.0
6365010,test,a30_31,0.27786756,0.47892067,1.0,2,3,1.0,6,6,1.0
6365011,test,a30_31,1.8717625,0.1931983,1.0,3,2,1.0,2,2,1.0
6365177,test,a30_31,2.394211,3.0710416,1.0,3,3,1.0,2,2,1.0
6381008,test,a30_31,2.4812028,0.0,0.0,3,-1,0.0,2,-1,0.0
6444003,test,a30_31,2.3162909,2.0211048,1.0,3,3,1.0,2,2,1.0
6475006,test,a30_31,0.32904792,0.67106354,1.0,2,3,1.0,6,6,1.0
6475007,test,a30_31,0.19413257,0.1422398,1.0,2,2,1.0,6,6,1.0
6509004,test,a30_31,3.0574489,3.5568442,1.0,3,3,1.0,6,6,1.0
6545008,test,a30_31,3.6946242,3.18138,1.0,3,3,1.0,6,6,1.0
6571003,test,a30_31,3.020787,3.4242733,1.0,3,3,1.0,6,6,1.0
6635009,test,a30_31,0.1767509,0.0,1.0,2,2,1.0,6,4,1.0
6663030,test,a30_31,3.7320151,3.6323774,1.0,3,2,1.0,6,6,1.0
6674003,test,a30_31,3.4971454,3.3601112,1.0,3,3,1.0,2,2,1.0
6674005,test,a30_31,3.346361,3.4521801,1.0,3,3,1.0,4,2,1.0
6736181,test,a30_31,2.7175453,1.9612347,1.0,3,2,1.0,2,2,1.0
6740003,test,a30_31,2.4985933,2.7489104,1.0,3,3,1.0,2,2,1.0
6769008,test,a30_31,2.472506,0.47086632,1.0,3,2,1.0,4,3,1.0
6779033,test,a30_31,0.71198213,1.7719439,1.0,2,3,1.0,6,6,1.0
6030,test,a32_33,3.5863473,3.632802,1.0,3,3,1.0,2,2,1.0
10030,test,a32_33,3.8099618,4.5643663,1.0,3,3,1.0,6,2,1.0
41008,test,a32_33,2.4072666,0.0,1.0,3,2,1.0,2,2,1.0
68003,test,a32_33,3.6595888,3.5880518,1.0,3,3,1.0,2,2,1.0
127030,test,a32_33,3.7454767,3.6983402,1.0,3,3,1.0,6,2,1.0
127031,test,a32_33,3.8913999,4.2671986,1.0,3,3,1.0,6,6,1.0
129031,test,a32_33,0.7975923,1.5868585,1.0,2,2,1.0,6,4,1.0
129196,test,a32_33,2.781509,1.7348825,1.0,3,3,1.0,2,2,1.0
165030,test,a32_33,3.7097754,3.6426375,1.0,3,3,1.0,6,2,1.0
284004,test,a32_33,4.1011143,4.498754,1.0,3,3,1.0,2,2,1.0
301032,test,a32_33,4.196804,3.9674697,1.0,3,3,1.0,6,6,1.0
327003,test,a32_33,3.2632022,3.7635956,1.0,3,3,1.0,2,2,1.0
327171,test,a32_33,3.4358156,0.0,1.0,3,2,1.0,2,2,1.0
327172,test,a32_33,2.6051302,3.306851,1.0,3,3,1.0,2,2,1.0
331005,test,a32_33,4.2351303,4.197571,1.0,3,3,1.0,6,2,1.0
344178,test,a32_33,3.0142403,3.281228,1.0,3,3,1.0,2,2,1.0
461030,test,a32_33,3.7662425,3.5299022,1.0,3,3,1.0,2,2,1.0
486004,test,a32_33,3.551878,3.690261,1.0,3,3,1.0,2,2,1.0
563183,test,a32_33,0.8079505,0.0008918604,1.0,2,3,1.0,2,2,1.0
577004,test,a32_33,2.6352298,2.5712075,1.0,3,3,1.0,2,2,1.0
607030,test,a32_33,3.872546,3.6452837,1.0,3,3,1.0,2,2,1.0
613173,test,a32_33,3.3190646,4.1078057,1.0,3,3,1.0,2,2,1.0
634008,test,a32_33,3.4199119,3.3915641,1.0,3,2,1.0,4,4,1.0
652005,test,a32_33,3.23166,3.5727725,1.0,3,3,1.0,2,2,1.0
672003,test,a32_33,0.84266484,3.0547795,1.0,2,3,1.0,2,2,1.0
691175,test,a32_33,3.5819302,0.0,1.0,3,3,1.0,2,2,1.0
699031,test,a32_33,1.2664171,3.1536906,1.0,2,2,1.0,6,6,1.0
722178,test,a32_33,0.8266212,0.5729554,1.0,2,3,1.0,2,2,1.0
771003,test,a32_33,3.0224595,3.360967,1.0,3,3,1.0,4,4,1.0
775005,test,a32_33,3.536108,3.814005,1.0,3,3,1.0,6,2,1.0
796006,test,a32_33,3.7362018,3.19808,1.0,3,3,1.0,6,6,1.0
844003,test,a32_33,2.958013,3.7556844,1.0,3,3,1.0,2,2,1.0
863006,test,a32_33,3.404983,3.7389832,1.0,3,3,1.0,2,2,1.0
863173,test,a32_33,3.75745,2.8179777,1.0,3,3,1.0,2,2,1.0
866172,test,a32_33,3.1513247,2.6271625,1.0,3,2,1.0,6,6,1.0
868005,test,a32_33,3.5794683,3.4759133,1.0,3,3,1.0,2,2,1.0
875030,test,a32_33,0.8603804,0.0,1.0,2,2,1.0,2,2,1.0
897006,test,a32_33,3.094253,0.9259037,1.0,3,2,1.0,2,3,1.0
922171,test,a32_33,3.4575374,3.2271986,1.0,3,3,1.0,2,2,1.0
934030,test,a32_33,3.5478787,4.169727,1.0,3,3,1.0,2,2,1.0
935005,test,a32_33,2.3886795,1.9715426,1.0,3,3,1.0,2,2,1.0
935176,test,a32_33,3.6686532,2.686293,1.0,3,3,1.0,2,2,1.0
939030,test,a32_33,4.062847,4.2601495,1.0,3,3,1.0,6,2,1.0
964003,test,a32_33,0.5759821,0.48986647,1.0,2,2,1.0,6,6,1.0
970004,test,a32_33,3.6863933,3.9415355,1.0,3,3,1.0,2,2,1.0
982004,test,a32_33,3.2615695,3.577894,1.0,3,3,1.0,2,4,1.0
1033030,test,a32_33,3.5271816,3.3248508,1.0,3,3,1.0,2,4,1.0
1036003,test,a32_33,3.9028497,3.242958,1.0,3,3,1.0,2,2,1.0
1048006,test,a32_33,2.7271426,2.5528998,1.0,3,3,1.0,2,2,1.0
1055172,test,a32_33,2.037026,2.4084587,1.0,3,3,1.0,2,2,1.0
1060175,test,a32_33,3.317954,3.5963154,1.0,3,3,1.0,2,2,1.0
1064171,test,a32_33,3.8616133,4.3601055,1.0,3,3,1.0,2,2,1.0
1072171,test,a32_33,3.6551478,3.6353216,1.0,3,3,1.0,2,2,1.0
1084175,test,a32_33,2.3975453,0.0,1.0,3,2,1.0,2,2,1.0
1100172,test,a32_33,3.0418162,3.3882806,1.0,3,3,1.0,2,2,1.0
1141171,test,a32_33,2.1296277,1.0577683,1.0,3,3,1.0,2,4,1.0
1142030,test,a32_33,3.7559545,3.4778206,1.0,3,2,1.0,2,2,1.0
1144032,test,a32_33,3.703259,3.9998453,1.0,3,3,1.0,2,2,1.0
1149171,test,a32_33,3.251919,3.3627808,1.0,3,3,1.0,6,2,1.0
1162030,test,a32_33,3.048345,3.2774415,1.0,3,3,1.0,2,2,1.0
1167030,test,a32_33,0.72988045,1.6452125,1.0,2,2,1.0,6,6,1.0
1168008,test,a32_33,1.3403021,3.6681044,1.0,2,3,1.0,3,3,1.0
1222179,test,a32_33,2.5366712,2.62906,1.0,3,3,1.0,2,2,1.0
1260008,test,a32_33,2.9998178,3.0003862,1.0,3,3,1.0,2,2,1.0
1269030,test,a32_33,3.3969,3.8594756,1.0,3,3,1.0,2,2,1.0
1292030,test,a32_33,3.1284013,3.3685656,1.0,3,3,1.0,4,2,1.0
1298005,test,a32_33,2.565825,3.0073462,1.0,3,3,1.0,2,2,1.0
1306030,test,a32_33,4.293468,4.845492,1.0,3,3,1.0,2,2,1.0
1335179,test,a32_33,2.6939282,3.2921014,1.0,3,3,1.0,2,2,1.0
1353030,test,a32_33,1.2705175,0.0,1.0,2,2,1.0,2,2,1.0
1384030,test,a32_33,3.498797,3.4832323,1.0,3,3,1.0,2,2,1.0
1399008,test,a32_33,1.6166942,2.609165,1.0,2,2,1.0,2,4,1.0
1415004,test,a32_33,2.621709,2.7626214,1.0,3,3,1.0,2,2,1.0
1430005,test,a32_33,2.2636988,3.35943,1.0,3,3,1.0,6,6,1.0
1431003,test,a32_33,3.8120558,3.793413,1.0,3,3,1.0,2,2,1.0
1431004,test,a32_33,2.832283,0.0,1.0,3,2,1.0,2,2,1.0
1431172,test,a32_33,3.9340796,4.257112,1.0,3,3,1.0,2,2,1.0
1462004,test,a32_33,2.1183188,4.6827054,1.0,3,3,1.0,2,2,1.0
1520173,test,a32_33,3.6303008,3.8655198,1.0,3,3,1.0,2,2,1.0
1522175,test,a32_33,3.3956633,4.128193,1.0,3,3,1.0,2,2,1.0
1542006,test,a32_33,3.2094998,3.1334329,1.0,3,3,1.0,4,2,1.0
1542177,test,a32_33,3.6612039,3.5846753,1.0,3,3,1.0,2,2,1.0
1567031,test,a32_33,3.7797441,3.6204543,1.0,3,3,1.0,6,6,1.0
1608031,test,a32_33,3.2147105,3.9165187,1.0,3,3,1.0,2,2,1.0
1612003,test,a32_33,3.8065228,3.0623057,1.0,3,3,1.0,2,2,1.0
1621003,test,a32_33,1.2650208,2.9558797,1.0,2,3,1.0,2,2,1.0
1648003,test,a32_33,3.546965,3.4529707,1.0,3,3,1.0,2,2,1.0
1648030,test,a32_33,3.4082465,2.149199,1.0,3,3,1.0,6,6,1.0
1670172,test,a32_33,2.935632,2.9805765,1.0,3,3,1.0,2,2,1.0
1684170,test,a32_33,0.91073525,1.0173271,1.0,2,2,1.0,2,2,1.0
1690030,test,a32_33,3.7167315,4.7354703,1.0,3,3,1.0,2,3,1.0
1692176,test,a32_33,3.458391,0.0,0.0,3,-1,0.0,2,-1,0.0
1695030,test,a32_33,3.1886568,3.6850972,1.0,3,3,1.0,6,2,1.0
1697036,test,a32_33,3.4503155,1.4949695,1.0,3,3,1.0,6,2,1.0
1698170,test,a32_33,2.7162788,1.139272,1.0,3,2,1.0,2,2,1.0
1700031,test,a32_33,3.3009977,4.201887,1.0,3,3,1.0,2,4,1.0
1701003,test,a32_33,3.6353712,3.60501,1.0,3,3,1.0,6,6,1.0
1711003,test,a32_33,2.3695195,2.810277,1.0,3,3,1.0,2,2,1.0
1711171,test,a32_33,3.446125,3.8577616,1.0,3,3,1.0,2,2,1.0
1732005,test,a32_33,2.6434226,2.342187,1.0,3,3,1.0,6,2,1.0
1762187,test,a32_33,2.2158802,1.8211237,1.0,3,2,1.0,4,2,1.0
1786187,test,a32_33,3.303607,3.1765072,1.0,3,3,1.0,2,2,1.0
1837006,test,a32_33,3.5128956,3.6559155,1.0,3,3,1.0,2,2,1.0
1850172,test,a32_33,2.0145645,2.5812435,1.0,3,3,1.0,2,2,1.0
1878030,test,a32_33,3.0765717,3.4057453,1.0,3,3,1.0,2,4,1.0
1879030,test,a32_33,3.5398126,4.3343844,1.0,3,3,1.0,2,3,1.0
1905004,test,a32_33,3.5501785,3.8433187,1.0,3,3,1.0,2,2,1.0
1919009,test,a32_33,3.4082496,3.1504118,1.0,3,3,1.0,2,2,1.0
1935004,test,a32_33,2.6713698,0.0,1.0,3,2,1.0,2,2,1.0
1936030,test,a32_33,2.3391333,0.0,1.0,3,2,1.0,2,2,1.0
1978171,test,a32_33,2.6370735,1.6958811,1.0,3,3,1.0,2,2,1.0
2030031,test,a32_33,3.067513,3.6641996,1.0,3,3,1.0,6,2,1.0
2117003,test,a32_33,3.0665085,2.5893922,1.0,3,2,1.0,2,2,1.0
2150172,test,a32_33,1.955707,1.3598045,1.0,3,3,1.0,2,2,1.0
2199182,test,a32_33,2.7431965,3.9495156,1.0,3,3,1.0,2,2,1.0
2206030,test,a32_33,3.6433022,4.886779,1.0,3,3,1.0,4,2,1.0
2212031,test,a32_33,4.2448864,4.483134,1.0,3,3,1.0,6,2,1.0
2238004,test,a32_33,3.4802032,3.472241,1.0,3,3,1.0,2,2,1.0
2238172,test,a32_33,3.2490218,3.5254576,1.0,3,3,1.0,2,2,1.0
2252172,test,a32_33,3.10514,2.3470397,1.0,3,3,1.0,2,2,1.0
2255030,test,a32_33,4.213951,4.876434,1.0,3,3,1.0,2,2,1.0
2277008,test,a32_33,2.8257358,2.5990877,1.0,3,3,1.0,2,2,1.0
2311172,test,a32_33,1.2546192,1.0779065,1.0,2,2,1.0,2,2,1.0
2330003,test,a32_33,3.972993,4.301492,1.0,3,3,1.0,6,6,1.0
2338003,test,a32_33,3.6453867,4.023426,1.0,3,3,1.0,6,6,1.0
2341004,test,a32_33,2.9750617,3.4735646,1.0,3,3,1.0,2,2,1.0
2341005,test,a32_33,2.8521855,0.8661617,1.0,3,3,1.0,2,2,1.0
2354004,test,a32_33,2.008222,2.448841,1.0,3,3,1.0,2,2,1.0
2392004,test,a32_33,2.4081006,2.7262917,1.0,3,3,1.0,2,2,1.0
2393005,test,a32_33,4.1252604,4.0622745,1.0,3,3,1.0,2,3,1.0
2393171,test,a32_33,2.824349,1.606789,1.0,3,3,1.0,2,2,1.0
2409006,test,a32_33,2.6413784,0.0,0.0,3,-1,0.0,2,-1,0.0
2409171,test,a32_33,2.9806795,0.0,0.0,3,-1,0.0,2,-1,0.0
2422178,test,a32_33,3.6521626,3.2781074,1.0,3,3,1.0,2,2,1.0
2459030,test,a32_33,3.1465154,3.753117,1.0,3,3,1.0,2,4,1.0
2474030,test,a32_33,3.5124779,4.23237,1.0,3,3,1.0,2,2,1.0
2474171,test,a32_33,2.415239,1.367364,1.0,3,3,1.0,2,2,1.0
2485173,test,a32_33,3.0052476,1.1069015,1.0,3,3,1.0,4,4,1.0
2496172,test,a32_33,2.3471286,3.6005192,1.0,3,3,1.0,2,2,1.0
2502005,test,a32_33,3.2824335,2.9134128,1.0,3,3,1.0,2,2,1.0
2510171,test,a32_33,3.2825046,3.5230017,1.0,3,3,1.0,2,2,1.0
2525174,test,a32_33,3.147855,3.8745465,1.0,3,3,1.0,2,2,1.0
2530184,test,a32_33,2.8941364,2.973692,1.0,3,3,1.0,2,2,1.0
2547171,test,a32_33,3.718,4.052104,1.0,3,3,1.0,2,2,1.0
2580030,test,a32_33,4.2171993,4.886779,1.0,3,3,1.0,2,2,1.0
2593171,test,a32_33,3.4022026,4.246229,1.0,3,3,1.0,2,2,1.0
2615031,test,a32_33,3.5411897,3.44694,1.0,3,3,1.0,2,2,1.0
2642030,test,a32_33,2.7126415,2.8015413,1.0,3,3,1.0,2,2,1.0
2655002,test,a32_33,1.0832015,0.0,1.0,2,2,1.0,2,2,1.0
2705031,test,a32_33,3.7678366,3.306851,1.0,3,3,1.0,2,4,1.0
2707179,test,a32_33,3.1703553,2.8268414,1.0,3,3,1.0,2,2,1.0
2714031,test,a32_33,3.6151333,0.0,0.0,3,3,1.0,2,2,1.0
2717004,test,a32_33,3.732997,3.742696,1.0,3,3,1.0,2,2,1.0
2738171,test,a32_33,3.8526053,4.886779,1.0,3,3,1.0,2,2,1.0
2794003,test,a32_33,3.85679,3.8923466,1.0,3,2,1.0,6,2,1.0
2845030,test,a32_33,2.9819357,3.2903967,1.0,3,3,1.0,6,4,1.0
2847030,test,a32_33,2.8903677,3.456708,1.0,3,3,1.0,4,6,1.0
2848174,test,a32_33,1.1176227,1.0409111,1.0,2,2,1.0,6,6,1.0
2852006,test,a32_33,1.1117303,2.1415117,1.0,2,3,1.0,2,2,1.0
2852030,test,a32_33,3.49675,2.0998244,1.0,3,3,1.0,2,2,1.0
2869170,test,a32_33,3.474838,3.6555576,1.0,3,3,1.0,2,2,1.0
2897006,test,a32_33,3.211913,2.8197732,1.0,3,3,1.0,6,6,1.0
2900171,test,a32_33,3.7674332,3.8746612,1.0,3,3,1.0,2,2,1.0
2907006,test,a32_33,2.8614378,2.623763,1.0,3,3,1.0,2,2,1.0
2920030,test,a32_33,3.2168846,3.4575856,1.0,3,3,1.0,6,2,1.0
3107001,test,a32_33,3.5114565,3.231012,1.0,3,3,1.0,2,2,1.0
3137007,test,a32_33,2.4078395,2.48373,1.0,3,3,1.0,6,6,1.0
3283002,test,a32_33,3.5152884,4.0583324,1.0,3,3,1.0,4,6,1.0
3492001,test,a32_33,3.4810565,4.1102557,1.0,3,3,1.0,6,6,1.0
5016170,test,a32_33,2.9235578,2.6426997,1.0,3,3,1.0,4,4,1.0
5082003,test,a32_33,3.4365332,3.5662766,1.0,3,3,1.0,6,2,1.0
5145032,test,a32_33,3.3722768,3.616172,1.0,3,3,1.0,6,6,1.0
5163030,test,a32_33,3.2708707,2.769646,1.0,3,3,1.0,2,3,1.0
5177171,test,a32_33,1.6604923,0.41334957,1.0,3,3,1.0,6,6,1.0
5199178,test,a32_33,2.8574328,3.096526,1.0,3,3,1.0,2,2,1.0
5241030,test,a32_33,2.6997697,3.5277414,1.0,3,3,1.0,6,6,1.0
5264004,test,a32_33,3.2290087,3.264431,1.0,3,3,1.0,2,2,1.0
5294003,test,a32_33,3.5274482,3.6584685,1.0,3,3,1.0,2,2,1.0
5299172,test,a32_33,3.1459057,2.760259,1.0,3,3,1.0,2,2,1.0
5306002,test,a32_33,2.273779,0.919919,1.0,3,2,1.0,6,6,1.0
5350030,test,a32_33,2.6194592,2.5756848,1.0,3,3,1.0,4,6,1.0
5364006,test,a32_33,3.416763,0.0,0.0,3,-1,0.0,6,-1,0.0
5366033,test,a32_33,2.9871404,3.3051815,1.0,3,3,1.0,6,6,1.0
5406173,test,a32_33,2.8287034,3.5137413,1.0,3,3,1.0,2,3,1.0
5424030,test,a32_33,1.1794902,2.0490751,1.0,2,3,1.0,6,6,1.0
5425003,test,a32_33,1.19152,0.72459835,1.0,2,2,1.0,2,2,1.0
5430031,test,a32_33,1.2654752,0.0,1.0,2,2,1.0,6,6,1.0
5430171,test,a32_33,2.726076,2.512427,1.0,3,3,1.0,6,6,1.0
5443007,test,a32_33,1.3570993,2.1780865,1.0,2,3,1.0,2,2,1.0
5464032,test,a32_33,2.756784,2.7760577,1.0,3,3,1.0,4,2,1.0
5488007,test,a32_33,2.6091077,2.1782289,1.0,3,3,1.0,2,2,1.0
5494005,test,a32_33,2.6588995,0.63777095,1.0,3,3,1.0,6,6,1.0
5513030,test,a32_33,3.1432717,2.4798064,1.0,3,3,1.0,6,6,1.0
5549006,test,a32_33,2.647394,2.637893,1.0,3,3,1.0,2,3,1.0
5553173,test,a32_33,3.255402,3.935453,1.0,3,3,1.0,2,2,1.0
5560186,test,a32_33,3.4819446,3.2524583,1.0,3,3,1.0,2,2,1.0
5569009,test,a32_33,2.9037468,2.2377331,1.0,3,3,1.0,2,2,1.0
5570010,test,a32_33,3.2388983,3.5858245,1.0,3,3,1.0,4,4,1.0
5570012,test,a32_33,2.8873777,2.6474972,1.0,3,3,1.0,2,6,1.0
5570033,test,a32_33,3.4839232,3.3018157,1.0,3,3,1.0,2,2,1.0
5576031,test,a32_33,2.6945052,2.9333522,1.0,3,3,1.0,4,2,1.0
5614005,test,a32_33,2.8437643,2.8111508,1.0,3,3,1.0,4,3,1.0
5615010,test,a32_33,3.0090687,3.3717976,1.0,3,3,1.0,6,2,1.0
5615181,test,a32_33,3.464634,3.4054897,1.0,3,3,1.0,2,2,1.0
5621170,test,a32_33,3.2293277,3.0953097,1.0,3,3,1.0,2,2,1.0
5626010,test,a32_33,2.9645267,3.139954,1.0,3,3,1.0,2,2,1.0
5634188,test,a32_33,3.382426,3.7881985,1.0,3,3,1.0,2,5,1.0
5635031,test,a32_33,3.195888,2.7840075,1.0,3,3,1.0,2,2,1.0
5646006,test,a32_33,0.8385128,0.77602905,1.0,2,2,1.0,6,6,1.0
5660005,test,a32_33,3.0337923,3.4027286,1.0,3,3,1.0,4,2,1.0
5664003,test,a32_33,0.75267017,1.7976818,1.0,2,3,1.0,6,6,1.0
5676007,test,a32_33,3.0843425,3.7587788,1.0,3,3,1.0,2,4,1.0
5678030,test,a32_33,2.1806657,2.4192536,1.0,3,2,1.0,6,6,1.0
5684034,test,a32_33,3.5991611,1.4764752,1.0,3,3,1.0,2,2,1.0
5784005,test,a32_33,0.7094021,0.0,1.0,2,2,1.0,6,6,1.0
5819005,test,a32_33,0.85193384,1.068429,1.0,2,2,1.0,6,6,1.0
5821008,test,a32_33,2.787748,2.9484503,1.0,3,3,1.0,2,2,1.0
5863033,test,a32_33,0.70179725,2.2928271,1.0,2,3,1.0,6,6,1.0
5921003,test,a32_33,2.3496468,3.0847182,1.0,3,3,1.0,6,6,1.0
5922010,test,a32_33,3.2971442,2.9869597,1.0,3,3,1.0,6,6,1.0
5938031,test,a32_33,2.4035203,0.0,1.0,3,2,1.0,6,6,1.0
5960033,test,a32_33,2.736465,2.8474362,1.0,3,3,1.0,6,3,1.0
5995005,test,a32_33,0.8536576,0.21103315,1.0,2,2,1.0,6,6,1.0
6028032,test,a32_33,2.222996,2.8268414,1.0,3,3,1.0,6,6,1.0
6030005,test,a32_33,3.2980654,3.4111378,1.0,3,3,1.0,6,6,1.0
6030008,test,a32_33,3.162972,3.602513,1.0,3,3,1.0,6,6,1.0
6093006,test,a32_33,0.6005999,1.3977581,1.0,2,2,1.0,6,6,1.0
6093011,test,a32_33,2.162651,2.5990877,1.0,3,3,1.0,6,6,1.0
6114182,test,a32_33,2.724075,2.8005123,1.0,3,3,1.0,4,3,1.0
6120195,test,a32_33,1.2007459,0.0,1.0,2,2,1.0,2,2,1.0
6121030,test,a32_33,2.9703605,3.6708767,1.0,3,3,1.0,6,6,1.0
6179003,test,a32_33,3.4962788,3.426249,1.0,3,3,1.0,2,2,1.0
6179170,test,a32_33,1.2355912,0.2411282,1.0,2,2,1.0,2,2,1.0
6191006,test,a32_33,2.958213,3.4436505,1.0,3,3,1.0,6,2,1.0
6200175,test,a32_33,3.6232738,2.5210872,1.0,3,3,1.0,2,2,1.0
6210007,test,a32_33,3.304932,0.0,0.0,3,-1,0.0,6,-1,0.0
6210008,test,a32_33,2.3845341,1.382737,1.0,3,2,1.0,6,6,1.0
6350007,test,a32_33,2.436433,1.2189263,1.0,3,2,1.0,6,6,1.0
6365010,test,a32_33,0.72148,2.0176098,1.0,2,3,1.0,6,6,1.0
6365011,test,a32_33,2.1723566,2.6077433,1.0,3,3,1.0,2,2,1.0
6365177,test,a32_33,2.7212925,2.7674904,1.0,3,3,1.0,2,2,1.0
6381008,test,a32_33,2.978998,0.0,0.0,3,-1,0.0,2,-1,0.0
6444003,test,a32_33,2.6300719,3.1936855,1.0,3,3,1.0,2,2,1.0
6475006,test,a32_33,0.62382805,1.2301495,1.0,2,3,1.0,6,6,1.0
6475007,test,a32_33,0.60429764,1.8487327,1.0,2,2,1.0,6,6,1.0
6509004,test,a32_33,2.9709492,3.8708656,1.0,3,3,1.0,6,6,1.0
6545008,test,a32_33,3.561419,4.3289056,1.0,3,3,1.0,6,6,1.0
6571003,test,a32_33,2.9008274,3.5926886,1.0,3,3,1.0,6,6,1.0
6635009,test,a32_33,0.6831145,0.0,1.0,2,2,1.0,6,4,1.0
6663030,test,a32_33,3.612169,3.800088,1.0,3,3,1.0,6,6,1.0
6674003,test,a32_33,3.465649,3.4202895,1.0,3,3,1.0,2,2,1.0
6674005,test,a32_33,3.3039782,3.4833505,1.0,3,3,1.0,4,2,1.0
6736181,test,a32_33,2.7383146,0.0,0.0,3,-1,0.0,2,-1,0.0
6740003,test,a32_33,2.5940104,2.884239,1.0,3,3,1.0,2,2,1.0
6769008,test,a32_33,2.4815571,0.8178876,1.0,3,3,1.0,4,3,1.0
6779033,test,a32_33,0.6953088,1.8801916,1.0,2,2,1.0,6,6,1.0
6030,test,a34_35,3.5657694,3.5367897,1.0,3,3,1.0,2,2,1.0
10030,test,a34_35,3.7884898,4.673836,1.0,3,3,1.0,6,2,1.0
41008,test,a34_35,2.378431,0.0,1.0,3,2,1.0,2,2,1.0
68003,test,a34_35,3.656085,3.2616544,1.0,3,3,1.0,2,2,1.0
127030,test,a34_35,3.7449179,3.1696036,1.0,3,3,1.0,6,2,1.0
127031,test,a34_35,3.878091,4.0902915,1.0,3,3,1.0,6,2,1.0
129031,test,a34_35,0.7020924,1.0162153,1.0,2,3,1.0,6,2,1.0
129196,test,a34_35,2.883792,3.4254856,1.0,3,3,1.0,2,2,1.0
165030,test,a34_35,3.7192435,3.7463372,1.0,3,3,1.0,6,2,1.0
284004,test,a34_35,4.106939,4.32185,1.0,3,3,1.0,2,2,1.0
301032,test,a34_35,4.2252197,3.9348762,1.0,3,3,1.0,6,6,1.0
327003,test,a34_35,3.2496023,3.8840168,1.0,3,3,1.0,2,2,1.0
327171,test,a34_35,3.4129868,0.0,1.0,3,2,1.0,2,2,1.0
327172,test,a34_35,2.5996962,3.5017936,1.0,3,3,1.0,2,2,1.0
331005,test,a34_35,4.300808,4.082121,1.0,3,2,1.0,6,2,1.0
344178,test,a34_35,3.0065074,3.2559896,1.0,3,3,1.0,2,2,1.0
461030,test,a34_35,3.7774863,3.3020296,1.0,3,3,1.0,2,2,1.0
486004,test,a34_35,3.5653539,3.745459,1.0,3,3,1.0,2,2,1.0
563183,test,a34_35,0.8390852,3.2996137,1.0,2,3,1.0,2,2,1.0
577004,test,a34_35,2.6582801,2.9370773,1.0,3,3,1.0,2,2,1.0
607030,test,a34_35,3.9096408,3.7506254,1.0,3,3,1.0,2,2,1.0
613173,test,a34_35,3.2284245,4.4183064,1.0,3,3,1.0,2,2,1.0
634008,test,a34_35,3.3995037,3.5026178,1.0,3,3,1.0,4,6,1.0
652005,test,a34_35,3.239015,3.2600136,1.0,3,3,1.0,2,2,1.0
672003,test,a34_35,0.87477744,3.0886452,1.0,2,3,1.0,2,2,1.0
691175,test,a34_35,3.5397735,2.0974402,1.0,3,3,1.0,2,2,1.0
699031,test,a34_35,1.0600252,3.2485132,1.0,2,3,1.0,6,6,1.0
722178,test,a34_35,0.8716421,0.90117526,1.0,2,2,1.0,2,2,1.0
771003,test,a34_35,3.0166757,3.0115244,1.0,3,3,1.0,4,2,1.0
775005,test,a34_35,3.5033474,3.5560908,1.0,3,3,1.0,6,2,1.0
796006,test,a34_35,3.7766619,2.8919485,1.0,3,3,1.0,6,6,1.0
844003,test,a34_35,3.1836498,3.629688,1.0,3,3,1.0,2,2,1.0
863006,test,a34_35,3.4077878,3.2548606,1.0,3,2,1.0,2,2,1.0
863173,test,a34_35,3.7592206,3.5450659,1.0,3,3,1.0,2,2,1.0
866172,test,a34_35,3.1560462,2.3603847,1.0,3,3,1.0,6,6,1.0
868005,test,a34_35,3.5913677,3.578231,1.0,3,3,1.0,2,2,1.0
875030,test,a34_35,0.8623595,0.0,1.0,2,2,1.0,2,2,1.0
897006,test,a34_35,3.1965654,2.946233,1.0,3,3,1.0,2,4,1.0
922171,test,a34_35,3.4952002,3.7955704,1.0,3,3,1.0,2,2,1.0
934030,test,a34_35,3.5296025,4.2341943,1.0,3,3,1.0,2,2,1.0
935005,test,a34_35,2.714802,2.2448769,1.0,3,3,1.0,2,2,1.0
935176,test,a34_35,3.676043,3.2378259,1.0,3,3,1.0,2,2,1.0
939030,test,a34_35,4.112939,0.08555014,1.0,3,2,1.0,6,2,1.0
964003,test,a34_35,0.54781806,0.82413214,1.0,2,2,1.0,6,6,1.0
970004,test,a34_35,3.6991384,3.9748664,1.0,3,3,1.0,2,2,1.0
982004,test,a34_35,3.3022802,3.7351284,1.0,3,3,1.0,2,4,1.0
1033030,test,a34_35,3.5280871,3.3329153,1.0,3,3,1.0,2,2,1.0
1036003,test,a34_35,3.90488,3.2967014,1.0,3,3,1.0,2,2,1.0
1048006,test,a34_35,2.7335548,0.0,1.0,3,2,1.0,2,2,1.0
1055172,test,a34_35,2.2974076,3.521578,1.0,3,3,1.0,2,4,1.0
1060175,test,a34_35,3.2752867,3.1174548,1.0,3,3,1.0,2,2,1.0
1064171,test,a34_35,3.8626037,0.0,1.0,3,3,1.0,2,2,1.0
1072171,test,a34_35,3.656098,3.370511,1.0,3,3,1.0,2,2,1.0
1084175,test,a34_35,2.547505,0.0,1.0,3,2,1.0,2,2,1.0
1100172,test,a34_35,3.0860937,3.6426375,1.0,3,3,1.0,2,2,1.0
1141171,test,a34_35,2.2704668,1.1201222,1.0,3,2,1.0,2,4,1.0
1142030,test,a34_35,3.7849486,3.153995,1.0,3,2,1.0,2,2,1.0
1144032,test,a34_35,3.7325456,3.9447289,1.0,3,3,1.0,2,2,1.0
1149171,test,a34_35,3.1939585,3.6550784,1.0,3,3,1.0,6,2,1.0
1162030,test,a34_35,2.9787376,3.4707472,1.0,3,3,1.0,2,4,1.0
1167030,test,a34_35,0.7351552,1.1457466,1.0,2,2,1.0,6,6,1.0
1168008,test,a34_35,1.3782768,3.1447468,1.0,2,3,1.0,3,3,1.0
1222179,test,a34_35,2.496973,2.810277,1.0,3,3,1.0,2,2,1.0
1260008,test,a34_35,2.975933,2.9488564,1.0,3,3,1.0,2,2,1.0
1269030,test,a34_35,3.4185708,4.2420487,1.0,3,3,1.0,2,4,1.0
1292030,test,a34_35,3.0969317,3.1872697,1.0,3,3,1.0,4,3,1.0
1298005,test,a34_35,2.615843,3.1977408,1.0,3,3,1.0,2,2,1.0
1306030,test,a34_35,4.29892,4.8005466,1.0,3,3,1.0,2,2,1.0
1335179,test,a34_35,2.7318978,3.3347914,1.0,3,3,1.0,2,2,1.0
1353030,test,a34_35,1.4043201,0.0,1.0,2,2,1.0,2,2,1.0
1384030,test,a34_35,3.4811208,3.59953,1.0,3,3,1.0,2,2,1.0
1399008,test,a34_35,1.5346181,2.624538,1.0,2,3,1.0,2,4,1.0
1415004,test,a34_35,2.732405,2.663206,1.0,3,3,1.0,2,2,1.0
1430005,test,a34_35,2.2997806,2.0200462,1.0,3,3,1.0,6,6,1.0
1431003,test,a34_35,3.8427277,3.7301474,1.0,3,3,1.0,2,2,1.0
1431004,test,a34_35,2.9960012,0.0,1.0,3,2,1.0,2,2,1.0
1431172,test,a34_35,3.933248,4.886779,1.0,3,2,1.0,2,2,1.0
1462004,test,a34_35,2.0874977,3.378522,1.0,3,3,1.0,2,2,1.0
1520173,test,a34_35,3.6462789,3.9266827,1.0,3,3,1.0,2,2,1.0
1522175,test,a34_35,3.3642483,4.5377207,1.0,3,3,1.0,2,2,1.0
1542006,test,a34_35,3.2176309,3.5747643,1.0,3,3,1.0,4,2,1.0
1542177,test,a34_35,3.6331978,3.8778384,1.0,3,3,1.0,2,2,1.0
1567031,test,a34_35,3.7722893,3.6260033,1.0,3,3,1.0,6,6,1.0
1608031,test,a34_35,3.3210924,3.8359485,1.0,3,3,1.0,2,3,1.0
1612003,test,a34_35,3.823298,3.2975547,1.0,3,3,1.0,2,2,1.0
1621003,test,a34_35,1.2017568,3.2045677,1.0,2,3,1.0,2,2,1.0
1648003,test,a34_35,3.5496073,3.0027869,1.0,3,3,1.0,2,2,1.0
1648030,test,a34_35,3.3707879,2.0603547,1.0,3,3,1.0,6,6,1.0
1670172,test,a34_35,2.9893782,3.0779936,1.0,3,3,1.0,2,2,1.0
1684170,test,a34_35,1.0108799,0.0,1.0,2,3,1.0,2,2,1.0
1690030,test,a34_35,3.7048345,4.0259957,1.0,3,3,1.0,2,4,1.0
1692176,test,a34_35,3.4626634,0.0,0.0,3,-1,0.0,2,-1,0.0
1695030,test,a34_35,3.1324654,3.2234797,1.0,3,3,1.0,6,2,1.0
1697036,test,a34_35,3.371942,3.0575554,1.0,3,3,1.0,6,2,1.0
1698170,test,a34_35,2.7455447,2.4663796,1.0,3,3,1.0,2,2,1.0
1700031,test,a34_35,3.3356812,2.600042,1.0,3,2,1.0,2,4,1.0
1701003,test,a34_35,3.6300344,3.7449346,1.0,3,3,1.0,6,6,1.0
1711003,test,a34_35,2.552086,2.4021344,1.0,3,3,1.0,2,2,1.0
1711171,test,a34_35,3.505238,0.0,0.0,3,-1,0.0,2,-1,0.0
1732005,test,a34_35,2.6807463,2.4728203,1.0,3,2,1.0,6,4,1.0
1762187,test,a34_35,2.3329992,0.0,1.0,3,2,1.0,4,2,1.0
1786187,test,a34_35,3.3351457,3.3312128,1.0,3,3,1.0,2,2,1.0
1837006,test,a34_35,3.5383103,3.3800976,1.0,3,3,1.0,2,2,1.0
1850172,test,a34_35,2.2107692,3.1974778,1.0,3,3,1.0,2,2,1.0
1878030,test,a34_35,3.050243,3.8423843,1.0,3,3,1.0,2,4,1.0
1879030,test,a34_35,3.5689082,3.960946,1.0,3,3,1.0,2,4,1.0
1905004,test,a34_35,3.5119338,3.6536653,1.0,3,3,1.0,2,2,1.0
1919009,test,a34_35,3.387773,0.0,1.0,3,2,1.0,2,2,1.0
1935004,test,a34_35,2.6785836,2.810277,1.0,3,3,1.0,2,2,1.0
1936030,test,a34_35,2.4782655,0.0,1.0,3,2,1.0,2,2,1.0
1978171,test,a34_35,2.6180758,2.3303957,1.0,3,3,1.0,2,2,1.0
2030031,test,a34_35,3.139484,3.929022,1.0,3,3,1.0,6,2,1.0
2117003,test,a34_35,3.0058465,0.0,1.0,3,3,1.0,2,2,1.0
2150172,test,a34_35,2.1841736,1.9371668,1.0,3,3,1.0,2,2,1.0
2199182,test,a34_35,2.9066243,4.0530524,1.0,3,3,1.0,2,2,1.0
2206030,test,a34_35,3.708149,3.4664924,1.0,3,3,1.0,4,2,1.0
2212031,test,a34_35,4.299059,4.7276397,1.0,3,3,1.0,6,2,1.0
2238004,test,a34_35,3.4750922,3.4629118,1.0,3,3,1.0,2,2,1.0
2238172,test,a34_35,3.1937299,0.0,0.0,3,-1,0.0,2,-1,0.0
2252172,test,a34_35,3.128756,2.8005908,1.0,3,3,1.0,2,2,1.0
2255030,test,a34_35,4.196432,4.8156514,1.0,3,3,1.0,2,2,1.0
2277008,test,a34_35,2.8703387,2.5626314,1.0,3,3,1.0,2,2,1.0
2311172,test,a34_35,1.1434348,1.5610666,1.0,2,2,1.0,2,2,1.0
2330003,test,a34_35,3.975019,4.2113166,1.0,3,3,1.0,6,2,1.0
2338003,test,a34_35,3.6438127,4.046953,1.0,3,3,1.0,6,6,1.0
2341004,test,a34_35,3.147397,3.563381,1.0,3,2,1.0,2,4,1.0
2341005,test,a34_35,3.0141861,0.0,1.0,3,3,1.0,2,2,1.0
2354004,test,a34_35,2.1894119,2.3899386,1.0,3,3,1.0,2,2,1.0
2392004,test,a34_35,2.5175154,2.9586284,1.0,3,3,1.0,2,2,1.0
2393005,test,a34_35,4.1197157,3.8332024,1.0,3,3,1.0,2,2,1.0
2393171,test,a34_35,2.9797177,3.5780287,1.0,3,3,1.0,2,2,1.0
2409006,test,a34_35,2.7828622,2.7969706,1.0,3,3,1.0,2,2,1.0
2409171,test,a34_35,2.9260588,2.0512705,1.0,3,2,1.0,2,2,1.0
2422178,test,a34_35,3.656467,3.4795048,1.0,3,3,1.0,2,2,1.0
2459030,test,a34_35,3.101753,3.9479196,1.0,3,3,1.0,2,4,1.0
2474030,test,a34_35,3.5362897,3.3850226,1.0,3,3,1.0,2,2,1.0
2474171,test,a34_35,2.5460856,1.4149004,1.0,3,3,1.0,2,2,1.0
2485173,test,a34_35,2.9680583,2.4313986,1.0,3,3,1.0,4,6,1.0
2496172,test,a34_35,2.5684364,3.916388,1.0,3,3,1.0,2,4,1.0
2502005,test,a34_35,3.3240361,3.1504118,1.0,3,3,1.0,2,2,1.0
2510171,test,a34_35,3.2340627,3.625488,1.0,3,3,1.0,2,2,1.0
2525174,test,a34_35,3.1465712,1.6816704,1.0,3,2,1.0,2,2,1.0
2530184,test,a34_35,2.8747375,2.9591303,1.0,3,2,1.0,2,2,1.0
2547171,test,a34_35,3.7109535,4.05604,1.0,3,3,1.0,2,2,1.0
2580030,test,a34_35,4.231668,4.7499347,1.0,3,3,1.0,2,2,1.0
2593171,test,a34_35,3.356868,4.30575,1.0,3,3,1.0,2,2,1.0
2615031,test,a34_35,3.5520606,3.5979483,1.0,3,3,1.0,2,2,1.0
2642030,test,a34_35,2.694238,2.8383443,1.0,3,3,1.0,2,2,1.0
2655002,test,a34_35,1.1738892,0.0,1.0,2,2,1.0,2,2,1.0
2705031,test,a34_35,3.7689998,3.8038778,1.0,3,3,1.0,2,4,1.0
2707179,test,a34_35,3.21144,2.844158,1.0,3,3,1.0,2,2,1.0
2714031,test,a34_35,3.6337554,3.611134,1.0,3,3,1.0,2,2,1.0
2717004,test,a34_35,3.714065,3.3915641,1.0,3,3,1.0,2,2,1.0
2738171,test,a34_35,3.8417163,4.886779,1.0,3,3,1.0,2,2,1.0
2794003,test,a34_35,3.839746,3.7379057,1.0,3,3,1.0,6,2,1.0
2845030,test,a34_35,3.0047479,3.4714644,1.0,3,2,1.0,6,2,1.0
2847030,test,a34_35,2.9136353,3.611134,1.0,3,3,1.0,4,6,1.0
2848174,test,a34_35,1.0151023,0.0,1.0,2,2,1.0,6,6,1.0
2852006,test,a34_35,1.234973,2.784962,1.0,2,3,1.0,2,2,1.0
2852030,test,a34_35,3.5255415,2.1877906,1.0,3,3,1.0,2,2,1.0
2869170,test,a34_35,3.4941874,3.8547711,1.0,3,3,1.0,2,2,1.0
2897006,test,a34_35,3.1456432,3.2996137,1.0,3,3,1.0,6,6,1.0
2900171,test,a34_35,3.741931,3.6154544,1.0,3,3,1.0,2,2,1.0
2907006,test,a34_35,2.8770769,2.5451865,1.0,3,3,1.0,2,2,1.0
2920030,test,a34_35,3.3371851,3.68331,1.0,3,2,1.0,6,3,1.0
3107001,test,a34_35,3.4906268,3.5433505,1.0,3,3,1.0,2,2,1.0
3137007,test,a34_35,2.3897731,2.4969764,1.0,3,3,1.0,6,6,1.0
3283002,test,a34_35,3.4755025,4.138284,1.0,3,2,1.0,4,6,1.0
3492001,test,a34_35,3.4253602,3.8507123,1.0,3,3,1.0,6,2,1.0
5016170,test,a34_35,2.9320064,2.4672387,1.0,3,3,1.0,4,4,1.0
5082003,test,a34_35,3.4382386,3.6362765,1.0,3,3,1.0,6,2,1.0
5145032,test,a34_35,3.3401945,3.4762192,1.0,3,3,1.0,6,6,1.0
5163030,test,a34_35,3.2970357,2.9795868,1.0,3,3,1.0,2,3,1.0
5177171,test,a34_35,1.7646419,1.3270341,1.0,3,3,1.0,6,6,1.0
5199178,test,a34_35,2.8059192,2.888504,1.0,3,3,1.0,2,2,1.0
5241030,test,a34_35,2.767036,3.3329153,1.0,3,3,1.0,6,6,1.0
5264004,test,a34_35,3.2185533,3.36784,1.0,3,3,1.0,2,2,1.0
5294003,test,a34_35,3.506589,3.537279,1.0,3,3,1.0,2,2,1.0
5299172,test,a34_35,3.2390542,2.8502738,1.0,3,3,1.0,2,2,1.0
5306002,test,a34_35,2.2574759,0.45013475,1.0,3,2,1.0,6,6,1.0
5350030,test,a34_35,2.5866847,3.0497952,1.0,3,3,1.0,4,6,1.0
5364006,test,a34_35,3.3816159,3.475767,1.0,3,3,1.0,6,6,1.0
5366033,test,a34_35,2.947203,3.5589597,1.0,3,3,1.0,6,6,1.0
5406173,test,a34_35,2.813644,3.3717976,1.0,3,3,1.0,2,4,1.0
5424030,test,a34_35,0.963891,2.595237,1.0,2,3,1.0,6,6,1.0
5425003,test,a34_35,1.1930413,0.48401323,1.0,2,2,1.0,2,2,1.0
5430031,test,a34_35,1.1044757,0.0,1.0,2,3,1.0,6,6,1.0
5430171,test,a34_35,2.6884253,3.8255706,1.0,3,3,1.0,6,6,1.0
5443007,test,a34_35,1.3909427,2.4250603,1.0,2,3,1.0,2,2,1.0
5464032,test,a34_35,2.745897,2.8707297,1.0,3,3,1.0,4,2,1.0
5488007,test,a34_35,2.613638,2.7225564,1.0,3,3,1.0,2,2,1.0
5494005,test,a34_35,2.625617,3.9408863,1.0,3,3,1.0,6,6,1.0
5513030,test,a34_35,3.1117945,3.1696036,1.0,3,3,1.0,6,6,1.0
5549006,test,a34_35,2.6828947,2.8014016,1.0,3,2,1.0,2,3,1.0
5553173,test,a34_35,3.2233474,3.9032092,1.0,3,3,1.0,2,2,1.0
5560186,test,a34_35,3.5363135,3.8197687,1.0,3,3,1.0,2,2,1.0
5569009,test,a34_35,2.8827524,3.4386227,1.0,3,3,1.0,2,2,1.0
5570010,test,a34_35,3.2815776,3.9157524,1.0,3,3,1.0,4,4,1.0
5570012,test,a34_35,2.9398022,3.1862996,1.0,3,3,1.0,2,6,1.0
5570033,test,a34_35,3.5250833,3.249376,1.0,3,3,1.0,2,2,1.0
5576031,test,a34_35,2.666642,3.0570593,1.0,3,3,1.0,4,2,1.0
5614005,test,a34_35,2.8268178,2.9017913,1.0,3,3,1.0,4,3,1.0
5615010,test,a34_35,2.942875,3.4926202,1.0,3,3,1.0,6,2,1.0
5615181,test,a34_35,3.4645085,2.9341648,1.0,3,3,1.0,2,2,1.0
5621170,test,a34_35,3.2986813,3.1195464,1.0,3,3,1.0,2,2,1.0
5626010,test,a34_35,2.9171374,2.9627197,1.0,3,2,1.0,2,2,1.0
5634188,test,a34_35,3.3860419,3.9144979,1.0,3,3,1.0,2,5,1.0
5635031,test,a34_35,3.135473,2.974314,1.0,3,3,1.0,2,2,1.0
5646006,test,a34_35,0.85863185,0.3688904,1.0,2,3,1.0,6,6,1.0
5660005,test,a34_35,2.9979482,3.0857325,1.0,3,3,1.0,4,2,1.0
5664003,test,a34_35,0.76843727,1.1182684,1.0,2,3,1.0,6,6,1.0
5676007,test,a34_35,3.09834,3.820191,1.0,3,3,1.0,2,4,1.0
5678030,test,a34_35,2.253906,2.51976,1.0,3,2,1.0,6,6,1.0
5684034,test,a34_35,3.5717082,3.496005,1.0,3,3,1.0,2,3,1.0
5784005,test,a34_35,0.689646,0.0,1.0,2,2,1.0,6,6,1.0
5819005,test,a34_35,0.8352033,1.6023945,1.0,2,2,1.0,6,6,1.0
5821008,test,a34_35,2.8368642,2.913222,1.0,3,3,1.0,2,2,1.0
5863033,test,a34_35,0.69947577,1.6256766,1.0,2,2,1.0,6,6,1.0
5921003,test,a34_35,2.3694792,3.6592255,1.0,3,3,1.0,6,6,1.0
5922010,test,a34_35,3.3027918,2.873433,1.0,3,3,1.0,6,6,1.0
5938031,test,a34_35,2.5122495,0.0,1.0,3,2,1.0,6,6,1.0
5960033,test,a34_35,2.733627,2.8802483,1.0,3,3,1.0,6,3,1.0
5995005,test,a34_35,0.8526217,0.5575978,1.0,2,2,1.0,6,6,1.0
6028032,test,a34_35,2.2141817,2.7959223,1.0,3,3,1.0,6,6,1.0
6030005,test,a34_35,3.2920737,3.6211877,1.0,3,3,1.0,6,6,1.0
6030008,test,a34_35,3.1324291,3.714141,1.0,3,3,1.0,6,6,1.0
6093006,test,a34_35,0.6120784,2.4245872,1.0,2,3,1.0,6,6,1.0
6093011,test,a34_35,2.1279225,2.5032198,1.0,3,3,1.0,6,6,1.0
6114182,test,a34_35,2.735891,3.1132894,1.0,3,3,1.0,4,3,1.0
6120195,test,a34_35,1.2301469,0.83994776,1.0,2,2,1.0,2,2,1.0
6121030,test,a34_35,2.937294,3.7940028,1.0,3,3,1.0,6,6,1.0
6179003,test,a34_35,3.5461159,3.4774165,1.0,3,3,1.0,2,2,1.0
6179170,test,a34_35,1.3997566,0.3768285,1.0,2,2,1.0,2,2,1.0
6191006,test,a34_35,2.9467895,3.5682108,1.0,3,3,1.0,6,2,1.0
6200175,test,a34_35,3.6219501,3.159689,1.0,3,2,1.0,2,2,1.0
6210007,test,a34_35,3.3444362,3.315958,1.0,3,3,1.0,6,2,1.0
6210008,test,a34_35,2.468411,1.8576616,1.0,3,2,1.0,6,6,1.0
6350007,test,a34_35,2.4631104,2.6312733,1.0,3,3,1.0,6,6,1.0
6365010,test,a34_35,0.7338761,2.3485115,1.0,2,3,1.0,6,6,1.0
6365011,test,a34_35,2.3091507,1.4984527,1.0,3,2,1.0,2,2,1.0
6365177,test,a34_35,2.8807242,3.154596,1.0,3,3,1.0,2,2,1.0
6381008,test,a34_35,3.195039,4.0242934,1.0,3,3,1.0,2,4,1.0
6444003,test,a34_35,2.779778,3.0920978,1.0,3,3,1.0,2,2,1.0
6475006,test,a34_35,0.60234606,0.88690853,1.0,2,2,1.0,6,6,1.0
6475007,test,a34_35,0.60820174,0.0,1.0,2,2,1.0,6,6,1.0
6509004,test,a34_35,2.9251392,2.9017913,1.0,3,2,1.0,6,2,1.0
6545008,test,a34_35,3.5229645,3.81034,1.0,3,3,1.0,6,2,1.0
6571003,test,a34_35,2.8392184,3.97414,1.0,3,3,1.0,6,6,1.0
6635009,test,a34_35,0.7027745,0.0,1.0,2,2,1.0,6,4,1.0
6663030,test,a34_35,3.5873303,3.9220536,1.0,3,3,1.0,6,6,1.0
6674003,test,a34_35,3.492185,3.3930228,1.0,3,3,1.0,2,2,1.0
6674005,test,a34_35,3.3185623,3.3309689,1.0,3,3,1.0,4,2,1.0
6736181,test,a34_35,2.7773154,0.95784134,1.0,3,3,1.0,2,2,1.0
6740003,test,a34_35,2.6601684,2.6543815,1.0,3,3,1.0,2,2,1.0
6769008,test,a34_35,2.4884186,1.5597403,1.0,3,2,1.0,4,4,1.0
6779033,test,a34_35,0.5864912,0.0,1.0,2,2,1.0,6,6,1.0
6030,test,a36_37,3.604567,3.74332,1.0,3,3,1.0,2,2,1.0
10030,test,a36_37,3.8096783,4.447782,1.0,3,3,1.0,6,2,1.0
41008,test,a36_37,2.4009933,0.0,1.0,3,2,1.0,2,2,1.0
68003,test,a36_37,3.706805,4.3019257,1.0,3,3,1.0,2,2,1.0
127030,test,a36_37,3.7836003,1.1681,1.0,3,2,1.0,6,2,1.0
127031,test,a36_37,3.9061565,3.8766596,1.0,3,3,1.0,6,2,1.0
129031,test,a36_37,0.6443051,0.0,1.0,2,2,1.0,6,2,1.0
129196,test,a36_37,2.9775264,2.9811652,1.0,3,3,1.0,2,2,1.0
165030,test,a36_37,3.7622912,3.8713226,1.0,3,3,1.0,6,2,1.0
284004,test,a36_37,4.1587605,4.153324,1.0,3,3,1.0,2,2,1.0
301032,test,a36_37,4.2754946,4.375446,1.0,3,3,1.0,6,6,1.0
327003,test,a36_37,3.2925153,3.8161197,1.0,3,3,1.0,2,2,1.0
327171,test,a36_37,3.4493637,0.0,1.0,3,2,1.0,2,2,1.0
327172,test,a36_37,2.6343703,3.3073823,1.0,3,3,1.0,2,2,1.0
331005,test,a36_37,4.3728557,4.384486,1.0,3,3,1.0,6,2,1.0
344178,test,a36_37,3.0434246,3.283957,1.0,3,3,1.0,2,2,1.0
461030,test,a36_37,3.8308263,3.416885,1.0,3,3,1.0,2,2,1.0
486004,test,a36_37,3.6208515,3.7570312,1.0,3,3,1.0,2,2,1.0
563183,test,a36_37,0.83009315,3.9435904,1.0,2,3,1.0,2,2,1.0
577004,test,a36_37,2.7082014,3.4728677,1.0,3,3,1.0,2,2,1.0
607030,test,a36_37,3.9787376,3.736019,1.0,3,3,1.0,2,2,1.0
613173,test,a36_37,3.2253847,4.599529,1.0,3,3,1.0,2,2,1.0
634008,test,a36_37,3.428959,3.2418456,1.0,3,3,1.0,4,6,1.0
652005,test,a36_37,3.2883005,3.4032557,1.0,3,3,1.0,2,2,1.0
672003,test,a36_37,0.8639791,3.3391197,1.0,2,3,1.0,2,4,1.0
691175,test,a36_37,3.566204,2.3309872,1.0,3,3,1.0,2,2,1.0
699031,test,a36_37,0.9517219,3.3599384,1.0,2,3,1.0,6,6,1.0
722178,test,a36_37,0.8703741,0.0,1.0,2,2,1.0,2,2,1.0
771003,test,a36_37,3.0583272,2.9920292,1.0,3,3,1.0,4,2,1.0
775005,test,a36_37,3.5224311,3.612571,1.0,3,3,1.0,6,2,1.0
796006,test,a36_37,3.83966,3.5002303,1.0,3,3,1.0,6,6,1.0
844003,test,a36_37,3.3328617,3.4309494,1.0,3,3,1.0,2,2,1.0
863006,test,a36_37,3.4615223,3.216545,1.0,3,3,1.0,2,2,1.0
863173,test,a36_37,3.8192556,3.6074202,1.0,3,3,1.0,2,2,1.0
866172,test,a36_37,3.1936274,2.7199008,1.0,3,3,1.0,6,2,1.0
868005,test,a36_37,3.6412678,3.7930343,1.0,3,3,1.0,2,2,1.0
875030,test,a36_37,0.83770835,0.0,1.0,2,2,1.0,2,2,1.0
897006,test,a36_37,3.2920752,2.712402,1.0,3,2,1.0,2,4,1.0
922171,test,a36_37,3.5633144,4.013992,1.0,3,3,1.0,2,2,1.0
934030,test,a36_37,3.571618,4.2906785,1.0,3,3,1.0,2,2,1.0
935005,test,a36_37,2.9074616,1.9161729,1.0,3,3,1.0,2,2,1.0
935176,test,a36_37,3.7284918,3.945999,1.0,3,3,1.0,2,2,1.0
939030,test,a36_37,4.179894,0.0,1.0,3,2,1.0,6,2,1.0
964003,test,a36_37,0.51439095,3.0027869,1.0,2,3,1.0,6,6,1.0
970004,test,a36_37,3.750673,3.9361787,1.0,3,3,1.0,2,2,1.0
982004,test,a36_37,3.3673975,3.7953534,1.0,3,3,1.0,2,4,1.0
1033030,test,a36_37,3.5774207,4.0324144,1.0,3,3,1.0,2,4,1.0
1036003,test,a36_37,3.950588,2.5812607,1.0,3,3,1.0,2,2,1.0
1048006,test,a36_37,2.7749133,0.3958271,1.0,3,3,1.0,2,2,1.0
1055172,test,a36_37,2.4529994,3.6951494,1.0,3,3,1.0,2,2,1.0
1060175,test,a36_37,3.2984483,2.6840017,1.0,3,3,1.0,2,2,1.0
1064171,test,a36_37,3.9152462,4.499283,1.0,3,3,1.0,2,2,1.0
1072171,test,a36_37,3.7088006,3.753342,1.0,3,3,1.0,2,2,1.0
1084175,test,a36_37,2.6647341,1.176917,1.0,3,2,1.0,2,2,1.0
1100172,test,a36_37,3.1517882,3.616172,1.0,3,3,1.0,2,2,1.0
1141171,test,a36_37,2.3734388,0.0,0.0,3,-1,0.0,2,-1,0.0
1142030,test,a36_37,3.846836,2.9372149,1.0,3,3,1.0,2,2,1.0
1144032,test,a36_37,3.7907095,3.9697835,1.0,3,3,1.0,2,2,1.0
1149171,test,a36_37,3.1975985,3.6696174,1.0,3,3,1.0,6,2,1.0
1162030,test,a36_37,2.9836648,3.5584557,1.0,3,3,1.0,2,4,1.0
1167030,test,a36_37,0.7099743,0.0,1.0,2,2,1.0,6,6,1.0
1168008,test,a36_37,1.3911918,3.2307491,1.0,2,3,1.0,3,3,1.0
1222179,test,a36_37,2.5111885,2.6426997,1.0,3,3,1.0,2,2,1.0
1260008,test,a36_37,3.0084167,2.9115193,1.0,3,3,1.0,2,2,1.0
1269030,test,a36_37,3.4758897,4.35901,1.0,3,3,1.0,2,4,1.0
1292030,test,a36_37,3.1204016,3.3329153,1.0,3,2,1.0,4,4,1.0
1298005,test,a36_37,2.6795137,3.0895898,1.0,3,3,1.0,2,2,1.0
1306030,test,a36_37,4.3461995,4.886779,1.0,3,3,1.0,2,2,1.0
1335179,test,a36_37,2.7880037,3.2806733,1.0,3,3,1.0,2,2,1.0
1353030,test,a36_37,1.4542822,0.0,1.0,2,2,1.0,2,2,1.0
1384030,test,a36_37,3.5193064,3.7110548,1.0,3,3,1.0,2,2,1.0
1399008,test,a36_37,1.4953693,4.0375032,1.0,2,3,1.0,2,4,1.0
1415004,test,a36_37,2.8291273,2.5033958,1.0,3,3,1.0,2,2,1.0
1430005,test,a36_37,2.3382864,0.0,1.0,3,3,1.0,6,6,1.0
1431003,test,a36_37,3.9122272,3.7768457,1.0,3,3,1.0,2,2,1.0
1431004,test,a36_37,3.129691,0.0,1.0,3,2,1.0,2,2,1.0
1431172,test,a36_37,3.9755387,4.85698,1.0,3,3,1.0,2,2,1.0
1462004,test,a36_37,2.1054323,3.0797172,1.0,3,2,1.0,2,2,1.0
1520173,test,a36_37,3.7048783,3.835209,1.0,3,3,1.0,2,2,1.0
1522175,test,a36_37,3.3911572,4.5301976,1.0,3,3,1.0,2,2,1.0
1542006,test,a36_37,3.2576733,4.8355174,1.0,3,3,1.0,4,2,1.0
1542177,test,a36_37,3.6725025,4.1511307,1.0,3,3,1.0,2,2,1.0
1567031,test,a36_37,3.8047724,3.547917,1.0,3,3,1.0,6,6,1.0
1608031,test,a36_37,3.415793,3.8730197,1.0,3,3,1.0,2,4,1.0
1612003,test,a36_37,3.8800662,3.6263752,1.0,3,3,1.0,2,2,1.0
1621003,test,a36_37,1.1569636,3.2996137,1.0,2,3,1.0,2,2,1.0
1648003,test,a36_37,3.6034098,2.9653394,1.0,3,3,1.0,2,2,1.0
1648030,test,a36_37,3.3882565,0.0453653,1.0,3,2,1.0,6,6,1.0
1670172,test,a36_37,3.068029,2.8368268,1.0,3,3,1.0,2,2,1.0
1684170,test,a36_37,1.039488,0.0,0.0,2,-1,0.0,2,-1,0.0
1690030,test,a36_37,3.7450318,4.1288514,1.0,3,3,1.0,2,4,1.0
1692176,test,a36_37,3.5074458,0.0,0.0,3,-1,0.0,2,-1,0.0
1695030,test,a36_37,3.1368973,3.1334782,1.0,3,3,1.0,6,2,1.0
1697036,test,a36_37,3.3644123,3.9229333,1.0,3,3,1.0,6,2,1.0
1698170,test,a36_37,2.7954268,3.5876048,1.0,3,3,1.0,2,2,1.0
1700031,test,a36_37,3.3998632,3.2409673,1.0,3,3,1.0,2,4,1.0
1701003,test,a36_37,3.666646,3.916388,1.0,3,3,1.0,6,6,1.0
1711003,test,a36_37,2.678737,0.0,1.0,3,3,1.0,2,2,1.0
1711171,test,a36_37,3.5844107,3.416885,1.0,3,3,1.0,2,2,1.0
1732005,test,a36_37,2.7325459,3.1862996,1.0,3,3,1.0,6,4,1.0
1762187,test,a36_37,2.425221,0.0,1.0,3,2,1.0,4,2,1.0
1786187,test,a36_37,3.3946662,0.0,0.0,3,-1,0.0,2,-1,0.0
1837006,test,a36_37,3.5959544,2.8220248,1.0,3,3,1.0,2,2,1.0
1850172,test,a36_37,2.3412776,3.216545,1.0,3,3,1.0,2,2,1.0
1878030,test,a36_37,3.0843046,3.456708,1.0,3,3,1.0,2,4,1.0
1879030,test,a36_37,3.6226187,4.019886,1.0,3,3,1.0,2,3,1.0
1905004,test,a36_37,3.5379457,3.9048967,1.0,3,3,1.0,2,2,1.0
1919009,test,a36_37,3.4246397,0.0,1.0,3,3,1.0,2,2,1.0
1935004,test,a36_37,2.725683,2.7594547,1.0,3,2,1.0,2,2,1.0
1936030,test,a36_37,2.5858896,0.26956925,1.0,3,3,1.0,2,2,1.0
1978171,test,a36_37,2.643757,3.1327703,1.0,3,3,1.0,2,2,1.0
2030031,test,a36_37,3.214971,3.7052534,1.0,3,3,1.0,6,2,1.0
2117003,test,a36_37,3.0201125,2.7586699,1.0,3,3,1.0,2,2,1.0
2150172,test,a36_37,2.3250942,1.9554864,1.0,3,3,1.0,2,2,1.0
2199182,test,a36_37,3.0353472,3.717534,1.0,3,3,1.0,2,2,1.0
2206030,test,a36_37,3.7862723,3.1858559,1.0,3,3,1.0,4,2,1.0
2212031,test,a36_37,4.3632727,4.677089,1.0,3,3,1.0,6,2,1.0
2238004,test,a36_37,3.5274038,1.8278397,1.0,3,3,1.0,2,4,1.0
2238172,test,a36_37,3.2101195,3.489942,1.0,3,3,1.0,2,2,1.0
2252172,test,a36_37,3.1901178,3.048963,1.0,3,3,1.0,2,2,1.0
2255030,test,a36_37,4.228155,4.375135,1.0,3,3,1.0,2,2,1.0
2277008,test,a36_37,2.9326935,2.6412227,1.0,3,3,1.0,2,2,1.0
2311172,test,a36_37,1.0840175,1.7356842,1.0,2,3,1.0,2,2,1.0
2330003,test,a36_37,4.0111556,4.0433564,1.0,3,3,1.0,6,2,1.0
2338003,test,a36_37,3.680221,4.4704823,1.0,3,3,1.0,6,6,1.0
2341004,test,a36_37,3.2952995,3.4036195,1.0,3,2,1.0,2,4,1.0
2341005,test,a36_37,3.1409128,0.0,1.0,3,3,1.0,2,2,1.0
2354004,test,a36_37,2.304285,2.4975948,1.0,3,3,1.0,2,2,1.0
2392004,test,a36_37,2.6120322,2.7225564,1.0,3,3,1.0,2,2,1.0
2393005,test,a36_37,4.161496,3.951662,1.0,3,3,1.0,2,2,1.0
2393171,test,a36_37,3.1063526,4.04496,1.0,3,3,1.0,2,2,1.0
2409006,test,a36_37,2.8974807,2.6774976,1.0,3,3,1.0,2,2,1.0
2409171,test,a36_37,2.9376144,2.409316,1.0,3,3,1.0,2,2,1.0
2422178,test,a36_37,3.710634,3.249376,1.0,3,3,1.0,2,2,1.0
2459030,test,a36_37,3.1238117,3.8719819,1.0,3,3,1.0,2,4,1.0
2474030,test,a36_37,3.5911312,3.8730197,1.0,3,3,1.0,2,2,1.0
2474171,test,a36_37,2.6454642,1.1140053,1.0,3,2,1.0,2,2,1.0
2485173,test,a36_37,2.9956284,2.508309,1.0,3,3,1.0,4,4,1.0
2496172,test,a36_37,2.719321,4.096741,1.0,3,3,1.0,2,4,1.0
2502005,test,a36_37,3.3937302,3.166873,1.0,3,3,1.0,2,2,1.0
2510171,test,a36_37,3.254206,3.910636,1.0,3,3,1.0,2,2,1.0
2525174,test,a36_37,3.19077,2.2554643,1.0,3,3,1.0,2,2,1.0
2530184,test,a36_37,2.9080575,2.9075313,1.0,3,3,1.0,2,2,1.0
2547171,test,a36_37,3.7513146,4.1239767,1.0,3,3,1.0,2,2,1.0
2580030,test,a36_37,4.285352,4.800682,1.0,3,3,1.0,2,2,1.0
2593171,test,a36_37,3.379888,4.3840117,1.0,3,3,1.0,2,4,1.0
2615031,test,a36_37,3.6008663,3.145773,1.0,3,3,1.0,2,2,1.0
2642030,test,a36_37,2.726296,3.1858559,1.0,3,3,1.0,2,2,1.0
2655002,test,a36_37,1.201348,0.0,1.0,2,2,1.0,2,2,1.0
2705031,test,a36_37,3.8160007,3.901413,1.0,3,3,1.0,2,4,1.0
2707179,test,a36_37,3.2739065,2.9886043,1.0,3,3,1.0,2,2,1.0
2714031,test,a36_37,3.6911025,3.843872,1.0,3,3,1.0,2,2,1.0
2717004,test,a36_37,3.7591624,3.737305,1.0,3,3,1.0,2,2,1.0
2738171,test,a36_37,3.891294,4.886779,1.0,3,3,1.0,2,2,1.0
2794003,test,a36_37,3.8670564,3.5598774,1.0,3,3,1.0,6,2,1.0
2845030,test,a36_37,3.0561023,2.2176964,1.0,3,2,1.0,6,2,1.0
2847030,test,a36_37,2.9606872,3.5965803,1.0,3,2,1.0,4,6,1.0
2848174,test,a36_37,0.9498817,0.0,1.0,2,2,1.0,6,6,1.0
2852006,test,a36_37,1.2771589,2.711484,1.0,2,3,1.0,2,2,1.0
2852030,test,a36_37,3.580871,2.4002507,1.0,3,3,1.0,2,2,1.0
2869170,test,a36_37,3.5477824,3.9665751,1.0,3,3,1.0,2,2,1.0
2897006,test,a36_37,3.1423812,3.8678546,1.0,3,3,1.0,6,6,1.0
2900171,test,a36_37,3.7831216,0.0,1.0,3,3,1.0,2,2,1.0
2907006,test,a36_37,2.9279895,2.5724497,1.0,3,3,1.0,2,2,1.0
2920030,test,a36_37,3.4451666,3.8583722,1.0,3,3,1.0,6,4,1.0
3107001,test,a36_37,3.5278156,3.456255,1.0,3,3,1.0,2,2,1.0
3137007,test,a36_37,2.4069843,2.624188,1.0,3,3,1.0,6,6,1.0
3283002,test,a36_37,3.4927006,3.1844463,1.0,3,3,1.0,4,6,1.0
3492001,test,a36_37,3.4296348,3.896652,1.0,3,3,1.0,6,2,1.0
5016170,test,a36_37,2.9746625,2.5121129,1.0,3,3,1.0,4,4,1.0
5082003,test,a36_37,3.4783018,3.835146,1.0,3,3,1.0,6,3,1.0
5145032,test,a36_37,3.3579383,3.5205016,1.0,3,3,1.0,6,6,1.0
5163030,test,a36_37,3.3508363,3.3018157,1.0,3,3,1.0,2,3,1.0
5177171,test,a36_37,1.8187873,0.8605063,1.0,3,3,1.0,6,6,1.0
5199178,test,a36_37,2.823503,2.9653394,1.0,3,3,1.0,2,2,1.0
5241030,test,a36_37,2.8297071,3.3667955,1.0,3,3,1.0,6,6,1.0
5264004,test,a36_37,3.2593296,3.4554605,1.0,3,3,1.0,2,2,1.0
5294003,test,a36_37,3.5440784,3.5366516,1.0,3,3,1.0,2,2,1.0
5299172,test,a36_37,3.3237996,1.9603477,1.0,3,3,1.0,2,2,1.0
5306002,test,a36_37,2.2773755,0.4569097,1.0,3,2,1.0,6,6,1.0
5350030,test,a36_37,2.61686,2.4829748,1.0,3,3,1.0,4,6,1.0
5364006,test,a36_37,3.3998191,3.489942,1.0,3,3,1.0,6,6,1.0
5366033,test,a36_37,2.9630237,3.6431746,1.0,3,3,1.0,6,6,1.0
5406173,test,a36_37,2.8482754,3.549721,1.0,3,3,1.0,2,4,1.0
5424030,test,a36_37,0.8613516,3.3871381,1.0,2,3,1.0,6,6,1.0
5425003,test,a36_37,1.1747308,2.222384,1.0,2,3,1.0,2,2,1.0
5430031,test,a36_37,1.0112782,0.7351825,1.0,2,3,1.0,6,6,1.0
5430171,test,a36_37,2.6950145,3.9490166,1.0,3,3,1.0,6,6,1.0
5443007,test,a36_37,1.3936802,2.7594547,1.0,2,3,1.0,2,2,1.0
5464032,test,a36_37,2.777629,2.973692,1.0,3,3,1.0,4,2,1.0
5488007,test,a36_37,2.6503708,2.6645033,1.0,3,3,1.0,2,2,1.0
5494005,test,a36_37,2.6393702,4.218239,1.0,3,3,1.0,6,6,1.0
5513030,test,a36_37,3.1306324,3.4137402,1.0,3,2,1.0,6,6,1.0
5549006,test,a36_37,2.7418466,2.9669845,1.0,3,3,1.0,2,4,1.0
5553173,test,a36_37,3.249228,3.955009,1.0,3,3,1.0,2,2,1.0
5560186,test,a36_37,3.6027215,3.627258,1.0,3,3,1.0,2,2,1.0
5569009,test,a36_37,2.9148984,3.5573397,1.0,3,3,1.0,2,2,1.0
5570010,test,a36_37,3.3367777,3.6598773,1.0,3,3,1.0,4,4,1.0
5570012,test,a36_37,3.016862,2.9124293,1.0,3,3,1.0,2,6,1.0
5570033,test,a36_37,3.5880766,3.1070757,1.0,3,3,1.0,2,2,1.0
5576031,test,a36_37,2.692502,3.0814157,1.0,3,3,1.0,4,3,1.0
5614005,test,a36_37,2.8519928,2.844158,1.0,3,3,1.0,4,3,1.0
5615010,test,a36_37,2.938003,3.3217459,1.0,3,3,1.0,6,2,1.0
5615181,test,a36_37,3.5141702,3.5781584,1.0,3,3,1.0,2,2,1.0
5621170,test,a36_37,3.3769963,0.0,1.0,3,3,1.0,2,2,1.0
5626010,test,a36_37,2.9366508,0.0,0.0,3,-1,0.0,2,-1,0.0
5634188,test,a36_37,3.4328344,0.0,0.0,3,-1,0.0,2,-1,0.0
5635031,test,a36_37,3.1445956,2.9446492,1.0,3,3,1.0,2,2,1.0
5646006,test,a36_37,0.8362795,2.2722006,1.0,2,2,1.0,6,6,1.0
5660005,test,a36_37,3.0174382,2.2830377,1.0,3,3,1.0,4,2,1.0
5664003,test,a36_37,0.7441324,2.5692537,1.0,2,2,1.0,6,6,1.0
5676007,test,a36_37,3.1453009,3.3618436,1.0,3,3,1.0,2,2,1.0
5678030,test,a36_37,2.3082404,0.0,1.0,3,2,1.0,6,6,1.0
5684034,test,a36_37,3.6048002,4.2188535,1.0,3,3,1.0,2,4,1.0
5784005,test,a36_37,0.6625911,0.0,1.0,2,2,1.0,6,6,1.0
5819005,test,a36_37,0.7999257,0.0,1.0,2,2,1.0,6,6,1.0
5821008,test,a36_37,2.9095929,2.9754534,1.0,3,3,1.0,2,2,1.0
5863033,test,a36_37,0.67016447,1.6931183,1.0,2,3,1.0,6,6,1.0
5921003,test,a36_37,2.4075828,2.588116,1.0,3,3,1.0,6,6,1.0
5922010,test,a36_37,3.3426318,2.8533432,1.0,3,3,1.0,6,6,1.0
5938031,test,a36_37,2.5891328,0.0,1.0,3,2,1.0,6,6,1.0
5960033,test,a36_37,2.7576761,3.0051901,1.0,3,3,1.0,6,6,1.0
5995005,test,a36_37,0.82158446,2.366327,1.0,2,2,1.0,6,6,1.0
6028032,test,a36_37,2.232335,3.2584245,1.0,3,3,1.0,6,6,1.0
6030005,test,a36_37,3.3277144,3.3861604,1.0,3,3,1.0,6,6,1.0
6030008,test,a36_37,3.1539433,3.5397089,1.0,3,3,1.0,6,6,1.0
6093006,test,a36_37,0.5916221,2.0376515,1.0,2,3,1.0,6,6,1.0
6093011,test,a36_37,2.1287417,2.5042346,1.0,3,3,1.0,6,6,1.0
6114182,test,a36_37,2.7796605,0.0,0.0,3,-1,0.0,4,-1,0.0
6120195,test,a36_37,1.2239658,0.0,1.0,2,2,1.0,2,2,1.0
6121030,test,a36_37,2.9542081,3.6931586,1.0,3,3,1.0,6,6,1.0
6179003,test,a36_37,3.6106346,3.3203936,1.0,3,3,1.0,2,2,1.0
6179170,test,a36_37,1.4670974,0.0,1.0,2,2,1.0,2,2,1.0
6191006,test,a36_37,2.9712005,3.7471669,1.0,3,3,1.0,6,2,1.0
6200175,test,a36_37,3.667595,3.1231244,1.0,3,3,1.0,2,2,1.0
6210007,test,a36_37,3.4055562,3.5546792,1.0,3,3,1.0,6,2,1.0
6210008,test,a36_37,2.5338292,0.69897085,1.0,3,2,1.0,6,2,1.0
6350007,test,a36_37,2.5074542,1.7350653,1.0,3,3,1.0,6,2,1.0
6365010,test,a36_37,0.7124547,2.727774,1.0,2,3,1.0,6,6,1.0
6365011,test,a36_37,2.4077108,2.0153425,1.0,3,3,1.0,2,2,1.0
6365177,test,a36_37,2.9982634,0.0,0.0,3,3,1.0,2,2,1.0
6381008,test,a36_37,3.3348398,4.1826577,1.0,3,3,1.0,2,4,1.0
6444003,test,a36_37,2.8910832,2.9450343,1.0,3,3,1.0,2,2,1.0
6475006,test,a36_37,0.57238233,0.65802634,1.0,2,3,1.0,6,6,1.0
6475007,test,a36_37,0.5850525,1.4497495,1.0,2,3,1.0,6,6,1.0
6509004,test,a36_37,2.9351873,3.0907397,1.0,3,3,1.0,6,2,1.0
6545008,test,a36_37,3.5351982,3.8915806,1.0,3,3,1.0,6,2,1.0
6571003,test,a36_37,2.8376637,3.935453,1.0,3,3,1.0,6,6,1.0
6635009,test,a36_37,0.68245184,0.0,1.0,2,2,1.0,6,4,1.0
6663030,test,a36_37,3.614192,4.1571207,1.0,3,3,1.0,6,6,1.0
6674003,test,a36_37,3.5523643,4.7621493,1.0,3,3,1.0,2,3,1.0
6674005,test,a36_37,3.3655996,3.4580462,1.0,3,2,1.0,4,3,1.0
6736181,test,a36_37,2.8418858,2.5787773,1.0,3,3,1.0,2,2,1.0
6740003,test,a36_37,2.7277992,2.816746,1.0,3,3,1.0,2,2,1.0
6769008,test,a36_37,2.532395,2.4743154,1.0,3,3,1.0,4,2,1.0
6779033,test,a36_37,0.5256264,0.0,1.0,2,2,1.0,6,6,1.0
6030,test,a38_39,3.6611385,3.749288,1.0,3,3,1.0,2,2,1.0
10030,test,a38_39,3.8528233,4.5234475,1.0,3,3,1.0,6,2,1.0
41008,test,a38_39,2.4370651,0.0,1.0,3,2,1.0,2,3,1.0
68003,test,a38_39,3.7673721,4.141229,1.0,3,3,1.0,2,2,1.0
127030,test,a38_39,3.8395436,1.6800723,1.0,3,2,1.0,6,2,1.0
127031,test,a38_39,3.9589686,1.3273802,1.0,3,3,1.0,6,3,1.0
129031,test,a38_39,0.5822257,2.4149668,1.0,2,2,1.0,6,3,1.0
129196,test,a38_39,3.059252,0.6038552,1.0,3,2,1.0,2,2,1.0
165030,test,a38_39,3.821323,3.7935455,1.0,3,3,1.0,6,2,1.0
284004,test,a38_39,4.2148604,4.218239,1.0,3,3,1.0,2,2,1.0
301032,test,a38_39,4.340191,4.051456,1.0,3,3,1.0,6,6,1.0
327003,test,a38_39,3.3517213,3.8576567,1.0,3,3,1.0,2,2,1.0
327171,test,a38_39,3.5021482,1.2899189,1.0,3,3,1.0,2,2,1.0
327172,test,a38_39,2.679675,3.6687279,1.0,3,3,1.0,2,2,1.0
331005,test,a38_39,4.449868,4.2639766,1.0,3,3,1.0,6,2,1.0
344178,test,a38_39,3.0951233,3.3562138,1.0,3,3,1.0,2,2,1.0
461030,test,a38_39,3.888188,3.2707531,1.0,3,3,1.0,2,2,1.0
486004,test,a38_39,3.681287,4.1858344,1.0,3,3,1.0,2,2,1.0
563183,test,a38_39,0.81631064,4.886779,1.0,2,3,1.0,2,2,1.0
577004,test,a38_39,2.7600589,2.6426997,1.0,3,3,1.0,2,2,1.0
607030,test,a38_39,4.0458856,4.340779,1.0,3,3,1.0,2,4,1.0
613173,test,a38_39,3.2546568,4.6204996,1.0,3,3,1.0,2,2,1.0
634008,test,a38_39,3.4653502,3.0124674,1.0,3,3,1.0,4,6,1.0
652005,test,a38_39,3.346632,3.381554,1.0,3,3,1.0,2,2,1.0
672003,test,a38_39,0.8457924,3.7277038,1.0,2,3,1.0,2,4,1.0
691175,test,a38_39,3.6186378,3.1858559,1.0,3,3,1.0,2,2,1.0
699031,test,a38_39,0.8612093,3.5333405,1.0,2,3,1.0,6,6,1.0
722178,test,a38_39,0.8594458,0.0,1.0,2,2,1.0,2,2,1.0
771003,test,a38_39,3.1022618,3.4782934,1.0,3,3,1.0,4,2,1.0
775005,test,a38_39,3.56384,0.0,1.0,3,2,1.0,6,2,1.0
796006,test,a38_39,3.909388,2.893335,1.0,3,3,1.0,6,6,1.0
844003,test,a38_39,3.4415944,3.416885,1.0,3,3,1.0,2,2,1.0
863006,test,a38_39,3.5324025,0.0,1.0,3,2,1.0,2,2,1.0
863173,test,a38_39,3.8884058,3.672806,1.0,3,3,1.0,2,2,1.0
866172,test,a38_39,3.2419374,2.6793635,1.0,3,3,1.0,6,2,1.0
868005,test,a38_39,3.6964111,3.7266295,1.0,3,3,1.0,2,2,1.0
875030,test,a38_39,0.8137336,0.0,1.0,2,2,1.0,2,2,1.0
897006,test,a38_39,3.37367,2.9308307,1.0,3,3,1.0,2,4,1.0
922171,test,a38_39,3.6328974,4.109105,1.0,3,3,1.0,2,2,1.0
934030,test,a38_39,3.6269736,4.3578134,1.0,3,3,1.0,2,2,1.0
935005,test,a38_39,3.0414014,2.1372967,1.0,3,3,1.0,2,2,1.0
935176,test,a38_39,3.7860203,3.2996137,1.0,3,3,1.0,2,2,1.0
939030,test,a38_39,4.25355,0.0,1.0,3,2,1.0,6,2,1.0
964003,test,a38_39,0.46239495,3.2050848,1.0,2,3,1.0,6,6,1.0
970004,test,a38_39,3.8052566,2.0805924,1.0,3,3,1.0,2,2,1.0
982004,test,a38_39,3.4309216,3.4262018,1.0,3,3,1.0,2,2,1.0
1033030,test,a38_39,3.633356,3.8766596,1.0,3,3,1.0,2,2,1.0
1036003,test,a38_39,4.0026093,3.149699,1.0,3,3,1.0,2,2,1.0
1048006,test,a38_39,2.8200674,2.4126072,1.0,3,3,1.0,2,2,1.0
1055172,test,a38_39,2.5607786,3.7397017,1.0,3,3,1.0,2,2,1.0
1060175,test,a38_39,3.3448896,2.8523908,1.0,3,3,1.0,2,2,1.0
1064171,test,a38_39,3.9743905,4.4858203,1.0,3,3,1.0,2,2,1.0
1072171,test,a38_39,3.769424,2.8985991,1.0,3,3,1.0,2,2,1.0
1084175,test,a38_39,2.7669063,1.3963474,1.0,3,2,1.0,2,2,1.0
1100172,test,a38_39,3.2184067,3.8317928,1.0,3,3,1.0,2,2,1.0
1141171,test,a38_39,2.4556828,0.752443,1.0,3,3,1.0,2,2,1.0
1142030,test,a38_39,3.9098773,3.3023171,1.0,3,3,1.0,2,2,1.0
1144032,test,a38_39,3.8479245,3.9551072,1.0,3,3,1.0,2,2,1.0
1149171,test,a38_39,3.2259521,2.588116,1.0,3,2,1.0,6,2,1.0
1162030,test,a38_39,3.0113945,3.4081893,1.0,3,3,1.0,2,2,1.0
1167030,test,a38_39,0.6536286,0.0,1.0,2,2,1.0,6,6,1.0
1168008,test,a38_39,1.3837203,3.1106615,1.0,2,3,1.0,3,3,1.0
1222179,test,a38_39,2.5456002,2.342743,1.0,3,3,1.0,2,2,1.0
1260008,test,a38_39,3.0544066,2.241885,1.0,3,3,1.0,2,2,1.0
1269030,test,a38_39,3.5337868,3.9591064,1.0,3,3,1.0,2,4,1.0
1292030,test,a38_39,3.1509705,2.9246223,1.0,3,2,1.0,4,4,1.0
1298005,test,a38_39,2.7407043,3.2996137,1.0,3,3,1.0,2,2,1.0
1306030,test,a38_39,4.397264,4.886779,1.0,3,3,1.0,2,2,1.0
1335179,test,a38_39,2.845942,3.2282774,1.0,3,3,1.0,2,2,1.0
1353030,test,a38_39,1.470544,0.0,1.0,2,2,1.0,2,2,1.0
1384030,test,a38_39,3.5702224,3.8597128,1.0,3,3,1.0,2,2,1.0
1399008,test,a38_39,1.470196,3.9200065,1.0,2,3,1.0,2,4,1.0
1415004,test,a38_39,2.9104867,2.7496648,1.0,3,3,1.0,2,2,1.0
1430005,test,a38_39,2.3676012,0.0,1.0,3,3,1.0,6,6,1.0
1431003,test,a38_39,3.983953,3.8332024,1.0,3,3,1.0,2,2,1.0
1431004,test,a38_39,3.240094,1.9831173,1.0,3,3,1.0,2,2,1.0
1431172,test,a38_39,4.0227323,4.455336,1.0,3,3,1.0,2,2,1.0
1462004,test,a38_39,2.1320686,0.0,1.0,3,2,1.0,2,2,1.0
1520173,test,a38_39,3.769409,3.9155073,1.0,3,3,1.0,2,2,1.0
1522175,test,a38_39,3.4377136,4.768415,1.0,3,3,1.0,2,2,1.0
1542006,test,a38_39,3.2983773,4.418266,1.0,3,3,1.0,4,2,1.0
1542177,test,a38_39,3.7280264,4.1952477,1.0,3,3,1.0,2,2,1.0
1567031,test,a38_39,3.8559704,3.7168667,1.0,3,3,1.0,6,6,1.0
1608031,test,a38_39,3.4919488,0.0,0.0,3,-1,0.0,2,-1,0.0
1612003,test,a38_39,3.9403186,3.242958,1.0,3,3,1.0,2,4,1.0
1621003,test,a38_39,1.1219863,3.437568,1.0,2,3,1.0,2,2,1.0
1648003,test,a38_39,3.6654432,2.8707297,1.0,3,3,1.0,2,2,1.0
1648030,test,a38_39,3.4230309,3.2510931,1.0,3,3,1.0,6,6,1.0
1670172,test,a38_39,3.1444716,3.1246448,1.0,3,3,1.0,2,2,1.0
1684170,test,a38_39,1.0438223,2.5787773,1.0,2,3,1.0,2,2,1.0
1690030,test,a38_39,3.7967472,3.6570308,1.0,3,3,1.0,2,2,1.0
1692176,test,a38_39,3.5594728,3.5729935,1.0,3,3,1.0,2,2,1.0
1695030,test,a38_39,3.1615973,2.9226713,1.0,3,3,1.0,6,2,1.0
1697036,test,a38_39,3.384931,1.4840773,1.0,3,3,1.0,6,2,1.0
1698170,test,a38_39,2.8490975,0.00086969405,1.0,3,3,1.0,2,2,1.0
1700031,test,a38_39,3.465479,3.282534,1.0,3,3,1.0,2,4,1.0
1701003,test,a38_39,3.7201195,3.8529587,1.0,3,3,1.0,6,6,1.0
1711003,test,a38_39,2.7733457,0.0,0.0,3,-1,0.0,2,-1,0.0
1711171,test,a38_39,3.6595693,3.6634784,1.0,3,3,1.0,2,2,1.0
1732005,test,a38_39,2.7789726,3.150554,1.0,3,3,1.0,6,4,1.0
1762187,test,a38_39,2.4969661,0.0,1.0,3,2,1.0,4,3,1.0
1786187,test,a38_39,3.4567776,3.3020296,1.0,3,3,1.0,2,2,1.0
1837006,test,a38_39,3.6537278,2.8639922,1.0,3,3,1.0,2,2,1.0
1850172,test,a38_39,2.4421413,3.312707,1.0,3,3,1.0,2,2,1.0
1878030,test,a38_39,3.1339946,4.103497,1.0,3,2,1.0,2,4,1.0
1879030,test,a38_39,3.674725,4.0583324,1.0,3,3,1.0,2,2,1.0
1905004,test,a38_39,3.5807314,4.316903,1.0,3,3,1.0,2,2,1.0
1919009,test,a38_39,3.478162,1.6758715,1.0,3,3,1.0,2,2,1.0
1935004,test,a38_39,2.7804444,2.953849,1.0,3,3,1.0,2,2,1.0
1936030,test,a38_39,2.6751282,1.0134155,1.0,3,3,1.0,2,2,1.0
1978171,test,a38_39,2.6853175,2.7871172,1.0,3,3,1.0,2,2,1.0
2030031,test,a38_39,3.2875547,3.1751428,1.0,3,3,1.0,6,2,1.0
2117003,test,a38_39,3.0612278,2.6426997,1.0,3,3,1.0,2,2,1.0
2150172,test,a38_39,2.4289718,2.1172922,1.0,3,3,1.0,2,2,1.0
2199182,test,a38_39,3.1445975,3.7052534,1.0,3,2,1.0,2,2,1.0
2206030,test,a38_39,3.8529067,1.7450649,1.0,3,3,1.0,4,2,1.0
2212031,test,a38_39,4.4362946,4.496284,1.0,3,3,1.0,6,2,1.0
2238004,test,a38_39,3.592546,2.8751705,1.0,3,3,1.0,2,4,1.0
2238172,test,a38_39,3.2535074,3.9032092,1.0,3,3,1.0,2,2,1.0
2252172,test,a38_39,3.256182,2.8751705,1.0,3,3,1.0,2,2,1.0
2255030,test,a38_39,4.2669077,4.374246,1.0,3,3,1.0,2,2,1.0
2277008,test,a38_39,2.9930212,2.8474362,1.0,3,3,1.0,2,2,1.0
2311172,test,a38_39,1.0467217,2.7029045,1.0,2,3,1.0,2,2,1.0
2330003,test,a38_39,4.0674076,3.9039345,1.0,3,3,1.0,6,2,1.0
2338003,test,a38_39,3.7340646,4.347552,1.0,3,3,1.0,6,2,1.0
2341004,test,a38_39,3.4220357,3.5010288,1.0,3,3,1.0,2,4,1.0
2341005,test,a38_39,3.2423017,0.0,1.0,3,3,1.0,2,2,1.0
2354004,test,a38_39,2.3867223,2.3049343,1.0,3,3,1.0,2,2,1.0
2392004,test,a38_39,2.690403,2.9341648,1.0,3,3,1.0,2,2,1.0
2393005,test,a38_39,4.214382,3.507782,1.0,3,3,1.0,2,2,1.0
2393171,test,a38_39,3.2113068,4.208233,1.0,3,3,1.0,2,2,1.0
2409006,test,a38_39,2.9931815,0.0,0.0,3,-1,0.0,2,-1,0.0
2409171,test,a38_39,2.9750805,2.6426997,1.0,3,3,1.0,2,3,1.0
2422178,test,a38_39,3.7738008,3.3621042,1.0,3,3,1.0,2,2,1.0
2459030,test,a38_39,3.1650255,3.924717,1.0,3,3,1.0,2,2,1.0
2474030,test,a38_39,3.6454663,4.0688195,1.0,3,3,1.0,2,2,1.0
2474171,test,a38_39,2.7263114,0.0,1.0,3,2,1.0,2,2,1.0
2485173,test,a38_39,3.0323992,2.1378505,1.0,3,2,1.0,4,6,1.0
2496172,test,a38_39,2.837329,3.3488646,1.0,3,3,1.0,2,2,1.0
2502005,test,a38_39,3.4654403,3.390585,1.0,3,3,1.0,2,2,1.0
2510171,test,a38_39,3.299424,4.289796,1.0,3,3,1.0,2,2,1.0
2525174,test,a38_39,3.24754,1.9848303,1.0,3,2,1.0,2,2,1.0
2530184,test,a38_39,2.9592552,1.403595,1.0,3,2,1.0,2,2,1.0
2547171,test,a38_39,3.7998967,4.568962,1.0,3,3,1.0,2,2,1.0
2580030,test,a38_39,4.342132,4.819106,1.0,3,3,1.0,2,2,1.0
2593171,test,a38_39,3.4231863,4.559393,1.0,3,3,1.0,2,4,1.0
2615031,test,a38_39,3.6546042,3.192419,1.0,3,3,1.0,2,2,1.0
2642030,test,a38_39,2.7680547,3.8566759,1.0,3,3,1.0,2,4,1.0
2655002,test,a38_39,1.2073759,0.0,0.0,2,-1,0.0,2,-1,0.0
2705031,test,a38_39,3.8707128,4.0177207,1.0,3,3,1.0,2,4,1.0
2707179,test,a38_39,3.3374732,3.1407087,1.0,3,3,1.0,2,2,1.0
2714031,test,a38_39,3.7513385,3.5910182,1.0,3,3,1.0,2,2,1.0
2717004,test,a38_39,3.8194156,3.7156205,1.0,3,3,1.0,2,2,1.0
2738171,test,a38_39,3.9523296,4.1992106,1.0,3,3,1.0,2,2,1.0
2794003,test,a38_39,3.916516,3.6167965,1.0,3,3,1.0,6,2,1.0
2845030,test,a38_39,3.1134486,3.32431,1.0,3,3,1.0,6,2,1.0
2847030,test,a38_39,3.0016625,3.4514334,1.0,3,3,1.0,4,4,1.0
2848174,test,a38_39,0.88069963,0.0,1.0,2,2,1.0,6,2,1.0
2852006,test,a38_39,1.2903471,2.8745651,1.0,2,2,1.0,2,2,1.0
2852030,test,a38_39,3.6370256,1.7578189,1.0,3,3,1.0,2,2,1.0
2869170,test,a38_39,3.6037424,4.296681,1.0,3,3,1.0,2,2,1.0
2897006,test,a38_39,3.1645327,2.8997164,1.0,3,3,1.0,6,2,1.0
2900171,test,a38_39,3.840308,3.857261,1.0,3,3,1.0,2,2,1.0
2907006,test,a38_39,2.983861,2.8441474,1.0,3,3,1.0,2,2,1.0
2920030,test,a38_39,3.5419745,3.5910182,1.0,3,2,1.0,6,4,1.0
3107001,test,a38_39,3.5803568,3.660574,1.0,3,3,1.0,2,2,1.0
3137007,test,a38_39,2.429181,2.908521,1.0,3,3,1.0,6,6,1.0
3283002,test,a38_39,3.5220976,3.2907898,1.0,3,3,1.0,4,6,1.0
3492001,test,a38_39,3.4585676,0.3199841,1.0,3,2,1.0,6,2,1.0
5016170,test,a38_39,3.018239,1.8830991,1.0,3,3,1.0,4,4,1.0
5082003,test,a38_39,3.530521,3.916388,1.0,3,3,1.0,6,4,1.0
5145032,test,a38_39,3.3928075,0.0,1.0,3,2,1.0,6,6,1.0
5163030,test,a38_39,3.4054732,2.874842,1.0,3,3,1.0,2,4,1.0
5177171,test,a38_39,1.8455982,0.5026926,1.0,3,3,1.0,6,6,1.0
5199178,test,a38_39,2.8607602,3.016735,1.0,3,3,1.0,2,2,1.0
5241030,test,a38_39,2.8885076,3.3928792,1.0,3,3,1.0,6,6,1.0
5264004,test,a38_39,3.3111267,3.4920115,1.0,3,3,1.0,2,2,1.0
5294003,test,a38_39,3.5935535,3.5534267,1.0,3,3,1.0,2,2,1.0
5299172,test,a38_39,3.3938317,2.7591305,1.0,3,3,1.0,2,2,1.0
5306002,test,a38_39,2.2984023,0.5325506,1.0,3,2,1.0,6,6,1.0
5350030,test,a38_39,2.6495507,3.4463062,1.0,3,3,1.0,4,6,1.0
5364006,test,a38_39,3.4348123,3.6436281,1.0,3,2,1.0,6,6,1.0
5366033,test,a38_39,2.9908504,3.6539025,1.0,3,3,1.0,6,4,1.0
5406173,test,a38_39,2.8958926,3.4896688,1.0,3,3,1.0,2,4,1.0
5424030,test,a38_39,0.7793876,3.3914385,1.0,2,3,1.0,6,6,1.0
5425003,test,a38_39,1.1553324,2.986773,1.0,2,3,1.0,2,2,1.0
5430031,test,a38_39,0.9281769,0.0,1.0,2,2,1.0,6,6,1.0
5430171,test,a38_39,2.7176113,3.2527912,1.0,3,3,1.0,6,6,1.0
5443007,test,a38_39,1.3832309,0.0,1.0,2,2,1.0,2,2,1.0
5464032,test,a38_39,2.8090978,3.0959985,1.0,3,3,1.0,4,2,1.0
5488007,test,a38_39,2.6921053,2.388837,1.0,3,3,1.0,2,2,1.0
5494005,test,a38_39,2.661556,2.6712263,1.0,3,3,1.0,6,6,1.0
5513030,test,a38_39,3.1638901,1.8739514,1.0,3,3,1.0,6,6,1.0
5549006,test,a38_39,2.7989986,3.2625797,1.0,3,3,1.0,2,3,1.0
5553173,test,a38_39,3.2916148,4.113696,1.0,3,3,1.0,2,2,1.0
5560186,test,a38_39,3.6620307,3.4533525,1.0,3,3,1.0,2,2,1.0
5569009,test,a38_39,2.9586756,1.8774947,1.0,3,3,1.0,2,2,1.0
5570010,test,a38_39,3.381731,3.7856972,1.0,3,3,1.0,4,4,1.0
5570012,test,a38_39,3.0904975,3.5299022,1.0,3,3,1.0,2,2,1.0
5570033,test,a38_39,3.6483965,3.4081893,1.0,3,3,1.0,2,2,1.0
5576031,test,a38_39,2.7209027,2.8607311,1.0,3,3,1.0,4,2,1.0
5614005,test,a38_39,2.8774803,3.0700378,1.0,3,3,1.0,4,4,1.0
5615010,test,a38_39,2.9563425,3.3347914,1.0,3,3,1.0,6,2,1.0
5615181,test,a38_39,3.5716987,3.64069,1.0,3,3,1.0,2,2,1.0
5621170,test,a38_39,3.446674,2.8751972,1.0,3,3,1.0,2,2,1.0
5626010,test,a38_39,2.9760494,3.6983402,1.0,3,3,1.0,2,4,1.0
5634188,test,a38_39,3.4857059,3.7130666,1.0,3,3,1.0,2,5,1.0
5635031,test,a38_39,3.1723495,3.0341442,1.0,3,3,1.0,2,2,1.0
5646006,test,a38_39,0.7841338,1.4691843,1.0,2,2,1.0,6,6,1.0
5660005,test,a38_39,3.049478,3.3618436,1.0,3,3,1.0,4,2,1.0
5664003,test,a38_39,0.69094515,2.5328875,1.0,2,3,1.0,6,6,1.0
5676007,test,a38_39,3.1982331,3.2290735,1.0,3,3,1.0,2,2,1.0
5678030,test,a38_39,2.3474956,2.5460799,1.0,3,2,1.0,6,6,1.0
5684034,test,a38_39,3.6516147,4.285655,1.0,3,3,1.0,2,4,1.0
5784005,test,a38_39,0.6161102,0.98314327,1.0,2,2,1.0,6,6,1.0
5819005,test,a38_39,0.7392304,0.0,1.0,2,2,1.0,6,6,1.0
5821008,test,a38_39,2.9802125,2.9653394,1.0,3,3,1.0,2,2,1.0
5863033,test,a38_39,0.6134114,2.2691305,1.0,2,3,1.0,6,6,1.0
5921003,test,a38_39,2.4384618,2.8987672,1.0,3,3,1.0,6,6,1.0
5922010,test,a38_39,3.39251,3.0221944,1.0,3,3,1.0,6,6,1.0
5938031,test,a38_39,2.6464376,0.0,1.0,3,2,1.0,6,6,1.0
5960033,test,a38_39,2.7864661,2.9610908,1.0,3,3,1.0,6,6,1.0
5995005,test,a38_39,0.7650372,3.1931083,1.0,2,3,1.0,6,6,1.0
6028032,test,a38_39,2.248495,3.2903967,1.0,3,3,1.0,6,6,1.0
6030005,test,a38_39,3.3740494,3.3618436,1.0,3,3,1.0,6,6,1.0
6030008,test,a38_39,3.1868072,3.4057453,1.0,3,3,1.0,6,6,1.0
6093006,test,a38_39,0.5415962,2.8947754,1.0,2,3,1.0,6,6,1.0
6093011,test,a38_39,2.1338956,2.4029288,1.0,3,3,1.0,6,6,1.0
6114182,test,a38_39,2.824247,0.0,1.0,3,-1,0.0,4,4,1.0
6120195,test,a38_39,1.2078266,0.0,1.0,2,2,1.0,2,2,1.0
6121030,test,a38_39,2.9827921,3.990114,1.0,3,3,1.0,6,6,1.0
6179003,test,a38_39,3.6680293,3.4187503,1.0,3,3,1.0,2,2,1.0
6179170,test,a38_39,1.4952857,0.0,1.0,2,2,1.0,2,2,1.0
6191006,test,a38_39,3.005592,3.497985,1.0,3,3,1.0,6,2,1.0
6200175,test,a38_39,3.7196922,0.0,0.0,3,-1,0.0,2,-1,0.0
6210007,test,a38_39,3.472963,3.3717976,1.0,3,3,1.0,6,2,1.0
6210008,test,a38_39,2.5864959,2.1378505,1.0,3,2,1.0,6,2,1.0
6350007,test,a38_39,2.5458395,3.0180361,1.0,3,3,1.0,6,2,1.0
6365010,test,a38_39,0.65968335,2.5992112,1.0,2,3,1.0,6,6,1.0
6365011,test,a38_39,2.4825954,0.0,1.0,3,2,1.0,2,2,1.0
6365177,test,a38_39,3.0875275,3.1111588,1.0,3,3,1.0,2,2,1.0
6381008,test,a38_39,3.4353437,4.452307,1.0,3,2,1.0,2,4,1.0
6444003,test,a38_39,2.976347,3.2238517,1.0,3,3,1.0,2,2,1.0
6475006,test,a38_39,0.52214515,1.6452125,1.0,2,3,1.0,6,6,1.0
6475007,test,a38_39,0.5336076,2.188878,1.0,2,3,1.0,6,6,1.0
6509004,test,a38_39,2.9625745,3.403105,1.0,3,3,1.0,6,2,1.0
6545008,test,a38_39,3.5724492,3.8777459,1.0,3,3,1.0,6,2,1.0
6571003,test,a38_39,2.8541784,3.6925054,1.0,3,3,1.0,6,6,1.0
6635009,test,a38_39,0.6294893,0.0,1.0,2,2,1.0,6,6,1.0
6663030,test,a38_39,3.656384,3.9113111,1.0,3,3,1.0,6,6,1.0
6674003,test,a38_39,3.6126099,4.0220346,1.0,3,3,1.0,2,3,1.0
6674005,test,a38_39,3.4113965,0.0,1.0,3,2,1.0,4,4,1.0
6736181,test,a38_39,2.9051614,2.6061158,1.0,3,3,1.0,2,2,1.0
6740003,test,a38_39,2.787715,2.8639922,1.0,3,3,1.0,2,2,1.0
6769008,test,a38_39,2.5755963,0.0,0.0,3,-1,0.0,4,-1,0.0
6779033,test,a38_39,0.4627161,0.0,1.0,2,2,1.0,6,6,1.0
6030,test,a40_41,3.721933,3.7499423,1.0,3,3,1.0,2,2,1.0
10030,test,a40_41,3.899518,4.559393,1.0,3,3,1.0,6,2,1.0
41008,test,a40_41,2.4512963,0.0,1.0,3,2,1.0,2,3,1.0
68003,test,a40_41,3.8357637,4.0359044,1.0,3,3,1.0,2,2,1.0
127030,test,a40_41,3.892281,1.9284004,1.0,3,3,1.0,6,2,1.0
127031,test,a40_41,4.013432,2.6091545,1.0,3,3,1.0,6,4,1.0
129031,test,a40_41,0.49478006,2.0290809,1.0,2,3,1.0,6,6,1.0
129196,test,a40_41,3.1249926,0.0,1.0,3,2,1.0,2,2,1.0
165030,test,a40_41,3.876651,3.9474757,1.0,3,3,1.0,6,2,1.0
284004,test,a40_41,4.283047,4.279761,1.0,3,3,1.0,2,2,1.0
301032,test,a40_41,4.403466,4.00551,1.0,3,3,1.0,6,2,1.0
327003,test,a40_41,3.4110215,3.8113515,1.0,3,3,1.0,2,2,1.0
327171,test,a40_41,3.5535927,1.4956659,1.0,3,3,1.0,2,2,1.0
327172,test,a40_41,2.707437,2.1790605,1.0,3,3,1.0,2,2,1.0
331005,test,a40_41,4.5229373,4.282937,1.0,3,3,1.0,6,2,1.0
344178,test,a40_41,3.1346874,3.44694,1.0,3,3,1.0,2,2,1.0
461030,test,a40_41,3.9500537,2.8327258,1.0,3,3,1.0,2,2,1.0
486004,test,a40_41,3.7449884,3.858834,1.0,3,3,1.0,2,2,1.0
563183,test,a40_41,0.7687961,0.0,1.0,2,2,1.0,2,2,1.0
577004,test,a40_41,2.790054,3.18551,1.0,3,3,1.0,2,2,1.0
607030,test,a40_41,4.118496,4.129383,1.0,3,3,1.0,2,2,1.0
613173,test,a40_41,3.2898974,4.710525,1.0,3,3,1.0,2,2,1.0
634008,test,a40_41,3.505574,0.0,1.0,3,2,1.0,4,2,1.0
652005,test,a40_41,3.4032447,3.578778,1.0,3,3,1.0,2,2,1.0
672003,test,a40_41,0.7908976,3.6452837,1.0,2,3,1.0,2,4,1.0
691175,test,a40_41,3.679432,3.0671463,1.0,3,3,1.0,2,2,1.0
699031,test,a40_41,0.74368787,3.5188198,1.0,2,3,1.0,6,6,1.0
722178,test,a40_41,0.81275034,2.6435707,1.0,2,2,1.0,2,2,1.0
771003,test,a40_41,3.139613,3.6737127,1.0,3,3,1.0,4,2,1.0
775005,test,a40_41,3.6019444,0.7834087,1.0,3,2,1.0,6,2,1.0
796006,test,a40_41,3.96912,3.935453,1.0,3,3,1.0,6,6,1.0
844003,test,a40_41,3.5225525,3.3626049,1.0,3,3,1.0,2,2,1.0
863006,test,a40_41,3.6049156,1.3168756,1.0,3,2,1.0,2,2,1.0
863173,test,a40_41,3.9659064,3.9154449,1.0,3,3,1.0,2,2,1.0
866172,test,a40_41,3.2747307,2.6542404,1.0,3,3,1.0,6,2,1.0
868005,test,a40_41,3.7508867,0.0,0.0,3,-1,0.0,2,-1,0.0
875030,test,a40_41,0.7530955,0.0,1.0,2,2,1.0,2,2,1.0
897006,test,a40_41,3.43912,2.0627527,1.0,3,2,1.0,2,4,1.0
922171,test,a40_41,3.700039,4.4280105,1.0,3,3,1.0,2,2,1.0
934030,test,a40_41,3.6834395,4.2702847,1.0,3,3,1.0,2,2,1.0
935005,test,a40_41,3.1276248,2.9372149,1.0,3,3,1.0,2,2,1.0
935176,test,a40_41,3.846813,3.1244323,1.0,3,3,1.0,2,2,1.0
939030,test,a40_41,4.325451,1.1140053,1.0,3,3,1.0,6,2,1.0
964003,test,a40_41,0.37115693,2.2928271,1.0,2,3,1.0,6,6,1.0
970004,test,a40_41,3.8616376,1.595321,1.0,3,3,1.0,2,2,1.0
982004,test,a40_41,3.4898026,3.5209594,1.0,3,3,1.0,2,2,1.0
1033030,test,a40_41,3.6984966,4.8614855,1.0,3,3,1.0,2,2,1.0
1036003,test,a40_41,4.067072,2.884099,1.0,3,3,1.0,2,2,1.0
1048006,test,a40_41,2.8494918,2.782191,1.0,3,3,1.0,2,2,1.0
1055172,test,a40_41,2.6233292,3.6848996,1.0,3,3,1.0,2,2,1.0
1060175,test,a40_41,3.3925176,2.5155134,1.0,3,3,1.0,2,2,1.0
1064171,test,a40_41,4.040588,3.8597128,1.0,3,3,1.0,2,2,1.0
1072171,test,a40_41,3.8357804,3.5870097,1.0,3,3,1.0,2,2,1.0
1084175,test,a40_41,2.83461,0.12959567,1.0,3,2,1.0,2,2,1.0
1100172,test,a40_41,3.2670426,3.9865384,1.0,3,3,1.0,2,2,1.0
1141171,test,a40_41,2.5010273,2.8288498,1.0,3,3,1.0,2,2,1.0
1142030,test,a40_41,3.9736042,3.49205,1.0,3,3,1.0,2,3,1.0
1144032,test,a40_41,3.906298,4.25247,1.0,3,3,1.0,2,2,1.0
1149171,test,a40_41,3.247423,3.7665071,1.0,3,3,1.0,6,2,1.0
1162030,test,a40_41,3.0342011,3.5748012,1.0,3,3,1.0,2,2,1.0
1167030,test,a40_41,0.5571114,0.0,1.0,2,2,1.0,6,6,1.0
1168008,test,a40_41,1.320129,3.210248,1.0,2,3,1.0,3,3,1.0
1222179,test,a40_41,2.562946,2.767858,1.0,3,3,1.0,2,2,1.0
1260008,test,a40_41,3.0900228,2.63554,1.0,3,3,1.0,2,2,1.0
1269030,test,a40_41,3.584153,4.243668,1.0,3,3,1.0,2,2,1.0
1292030,test,a40_41,3.1786556,0.8605063,1.0,3,2,1.0,4,4,1.0
1298005,test,a40_41,2.779948,3.515135,1.0,3,3,1.0,2,2,1.0
1306030,test,a40_41,4.4613504,4.886779,1.0,3,3,1.0,2,2,1.0
1335179,test,a40_41,2.8814857,3.2139137,1.0,3,3,1.0,2,2,1.0
1353030,test,a40_41,1.4353576,0.0,1.0,2,2,1.0,2,2,1.0
1384030,test,a40_41,3.6287081,3.8051383,1.0,3,3,1.0,2,2,1.0
1399008,test,a40_41,1.4165075,4.0544734,1.0,2,2,1.0,2,4,1.0
1415004,test,a40_41,2.9689937,2.0535257,1.0,3,2,1.0,2,2,1.0
1430005,test,a40_41,2.36697,0.0,1.0,3,2,1.0,6,6,1.0
1431003,test,a40_41,4.062961,4.008891,1.0,3,3,1.0,2,2,1.0
1431004,test,a40_41,3.323471,0.0,1.0,3,2,1.0,2,2,1.0
1431172,test,a40_41,4.0731754,4.6023507,1.0,3,3,1.0,2,2,1.0
1462004,test,a40_41,2.131228,1.7540548,1.0,3,3,1.0,2,2,1.0
1520173,test,a40_41,3.8349698,3.8882296,1.0,3,3,1.0,2,2,1.0
1522175,test,a40_41,3.4806643,4.5083756,1.0,3,3,1.0,2,2,1.0
1542006,test,a40_41,3.3331022,4.433782,1.0,3,3,1.0,4,2,1.0
1542177,test,a40_41,3.7933426,4.2022185,1.0,3,3,1.0,2,2,1.0
1567031,test,a40_41,3.9056191,3.8071828,1.0,3,3,1.0,6,6,1.0
1608031,test,a40_41,3.5560513,3.1444824,1.0,3,3,1.0,2,4,1.0
1612003,test,a40_41,4.0057654,4.1677203,1.0,3,3,1.0,2,4,1.0
1621003,test,a40_41,1.0543143,3.2300382,1.0,2,3,1.0,2,2,1.0
1648003,test,a40_41,3.7327685,2.9066825,1.0,3,3,1.0,2,2,1.0
1648030,test,a40_41,3.4524071,3.3073823,1.0,3,2,1.0,6,6,1.0
1670172,test,a40_41,3.2154393,2.9212708,1.0,3,3,1.0,2,2,1.0
1684170,test,a40_41,1.0097386,0.0,0.0,2,-1,0.0,2,-1,0.0
1690030,test,a40_41,3.8546069,3.6953304,1.0,3,3,1.0,2,2,1.0
1692176,test,a40_41,3.6096454,3.8142254,1.0,3,3,1.0,2,2,1.0
1695030,test,a40_41,3.1774359,2.9304814,1.0,3,3,1.0,6,2,1.0
1697036,test,a40_41,3.4056337,0.0,1.0,3,3,1.0,6,2,1.0
1698170,test,a40_41,2.8846586,2.7524128,1.0,3,3,1.0,2,2,1.0
1700031,test,a40_41,3.5276108,3.4132857,1.0,3,3,1.0,2,4,1.0
1701003,test,a40_41,3.767731,4.083866,1.0,3,3,1.0,6,6,1.0
1711003,test,a40_41,2.8325093,2.6030054,1.0,3,3,1.0,2,2,1.0
1711171,test,a40_41,3.730013,1.7564632,1.0,3,3,1.0,2,2,1.0
1732005,test,a40_41,2.7989924,3.6597633,1.0,3,3,1.0,6,4,1.0
1762187,test,a40_41,2.533751,2.3030276,1.0,3,3,1.0,4,3,1.0
1786187,test,a40_41,3.5126133,3.3871381,1.0,3,3,1.0,2,2,1.0
1837006,test,a40_41,3.7115393,2.9212708,1.0,3,3,1.0,2,2,1.0
1850172,test,a40_41,2.5018358,3.478806,1.0,3,3,1.0,2,2,1.0
1878030,test,a40_41,3.1779475,0.0,1.0,3,2,1.0,2,4,1.0
1879030,test,a40_41,3.7233179,4.0048003,1.0,3,3,1.0,2,2,1.0
1905004,test,a40_41,3.6320243,3.8047087,1.0,3,3,1.0,2,2,1.0
1919009,test,a40_41,3.5301914,2.2302382,1.0,3,3,1.0,2,2,1.0
1935004,test,a40_41,2.8150089,3.016735,1.0,3,3,1.0,2,2,1.0
1936030,test,a40_41,2.7300222,1.4956659,1.0,3,3,1.0,2,2,1.0
1978171,test,a40_41,2.7092981,2.6840017,1.0,3,3,1.0,2,2,1.0
2030031,test,a40_41,3.3404016,3.3526871,1.0,3,3,1.0,6,2,1.0
2117003,test,a40_41,3.1007857,2.4012594,1.0,3,3,1.0,2,2,1.0
2150172,test,a40_41,2.4880178,2.8005123,1.0,3,2,1.0,2,2,1.0
2199182,test,a40_41,3.2311103,4.0846477,1.0,3,3,1.0,2,2,1.0
2206030,test,a40_41,3.9240994,2.9928195,1.0,3,3,1.0,4,2,1.0
2212031,test,a40_41,4.5076437,4.4331484,1.0,3,3,1.0,6,2,1.0
2238004,test,a40_41,3.6654756,3.9032092,1.0,3,3,1.0,2,4,1.0
2238172,test,a40_41,3.2973182,4.278098,1.0,3,3,1.0,2,3,1.0
2252172,test,a40_41,3.3192494,3.153995,1.0,3,3,1.0,2,2,1.0
2255030,test,a40_41,4.3132114,4.886779,1.0,3,3,1.0,2,2,1.0
2277008,test,a40_41,3.0361307,2.7901263,1.0,3,3,1.0,2,2,1.0
2311172,test,a40_41,0.9809276,0.74044657,1.0,2,3,1.0,2,2,1.0
2330003,test,a40_41,4.124266,3.858834,1.0,3,3,1.0,6,2,1.0
2338003,test,a40_41,3.78421,4.6548495,1.0,3,3,1.0,6,2,1.0
2341004,test,a40_41,3.531917,3.0886452,1.0,3,3,1.0,2,4,1.0
2341005,test,a40_41,3.32061,2.4084687,1.0,3,3,1.0,2,2,1.0
2354004,test,a40_41,2.431004,2.5044913,1.0,3,3,1.0,2,2,1.0
2392004,test,a40_41,2.7412763,0.0,0.0,3,-1,0.0,2,-1,0.0
2393005,test,a40_41,4.285708,3.6807222,1.0,3,3,1.0,2,2,1.0
2393171,test,a40_41,3.2960625,3.9681766,1.0,3,3,1.0,2,2,1.0
2409006,test,a40_41,3.066251,0.0,0.0,3,-1,0.0,2,-1,0.0
2409171,test,a40_41,3.005143,3.0480464,1.0,3,3,1.0,2,4,1.0
2422178,test,a40_41,3.8416524,3.4296312,1.0,3,3,1.0,2,2,1.0
2459030,test,a40_41,3.2051868,3.9497616,1.0,3,3,1.0,2,2,1.0
2474030,test,a40_41,3.7020822,4.079769,1.0,3,3,1.0,2,2,1.0
2474171,test,a40_41,2.780664,0.0,1.0,3,2,1.0,2,2,1.0
2485173,test,a40_41,3.0639863,2.5871267,1.0,3,3,1.0,4,4,1.0
2496172,test,a40_41,2.9226937,3.3445346,1.0,3,3,1.0,2,2,1.0
2502005,test,a40_41,3.533794,3.3588138,1.0,3,3,1.0,2,2,1.0
2510171,test,a40_41,3.3448658,4.455336,1.0,3,3,1.0,2,2,1.0
2525174,test,a40_41,3.2954884,0.0,1.0,3,2,1.0,2,2,1.0
2530184,test,a40_41,3.000278,0.0,1.0,3,2,1.0,2,2,1.0
2547171,test,a40_41,3.8500993,4.540295,1.0,3,3,1.0,2,2,1.0
2580030,test,a40_41,4.409231,4.8289323,1.0,3,3,1.0,2,2,1.0
2593171,test,a40_41,3.4711409,4.5567827,1.0,3,3,1.0,2,4,1.0
2615031,test,a40_41,3.707827,3.1635318,1.0,3,3,1.0,2,2,1.0
2642030,test,a40_41,2.794114,3.5686162,1.0,3,3,1.0,2,2,1.0
2655002,test,a40_41,1.1714936,0.0,1.0,2,2,1.0,2,2,1.0
2705031,test,a40_41,3.9290388,3.5910182,1.0,3,3,1.0,2,4,1.0
2707179,test,a40_41,3.3922431,3.1097243,1.0,3,3,1.0,2,2,1.0
2714031,test,a40_41,3.814197,4.4998927,1.0,3,3,1.0,2,3,1.0
2717004,test,a40_41,3.8921914,3.5781584,1.0,3,3,1.0,2,2,1.0
2738171,test,a40_41,4.023534,4.0232816,1.0,3,3,1.0,2,2,1.0
2794003,test,a40_41,3.9649167,3.718102,1.0,3,3,1.0,6,2,1.0
2845030,test,a40_41,3.1522484,3.4900744,1.0,3,3,1.0,6,2,1.0
2847030,test,a40_41,3.0266185,3.4371748,1.0,3,3,1.0,4,4,1.0
2848174,test,a40_41,0.78072715,0.0,1.0,2,3,1.0,6,2,1.0
2852006,test,a40_41,1.256391,1.7842062,1.0,2,3,1.0,2,2,1.0
2852030,test,a40_41,3.6890612,3.4605064,1.0,3,3,1.0,2,4,1.0
2869170,test,a40_41,3.6581178,4.2101345,1.0,3,3,1.0,2,2,1.0
2897006,test,a40_41,3.1801448,0.0,1.0,3,3,1.0,6,2,1.0
2900171,test,a40_41,3.9082174,3.6409497,1.0,3,3,1.0,2,2,1.0
2907006,test,a40_41,3.0350664,2.6187103,1.0,3,3,1.0,2,2,1.0
2920030,test,a40_41,3.613895,0.0,0.0,3,-1,0.0,6,-1,0.0
3107001,test,a40_41,3.6408203,3.2733867,1.0,3,3,1.0,2,2,1.0
3137007,test,a40_41,2.4255288,2.5467622,1.0,3,3,1.0,6,6,1.0
3283002,test,a40_41,3.556963,3.921005,1.0,3,3,1.0,4,6,1.0
3492001,test,a40_41,3.4832551,0.0,1.0,3,2,1.0,6,2,1.0
5016170,test,a40_41,3.0502944,2.2421632,1.0,3,3,1.0,4,4,1.0
5082003,test,a40_41,3.5738301,3.9932265,1.0,3,3,1.0,6,4,1.0
5145032,test,a40_41,3.4220989,3.1170058,1.0,3,3,1.0,6,6,1.0
5163030,test,a40_41,3.4584107,2.9642875,1.0,3,3,1.0,2,4,1.0
5177171,test,a40_41,1.8320832,0.49211225,1.0,3,2,1.0,6,6,1.0
5199178,test,a40_41,2.8919244,3.59953,1.0,3,3,1.0,2,2,1.0
5241030,test,a40_41,2.920343,3.5749753,1.0,3,3,1.0,6,6,1.0
5264004,test,a40_41,3.3601284,3.5120373,1.0,3,3,1.0,2,2,1.0
5294003,test,a40_41,3.6540775,3.654262,1.0,3,3,1.0,2,2,1.0
5299172,test,a40_41,3.4524496,3.1953952,1.0,3,3,1.0,2,2,1.0
5306002,test,a40_41,2.292531,0.3266577,1.0,3,2,1.0,6,6,1.0
5350030,test,a40_41,2.6676476,3.3050623,1.0,3,3,1.0,4,6,1.0
5364006,test,a40_41,3.4651427,4.7806487,1.0,3,3,1.0,6,6,1.0
5366033,test,a40_41,3.003904,3.8141546,1.0,3,3,1.0,6,4,1.0
5406173,test,a40_41,2.9339926,3.6509905,1.0,3,3,1.0,2,4,1.0
5424030,test,a40_41,0.6757052,1.3657057,1.0,2,3,1.0,6,6,1.0
5425003,test,a40_41,1.1020406,2.8280425,1.0,2,3,1.0,2,2,1.0
5430031,test,a40_41,0.8186437,0.6298249,1.0,2,2,1.0,6,6,1.0
5430171,test,a40_41,2.7249503,2.7871172,1.0,3,3,1.0,6,6,1.0
5443007,test,a40_41,1.33116,3.016735,1.0,2,3,1.0,2,2,1.0
5464032,test,a40_41,2.8252616,1.6090235,1.0,3,2,1.0,4,2,1.0
5488007,test,a40_41,2.7189429,2.6505947,1.0,3,3,1.0,2,2,1.0
5494005,test,a40_41,2.6632905,3.4877887,1.0,3,3,1.0,6,2,1.0
5513030,test,a40_41,3.1854079,0.0,1.0,3,3,1.0,6,6,1.0
5549006,test,a40_41,2.8392918,3.1447468,1.0,3,2,1.0,2,3,1.0
5553173,test,a40_41,3.3333237,4.0601115,1.0,3,3,1.0,2,2,1.0
5560186,test,a40_41,3.7159142,3.5258186,1.0,3,3,1.0,2,2,1.0
5569009,test,a40_41,3.0009747,3.5397089,1.0,3,3,1.0,2,3,1.0
5570010,test,a40_41,3.4218554,3.7746825,1.0,3,3,1.0,4,4,1.0
5570012,test,a40_41,3.1580515,3.5320323,1.0,3,3,1.0,2,2,1.0
5570033,test,a40_41,3.7078142,3.0667183,1.0,3,3,1.0,2,2,1.0
5576031,test,a40_41,2.7363553,2.7843602,1.0,3,3,1.0,4,2,1.0
5614005,test,a40_41,2.891834,1.4687297,1.0,3,2,1.0,4,4,1.0
5615010,test,a40_41,2.9654536,3.456708,1.0,3,3,1.0,6,2,1.0
5615181,test,a40_41,3.6360583,3.760343,1.0,3,3,1.0,2,2,1.0
5621170,test,a40_41,3.5102644,2.9801733,1.0,3,3,1.0,2,2,1.0
5626010,test,a40_41,3.0111012,3.3771255,1.0,3,3,1.0,2,4,1.0
5634188,test,a40_41,3.5433621,4.2273045,1.0,3,3,1.0,2,5,1.0
5635031,test,a40_41,3.2089996,2.0191162,1.0,3,2,1.0,2,2,1.0
5646006,test,a40_41,0.69270813,0.6864259,1.0,2,2,1.0,6,6,1.0
5660005,test,a40_41,3.0758798,1.360323,1.0,3,3,1.0,4,3,1.0
5664003,test,a40_41,0.6011541,2.423047,1.0,2,2,1.0,6,6,1.0
5676007,test,a40_41,3.2460582,3.4555361,1.0,3,3,1.0,2,2,1.0
5678030,test,a40_41,2.3523345,0.0,1.0,3,2,1.0,6,6,1.0
5684034,test,a40_41,3.7064924,3.965506,1.0,3,3,1.0,2,2,1.0
5784005,test,a40_41,0.5418668,0.544594,1.0,2,3,1.0,6,6,1.0
5819005,test,a40_41,0.6416459,0.0,1.0,2,3,1.0,6,6,1.0
5821008,test,a40_41,3.0423954,3.1290631,1.0,3,3,1.0,2,2,1.0
5863033,test,a40_41,0.5154214,2.174519,1.0,2,3,1.0,6,6,1.0
5921003,test,a40_41,2.4408307,3.4085956,1.0,3,3,1.0,6,6,1.0
5922010,test,a40_41,3.4312801,4.886779,1.0,3,3,1.0,6,6,1.0
5938031,test,a40_41,2.6688185,0.0,1.0,3,2,1.0,6,6,1.0
5960033,test,a40_41,2.794896,3.553619,1.0,3,3,1.0,6,6,1.0
5995005,test,a40_41,0.6716081,0.0,1.0,2,2,1.0,6,6,1.0
6028032,test,a40_41,2.2375767,3.255347,1.0,3,3,1.0,6,6,1.0
6030005,test,a40_41,3.4088974,3.3395429,1.0,3,3,1.0,6,2,1.0
6030008,test,a40_41,3.2089765,3.1301715,1.0,3,3,1.0,6,2,1.0
6093006,test,a40_41,0.45714164,3.1447468,1.0,2,3,1.0,6,6,1.0
6093011,test,a40_41,2.1165833,3.3018157,1.0,3,3,1.0,6,6,1.0
6114182,test,a40_41,2.8518944,0.0,1.0,3,2,1.0,4,4,1.0
6120195,test,a40_41,1.1522257,0.0,1.0,2,3,1.0,2,3,1.0
6121030,test,a40_41,2.996951,3.929484,1.0,3,3,1.0,6,6,1.0
6179003,test,a40_41,3.7227921,3.4392455,1.0,3,3,1.0,2,2,1.0
6179170,test,a40_41,1.4797953,0.0,1.0,2,2,1.0,2,2,1.0
6191006,test,a40_41,3.0240955,3.8172607,1.0,3,3,1.0,6,2,1.0
6200175,test,a40_41,3.778623,3.2527912,1.0,3,3,1.0,2,2,1.0
6210007,test,a40_41,3.5245252,3.212376,1.0,3,3,1.0,6,2,1.0
6210008,test,a40_41,2.6060784,0.0,1.0,3,2,1.0,6,4,1.0
6350007,test,a40_41,2.5543215,3.1544933,1.0,3,3,1.0,6,2,1.0
6365010,test,a40_41,0.56736755,3.0165422,1.0,2,3,1.0,6,6,1.0
6365011,test,a40_41,2.5292544,0.0,1.0,3,2,1.0,2,2,1.0
6365177,test,a40_41,3.1562872,3.6634784,1.0,3,3,1.0,2,2,1.0
6381008,test,a40_41,3.5128903,0.0,1.0,3,2,1.0,2,4,1.0
6444003,test,a40_41,3.0417137,2.9807694,1.0,3,3,1.0,2,2,1.0
6475006,test,a40_41,0.44500303,0.0,1.0,2,2,1.0,6,6,1.0
6475007,test,a40_41,0.44840527,3.4318714,1.0,2,3,1.0,6,6,1.0
6509004,test,a40_41,2.9787362,3.3419354,1.0,3,3,1.0,6,2,1.0
6545008,test,a40_41,3.6093392,0.0,1.0,3,3,1.0,6,2,1.0
6571003,test,a40_41,2.858296,4.2124395,1.0,3,3,1.0,6,6,1.0
6635009,test,a40_41,0.5384195,0.0,1.0,2,2,1.0,6,6,1.0
6663030,test,a40_41,3.6947637,4.0755825,1.0,3,3,1.0,6,6,1.0
6674003,test,a40_41,3.676626,4.3560786,1.0,3,3,1.0,2,4,1.0
6674005,test,a40_41,3.4567804,0.0,1.0,3,2,1.0,4,4,1.0
6736181,test,a40_41,2.9598758,2.6303368,1.0,3,3,1.0,2,2,1.0
6740003,test,a40_41,2.8297668,2.6061158,1.0,3,3,1.0,2,2,1.0
6769008,test,a40_41,2.5964153,2.2111993,1.0,3,3,1.0,4,3,1.0
6779033,test,a40_41,0.37620234,0.0,1.0,2,2,1.0,6,6,1.0
6030,test,a42_43,3.7415333,4.018007,1.0,3,3,1.0,2,2,1.0
10030,test,a42_43,3.8992867,4.516398,1.0,3,3,1.0,6,2,1.0
41008,test,a42_43,2.43886,0.0,1.0,3,2,1.0,2,4,1.0
68003,test,a42_43,3.8597732,3.703213,1.0,3,3,1.0,2,2,1.0
127030,test,a42_43,3.901553,0.0,0.0,3,-1,0.0,6,-1,0.0
127031,test,a42_43,4.020465,3.1822217,1.0,3,3,1.0,6,4,1.0
129031,test,a42_43,0.4452114,2.110738,1.0,2,3,1.0,6,6,1.0
129196,test,a42_43,3.1526566,0.0,1.0,3,2,1.0,2,2,1.0
165030,test,a42_43,3.8870177,4.0063634,1.0,3,3,1.0,6,2,1.0
284004,test,a42_43,4.3020415,4.437202,1.0,3,3,1.0,2,2,1.0
301032,test,a42_43,4.4129267,3.9811094,1.0,3,3,1.0,6,2,1.0
327003,test,a42_43,3.4319544,3.8643053,1.0,3,3,1.0,2,2,1.0
327171,test,a42_43,3.5690117,2.8548763,1.0,3,3,1.0,2,2,1.0
327172,test,a42_43,2.7080634,3.2091634,1.0,3,3,1.0,2,2,1.0
331005,test,a42_43,4.538537,4.2756553,1.0,3,3,1.0,6,2,1.0
344178,test,a42_43,3.143394,3.4481115,1.0,3,3,1.0,2,2,1.0
461030,test,a42_43,3.9683354,3.3523545,1.0,3,3,1.0,2,2,1.0
486004,test,a42_43,3.7665892,3.933598,1.0,3,3,1.0,2,2,1.0
563183,test,a42_43,0.7338625,0.0,1.0,2,2,1.0,2,2,1.0
577004,test,a42_43,2.7967312,2.9315493,1.0,3,3,1.0,2,2,1.0
607030,test,a42_43,4.1414766,3.9962149,1.0,3,3,1.0,2,2,1.0
613173,test,a42_43,3.288366,4.227375,1.0,3,3,1.0,2,2,1.0
634008,test,a42_43,3.5121374,0.0,1.0,3,2,1.0,4,2,1.0
652005,test,a42_43,3.4237928,3.6719475,1.0,3,3,1.0,2,2,1.0
672003,test,a42_43,0.7493706,3.808172,1.0,2,3,1.0,2,4,1.0
691175,test,a42_43,3.7008662,3.1299195,1.0,3,3,1.0,2,2,1.0
699031,test,a42_43,0.6751387,3.583789,1.0,2,3,1.0,6,6,1.0
722178,test,a42_43,0.7791314,2.521224,1.0,2,3,1.0,2,2,1.0
771003,test,a42_43,3.1482291,3.6820703,1.0,3,3,1.0,4,2,1.0
775005,test,a42_43,3.6042333,0.8922645,1.0,3,2,1.0,6,2,1.0
796006,test,a42_43,3.984543,3.7072225,1.0,3,3,1.0,6,6,1.0
844003,test,a42_43,3.5605392,3.515213,1.0,3,3,1.0,2,2,1.0
863006,test,a42_43,3.6340353,1.3962052,1.0,3,3,1.0,2,2,1.0
863173,test,a42_43,3.9948292,4.0801353,1.0,3,3,1.0,2,2,1.0
866172,test,a42_43,3.2762692,3.1822217,1.0,3,3,1.0,6,2,1.0
868005,test,a42_43,3.7637007,4.123802,1.0,3,3,1.0,2,2,1.0
875030,test,a42_43,0.7079104,0.0,1.0,2,2,1.0,2,2,1.0
897006,test,a42_43,3.46848,0.0,1.0,3,2,1.0,2,4,1.0
922171,test,a42_43,3.7232575,4.564996,1.0,3,3,1.0,2,2,1.0
934030,test,a42_43,3.7019763,4.243668,1.0,3,3,1.0,2,2,1.0
935005,test,a42_43,3.1765943,2.483961,1.0,3,3,1.0,2,2,1.0
935176,test,a42_43,3.864678,3.3922262,1.0,3,3,1.0,2,2,1.0
939030,test,a42_43,4.3436217,0.0,1.0,3,2,1.0,6,2,1.0
964003,test,a42_43,0.32527256,2.023317,1.0,2,3,1.0,6,6,1.0
970004,test,a42_43,3.876621,3.4467251,1.0,3,3,1.0,2,2,1.0
982004,test,a42_43,3.510842,3.616172,1.0,3,3,1.0,2,2,1.0
1033030,test,a42_43,3.718767,4.886779,1.0,3,3,1.0,2,2,1.0
1036003,test,a42_43,4.081873,3.3667955,1.0,3,3,1.0,2,2,1.0
1048006,test,a42_43,2.8545232,2.895511,1.0,3,3,1.0,2,2,1.0
1055172,test,a42_43,2.6579044,3.6527476,1.0,3,3,1.0,2,2,1.0
1060175,test,a42_43,3.4039335,2.5045755,1.0,3,3,1.0,2,2,1.0
1064171,test,a42_43,4.061663,4.023821,1.0,3,3,1.0,2,2,1.0
1072171,test,a42_43,3.8587523,2.8696802,1.0,3,3,1.0,2,2,1.0
1084175,test,a42_43,2.867089,0.0,1.0,3,2,1.0,2,2,1.0
1100172,test,a42_43,3.283446,3.9111626,1.0,3,3,1.0,2,2,1.0
1141171,test,a42_43,2.5173278,3.0497952,1.0,3,3,1.0,2,4,1.0
1142030,test,a42_43,3.9929013,3.3326652,1.0,3,3,1.0,2,4,1.0
1144032,test,a42_43,3.9218225,4.289485,1.0,3,3,1.0,2,2,1.0
1149171,test,a42_43,3.2354841,3.9254675,1.0,3,3,1.0,6,2,1.0
1162030,test,a42_43,3.0263572,3.525854,1.0,3,3,1.0,2,2,1.0
1167030,test,a42_43,0.50216115,0.0,1.0,2,3,1.0,6,6,1.0
1168008,test,a42_43,1.2722443,3.535023,1.0,2,3,1.0,3,3,1.0
1222179,test,a42_43,2.5540013,2.8725085,1.0,3,3,1.0,2,2,1.0
1260008,test,a42_43,3.0932455,2.7313974,1.0,3,3,1.0,2,2,1.0
1269030,test,a42_43,3.600617,4.3682094,1.0,3,3,1.0,2,2,1.0
1292030,test,a42_43,3.178944,0.0,1.0,3,2,1.0,4,4,1.0
1298005,test,a42_43,2.789911,3.5551443,1.0,3,3,1.0,2,2,1.0
1306030,test,a42_43,4.4735103,4.886779,1.0,3,3,1.0,2,2,1.0
1335179,test,a42_43,2.8920364,3.439407,1.0,3,3,1.0,2,2,1.0
1353030,test,a42_43,1.408608,0.0,1.0,2,2,1.0,2,2,1.0
1384030,test,a42_43,3.646648,3.6010532,1.0,3,3,1.0,2,2,1.0
1399008,test,a42_43,1.3752838,4.2632937,1.0,2,2,1.0,2,4,1.0
1415004,test,a42_43,2.9974275,1.6088175,1.0,3,3,1.0,2,2,1.0
1430005,test,a42_43,2.3546517,0.0,1.0,3,2,1.0,6,6,1.0
1431003,test,a42_43,4.0951424,4.011046,1.0,3,3,1.0,2,2,1.0
1431004,test,a42_43,3.368573,1.4956659,1.0,3,3,1.0,2,2,1.0
1431172,test,a42_43,4.0814834,4.584402,1.0,3,3,1.0,2,2,1.0
1462004,test,a42_43,2.1121783,3.3424077,1.0,3,3,1.0,2,2,1.0
1520173,test,a42_43,3.8586082,3.747171,1.0,3,3,1.0,2,2,1.0
1522175,test,a42_43,3.4892037,4.696712,1.0,3,3,1.0,2,2,1.0
1542006,test,a42_43,3.3399227,4.3451347,1.0,3,3,1.0,4,2,1.0
1542177,test,a42_43,3.81243,4.0403357,1.0,3,3,1.0,2,2,1.0
1567031,test,a42_43,3.9089313,3.7483754,1.0,3,3,1.0,6,6,1.0
1608031,test,a42_43,3.581379,3.5092788,1.0,3,3,1.0,2,4,1.0
1612003,test,a42_43,4.0258956,4.0259957,1.0,3,3,1.0,2,4,1.0
1621003,test,a42_43,1.0028028,0.0,1.0,2,3,1.0,2,2,1.0
1648003,test,a42_43,3.7567878,2.5321536,1.0,3,3,1.0,2,2,1.0
1648030,test,a42_43,3.4482975,0.6704159,1.0,3,2,1.0,6,6,1.0
1670172,test,a42_43,3.2407053,3.1949477,1.0,3,3,1.0,2,2,1.0
1684170,test,a42_43,0.986676,3.265041,1.0,2,3,1.0,2,2,1.0
1690030,test,a42_43,3.8711097,3.680744,1.0,3,3,1.0,2,2,1.0
1692176,test,a42_43,3.6202903,3.9474757,1.0,3,3,1.0,2,2,1.0
1695030,test,a42_43,3.167341,3.1937861,1.0,3,3,1.0,6,2,1.0
1697036,test,a42_43,3.3972824,1.541289,1.0,3,3,1.0,6,2,1.0
1698170,test,a42_43,2.8925753,2.7459342,1.0,3,3,1.0,2,2,1.0
1700031,test,a42_43,3.5487592,3.5983753,1.0,3,3,1.0,2,4,1.0
1701003,test,a42_43,3.7746592,4.1992106,1.0,3,3,1.0,6,6,1.0
1711003,test,a42_43,2.8620954,0.0,1.0,3,2,1.0,2,2,1.0
1711171,test,a42_43,3.7572775,0.0,1.0,3,2,1.0,2,2,1.0
1732005,test,a42_43,2.796754,4.4446826,1.0,3,3,1.0,6,4,1.0
1762187,test,a42_43,2.548952,1.674252,1.0,3,3,1.0,4,3,1.0
1786187,test,a42_43,3.5305257,3.3329153,1.0,3,3,1.0,2,2,1.0
1837006,test,a42_43,3.7279205,2.976302,1.0,3,3,1.0,2,2,1.0
1850172,test,a42_43,2.5312545,3.4697297,1.0,3,3,1.0,2,2,1.0
1878030,test,a42_43,3.1876407,2.5655892,1.0,3,3,1.0,2,4,1.0
1879030,test,a42_43,3.73348,4.0755825,1.0,3,3,1.0,2,2,1.0
1905004,test,a42_43,3.643052,4.7210507,1.0,3,3,1.0,2,2,1.0
1919009,test,a42_43,3.545144,2.1802564,1.0,3,3,1.0,2,2,1.0
1935004,test,a42_43,2.8197768,1.0762821,1.0,3,3,1.0,2,2,1.0
1936030,test,a42_43,2.754146,1.3160636,1.0,3,3,1.0,2,2,1.0
1978171,test,a42_43,2.7074223,2.9928195,1.0,3,3,1.0,2,2,1.0
2030031,test,a42_43,3.3600774,3.3705976,1.0,3,3,1.0,6,2,1.0
2117003,test,a42_43,3.1056802,2.3713877,1.0,3,3,1.0,2,2,1.0
2150172,test,a42_43,2.5169737,3.0265424,1.0,3,3,1.0,2,4,1.0
2199182,test,a42_43,3.2748249,4.1060762,1.0,3,3,1.0,2,2,1.0
2206030,test,a42_43,3.9513016,2.9993773,1.0,3,3,1.0,4,2,1.0
2212031,test,a42_43,4.5226774,4.3677416,1.0,3,3,1.0,6,2,1.0
2238004,test,a42_43,3.693347,4.0907726,1.0,3,3,1.0,2,4,1.0
2238172,test,a42_43,3.306159,4.4151845,1.0,3,3,1.0,2,4,1.0
2252172,test,a42_43,3.3426669,3.0762377,1.0,3,3,1.0,2,2,1.0
2255030,test,a42_43,4.315715,4.6077914,1.0,3,3,1.0,2,2,1.0
2277008,test,a42_43,3.0521894,2.9075313,1.0,3,3,1.0,2,2,1.0
2311172,test,a42_43,0.9309614,2.0253,1.0,2,3,1.0,2,2,1.0
2330003,test,a42_43,4.1316795,4.706708,1.0,3,3,1.0,6,2,1.0
2338003,test,a42_43,3.7903318,4.748924,1.0,3,3,1.0,6,2,1.0
2341004,test,a42_43,3.5935388,3.5317435,1.0,3,2,1.0,2,2,1.0
2341005,test,a42_43,3.358048,4.5817747,1.0,3,3,1.0,2,2,1.0
2354004,test,a42_43,2.4518604,2.3713877,1.0,3,3,1.0,2,2,1.0
2392004,test,a42_43,2.7634487,3.3104866,1.0,3,3,1.0,2,3,1.0
2393005,test,a42_43,4.3023567,3.3018157,1.0,3,3,1.0,2,2,1.0
2393171,test,a42_43,3.339082,4.596202,1.0,3,3,1.0,2,2,1.0
2409006,test,a42_43,3.1017313,3.8550358,1.0,3,3,1.0,2,4,1.0
2409171,test,a42_43,3.004661,2.9554553,1.0,3,3,1.0,2,4,1.0
2422178,test,a42_43,3.8650682,3.470292,1.0,3,3,1.0,2,2,1.0
2459030,test,a42_43,3.2111316,4.0590634,1.0,3,3,1.0,2,2,1.0
2474030,test,a42_43,3.7173653,4.110122,1.0,3,3,1.0,2,2,1.0
2474171,test,a42_43,2.8044772,0.0,1.0,3,3,1.0,2,2,1.0
2485173,test,a42_43,3.0685763,2.700981,1.0,3,3,1.0,4,2,1.0
2496172,test,a42_43,2.966721,3.4664924,1.0,3,3,1.0,2,2,1.0
2502005,test,a42_43,3.5643857,4.0467095,1.0,3,3,1.0,2,2,1.0
2510171,test,a42_43,3.356014,4.201887,1.0,3,3,1.0,2,2,1.0
2525174,test,a42_43,3.3092182,0.0,1.0,3,2,1.0,2,2,1.0
2530184,test,a42_43,3.0117917,2.1477582,1.0,3,3,1.0,2,2,1.0
2547171,test,a42_43,3.857899,4.3276353,1.0,3,3,1.0,2,2,1.0
2580030,test,a42_43,4.4253483,4.7627664,1.0,3,3,1.0,2,2,1.0
2593171,test,a42_43,3.4824386,4.5300713,1.0,3,3,1.0,2,4,1.0
2615031,test,a42_43,3.720337,3.1693892,1.0,3,3,1.0,2,2,1.0
2642030,test,a42_43,2.792492,3.7204437,1.0,3,3,1.0,2,2,1.0
2655002,test,a42_43,1.1467313,0.0,1.0,2,2,1.0,2,2,1.0
2705031,test,a42_43,3.9439588,3.8177946,1.0,3,3,1.0,2,4,1.0
2707179,test,a42_43,3.4106188,2.8142757,1.0,3,3,1.0,2,2,1.0
2714031,test,a42_43,3.8345418,4.569471,1.0,3,3,1.0,2,4,1.0
2717004,test,a42_43,3.9187756,3.5017936,1.0,3,3,1.0,2,2,1.0
2738171,test,a42_43,4.046192,3.9697835,1.0,3,3,1.0,2,2,1.0
2794003,test,a42_43,3.96765,3.6463413,1.0,3,3,1.0,6,2,1.0
2845030,test,a42_43,3.1592314,3.6226897,1.0,3,3,1.0,6,2,1.0
2847030,test,a42_43,3.0296512,3.4256546,1.0,3,3,1.0,4,4,1.0
2848174,test,a42_43,0.7194327,2.3689122,1.0,2,3,1.0,6,2,1.0
2852006,test,a42_43,1.2334213,3.0007699,1.0,2,2,1.0,2,3,1.0
2852030,test,a42_43,3.7042642,2.2156281,1.0,3,2,1.0,2,4,1.0
2869170,test,a42_43,3.6727366,4.379163,1.0,3,3,1.0,2,2,1.0
2897006,test,a42_43,3.1666684,3.6260033,1.0,3,3,1.0,6,2,1.0
2900171,test,a42_43,3.9312973,3.7188902,1.0,3,3,1.0,2,2,1.0
2907006,test,a42_43,3.0490162,2.8249462,1.0,3,3,1.0,2,2,1.0
2920030,test,a42_43,3.649804,3.3265107,1.0,3,3,1.0,6,4,1.0
3107001,test,a42_43,3.6589203,1.9854654,1.0,3,3,1.0,2,4,1.0
3137007,test,a42_43,2.4081955,2.4228272,1.0,3,2,1.0,6,6,1.0
3283002,test,a42_43,3.5605457,3.9443512,1.0,3,3,1.0,4,6,1.0
3492001,test,a42_43,3.4738152,0.118359506,1.0,3,2,1.0,6,2,1.0
5016170,test,a42_43,3.0561924,2.743526,1.0,3,3,1.0,4,4,1.0
5082003,test,a42_43,3.5780196,3.938906,1.0,3,3,1.0,6,4,1.0
5145032,test,a42_43,3.4180045,3.1056306,1.0,3,3,1.0,6,6,1.0
5163030,test,a42_43,3.4710178,3.1932871,1.0,3,3,1.0,2,4,1.0
5177171,test,a42_43,1.8175762,0.9682884,1.0,3,2,1.0,6,6,1.0
5199178,test,a42_43,2.8908591,3.7188902,1.0,3,3,1.0,2,2,1.0
5241030,test,a42_43,2.925443,3.4132857,1.0,3,3,1.0,6,6,1.0
5264004,test,a42_43,3.3724918,3.606141,1.0,3,3,1.0,2,2,1.0
5294003,test,a42_43,3.672576,3.6645775,1.0,3,3,1.0,2,2,1.0
5299172,test,a42_43,3.472169,3.3685656,1.0,3,3,1.0,2,2,1.0
5306002,test,a42_43,2.2738209,0.0,1.0,3,2,1.0,6,6,1.0
5350030,test,a42_43,2.6656334,3.5163884,1.0,3,3,1.0,4,2,1.0
5364006,test,a42_43,3.4617803,4.2447352,1.0,3,3,1.0,6,6,1.0
5366033,test,a42_43,2.9936082,3.8660583,1.0,3,3,1.0,6,4,1.0
5406173,test,a42_43,2.9389377,3.5017936,1.0,3,3,1.0,2,4,1.0
5424030,test,a42_43,0.61484575,2.9297807,1.0,2,3,1.0,6,6,1.0
5425003,test,a42_43,1.0536007,2.960796,1.0,2,3,1.0,2,2,1.0
5430031,test,a42_43,0.7483169,0.0,1.0,2,2,1.0,6,6,1.0
5430171,test,a42_43,2.7073455,3.5347836,1.0,3,3,1.0,6,6,1.0
5443007,test,a42_43,1.2839062,1.5825812,1.0,2,3,1.0,2,2,1.0
5464032,test,a42_43,2.8210602,3.1379235,1.0,3,3,1.0,4,2,1.0
5488007,test,a42_43,2.717885,2.7536736,1.0,3,3,1.0,2,2,1.0
5494005,test,a42_43,2.6493397,3.4795048,1.0,3,3,1.0,6,2,1.0
5513030,test,a42_43,3.1793492,3.0000806,1.0,3,3,1.0,6,6,1.0
5549006,test,a42_43,2.8484538,3.335851,1.0,3,3,1.0,2,4,1.0
5553173,test,a42_43,3.339254,3.8834674,1.0,3,3,1.0,2,2,1.0
5560186,test,a42_43,3.7305865,3.7111013,1.0,3,3,1.0,2,2,1.0
5569009,test,a42_43,3.0066595,0.0,1.0,3,2,1.0,2,3,1.0
5570010,test,a42_43,3.4314837,3.7150583,1.0,3,3,1.0,4,2,1.0
5570012,test,a42_43,3.1821907,3.6708767,1.0,3,3,1.0,2,2,1.0
5570033,test,a42_43,3.725971,3.5471745,1.0,3,3,1.0,2,2,1.0
5576031,test,a42_43,2.729971,2.7944415,1.0,3,3,1.0,4,2,1.0
5614005,test,a42_43,2.8856523,0.0,1.0,3,2,1.0,4,4,1.0
5615010,test,a42_43,2.948119,3.4707472,1.0,3,3,1.0,6,2,1.0
5615181,test,a42_43,3.6568007,3.3615167,1.0,3,3,1.0,2,2,1.0
5621170,test,a42_43,3.531886,3.3248508,1.0,3,3,1.0,2,2,1.0
5626010,test,a42_43,3.0119834,3.3940077,1.0,3,2,1.0,2,4,1.0
5634188,test,a42_43,3.5613275,4.25247,1.0,3,2,1.0,2,5,1.0
5635031,test,a42_43,3.2096167,3.5281215,1.0,3,3,1.0,2,2,1.0
5646006,test,a42_43,0.6354039,0.0,1.0,2,2,1.0,6,4,1.0
5660005,test,a42_43,3.0743465,3.265041,1.0,3,3,1.0,4,4,1.0
5664003,test,a42_43,0.54886556,1.9812955,1.0,2,3,1.0,6,6,1.0
5676007,test,a42_43,3.2596679,3.488077,1.0,3,3,1.0,2,2,1.0
5678030,test,a42_43,2.3448036,2.3447468,1.0,3,2,1.0,6,6,1.0
5684034,test,a42_43,3.7199054,4.056188,1.0,3,3,1.0,2,2,1.0
5784005,test,a42_43,0.5002761,1.765224,1.0,2,3,1.0,6,6,1.0
5819005,test,a42_43,0.58308005,0.0,1.0,2,2,1.0,6,6,1.0
5821008,test,a42_43,3.06229,2.9437988,1.0,3,3,1.0,2,2,1.0
5863033,test,a42_43,0.4624362,2.1360953,1.0,2,3,1.0,6,6,1.0
5921003,test,a42_43,2.4290793,3.4678156,1.0,3,3,1.0,6,6,1.0
5922010,test,a42_43,3.432642,3.1974998,1.0,3,3,1.0,6,6,1.0
5938031,test,a42_43,2.6715763,0.0,1.0,3,2,1.0,6,6,1.0
5960033,test,a42_43,2.78343,3.5281215,1.0,3,3,1.0,6,6,1.0
5995005,test,a42_43,0.6154611,0.0,1.0,2,2,1.0,6,6,1.0
6028032,test,a42_43,2.219809,3.5965803,1.0,3,3,1.0,6,6,1.0
6030005,test,a42_43,3.4106457,3.335851,1.0,3,3,1.0,6,2,1.0
6030008,test,a42_43,3.2042742,3.1676285,1.0,3,3,1.0,6,2,1.0
6093006,test,a42_43,0.4106865,3.3020296,1.0,2,3,1.0,6,6,1.0
6093011,test,a42_43,2.0942898,2.8392694,1.0,3,2,1.0,6,6,1.0
6114182,test,a42_43,2.852424,0.0,1.0,3,2,1.0,4,2,1.0
6120195,test,a42_43,1.102246,2.568642,1.0,2,2,1.0,2,4,1.0
6121030,test,a42_43,2.987499,4.395766,1.0,3,3,1.0,6,4,1.0
6179003,test,a42_43,3.7384753,3.4805162,1.0,3,3,1.0,2,2,1.0
6179170,test,a42_43,1.4644762,0.0,1.0,2,2,1.0,2,2,1.0
6191006,test,a42_43,3.0169,1.2621803,1.0,3,3,1.0,6,2,1.0
6200175,test,a42_43,3.7940812,3.5848198,1.0,3,2,1.0,2,2,1.0
6210007,test,a42_43,3.5395412,2.7452414,1.0,3,3,1.0,6,2,1.0
6210008,test,a42_43,2.603762,0.0,1.0,3,2,1.0,6,4,1.0
6350007,test,a42_43,2.5455174,3.4393446,1.0,3,3,1.0,6,2,1.0
6365010,test,a42_43,0.5148721,3.062897,1.0,2,3,1.0,6,6,1.0
6365011,test,a42_43,2.546365,0.0,1.0,3,2,1.0,2,2,1.0
6365177,test,a42_43,3.1861136,3.49205,1.0,3,3,1.0,2,2,1.0
6381008,test,a42_43,3.546568,3.0664406,1.0,3,3,1.0,2,4,1.0
6444003,test,a42_43,3.070129,2.7671056,1.0,3,2,1.0,2,2,1.0
6475006,test,a42_43,0.40015268,0.9349168,1.0,2,2,1.0,6,6,1.0
6475007,test,a42_43,0.39992738,3.544934,1.0,2,3,1.0,6,6,1.0
6509004,test,a42_43,2.9661078,3.4451652,1.0,3,3,1.0,6,2,1.0
6545008,test,a42_43,3.6041012,3.8012211,1.0,3,3,1.0,6,2,1.0
6571003,test,a42_43,2.8401194,4.1571207,1.0,3,3,1.0,6,6,1.0
6635009,test,a42_43,0.4861467,0.0,1.0,2,2,1.0,6,6,1.0
6663030,test,a42_43,3.696775,4.886779,1.0,3,3,1.0,6,6,1.0
6674003,test,a42_43,3.6959047,3.7940161,1.0,3,3,1.0,2,2,1.0
6674005,test,a42_43,3.4653335,0.0,1.0,3,2,1.0,4,4,1.0
6736181,test,a42_43,2.9747076,2.6496801,1.0,3,3,1.0,2,2,1.0
6740003,test,a42_43,2.8433971,2.6917005,1.0,3,3,1.0,2,2,1.0
6769008,test,a42_43,2.594594,0.0,1.0,3,2,1.0,4,4,1.0
6779033,test,a42_43,0.3280058,0.0,1.0,2,2,1.0,6,6,1.0
6030,test,a44_45,3.8363645,3.6545084,1.0,3,3,1.0,2,2,1.0
10030,test,a44_45,3.9638922,4.4896984,1.0,3,3,1.0,6,2,1.0
41008,test,a44_45,2.506151,0.0,1.0,3,2,1.0,2,4,1.0
68003,test,a44_45,3.9473708,3.819024,1.0,3,3,1.0,2,2,1.0
127030,test,a44_45,3.9747367,2.281914,1.0,3,3,1.0,6,2,1.0
127031,test,a44_45,4.0953736,3.5618536,1.0,3,3,1.0,6,4,1.0
129031,test,a44_45,0.4318707,1.9444773,1.0,2,3,1.0,6,6,1.0
129196,test,a44_45,3.242564,0.0,1.0,3,2,1.0,2,2,1.0
165030,test,a44_45,3.9632936,4.1461926,1.0,3,3,1.0,6,2,1.0
284004,test,a44_45,4.377821,4.4692044,1.0,3,3,1.0,2,2,1.0
301032,test,a44_45,4.482119,4.127631,1.0,3,3,1.0,6,2,1.0
327003,test,a44_45,3.5313187,3.8237772,1.0,3,3,1.0,2,2,1.0
327171,test,a44_45,3.6579156,2.8139703,1.0,3,3,1.0,2,2,1.0
327172,test,a44_45,2.7807338,3.7345612,1.0,3,3,1.0,2,2,1.0
331005,test,a44_45,4.610656,4.2899485,1.0,3,3,1.0,6,2,1.0
344178,test,a44_45,3.225801,3.544934,1.0,3,3,1.0,2,2,1.0
461030,test,a44_45,4.044869,0.0,1.0,3,3,1.0,2,2,1.0
486004,test,a44_45,3.8474274,3.929022,1.0,3,3,1.0,2,2,1.0
563183,test,a44_45,0.7269068,0.0,1.0,2,2,1.0,2,2,1.0
577004,test,a44_45,2.8679333,3.6034977,1.0,3,3,1.0,2,2,1.0
607030,test,a44_45,4.2206535,4.0534096,1.0,3,3,1.0,2,2,1.0
613173,test,a44_45,3.3705907,4.65822,1.0,3,3,1.0,2,2,1.0
634008,test,a44_45,3.556088,2.6840017,1.0,3,3,1.0,4,2,1.0
652005,test,a44_45,3.5102973,3.8279805,1.0,3,3,1.0,2,2,1.0
672003,test,a44_45,0.7410761,3.7935455,1.0,2,3,1.0,2,4,1.0
691175,test,a44_45,3.8066125,3.3115778,1.0,3,3,1.0,2,2,1.0
699031,test,a44_45,0.6557863,3.51425,1.0,2,3,1.0,6,6,1.0
722178,test,a44_45,0.77434397,3.2750242,1.0,2,3,1.0,2,2,1.0
771003,test,a44_45,3.1986485,4.1771755,1.0,3,3,1.0,4,3,1.0
775005,test,a44_45,3.6733484,0.0,1.0,3,2,1.0,6,2,1.0
796006,test,a44_45,4.057729,4.141229,1.0,3,3,1.0,6,6,1.0
844003,test,a44_45,3.646287,3.8602035,1.0,3,3,1.0,2,2,1.0
863006,test,a44_45,3.7427719,2.9276514,1.0,3,3,1.0,2,2,1.0
863173,test,a44_45,4.0916724,4.001547,1.0,3,3,1.0,2,2,1.0
866172,test,a44_45,3.3426394,3.182386,1.0,3,3,1.0,6,2,1.0
868005,test,a44_45,3.8383439,3.982054,1.0,3,3,1.0,2,2,1.0
875030,test,a44_45,0.69951785,0.0,1.0,2,2,1.0,2,2,1.0
897006,test,a44_45,3.5500984,0.0,1.0,3,2,1.0,2,4,1.0
922171,test,a44_45,3.80935,4.464358,1.0,3,3,1.0,2,2,1.0
934030,test,a44_45,3.7892642,4.293851,1.0,3,3,1.0,2,2,1.0
935005,test,a44_45,3.276601,2.7943528,1.0,3,3,1.0,2,2,1.0
935176,test,a44_45,3.9434404,3.7913468,1.0,3,3,1.0,2,2,1.0
939030,test,a44_45,4.418744,0.0,0.0,3,-1,0.0,6,-1,0.0
964003,test,a44_45,0.31566334,2.5959773,1.0,2,2,1.0,6,6,1.0
970004,test,a44_45,3.9475574,0.0,0.0,3,-1,0.0,2,-1,0.0
982004,test,a44_45,3.5877366,3.535023,1.0,3,3,1.0,2,2,1.0
1033030,test,a44_45,3.7981143,4.886779,1.0,3,3,1.0,2,2,1.0
1036003,test,a44_45,4.1546707,3.1379235,1.0,3,3,1.0,2,2,1.0
1048006,test,a44_45,2.9217553,2.830591,1.0,3,3,1.0,2,2,1.0
1055172,test,a44_45,2.74274,0.0,0.0,3,-1,0.0,2,-1,0.0
1060175,test,a44_45,3.4965868,3.12007,1.0,3,3,1.0,2,2,1.0
1064171,test,a44_45,4.1455984,4.769345,1.0,3,3,1.0,2,2,1.0
1072171,test,a44_45,3.946404,2.855574,1.0,3,3,1.0,2,2,1.0
1084175,test,a44_45,2.97611,0.0,1.0,3,2,1.0,2,2,1.0
1100172,test,a44_45,3.36312,3.1936357,1.0,3,3,1.0,2,2,1.0
1141171,test,a44_45,2.6007032,1.0692143,1.0,3,3,1.0,2,4,1.0
1142030,test,a44_45,4.07102,3.2907898,1.0,3,3,1.0,2,4,1.0
1144032,test,a44_45,3.990341,4.1940236,1.0,3,3,1.0,2,2,1.0
1149171,test,a44_45,3.2967536,3.959156,1.0,3,3,1.0,6,2,1.0
1162030,test,a44_45,3.100722,3.4265366,1.0,3,3,1.0,2,2,1.0
1167030,test,a44_45,0.4875288,1.8126447,1.0,2,3,1.0,6,6,1.0
1168008,test,a44_45,1.2867208,3.010371,1.0,2,3,1.0,3,3,1.0
1222179,test,a44_45,2.6238918,2.674835,1.0,3,3,1.0,2,2,1.0
1260008,test,a44_45,3.1720302,2.8787093,1.0,3,3,1.0,2,2,1.0
1269030,test,a44_45,3.673541,4.6615767,1.0,3,3,1.0,2,2,1.0
1292030,test,a44_45,3.2199864,0.0,1.0,3,2,1.0,4,4,1.0
1298005,test,a44_45,2.8641891,3.5781584,1.0,3,3,1.0,2,2,1.0
1306030,test,a44_45,4.543125,4.886779,1.0,3,3,1.0,2,2,1.0
1335179,test,a44_45,2.9665127,3.6099567,1.0,3,3,1.0,2,2,1.0
1353030,test,a44_45,1.4212,0.0,1.0,2,2,1.0,2,2,1.0
1384030,test,a44_45,3.7279658,3.5587387,1.0,3,3,1.0,2,2,1.0
1399008,test,a44_45,1.374974,3.9132397,1.0,2,3,1.0,2,4,1.0
1415004,test,a44_45,3.0765398,1.8165611,1.0,3,3,1.0,2,2,1.0
1430005,test,a44_45,2.398365,0.0,1.0,3,3,1.0,6,6,1.0
1431003,test,a44_45,4.184619,4.032044,1.0,3,3,1.0,2,2,1.0
1431004,test,a44_45,3.4733057,2.5601785,1.0,3,3,1.0,2,2,1.0
1431172,test,a44_45,4.148035,4.583634,1.0,3,3,1.0,2,2,1.0
1462004,test,a44_45,2.1639907,3.4766757,1.0,3,3,1.0,2,2,1.0
1520173,test,a44_45,3.9454474,3.8397665,1.0,3,3,1.0,2,2,1.0
1522175,test,a44_45,3.5714455,4.651825,1.0,3,3,1.0,2,2,1.0
1542006,test,a44_45,3.3837194,3.2005377,1.0,3,3,1.0,4,2,1.0
1542177,test,a44_45,3.9070747,4.3412447,1.0,3,3,1.0,2,2,1.0
1567031,test,a44_45,3.9780335,3.8337054,1.0,3,3,1.0,6,6,1.0
1608031,test,a44_45,3.65556,3.5350552,1.0,3,3,1.0,2,2,1.0
1612003,test,a44_45,4.103333,3.4995418,1.0,3,3,1.0,2,4,1.0
1621003,test,a44_45,0.9941293,3.456708,1.0,2,3,1.0,2,2,1.0
1648003,test,a44_45,3.8457003,2.9091923,1.0,3,3,1.0,2,2,1.0
1648030,test,a44_45,3.5081291,0.553295,1.0,3,2,1.0,6,6,1.0
1670172,test,a44_45,3.3323793,3.416885,1.0,3,3,1.0,2,2,1.0
1684170,test,a44_45,0.9874047,3.3823977,1.0,2,3,1.0,2,2,1.0
1690030,test,a44_45,3.9502928,4.214547,1.0,3,3,1.0,2,2,1.0
1692176,test,a44_45,3.695312,3.6672997,1.0,3,3,1.0,2,2,1.0
1695030,test,a44_45,3.2244437,3.1983416,1.0,3,3,1.0,6,2,1.0
1697036,test,a44_45,3.4564414,1.6775823,1.0,3,3,1.0,6,2,1.0
1698170,test,a44_45,2.9642582,2.58183,1.0,3,3,1.0,2,2,1.0
1700031,test,a44_45,3.6331046,3.881782,1.0,3,2,1.0,2,2,1.0
1701003,test,a44_45,3.846697,4.0716443,1.0,3,3,1.0,6,6,1.0
1711003,test,a44_45,2.9445367,0.0,1.0,3,2,1.0,2,2,1.0
1711171,test,a44_45,3.845195,0.0,0.0,3,-1,0.0,2,-1,0.0
1732005,test,a44_45,2.8575122,3.738171,1.0,3,3,1.0,6,4,1.0
1762187,test,a44_45,2.6063964,2.7413988,1.0,3,3,1.0,4,3,1.0
1786187,test,a44_45,3.6098661,3.563177,1.0,3,3,1.0,2,2,1.0
1837006,test,a44_45,3.7992592,2.9535642,1.0,3,3,1.0,2,2,1.0
1850172,test,a44_45,2.6203384,3.6509905,1.0,3,3,1.0,2,2,1.0
1878030,test,a44_45,3.2750044,2.485891,1.0,3,3,1.0,2,4,1.0
1879030,test,a44_45,3.797142,4.1844926,1.0,3,3,1.0,2,2,1.0
1905004,test,a44_45,3.7194674,3.937253,1.0,3,3,1.0,2,2,1.0
1919009,test,a44_45,3.6327043,2.5942936,1.0,3,3,1.0,2,2,1.0
1935004,test,a44_45,2.9051044,2.5154653,1.0,3,3,1.0,2,2,1.0
1936030,test,a44_45,2.849585,3.025048,1.0,3,3,1.0,2,2,1.0
1978171,test,a44_45,2.7821743,2.7982898,1.0,3,3,1.0,2,2,1.0
2030031,test,a44_45,3.4442453,3.12007,1.0,3,3,1.0,6,2,1.0
2117003,test,a44_45,3.1944914,2.533896,1.0,3,3,1.0,2,2,1.0
2150172,test,a44_45,2.604935,2.4029288,1.0,3,3,1.0,2,4,1.0
2199182,test,a44_45,3.388001,4.1311436,1.0,3,3,1.0,2,2,1.0
2206030,test,a44_45,4.0022564,3.6876562,1.0,3,3,1.0,4,2,1.0
2212031,test,a44_45,4.5961027,0.0,0.0,3,-1,0.0,6,-1,0.0
2238004,test,a44_45,3.7908528,3.7364755,1.0,3,3,1.0,2,4,1.0
2238172,test,a44_45,3.3977115,4.594401,1.0,3,3,1.0,2,4,1.0
2252172,test,a44_45,3.4331884,2.9569104,1.0,3,3,1.0,2,2,1.0
2255030,test,a44_45,4.3749886,4.886779,1.0,3,3,1.0,2,2,1.0
2277008,test,a44_45,3.125278,2.8933933,1.0,3,3,1.0,2,2,1.0
2311172,test,a44_45,0.9217787,2.0815432,1.0,2,3,1.0,2,2,1.0
2330003,test,a44_45,4.203948,4.0919957,1.0,3,3,1.0,6,2,1.0
2338003,test,a44_45,3.8634071,4.671329,1.0,3,3,1.0,6,2,1.0
2341004,test,a44_45,3.7216487,3.8012211,1.0,3,2,1.0,2,2,1.0
2341005,test,a44_45,3.452231,4.886779,1.0,3,3,1.0,2,2,1.0
2354004,test,a44_45,2.522738,2.4985237,1.0,3,3,1.0,2,2,1.0
2392004,test,a44_45,2.844779,2.3108797,1.0,3,3,1.0,2,4,1.0
2393005,test,a44_45,4.3795257,3.1619115,1.0,3,3,1.0,2,2,1.0
2393171,test,a44_45,3.4386606,4.4380894,1.0,3,3,1.0,2,2,1.0
2409006,test,a44_45,3.2043016,3.8615713,1.0,3,3,1.0,2,4,1.0
2409171,test,a44_45,3.0901687,2.973692,1.0,3,3,1.0,2,4,1.0
2422178,test,a44_45,3.9549532,3.6084042,1.0,3,3,1.0,2,2,1.0
2459030,test,a44_45,3.290943,4.065095,1.0,3,3,1.0,2,2,1.0
2474030,test,a44_45,3.7828922,3.6439416,1.0,3,3,1.0,2,2,1.0
2474171,test,a44_45,2.8804202,0.0,0.0,3,-1,0.0,2,-1,0.0
2485173,test,a44_45,3.1209908,2.4565563,1.0,3,3,1.0,4,2,1.0
2496172,test,a44_45,3.0770261,3.4912474,1.0,3,3,1.0,2,2,1.0
2502005,test,a44_45,3.652275,3.0863564,1.0,3,3,1.0,2,2,1.0
2510171,test,a44_45,3.4505792,4.201461,1.0,3,3,1.0,2,2,1.0
2525174,test,a44_45,3.3939652,3.460082,1.0,3,2,1.0,2,2,1.0
2530184,test,a44_45,3.1001487,2.852689,1.0,3,3,1.0,2,2,1.0
2547171,test,a44_45,3.9299483,4.379028,1.0,3,3,1.0,2,2,1.0
2580030,test,a44_45,4.4990063,4.831237,1.0,3,3,1.0,2,2,1.0
2593171,test,a44_45,3.5666018,4.5944476,1.0,3,3,1.0,2,4,1.0
2615031,test,a44_45,3.7941203,3.4200091,1.0,3,3,1.0,2,2,1.0
2642030,test,a44_45,2.8655965,3.7259781,1.0,3,3,1.0,2,2,1.0
2655002,test,a44_45,1.1513369,0.0,1.0,2,2,1.0,2,2,1.0
2705031,test,a44_45,4.0218716,3.9369006,1.0,3,3,1.0,2,4,1.0
2707179,test,a44_45,3.4908876,2.8540463,1.0,3,3,1.0,2,2,1.0
2714031,test,a44_45,3.9135003,4.123183,1.0,3,3,1.0,2,4,1.0
2717004,test,a44_45,4.0136566,3.1718357,1.0,3,3,1.0,2,2,1.0
2738171,test,a44_45,4.1377172,4.800682,1.0,3,3,1.0,2,2,1.0
2794003,test,a44_45,4.035865,3.5488956,1.0,3,3,1.0,6,2,1.0
2845030,test,a44_45,3.2398753,3.4421458,1.0,3,3,1.0,6,2,1.0
2847030,test,a44_45,3.0699632,3.435388,1.0,3,3,1.0,4,4,1.0
2848174,test,a44_45,0.7059933,1.870879,1.0,2,3,1.0,6,2,1.0
2852006,test,a44_45,1.2417889,1.8338429,1.0,2,2,1.0,2,4,1.0
2852030,test,a44_45,3.773108,2.9869761,1.0,3,3,1.0,2,4,1.0
2869170,test,a44_45,3.7458858,4.5567827,1.0,3,3,1.0,2,2,1.0
2897006,test,a44_45,3.2231336,2.697948,1.0,3,3,1.0,6,2,1.0
2900171,test,a44_45,4.0267076,2.600042,1.0,3,3,1.0,2,2,1.0
2907006,test,a44_45,3.1249673,0.0,0.0,3,-1,0.0,2,-1,0.0
2920030,test,a44_45,3.7423353,3.6819823,1.0,3,3,1.0,6,4,1.0
3107001,test,a44_45,3.7457323,4.01561,1.0,3,3,1.0,2,4,1.0
3137007,test,a44_45,2.454423,1.9174321,1.0,3,3,1.0,6,6,1.0
3283002,test,a44_45,3.601883,4.065468,1.0,3,2,1.0,4,2,1.0
3492001,test,a44_45,3.5299401,0.21674845,1.0,3,2,1.0,6,2,1.0
5016170,test,a44_45,3.1042967,2.8075144,1.0,3,3,1.0,4,4,1.0
5082003,test,a44_45,3.6440437,4.077138,1.0,3,3,1.0,6,4,1.0
5145032,test,a44_45,3.4781764,3.7119908,1.0,3,3,1.0,6,6,1.0
5163030,test,a44_45,3.539455,3.60013,1.0,3,3,1.0,2,4,1.0
5177171,test,a44_45,1.8512341,0.8536134,1.0,3,3,1.0,6,6,1.0
5199178,test,a44_45,2.9639413,3.813694,1.0,3,3,1.0,2,2,1.0
5241030,test,a44_45,2.998272,3.9443512,1.0,3,3,1.0,6,6,1.0
5264004,test,a44_45,3.451775,3.6067438,1.0,3,3,1.0,2,2,1.0
5294003,test,a44_45,3.749562,3.7558146,1.0,3,3,1.0,2,2,1.0
5299172,test,a44_45,3.5398414,3.3873496,1.0,3,3,1.0,2,2,1.0
5306002,test,a44_45,2.318655,1.4095232,1.0,3,3,1.0,6,6,1.0
5350030,test,a44_45,2.7075438,3.545665,1.0,3,3,1.0,4,2,1.0
5364006,test,a44_45,3.520735,3.901413,1.0,3,2,1.0,6,6,1.0
5366033,test,a44_45,3.0461264,3.978181,1.0,3,3,1.0,6,4,1.0
5406173,test,a44_45,3.0167491,3.4039729,1.0,3,3,1.0,2,4,1.0
5424030,test,a44_45,0.5989438,3.5287027,1.0,2,3,1.0,6,6,1.0
5425003,test,a44_45,1.0489404,3.2001226,1.0,2,3,1.0,2,2,1.0
5430031,test,a44_45,0.72939134,0.94651103,1.0,2,3,1.0,6,6,1.0
5430171,test,a44_45,2.7577302,3.6887305,1.0,3,3,1.0,6,6,1.0
5443007,test,a44_45,1.2837664,2.8802483,1.0,2,3,1.0,2,2,1.0
5464032,test,a44_45,2.8596392,3.486668,1.0,3,3,1.0,4,2,1.0
5488007,test,a44_45,2.7775676,2.703032,1.0,3,3,1.0,2,2,1.0
5494005,test,a44_45,2.6965556,3.3568435,1.0,3,3,1.0,6,2,1.0
5513030,test,a44_45,3.238439,3.2729912,1.0,3,2,1.0,6,6,1.0
5549006,test,a44_45,2.921483,3.2234797,1.0,3,3,1.0,2,4,1.0
5553173,test,a44_45,3.414526,3.7351592,1.0,3,3,1.0,2,2,1.0
5560186,test,a44_45,3.793206,3.9101806,1.0,3,3,1.0,2,2,1.0
5569009,test,a44_45,3.0782142,0.1438407,1.0,3,2,1.0,2,3,1.0
5570010,test,a44_45,3.4689808,3.6708767,1.0,3,3,1.0,4,2,1.0
5570012,test,a44_45,3.2708178,3.6192079,1.0,3,3,1.0,2,2,1.0
5570033,test,a44_45,3.7945933,3.7694345,1.0,3,3,1.0,2,2,1.0
5576031,test,a44_45,2.7712264,2.7479036,1.0,3,3,1.0,4,2,1.0
5614005,test,a44_45,2.920401,2.8548763,1.0,3,3,1.0,4,4,1.0
5615010,test,a44_45,2.9993453,3.5584557,1.0,3,3,1.0,6,2,1.0
5615181,test,a44_45,3.7379432,3.1251588,1.0,3,3,1.0,2,2,1.0
5621170,test,a44_45,3.605195,3.3329153,1.0,3,3,1.0,2,2,1.0
5626010,test,a44_45,3.0892265,3.1379235,1.0,3,3,1.0,2,4,1.0
5634188,test,a44_45,3.6341503,0.0,1.0,3,2,1.0,2,5,1.0
5635031,test,a44_45,3.2818232,3.6718059,1.0,3,3,1.0,2,2,1.0
5646006,test,a44_45,0.62150466,1.4624746,1.0,2,3,1.0,6,4,1.0
5660005,test,a44_45,3.121282,3.4188793,1.0,3,3,1.0,4,4,1.0
5664003,test,a44_45,0.53770816,1.9542142,1.0,2,2,1.0,6,6,1.0
5676007,test,a44_45,3.3307092,3.5589597,1.0,3,3,1.0,2,2,1.0
5678030,test,a44_45,2.3959963,0.0,1.0,3,3,1.0,6,6,1.0
5684034,test,a44_45,3.8004384,4.304901,1.0,3,3,1.0,2,2,1.0
5784005,test,a44_45,0.49044943,0.0,1.0,2,2,1.0,6,6,1.0
5819005,test,a44_45,0.56875885,0.0,1.0,2,2,1.0,6,6,1.0
5821008,test,a44_45,3.147805,3.1327703,1.0,3,3,1.0,2,2,1.0
5863033,test,a44_45,0.4476211,2.1044023,1.0,2,3,1.0,6,6,1.0
5921003,test,a44_45,2.47847,3.2579508,1.0,3,2,1.0,6,6,1.0
5922010,test,a44_45,3.4974017,3.2839227,1.0,3,3,1.0,6,6,1.0
5938031,test,a44_45,2.7343576,1.6732749,1.0,3,2,1.0,6,6,1.0
5960033,test,a44_45,2.8348618,3.0626745,1.0,3,3,1.0,6,6,1.0
5995005,test,a44_45,0.6033901,0.0,1.0,2,2,1.0,6,6,1.0
6028032,test,a44_45,2.2594357,3.4766757,1.0,3,3,1.0,6,6,1.0
6030005,test,a44_45,3.4713092,3.6509905,1.0,3,3,1.0,6,2,1.0
6030008,test,a44_45,3.2575006,3.1529975,1.0,3,3,1.0,6,2,1.0
6093006,test,a44_45,0.399539,3.331553,1.0,2,3,1.0,6,6,1.0
6093011,test,a44_45,2.1293755,2.8645954,1.0,3,3,1.0,6,6,1.0
6114182,test,a44_45,2.900885,0.0,1.0,3,2,1.0,4,4,1.0
6120195,test,a44_45,1.0972029,0.0,1.0,2,2,1.0,2,4,1.0
6121030,test,a44_45,3.0396962,4.007859,1.0,3,3,1.0,6,4,1.0
6179003,test,a44_45,3.7992635,3.4366326,1.0,3,3,1.0,2,2,1.0
6179170,test,a44_45,1.4773533,0.0,1.0,2,2,1.0,2,2,1.0
6191006,test,a44_45,3.0722294,3.7130666,1.0,3,3,1.0,6,2,1.0
6200175,test,a44_45,3.8654985,3.2409673,1.0,3,3,1.0,2,2,1.0
6210007,test,a44_45,3.6175137,2.7840075,1.0,3,3,1.0,6,2,1.0
6210008,test,a44_45,2.6656754,2.4192536,1.0,3,3,1.0,6,4,1.0
6350007,test,a44_45,2.5990138,3.3488512,1.0,3,3,1.0,6,2,1.0
6365010,test,a44_45,0.501637,2.966243,1.0,2,3,1.0,6,6,1.0
6365011,test,a44_45,2.613648,0.0,1.0,3,2,1.0,2,2,1.0
6365177,test,a44_45,3.2641459,4.579592,1.0,3,2,1.0,2,2,1.0
6381008,test,a44_45,3.6253214,4.0907545,1.0,3,3,1.0,2,4,1.0
6444003,test,a44_45,3.1464078,3.5554013,1.0,3,3,1.0,2,2,1.0
6475006,test,a44_45,0.3893714,2.2798254,1.0,2,3,1.0,6,6,1.0
6475007,test,a44_45,0.38793898,3.49205,1.0,2,3,1.0,6,6,1.0
6509004,test,a44_45,3.0237756,3.5773633,1.0,3,3,1.0,6,2,1.0
6545008,test,a44_45,3.6665332,3.809728,1.0,3,3,1.0,6,2,1.0
6571003,test,a44_45,2.887312,4.2117763,1.0,3,3,1.0,6,6,1.0
6635009,test,a44_45,0.47336674,0.0,1.0,2,2,1.0,6,6,1.0
6663030,test,a44_45,3.7569551,4.527755,1.0,3,3,1.0,6,6,1.0
6674003,test,a44_45,3.7690268,3.7786224,1.0,3,3,1.0,2,2,1.0
6674005,test,a44_45,3.5108557,0.0,0.0,3,-1,0.0,4,-1,0.0
6736181,test,a44_45,3.0532875,2.8547702,1.0,3,3,1.0,2,2,1.0
6740003,test,a44_45,2.9073968,3.5209594,1.0,3,3,1.0,2,2,1.0
6769008,test,a44_45,2.6423705,0.0,1.0,3,2,1.0,4,4,1.0
6779033,test,a44_45,0.31643796,0.0,1.0,2,2,1.0,6,6,1.0
6820030,test,a30_31,3.031529,0.0,1.0,3,2,1.0,6,6,1.0
6843006,test,a30_31,0.21349025,0.0,1.0,2,2,1.0,6,2,1.0
6857006,test,a30_31,3.4836905,4.886779,1.0,3,3,1.0,2,3,1.0
6820030,test,a32_33,3.045997,1.6985121,1.0,3,2,1.0,6,6,1.0
6843006,test,a32_33,0.6070794,0.0,1.0,2,2,1.0,6,6,1.0
6857006,test,a32_33,3.3494606,2.6426997,1.0,3,3,1.0,2,3,1.0
6820030,test,a34_35,3.04818,0.0,1.0,3,2,1.0,6,6,1.0
6843006,test,a34_35,0.60347474,0.33577913,1.0,2,2,1.0,6,6,1.0
6857006,test,a34_35,3.3253875,3.9554691,1.0,3,3,1.0,2,4,1.0
6820030,test,a36_37,3.0869024,0.44449985,1.0,3,2,1.0,6,6,1.0
6843006,test,a36_37,0.5772797,1.9499075,1.0,2,3,1.0,6,6,1.0
6857006,test,a36_37,3.3615465,3.1834235,1.0,3,3,1.0,2,2,1.0
6820030,test,a38_39,3.1310844,0.0,1.0,3,2,1.0,6,6,1.0
6843006,test,a38_39,0.5257094,1.9161729,1.0,2,3,1.0,6,6,1.0
6857006,test,a38_39,3.4106777,4.07775,1.0,3,3,1.0,2,2,1.0
6820030,test,a40_41,3.1588502,0.0,1.0,3,2,1.0,6,6,1.0
6843006,test,a40_41,0.44044685,1.8969418,1.0,2,2,1.0,6,2,1.0
6857006,test,a40_41,3.4690266,3.766271,1.0,3,3,1.0,2,3,1.0
6820030,test,a42_43,3.160006,0.0,1.0,3,2,1.0,6,6,1.0
6843006,test,a42_43,0.39361286,1.5200922,1.0,2,3,1.0,6,2,1.0
6857006,test,a42_43,3.4872475,3.7407627,1.0,3,3,1.0,2,5,1.0
6820030,test,a44_45,3.2235796,0.0,1.0,3,2,1.0,6,6,1.0
6843006,test,a44_45,0.38280082,0.0,1.0,2,2,1.0,6,2,1.0
6857006,test,a44_45,3.5660834,4.0956507,1.0,3,3,1.0,2,5,1.0
