ID,split,target_bin,pred_earn,true_earn,mask_earn,pred_emp,true_emp,mask_emp,pred_mar,true_mar,mask_mar
4007,val,a30_31,2.8047116,1.2333428,1.0,3,2,1.0,2,2,1.0
6174,val,a30_31,3.6093526,3.5177844,1.0,3,3,1.0,2,2,1.0
14004,val,a30_31,3.6872597,3.7227888,1.0,3,3,1.0,2,2,1.0
14172,val,a30_31,0.56294763,0.0,1.0,2,2,1.0,2,2,1.0
14173,val,a30_31,3.4059632,3.7706354,1.0,3,3,1.0,2,2,1.0
18031,val,a30_31,0.8060267,0.81838655,1.0,2,2,1.0,2,2,1.0
18185,val,a30_31,2.3401039,0.0,1.0,3,3,1.0,2,3,1.0
23031,val,a30_31,3.2386317,2.8751705,1.0,3,3,1.0,6,6,1.0
40173,val,a30_31,3.6879506,4.076673,1.0,3,3,1.0,2,4,1.0
51171,val,a30_31,3.5253043,3.2225082,1.0,3,3,1.0,2,2,1.0
84005,val,a30_31,3.66787,4.049696,1.0,3,3,1.0,6,6,1.0
121173,val,a30_31,3.1659057,4.0438795,1.0,3,3,1.0,2,2,1.0
128004,val,a30_31,3.8903565,3.8195267,1.0,3,3,1.0,2,2,1.0
145170,val,a30_31,3.4036567,3.3709557,1.0,3,3,1.0,2,2,1.0
161004,val,a30_31,3.6917596,4.204043,1.0,3,3,1.0,6,6,1.0
172031,val,a30_31,3.3554893,3.4236188,1.0,3,3,1.0,2,2,1.0
174175,val,a30_31,2.4757602,3.4206977,1.0,3,3,1.0,2,2,1.0
221031,val,a30_31,3.8361864,3.6323774,1.0,3,3,1.0,2,2,1.0
223030,val,a30_31,3.6489055,3.2050848,1.0,3,2,1.0,2,2,1.0
227003,val,a30_31,4.2022233,3.901564,1.0,3,3,1.0,6,2,1.0
257175,val,a30_31,3.2046614,3.1132894,1.0,3,3,1.0,2,2,1.0
263182,val,a30_31,3.544825,3.5551443,1.0,3,3,1.0,2,2,1.0
321005,val,a30_31,2.0503244,0.0,0.0,3,-1,0.0,2,-1,0.0
361175,val,a30_31,2.4678822,2.389918,1.0,3,3,1.0,4,4,1.0
377170,val,a30_31,3.3944333,3.303338,1.0,3,3,1.0,2,2,1.0
450030,val,a30_31,3.9837117,4.141229,1.0,3,3,1.0,6,6,1.0
465030,val,a30_31,2.7446268,2.9653394,1.0,3,3,1.0,4,4,1.0
478030,val,a30_31,2.6696467,2.9689102,1.0,3,2,1.0,6,2,1.0
503031,val,a30_31,2.5531645,3.7946298,1.0,3,3,1.0,2,2,1.0
514172,val,a30_31,3.6333923,3.7249148,1.0,3,3,1.0,2,2,1.0
534030,val,a30_31,3.2569435,3.3445346,1.0,3,3,1.0,2,2,1.0
534171,val,a30_31,3.8674955,3.6154544,1.0,3,3,1.0,2,2,1.0
544170,val,a30_31,2.73972,2.5946815,1.0,3,3,1.0,2,2,1.0
563193,val,a30_31,3.3123431,2.9333522,1.0,3,3,1.0,2,2,1.0
577174,val,a30_31,3.3020954,2.6081264,1.0,3,2,1.0,2,2,1.0
613006,val,a30_31,3.4452522,4.2846055,1.0,3,3,1.0,2,6,1.0
618170,val,a30_31,3.9677837,4.2050204,1.0,3,3,1.0,2,2,1.0
631030,val,a30_31,2.6567671,0.0,0.0,3,3,1.0,2,2,1.0
633031,val,a30_31,3.3499327,3.3445346,1.0,3,3,1.0,6,2,1.0
652173,val,a30_31,3.1512203,3.6388054,1.0,3,3,1.0,2,2,1.0
655172,val,a30_31,3.3572748,3.6167312,1.0,3,3,1.0,2,2,1.0
656005,val,a30_31,2.5540657,1.7369525,1.0,3,3,1.0,2,2,1.0
691171,val,a30_31,2.9719133,0.0,0.0,3,-1,0.0,2,-1,0.0
738172,val,a30_31,1.9187548,2.6902387,1.0,3,3,1.0,2,2,1.0
751030,val,a30_31,1.7755978,0.0,1.0,3,2,1.0,2,2,1.0
762170,val,a30_31,4.063854,4.4477153,1.0,3,3,1.0,2,2,1.0
783171,val,a30_31,3.1763191,3.4384992,1.0,3,3,1.0,2,2,1.0
863007,val,a30_31,2.7729452,2.2456512,1.0,3,3,1.0,2,2,1.0
893170,val,a30_31,2.842057,2.9455593,1.0,3,3,1.0,2,2,1.0
894031,val,a30_31,3.524018,2.461121,1.0,3,3,1.0,2,2,1.0
898181,val,a30_31,2.9150689,3.0409112,1.0,3,2,1.0,6,2,1.0
899003,val,a30_31,3.4995568,3.0307395,1.0,3,3,1.0,4,4,1.0
916032,val,a30_31,2.6056144,3.3619723,1.0,3,3,1.0,6,6,1.0
922005,val,a30_31,3.7179532,3.2996137,1.0,3,3,1.0,2,2,1.0
931172,val,a30_31,3.4921708,3.1621735,1.0,3,3,1.0,2,2,1.0
939032,val,a30_31,4.213567,0.0,1.0,3,3,1.0,2,2,1.0
958030,val,a30_31,3.5579262,3.497985,1.0,3,3,1.0,2,2,1.0
958173,val,a30_31,2.869493,2.9178963,1.0,3,3,1.0,2,2,1.0
961005,val,a30_31,3.229505,2.9415638,1.0,3,3,1.0,4,4,1.0
961030,val,a30_31,2.7746296,3.5397089,1.0,3,3,1.0,6,6,1.0
961175,val,a30_31,3.5097914,3.023627,1.0,3,3,1.0,2,2,1.0
1051183,val,a30_31,3.9141781,4.358222,1.0,3,3,1.0,2,2,1.0
1084005,val,a30_31,3.172987,2.8418088,1.0,3,2,1.0,2,2,1.0
1089003,val,a30_31,3.0092182,3.3856127,1.0,3,3,1.0,2,2,1.0
1093003,val,a30_31,0.61193335,0.0,1.0,2,2,1.0,2,2,1.0
1107173,val,a30_31,1.7013501,1.0235457,1.0,3,3,1.0,2,2,1.0
1109174,val,a30_31,1.789928,0.6388453,1.0,3,2,1.0,2,2,1.0
1121030,val,a30_31,3.5588226,3.028002,1.0,3,3,1.0,2,2,1.0
1121175,val,a30_31,2.388701,1.7948437,1.0,3,3,1.0,2,2,1.0
1125172,val,a30_31,2.7329469,2.3413634,1.0,3,3,1.0,2,2,1.0
1126030,val,a30_31,3.068166,0.8757976,1.0,3,2,1.0,2,2,1.0
1126176,val,a30_31,1.649467,4.886779,1.0,3,3,1.0,2,2,1.0
1152180,val,a30_31,3.223495,3.4580646,1.0,3,3,1.0,2,2,1.0
1164004,val,a30_31,3.4277372,3.0181873,1.0,3,3,1.0,2,2,1.0
1184032,val,a30_31,3.4480755,3.2616544,1.0,3,3,1.0,2,2,1.0
1184033,val,a30_31,1.9789702,3.2050848,1.0,3,3,1.0,6,6,1.0
1185003,val,a30_31,3.4247062,3.8515978,1.0,3,2,1.0,2,2,1.0
1222004,val,a30_31,2.5342116,2.0934732,1.0,3,2,1.0,2,2,1.0
1222006,val,a30_31,3.1757433,3.177607,1.0,3,3,1.0,2,2,1.0
1284170,val,a30_31,3.5147517,3.9491403,1.0,3,3,1.0,2,2,1.0
1292004,val,a30_31,2.8928137,1.9329143,1.0,3,2,1.0,2,2,1.0
1314172,val,a30_31,3.4400237,0.0,1.0,3,2,1.0,2,2,1.0
1332005,val,a30_31,4.2629123,4.41165,1.0,3,2,1.0,2,4,1.0
1335010,val,a30_31,3.3451467,2.8107677,1.0,3,3,1.0,2,2,1.0
1338003,val,a30_31,3.486156,3.6048794,1.0,3,3,1.0,6,6,1.0
1345006,val,a30_31,2.9981365,3.5205963,1.0,3,2,1.0,2,4,1.0
1345007,val,a30_31,2.9201632,3.6249468,1.0,3,3,1.0,6,6,1.0
1346030,val,a30_31,3.8160114,0.0,1.0,3,2,1.0,6,2,1.0
1391033,val,a30_31,3.882854,3.6421258,1.0,3,3,1.0,6,2,1.0
1391175,val,a30_31,0.57336664,0.0,1.0,2,2,1.0,2,2,1.0
1394033,val,a30_31,1.8359754,0.0,1.0,3,2,1.0,4,4,1.0
1397005,val,a30_31,3.558504,3.6570578,1.0,3,3,1.0,2,2,1.0
1397172,val,a30_31,1.0987637,0.0,1.0,3,2,1.0,2,2,1.0
1426004,val,a30_31,1.4667158,1.5148215,1.0,3,3,1.0,6,2,1.0
1434032,val,a30_31,2.8450494,2.5882483,1.0,3,2,1.0,2,2,1.0
1434170,val,a30_31,3.300858,2.7760577,1.0,3,3,1.0,2,2,1.0
1435005,val,a30_31,4.096861,3.8998532,1.0,3,3,1.0,6,6,1.0
1485171,val,a30_31,3.6338031,3.5806315,1.0,3,3,1.0,2,2,1.0
1520031,val,a30_31,3.6786294,3.6576927,1.0,3,3,1.0,4,4,1.0
1540005,val,a30_31,4.280302,4.493356,1.0,3,3,1.0,6,6,1.0
1559003,val,a30_31,4.089759,4.33515,1.0,3,3,1.0,2,2,1.0
1559170,val,a30_31,3.2447262,3.7329192,1.0,3,3,1.0,2,2,1.0
1565180,val,a30_31,3.1362367,2.850009,1.0,3,3,1.0,2,2,1.0
1579030,val,a30_31,2.8704093,3.539721,1.0,3,3,1.0,2,2,1.0
1613007,val,a30_31,3.0070837,3.3296845,1.0,3,2,1.0,2,2,1.0
1621171,val,a30_31,3.9567745,4.0290737,1.0,3,3,1.0,2,2,1.0
1644004,val,a30_31,3.4510446,3.1041627,1.0,3,2,1.0,2,2,1.0
1652031,val,a30_31,3.3967419,3.7628198,1.0,3,3,1.0,2,2,1.0
1682032,val,a30_31,3.3933368,4.232157,1.0,3,3,1.0,6,6,1.0
1684173,val,a30_31,3.5344849,3.0831435,1.0,3,3,1.0,2,2,1.0
1687003,val,a30_31,3.4707873,3.0770123,1.0,3,3,1.0,2,2,1.0
1690170,val,a30_31,2.2201421,2.9952161,1.0,3,3,1.0,2,2,1.0
1692030,val,a30_31,0.5818902,0.0,1.0,2,2,1.0,2,2,1.0
1695034,val,a30_31,3.1261241,3.154082,1.0,3,3,1.0,2,2,1.0
1701004,val,a30_31,2.6569142,2.9586496,1.0,3,3,1.0,2,2,1.0
1721030,val,a30_31,3.8159747,4.218239,1.0,3,3,1.0,4,4,1.0
1723005,val,a30_31,0.54138744,0.0,1.0,2,2,1.0,2,2,1.0
1762030,val,a30_31,2.523287,1.8541794,1.0,3,3,1.0,2,2,1.0
1762031,val,a30_31,3.624089,3.4748342,1.0,3,3,1.0,2,2,1.0
1762032,val,a30_31,2.0875208,0.8422866,1.0,3,3,1.0,2,2,1.0
1774170,val,a30_31,3.3083873,3.530886,1.0,3,3,1.0,2,2,1.0
1774171,val,a30_31,3.3283,3.757377,1.0,3,3,1.0,2,2,1.0
1784171,val,a30_31,3.913631,4.354948,1.0,3,3,1.0,2,2,1.0
1786191,val,a30_31,3.8472447,4.0242934,1.0,3,3,1.0,2,2,1.0
1787005,val,a30_31,3.6160908,3.5573397,1.0,3,3,1.0,2,2,1.0
1787174,val,a30_31,3.0033984,3.4187503,1.0,3,3,1.0,2,2,1.0
1802003,val,a30_31,3.2503648,2.8268056,1.0,3,3,1.0,2,2,1.0
1845170,val,a30_31,3.8918293,3.5920963,1.0,3,3,1.0,2,2,1.0
1862171,val,a30_31,3.0850134,1.0280056,1.0,3,3,1.0,2,2,1.0
1898004,val,a30_31,3.415991,4.0346365,1.0,3,3,1.0,6,6,1.0
1911030,val,a30_31,2.605206,3.1301715,1.0,3,3,1.0,4,3,1.0
1914003,val,a30_31,0.765623,0.13113108,1.0,2,3,1.0,2,2,1.0
1919007,val,a30_31,4.043506,3.7895627,1.0,3,3,1.0,2,2,1.0
1954003,val,a30_31,3.4675143,3.2025814,1.0,3,3,1.0,2,2,1.0
1959005,val,a30_31,4.0100904,4.0288734,1.0,3,3,1.0,6,6,1.0
1964031,val,a30_31,2.2310283,0.0,0.0,3,-1,0.0,4,-1,0.0
1972173,val,a30_31,0.76362777,0.0,1.0,2,2,1.0,2,2,1.0
1978030,val,a30_31,3.592251,3.5649583,1.0,3,3,1.0,2,2,1.0
2005030,val,a30_31,3.1301532,2.9669423,1.0,3,3,1.0,6,6,1.0
2011174,val,a30_31,2.671139,2.6167932,1.0,3,3,1.0,2,2,1.0
2023030,val,a30_31,3.9573772,4.596575,1.0,3,3,1.0,6,6,1.0
2028030,val,a30_31,3.6869068,3.7856972,1.0,3,3,1.0,4,4,1.0
2055003,val,a30_31,2.7373047,2.474848,1.0,3,3,1.0,2,2,1.0
2067005,val,a30_31,3.7334797,3.8257277,1.0,3,3,1.0,2,2,1.0
2080170,val,a30_31,2.1251469,0.7748619,1.0,3,3,1.0,2,2,1.0
2106171,val,a30_31,0.6093936,0.0,1.0,2,2,1.0,2,2,1.0
2109002,val,a30_31,3.437746,4.0631533,1.0,3,3,1.0,2,2,1.0
2129186,val,a30_31,3.1857414,3.000162,1.0,3,3,1.0,2,2,1.0
2181007,val,a30_31,0.4683628,0.0,1.0,2,2,1.0,6,6,1.0
2181030,val,a30_31,3.2757683,3.2536054,1.0,3,3,1.0,4,4,1.0
2243174,val,a30_31,3.6769361,4.1554103,1.0,3,3,1.0,2,2,1.0
2260173,val,a30_31,2.8136091,1.88501,1.0,3,2,1.0,2,2,1.0
2261030,val,a30_31,3.3121266,2.6918542,1.0,3,3,1.0,2,2,1.0
2271171,val,a30_31,2.7117717,2.9267282,1.0,3,3,1.0,2,2,1.0
2282005,val,a30_31,3.314337,3.3026655,1.0,3,3,1.0,4,4,1.0
2302195,val,a30_31,0.5586443,0.0,1.0,2,2,1.0,2,2,1.0
2334031,val,a30_31,3.8575726,4.190539,1.0,3,3,1.0,2,2,1.0
2341172,val,a30_31,2.799024,1.6821941,1.0,3,2,1.0,2,2,1.0
2354175,val,a30_31,3.6913362,0.02431143,1.0,3,3,1.0,6,2,1.0
2355004,val,a30_31,1.5306017,2.3455245,1.0,3,3,1.0,4,4,1.0
2391030,val,a30_31,3.5505276,3.3619723,1.0,3,3,1.0,2,2,1.0
2397173,val,a30_31,0.6577703,0.0,1.0,2,2,1.0,2,3,1.0
2408170,val,a30_31,2.7590013,2.1372008,1.0,3,3,1.0,6,2,1.0
2425003,val,a30_31,2.7482524,1.4242183,1.0,3,3,1.0,2,2,1.0
2432030,val,a30_31,0.97215784,0.0,1.0,2,2,1.0,4,4,1.0
2435172,val,a30_31,1.0538836,1.2739747,1.0,2,3,1.0,2,2,1.0
2436174,val,a30_31,0.66338193,0.0,1.0,2,2,1.0,2,2,1.0
2436176,val,a30_31,1.1968071,1.6717893,1.0,2,3,1.0,2,2,1.0
2441003,val,a30_31,1.594522,2.0608215,1.0,3,3,1.0,2,2,1.0
2441173,val,a30_31,3.4299467,3.6020598,1.0,3,3,1.0,2,2,1.0
2458031,val,a30_31,4.3160734,4.507845,1.0,3,3,1.0,2,6,1.0
2461004,val,a30_31,0.65596247,1.2221372,1.0,2,2,1.0,2,2,1.0
2461030,val,a30_31,3.7100387,4.886779,1.0,3,3,1.0,2,2,1.0
2473004,val,a30_31,3.4415264,3.5453892,1.0,3,3,1.0,2,2,1.0
2483030,val,a30_31,2.9450817,1.4439538,1.0,3,2,1.0,2,2,1.0
2503030,val,a30_31,3.878399,4.153324,1.0,3,3,1.0,6,6,1.0
2510005,val,a30_31,3.7452736,3.681525,1.0,3,3,1.0,2,2,1.0
2525003,val,a30_31,3.2707887,1.0911466,1.0,3,2,1.0,2,2,1.0
2529030,val,a30_31,3.3515842,3.6850972,1.0,3,3,1.0,2,2,1.0
2529174,val,a30_31,3.083341,3.8850634,1.0,3,3,1.0,2,2,1.0
2530003,val,a30_31,2.3095708,2.4984546,1.0,3,3,1.0,2,2,1.0
2530004,val,a30_31,3.0378854,3.1229002,1.0,3,3,1.0,2,2,1.0
2569033,val,a30_31,3.0326874,3.1590667,1.0,3,3,1.0,6,2,1.0
2601006,val,a30_31,3.8109612,4.568841,1.0,3,3,1.0,6,2,1.0
2608006,val,a30_31,2.7677286,3.104259,1.0,3,3,1.0,2,2,1.0
2615034,val,a30_31,3.7030463,4.351215,1.0,3,3,1.0,2,2,1.0
2639004,val,a30_31,1.7431445,3.4125912,1.0,3,3,1.0,2,6,1.0
2665177,val,a30_31,0.6116893,0.50427806,1.0,2,2,1.0,6,6,1.0
2672006,val,a30_31,3.7084641,3.8187668,1.0,3,3,1.0,6,6,1.0
2672171,val,a30_31,2.5800872,4.456984,1.0,3,3,1.0,2,4,1.0
2697003,val,a30_31,3.890742,3.9311678,1.0,3,3,1.0,2,4,1.0
2704031,val,a30_31,3.3944538,3.4627373,1.0,3,3,1.0,6,2,1.0
2705030,val,a30_31,3.5881429,3.8132377,1.0,3,3,1.0,2,2,1.0
2707007,val,a30_31,2.7686772,2.7866313,1.0,3,3,1.0,2,2,1.0
2712172,val,a30_31,2.0489612,2.5026433,1.0,3,3,1.0,2,2,1.0
2731003,val,a30_31,3.030449,3.2932556,1.0,3,3,1.0,6,6,1.0
2731005,val,a30_31,3.963296,4.5509243,1.0,3,3,1.0,6,6,1.0
2770031,val,a30_31,3.4958618,3.598622,1.0,3,3,1.0,2,2,1.0
2816004,val,a30_31,0.5389552,0.0,1.0,2,2,1.0,2,2,1.0
2910002,val,a30_31,2.878284,2.9302201,1.0,3,3,1.0,2,2,1.0
3062001,val,a30_31,3.7412186,3.2921891,1.0,3,3,1.0,2,2,1.0
3235002,val,a30_31,2.589234,2.637326,1.0,3,3,1.0,2,2,1.0
3306001,val,a30_31,4.0640764,4.2639766,1.0,3,3,1.0,2,2,1.0
5015030,val,a30_31,2.2140265,3.053964,1.0,3,3,1.0,2,2,1.0
5048030,val,a30_31,2.8473644,0.9035515,1.0,3,3,1.0,6,6,1.0
5052033,val,a30_31,2.2311866,2.1652112,1.0,3,3,1.0,6,6,1.0
5057008,val,a30_31,0.32856393,0.0,1.0,2,2,1.0,6,6,1.0
5170009,val,a30_31,3.3646193,3.6723797,1.0,3,3,1.0,2,2,1.0
5230008,val,a30_31,3.1029117,3.3242893,1.0,3,3,1.0,2,2,1.0
5299010,val,a30_31,2.1954079,1.4410384,1.0,3,3,1.0,6,6,1.0
5336179,val,a30_31,3.0040705,2.2973404,1.0,3,2,1.0,2,2,1.0
5364005,val,a30_31,3.2070718,3.2058682,1.0,3,3,1.0,4,3,1.0
5379004,val,a30_31,3.2768517,2.9469423,1.0,3,3,1.0,4,4,1.0
5430173,val,a30_31,2.9920382,0.0,0.0,3,-1,0.0,6,-1,0.0
5488006,val,a30_31,3.4766574,3.6987822,1.0,3,3,1.0,6,6,1.0
5493007,val,a30_31,0.06665492,0.0,1.0,2,2,1.0,2,5,1.0
5537009,val,a30_31,2.6396995,2.2175868,1.0,3,3,1.0,2,2,1.0
5537177,val,a30_31,1.5011129,0.0,1.0,3,2,1.0,2,2,1.0
5537183,val,a30_31,3.536388,0.0,1.0,3,2,1.0,2,2,1.0
5569010,val,a30_31,2.9822264,3.477633,1.0,3,3,1.0,2,2,1.0
5600005,val,a30_31,1.4515775,2.3809192,1.0,3,2,1.0,6,6,1.0
5615183,val,a30_31,2.9209976,4.037687,1.0,3,3,1.0,2,2,1.0
5749006,val,a30_31,1.8495394,2.652741,1.0,3,3,1.0,4,2,1.0
5822175,val,a30_31,3.0515594,2.9794602,1.0,3,3,1.0,2,2,1.0
5832003,val,a30_31,3.1514654,0.0,0.0,3,-1,0.0,6,-1,0.0
5872005,val,a30_31,0.2522993,0.0,1.0,2,2,1.0,6,6,1.0
5898005,val,a30_31,1.6324823,0.0,1.0,3,2,1.0,6,4,1.0
5904033,val,a30_31,2.8314738,2.6030054,1.0,3,3,1.0,2,3,1.0
5987188,val,a30_31,3.0671272,3.0227742,1.0,3,3,1.0,2,2,1.0
6026005,val,a30_31,3.5181966,3.6704879,1.0,3,3,1.0,6,6,1.0
6026172,val,a30_31,3.5415056,3.7018018,1.0,3,3,1.0,6,6,1.0
6054031,val,a30_31,4.038849,4.3773117,1.0,3,3,1.0,6,6,1.0
6121033,val,a30_31,1.7120714,0.0,0.0,3,2,1.0,6,6,1.0
6156008,val,a30_31,3.4416223,3.766229,1.0,3,3,1.0,6,6,1.0
6157003,val,a30_31,3.0092766,2.724433,1.0,3,3,1.0,2,2,1.0
6210183,val,a30_31,3.0763292,3.5983658,1.0,3,3,1.0,6,2,1.0
6262030,val,a30_31,3.4887886,3.6729314,1.0,3,3,1.0,2,2,1.0
6368007,val,a30_31,1.8032196,1.520187,1.0,3,2,1.0,6,6,1.0
6381181,val,a30_31,3.4950824,3.8400397,1.0,3,3,1.0,6,6,1.0
6396003,val,a30_31,1.6729014,1.6638994,1.0,3,3,1.0,4,2,1.0
6431008,val,a30_31,2.8934052,3.2574513,1.0,3,3,1.0,2,2,1.0
6475170,val,a30_31,2.1251297,2.6670494,1.0,3,3,1.0,6,6,1.0
6522004,val,a30_31,0.37522578,0.0,1.0,2,2,1.0,6,6,1.0
6537032,val,a30_31,3.0277143,2.6992998,1.0,3,2,1.0,2,2,1.0
6541178,val,a30_31,3.5873568,4.0980587,1.0,3,3,1.0,2,2,1.0
6545006,val,a30_31,1.1146301,0.0,0.0,3,-1,0.0,2,-1,0.0
6547171,val,a30_31,3.0326166,2.844415,1.0,3,3,1.0,2,2,1.0
6571031,val,a30_31,2.9172447,0.0,0.0,3,-1,0.0,2,-1,0.0
6590008,val,a30_31,3.040123,3.052779,1.0,3,3,1.0,2,2,1.0
6616007,val,a30_31,2.0277221,2.4154687,1.0,3,2,1.0,2,2,1.0
6649003,val,a30_31,2.1672573,3.1905797,1.0,3,2,1.0,6,6,1.0
6710030,val,a30_31,0.5141313,3.334712,1.0,2,3,1.0,6,6,1.0
6745007,val,a30_31,3.1377943,0.0,0.0,3,-1,0.0,6,-1,0.0
6750005,val,a30_31,2.345529,0.0,1.0,3,3,1.0,2,3,1.0
6765006,val,a30_31,1.6274006,0.0,1.0,3,3,1.0,2,2,1.0
6822176,val,a30_31,3.061553,3.7020907,1.0,3,3,1.0,2,3,1.0
4007,val,a32_33,2.6595206,1.0867418,1.0,3,3,1.0,2,2,1.0
6174,val,a32_33,3.5623312,3.4142132,1.0,3,3,1.0,2,2,1.0
14004,val,a32_33,3.6878545,3.97576,1.0,3,3,1.0,2,2,1.0
14172,val,a32_33,0.65493083,0.0,1.0,2,2,1.0,2,2,1.0
14173,val,a32_33,3.423061,3.566897,1.0,3,3,1.0,2,2,1.0
18031,val,a32_33,0.8795655,0.0,1.0,2,2,1.0,2,2,1.0
18185,val,a32_33,2.2641077,3.419789,1.0,3,3,1.0,2,4,1.0
23031,val,a32_33,3.2321322,2.7639472,1.0,3,3,1.0,6,6,1.0
40173,val,a32_33,3.6520948,4.1959877,1.0,3,3,1.0,2,2,1.0
51171,val,a32_33,3.5291915,3.4484794,1.0,3,3,1.0,2,2,1.0
84005,val,a32_33,3.5706213,3.628354,1.0,3,3,1.0,6,6,1.0
121173,val,a32_33,2.969727,4.8089485,1.0,3,3,1.0,2,2,1.0
128004,val,a32_33,3.8954215,3.699267,1.0,3,3,1.0,2,2,1.0
145170,val,a32_33,3.424393,3.7859023,1.0,3,3,1.0,2,2,1.0
161004,val,a32_33,3.7116275,4.144882,1.0,3,3,1.0,6,6,1.0
172031,val,a32_33,3.2992306,3.4698775,1.0,3,3,1.0,2,2,1.0
174175,val,a32_33,2.3897328,3.505085,1.0,3,3,1.0,2,2,1.0
221031,val,a32_33,3.805326,3.6850972,1.0,3,3,1.0,2,2,1.0
223030,val,a32_33,3.5776405,3.5649583,1.0,3,3,1.0,2,2,1.0
227003,val,a32_33,4.085024,1.4325641,1.0,3,3,1.0,6,4,1.0
257175,val,a32_33,3.1467783,2.9559011,1.0,3,3,1.0,2,2,1.0
263182,val,a32_33,3.5145712,3.1111588,1.0,3,3,1.0,2,2,1.0
321005,val,a32_33,2.07032,0.0,1.0,3,3,1.0,2,2,1.0
361175,val,a32_33,2.4573016,2.4523063,1.0,3,2,1.0,4,2,1.0
377170,val,a32_33,3.3780107,4.1439614,1.0,3,3,1.0,2,2,1.0
450030,val,a32_33,3.8683786,3.9492195,1.0,3,3,1.0,6,6,1.0
465030,val,a32_33,2.6238399,3.4057453,1.0,3,3,1.0,4,2,1.0
478030,val,a32_33,2.731306,2.441683,1.0,3,2,1.0,6,5,1.0
503031,val,a32_33,2.4317122,4.011046,1.0,3,3,1.0,2,2,1.0
514172,val,a32_33,3.5728216,4.8569217,1.0,3,3,1.0,2,2,1.0
534030,val,a32_33,3.0661912,3.5290773,1.0,3,3,1.0,2,2,1.0
534171,val,a32_33,3.8748312,3.4207587,1.0,3,3,1.0,2,2,1.0
544170,val,a32_33,2.5719032,2.4005008,1.0,3,3,1.0,2,2,1.0
563193,val,a32_33,3.2568624,1.2695827,1.0,3,2,1.0,2,2,1.0
577174,val,a32_33,3.3087025,1.7688432,1.0,3,3,1.0,2,2,1.0
613006,val,a32_33,3.4981573,4.381024,1.0,3,3,1.0,2,6,1.0
618170,val,a32_33,3.984624,4.21746,1.0,3,3,1.0,2,2,1.0
631030,val,a32_33,2.6486998,3.6409497,1.0,3,2,1.0,2,4,1.0
633031,val,a32_33,3.2328134,3.587975,1.0,3,3,1.0,6,2,1.0
652173,val,a32_33,2.928443,3.7014766,1.0,3,3,1.0,2,2,1.0
655172,val,a32_33,3.1592004,2.5599382,1.0,3,3,1.0,2,2,1.0
656005,val,a32_33,2.4625778,1.6182599,1.0,3,2,1.0,2,2,1.0
691171,val,a32_33,2.7936819,2.3093877,1.0,3,3,1.0,2,4,1.0
738172,val,a32_33,1.8902097,3.3051815,1.0,3,3,1.0,2,2,1.0
751030,val,a32_33,1.770539,2.7029045,1.0,3,3,1.0,2,2,1.0
762170,val,a32_33,4.0747128,4.7859936,1.0,3,3,1.0,2,2,1.0
783171,val,a32_33,2.9827652,0.0,1.0,3,2,1.0,2,2,1.0
863007,val,a32_33,2.6420226,2.0965526,1.0,3,3,1.0,2,2,1.0
893170,val,a32_33,2.661832,1.1484697,1.0,3,2,1.0,2,2,1.0
894031,val,a32_33,3.3309312,2.920467,1.0,3,3,1.0,2,2,1.0
898181,val,a32_33,2.7426581,2.303382,1.0,3,2,1.0,6,2,1.0
899003,val,a32_33,3.4381518,3.1265504,1.0,3,3,1.0,4,4,1.0
916032,val,a32_33,2.5926692,3.433667,1.0,3,3,1.0,6,6,1.0
922005,val,a32_33,3.524034,2.0455058,1.0,3,3,1.0,2,2,1.0
931172,val,a32_33,3.5095367,2.9653394,1.0,3,3,1.0,2,2,1.0
939032,val,a32_33,4.1828136,4.886779,1.0,3,3,1.0,2,2,1.0
958030,val,a32_33,3.51484,3.514469,1.0,3,3,1.0,2,2,1.0
958173,val,a32_33,2.7384136,3.0765197,1.0,3,3,1.0,2,2,1.0
961005,val,a32_33,3.1350703,2.9124293,1.0,3,2,1.0,4,2,1.0
961030,val,a32_33,2.831211,3.8700032,1.0,3,3,1.0,6,6,1.0
961175,val,a32_33,3.52686,3.3337398,1.0,3,3,1.0,2,2,1.0
1051183,val,a32_33,3.8982368,3.8180304,1.0,3,3,1.0,2,2,1.0
1084005,val,a32_33,2.9861813,0.0,1.0,3,2,1.0,2,2,1.0
1089003,val,a32_33,2.8099768,3.267166,1.0,3,3,1.0,2,2,1.0
1093003,val,a32_33,0.6798389,0.0,1.0,2,2,1.0,2,2,1.0
1107173,val,a32_33,1.6945928,2.8713987,1.0,3,3,1.0,2,2,1.0
1109174,val,a32_33,1.733208,1.7994808,1.0,3,2,1.0,2,2,1.0
1121030,val,a32_33,3.5087752,3.2479649,1.0,3,3,1.0,2,2,1.0
1121175,val,a32_33,2.3009014,2.7939436,1.0,3,3,1.0,2,2,1.0
1125172,val,a32_33,2.560916,2.505347,1.0,3,3,1.0,2,2,1.0
1126030,val,a32_33,2.896671,3.0186512,1.0,3,3,1.0,2,2,1.0
1126176,val,a32_33,1.6415126,4.886779,1.0,3,3,1.0,2,2,1.0
1152180,val,a32_33,3.0743713,3.2781074,1.0,3,3,1.0,2,2,1.0
1164004,val,a32_33,3.4277105,3.232986,1.0,3,3,1.0,2,2,1.0
1184032,val,a32_33,3.3001435,3.3217459,1.0,3,3,1.0,2,2,1.0
1184033,val,a32_33,2.0905826,0.0,1.0,3,2,1.0,6,2,1.0
1185003,val,a32_33,3.2095835,2.8616178,1.0,3,2,1.0,2,2,1.0
1222004,val,a32_33,2.4223287,0.0,1.0,3,2,1.0,2,2,1.0
1222006,val,a32_33,3.2196102,3.2669837,1.0,3,3,1.0,2,2,1.0
1284170,val,a32_33,3.3357677,3.8794374,1.0,3,3,1.0,2,2,1.0
1292004,val,a32_33,2.7473795,1.8490136,1.0,3,3,1.0,2,2,1.0
1314172,val,a32_33,3.443621,1.2554071,1.0,3,3,1.0,2,2,1.0
1332005,val,a32_33,4.1776915,1.8490136,1.0,3,3,1.0,2,4,1.0
1335010,val,a32_33,3.3622932,2.8287268,1.0,3,3,1.0,2,2,1.0
1338003,val,a32_33,3.3605328,3.5806177,1.0,3,3,1.0,6,6,1.0
1345006,val,a32_33,2.820615,3.5201502,1.0,3,3,1.0,2,4,1.0
1345007,val,a32_33,2.915869,3.3856368,1.0,3,3,1.0,6,6,1.0
1346030,val,a32_33,3.7376866,0.0,1.0,3,2,1.0,6,2,1.0
1391033,val,a32_33,3.9033806,3.8577616,1.0,3,3,1.0,6,2,1.0
1391175,val,a32_33,0.6201941,2.1802564,1.0,2,3,1.0,2,2,1.0
1394033,val,a32_33,1.8853283,0.0,1.0,3,2,1.0,4,4,1.0
1397005,val,a32_33,3.5599766,3.384829,1.0,3,3,1.0,2,2,1.0
1397172,val,a32_33,1.1222918,0.6637555,1.0,3,2,1.0,2,2,1.0
1426004,val,a32_33,1.679307,1.2936131,1.0,3,2,1.0,6,3,1.0
1434032,val,a32_33,2.7278972,1.6391988,1.0,3,3,1.0,2,2,1.0
1434170,val,a32_33,3.2491386,2.9495683,1.0,3,3,1.0,2,2,1.0
1435005,val,a32_33,4.0747366,3.904213,1.0,3,3,1.0,2,2,1.0
1485171,val,a32_33,3.6282458,1.6021421,1.0,3,3,1.0,2,2,1.0
1520031,val,a32_33,3.5372238,3.9380646,1.0,3,3,1.0,4,2,1.0
1540005,val,a32_33,4.266442,2.2967575,1.0,3,3,1.0,6,2,1.0
1559003,val,a32_33,4.078647,4.4298196,1.0,3,3,1.0,2,2,1.0
1559170,val,a32_33,3.0418336,3.635588,1.0,3,3,1.0,2,2,1.0
1565180,val,a32_33,2.9953356,3.4698775,1.0,3,3,1.0,2,2,1.0
1579030,val,a32_33,2.8421767,3.4738486,1.0,3,3,1.0,2,2,1.0
1613007,val,a32_33,2.8536747,0.38016513,1.0,3,2,1.0,2,2,1.0
1621171,val,a32_33,3.9583087,4.339688,1.0,3,3,1.0,2,2,1.0
1644004,val,a32_33,3.2698529,1.2289442,1.0,3,3,1.0,2,2,1.0
1652031,val,a32_33,3.1810694,0.0,1.0,3,2,1.0,2,2,1.0
1682032,val,a32_33,3.4559157,4.266328,1.0,3,3,1.0,6,6,1.0
1684173,val,a32_33,3.526792,3.2957816,1.0,3,3,1.0,2,2,1.0
1687003,val,a32_33,3.484779,3.19179,1.0,3,3,1.0,2,2,1.0
1690170,val,a32_33,2.1541452,3.3861604,1.0,3,3,1.0,2,2,1.0
1692030,val,a32_33,0.69405496,1.5561625,1.0,2,3,1.0,2,2,1.0
1695034,val,a32_33,2.9814339,3.4795048,1.0,3,3,1.0,2,2,1.0
1701004,val,a32_33,2.5048602,3.2293725,1.0,3,3,1.0,2,2,1.0
1721030,val,a32_33,3.6425087,3.8455408,1.0,3,3,1.0,4,2,1.0
1723005,val,a32_33,0.63870835,0.82886904,1.0,2,2,1.0,2,2,1.0
1762030,val,a32_33,2.4472663,1.9757252,1.0,3,3,1.0,2,2,1.0
1762031,val,a32_33,3.58611,3.5925455,1.0,3,3,1.0,2,2,1.0
1762032,val,a32_33,2.056481,1.6391988,1.0,3,3,1.0,2,3,1.0
1774170,val,a32_33,3.1054854,3.9912028,1.0,3,3,1.0,2,2,1.0
1774171,val,a32_33,3.1324348,3.549721,1.0,3,3,1.0,2,2,1.0
1784171,val,a32_33,3.9177866,4.220819,1.0,3,3,1.0,2,2,1.0
1786191,val,a32_33,3.818564,3.9380646,1.0,3,3,1.0,2,2,1.0
1787005,val,a32_33,3.574215,3.6982102,1.0,3,3,1.0,2,2,1.0
1787174,val,a32_33,2.814282,3.4946194,1.0,3,3,1.0,2,2,1.0
1802003,val,a32_33,3.2664793,2.9506648,1.0,3,3,1.0,2,2,1.0
1845170,val,a32_33,3.907198,3.4964852,1.0,3,3,1.0,2,2,1.0
1862171,val,a32_33,3.0375388,3.7249148,1.0,3,3,1.0,2,2,1.0
1898004,val,a32_33,3.284396,3.97414,1.0,3,3,1.0,6,6,1.0
1911030,val,a32_33,2.4870985,3.1334782,1.0,3,3,1.0,4,2,1.0
1914003,val,a32_33,0.81862855,1.1835238,1.0,2,3,1.0,2,2,1.0
1919007,val,a32_33,4.0383434,3.963373,1.0,3,3,1.0,2,2,1.0
1954003,val,a32_33,3.4088087,3.3071876,1.0,3,3,1.0,2,2,1.0
1959005,val,a32_33,3.8957872,4.227319,1.0,3,3,1.0,6,6,1.0
1964031,val,a32_33,2.2255,0.0,0.0,3,-1,0.0,4,-1,0.0
1972173,val,a32_33,0.8430389,3.2300382,1.0,2,3,1.0,2,3,1.0
1978030,val,a32_33,3.4348648,3.9380646,1.0,3,3,1.0,2,2,1.0
2005030,val,a32_33,3.0911372,3.6323774,1.0,3,3,1.0,6,6,1.0
2011174,val,a32_33,2.4818292,3.1610117,1.0,3,3,1.0,2,2,1.0
2023030,val,a32_33,3.83503,4.676276,1.0,3,3,1.0,6,6,1.0
2028030,val,a32_33,3.539215,3.8275414,1.0,3,3,1.0,4,4,1.0
2055003,val,a32_33,2.5924757,2.436415,1.0,3,3,1.0,2,2,1.0
2067005,val,a32_33,3.7408285,3.8835647,1.0,3,3,1.0,2,2,1.0
2080170,val,a32_33,2.044996,1.5193015,1.0,3,3,1.0,2,2,1.0
2106171,val,a32_33,0.723107,1.9249718,1.0,2,3,1.0,2,2,1.0
2109002,val,a32_33,3.2313325,4.320229,1.0,3,3,1.0,2,3,1.0
2129186,val,a32_33,3.1995335,3.4382844,1.0,3,3,1.0,2,2,1.0
2181007,val,a32_33,0.6848886,0.0,1.0,2,2,1.0,6,6,1.0
2181030,val,a32_33,3.152865,3.2005377,1.0,3,3,1.0,4,4,1.0
2243174,val,a32_33,3.5563288,4.3128266,1.0,3,3,1.0,2,2,1.0
2260173,val,a32_33,2.6521003,1.8636948,1.0,3,3,1.0,2,2,1.0
2261030,val,a32_33,3.173161,3.46386,1.0,3,3,1.0,2,2,1.0
2271171,val,a32_33,2.5489056,2.8805687,1.0,3,3,1.0,2,2,1.0
2282005,val,a32_33,3.1947465,2.6999228,1.0,3,3,1.0,2,4,1.0
2302195,val,a32_33,0.6812918,0.0,1.0,2,2,1.0,2,3,1.0
2334031,val,a32_33,3.664833,4.3227935,1.0,3,3,1.0,2,2,1.0
2341172,val,a32_33,2.638046,1.4055939,1.0,3,3,1.0,2,2,1.0
2354175,val,a32_33,3.7012062,3.5770934,1.0,3,3,1.0,6,2,1.0
2355004,val,a32_33,1.6398218,3.1516616,1.0,3,3,1.0,4,4,1.0
2391030,val,a32_33,3.5086472,3.3850226,1.0,3,3,1.0,2,2,1.0
2397173,val,a32_33,0.7383357,1.5610666,1.0,2,2,1.0,2,4,1.0
2408170,val,a32_33,2.7238739,1.7504245,1.0,3,3,1.0,6,2,1.0
2425003,val,a32_33,2.6093345,1.0458099,1.0,3,3,1.0,2,2,1.0
2432030,val,a32_33,1.1799815,3.1244323,1.0,2,3,1.0,4,4,1.0
2435172,val,a32_33,1.0985603,2.6671154,1.0,3,3,1.0,2,2,1.0
2436174,val,a32_33,0.7583668,0.0,1.0,2,2,1.0,2,2,1.0
2436176,val,a32_33,1.2672545,2.3387928,1.0,3,3,1.0,2,2,1.0
2441003,val,a32_33,1.5756733,2.767564,1.0,3,3,1.0,2,2,1.0
2441173,val,a32_33,3.374625,3.35304,1.0,3,2,1.0,2,2,1.0
2458031,val,a32_33,4.291485,4.4858203,1.0,3,3,1.0,2,6,1.0
2461004,val,a32_33,0.8074504,0.0,1.0,2,2,1.0,2,2,1.0
2461030,val,a32_33,3.6496062,4.886779,1.0,3,3,1.0,2,2,1.0
2473004,val,a32_33,3.3867717,3.5253677,1.0,3,3,1.0,2,2,1.0
2483030,val,a32_33,2.842605,2.811228,1.0,3,3,1.0,2,3,1.0
2503030,val,a32_33,3.8901627,3.3822985,1.0,3,2,1.0,6,6,1.0
2510005,val,a32_33,3.7466352,3.1491687,1.0,3,3,1.0,2,2,1.0
2525003,val,a32_33,3.3220994,1.4930412,1.0,3,2,1.0,2,2,1.0
2529030,val,a32_33,3.3146684,2.3032491,1.0,3,3,1.0,2,2,1.0
2529174,val,a32_33,2.8619246,4.1124773,1.0,3,3,1.0,2,2,1.0
2530003,val,a32_33,2.2783747,0.0,0.0,3,-1,0.0,2,-1,0.0
2530004,val,a32_33,2.854432,3.012737,1.0,3,3,1.0,2,2,1.0
2569033,val,a32_33,3.0004025,3.4540765,1.0,3,3,1.0,6,2,1.0
2601006,val,a32_33,3.7255306,4.6354756,1.0,3,3,1.0,6,2,1.0
2608006,val,a32_33,2.7717564,3.1019585,1.0,3,3,1.0,2,2,1.0
2615034,val,a32_33,3.505401,4.0760427,1.0,3,3,1.0,2,2,1.0
2639004,val,a32_33,1.9282264,3.5780287,1.0,3,3,1.0,2,4,1.0
2665177,val,a32_33,0.8451414,0.0,1.0,2,2,1.0,6,6,1.0
2672006,val,a32_33,3.6062179,3.845893,1.0,3,3,1.0,6,2,1.0
2672171,val,a32_33,2.5220716,3.2094243,1.0,3,3,1.0,2,4,1.0
2697003,val,a32_33,3.8695755,4.1256022,1.0,3,3,1.0,2,4,1.0
2704031,val,a32_33,3.4022338,3.3051815,1.0,3,3,1.0,6,2,1.0
2705030,val,a32_33,3.3617606,4.1353226,1.0,3,3,1.0,2,2,1.0
2707007,val,a32_33,2.6336024,2.9212708,1.0,3,3,1.0,2,2,1.0
2712172,val,a32_33,2.0001419,2.9834774,1.0,3,3,1.0,2,2,1.0
2731003,val,a32_33,2.9802973,3.4424026,1.0,3,3,1.0,6,6,1.0
2731005,val,a32_33,3.8601851,4.657845,1.0,3,3,1.0,6,6,1.0
2770031,val,a32_33,3.3326998,3.5017936,1.0,3,3,1.0,2,2,1.0
2816004,val,a32_33,0.62479806,0.99481934,1.0,2,3,1.0,2,2,1.0
2910002,val,a32_33,2.8259723,2.9570043,1.0,3,2,1.0,2,2,1.0
3062001,val,a32_33,3.6951401,3.0165422,1.0,3,3,1.0,2,2,1.0
3235002,val,a32_33,2.4890556,3.067396,1.0,3,3,1.0,2,2,1.0
3306001,val,a32_33,4.04513,4.5033164,1.0,3,3,1.0,2,2,1.0
5015030,val,a32_33,2.1771781,3.1231244,1.0,3,3,1.0,2,2,1.0
5048030,val,a32_33,2.855148,0.85221577,1.0,3,3,1.0,6,6,1.0
5052033,val,a32_33,2.2615616,2.1177578,1.0,3,3,1.0,6,6,1.0
5057008,val,a32_33,0.5880691,0.0,1.0,2,2,1.0,6,6,1.0
5170009,val,a32_33,3.2982087,3.754378,1.0,3,3,1.0,2,2,1.0
5230008,val,a32_33,3.0394669,3.23986,1.0,3,3,1.0,2,2,1.0
5299010,val,a32_33,2.2964365,0.0,1.0,3,2,1.0,6,6,1.0
5336179,val,a32_33,2.9166312,2.1424496,1.0,3,3,1.0,2,2,1.0
5364005,val,a32_33,3.0551493,3.1292195,1.0,3,3,1.0,4,3,1.0
5379004,val,a32_33,3.1498692,3.4401562,1.0,3,3,1.0,4,4,1.0
5430173,val,a32_33,2.9636538,0.0,1.0,3,2,1.0,6,6,1.0
5488006,val,a32_33,3.3926601,3.6953425,1.0,3,3,1.0,6,6,1.0
5493007,val,a32_33,0.27152967,0.0,1.0,2,2,1.0,2,6,1.0
5537009,val,a32_33,2.5982726,0.0,0.0,3,-1,0.0,2,-1,0.0
5537177,val,a32_33,1.5948235,0.0,1.0,3,2,1.0,2,2,1.0
5537183,val,a32_33,3.466671,3.904599,1.0,3,3,1.0,2,2,1.0
5569010,val,a32_33,2.936093,3.7087364,1.0,3,3,1.0,2,2,1.0
5600005,val,a32_33,1.7048357,2.8738692,1.0,3,3,1.0,6,6,1.0
5615183,val,a32_33,2.8473575,3.4054897,1.0,3,3,1.0,2,2,1.0
5749006,val,a32_33,1.8765748,2.906099,1.0,3,3,1.0,4,2,1.0
5822175,val,a32_33,2.9773338,3.410315,1.0,3,3,1.0,2,2,1.0
5832003,val,a32_33,2.9839323,3.3075924,1.0,3,2,1.0,6,6,1.0
5872005,val,a32_33,0.43906665,0.0,1.0,2,2,1.0,6,6,1.0
5898005,val,a32_33,1.77469,1.7823017,1.0,3,3,1.0,6,4,1.0
5904033,val,a32_33,2.722732,0.84036845,1.0,3,3,1.0,2,3,1.0
5987188,val,a32_33,2.9818153,2.9850528,1.0,3,3,1.0,2,2,1.0
6026005,val,a32_33,3.4569502,3.9760501,1.0,3,3,1.0,6,2,1.0
6026172,val,a32_33,3.438351,3.810312,1.0,3,3,1.0,6,2,1.0
6054031,val,a32_33,3.9219065,3.938906,1.0,3,3,1.0,6,6,1.0
6121033,val,a32_33,1.867492,0.0,0.0,3,-1,0.0,6,-1,0.0
6156008,val,a32_33,3.3970885,3.793373,1.0,3,3,1.0,6,6,1.0
6157003,val,a32_33,2.933811,2.9488564,1.0,3,3,1.0,2,2,1.0
6210183,val,a32_33,2.975038,3.3647535,1.0,3,3,1.0,6,2,1.0
6262030,val,a32_33,3.3715477,4.031533,1.0,3,3,1.0,2,2,1.0
6368007,val,a32_33,1.9326234,0.41118228,1.0,3,2,1.0,6,6,1.0
6381181,val,a32_33,3.3877983,4.056612,1.0,3,3,1.0,6,2,1.0
6396003,val,a32_33,1.7726216,1.5197067,1.0,3,3,1.0,4,2,1.0
6431008,val,a32_33,2.843522,3.2996137,1.0,3,3,1.0,2,2,1.0
6475170,val,a32_33,2.1641498,2.8357437,1.0,3,3,1.0,6,6,1.0
6522004,val,a32_33,0.64197755,0.0,1.0,2,2,1.0,6,6,1.0
6537032,val,a32_33,2.9537706,0.0,1.0,3,2,1.0,2,2,1.0
6541178,val,a32_33,3.4095762,4.160322,1.0,3,3,1.0,2,2,1.0
6545006,val,a32_33,1.3555804,0.0,0.0,3,-1,0.0,2,-1,0.0
6547171,val,a32_33,2.9638307,2.8279142,1.0,3,3,1.0,2,2,1.0
6571031,val,a32_33,2.839647,3.3175473,1.0,3,3,1.0,2,3,1.0
6590008,val,a32_33,3.008364,3.1238058,1.0,3,3,1.0,2,2,1.0
6616007,val,a32_33,2.0622983,2.2041533,1.0,3,3,1.0,2,3,1.0
6649003,val,a32_33,2.2727768,2.9051325,1.0,3,3,1.0,6,6,1.0
6710030,val,a32_33,0.8221382,0.0,0.0,2,-1,0.0,6,-1,0.0
6745007,val,a32_33,3.1553845,0.0,0.0,3,-1,0.0,6,-1,0.0
6750005,val,a32_33,2.2985945,3.182522,1.0,3,3,1.0,2,4,1.0
6765006,val,a32_33,1.711343,2.837602,1.0,3,3,1.0,2,2,1.0
6822176,val,a32_33,2.9938745,3.8595586,1.0,3,3,1.0,2,4,1.0
4007,val,a34_35,2.6660159,2.800409,1.0,3,3,1.0,2,2,1.0
6174,val,a34_35,3.5972097,3.436764,1.0,3,3,1.0,2,2,1.0
14004,val,a34_35,3.714127,3.998868,1.0,3,3,1.0,2,2,1.0
14172,val,a34_35,0.86432946,0.0,1.0,2,2,1.0,2,2,1.0
14173,val,a34_35,3.4522352,3.6810904,1.0,3,3,1.0,2,2,1.0
18031,val,a34_35,1.1751221,0.68363804,1.0,2,2,1.0,2,2,1.0
18185,val,a34_35,2.302514,0.9108581,1.0,3,2,1.0,2,2,1.0
23031,val,a34_35,3.190803,3.4142132,1.0,3,3,1.0,6,6,1.0
40173,val,a34_35,3.687314,3.7375634,1.0,3,3,1.0,2,2,1.0
51171,val,a34_35,3.5552115,3.6482122,1.0,3,3,1.0,2,2,1.0
84005,val,a34_35,3.4922614,3.8661423,1.0,3,3,1.0,6,6,1.0
121173,val,a34_35,2.9364898,4.4823527,1.0,3,3,1.0,2,2,1.0
128004,val,a34_35,3.8963692,3.7695422,1.0,3,3,1.0,2,2,1.0
145170,val,a34_35,3.4917936,3.050315,1.0,3,3,1.0,2,2,1.0
161004,val,a34_35,3.6965013,4.29205,1.0,3,3,1.0,6,6,1.0
172031,val,a34_35,3.297901,3.0302796,1.0,3,3,1.0,2,2,1.0
174175,val,a34_35,2.4953568,3.4826064,1.0,3,3,1.0,2,2,1.0
221031,val,a34_35,3.8436038,4.00667,1.0,3,3,1.0,2,2,1.0
223030,val,a34_35,3.620791,4.1992106,1.0,3,3,1.0,2,2,1.0
227003,val,a34_35,3.999012,3.9942298,1.0,3,3,1.0,2,4,1.0
257175,val,a34_35,3.190609,1.5653204,1.0,3,3,1.0,2,2,1.0
263182,val,a34_35,3.5733194,3.226835,1.0,3,3,1.0,2,2,1.0
321005,val,a34_35,2.0874164,1.8506196,1.0,3,3,1.0,2,2,1.0
361175,val,a34_35,2.5361602,0.5806059,1.0,3,2,1.0,4,2,1.0
377170,val,a34_35,3.4146113,4.052736,1.0,3,3,1.0,2,2,1.0
450030,val,a34_35,3.7824323,3.535023,1.0,3,3,1.0,6,6,1.0
465030,val,a34_35,2.6256351,3.46386,1.0,3,3,1.0,4,2,1.0
478030,val,a34_35,2.7322001,0.0,1.0,3,3,1.0,4,5,1.0
503031,val,a34_35,2.5320914,4.179109,1.0,3,3,1.0,2,2,1.0
514172,val,a34_35,3.5718675,4.4858203,1.0,3,3,1.0,2,2,1.0
534030,val,a34_35,3.04525,1.7294579,1.0,3,3,1.0,2,2,1.0
534171,val,a34_35,3.9112124,3.2709668,1.0,3,3,1.0,2,2,1.0
544170,val,a34_35,2.574158,2.6415782,1.0,3,3,1.0,2,2,1.0
563193,val,a34_35,3.317556,0.0,1.0,3,2,1.0,2,2,1.0
577174,val,a34_35,3.3860183,2.117311,1.0,3,3,1.0,2,2,1.0
613006,val,a34_35,3.5297081,3.412913,1.0,3,2,1.0,2,6,1.0
618170,val,a34_35,4.020613,4.139663,1.0,3,3,1.0,2,2,1.0
631030,val,a34_35,2.80789,4.0355644,1.0,3,3,1.0,2,4,1.0
633031,val,a34_35,3.2145386,3.806156,1.0,3,3,1.0,4,2,1.0
652173,val,a34_35,2.8765817,3.5265098,1.0,3,3,1.0,2,2,1.0
655172,val,a34_35,3.0951416,3.625488,1.0,3,2,1.0,2,2,1.0
656005,val,a34_35,2.4918222,2.2859914,1.0,3,3,1.0,2,2,1.0
691171,val,a34_35,2.7652016,2.9259071,1.0,3,3,1.0,2,4,1.0
738172,val,a34_35,1.9756019,2.920467,1.0,3,3,1.0,2,2,1.0
751030,val,a34_35,1.9220439,2.1802564,1.0,3,3,1.0,2,2,1.0
762170,val,a34_35,4.100873,4.451708,1.0,3,3,1.0,2,2,1.0
783171,val,a34_35,2.9127853,0.0,1.0,3,2,1.0,2,2,1.0
863007,val,a34_35,2.64625,2.018303,1.0,3,3,1.0,2,2,1.0
893170,val,a34_35,2.6717918,0.0,1.0,3,2,1.0,2,2,1.0
894031,val,a34_35,3.2778206,3.045166,1.0,3,3,1.0,2,2,1.0
898181,val,a34_35,2.6766086,2.2668793,1.0,3,3,1.0,2,2,1.0
899003,val,a34_35,3.4428368,3.2250204,1.0,3,3,1.0,4,4,1.0
916032,val,a34_35,2.5837727,0.97904295,1.0,3,3,1.0,6,6,1.0
922005,val,a34_35,3.4664102,2.986773,1.0,3,3,1.0,2,2,1.0
931172,val,a34_35,3.568034,2.7452414,1.0,3,3,1.0,2,2,1.0
939032,val,a34_35,4.1904144,4.8055015,1.0,3,3,1.0,2,2,1.0
958030,val,a34_35,3.5237403,3.643596,1.0,3,3,1.0,2,2,1.0
958173,val,a34_35,2.7610083,3.051619,1.0,3,3,1.0,2,2,1.0
961005,val,a34_35,3.1336865,2.7400177,1.0,3,3,1.0,2,4,1.0
961030,val,a34_35,2.888583,4.009967,1.0,3,3,1.0,6,2,1.0
961175,val,a34_35,3.5841599,3.5397089,1.0,3,3,1.0,2,2,1.0
1051183,val,a34_35,3.9186158,3.5068526,1.0,3,3,1.0,2,2,1.0
1084005,val,a34_35,2.957809,1.2412424,1.0,3,3,1.0,2,2,1.0
1089003,val,a34_35,2.764932,3.223352,1.0,3,3,1.0,2,2,1.0
1093003,val,a34_35,0.93056273,0.0,1.0,2,2,1.0,2,2,1.0
1107173,val,a34_35,1.8581464,0.0,1.0,3,2,1.0,2,2,1.0
1109174,val,a34_35,1.8201883,1.7912925,1.0,3,3,1.0,2,2,1.0
1121030,val,a34_35,3.545371,3.3347914,1.0,3,3,1.0,2,2,1.0
1121175,val,a34_35,2.3474417,2.8474362,1.0,3,3,1.0,2,2,1.0
1125172,val,a34_35,2.5827982,2.8422003,1.0,3,3,1.0,2,2,1.0
1126030,val,a34_35,2.8836167,3.5079842,1.0,3,3,1.0,2,2,1.0
1126176,val,a34_35,1.8531656,4.886779,1.0,3,3,1.0,2,2,1.0
1152180,val,a34_35,3.0578732,3.3841953,1.0,3,3,1.0,2,2,1.0
1164004,val,a34_35,3.4615285,3.3247015,1.0,3,3,1.0,2,2,1.0
1184032,val,a34_35,3.2957573,3.718973,1.0,3,3,1.0,2,2,1.0
1184033,val,a34_35,2.2093654,0.0,1.0,3,2,1.0,6,2,1.0
1185003,val,a34_35,3.1382627,0.1392965,1.0,3,2,1.0,2,2,1.0
1222004,val,a34_35,2.4421053,0.6502385,1.0,3,3,1.0,2,2,1.0
1222006,val,a34_35,3.2907548,0.0,1.0,3,3,1.0,2,2,1.0
1284170,val,a34_35,3.2514095,2.9825165,1.0,3,3,1.0,2,2,1.0
1292004,val,a34_35,2.736285,2.6426997,1.0,3,3,1.0,2,2,1.0
1314172,val,a34_35,3.473387,3.6161854,1.0,3,3,1.0,2,2,1.0
1332005,val,a34_35,4.1095066,3.4484794,1.0,3,3,1.0,2,2,1.0
1335010,val,a34_35,3.3709953,2.9968593,1.0,3,3,1.0,2,2,1.0
1338003,val,a34_35,3.2741814,3.7758262,1.0,3,3,1.0,6,6,1.0
1345006,val,a34_35,2.8140826,2.5475004,1.0,3,3,1.0,2,2,1.0
1345007,val,a34_35,2.8765254,4.046768,1.0,3,3,1.0,6,6,1.0
1346030,val,a34_35,3.6435935,0.0,1.0,3,2,1.0,6,2,1.0
1391033,val,a34_35,3.866599,3.6222303,1.0,3,3,1.0,6,2,1.0
1391175,val,a34_35,0.7811185,3.1423733,1.0,2,3,1.0,2,4,1.0
1394033,val,a34_35,1.9676784,0.0,1.0,3,2,1.0,4,4,1.0
1397005,val,a34_35,3.5965238,3.6320806,1.0,3,3,1.0,2,2,1.0
1397172,val,a34_35,1.3396508,0.0,1.0,3,2,1.0,2,2,1.0
1426004,val,a34_35,1.7895269,2.7400177,1.0,3,3,1.0,6,6,1.0
1434032,val,a34_35,2.7412174,1.6446948,1.0,3,3,1.0,2,2,1.0
1434170,val,a34_35,3.2977867,3.3065176,1.0,3,3,1.0,2,2,1.0
1435005,val,a34_35,4.0381236,4.083877,1.0,3,3,1.0,2,2,1.0
1485171,val,a34_35,3.662706,3.1599016,1.0,3,3,1.0,2,2,1.0
1520031,val,a34_35,3.4998505,4.223541,1.0,3,3,1.0,4,3,1.0
1540005,val,a34_35,4.239218,1.1484697,1.0,3,3,1.0,2,2,1.0
1559003,val,a34_35,4.0862284,4.581772,1.0,3,3,1.0,2,2,1.0
1559170,val,a34_35,2.9741073,3.1855898,1.0,3,3,1.0,2,2,1.0
1565180,val,a34_35,2.9905694,3.8731043,1.0,3,3,1.0,2,2,1.0
1579030,val,a34_35,2.976678,3.2707531,1.0,3,3,1.0,2,2,1.0
1613007,val,a34_35,2.784505,1.1782345,1.0,3,3,1.0,2,2,1.0
1621171,val,a34_35,3.994802,4.233549,1.0,3,3,1.0,2,2,1.0
1644004,val,a34_35,3.2082198,3.4810104,1.0,3,3,1.0,2,2,1.0
1652031,val,a34_35,3.1209967,1.224851,1.0,3,3,1.0,2,2,1.0
1682032,val,a34_35,3.4870088,4.058486,1.0,3,3,1.0,6,2,1.0
1684173,val,a34_35,3.568719,3.449071,1.0,3,3,1.0,2,2,1.0
1687003,val,a34_35,3.5022159,3.3014047,1.0,3,3,1.0,2,2,1.0
1690170,val,a34_35,2.211757,3.3312128,1.0,3,3,1.0,2,2,1.0
1692030,val,a34_35,0.9084785,2.5444038,1.0,2,3,1.0,2,4,1.0
1695034,val,a34_35,2.9443634,3.5729935,1.0,3,2,1.0,2,2,1.0
1701004,val,a34_35,2.5282633,3.4728677,1.0,3,3,1.0,2,2,1.0
1721030,val,a34_35,3.5562587,3.6708767,1.0,3,3,1.0,4,2,1.0
1723005,val,a34_35,0.85890067,1.1481966,1.0,2,2,1.0,2,2,1.0
1762030,val,a34_35,2.5210714,2.3319604,1.0,3,2,1.0,2,3,1.0
1762031,val,a34_35,3.6301134,3.7397017,1.0,3,3,1.0,2,2,1.0
1762032,val,a34_35,2.1834486,2.5473228,1.0,3,3,1.0,2,3,1.0
1774170,val,a34_35,3.037755,3.9032092,1.0,3,2,1.0,2,2,1.0
1774171,val,a34_35,3.0598211,3.6229506,1.0,3,3,1.0,2,2,1.0
1784171,val,a34_35,3.9423928,4.4212785,1.0,3,3,1.0,2,2,1.0
1786191,val,a34_35,3.8454785,3.9449332,1.0,3,3,1.0,2,2,1.0
1787005,val,a34_35,3.5301685,4.0148044,1.0,3,3,1.0,2,2,1.0
1787174,val,a34_35,2.7677152,3.3078308,1.0,3,3,1.0,2,2,1.0
1802003,val,a34_35,3.2770128,2.8173234,1.0,3,3,1.0,2,2,1.0
1845170,val,a34_35,3.9457765,3.315087,1.0,3,3,1.0,2,2,1.0
1862171,val,a34_35,3.083202,3.937253,1.0,3,3,1.0,2,2,1.0
1898004,val,a34_35,3.1792002,0.0,1.0,3,3,1.0,6,6,1.0
1911030,val,a34_35,2.4570484,3.0814157,1.0,3,3,1.0,2,2,1.0
1914003,val,a34_35,0.9989301,1.988769,1.0,2,3,1.0,2,2,1.0
1919007,val,a34_35,4.0598707,4.069468,1.0,3,3,1.0,2,2,1.0
1954003,val,a34_35,3.4105089,3.410345,1.0,3,3,1.0,2,2,1.0
1959005,val,a34_35,3.811919,3.8789423,1.0,3,3,1.0,6,2,1.0
1964031,val,a34_35,2.336034,2.4798064,1.0,3,3,1.0,4,4,1.0
1972173,val,a34_35,1.0677265,1.5825812,1.0,2,3,1.0,2,2,1.0
1978030,val,a34_35,3.4089253,3.8594756,1.0,3,3,1.0,2,2,1.0
2005030,val,a34_35,3.0147395,3.584206,1.0,3,3,1.0,6,6,1.0
2011174,val,a34_35,2.4984953,3.2372046,1.0,3,3,1.0,2,2,1.0
2023030,val,a34_35,3.7233953,4.71018,1.0,3,3,1.0,6,6,1.0
2028030,val,a34_35,3.4446034,4.2104487,1.0,3,3,1.0,2,4,1.0
2055003,val,a34_35,2.6046836,2.3580952,1.0,3,3,1.0,2,2,1.0
2067005,val,a34_35,3.754208,3.8198578,1.0,3,3,1.0,2,2,1.0
2080170,val,a34_35,2.0838084,1.8996137,1.0,3,3,1.0,2,2,1.0
2106171,val,a34_35,0.9759002,0.0,1.0,2,2,1.0,2,2,1.0
2109002,val,a34_35,3.1621888,4.7713423,1.0,3,3,1.0,2,3,1.0
2129186,val,a34_35,3.2514982,3.3685656,1.0,3,3,1.0,2,2,1.0
2181007,val,a34_35,0.86626875,1.3514186,1.0,2,3,1.0,6,6,1.0
2181030,val,a34_35,3.095694,3.4647295,1.0,3,3,1.0,4,4,1.0
2243174,val,a34_35,3.4739861,4.886779,1.0,3,3,1.0,2,2,1.0
2260173,val,a34_35,2.6307006,2.816037,1.0,3,3,1.0,2,2,1.0
2261030,val,a34_35,3.1622357,3.1945803,1.0,3,3,1.0,2,2,1.0
2271171,val,a34_35,2.5343773,3.3082037,1.0,3,3,1.0,2,2,1.0
2282005,val,a34_35,3.1208434,2.147233,1.0,3,3,1.0,2,6,1.0
2302195,val,a34_35,0.912784,0.0,1.0,2,2,1.0,2,3,1.0
2334031,val,a34_35,3.5917008,4.4581056,1.0,3,3,1.0,2,2,1.0
2341172,val,a34_35,2.6051202,3.2996137,1.0,3,2,1.0,2,2,1.0
2354175,val,a34_35,3.6388147,0.29350135,1.0,3,3,1.0,6,2,1.0
2355004,val,a34_35,1.8251843,3.3921888,1.0,3,3,1.0,4,4,1.0
2391030,val,a34_35,3.5762298,3.4039729,1.0,3,3,1.0,2,2,1.0
2397173,val,a34_35,0.95990145,2.5756848,1.0,2,3,1.0,2,4,1.0
2408170,val,a34_35,2.6804357,3.1023672,1.0,3,2,1.0,6,2,1.0
2425003,val,a34_35,2.6107564,2.1094406,1.0,3,3,1.0,2,2,1.0
2432030,val,a34_35,1.3848249,2.844158,1.0,3,3,1.0,4,4,1.0
2435172,val,a34_35,1.360554,2.4191318,1.0,3,3,1.0,2,2,1.0
2436174,val,a34_35,0.9569266,0.0,1.0,2,3,1.0,2,4,1.0
2436176,val,a34_35,1.3708339,2.1727228,1.0,3,3,1.0,2,2,1.0
2441003,val,a34_35,1.6817205,3.1773481,1.0,3,3,1.0,2,2,1.0
2441173,val,a34_35,3.3890426,3.4186516,1.0,3,2,1.0,2,2,1.0
2458031,val,a34_35,4.2956715,4.2520056,1.0,3,3,1.0,2,6,1.0
2461004,val,a34_35,1.0308969,0.0,1.0,2,2,1.0,2,2,1.0
2461030,val,a34_35,3.6042066,4.886779,1.0,3,3,1.0,2,2,1.0
2473004,val,a34_35,3.3778634,3.5252342,1.0,3,3,1.0,2,2,1.0
2483030,val,a34_35,2.8149567,2.1516867,1.0,3,3,1.0,2,4,1.0
2503030,val,a34_35,3.8374329,3.2300382,1.0,3,3,1.0,6,6,1.0
2510005,val,a34_35,3.7798896,3.0696194,1.0,3,3,1.0,2,2,1.0
2525003,val,a34_35,3.4085093,4.3761644,1.0,3,3,1.0,2,2,1.0
2529030,val,a34_35,3.3461156,1.2899189,1.0,3,3,1.0,2,2,1.0
2529174,val,a34_35,2.81615,4.05028,1.0,3,3,1.0,2,2,1.0
2530003,val,a34_35,2.2845814,2.347849,1.0,3,3,1.0,2,2,1.0
2530004,val,a34_35,2.826687,3.3155382,1.0,3,3,1.0,2,2,1.0
2569033,val,a34_35,2.9350343,3.3997273,1.0,3,3,1.0,6,2,1.0
2601006,val,a34_35,3.6315775,4.6199427,1.0,3,3,1.0,6,2,1.0
2608006,val,a34_35,2.8105843,3.3245888,1.0,3,3,1.0,2,2,1.0
2615034,val,a34_35,3.3797693,4.264327,1.0,3,3,1.0,2,2,1.0
2639004,val,a34_35,2.1595254,3.1244323,1.0,3,3,1.0,2,4,1.0
2665177,val,a34_35,1.0186939,0.0,1.0,2,2,1.0,6,6,1.0
2672006,val,a34_35,3.5334234,4.088642,1.0,3,3,1.0,6,2,1.0
2672171,val,a34_35,2.5843115,3.5206954,1.0,3,3,1.0,2,4,1.0
2697003,val,a34_35,3.8974485,3.654262,1.0,3,3,1.0,2,4,1.0
2704031,val,a34_35,3.2951956,3.5243149,1.0,3,3,1.0,6,2,1.0
2705030,val,a34_35,3.281651,4.117977,1.0,3,3,1.0,2,2,1.0
2707007,val,a34_35,2.6322236,2.8901737,1.0,3,3,1.0,2,2,1.0
2712172,val,a34_35,2.1250947,3.0806043,1.0,3,3,1.0,2,2,1.0
2731003,val,a34_35,2.9567122,3.4291623,1.0,3,3,1.0,6,6,1.0
2731005,val,a34_35,3.7726455,4.602144,1.0,3,3,1.0,6,6,1.0
2770031,val,a34_35,3.297511,3.2963169,1.0,3,3,1.0,2,2,1.0
2816004,val,a34_35,0.85080874,2.8679018,1.0,2,3,1.0,2,2,1.0
2910002,val,a34_35,2.8646193,1.33938,1.0,3,2,1.0,2,2,1.0
3062001,val,a34_35,3.7381043,3.044029,1.0,3,2,1.0,2,2,1.0
3235002,val,a34_35,2.5018811,3.1709757,1.0,3,3,1.0,2,2,1.0
3306001,val,a34_35,4.0476456,4.4437504,1.0,3,3,1.0,2,2,1.0
5015030,val,a34_35,2.29564,3.3798187,1.0,3,3,1.0,2,2,1.0
5048030,val,a34_35,2.8241985,2.0504565,1.0,3,3,1.0,6,6,1.0
5052033,val,a34_35,2.2846327,1.8831539,1.0,3,2,1.0,6,6,1.0
5057008,val,a34_35,0.7309518,0.0,1.0,2,2,1.0,6,6,1.0
5170009,val,a34_35,3.3091133,3.381349,1.0,3,3,1.0,2,2,1.0
5230008,val,a34_35,3.0644386,3.4894347,1.0,3,3,1.0,2,2,1.0
5299010,val,a34_35,2.3426301,1.8428315,1.0,3,2,1.0,6,6,1.0
5336179,val,a34_35,2.9379497,2.7212331,1.0,3,3,1.0,2,2,1.0
5364005,val,a34_35,3.0446773,3.4310503,1.0,3,3,1.0,4,3,1.0
5379004,val,a34_35,3.099085,3.8497841,1.0,3,2,1.0,4,4,1.0
5430173,val,a34_35,2.9119756,0.0,1.0,3,3,1.0,6,6,1.0
5488006,val,a34_35,3.3432772,3.6707966,1.0,3,3,1.0,6,6,1.0
5493007,val,a34_35,0.5737783,0.0,1.0,2,2,1.0,2,5,1.0
5537009,val,a34_35,2.6433349,2.8268414,1.0,3,3,1.0,2,2,1.0
5537177,val,a34_35,1.741538,0.0,1.0,3,2,1.0,2,2,1.0
5537183,val,a34_35,3.4789631,4.8345804,1.0,3,3,1.0,2,2,1.0
5569010,val,a34_35,2.9679365,3.5150862,1.0,3,3,1.0,2,2,1.0
5600005,val,a34_35,1.8591435,2.8289354,1.0,3,3,1.0,6,2,1.0
5615183,val,a34_35,2.8558035,3.2685068,1.0,3,2,1.0,2,2,1.0
5749006,val,a34_35,2.0390997,3.0684395,1.0,3,3,1.0,4,2,1.0
5822175,val,a34_35,2.989307,3.432247,1.0,3,3,1.0,2,2,1.0
5832003,val,a34_35,2.9897168,2.955636,1.0,3,2,1.0,2,6,1.0
5872005,val,a34_35,0.60835135,0.0,1.0,2,2,1.0,6,6,1.0
5898005,val,a34_35,2.1079893,0.0,0.0,3,-1,0.0,6,-1,0.0
5904033,val,a34_35,2.7751424,2.9226713,1.0,3,3,1.0,2,4,1.0
5987188,val,a34_35,3.0277143,2.993095,1.0,3,3,1.0,2,2,1.0
6026005,val,a34_35,3.434592,4.1942463,1.0,3,3,1.0,6,2,1.0
6026172,val,a34_35,3.3434267,3.5880518,1.0,3,2,1.0,6,2,1.0
6054031,val,a34_35,3.843321,3.894498,1.0,3,3,1.0,6,6,1.0
6121033,val,a34_35,1.9747891,0.0,1.0,3,2,1.0,6,6,1.0
6156008,val,a34_35,3.342606,3.6999114,1.0,3,3,1.0,6,6,1.0
6157003,val,a34_35,2.9836884,3.2246761,1.0,3,3,1.0,2,2,1.0
6210183,val,a34_35,2.9975407,3.1390646,1.0,3,3,1.0,6,2,1.0
6262030,val,a34_35,3.3410997,3.820049,1.0,3,3,1.0,2,2,1.0
6368007,val,a34_35,2.0387797,2.02827,1.0,3,3,1.0,6,6,1.0
6381181,val,a34_35,3.3026848,4.0212197,1.0,3,3,1.0,6,2,1.0
6396003,val,a34_35,1.955668,2.1782289,1.0,3,3,1.0,4,2,1.0
6431008,val,a34_35,2.8490934,3.717182,1.0,3,3,1.0,2,2,1.0
6475170,val,a34_35,2.2206264,2.4331408,1.0,3,3,1.0,6,6,1.0
6522004,val,a34_35,0.85513794,0.0,1.0,2,2,1.0,6,6,1.0
6537032,val,a34_35,2.9911082,2.8025348,1.0,3,2,1.0,2,2,1.0
6541178,val,a34_35,3.3550496,4.1634727,1.0,3,3,1.0,2,2,1.0
6545006,val,a34_35,1.5843983,2.961514,1.0,3,3,1.0,2,4,1.0
6547171,val,a34_35,3.012454,2.1509397,1.0,3,2,1.0,2,2,1.0
6571031,val,a34_35,2.8727317,2.9221067,1.0,3,3,1.0,2,3,1.0
6590008,val,a34_35,3.0199223,3.3649793,1.0,3,3,1.0,2,2,1.0
6616007,val,a34_35,2.2254722,2.1483917,1.0,3,3,1.0,2,4,1.0
6649003,val,a34_35,2.2995226,3.5800602,1.0,3,3,1.0,6,2,1.0
6710030,val,a34_35,0.9960419,3.2300382,1.0,2,3,1.0,6,6,1.0
6745007,val,a34_35,3.0587368,3.248457,1.0,3,3,1.0,6,6,1.0
6750005,val,a34_35,2.4046469,3.0114257,1.0,3,3,1.0,2,4,1.0
6765006,val,a34_35,1.8347468,2.7225564,1.0,3,3,1.0,2,2,1.0
6822176,val,a34_35,3.0097945,3.2707531,1.0,3,3,1.0,2,4,1.0
4007,val,a36_37,2.7044802,3.4327393,1.0,3,3,1.0,2,4,1.0
6174,val,a36_37,3.5611696,3.778162,1.0,3,3,1.0,2,2,1.0
14004,val,a36_37,3.7195816,4.02684,1.0,3,3,1.0,2,2,1.0
14172,val,a36_37,1.0505565,2.8672464,1.0,2,3,1.0,2,2,1.0
14173,val,a36_37,3.4620833,3.4728956,1.0,3,3,1.0,2,2,1.0
18031,val,a36_37,1.4338529,0.0,1.0,2,3,1.0,2,2,1.0
18185,val,a36_37,2.3825655,0.0,1.0,3,2,1.0,2,2,1.0
23031,val,a36_37,3.159482,3.5235963,1.0,3,2,1.0,2,6,1.0
40173,val,a36_37,3.6617532,3.8670228,1.0,3,3,1.0,2,2,1.0
51171,val,a36_37,3.597024,3.705001,1.0,3,3,1.0,2,2,1.0
84005,val,a36_37,3.4015381,3.92555,1.0,3,3,1.0,6,6,1.0
121173,val,a36_37,2.961154,0.0,1.0,3,2,1.0,2,2,1.0
128004,val,a36_37,3.9345229,3.8585868,1.0,3,3,1.0,2,2,1.0
145170,val,a36_37,3.5425577,3.5600896,1.0,3,3,1.0,2,2,1.0
161004,val,a36_37,3.7179356,1.0080107,1.0,3,2,1.0,2,4,1.0
172031,val,a36_37,3.2715275,3.3619175,1.0,3,3,1.0,2,2,1.0
174175,val,a36_37,2.607493,3.392162,1.0,3,3,1.0,2,2,1.0
221031,val,a36_37,3.82941,4.201887,1.0,3,3,1.0,2,2,1.0
223030,val,a36_37,3.584825,4.0583324,1.0,3,3,1.0,2,2,1.0
227003,val,a36_37,3.9194076,4.205097,1.0,3,3,1.0,2,4,1.0
257175,val,a36_37,3.1361074,3.3451939,1.0,3,3,1.0,2,2,1.0
263182,val,a36_37,3.5483956,3.2001226,1.0,3,3,1.0,2,2,1.0
321005,val,a36_37,2.2216806,1.8774471,1.0,3,2,1.0,2,2,1.0
361175,val,a36_37,2.5661209,0.0,1.0,3,2,1.0,4,2,1.0
377170,val,a36_37,3.4338555,4.0868087,1.0,3,3,1.0,2,2,1.0
450030,val,a36_37,3.7219977,3.7491298,1.0,3,3,1.0,2,6,1.0
465030,val,a36_37,2.5810142,3.3018157,1.0,3,3,1.0,4,2,1.0
478030,val,a36_37,2.768765,0.0,1.0,3,3,1.0,4,5,1.0
503031,val,a36_37,2.648781,4.3654175,1.0,3,3,1.0,2,2,1.0
514172,val,a36_37,3.573446,4.2520056,1.0,3,3,1.0,2,2,1.0
534030,val,a36_37,3.0763488,1.7535818,1.0,3,3,1.0,2,2,1.0
534171,val,a36_37,3.9439964,3.0798528,1.0,3,3,1.0,2,2,1.0
544170,val,a36_37,2.6225893,2.6569633,1.0,3,3,1.0,2,2,1.0
563193,val,a36_37,3.2734218,0.0,1.0,3,2,1.0,2,2,1.0
577174,val,a36_37,3.432276,2.7346222,1.0,3,3,1.0,2,2,1.0
613006,val,a36_37,3.5512905,3.5822034,1.0,3,3,1.0,2,6,1.0
618170,val,a36_37,4.0567966,4.2245264,1.0,3,3,1.0,2,2,1.0
631030,val,a36_37,2.7813,4.2520056,1.0,3,2,1.0,2,4,1.0
633031,val,a36_37,3.176594,3.678776,1.0,3,3,1.0,4,2,1.0
652173,val,a36_37,2.8827744,3.7556844,1.0,3,3,1.0,2,2,1.0
655172,val,a36_37,3.0940351,3.5016189,1.0,3,3,1.0,2,2,1.0
656005,val,a36_37,2.5374763,0.57833385,1.0,3,3,1.0,2,2,1.0
691171,val,a36_37,2.786086,2.144181,1.0,3,3,1.0,2,4,1.0
738172,val,a36_37,2.10867,3.4647295,1.0,3,3,1.0,2,2,1.0
751030,val,a36_37,2.036798,2.331206,1.0,3,3,1.0,2,2,1.0
762170,val,a36_37,4.134869,4.6750684,1.0,3,3,1.0,2,2,1.0
783171,val,a36_37,2.9515321,0.0,1.0,3,2,1.0,2,2,1.0
863007,val,a36_37,2.6701336,2.4012594,1.0,3,3,1.0,2,2,1.0
893170,val,a36_37,2.701727,0.0,1.0,3,2,1.0,2,2,1.0
894031,val,a36_37,3.2954998,3.3179958,1.0,3,3,1.0,2,2,1.0
898181,val,a36_37,2.695,2.4601953,1.0,3,3,1.0,2,2,1.0
899003,val,a36_37,3.4784374,3.4753656,1.0,3,3,1.0,2,4,1.0
916032,val,a36_37,2.5716777,1.3594984,1.0,3,3,1.0,6,6,1.0
922005,val,a36_37,3.4546325,2.5992112,1.0,3,3,1.0,2,2,1.0
931172,val,a36_37,3.6103592,3.2485132,1.0,3,3,1.0,2,2,1.0
939032,val,a36_37,4.201016,4.237259,1.0,3,3,1.0,2,2,1.0
958030,val,a36_37,3.477652,3.1858559,1.0,3,3,1.0,2,2,1.0
958173,val,a36_37,2.8054075,3.2416787,1.0,3,3,1.0,2,2,1.0
961005,val,a36_37,3.0924973,2.5763686,1.0,3,3,1.0,2,4,1.0
961030,val,a36_37,2.917262,3.616172,1.0,3,3,1.0,6,2,1.0
961175,val,a36_37,3.6256185,3.9032092,1.0,3,3,1.0,2,2,1.0
1051183,val,a36_37,3.8869605,3.3599384,1.0,3,3,1.0,2,2,1.0
1084005,val,a36_37,2.973148,2.5692537,1.0,3,3,1.0,2,2,1.0
1089003,val,a36_37,2.7899942,2.474308,1.0,3,3,1.0,2,2,1.0
1093003,val,a36_37,1.2100084,0.0,1.0,3,2,1.0,2,2,1.0
1107173,val,a36_37,2.0009875,3.6353216,1.0,3,3,1.0,2,4,1.0
1109174,val,a36_37,1.9288802,2.245844,1.0,3,2,1.0,2,2,1.0
1121030,val,a36_37,3.5168333,3.456708,1.0,3,3,1.0,2,2,1.0
1121175,val,a36_37,2.4105046,0.0,1.0,3,2,1.0,2,2,1.0
1125172,val,a36_37,2.6133866,2.4460173,1.0,3,2,1.0,2,2,1.0
1126030,val,a36_37,2.9066482,2.8064811,1.0,3,3,1.0,2,2,1.0
1126176,val,a36_37,1.9508364,4.886779,1.0,3,3,1.0,2,2,1.0
1152180,val,a36_37,3.0801067,3.4601078,1.0,3,3,1.0,2,2,1.0
1164004,val,a36_37,3.471806,3.4775372,1.0,3,2,1.0,2,2,1.0
1184032,val,a36_37,3.3090947,3.7188902,1.0,3,3,1.0,2,2,1.0
1184033,val,a36_37,2.3054879,2.8802483,1.0,3,3,1.0,6,4,1.0
1185003,val,a36_37,3.119523,0.0,1.0,3,2,1.0,2,2,1.0
1222004,val,a36_37,2.5014641,2.876907,1.0,3,3,1.0,2,2,1.0
1222006,val,a36_37,3.3432477,3.2434895,1.0,3,3,1.0,2,2,1.0
1284170,val,a36_37,3.2721639,1.6771642,1.0,3,3,1.0,2,2,1.0
1292004,val,a36_37,2.7665615,2.7496648,1.0,3,3,1.0,2,2,1.0
1314172,val,a36_37,3.5208478,3.6824348,1.0,3,3,1.0,2,2,1.0
1332005,val,a36_37,4.114332,0.0,0.0,3,-1,0.0,2,3,1.0
1335010,val,a36_37,3.4233692,3.1051395,1.0,3,3,1.0,2,2,1.0
1338003,val,a36_37,3.2053478,4.1280828,1.0,3,3,1.0,6,6,1.0
1345006,val,a36_37,2.848833,2.9832191,1.0,3,3,1.0,2,2,1.0
1345007,val,a36_37,2.8819137,3.8132377,1.0,3,3,1.0,6,6,1.0
1346030,val,a36_37,3.5909128,0.0,1.0,3,2,1.0,6,2,1.0
1391033,val,a36_37,3.861978,3.811287,1.0,3,3,1.0,2,2,1.0
1391175,val,a36_37,0.9408699,3.079403,1.0,2,3,1.0,2,4,1.0
1394033,val,a36_37,2.0284142,0.0,1.0,3,2,1.0,4,4,1.0
1397005,val,a36_37,3.6088088,3.7173688,1.0,3,3,1.0,2,2,1.0
1397172,val,a36_37,1.565217,0.6802275,1.0,3,3,1.0,2,2,1.0
1426004,val,a36_37,1.9169757,2.8489583,1.0,3,3,1.0,6,6,1.0
1434032,val,a36_37,2.7714157,2.180618,1.0,3,3,1.0,2,2,1.0
1434170,val,a36_37,3.2416337,2.939788,1.0,3,3,1.0,2,2,1.0
1435005,val,a36_37,4.008273,4.7467794,1.0,3,3,1.0,2,3,1.0
1485171,val,a36_37,3.708166,3.4317987,1.0,3,3,1.0,2,2,1.0
1520031,val,a36_37,3.4510474,4.363858,1.0,3,3,1.0,4,2,1.0
1540005,val,a36_37,4.2199807,2.37132,1.0,3,3,1.0,2,2,1.0
1559003,val,a36_37,4.116524,4.417404,1.0,3,3,1.0,2,2,1.0
1559170,val,a36_37,2.9921174,4.11546,1.0,3,3,1.0,2,2,1.0
1565180,val,a36_37,3.0453072,3.4647295,1.0,3,2,1.0,2,2,1.0
1579030,val,a36_37,2.9868338,3.3667955,1.0,3,3,1.0,2,2,1.0
1613007,val,a36_37,2.8084867,1.3834741,1.0,3,3,1.0,2,2,1.0
1621171,val,a36_37,4.0262966,4.886779,1.0,3,3,1.0,2,2,1.0
1644004,val,a36_37,3.2249815,3.3606308,1.0,3,3,1.0,2,2,1.0
1652031,val,a36_37,3.1153624,3.1768782,1.0,3,3,1.0,2,2,1.0
1682032,val,a36_37,3.562457,3.8405538,1.0,3,3,1.0,6,2,1.0
1684173,val,a36_37,3.6185782,3.4290798,1.0,3,3,1.0,2,2,1.0
1687003,val,a36_37,3.5467615,3.3888075,1.0,3,3,1.0,2,2,1.0
1690170,val,a36_37,2.273199,3.0869684,1.0,3,3,1.0,2,2,1.0
1692030,val,a36_37,1.1052234,2.6670494,1.0,2,3,1.0,2,4,1.0
1695034,val,a36_37,2.9681835,3.3662376,1.0,3,3,1.0,2,2,1.0
1701004,val,a36_37,2.5886176,3.5780287,1.0,3,3,1.0,2,2,1.0
1721030,val,a36_37,3.4757304,0.0,1.0,3,2,1.0,4,2,1.0
1723005,val,a36_37,1.085477,1.8636948,1.0,2,2,1.0,2,2,1.0
1762030,val,a36_37,2.5617933,1.9106654,1.0,3,3,1.0,2,3,1.0
1762031,val,a36_37,3.6085765,3.641588,1.0,3,3,1.0,2,2,1.0
1762032,val,a36_37,2.2550962,1.7876599,1.0,3,3,1.0,2,3,1.0
1774170,val,a36_37,3.0383232,0.0,1.0,3,2,1.0,2,2,1.0
1774171,val,a36_37,3.0734854,3.3619723,1.0,3,3,1.0,2,2,1.0
1784171,val,a36_37,3.979691,4.5877905,1.0,3,3,1.0,2,2,1.0
1786191,val,a36_37,3.8365066,3.8410935,1.0,3,3,1.0,2,2,1.0
1787005,val,a36_37,3.5774145,3.9825108,1.0,3,3,1.0,2,2,1.0
1787174,val,a36_37,2.7816682,3.1686609,1.0,3,3,1.0,2,2,1.0
1802003,val,a36_37,3.328414,2.7790923,1.0,3,3,1.0,2,2,1.0
1845170,val,a36_37,3.9837263,3.0690727,1.0,3,3,1.0,2,2,1.0
1862171,val,a36_37,3.0311475,3.7537568,1.0,3,3,1.0,2,2,1.0
1898004,val,a36_37,3.138529,3.7632077,1.0,3,3,1.0,6,6,1.0
1911030,val,a36_37,2.435609,3.295633,1.0,3,3,1.0,2,2,1.0
1914003,val,a36_37,1.243952,1.980423,1.0,3,3,1.0,2,2,1.0
1919007,val,a36_37,4.097102,4.8790894,1.0,3,3,1.0,2,3,1.0
1954003,val,a36_37,3.4319909,3.254356,1.0,3,3,1.0,2,2,1.0
1959005,val,a36_37,3.7092767,4.18122,1.0,3,3,1.0,6,2,1.0
1964031,val,a36_37,2.3817902,2.7394176,1.0,3,3,1.0,2,4,1.0
1972173,val,a36_37,1.2678608,0.0,0.0,3,-1,0.0,2,-1,0.0
1978030,val,a36_37,3.448995,4.1103644,1.0,3,3,1.0,2,2,1.0
2005030,val,a36_37,2.9662468,2.6480696,1.0,3,3,1.0,6,4,1.0
2011174,val,a36_37,2.522175,3.2482402,1.0,3,3,1.0,2,2,1.0
2023030,val,a36_37,3.6120574,4.862917,1.0,3,3,1.0,2,6,1.0
2028030,val,a36_37,3.361813,4.247286,1.0,3,3,1.0,2,4,1.0
2055003,val,a36_37,2.6379695,2.5747566,1.0,3,3,1.0,2,2,1.0
2067005,val,a36_37,3.789178,3.9193912,1.0,3,3,1.0,2,2,1.0
2080170,val,a36_37,2.1628678,2.2188706,1.0,3,3,1.0,2,2,1.0
2106171,val,a36_37,1.1771849,0.0,1.0,3,2,1.0,2,2,1.0
2109002,val,a36_37,3.1685395,4.713481,1.0,3,3,1.0,2,2,1.0
2129186,val,a36_37,3.278596,3.3345084,1.0,3,3,1.0,2,2,1.0
2181007,val,a36_37,1.0289477,0.96344346,1.0,2,2,1.0,6,6,1.0
2181030,val,a36_37,3.0915527,3.6312973,1.0,3,3,1.0,4,2,1.0
2243174,val,a36_37,3.4897046,4.30575,1.0,3,3,1.0,2,2,1.0
2260173,val,a36_37,2.6584435,0.0,1.0,3,3,1.0,2,2,1.0
2261030,val,a36_37,3.2057645,2.9075313,1.0,3,3,1.0,2,2,1.0
2271171,val,a36_37,2.5697062,3.3811612,1.0,3,3,1.0,2,2,1.0
2282005,val,a36_37,3.0655925,2.9124293,1.0,3,3,1.0,2,6,1.0
2302195,val,a36_37,1.1063768,0.0,1.0,2,2,1.0,2,3,1.0
2334031,val,a36_37,3.6282763,4.3349156,1.0,3,3,1.0,2,2,1.0
2341172,val,a36_37,2.6398823,1.6123989,1.0,3,3,1.0,2,2,1.0
2354175,val,a36_37,3.6536636,3.8595586,1.0,3,3,1.0,6,2,1.0
2355004,val,a36_37,1.9917363,3.6927035,1.0,3,3,1.0,4,2,1.0
2391030,val,a36_37,3.5403008,3.6864588,1.0,3,3,1.0,2,2,1.0
2397173,val,a36_37,1.1951734,2.470555,1.0,3,3,1.0,2,4,1.0
2408170,val,a36_37,2.6628668,2.883854,1.0,3,3,1.0,6,2,1.0
2425003,val,a36_37,2.6342697,1.7356842,1.0,3,3,1.0,2,2,1.0
2432030,val,a36_37,1.5232863,3.029656,1.0,3,2,1.0,4,4,1.0
2435172,val,a36_37,1.5993112,2.2948132,1.0,3,3,1.0,2,2,1.0
2436174,val,a36_37,1.1580019,1.5490171,1.0,2,3,1.0,2,4,1.0
2436176,val,a36_37,1.5465581,2.7887027,1.0,3,3,1.0,2,2,1.0
2441003,val,a36_37,1.8319792,3.1246448,1.0,3,3,1.0,2,2,1.0
2441173,val,a36_37,3.4219527,3.7351284,1.0,3,2,1.0,2,2,1.0
2458031,val,a36_37,4.2958097,4.41717,1.0,3,3,1.0,2,6,1.0
2461004,val,a36_37,1.2342905,1.6316046,1.0,2,3,1.0,2,2,1.0
2461030,val,a36_37,3.541089,4.886779,1.0,3,3,1.0,2,2,1.0
2473004,val,a36_37,3.4008498,3.620147,1.0,3,3,1.0,2,2,1.0
2483030,val,a36_37,2.8892155,2.4331408,1.0,3,2,1.0,2,4,1.0
2503030,val,a36_37,3.8356366,3.1709757,1.0,3,3,1.0,2,6,1.0
2510005,val,a36_37,3.8218231,3.445601,1.0,3,3,1.0,2,2,1.0
2525003,val,a36_37,3.4849515,4.7141504,1.0,3,3,1.0,2,2,1.0
2529030,val,a36_37,3.3155856,0.0,1.0,3,2,1.0,2,2,1.0
2529174,val,a36_37,2.826041,3.9753668,1.0,3,3,1.0,2,2,1.0
2530003,val,a36_37,2.3645205,3.4057453,1.0,3,2,1.0,2,4,1.0
2530004,val,a36_37,2.8667033,3.170426,1.0,3,3,1.0,2,2,1.0
2569033,val,a36_37,2.9046462,3.3809729,1.0,3,3,1.0,6,2,1.0
2601006,val,a36_37,3.5478597,4.845638,1.0,3,3,1.0,6,2,1.0
2608006,val,a36_37,2.8059525,3.223352,1.0,3,3,1.0,2,2,1.0
2615034,val,a36_37,3.3897762,3.896652,1.0,3,3,1.0,2,2,1.0
2639004,val,a36_37,2.3271568,3.2300382,1.0,3,3,1.0,2,4,1.0
2665177,val,a36_37,1.1780518,0.0,1.0,2,2,1.0,6,6,1.0
2672006,val,a36_37,3.4613686,4.056694,1.0,3,3,1.0,6,2,1.0
2672171,val,a36_37,2.6077638,3.7282312,1.0,3,3,1.0,2,4,1.0
2697003,val,a36_37,3.9199996,3.5551443,1.0,3,3,1.0,2,4,1.0
2704031,val,a36_37,3.2568288,0.0,0.0,3,-1,0.0,6,-1,0.0
2705030,val,a36_37,3.2708626,4.279099,1.0,3,3,1.0,2,2,1.0
2707007,val,a36_37,2.627785,1.9724138,1.0,3,3,1.0,2,2,1.0
2712172,val,a36_37,2.2340767,3.2804124,1.0,3,3,1.0,2,2,1.0
2731003,val,a36_37,2.9687753,3.2931156,1.0,3,3,1.0,6,6,1.0
2731005,val,a36_37,3.7506683,4.5862164,1.0,3,3,1.0,6,6,1.0
2770031,val,a36_37,3.3407896,2.668859,1.0,3,2,1.0,2,2,1.0
2816004,val,a36_37,1.0903374,3.182522,1.0,2,3,1.0,2,2,1.0
2910002,val,a36_37,2.913448,2.7591305,1.0,3,3,1.0,2,2,1.0
3062001,val,a36_37,3.7245135,1.9881068,1.0,3,3,1.0,2,2,1.0
3235002,val,a36_37,2.5413444,3.2806733,1.0,3,3,1.0,2,3,1.0
3306001,val,a36_37,4.0669985,4.5110793,1.0,3,3,1.0,2,2,1.0
5015030,val,a36_37,2.311095,3.3488512,1.0,3,2,1.0,2,2,1.0
5048030,val,a36_37,2.798496,2.4680142,1.0,3,3,1.0,6,6,1.0
5052033,val,a36_37,2.3067925,2.2469683,1.0,3,3,1.0,6,6,1.0
5057008,val,a36_37,0.9643245,0.0,0.0,2,-1,0.0,6,-1,0.0
5170009,val,a36_37,3.3494072,3.788717,1.0,3,3,1.0,2,2,1.0
5230008,val,a36_37,3.111061,3.5082257,1.0,3,3,1.0,2,2,1.0
5299010,val,a36_37,2.4104226,0.303701,1.0,3,3,1.0,6,6,1.0
5336179,val,a36_37,2.9570308,2.7841861,1.0,3,3,1.0,2,2,1.0
5364005,val,a36_37,3.0581656,3.3207188,1.0,3,3,1.0,4,3,1.0
5379004,val,a36_37,3.0683064,3.8999038,1.0,3,3,1.0,4,4,1.0
5430173,val,a36_37,2.8917043,1.7842062,1.0,3,2,1.0,6,6,1.0
5488006,val,a36_37,3.3461223,3.7725368,1.0,3,3,1.0,6,6,1.0
5493007,val,a36_37,0.8061366,0.0,1.0,2,2,1.0,2,5,1.0
5537009,val,a36_37,2.6959302,2.7819886,1.0,3,3,1.0,2,2,1.0
5537177,val,a36_37,1.8750603,2.0426283,1.0,3,3,1.0,2,2,1.0
5537183,val,a36_37,3.48217,3.67495,1.0,3,3,1.0,2,2,1.0
5569010,val,a36_37,3.0161512,3.5010288,1.0,3,3,1.0,2,2,1.0
5600005,val,a36_37,1.9748216,0.0,1.0,3,2,1.0,6,2,1.0
5615183,val,a36_37,2.8828628,3.2485132,1.0,3,3,1.0,2,2,1.0
5749006,val,a36_37,2.16087,2.3568232,1.0,3,3,1.0,4,2,1.0
5822175,val,a36_37,3.015552,3.4142132,1.0,3,3,1.0,2,2,1.0
5832003,val,a36_37,2.9994826,2.3835883,1.0,3,3,1.0,2,6,1.0
5872005,val,a36_37,0.800977,0.0,1.0,2,2,1.0,6,6,1.0
5898005,val,a36_37,2.1828928,0.0,0.0,3,-1,0.0,6,-1,0.0
5904033,val,a36_37,2.7627575,3.029786,1.0,3,3,1.0,2,4,1.0
5987188,val,a36_37,3.0620549,2.8467143,1.0,3,3,1.0,2,2,1.0
6026005,val,a36_37,3.4340968,4.496649,1.0,3,2,1.0,6,4,1.0
6026172,val,a36_37,3.2763453,0.0,0.0,3,-1,0.0,6,-1,0.0
6054031,val,a36_37,3.8223376,3.8914962,1.0,3,3,1.0,6,6,1.0
6121033,val,a36_37,2.0323906,0.0,1.0,3,2,1.0,6,6,1.0
6156008,val,a36_37,3.3339033,4.005205,1.0,3,3,1.0,6,6,1.0
6157003,val,a36_37,3.039237,3.432247,1.0,3,3,1.0,2,2,1.0
6210183,val,a36_37,3.0686443,3.218641,1.0,3,3,1.0,6,2,1.0
6262030,val,a36_37,3.32631,3.9705956,1.0,3,3,1.0,2,2,1.0
6368007,val,a36_37,2.1700451,1.9674397,1.0,3,2,1.0,6,6,1.0
6381181,val,a36_37,3.2765856,3.98491,1.0,3,3,1.0,6,2,1.0
6396003,val,a36_37,2.0863278,2.8208497,1.0,3,2,1.0,4,3,1.0
6431008,val,a36_37,2.887278,4.5862164,1.0,3,3,1.0,2,3,1.0
6475170,val,a36_37,2.227054,3.029786,1.0,3,3,1.0,6,6,1.0
6522004,val,a36_37,1.0572693,0.0,1.0,2,2,1.0,6,6,1.0
6537032,val,a36_37,3.0086951,3.0605385,1.0,3,3,1.0,2,2,1.0
6541178,val,a36_37,3.3753748,4.302973,1.0,3,3,1.0,2,2,1.0
6545006,val,a36_37,1.7322683,2.5066333,1.0,3,3,1.0,2,4,1.0
6547171,val,a36_37,3.0533829,1.2300977,1.0,3,3,1.0,2,2,1.0
6571031,val,a36_37,2.8748066,3.68331,1.0,3,3,1.0,2,3,1.0
6590008,val,a36_37,3.0491195,3.3406534,1.0,3,3,1.0,2,2,1.0
6616007,val,a36_37,2.385717,2.9124293,1.0,3,3,1.0,2,4,1.0
6649003,val,a36_37,2.3882427,3.8332024,1.0,3,3,1.0,6,2,1.0
6710030,val,a36_37,1.1991597,3.2485132,1.0,2,3,1.0,6,6,1.0
6745007,val,a36_37,3.0924206,3.5649583,1.0,3,3,1.0,6,6,1.0
6750005,val,a36_37,2.534964,3.1132894,1.0,3,3,1.0,2,4,1.0
6765006,val,a36_37,1.9209863,2.7347896,1.0,3,3,1.0,2,2,1.0
6822176,val,a36_37,3.0194302,3.6318047,1.0,3,2,1.0,2,4,1.0
4007,val,a38_39,2.723244,3.6353216,1.0,3,3,1.0,2,4,1.0
6174,val,a38_39,3.5848508,3.9045892,1.0,3,3,1.0,2,2,1.0
14004,val,a38_39,3.7476563,3.9676125,1.0,3,3,1.0,2,2,1.0
14172,val,a38_39,1.1764885,3.149699,1.0,2,3,1.0,2,2,1.0
14173,val,a38_39,3.4596546,3.5534267,1.0,3,3,1.0,2,2,1.0
18031,val,a38_39,1.6121187,3.4983966,1.0,3,3,1.0,2,5,1.0
18185,val,a38_39,2.4273052,0.0,1.0,3,2,1.0,2,2,1.0
23031,val,a38_39,3.0958424,0.0,1.0,3,2,1.0,2,6,1.0
40173,val,a38_39,3.6870556,3.2282774,1.0,3,2,1.0,2,2,1.0
51171,val,a38_39,3.6200953,3.708396,1.0,3,3,1.0,2,2,1.0
84005,val,a38_39,3.3060002,3.9163692,1.0,3,3,1.0,6,6,1.0
121173,val,a38_39,2.9650643,0.0,1.0,3,2,1.0,2,2,1.0
128004,val,a38_39,3.953786,3.97414,1.0,3,3,1.0,2,2,1.0
145170,val,a38_39,3.598528,3.2996137,1.0,3,3,1.0,2,2,1.0
161004,val,a38_39,3.6873353,3.4987814,1.0,3,3,1.0,2,4,1.0
172031,val,a38_39,3.3066704,3.1943314,1.0,3,3,1.0,2,2,1.0
174175,val,a38_39,2.6571643,4.3165617,1.0,3,3,1.0,2,2,1.0
221031,val,a38_39,3.8552606,4.1482253,1.0,3,3,1.0,2,2,1.0
223030,val,a38_39,3.5965776,4.169046,1.0,3,3,1.0,2,2,1.0
227003,val,a38_39,3.7895036,4.074686,1.0,3,3,1.0,2,4,1.0
257175,val,a38_39,3.1643991,2.8933933,1.0,3,3,1.0,2,2,1.0
263182,val,a38_39,3.5885615,3.3483999,1.0,3,3,1.0,2,2,1.0
321005,val,a38_39,2.265378,2.7218363,1.0,3,3,1.0,2,2,1.0
361175,val,a38_39,2.5890207,0.23207553,1.0,3,3,1.0,2,2,1.0
377170,val,a38_39,3.4792926,4.0544734,1.0,3,3,1.0,2,2,1.0
450030,val,a38_39,3.6358557,3.854094,1.0,3,3,1.0,2,6,1.0
465030,val,a38_39,2.5418725,3.5433505,1.0,3,3,1.0,4,4,1.0
478030,val,a38_39,2.7203476,2.8278043,1.0,3,2,1.0,4,2,1.0
503031,val,a38_39,2.7470582,4.2451234,1.0,3,3,1.0,2,2,1.0
514172,val,a38_39,3.6181436,4.3578134,1.0,3,3,1.0,2,2,1.0
534030,val,a38_39,3.1103048,1.9284004,1.0,3,3,1.0,2,2,1.0
534171,val,a38_39,3.970417,3.300611,1.0,3,3,1.0,2,2,1.0
544170,val,a38_39,2.650031,3.0027869,1.0,3,3,1.0,2,2,1.0
563193,val,a38_39,3.3057163,0.0,1.0,3,2,1.0,2,2,1.0
577174,val,a38_39,3.4845476,0.0,1.0,3,3,1.0,2,2,1.0
613006,val,a38_39,3.5598714,3.558165,1.0,3,3,1.0,2,6,1.0
618170,val,a38_39,4.0970874,4.457448,1.0,3,3,1.0,2,2,1.0
631030,val,a38_39,2.8225977,0.0,1.0,3,3,1.0,2,4,1.0
633031,val,a38_39,3.1247513,3.6561131,1.0,3,3,1.0,4,2,1.0
652173,val,a38_39,2.889217,3.5541687,1.0,3,3,1.0,2,2,1.0
655172,val,a38_39,3.088962,3.5138078,1.0,3,3,1.0,2,2,1.0
656005,val,a38_39,2.5524251,0.0,1.0,3,2,1.0,2,2,1.0
691171,val,a38_39,2.7948022,3.772668,1.0,3,3,1.0,2,4,1.0
738172,val,a38_39,2.220438,3.2605875,1.0,3,3,1.0,2,2,1.0
751030,val,a38_39,2.146558,3.029786,1.0,3,3,1.0,2,4,1.0
762170,val,a38_39,4.1604013,4.375797,1.0,3,3,1.0,2,2,1.0
783171,val,a38_39,2.92997,0.0,1.0,3,2,1.0,2,2,1.0
863007,val,a38_39,2.6600456,2.5121129,1.0,3,3,1.0,2,2,1.0
893170,val,a38_39,2.725112,0.0,1.0,3,2,1.0,2,2,1.0
894031,val,a38_39,3.300112,3.4273427,1.0,3,3,1.0,2,2,1.0
898181,val,a38_39,2.6732705,2.437192,1.0,3,2,1.0,2,2,1.0
899003,val,a38_39,3.4827104,3.5736656,1.0,3,3,1.0,2,4,1.0
916032,val,a38_39,2.5416384,2.3076265,1.0,3,2,1.0,6,2,1.0
922005,val,a38_39,3.410369,2.0202856,1.0,3,3,1.0,2,2,1.0
931172,val,a38_39,3.64356,3.1641526,1.0,3,3,1.0,2,2,1.0
939032,val,a38_39,4.2212048,4.886779,1.0,3,3,1.0,2,2,1.0
958030,val,a38_39,3.4810126,3.2040205,1.0,3,3,1.0,2,2,1.0
958173,val,a38_39,2.8596365,3.2682788,1.0,3,3,1.0,2,2,1.0
961005,val,a38_39,3.0437255,0.0,0.0,3,-1,0.0,2,-1,0.0
961030,val,a38_39,2.9088655,3.668479,1.0,3,3,1.0,6,2,1.0
961175,val,a38_39,3.6573224,4.009967,1.0,3,3,1.0,2,2,1.0
1051183,val,a38_39,3.906711,3.3806858,1.0,3,3,1.0,2,2,1.0
1084005,val,a38_39,2.9734118,3.1447468,1.0,3,3,1.0,2,2,1.0
1089003,val,a38_39,2.7945476,2.1620421,1.0,3,3,1.0,2,2,1.0
1093003,val,a38_39,1.4106232,0.0,1.0,3,2,1.0,2,2,1.0
1107173,val,a38_39,2.0744543,4.035927,1.0,3,3,1.0,2,4,1.0
1109174,val,a38_39,1.9912076,0.0,1.0,3,2,1.0,2,2,1.0
1121030,val,a38_39,3.5445254,3.1423733,1.0,3,3,1.0,2,2,1.0
1121175,val,a38_39,2.4896975,0.0,1.0,3,2,1.0,2,2,1.0
1125172,val,a38_39,2.640449,2.3582149,1.0,3,3,1.0,2,2,1.0
1126030,val,a38_39,2.8967068,1.7614238,1.0,3,3,1.0,2,2,1.0
1126176,val,a38_39,2.0848646,4.886779,1.0,3,3,1.0,2,2,1.0
1152180,val,a38_39,3.1065931,3.542661,1.0,3,3,1.0,2,2,1.0
1164004,val,a38_39,3.5199494,1.9587568,1.0,3,3,1.0,2,2,1.0
1184032,val,a38_39,3.32646,3.901413,1.0,3,3,1.0,2,2,1.0
1184033,val,a38_39,2.3359978,2.153746,1.0,3,3,1.0,6,4,1.0
1185003,val,a38_39,3.1058002,0.0,1.0,3,2,1.0,2,2,1.0
1222004,val,a38_39,2.5333498,3.1263244,1.0,3,3,1.0,2,2,1.0
1222006,val,a38_39,3.3737745,4.346328,1.0,3,3,1.0,2,2,1.0
1284170,val,a38_39,3.2322574,0.0,1.0,3,2,1.0,2,2,1.0
1292004,val,a38_39,2.7556887,2.7189043,1.0,3,3,1.0,2,2,1.0
1314172,val,a38_39,3.5520313,4.0920806,1.0,3,3,1.0,2,2,1.0
1332005,val,a38_39,4.089621,3.6850972,1.0,3,3,1.0,2,3,1.0
1335010,val,a38_39,3.460936,0.0,1.0,3,3,1.0,2,2,1.0
1338003,val,a38_39,3.120821,3.9032092,1.0,3,3,1.0,2,6,1.0
1345006,val,a38_39,2.845797,0.9750868,1.0,3,3,1.0,2,2,1.0
1345007,val,a38_39,2.8151684,3.6275852,1.0,3,3,1.0,6,2,1.0
1346030,val,a38_39,3.4953778,0.0,1.0,3,2,1.0,6,2,1.0
1391033,val,a38_39,3.8093715,3.5923295,1.0,3,3,1.0,2,2,1.0
1391175,val,a38_39,1.1016036,3.037984,1.0,2,3,1.0,2,4,1.0
1394033,val,a38_39,2.1030443,0.0,1.0,3,2,1.0,4,4,1.0
1397005,val,a38_39,3.6325598,3.7930343,1.0,3,3,1.0,2,2,1.0
1397172,val,a38_39,1.7340255,2.722233,1.0,3,3,1.0,2,2,1.0
1426004,val,a38_39,1.9105172,2.7029045,1.0,3,3,1.0,6,6,1.0
1434032,val,a38_39,2.8029695,2.5541692,1.0,3,3,1.0,2,2,1.0
1434170,val,a38_39,3.2686205,3.1573586,1.0,3,3,1.0,2,2,1.0
1435005,val,a38_39,3.9623141,4.657845,1.0,3,3,1.0,2,4,1.0
1485171,val,a38_39,3.749165,3.566306,1.0,3,3,1.0,2,2,1.0
1520031,val,a38_39,3.41835,4.2071943,1.0,3,3,1.0,4,2,1.0
1540005,val,a38_39,4.1792192,2.7591305,1.0,3,3,1.0,2,2,1.0
1559003,val,a38_39,4.1376033,4.306588,1.0,3,3,1.0,2,2,1.0
1559170,val,a38_39,2.9964445,2.9866662,1.0,3,3,1.0,2,2,1.0
1565180,val,a38_39,3.0914304,4.457509,1.0,3,3,1.0,2,2,1.0
1579030,val,a38_39,3.0787354,3.2040205,1.0,3,2,1.0,2,2,1.0
1613007,val,a38_39,2.7644975,1.5874135,1.0,3,2,1.0,2,2,1.0
1621171,val,a38_39,4.0571012,4.886779,1.0,3,3,1.0,2,2,1.0
1644004,val,a38_39,3.1995301,3.6033251,1.0,3,3,1.0,2,2,1.0
1652031,val,a38_39,3.0696716,3.4982743,1.0,3,3,1.0,2,2,1.0
1682032,val,a38_39,3.563719,3.8038778,1.0,3,3,1.0,2,2,1.0
1684173,val,a38_39,3.6615508,3.254356,1.0,3,3,1.0,2,2,1.0
1687003,val,a38_39,3.576188,3.154596,1.0,3,3,1.0,2,2,1.0
1690170,val,a38_39,2.2810986,3.4580646,1.0,3,3,1.0,2,2,1.0
1692030,val,a38_39,1.2255394,2.5415993,1.0,2,3,1.0,2,4,1.0
1695034,val,a38_39,2.97655,3.0865474,1.0,3,3,1.0,2,2,1.0
1701004,val,a38_39,2.6140034,3.5397089,1.0,3,2,1.0,2,2,1.0
1721030,val,a38_39,3.4081504,0.0,1.0,3,2,1.0,4,2,1.0
1723005,val,a38_39,1.240432,2.2601643,1.0,3,3,1.0,2,2,1.0
1762030,val,a38_39,2.6048696,1.5906423,1.0,3,2,1.0,2,3,1.0
1762031,val,a38_39,3.649716,3.7323906,1.0,3,3,1.0,2,2,1.0
1762032,val,a38_39,2.2976346,3.2139137,1.0,3,3,1.0,2,4,1.0
1774170,val,a38_39,3.0242355,0.0,1.0,3,2,1.0,2,2,1.0
1774171,val,a38_39,3.0472806,3.4094932,1.0,3,3,1.0,2,2,1.0
1784171,val,a38_39,4.010043,4.120623,1.0,3,3,1.0,2,2,1.0
1786191,val,a38_39,3.868316,4.2188535,1.0,3,3,1.0,2,2,1.0
1787005,val,a38_39,3.5733862,3.6963296,1.0,3,3,1.0,2,2,1.0
1787174,val,a38_39,2.7710247,3.2707531,1.0,3,3,1.0,2,2,1.0
1802003,val,a38_39,3.355781,0.0,0.0,3,-1,0.0,2,-1,0.0
1845170,val,a38_39,4.0266895,0.0,0.0,3,-1,0.0,2,-1,0.0
1862171,val,a38_39,3.06663,3.9098039,1.0,3,3,1.0,2,2,1.0
1898004,val,a38_39,3.0184298,4.498319,1.0,3,3,1.0,6,6,1.0
1911030,val,a38_39,2.447865,3.324597,1.0,3,3,1.0,2,2,1.0
1914003,val,a38_39,1.4261215,2.0297983,1.0,3,3,1.0,2,2,1.0
1919007,val,a38_39,4.1373343,4.878869,1.0,3,3,1.0,2,3,1.0
1954003,val,a38_39,3.4705946,3.2460208,1.0,3,2,1.0,2,2,1.0
1959005,val,a38_39,3.5910733,4.291962,1.0,3,3,1.0,2,2,1.0
1964031,val,a38_39,2.4102035,1.9279978,1.0,3,2,1.0,2,4,1.0
1972173,val,a38_39,1.4399651,0.0,1.0,3,2,1.0,2,2,1.0
1978030,val,a38_39,3.4701433,4.0177207,1.0,3,3,1.0,2,2,1.0
2005030,val,a38_39,2.8838415,2.9945555,1.0,3,3,1.0,6,2,1.0
2011174,val,a38_39,2.556402,3.233253,1.0,3,3,1.0,2,2,1.0
2023030,val,a38_39,3.4718175,4.886779,1.0,3,3,1.0,2,6,1.0
2028030,val,a38_39,3.2662318,4.309778,1.0,3,3,1.0,2,4,1.0
2055003,val,a38_39,2.650478,3.507782,1.0,3,3,1.0,2,2,1.0
2067005,val,a38_39,3.811012,4.193517,1.0,3,3,1.0,2,2,1.0
2080170,val,a38_39,2.1831932,3.0143547,1.0,3,3,1.0,2,2,1.0
2106171,val,a38_39,1.3121881,0.0,1.0,3,2,1.0,2,2,1.0
2109002,val,a38_39,3.137229,4.4848623,1.0,3,3,1.0,2,2,1.0
2129186,val,a38_39,3.326228,0.0,0.0,3,-1,0.0,2,-1,0.0
2181007,val,a38_39,1.1518929,1.8672017,1.0,2,3,1.0,6,6,1.0
2181030,val,a38_39,3.0877218,3.4467623,1.0,3,3,1.0,4,2,1.0
2243174,val,a38_39,3.4845548,0.0,1.0,3,2,1.0,2,2,1.0
2260173,val,a38_39,2.6581419,1.9724138,1.0,3,3,1.0,2,2,1.0
2261030,val,a38_39,3.2392755,2.8148165,1.0,3,3,1.0,2,2,1.0
2271171,val,a38_39,2.5877125,3.4070678,1.0,3,3,1.0,2,2,1.0
2282005,val,a38_39,3.0066848,3.1244323,1.0,3,3,1.0,2,6,1.0
2302195,val,a38_39,1.2376511,0.0,1.0,3,2,1.0,2,3,1.0
2334031,val,a38_39,3.6299782,3.9690573,1.0,3,3,1.0,2,2,1.0
2341172,val,a38_39,2.6496553,2.2928271,1.0,3,3,1.0,2,2,1.0
2354175,val,a38_39,3.5982728,2.859516,1.0,3,3,1.0,2,2,1.0
2355004,val,a38_39,2.0808434,4.0868087,1.0,3,3,1.0,4,2,1.0
2391030,val,a38_39,3.5653298,3.4141958,1.0,3,2,1.0,2,2,1.0
2397173,val,a38_39,1.3624127,2.4192536,1.0,3,3,1.0,2,4,1.0
2408170,val,a38_39,2.6120245,3.2554533,1.0,3,3,1.0,6,4,1.0
2425003,val,a38_39,2.6199198,1.4095232,1.0,3,3,1.0,2,2,1.0
2432030,val,a38_39,1.578481,1.0048428,1.0,3,3,1.0,4,4,1.0
2435172,val,a38_39,1.7492533,0.0,1.0,3,2,1.0,2,2,1.0
2436174,val,a38_39,1.2730443,0.0,1.0,2,2,1.0,2,4,1.0
2436176,val,a38_39,1.6303545,3.0837762,1.0,3,3,1.0,2,2,1.0
2441003,val,a38_39,1.921876,3.437568,1.0,3,3,1.0,2,2,1.0
2441173,val,a38_39,3.4591208,3.8851874,1.0,3,3,1.0,2,2,1.0
2458031,val,a38_39,4.279675,4.775503,1.0,3,3,1.0,2,6,1.0
2461004,val,a38_39,1.3383313,0.0,1.0,3,2,1.0,2,2,1.0
2461030,val,a38_39,3.4818122,4.597478,1.0,3,3,1.0,2,2,1.0
2473004,val,a38_39,3.4342117,4.1472106,1.0,3,3,1.0,2,2,1.0
2483030,val,a38_39,2.917444,2.5445042,1.0,3,3,1.0,2,4,1.0
2503030,val,a38_39,3.7808676,3.0326545,1.0,3,3,1.0,2,6,1.0
2510005,val,a38_39,3.8654265,3.0930045,1.0,3,3,1.0,2,2,1.0
2525003,val,a38_39,3.5558434,4.7362037,1.0,3,3,1.0,2,2,1.0
2529030,val,a38_39,3.3394136,0.0,1.0,3,2,1.0,2,4,1.0
2529174,val,a38_39,2.83605,4.315193,1.0,3,3,1.0,2,2,1.0
2530003,val,a38_39,2.3767996,0.0,0.0,3,-1,0.0,2,-1,0.0
2530004,val,a38_39,2.884237,3.0504405,1.0,3,3,1.0,2,2,1.0
2569033,val,a38_39,2.843808,3.3326652,1.0,3,3,1.0,6,2,1.0
2601006,val,a38_39,3.419822,4.8403034,1.0,3,3,1.0,6,2,1.0
2608006,val,a38_39,2.8496058,3.18551,1.0,3,3,1.0,2,2,1.0
2615034,val,a38_39,3.3850174,3.7510855,1.0,3,3,1.0,2,2,1.0
2639004,val,a38_39,2.4339428,3.59953,1.0,3,2,1.0,2,4,1.0
2665177,val,a38_39,1.2688481,0.0,1.0,2,2,1.0,6,6,1.0
2672006,val,a38_39,3.375814,0.0,1.0,3,3,1.0,6,4,1.0
2672171,val,a38_39,2.5926068,3.8403308,1.0,3,3,1.0,2,4,1.0
2697003,val,a38_39,3.9403448,3.4481115,1.0,3,3,1.0,2,2,1.0
2704031,val,a38_39,3.1885078,2.7730844,1.0,3,3,1.0,6,4,1.0
2705030,val,a38_39,3.233146,4.222725,1.0,3,3,1.0,2,2,1.0
2707007,val,a38_39,2.6298785,1.7174486,1.0,3,3,1.0,2,2,1.0
2712172,val,a38_39,2.3469608,3.1861079,1.0,3,3,1.0,2,2,1.0
2731003,val,a38_39,2.9402404,3.048963,1.0,3,3,1.0,6,6,1.0
2731005,val,a38_39,3.6639314,4.507845,1.0,3,3,1.0,6,6,1.0
2770031,val,a38_39,3.3699841,1.3663594,1.0,3,3,1.0,2,2,1.0
2816004,val,a38_39,1.2647235,3.2435856,1.0,3,3,1.0,2,2,1.0
2910002,val,a38_39,2.960331,2.9807694,1.0,3,3,1.0,2,2,1.0
3062001,val,a38_39,3.7557883,2.4661696,1.0,3,3,1.0,2,2,1.0
3235002,val,a38_39,2.5974004,3.5533636,1.0,3,3,1.0,2,3,1.0
3306001,val,a38_39,4.090834,4.496284,1.0,3,3,1.0,2,2,1.0
5015030,val,a38_39,2.3668473,0.35408652,1.0,3,2,1.0,2,2,1.0
5048030,val,a38_39,2.7599223,2.7750175,1.0,3,3,1.0,6,6,1.0
5052033,val,a38_39,2.307885,2.1022828,1.0,3,2,1.0,6,6,1.0
5057008,val,a38_39,1.0620829,3.3816826,1.0,2,3,1.0,6,6,1.0
5170009,val,a38_39,3.3807058,3.8525667,1.0,3,3,1.0,2,2,1.0
5230008,val,a38_39,3.1462138,3.8347166,1.0,3,3,1.0,2,2,1.0
5299010,val,a38_39,2.4211595,0.0,1.0,3,2,1.0,6,6,1.0
5336179,val,a38_39,3.0107656,3.4054897,1.0,3,3,1.0,2,2,1.0
5364005,val,a38_39,3.0692897,3.6897547,1.0,3,3,1.0,4,3,1.0
5379004,val,a38_39,3.0531156,4.1776333,1.0,3,3,1.0,4,4,1.0
5430173,val,a38_39,2.8916392,0.0,1.0,3,2,1.0,6,6,1.0
5488006,val,a38_39,3.2871158,3.6850972,1.0,3,3,1.0,6,6,1.0
5493007,val,a38_39,0.9781048,0.0,1.0,2,2,1.0,2,5,1.0
5537009,val,a38_39,2.733859,2.9333522,1.0,3,3,1.0,2,2,1.0
5537177,val,a38_39,1.9956484,1.8505303,1.0,3,2,1.0,2,2,1.0
5537183,val,a38_39,3.5253458,3.955919,1.0,3,3,1.0,2,2,1.0
5569010,val,a38_39,3.0535855,3.5969393,1.0,3,3,1.0,2,2,1.0
5600005,val,a38_39,1.9819051,3.1264517,1.0,3,2,1.0,6,3,1.0
5615183,val,a38_39,2.9139264,0.070574746,1.0,3,3,1.0,2,2,1.0
5749006,val,a38_39,2.194216,1.8636948,1.0,3,2,1.0,4,2,1.0
5822175,val,a38_39,3.0438592,3.6260033,1.0,3,3,1.0,2,2,1.0
5832003,val,a38_39,3.0063472,0.0,0.0,3,-1,0.0,4,-1,0.0
5872005,val,a38_39,0.9412463,0.0,1.0,2,2,1.0,6,6,1.0
5898005,val,a38_39,2.2144396,0.0,0.0,3,-1,0.0,4,-1,0.0
5904033,val,a38_39,2.8038027,3.0257523,1.0,3,3,1.0,2,4,1.0
5987188,val,a38_39,3.1154168,3.1053386,1.0,3,3,1.0,2,2,1.0
6026005,val,a38_39,3.4196944,3.1735432,1.0,3,2,1.0,6,4,1.0
6026172,val,a38_39,3.1758363,1.3209659,1.0,3,3,1.0,6,4,1.0
6054031,val,a38_39,3.7677822,3.9497616,1.0,3,3,1.0,6,6,1.0
6121033,val,a38_39,2.0523865,0.0,1.0,3,2,1.0,6,6,1.0
6156008,val,a38_39,3.2971594,3.3272858,1.0,3,3,1.0,6,6,1.0
6157003,val,a38_39,3.0651987,3.3871381,1.0,3,3,1.0,2,3,1.0
6210183,val,a38_39,3.091031,3.2967014,1.0,3,-1,0.0,6,2,1.0
6262030,val,a38_39,3.3563728,4.0377684,1.0,3,3,1.0,2,2,1.0
6368007,val,a38_39,2.199008,1.7459805,1.0,3,2,1.0,6,6,1.0
6381181,val,a38_39,3.1973455,3.9647489,1.0,3,3,1.0,6,2,1.0
6396003,val,a38_39,2.1692016,0.0,1.0,3,2,1.0,4,4,1.0
6431008,val,a38_39,2.9160616,4.63572,1.0,3,3,1.0,2,4,1.0
6475170,val,a38_39,2.2180245,3.2242525,1.0,3,3,1.0,6,6,1.0
6522004,val,a38_39,1.1862346,0.9147846,1.0,2,2,1.0,6,6,1.0
6537032,val,a38_39,3.0303493,1.2648275,1.0,3,2,1.0,2,2,1.0
6541178,val,a38_39,3.3621984,4.122309,1.0,3,2,1.0,2,2,1.0
6545006,val,a38_39,1.8131549,3.1551504,1.0,3,3,1.0,4,4,1.0
6547171,val,a38_39,3.105052,2.7027802,1.0,3,3,1.0,2,2,1.0
6571031,val,a38_39,2.9294844,1.7769312,1.0,3,2,1.0,2,3,1.0
6590008,val,a38_39,3.079612,3.329783,1.0,3,3,1.0,2,2,1.0
6616007,val,a38_39,2.5060546,3.7570312,1.0,3,3,1.0,2,4,1.0
6649003,val,a38_39,2.358587,3.3337348,1.0,3,3,1.0,6,2,1.0
6710030,val,a38_39,1.28959,3.2527912,1.0,2,3,1.0,6,6,1.0
6745007,val,a38_39,3.0426366,3.583648,1.0,3,3,1.0,6,6,1.0
6750005,val,a38_39,2.6213527,3.578878,1.0,3,3,1.0,2,4,1.0
6765006,val,a38_39,1.9790125,2.8015413,1.0,3,3,1.0,2,2,1.0
6822176,val,a38_39,3.0692272,2.0905557,1.0,3,3,1.0,2,4,1.0
4007,val,a40_41,2.766892,4.096741,1.0,3,3,1.0,2,4,1.0
6174,val,a40_41,3.5684364,3.9414282,1.0,3,3,1.0,2,2,1.0
14004,val,a40_41,3.750133,3.9032092,1.0,3,3,1.0,2,2,1.0
14172,val,a40_41,1.3399155,3.3626049,1.0,3,3,1.0,2,2,1.0
14173,val,a40_41,3.515596,3.737305,1.0,3,3,1.0,2,2,1.0
18031,val,a40_41,1.7106539,3.4141958,1.0,3,3,1.0,2,5,1.0
18185,val,a40_41,2.4382555,0.0,1.0,3,2,1.0,2,2,1.0
23031,val,a40_41,3.0753202,0.0,1.0,3,2,1.0,2,6,1.0
40173,val,a40_41,3.6820493,3.426771,1.0,3,3,1.0,2,2,1.0
51171,val,a40_41,3.6307707,3.886613,1.0,3,3,1.0,2,2,1.0
84005,val,a40_41,3.341928,4.077138,1.0,3,3,1.0,6,6,1.0
121173,val,a40_41,3.0082545,0.0,1.0,3,2,1.0,2,2,1.0
128004,val,a40_41,3.9425874,4.218239,1.0,3,3,1.0,2,2,1.0
145170,val,a40_41,3.6169486,3.8678546,1.0,3,3,1.0,2,2,1.0
161004,val,a40_41,3.6880248,3.0361922,1.0,3,2,1.0,2,4,1.0
172031,val,a40_41,3.3086426,3.2188306,1.0,3,3,1.0,2,2,1.0
174175,val,a40_41,2.6554441,4.886779,1.0,3,3,1.0,2,2,1.0
221031,val,a40_41,3.8823743,4.1335025,1.0,3,3,1.0,2,2,1.0
223030,val,a40_41,3.6068325,3.6286082,1.0,3,2,1.0,2,2,1.0
227003,val,a40_41,3.837473,4.008891,1.0,3,3,1.0,2,2,1.0
257175,val,a40_41,3.145154,0.42037553,1.0,3,2,1.0,2,2,1.0
263182,val,a40_41,3.5962257,3.4826956,1.0,3,3,1.0,2,2,1.0
321005,val,a40_41,2.263609,2.8158593,1.0,3,3,1.0,2,2,1.0
361175,val,a40_41,2.6602597,1.7118756,1.0,3,2,1.0,2,2,1.0
377170,val,a40_41,3.5019765,4.2009177,1.0,3,3,1.0,2,2,1.0
450030,val,a40_41,3.723472,3.847051,1.0,3,3,1.0,2,6,1.0
465030,val,a40_41,2.457881,3.7935455,1.0,3,3,1.0,4,4,1.0
478030,val,a40_41,2.766337,2.907154,1.0,3,2,1.0,4,3,1.0
503031,val,a40_41,2.9081006,4.475371,1.0,3,3,1.0,2,4,1.0
514172,val,a40_41,3.639057,4.04607,1.0,3,3,1.0,2,2,1.0
534030,val,a40_41,3.1687832,1.9053723,1.0,3,3,1.0,2,2,1.0
534171,val,a40_41,4.0047464,3.7922242,1.0,3,3,1.0,2,2,1.0
544170,val,a40_41,2.7103534,3.178121,1.0,3,3,1.0,2,2,1.0
563193,val,a40_41,3.3008585,0.0,1.0,3,2,1.0,2,2,1.0
577174,val,a40_41,3.4948266,3.0114257,1.0,3,3,1.0,2,2,1.0
613006,val,a40_41,3.5896022,3.7471669,1.0,3,3,1.0,2,2,1.0
618170,val,a40_41,4.1377077,4.5326686,1.0,3,3,1.0,2,2,1.0
631030,val,a40_41,2.8278003,3.3098624,1.0,3,3,1.0,2,4,1.0
633031,val,a40_41,3.1558206,3.6491034,1.0,3,3,1.0,4,2,1.0
652173,val,a40_41,2.9459445,3.5666425,1.0,3,3,1.0,2,2,1.0
655172,val,a40_41,3.146487,3.749749,1.0,3,3,1.0,2,2,1.0
656005,val,a40_41,2.6092103,0.9626811,1.0,3,3,1.0,2,2,1.0
691171,val,a40_41,2.8368979,2.3365629,1.0,3,3,1.0,2,4,1.0
738172,val,a40_41,2.3632295,3.8163328,1.0,3,3,1.0,2,2,1.0
751030,val,a40_41,2.298009,2.7778397,1.0,3,3,1.0,2,4,1.0
762170,val,a40_41,4.1946735,4.3971753,1.0,3,3,1.0,2,2,1.0
783171,val,a40_41,3.0091553,3.7198489,1.0,3,3,1.0,2,2,1.0
863007,val,a40_41,2.7407284,2.8474362,1.0,3,3,1.0,2,2,1.0
893170,val,a40_41,2.7754092,0.0,1.0,3,2,1.0,2,2,1.0
894031,val,a40_41,3.3501918,3.2252226,1.0,3,3,1.0,2,2,1.0
898181,val,a40_41,2.7418373,1.1858279,1.0,3,3,1.0,2,2,1.0
899003,val,a40_41,3.4723687,3.5209594,1.0,3,3,1.0,2,2,1.0
916032,val,a40_41,2.5778983,3.1679091,1.0,3,3,1.0,6,2,1.0
922005,val,a40_41,3.4683256,2.5942936,1.0,3,3,1.0,2,2,1.0
931172,val,a40_41,3.667153,3.1120167,1.0,3,2,1.0,2,2,1.0
939032,val,a40_41,4.2779365,4.886779,1.0,3,3,1.0,2,2,1.0
958030,val,a40_41,3.4470646,3.1199777,1.0,3,3,1.0,2,2,1.0
958173,val,a40_41,2.8946128,3.1463857,1.0,3,3,1.0,2,2,1.0
961005,val,a40_41,3.0778089,3.1784346,1.0,3,3,1.0,2,2,1.0
961030,val,a40_41,2.9104264,3.4617243,1.0,3,3,1.0,2,2,1.0
961175,val,a40_41,3.679244,4.0225544,1.0,3,3,1.0,2,2,1.0
1051183,val,a40_41,3.9351404,3.3424077,1.0,3,3,1.0,2,2,1.0
1084005,val,a40_41,3.0430837,3.6850972,1.0,3,2,1.0,2,3,1.0
1089003,val,a40_41,2.8706832,3.3619723,1.0,3,3,1.0,2,2,1.0
1093003,val,a40_41,1.6245968,0.0,1.0,3,2,1.0,2,2,1.0
1107173,val,a40_41,2.1743035,4.0036206,1.0,3,3,1.0,2,4,1.0
1109174,val,a40_41,2.0252419,2.1663687,1.0,3,3,1.0,2,2,1.0
1121030,val,a40_41,3.5468237,3.615111,1.0,3,3,1.0,2,2,1.0
1121175,val,a40_41,2.5238874,0.0,1.0,3,2,1.0,2,2,1.0
1125172,val,a40_41,2.6892345,0.0,0.0,3,-1,0.0,2,-1,0.0
1126030,val,a40_41,2.9371436,2.3645113,1.0,3,3,1.0,2,2,1.0
1126176,val,a40_41,2.1716044,4.886184,1.0,3,3,1.0,2,2,1.0
1152180,val,a40_41,3.1567469,3.4620757,1.0,3,3,1.0,2,2,1.0
1164004,val,a40_41,3.538537,3.5871162,1.0,3,3,1.0,2,2,1.0
1184032,val,a40_41,3.3944354,3.843872,1.0,3,3,1.0,2,2,1.0
1184033,val,a40_41,2.4013972,1.4233128,1.0,3,3,1.0,6,4,1.0
1185003,val,a40_41,3.196327,0.0,1.0,3,2,1.0,2,2,1.0
1222004,val,a40_41,2.5845916,3.154596,1.0,3,3,1.0,2,2,1.0
1222006,val,a40_41,3.3644674,2.026318,1.0,3,3,1.0,2,2,1.0
1284170,val,a40_41,3.274589,0.0,1.0,3,2,1.0,2,2,1.0
1292004,val,a40_41,2.7814944,3.105974,1.0,3,3,1.0,2,4,1.0
1314172,val,a40_41,3.5719533,3.949036,1.0,3,3,1.0,2,2,1.0
1332005,val,a40_41,4.1416078,3.6204543,1.0,3,3,1.0,2,3,1.0
1335010,val,a40_41,3.4532828,3.0401068,1.0,3,3,1.0,2,2,1.0
1338003,val,a40_41,3.1552782,3.5987248,1.0,3,3,1.0,2,2,1.0
1345006,val,a40_41,2.8976355,2.9212708,1.0,3,3,1.0,2,2,1.0
1345007,val,a40_41,2.8776197,3.57801,1.0,3,3,1.0,2,2,1.0
1346030,val,a40_41,3.5478644,0.0,1.0,3,2,1.0,2,2,1.0
1391033,val,a40_41,3.8050313,3.647873,1.0,3,3,1.0,2,4,1.0
1391175,val,a40_41,1.2347707,0.0,0.0,2,-1,0.0,2,-1,0.0
1394033,val,a40_41,2.1205444,0.0,1.0,3,2,1.0,4,4,1.0
1397005,val,a40_41,3.6246414,3.7439065,1.0,3,3,1.0,2,2,1.0
1397172,val,a40_41,1.8906314,3.0469735,1.0,3,3,1.0,2,2,1.0
1426004,val,a40_41,1.8976977,2.9762707,1.0,3,3,1.0,6,6,1.0
1434032,val,a40_41,2.8593578,2.0527534,1.0,3,3,1.0,2,2,1.0
1434170,val,a40_41,3.256619,3.1865816,1.0,3,3,1.0,2,2,1.0
1435005,val,a40_41,3.9732409,4.6204996,1.0,3,2,1.0,2,4,1.0
1485171,val,a40_41,3.7732346,3.2274153,1.0,3,3,1.0,2,2,1.0
1520031,val,a40_41,3.447586,3.9851773,1.0,3,3,1.0,4,2,1.0
1540005,val,a40_41,4.1988196,2.3726282,1.0,3,3,1.0,2,2,1.0
1559003,val,a40_41,4.162975,4.472791,1.0,3,3,1.0,2,2,1.0
1559170,val,a40_41,3.0473447,3.2300382,1.0,3,3,1.0,2,2,1.0
1565180,val,a40_41,3.1334229,4.194441,1.0,3,3,1.0,2,2,1.0
1579030,val,a40_41,3.176275,3.0597289,1.0,3,3,1.0,2,2,1.0
1613007,val,a40_41,2.8411636,0.6793294,1.0,3,3,1.0,2,2,1.0
1621171,val,a40_41,4.091318,4.886779,1.0,3,3,1.0,2,2,1.0
1644004,val,a40_41,3.2306073,3.496418,1.0,3,3,1.0,2,2,1.0
1652031,val,a40_41,3.1128852,3.3802066,1.0,3,3,1.0,2,2,1.0
1682032,val,a40_41,3.6110268,3.8730197,1.0,3,3,1.0,2,2,1.0
1684173,val,a40_41,3.6798058,3.6152012,1.0,3,2,1.0,2,2,1.0
1687003,val,a40_41,3.564785,3.3729873,1.0,3,3,1.0,2,2,1.0
1690170,val,a40_41,2.3488684,3.5111582,1.0,3,3,1.0,2,2,1.0
1692030,val,a40_41,1.3506905,0.0,1.0,3,2,1.0,2,2,1.0
1695034,val,a40_41,3.0277812,3.6491034,1.0,3,3,1.0,2,2,1.0
1701004,val,a40_41,2.6787663,3.9664857,1.0,3,3,1.0,2,2,1.0
1721030,val,a40_41,3.423614,3.6687279,1.0,3,3,1.0,4,2,1.0
1723005,val,a40_41,1.3601481,2.2075644,1.0,3,3,1.0,2,2,1.0
1762030,val,a40_41,2.6647935,0.0,1.0,3,2,1.0,2,4,1.0
1762031,val,a40_41,3.6781812,3.7650766,1.0,3,3,1.0,2,2,1.0
1762032,val,a40_41,2.3157606,1.9069004,1.0,3,3,1.0,2,4,1.0
1774170,val,a40_41,3.0796297,1.3671789,1.0,3,2,1.0,2,2,1.0
1774171,val,a40_41,3.1104345,3.3073823,1.0,3,3,1.0,2,2,1.0
1784171,val,a40_41,4.039505,4.1698217,1.0,3,3,1.0,2,2,1.0
1786191,val,a40_41,3.8974428,3.9422066,1.0,3,3,1.0,2,2,1.0
1787005,val,a40_41,3.5585375,3.6848996,1.0,3,3,1.0,2,2,1.0
1787174,val,a40_41,2.8034978,3.3667955,1.0,3,3,1.0,2,2,1.0
1802003,val,a40_41,3.325444,3.489942,1.0,3,2,1.0,2,4,1.0
1845170,val,a40_41,4.062892,3.0869684,1.0,3,3,1.0,2,2,1.0
1862171,val,a40_41,3.0752518,3.5262845,1.0,3,3,1.0,2,2,1.0
1898004,val,a40_41,2.994497,3.4094932,1.0,3,3,1.0,2,6,1.0
1911030,val,a40_41,2.4530666,0.0,0.0,3,-1,0.0,2,-1,0.0
1914003,val,a40_41,1.6081101,2.8751705,1.0,3,3,1.0,2,2,1.0
1919007,val,a40_41,4.186233,4.886779,1.0,3,3,1.0,2,4,1.0
1954003,val,a40_41,3.4853935,2.9361172,1.0,3,3,1.0,2,2,1.0
1959005,val,a40_41,3.6437664,4.3370132,1.0,3,3,1.0,2,2,1.0
1964031,val,a40_41,2.459497,0.0,1.0,3,2,1.0,2,4,1.0
1972173,val,a40_41,1.6207473,0.0,0.0,3,-1,0.0,2,-1,0.0
1978030,val,a40_41,3.5424638,3.693618,1.0,3,3,1.0,2,2,1.0
2005030,val,a40_41,2.9382455,3.1062326,1.0,3,3,1.0,6,4,1.0
2011174,val,a40_41,2.6197631,3.3237946,1.0,3,3,1.0,2,2,1.0
2023030,val,a40_41,3.5276499,4.886779,1.0,3,3,1.0,2,6,1.0
2028030,val,a40_41,3.3134735,4.421971,1.0,3,3,1.0,2,4,1.0
2055003,val,a40_41,2.740995,1.7300621,1.0,3,3,1.0,2,2,1.0
2067005,val,a40_41,3.8055034,4.1546817,1.0,3,3,1.0,2,2,1.0
2080170,val,a40_41,2.2187927,2.3160753,1.0,3,3,1.0,2,2,1.0
2106171,val,a40_41,1.4525315,0.0,1.0,3,2,1.0,2,2,1.0
2109002,val,a40_41,3.1719596,4.482823,1.0,3,3,1.0,2,2,1.0
2129186,val,a40_41,3.340977,3.496005,1.0,3,3,1.0,2,2,1.0
2181007,val,a40_41,1.2054607,1.966612,1.0,2,2,1.0,6,6,1.0
2181030,val,a40_41,3.0731292,3.3319657,1.0,3,3,1.0,4,2,1.0
2243174,val,a40_41,3.5529118,3.0664406,1.0,3,3,1.0,2,2,1.0
2260173,val,a40_41,2.711789,0.40987092,1.0,3,2,1.0,2,2,1.0
2261030,val,a40_41,3.2883186,2.5095816,1.0,3,3,1.0,2,2,1.0
2271171,val,a40_41,2.614556,3.6543715,1.0,3,3,1.0,2,2,1.0
2282005,val,a40_41,3.070414,0.0,1.0,3,3,1.0,2,6,1.0
2302195,val,a40_41,1.3687707,0.39853728,1.0,3,2,1.0,2,3,1.0
2334031,val,a40_41,3.7295244,3.8142254,1.0,3,3,1.0,2,2,1.0
2341172,val,a40_41,2.7114487,2.8913167,1.0,3,3,1.0,2,2,1.0
2354175,val,a40_41,3.5751452,3.3073823,1.0,3,3,1.0,2,2,1.0
2355004,val,a40_41,2.1248446,3.7249148,1.0,3,3,1.0,4,2,1.0
2391030,val,a40_41,3.568582,3.1996279,1.0,3,3,1.0,2,2,1.0
2397173,val,a40_41,1.5753028,2.7536736,1.0,3,3,1.0,2,2,1.0
2408170,val,a40_41,2.6538966,2.2054408,1.0,3,2,1.0,2,4,1.0
2425003,val,a40_41,2.6992655,1.1611937,1.0,3,3,1.0,2,2,1.0
2432030,val,a40_41,1.670409,2.766588,1.0,3,3,1.0,4,4,1.0
2435172,val,a40_41,1.9228096,0.5612031,1.0,3,3,1.0,2,2,1.0
2436174,val,a40_41,1.4096161,0.0,1.0,3,2,1.0,2,4,1.0
2436176,val,a40_41,1.7421358,3.0665076,1.0,3,3,1.0,2,2,1.0
2441003,val,a40_41,1.9972482,3.1931083,1.0,3,3,1.0,2,2,1.0
2441173,val,a40_41,3.456903,4.1230373,1.0,3,3,1.0,2,2,1.0
2458031,val,a40_41,4.3388124,4.7487354,1.0,3,3,1.0,2,6,1.0
2461004,val,a40_41,1.4799223,2.4098656,1.0,3,3,1.0,2,2,1.0
2461030,val,a40_41,3.382618,0.0,1.0,3,3,1.0,2,4,1.0
2473004,val,a40_41,3.444809,3.8582711,1.0,3,3,1.0,2,2,1.0
2483030,val,a40_41,2.9415135,1.7093322,1.0,3,3,1.0,2,4,1.0
2503030,val,a40_41,3.7692442,3.0149915,1.0,3,3,1.0,2,6,1.0
2510005,val,a40_41,3.8697827,3.0679493,1.0,3,3,1.0,2,2,1.0
2525003,val,a40_41,3.6253717,4.886779,1.0,3,3,1.0,2,2,1.0
2529030,val,a40_41,3.3306103,0.0,1.0,3,2,1.0,2,4,1.0
2529174,val,a40_41,2.892601,3.9823928,1.0,3,3,1.0,2,2,1.0
2530003,val,a40_41,2.407398,2.8040938,1.0,3,3,1.0,2,2,1.0
2530004,val,a40_41,2.9341922,3.0475352,1.0,3,3,1.0,2,2,1.0
2569033,val,a40_41,2.823187,3.3889637,1.0,3,3,1.0,6,2,1.0
2601006,val,a40_41,3.4302652,0.0,0.0,3,-1,0.0,6,-1,0.0
2608006,val,a40_41,2.8396945,3.153995,1.0,3,3,1.0,2,2,1.0
2615034,val,a40_41,3.4766965,3.5209804,1.0,3,3,1.0,2,2,1.0
2639004,val,a40_41,2.4824414,2.0256755,1.0,3,2,1.0,2,4,1.0
2665177,val,a40_41,1.3158534,0.0,1.0,2,2,1.0,6,2,1.0
2672006,val,a40_41,3.420684,4.190539,1.0,3,3,1.0,6,4,1.0
2672171,val,a40_41,2.6500769,4.158148,1.0,3,3,1.0,2,4,1.0
2697003,val,a40_41,3.9407153,3.3715646,1.0,3,3,1.0,2,2,1.0
2704031,val,a40_41,3.1503146,2.5460799,1.0,3,3,1.0,6,4,1.0
2705030,val,a40_41,3.328258,4.6122894,1.0,3,3,1.0,2,3,1.0
2707007,val,a40_41,2.6901398,2.015335,1.0,3,3,1.0,2,2,1.0
2712172,val,a40_41,2.477487,3.172238,1.0,3,3,1.0,2,2,1.0
2731003,val,a40_41,2.9386697,3.1447468,1.0,3,3,1.0,6,6,1.0
2731005,val,a40_41,3.7318292,4.564996,1.0,3,3,1.0,2,6,1.0
2770031,val,a40_41,3.4540007,1.7136508,1.0,3,3,1.0,2,2,1.0
2816004,val,a40_41,1.4650365,3.4309494,1.0,3,3,1.0,2,2,1.0
2910002,val,a40_41,2.9783351,3.1706843,1.0,3,2,1.0,2,2,1.0
3062001,val,a40_41,3.7840497,3.958687,1.0,3,3,1.0,2,2,1.0
3235002,val,a40_41,2.6426952,3.6333046,1.0,3,3,1.0,2,3,1.0
3306001,val,a40_41,4.146329,4.594867,1.0,3,3,1.0,2,2,1.0
5015030,val,a40_41,2.3665874,0.0,1.0,3,2,1.0,2,2,1.0
5048030,val,a40_41,2.7415006,2.79805,1.0,3,3,1.0,6,6,1.0
5052033,val,a40_41,2.3119895,2.355517,1.0,3,3,1.0,6,6,1.0
5057008,val,a40_41,1.1105021,3.5037935,1.0,2,3,1.0,6,6,1.0
5170009,val,a40_41,3.4097323,3.8322608,1.0,3,3,1.0,2,2,1.0
5230008,val,a40_41,3.1599135,3.7570312,1.0,3,3,1.0,2,2,1.0
5299010,val,a40_41,2.4358206,0.0,1.0,3,2,1.0,6,6,1.0
5336179,val,a40_41,3.0171201,3.3685656,1.0,3,3,1.0,2,2,1.0
5364005,val,a40_41,3.0765238,3.3224595,1.0,3,3,1.0,4,3,1.0
5379004,val,a40_41,3.0628989,4.8131404,1.0,3,3,1.0,4,4,1.0
5430173,val,a40_41,2.9094536,0.0,1.0,3,2,1.0,6,6,1.0
5488006,val,a40_41,3.3162599,3.6807222,1.0,3,3,1.0,6,6,1.0
5493007,val,a40_41,1.0917009,0.0,1.0,2,2,1.0,2,5,1.0
5537009,val,a40_41,2.7358925,2.9591303,1.0,3,3,1.0,2,2,1.0
5537177,val,a40_41,2.1388738,1.2297416,1.0,3,2,1.0,2,2,1.0
5537183,val,a40_41,3.537487,3.031698,1.0,3,3,1.0,2,2,1.0
5569010,val,a40_41,3.0482845,3.265041,1.0,3,3,1.0,2,2,1.0
5600005,val,a40_41,1.9804317,2.2039053,1.0,3,2,1.0,6,2,1.0
5615183,val,a40_41,2.9312782,2.9662764,1.0,3,3,1.0,2,2,1.0
5749006,val,a40_41,2.1396062,0.37078482,1.0,3,2,1.0,4,2,1.0
5822175,val,a40_41,3.0427113,3.7130666,1.0,3,3,1.0,2,2,1.0
5832003,val,a40_41,3.028025,2.3181431,1.0,3,2,1.0,4,6,1.0
5872005,val,a40_41,0.9923353,0.0,0.0,2,-1,0.0,6,-1,0.0
5898005,val,a40_41,2.2403615,0.0,0.0,3,-1,0.0,4,-1,0.0
5904033,val,a40_41,2.8103008,1.9870218,1.0,3,3,1.0,2,4,1.0
5987188,val,a40_41,3.13557,3.0869684,1.0,3,3,1.0,2,2,1.0
6026005,val,a40_41,3.4383426,3.3871381,1.0,3,2,1.0,6,4,1.0
6026172,val,a40_41,3.215479,3.6983402,1.0,3,3,1.0,2,4,1.0
6054031,val,a40_41,3.823893,3.9765851,1.0,3,3,1.0,2,6,1.0
6121033,val,a40_41,2.0137117,0.0,1.0,3,2,1.0,6,6,1.0
6156008,val,a40_41,3.2854133,3.7570312,1.0,3,3,1.0,6,6,1.0
6157003,val,a40_41,3.0629926,3.2381604,1.0,3,3,1.0,2,3,1.0
6210183,val,a40_41,3.1603622,3.3488646,1.0,3,3,1.0,2,2,1.0
6262030,val,a40_41,3.3760102,4.052318,1.0,3,3,1.0,2,2,1.0
6368007,val,a40_41,2.1602485,0.0,1.0,3,2,1.0,6,6,1.0
6381181,val,a40_41,3.2331243,4.0398784,1.0,3,3,1.0,6,2,1.0
6396003,val,a40_41,2.1867526,0.0,1.0,3,2,1.0,4,4,1.0
6431008,val,a40_41,2.9260736,4.745581,1.0,3,3,1.0,2,4,1.0
6475170,val,a40_41,2.1970665,3.0000806,1.0,3,3,1.0,6,6,1.0
6522004,val,a40_41,1.2416036,0.0,0.0,2,2,1.0,6,4,1.0
6537032,val,a40_41,2.942288,2.9993773,1.0,3,3,1.0,2,2,1.0
6541178,val,a40_41,3.4013734,4.1655335,1.0,3,3,1.0,2,2,1.0
6545006,val,a40_41,1.7829314,2.3224509,1.0,3,3,1.0,4,4,1.0
6547171,val,a40_41,3.1140049,3.0869684,1.0,3,3,1.0,2,2,1.0
6571031,val,a40_41,2.9337385,0.0,0.0,3,-1,0.0,2,-1,0.0
6590008,val,a40_41,3.0724006,0.0,1.0,3,3,1.0,2,2,1.0
6616007,val,a40_41,2.6130123,3.6222303,1.0,3,3,1.0,2,4,1.0
6649003,val,a40_41,2.3060517,3.6229506,1.0,3,3,1.0,6,2,1.0
6710030,val,a40_41,1.3331064,3.2437427,1.0,2,3,1.0,6,6,1.0
6745007,val,a40_41,3.0604184,3.587975,1.0,3,3,1.0,6,6,1.0
6750005,val,a40_41,2.7252393,3.9030106,1.0,3,3,1.0,2,4,1.0
6765006,val,a40_41,2.0649953,2.6505947,1.0,3,3,1.0,2,2,1.0
6822176,val,a40_41,3.0969722,3.546035,1.0,3,3,1.0,2,4,1.0
4007,val,a42_43,2.7650976,0.0,0.0,3,-1,0.0,2,-1,0.0
6174,val,a42_43,3.5292082,4.3904777,1.0,3,3,1.0,2,2,1.0
14004,val,a42_43,3.715436,3.7619069,1.0,3,3,1.0,2,2,1.0
14172,val,a42_43,1.4059259,3.7323906,1.0,3,3,1.0,2,2,1.0
14173,val,a42_43,3.5082493,4.0403357,1.0,3,3,1.0,2,2,1.0
18031,val,a42_43,1.8389798,3.5281215,1.0,3,3,1.0,2,5,1.0
18185,val,a42_43,2.4463153,0.0,1.0,3,2,1.0,2,3,1.0
23031,val,a42_43,3.0104623,0.0,1.0,3,2,1.0,2,6,1.0
40173,val,a42_43,3.6520095,3.5162604,1.0,3,3,1.0,2,2,1.0
51171,val,a42_43,3.5870266,3.9461741,1.0,3,3,1.0,2,2,1.0
84005,val,a42_43,3.30406,3.9647489,1.0,3,3,1.0,2,6,1.0
121173,val,a42_43,2.9643426,3.016735,1.0,3,3,1.0,2,2,1.0
128004,val,a42_43,3.8904219,4.198069,1.0,3,3,1.0,2,2,1.0
145170,val,a42_43,3.5882792,3.507782,1.0,3,3,1.0,2,2,1.0
161004,val,a42_43,3.6547904,3.1872697,1.0,3,3,1.0,2,4,1.0
172031,val,a42_43,3.2698212,3.126861,1.0,3,3,1.0,2,2,1.0
174175,val,a42_43,2.585819,4.886779,1.0,3,3,1.0,2,2,1.0
221031,val,a42_43,3.8580518,3.9811552,1.0,3,3,1.0,2,2,1.0
223030,val,a42_43,3.5562763,3.4196575,1.0,3,3,1.0,2,2,1.0
227003,val,a42_43,3.810197,3.9589236,1.0,3,3,1.0,2,2,1.0
257175,val,a42_43,3.1098526,0.56697226,1.0,3,3,1.0,2,2,1.0
263182,val,a42_43,3.5581996,3.456537,1.0,3,3,1.0,2,2,1.0
321005,val,a42_43,2.2137945,3.067396,1.0,3,3,1.0,2,2,1.0
361175,val,a42_43,2.6858008,2.6412401,1.0,3,3,1.0,2,2,1.0
377170,val,a42_43,3.4739003,4.30575,1.0,3,3,1.0,2,2,1.0
450030,val,a42_43,3.7230985,4.0109034,1.0,3,2,1.0,2,6,1.0
465030,val,a42_43,2.436146,3.854094,1.0,3,3,1.0,4,4,1.0
478030,val,a42_43,2.7184072,3.0282621,1.0,3,3,1.0,4,3,1.0
503031,val,a42_43,2.9922206,4.717123,1.0,3,3,1.0,2,4,1.0
514172,val,a42_43,3.6009634,4.2617564,1.0,3,3,1.0,2,2,1.0
534030,val,a42_43,3.155405,3.2387373,1.0,3,3,1.0,2,2,1.0
534171,val,a42_43,3.98283,3.8186266,1.0,3,3,1.0,2,2,1.0
544170,val,a42_43,2.7174108,3.378522,1.0,3,3,1.0,2,2,1.0
563193,val,a42_43,3.2738771,0.0,1.0,3,2,1.0,2,2,1.0
577174,val,a42_43,3.4732633,3.1931083,1.0,3,3,1.0,2,2,1.0
613006,val,a42_43,3.596057,3.4896688,1.0,3,3,1.0,2,2,1.0
618170,val,a42_43,4.1062264,4.7028666,1.0,3,3,1.0,2,2,1.0
631030,val,a42_43,2.8252518,3.7247293,1.0,3,3,1.0,2,4,1.0
633031,val,a42_43,3.1221895,3.6932049,1.0,3,3,1.0,4,2,1.0
652173,val,a42_43,2.9134138,3.6409497,1.0,3,3,1.0,2,2,1.0
655172,val,a42_43,3.1222794,4.2897096,1.0,3,3,1.0,2,2,1.0
656005,val,a42_43,2.630578,1.5825812,1.0,3,3,1.0,2,2,1.0
691171,val,a42_43,2.8207347,2.422265,1.0,3,3,1.0,2,4,1.0
738172,val,a42_43,2.4272926,4.6475396,1.0,3,3,1.0,2,2,1.0
751030,val,a42_43,2.382101,3.128094,1.0,3,2,1.0,2,4,1.0
762170,val,a42_43,4.165726,4.3866534,1.0,3,3,1.0,2,2,1.0
783171,val,a42_43,2.990719,3.627258,1.0,3,3,1.0,2,2,1.0
863007,val,a42_43,2.7479434,3.0570593,1.0,3,3,1.0,2,2,1.0
893170,val,a42_43,2.758423,0.0,1.0,3,2,1.0,2,2,1.0
894031,val,a42_43,3.3266928,3.4939215,1.0,3,3,1.0,2,2,1.0
898181,val,a42_43,2.7153637,2.0642657,1.0,3,3,1.0,2,2,1.0
899003,val,a42_43,3.452364,3.5290773,1.0,3,3,1.0,2,2,1.0
916032,val,a42_43,2.5605574,2.66215,1.0,3,2,1.0,6,2,1.0
922005,val,a42_43,3.460348,2.8607311,1.0,3,3,1.0,2,2,1.0
931172,val,a42_43,3.6441417,2.3561735,1.0,3,3,1.0,2,2,1.0
939032,val,a42_43,4.247942,4.886779,1.0,3,3,1.0,2,2,1.0
958030,val,a42_43,3.4067645,3.0001054,1.0,3,3,1.0,2,2,1.0
958173,val,a42_43,2.8863766,3.188211,1.0,3,3,1.0,2,2,1.0
961005,val,a42_43,3.0612018,3.0807095,1.0,3,3,1.0,2,2,1.0
961030,val,a42_43,2.874551,3.5064607,1.0,3,3,1.0,2,2,1.0
961175,val,a42_43,3.6542187,3.858515,1.0,3,3,1.0,2,2,1.0
1051183,val,a42_43,3.9003863,3.4141958,1.0,3,3,1.0,2,2,1.0
1084005,val,a42_43,3.0274267,2.8569546,1.0,3,2,1.0,2,4,1.0
1089003,val,a42_43,2.8490403,3.397333,1.0,3,3,1.0,2,2,1.0
1093003,val,a42_43,1.8146372,0.0,1.0,3,2,1.0,2,2,1.0
1107173,val,a42_43,2.2339146,0.0,1.0,3,2,1.0,2,4,1.0
1109174,val,a42_43,2.0113068,2.241885,1.0,3,3,1.0,2,2,1.0
1121030,val,a42_43,3.5346208,3.7256048,1.0,3,3,1.0,2,2,1.0
1121175,val,a42_43,2.5276577,0.0,1.0,3,2,1.0,2,2,1.0
1125172,val,a42_43,2.6737227,2.6918542,1.0,3,3,1.0,2,2,1.0
1126030,val,a42_43,2.9298384,2.3410416,1.0,3,3,1.0,2,2,1.0
1126176,val,a42_43,2.3068643,4.2375464,1.0,3,3,1.0,2,2,1.0
1152180,val,a42_43,3.1392174,3.382096,1.0,3,3,1.0,2,2,1.0
1164004,val,a42_43,3.5354316,3.6850972,1.0,3,3,1.0,2,2,1.0
1184032,val,a42_43,3.403382,0.0,0.0,3,-1,0.0,2,-1,0.0
1184033,val,a42_43,2.4104958,2.9884706,1.0,3,3,1.0,6,4,1.0
1185003,val,a42_43,3.169824,0.0,1.0,3,2,1.0,2,2,1.0
1222004,val,a42_43,2.5923414,3.1974998,1.0,3,3,1.0,2,2,1.0
1222006,val,a42_43,3.3526242,3.4334857,1.0,3,3,1.0,2,2,1.0
1284170,val,a42_43,3.2414153,0.0,1.0,3,2,1.0,2,2,1.0
1292004,val,a42_43,2.7737079,3.0276508,1.0,3,3,1.0,2,4,1.0
1314172,val,a42_43,3.5401824,3.955919,1.0,3,3,1.0,2,2,1.0
1332005,val,a42_43,4.0730343,4.0859733,1.0,3,3,1.0,2,3,1.0
1335010,val,a42_43,3.428418,3.5913725,1.0,3,3,1.0,2,2,1.0
1338003,val,a42_43,3.0994403,0.0,1.0,3,2,1.0,2,2,1.0
1345006,val,a42_43,2.8981552,2.8901737,1.0,3,3,1.0,2,2,1.0
1345007,val,a42_43,2.8442576,3.4974828,1.0,3,3,1.0,2,2,1.0
1346030,val,a42_43,3.5084143,1.209378,1.0,3,2,1.0,2,2,1.0
1391033,val,a42_43,3.7700973,3.9802005,1.0,3,3,1.0,2,4,1.0
1391175,val,a42_43,1.2880471,3.1796627,1.0,2,3,1.0,2,4,1.0
1394033,val,a42_43,2.141166,0.0,1.0,3,2,1.0,4,4,1.0
1397005,val,a42_43,3.5848885,3.749749,1.0,3,3,1.0,2,2,1.0
1397172,val,a42_43,1.982789,3.0798528,1.0,3,3,1.0,2,2,1.0
1426004,val,a42_43,1.825392,3.4137402,1.0,3,3,1.0,6,6,1.0
1434032,val,a42_43,2.8738422,2.134075,1.0,3,3,1.0,2,2,1.0
1434170,val,a42_43,3.2263882,3.2432585,1.0,3,3,1.0,2,2,1.0
1435005,val,a42_43,3.9380016,2.8346472,1.0,3,3,1.0,2,4,1.0
1485171,val,a42_43,3.7536635,3.4779825,1.0,3,3,1.0,2,2,1.0
1520031,val,a42_43,3.4509115,0.0,1.0,3,3,1.0,2,2,1.0
1540005,val,a42_43,4.1679688,3.2980824,1.0,3,3,1.0,2,2,1.0
1559003,val,a42_43,4.123012,4.455336,1.0,3,3,1.0,2,2,1.0
1559170,val,a42_43,3.0216494,3.46386,1.0,3,3,1.0,2,2,1.0
1565180,val,a42_43,3.1129193,3.7453756,1.0,3,3,1.0,2,2,1.0
1579030,val,a42_43,3.2178793,2.21841,1.0,3,3,1.0,2,2,1.0
1613007,val,a42_43,2.8298829,1.4655625,1.0,3,3,1.0,2,2,1.0
1621171,val,a42_43,4.0687065,4.5817747,1.0,3,3,1.0,2,2,1.0
1644004,val,a42_43,3.2075014,3.3623176,1.0,3,3,1.0,2,2,1.0
1652031,val,a42_43,3.092239,3.6539025,1.0,3,3,1.0,2,2,1.0
1682032,val,a42_43,3.6003342,3.8923383,1.0,3,3,1.0,2,2,1.0
1684173,val,a42_43,3.6649473,3.4133592,1.0,3,3,1.0,2,2,1.0
1687003,val,a42_43,3.547443,2.1154792,1.0,3,3,1.0,2,2,1.0
1690170,val,a42_43,2.3412693,3.81582,1.0,3,3,1.0,2,2,1.0
1692030,val,a42_43,1.3897066,0.0,1.0,3,2,1.0,2,2,1.0
1695034,val,a42_43,3.0149105,3.7629457,1.0,3,3,1.0,2,2,1.0
1701004,val,a42_43,2.7018871,4.257973,1.0,3,3,1.0,2,2,1.0
1721030,val,a42_43,3.4217052,3.348836,1.0,3,3,1.0,4,2,1.0
1723005,val,a42_43,1.4124634,2.2497153,1.0,3,3,1.0,2,2,1.0
1762030,val,a42_43,2.6959155,0.0,1.0,3,2,1.0,2,4,1.0
1762031,val,a42_43,3.624229,3.7924998,1.0,3,3,1.0,2,2,1.0
1762032,val,a42_43,2.3341742,2.2055602,1.0,3,3,1.0,2,4,1.0
1774170,val,a42_43,3.046867,1.7535818,1.0,3,3,1.0,2,2,1.0
1774171,val,a42_43,3.079115,3.736019,1.0,3,3,1.0,2,2,1.0
1784171,val,a42_43,4.0086417,4.1252284,1.0,3,3,1.0,2,2,1.0
1786191,val,a42_43,3.869694,4.227405,1.0,3,3,1.0,2,2,1.0
1787005,val,a42_43,3.5215132,3.6104138,1.0,3,3,1.0,2,2,1.0
1787174,val,a42_43,2.7638335,3.3523545,1.0,3,3,1.0,2,2,1.0
1802003,val,a42_43,3.2934287,3.4832323,1.0,3,2,1.0,2,4,1.0
1845170,val,a42_43,4.033164,3.3217459,1.0,3,3,1.0,2,2,1.0
1862171,val,a42_43,3.0573578,3.4461362,1.0,3,3,1.0,2,2,1.0
1898004,val,a42_43,2.9750202,4.3638077,1.0,3,3,1.0,2,6,1.0
1911030,val,a42_43,2.4416049,2.9322286,1.0,3,3,1.0,2,2,1.0
1914003,val,a42_43,1.7973156,3.0930045,1.0,3,3,1.0,2,2,1.0
1919007,val,a42_43,4.1529136,4.8387165,1.0,3,3,1.0,2,4,1.0
1954003,val,a42_43,3.4583483,3.7558146,1.0,3,3,1.0,2,4,1.0
1959005,val,a42_43,3.6082563,4.521836,1.0,3,3,1.0,2,2,1.0
1964031,val,a42_43,2.5175126,0.0,1.0,3,2,1.0,2,4,1.0
1972173,val,a42_43,1.7613225,2.3260252,1.0,3,3,1.0,2,3,1.0
1978030,val,a42_43,3.5339699,3.4900744,1.0,3,3,1.0,2,2,1.0
2005030,val,a42_43,2.8962836,3.211439,1.0,3,3,1.0,2,4,1.0
2011174,val,a42_43,2.593998,3.177646,1.0,3,3,1.0,2,2,1.0
2023030,val,a42_43,3.4792473,4.886779,1.0,3,3,1.0,2,6,1.0
2028030,val,a42_43,3.2660897,4.886779,1.0,3,3,1.0,2,4,1.0
2055003,val,a42_43,2.7523534,1.367364,1.0,3,3,1.0,2,2,1.0
2067005,val,a42_43,3.7631435,4.480925,1.0,3,3,1.0,2,2,1.0
2080170,val,a42_43,2.195034,2.4098656,1.0,3,3,1.0,2,2,1.0
2106171,val,a42_43,1.489171,0.0,1.0,3,2,1.0,2,2,1.0
2109002,val,a42_43,3.1369743,4.472431,1.0,3,3,1.0,2,2,1.0
2129186,val,a42_43,3.3118181,3.851873,1.0,3,3,1.0,2,2,1.0
2181007,val,a42_43,1.150087,2.5885363,1.0,2,3,1.0,6,6,1.0
2181030,val,a42_43,3.051787,3.6084042,1.0,3,3,1.0,4,2,1.0
2243174,val,a42_43,3.5055346,2.9595175,1.0,3,3,1.0,2,2,1.0
2260173,val,a42_43,2.6997173,0.0,1.0,3,2,1.0,2,2,1.0
2261030,val,a42_43,3.2847848,3.173361,1.0,3,3,1.0,2,2,1.0
2271171,val,a42_43,2.5890646,3.7394035,1.0,3,3,1.0,2,2,1.0
2282005,val,a42_43,3.04865,3.46386,1.0,3,3,1.0,4,6,1.0
2302195,val,a42_43,1.3794278,0.0,1.0,3,2,1.0,2,6,1.0
2334031,val,a42_43,3.7036333,3.8580909,1.0,3,3,1.0,2,2,1.0
2341172,val,a42_43,2.715415,2.8802483,1.0,3,3,1.0,2,2,1.0
2354175,val,a42_43,3.5364566,3.651173,1.0,3,3,1.0,2,2,1.0
2355004,val,a42_43,2.1786563,4.1334863,1.0,3,3,1.0,4,2,1.0
2391030,val,a42_43,3.5435905,3.859207,1.0,3,3,1.0,2,2,1.0
2397173,val,a42_43,1.7299563,3.1475887,1.0,3,3,1.0,2,2,1.0
2408170,val,a42_43,2.599367,2.146546,1.0,3,3,1.0,2,4,1.0
2425003,val,a42_43,2.693375,0.0,1.0,3,2,1.0,2,2,1.0
2432030,val,a42_43,1.6358916,4.2273545,1.0,3,3,1.0,4,4,1.0
2435172,val,a42_43,2.0491846,0.0,1.0,3,2,1.0,2,2,1.0
2436174,val,a42_43,1.4445826,0.0,1.0,3,2,1.0,2,4,1.0
2436176,val,a42_43,1.763954,3.0895233,1.0,3,3,1.0,2,2,1.0
2441003,val,a42_43,2.0300198,3.9165187,1.0,3,3,1.0,2,2,1.0
2441173,val,a42_43,3.4422388,4.077138,1.0,3,3,1.0,2,2,1.0
2458031,val,a42_43,4.325407,4.886779,1.0,3,3,1.0,2,6,1.0
2461004,val,a42_43,1.5186274,2.196764,1.0,3,2,1.0,2,2,1.0
2461030,val,a42_43,3.3204365,4.353723,1.0,3,3,1.0,2,2,1.0
2473004,val,a42_43,3.4022665,3.2980824,1.0,3,3,1.0,2,2,1.0
2483030,val,a42_43,2.9245353,0.0,1.0,3,2,1.0,2,4,1.0
2503030,val,a42_43,3.74079,3.295633,1.0,3,3,1.0,2,6,1.0
2510005,val,a42_43,3.8181806,3.307799,1.0,3,3,1.0,2,2,1.0
2525003,val,a42_43,3.638193,4.886779,1.0,3,3,1.0,2,2,1.0
2529030,val,a42_43,3.3217,0.0,1.0,3,2,1.0,2,4,1.0
2529174,val,a42_43,2.8611856,1.8595463,1.0,3,3,1.0,2,2,1.0
2530003,val,a42_43,2.4001608,0.0,1.0,3,2,1.0,2,2,1.0
2530004,val,a42_43,2.9007337,3.4409633,1.0,3,3,1.0,2,2,1.0
2569033,val,a42_43,2.7970345,3.469144,1.0,3,3,1.0,6,2,1.0
2601006,val,a42_43,3.3966131,4.845492,1.0,3,3,1.0,2,2,1.0
2608006,val,a42_43,2.8030047,2.9372149,1.0,3,3,1.0,2,2,1.0
2615034,val,a42_43,3.4311342,3.4548087,1.0,3,3,1.0,2,2,1.0
2639004,val,a42_43,2.5160527,2.589703,1.0,3,3,1.0,2,4,1.0
2665177,val,a42_43,1.2671474,0.0,1.0,2,2,1.0,6,2,1.0
2672006,val,a42_43,3.411097,4.276182,1.0,3,3,1.0,2,2,1.0
2672171,val,a42_43,2.65646,4.019886,1.0,3,3,1.0,2,4,1.0
2697003,val,a42_43,3.91354,3.3189862,1.0,3,3,1.0,2,2,1.0
2704031,val,a42_43,3.0863528,3.6725805,1.0,3,3,1.0,2,4,1.0
2705030,val,a42_43,3.3085933,4.6246047,1.0,3,3,1.0,2,4,1.0
2707007,val,a42_43,2.6918037,0.0,1.0,3,3,1.0,2,2,1.0
2712172,val,a42_43,2.5341594,3.1996279,1.0,3,3,1.0,2,2,1.0
2731003,val,a42_43,2.881844,3.6003644,1.0,3,3,1.0,6,6,1.0
2731005,val,a42_43,3.6444752,4.716656,1.0,3,3,1.0,2,6,1.0
2770031,val,a42_43,3.4387994,2.2437658,1.0,3,3,1.0,2,2,1.0
2816004,val,a42_43,1.6537572,3.2776077,1.0,3,3,1.0,2,2,1.0
2910002,val,a42_43,2.9375434,1.7300621,1.0,3,3,1.0,2,2,1.0
3062001,val,a42_43,3.761428,2.110738,1.0,3,3,1.0,2,2,1.0
3235002,val,a42_43,2.626166,3.3702624,1.0,3,3,1.0,2,3,1.0
3306001,val,a42_43,4.1110535,4.886779,1.0,3,3,1.0,2,3,1.0
5015030,val,a42_43,2.3678622,0.0,1.0,3,2,1.0,2,2,1.0
5048030,val,a42_43,2.6864223,2.967192,1.0,3,3,1.0,6,6,1.0
5052033,val,a42_43,2.2309566,3.1251361,1.0,3,3,1.0,6,6,1.0
5057008,val,a42_43,1.05953,3.3570445,1.0,2,3,1.0,6,6,1.0
5170009,val,a42_43,3.354477,3.9032092,1.0,3,3,1.0,2,2,1.0
5230008,val,a42_43,3.1089659,4.158148,1.0,3,3,1.0,2,3,1.0
5299010,val,a42_43,2.38577,0.0,1.0,3,2,1.0,6,6,1.0
5336179,val,a42_43,2.995953,3.3871381,1.0,3,3,1.0,2,2,1.0
5364005,val,a42_43,3.0471454,4.009967,1.0,3,3,1.0,4,3,1.0
5379004,val,a42_43,2.991449,4.766838,1.0,3,3,1.0,4,4,1.0
5430173,val,a42_43,2.8627567,1.5333589,1.0,3,3,1.0,6,6,1.0
5488006,val,a42_43,3.251183,3.8038778,1.0,3,3,1.0,6,6,1.0
5493007,val,a42_43,1.1154041,0.0,1.0,2,2,1.0,2,5,1.0
5537009,val,a42_43,2.6989725,3.0807095,1.0,3,3,1.0,2,2,1.0
5537177,val,a42_43,2.2729177,1.6738045,1.0,3,2,1.0,2,2,1.0
5537183,val,a42_43,3.5120814,3.7742858,1.0,3,3,1.0,2,2,1.0
5569010,val,a42_43,3.001988,3.3445346,1.0,3,3,1.0,2,2,1.0
5600005,val,a42_43,1.9363422,0.0,1.0,3,2,1.0,6,2,1.0
5615183,val,a42_43,2.9008276,3.8142254,1.0,3,3,1.0,2,2,1.0
5749006,val,a42_43,2.1293364,0.0,1.0,3,2,1.0,4,2,1.0
5822175,val,a42_43,3.0159333,0.0,0.0,3,-1,0.0,2,-1,0.0
5832003,val,a42_43,2.9714432,1.6818666,1.0,3,2,1.0,4,6,1.0
5872005,val,a42_43,0.9677304,0.0,1.0,2,2,1.0,6,6,1.0
5898005,val,a42_43,2.2047613,3.3248508,1.0,3,3,1.0,4,2,1.0
5904033,val,a42_43,2.7770767,3.5165677,1.0,3,3,1.0,2,4,1.0
5987188,val,a42_43,3.0949585,3.0930045,1.0,3,3,1.0,2,2,1.0
6026005,val,a42_43,3.3942938,4.0232816,1.0,3,3,1.0,6,2,1.0
6026172,val,a42_43,3.1562011,4.4520135,1.0,3,3,1.0,2,4,1.0
6054031,val,a42_43,3.7959003,0.0,1.0,3,2,1.0,2,6,1.0
6121033,val,a42_43,2.002841,0.0,0.0,3,-1,0.0,6,-1,0.0
6156008,val,a42_43,3.2359326,4.542774,1.0,3,3,1.0,6,6,1.0
6157003,val,a42_43,3.0431843,3.3940077,1.0,3,3,1.0,2,4,1.0
6210183,val,a42_43,3.1244476,3.3445346,1.0,3,3,1.0,2,2,1.0
6262030,val,a42_43,3.3275409,4.125177,1.0,3,3,1.0,2,2,1.0
6368007,val,a42_43,2.119835,0.0,1.0,3,2,1.0,6,6,1.0
6381181,val,a42_43,3.143494,4.0755825,1.0,3,3,1.0,6,2,1.0
6396003,val,a42_43,2.1872113,0.0,1.0,3,2,1.0,4,4,1.0
6431008,val,a42_43,2.899449,4.776755,1.0,3,3,1.0,2,2,1.0
6475170,val,a42_43,2.1236045,3.0592763,1.0,3,3,1.0,6,6,1.0
6522004,val,a42_43,1.2340264,2.1584442,1.0,2,3,1.0,6,4,1.0
6537032,val,a42_43,2.8924737,2.9880683,1.0,3,3,1.0,2,2,1.0
6541178,val,a42_43,3.3643143,4.145609,1.0,3,3,1.0,2,2,1.0
6545006,val,a42_43,1.7562693,2.389911,1.0,3,3,1.0,4,4,1.0
6547171,val,a42_43,3.0746737,2.5756848,1.0,3,3,1.0,2,2,1.0
6571031,val,a42_43,2.9218848,3.8278039,1.0,3,3,1.0,2,3,1.0
6590008,val,a42_43,3.0374873,3.2681394,1.0,3,3,1.0,2,2,1.0
6616007,val,a42_43,2.647995,1.9724138,1.0,3,2,1.0,2,2,1.0
6649003,val,a42_43,2.3018448,3.4457722,1.0,3,3,1.0,6,2,1.0
6710030,val,a42_43,1.2820748,3.0664406,1.0,2,2,1.0,6,6,1.0
6745007,val,a42_43,2.9782314,3.2379806,1.0,3,3,1.0,6,6,1.0
6750005,val,a42_43,2.7557545,3.9043536,1.0,3,3,1.0,2,4,1.0
6765006,val,a42_43,2.0841365,3.0149915,1.0,3,3,1.0,2,2,1.0
6822176,val,a42_43,3.0602121,3.337991,1.0,3,3,1.0,2,4,1.0
4007,val,a44_45,2.8394463,4.058416,1.0,3,3,1.0,2,4,1.0
6174,val,a44_45,3.6710591,4.491118,1.0,3,3,1.0,2,2,1.0
14004,val,a44_45,3.7616615,0.0,1.0,3,2,1.0,2,2,1.0
14172,val,a44_45,1.4590611,3.481501,1.0,3,3,1.0,2,2,1.0
14173,val,a44_45,3.5539553,3.718973,1.0,3,3,1.0,2,2,1.0
18031,val,a44_45,1.941072,3.5790346,1.0,3,3,1.0,2,5,1.0
18185,val,a44_45,2.4849565,1.3926231,1.0,3,3,1.0,2,4,1.0
23031,val,a44_45,3.0879462,0.0,1.0,3,2,1.0,2,2,1.0
40173,val,a44_45,3.7924328,0.0,0.0,3,-1,0.0,2,-1,0.0
51171,val,a44_45,3.6666198,3.9082706,1.0,3,3,1.0,2,2,1.0
84005,val,a44_45,3.369454,4.022493,1.0,3,3,1.0,2,6,1.0
121173,val,a44_45,3.0632117,3.0124674,1.0,3,3,1.0,2,2,1.0
128004,val,a44_45,3.9426813,3.9815128,1.0,3,3,1.0,2,2,1.0
145170,val,a44_45,3.6696894,3.937253,1.0,3,3,1.0,2,2,1.0
161004,val,a44_45,3.6249459,3.0668867,1.0,3,3,1.0,2,4,1.0
172031,val,a44_45,3.4037018,3.4983218,1.0,3,3,1.0,2,2,1.0
174175,val,a44_45,2.6259925,4.886779,1.0,3,3,1.0,2,2,1.0
221031,val,a44_45,3.9597502,3.8177946,1.0,3,3,1.0,2,2,1.0
223030,val,a44_45,3.6385345,3.5600863,1.0,3,3,1.0,2,2,1.0
227003,val,a44_45,3.840806,3.9815128,1.0,3,3,1.0,2,2,1.0
257175,val,a44_45,3.2192345,0.48750186,1.0,3,3,1.0,2,2,1.0
263182,val,a44_45,3.6798167,3.4627783,1.0,3,3,1.0,2,2,1.0
321005,val,a44_45,2.2530642,2.99307,1.0,3,3,1.0,2,2,1.0
361175,val,a44_45,2.7718205,2.3818378,1.0,3,2,1.0,2,2,1.0
377170,val,a44_45,3.5559473,4.2520056,1.0,3,3,1.0,2,2,1.0
450030,val,a44_45,3.7470367,3.9245687,1.0,3,3,1.0,2,6,1.0
465030,val,a44_45,2.4653893,3.8660583,1.0,3,3,1.0,4,2,1.0
478030,val,a44_45,2.7511704,3.486668,1.0,3,2,1.0,4,3,1.0
503031,val,a44_45,3.1036704,4.7228627,1.0,3,3,1.0,2,4,1.0
514172,val,a44_45,3.7091367,4.4358616,1.0,3,3,1.0,2,2,1.0
534030,val,a44_45,3.2439167,3.402656,1.0,3,3,1.0,2,2,1.0
534171,val,a44_45,4.045735,3.9701915,1.0,3,3,1.0,2,2,1.0
544170,val,a44_45,2.80095,0.0,0.0,3,-1,0.0,2,-1,0.0
563193,val,a44_45,3.3970456,0.0,1.0,3,2,1.0,2,2,1.0
577174,val,a44_45,3.5270047,3.3248508,1.0,3,3,1.0,2,2,1.0
613006,val,a44_45,3.6057243,2.8015413,1.0,3,2,1.0,2,2,1.0
618170,val,a44_45,4.187265,4.628189,1.0,3,3,1.0,2,2,1.0
631030,val,a44_45,2.913411,4.1159654,1.0,3,3,1.0,2,4,1.0
633031,val,a44_45,3.1738758,3.6920335,1.0,3,3,1.0,4,2,1.0
652173,val,a44_45,3.0082605,3.671648,1.0,3,3,1.0,2,2,1.0
655172,val,a44_45,3.21934,4.415885,1.0,3,3,1.0,2,2,1.0
656005,val,a44_45,2.7108574,1.9453716,1.0,3,3,1.0,2,2,1.0
691171,val,a44_45,2.8998234,2.8106601,1.0,3,3,1.0,2,4,1.0
738172,val,a44_45,2.512177,4.459952,1.0,3,3,1.0,2,2,1.0
751030,val,a44_45,2.4836564,2.66215,1.0,3,3,1.0,2,4,1.0
762170,val,a44_45,4.251856,4.343294,1.0,3,3,1.0,2,2,1.0
783171,val,a44_45,3.0683918,3.6628857,1.0,3,3,1.0,2,2,1.0
863007,val,a44_45,2.8203719,3.2183783,1.0,3,3,1.0,2,3,1.0
893170,val,a44_45,2.8532934,0.0,1.0,3,2,1.0,2,2,1.0
894031,val,a44_45,3.4002898,3.4421458,1.0,3,3,1.0,2,2,1.0
898181,val,a44_45,2.818954,1.5825812,1.0,3,3,1.0,2,2,1.0
899003,val,a44_45,3.4883902,3.4738846,1.0,3,3,1.0,2,2,1.0
916032,val,a44_45,2.6721628,3.7278583,1.0,3,3,1.0,6,2,1.0
922005,val,a44_45,3.562169,2.9191911,1.0,3,3,1.0,2,2,1.0
931172,val,a44_45,3.698255,3.1937861,1.0,3,3,1.0,2,2,1.0
939032,val,a44_45,4.3167424,4.886779,1.0,3,3,1.0,2,2,1.0
958030,val,a44_45,3.5075111,3.161957,1.0,3,3,1.0,2,2,1.0
958173,val,a44_45,2.9580593,3.2852573,1.0,3,3,1.0,2,2,1.0
961005,val,a44_45,3.1141336,3.5486436,1.0,3,3,1.0,2,2,1.0
961030,val,a44_45,2.9247603,3.8178444,1.0,3,3,1.0,6,2,1.0
961175,val,a44_45,3.7066076,3.8142254,1.0,3,3,1.0,2,2,1.0
1051183,val,a44_45,4.016866,3.8177946,1.0,3,3,1.0,2,2,1.0
1084005,val,a44_45,3.096187,2.9441254,1.0,3,2,1.0,2,2,1.0
1089003,val,a44_45,2.944506,3.3568435,1.0,3,3,1.0,2,2,1.0
1093003,val,a44_45,1.9208584,0.0,1.0,3,2,1.0,2,2,1.0
1107173,val,a44_45,2.3101275,0.0,1.0,3,2,1.0,2,4,1.0
1109174,val,a44_45,2.05112,2.7272375,1.0,3,3,1.0,2,2,1.0
1121030,val,a44_45,3.6634488,3.958687,1.0,3,3,1.0,2,2,1.0
1121175,val,a44_45,2.5847828,0.0,1.0,3,2,1.0,2,2,1.0
1125172,val,a44_45,2.765272,2.6219666,1.0,3,3,1.0,2,2,1.0
1126030,val,a44_45,3.0132906,0.6136192,1.0,3,2,1.0,2,2,1.0
1126176,val,a44_45,2.4132845,0.0,0.0,3,-1,0.0,2,-1,0.0
1152180,val,a44_45,3.237762,3.4450095,1.0,3,3,1.0,2,2,1.0
1164004,val,a44_45,3.6187525,3.8595586,1.0,3,3,1.0,2,2,1.0
1184032,val,a44_45,3.5110416,3.948575,1.0,3,3,1.0,2,2,1.0
1184033,val,a44_45,2.5716722,2.7982898,1.0,3,3,1.0,6,4,1.0
1185003,val,a44_45,3.2750583,0.0,1.0,3,2,1.0,2,2,1.0
1222004,val,a44_45,2.66424,3.388434,1.0,3,3,1.0,2,2,1.0
1222006,val,a44_45,3.3870277,2.0481088,1.0,3,3,1.0,2,2,1.0
1284170,val,a44_45,3.3191574,0.0,1.0,3,2,1.0,2,2,1.0
1292004,val,a44_45,2.8396955,1.4956659,1.0,3,2,1.0,2,4,1.0
1314172,val,a44_45,3.6267948,3.7518084,1.0,3,3,1.0,2,2,1.0
1332005,val,a44_45,4.134842,4.2493205,1.0,3,3,1.0,2,3,1.0
1335010,val,a44_45,3.5061464,3.4333792,1.0,3,3,1.0,2,2,1.0
1338003,val,a44_45,3.1591568,3.4137402,1.0,3,3,1.0,2,2,1.0
1345006,val,a44_45,2.975438,2.9125555,1.0,3,3,1.0,2,2,1.0
1345007,val,a44_45,2.952001,3.8308244,1.0,3,3,1.0,2,2,1.0
1346030,val,a44_45,3.5348868,0.0,0.0,3,-1,0.0,2,-1,0.0
1391033,val,a44_45,3.7637315,4.3236156,1.0,3,3,1.0,2,4,1.0
1391175,val,a44_45,1.3144169,3.4613209,1.0,2,3,1.0,2,4,1.0
1394033,val,a44_45,2.2551022,0.0,1.0,3,2,1.0,4,4,1.0
1397005,val,a44_45,3.6262991,4.0859733,1.0,3,3,1.0,2,2,1.0
1397172,val,a44_45,2.0812707,3.100371,1.0,3,3,1.0,2,2,1.0
1426004,val,a44_45,1.8545198,3.223611,1.0,3,3,1.0,6,6,1.0
1434032,val,a44_45,2.9388294,2.1239266,1.0,3,3,1.0,2,2,1.0
1434170,val,a44_45,3.3413699,3.4116857,1.0,3,3,1.0,2,2,1.0
1435005,val,a44_45,3.940878,4.3006,1.0,3,3,1.0,2,2,1.0
1485171,val,a44_45,3.8490396,3.121372,1.0,3,3,1.0,2,2,1.0
1520031,val,a44_45,3.5264697,3.9939451,1.0,3,2,1.0,2,2,1.0
1540005,val,a44_45,4.1583085,2.9066825,1.0,3,3,1.0,2,2,1.0
1559003,val,a44_45,4.1712813,4.886779,1.0,3,3,1.0,2,2,1.0
1559170,val,a44_45,3.1142952,2.2020712,1.0,3,3,1.0,2,2,1.0
1565180,val,a44_45,3.1930697,4.1940236,1.0,3,3,1.0,2,2,1.0
1579030,val,a44_45,3.340561,3.1251361,1.0,3,3,1.0,2,3,1.0
1613007,val,a44_45,2.9171457,2.5992112,1.0,3,3,1.0,2,2,1.0
1621171,val,a44_45,4.137315,4.706708,1.0,3,3,1.0,2,2,1.0
1644004,val,a44_45,3.2717147,3.1415145,1.0,3,3,1.0,2,2,1.0
1652031,val,a44_45,3.1769907,3.4925067,1.0,3,3,1.0,2,2,1.0
1682032,val,a44_45,3.6152067,3.9247546,1.0,3,3,1.0,2,2,1.0
1684173,val,a44_45,3.7507854,3.1698432,1.0,3,3,1.0,2,2,1.0
1687003,val,a44_45,3.625578,3.295199,1.0,3,3,1.0,2,2,1.0
1690170,val,a44_45,2.3783164,3.8913128,1.0,3,3,1.0,2,2,1.0
1692030,val,a44_45,1.4044294,0.0,1.0,3,2,1.0,2,2,1.0
1695034,val,a44_45,3.0866847,3.8376126,1.0,3,3,1.0,2,2,1.0
1701004,val,a44_45,2.7879143,4.343721,1.0,3,3,1.0,2,2,1.0
1721030,val,a44_45,3.4985046,2.8269699,1.0,3,2,1.0,4,2,1.0
1723005,val,a44_45,1.442285,2.372633,1.0,3,3,1.0,2,2,1.0
1762030,val,a44_45,2.7498975,0.67576194,1.0,3,2,1.0,2,4,1.0
1762031,val,a44_45,3.7321405,3.8211,1.0,3,3,1.0,2,2,1.0
1762032,val,a44_45,2.3652754,2.5097702,1.0,3,3,1.0,2,4,1.0
1774170,val,a44_45,3.134956,0.0,1.0,3,2,1.0,2,2,1.0
1774171,val,a44_45,3.1613545,3.608866,1.0,3,3,1.0,2,2,1.0
1784171,val,a44_45,4.103777,4.0109563,1.0,3,3,1.0,2,2,1.0
1786191,val,a44_45,4.0083995,3.9470103,1.0,3,3,1.0,2,2,1.0
1787005,val,a44_45,3.6087813,3.7915301,1.0,3,3,1.0,2,2,1.0
1787174,val,a44_45,2.8356626,0.0,0.0,3,-1,0.0,2,-1,0.0
1802003,val,a44_45,3.3554287,3.7913468,1.0,3,2,1.0,2,4,1.0
1845170,val,a44_45,4.115506,3.5111582,1.0,3,3,1.0,2,2,1.0
1862171,val,a44_45,3.1626096,3.5587387,1.0,3,3,1.0,2,2,1.0
1898004,val,a44_45,3.0801172,4.41717,1.0,3,3,1.0,2,6,1.0
1911030,val,a44_45,2.4939916,0.0,1.0,3,2,1.0,2,2,1.0
1914003,val,a44_45,1.9019557,3.0497952,1.0,3,3,1.0,2,2,1.0
1919007,val,a44_45,4.210048,4.4151845,1.0,3,3,1.0,2,4,1.0
1954003,val,a44_45,3.5418658,3.7009902,1.0,3,2,1.0,2,4,1.0
1959005,val,a44_45,3.6541054,4.886779,1.0,3,3,1.0,2,2,1.0
1964031,val,a44_45,2.5868077,0.0,1.0,3,2,1.0,2,4,1.0
1972173,val,a44_45,1.8296137,2.7334437,1.0,3,3,1.0,2,3,1.0
1978030,val,a44_45,3.6320438,3.4785342,1.0,3,3,1.0,2,2,1.0
2005030,val,a44_45,2.9571695,3.2576559,1.0,3,3,1.0,6,4,1.0
2011174,val,a44_45,2.665962,3.363831,1.0,3,3,1.0,2,2,1.0
2023030,val,a44_45,3.534318,4.886779,1.0,3,3,1.0,2,6,1.0
2028030,val,a44_45,3.3383138,4.886779,1.0,3,3,1.0,2,4,1.0
2055003,val,a44_45,2.8410072,3.6527476,1.0,3,3,1.0,2,2,1.0
2067005,val,a44_45,3.8541043,4.55367,1.0,3,3,1.0,2,2,1.0
2080170,val,a44_45,2.2222629,2.564471,1.0,3,3,1.0,2,2,1.0
2106171,val,a44_45,1.5325608,0.0,1.0,3,2,1.0,2,2,1.0
2109002,val,a44_45,3.215526,4.4351645,1.0,3,3,1.0,2,2,1.0
2129186,val,a44_45,3.3751693,3.486668,1.0,3,3,1.0,2,2,1.0
2181007,val,a44_45,1.2311038,2.0622702,1.0,2,3,1.0,6,6,1.0
2181030,val,a44_45,3.1385243,3.9479043,1.0,3,3,1.0,4,2,1.0
2243174,val,a44_45,3.5967288,3.3215134,1.0,3,3,1.0,2,2,1.0
2260173,val,a44_45,2.7692165,3.094222,1.0,3,2,1.0,2,2,1.0
2261030,val,a44_45,3.365844,3.2630742,1.0,3,3,1.0,2,2,1.0
2271171,val,a44_45,2.6606758,3.6277134,1.0,3,3,1.0,2,2,1.0
2282005,val,a44_45,3.1309593,2.2020712,1.0,3,3,1.0,4,6,1.0
2302195,val,a44_45,1.429967,0.0,1.0,3,2,1.0,2,6,1.0
2334031,val,a44_45,3.7783546,4.167855,1.0,3,3,1.0,2,2,1.0
2341172,val,a44_45,2.796933,3.5905602,1.0,3,3,1.0,2,2,1.0
2354175,val,a44_45,3.542397,3.4766757,1.0,3,3,1.0,2,2,1.0
2355004,val,a44_45,2.2548428,3.8594756,1.0,3,3,1.0,4,2,1.0
2391030,val,a44_45,3.6625245,3.7593637,1.0,3,3,1.0,2,2,1.0
2397173,val,a44_45,1.8332705,3.5917382,1.0,3,3,1.0,2,3,1.0
2408170,val,a44_45,2.7014248,2.8284745,1.0,3,3,1.0,2,4,1.0
2425003,val,a44_45,2.7637997,0.0,1.0,3,2,1.0,2,2,1.0
2432030,val,a44_45,1.6516705,2.2314599,1.0,3,3,1.0,4,4,1.0
2435172,val,a44_45,2.15619,0.0,1.0,3,2,1.0,2,2,1.0
2436174,val,a44_45,1.4666183,0.0,1.0,3,2,1.0,2,4,1.0
2436176,val,a44_45,1.8005754,3.174653,1.0,3,3,1.0,2,2,1.0
2441003,val,a44_45,2.0820196,3.9449332,1.0,3,3,1.0,2,2,1.0
2441173,val,a44_45,3.5039146,4.1105485,1.0,3,3,1.0,2,2,1.0
2458031,val,a44_45,4.3146887,4.886779,1.0,3,3,1.0,2,6,1.0
2461004,val,a44_45,1.5911953,0.0,1.0,3,2,1.0,2,2,1.0
2461030,val,a44_45,3.414654,4.886779,1.0,3,3,1.0,2,2,1.0
2473004,val,a44_45,3.4772272,4.1026144,1.0,3,3,1.0,2,2,1.0
2483030,val,a44_45,2.9635274,0.0,1.0,3,3,1.0,2,4,1.0
2503030,val,a44_45,3.7389183,3.3104484,1.0,3,3,1.0,2,2,1.0
2510005,val,a44_45,3.8417082,3.3073823,1.0,3,3,1.0,2,2,1.0
2525003,val,a44_45,3.7218728,4.886779,1.0,3,3,1.0,2,2,1.0
2529030,val,a44_45,3.4400976,0.0,1.0,3,2,1.0,2,4,1.0
2529174,val,a44_45,2.955033,4.0926714,1.0,3,3,1.0,2,2,1.0
2530003,val,a44_45,2.4492285,0.0,1.0,3,2,1.0,2,2,1.0
2530004,val,a44_45,2.9856052,3.6657484,1.0,3,3,1.0,2,2,1.0
2569033,val,a44_45,2.877065,3.3814466,1.0,3,3,1.0,6,2,1.0
2601006,val,a44_45,3.4434733,0.0,1.0,3,2,1.0,2,2,1.0
2608006,val,a44_45,2.8533473,2.8357437,1.0,3,3,1.0,2,2,1.0
2615034,val,a44_45,3.5026298,3.5372634,1.0,3,3,1.0,2,2,1.0
2639004,val,a44_45,2.510635,0.0,0.0,3,-1,0.0,2,-1,0.0
2665177,val,a44_45,1.3444924,0.0,1.0,2,2,1.0,6,2,1.0
2672006,val,a44_45,3.4614825,4.573825,1.0,3,3,1.0,6,5,1.0
2672171,val,a44_45,2.6893027,3.6641996,1.0,3,3,1.0,2,4,1.0
2697003,val,a44_45,3.9613748,3.3045707,1.0,3,3,1.0,2,2,1.0
2704031,val,a44_45,3.17642,3.7778184,1.0,3,3,1.0,6,4,1.0
2705030,val,a44_45,3.404828,4.633699,1.0,3,3,1.0,2,4,1.0
2707007,val,a44_45,2.7636027,2.4932044,1.0,3,3,1.0,2,2,1.0
2712172,val,a44_45,2.6307917,3.188211,1.0,3,3,1.0,2,2,1.0
2731003,val,a44_45,2.9120197,3.858834,1.0,3,3,1.0,6,6,1.0
2731005,val,a44_45,3.6719403,4.6893663,1.0,3,3,1.0,2,6,1.0
2770031,val,a44_45,3.5315533,2.47013,1.0,3,3,1.0,2,2,1.0
2816004,val,a44_45,1.7811973,3.3207881,1.0,3,3,1.0,2,2,1.0
2910002,val,a44_45,3.0014756,3.7874484,1.0,3,3,1.0,2,2,1.0
3062001,val,a44_45,3.88455,2.2482457,1.0,3,3,1.0,2,3,1.0
3235002,val,a44_45,2.6930246,3.4900744,1.0,3,3,1.0,2,4,1.0
3306001,val,a44_45,4.2195477,4.886779,1.0,3,3,1.0,2,4,1.0
5015030,val,a44_45,2.4096828,0.0,1.0,3,2,1.0,2,2,1.0
5048030,val,a44_45,2.7897415,3.156508,1.0,3,3,1.0,6,6,1.0
5052033,val,a44_45,2.317577,2.6440241,1.0,3,3,1.0,6,6,1.0
5057008,val,a44_45,1.101049,3.627258,1.0,2,3,1.0,6,6,1.0
5170009,val,a44_45,3.4366105,4.047763,1.0,3,3,1.0,2,2,1.0
5230008,val,a44_45,3.1805947,4.175959,1.0,3,3,1.0,2,3,1.0
5299010,val,a44_45,2.4321775,0.0,1.0,3,2,1.0,6,6,1.0
5336179,val,a44_45,3.058813,3.3914385,1.0,3,3,1.0,2,2,1.0
5364005,val,a44_45,3.10214,3.7940028,1.0,3,3,1.0,4,2,1.0
5379004,val,a44_45,3.055647,4.5817747,1.0,3,3,1.0,4,4,1.0
5430173,val,a44_45,2.9695327,1.9704351,1.0,3,3,1.0,6,6,1.0
5488006,val,a44_45,3.2685642,3.982054,1.0,3,3,1.0,6,6,1.0
5493007,val,a44_45,1.1408546,0.0,1.0,2,2,1.0,4,5,1.0
5537009,val,a44_45,2.7412415,2.8186514,1.0,3,3,1.0,2,2,1.0
5537177,val,a44_45,2.3133512,1.8782891,1.0,3,2,1.0,2,2,1.0
5537183,val,a44_45,3.6072087,4.192416,1.0,3,3,1.0,2,2,1.0
5569010,val,a44_45,3.0529215,1.5302846,1.0,3,3,1.0,2,2,1.0
5600005,val,a44_45,1.9842968,0.0,1.0,3,2,1.0,6,2,1.0
5615183,val,a44_45,2.9500463,3.0865474,1.0,3,3,1.0,2,2,1.0
5749006,val,a44_45,2.127218,1.0628753,1.0,3,3,1.0,4,2,1.0
5822175,val,a44_45,3.0565758,3.553619,1.0,3,3,1.0,2,2,1.0
5832003,val,a44_45,3.0361867,3.2903967,1.0,3,2,1.0,4,6,1.0
5872005,val,a44_45,1.053519,0.0,1.0,2,2,1.0,6,6,1.0
5898005,val,a44_45,2.2549648,3.433667,1.0,3,3,1.0,4,2,1.0
5904033,val,a44_45,2.8619895,3.4421458,1.0,3,3,1.0,2,4,1.0
5987188,val,a44_45,3.173933,3.0497952,1.0,3,3,1.0,2,2,1.0
6026005,val,a44_45,3.4457104,3.9234436,1.0,3,2,1.0,6,2,1.0
6026172,val,a44_45,3.1997058,4.6887918,1.0,3,3,1.0,2,4,1.0
6054031,val,a44_45,3.8190308,0.0,1.0,3,2,1.0,2,6,1.0
6121033,val,a44_45,2.0837603,0.0,1.0,3,2,1.0,6,6,1.0
6156008,val,a44_45,3.2484028,3.9220536,1.0,3,3,1.0,6,6,1.0
6157003,val,a44_45,3.089047,3.3523545,1.0,3,3,1.0,2,4,1.0
6210183,val,a44_45,3.1801746,3.3465555,1.0,3,3,1.0,6,2,1.0
6262030,val,a44_45,3.4193575,4.0141034,1.0,3,3,1.0,2,2,1.0
6368007,val,a44_45,2.1986964,0.0,1.0,3,2,1.0,6,6,1.0
6381181,val,a44_45,3.1923385,4.2348075,1.0,3,3,1.0,6,2,1.0
6396003,val,a44_45,2.1811814,0.0,1.0,3,2,1.0,4,4,1.0
6431008,val,a44_45,2.958684,4.2303786,1.0,3,3,1.0,2,2,1.0
6475170,val,a44_45,2.2260263,3.4794178,1.0,3,3,1.0,6,6,1.0
6522004,val,a44_45,1.2993498,1.8124303,1.0,2,3,1.0,6,4,1.0
6537032,val,a44_45,2.9659176,3.8368883,1.0,3,3,1.0,2,2,1.0
6541178,val,a44_45,3.4629729,4.2320933,1.0,3,3,1.0,2,3,1.0
6545006,val,a44_45,1.7551425,3.1106615,1.0,3,3,1.0,4,4,1.0
6547171,val,a44_45,3.1446645,1.8387105,1.0,3,3,1.0,2,2,1.0
6571031,val,a44_45,3.0036376,0.0,1.0,3,2,1.0,2,2,1.0
6590008,val,a44_45,3.093071,3.5488956,1.0,3,3,1.0,2,2,1.0
6616007,val,a44_45,2.7148836,3.2707531,1.0,3,3,1.0,2,4,1.0
6649003,val,a44_45,2.361564,3.4194636,1.0,3,3,1.0,6,2,1.0
6710030,val,a44_45,1.3240234,3.5064607,1.0,2,3,1.0,6,6,1.0
6745007,val,a44_45,3.0153756,2.6745934,1.0,3,3,1.0,6,6,1.0
6750005,val,a44_45,2.8275514,3.3510303,1.0,3,3,1.0,2,4,1.0
6765006,val,a44_45,2.1139445,3.0664406,1.0,3,3,1.0,2,2,1.0
6822176,val,a44_45,3.1473422,3.3265107,1.0,3,3,1.0,2,4,1.0
6828003,val,a30_31,1.1126995,0.00086969405,1.0,2,3,1.0,2,2,1.0
6872003,val,a30_31,2.6998491,3.403978,1.0,3,3,1.0,6,2,1.0
6828003,val,a32_33,1.2780098,0.0,1.0,3,2,1.0,2,2,1.0
6872003,val,a32_33,2.7522688,3.5754573,1.0,3,3,1.0,6,2,1.0
6828003,val,a34_35,1.4590652,2.461633,1.0,3,3,1.0,2,2,1.0
6872003,val,a34_35,2.7530806,3.5162253,1.0,3,3,1.0,6,2,1.0
6828003,val,a36_37,1.5792538,0.0,1.0,3,2,1.0,2,2,1.0
6872003,val,a36_37,2.8086162,3.5643752,1.0,3,3,1.0,6,2,1.0
6828003,val,a38_39,1.661391,0.0,1.0,3,3,1.0,2,2,1.0
6872003,val,a38_39,2.7891097,3.3542435,1.0,3,3,1.0,6,2,1.0
6828003,val,a40_41,1.7532003,0.29730862,1.0,3,2,1.0,2,2,1.0
6872003,val,a40_41,2.762099,3.611991,1.0,3,3,1.0,6,2,1.0
6828003,val,a42_43,1.7651291,0.0,1.0,3,2,1.0,2,2,1.0
6872003,val,a42_43,2.675148,3.393006,1.0,3,3,1.0,6,2,1.0
6828003,val,a44_45,1.7609625,0.0,1.0,3,2,1.0,2,2,1.0
6872003,val,a44_45,2.7312481,3.4513288,1.0,3,3,1.0,6,2,1.0
6030,test,a30_31,3.7887845,4.0443435,1.0,3,3,1.0,2,2,1.0
10030,test,a30_31,3.9849653,4.8131404,1.0,3,3,1.0,6,6,1.0
41008,test,a30_31,2.8169515,0.0,1.0,3,2,1.0,6,2,1.0
68003,test,a30_31,3.6444783,3.6228404,1.0,3,3,1.0,2,2,1.0
127030,test,a30_31,3.8277678,3.8933127,1.0,3,3,1.0,6,6,1.0
127031,test,a30_31,3.988716,4.455336,1.0,3,3,1.0,6,6,1.0
129031,test,a30_31,0.5745193,1.159328,1.0,2,3,1.0,6,4,1.0
129196,test,a30_31,2.9687452,2.0602975,1.0,3,2,1.0,2,2,1.0
165030,test,a30_31,3.7862575,3.431768,1.0,3,3,1.0,6,2,1.0
284004,test,a30_31,4.137087,4.6835566,1.0,3,3,1.0,2,2,1.0
301032,test,a30_31,4.170231,3.5725698,1.0,3,3,1.0,6,6,1.0
327003,test,a30_31,3.2480633,3.4121542,1.0,3,3,1.0,2,2,1.0
327171,test,a30_31,3.4110987,3.8332024,1.0,3,2,1.0,2,2,1.0
327172,test,a30_31,2.7859235,3.2615511,1.0,3,3,1.0,2,2,1.0
331005,test,a30_31,4.217128,4.5540724,1.0,3,3,1.0,6,6,1.0
344178,test,a30_31,2.9890723,3.154086,1.0,3,3,1.0,2,2,1.0
461030,test,a30_31,3.7950537,3.7856972,1.0,3,3,1.0,2,2,1.0
486004,test,a30_31,3.5867238,3.5620697,1.0,3,3,1.0,2,2,1.0
563183,test,a30_31,0.5408739,2.9157038,1.0,2,3,1.0,2,2,1.0
577004,test,a30_31,2.7875044,2.3891363,1.0,3,3,1.0,2,2,1.0
607030,test,a30_31,3.9021688,3.7182508,1.0,3,3,1.0,2,2,1.0
613173,test,a30_31,3.4058814,4.11935,1.0,3,3,1.0,2,2,1.0
634008,test,a30_31,3.7849998,3.9311678,1.0,3,3,1.0,2,4,1.0
652005,test,a30_31,3.1942,3.0010586,1.0,3,3,1.0,2,2,1.0
672003,test,a30_31,0.5424309,0.0,1.0,2,2,1.0,2,2,1.0
691175,test,a30_31,3.6849954,3.7946298,1.0,3,3,1.0,2,2,1.0
699031,test,a30_31,1.4643052,3.1676114,1.0,2,3,1.0,6,6,1.0
722178,test,a30_31,0.6301725,0.0,1.0,2,2,1.0,2,2,1.0
771003,test,a30_31,3.3261487,3.0751624,1.0,3,3,1.0,4,4,1.0
775005,test,a30_31,3.5429354,0.0,0.0,3,-1,0.0,6,-1,0.0
796006,test,a30_31,3.7350864,3.7020767,1.0,3,3,1.0,6,6,1.0
844003,test,a30_31,2.852267,3.4397702,1.0,3,3,1.0,2,2,1.0
863006,test,a30_31,3.3796258,3.8158545,1.0,3,3,1.0,2,2,1.0
863173,test,a30_31,3.6782553,2.555125,1.0,3,3,1.0,2,2,1.0
866172,test,a30_31,2.946269,3.027694,1.0,3,3,1.0,6,6,1.0
868005,test,a30_31,3.6546822,3.5248713,1.0,3,3,1.0,2,2,1.0
875030,test,a30_31,0.77859974,0.0,1.0,2,2,1.0,2,2,1.0
897006,test,a30_31,2.9685452,2.2707846,1.0,3,2,1.0,2,2,1.0
922171,test,a30_31,3.4834828,3.9658422,1.0,3,3,1.0,2,2,1.0
934030,test,a30_31,3.5690017,4.0753117,1.0,3,3,1.0,2,2,1.0
935005,test,a30_31,1.9108999,2.53768,1.0,3,2,1.0,2,2,1.0
935176,test,a30_31,3.7016973,3.4484873,1.0,3,3,1.0,2,2,1.0
939030,test,a30_31,4.068253,4.0583153,1.0,3,3,1.0,6,6,1.0
964003,test,a30_31,0.07801151,0.0,1.0,2,2,1.0,6,6,1.0
970004,test,a30_31,3.7627642,3.7108538,1.0,3,3,1.0,2,2,1.0
982004,test,a30_31,3.25278,3.2337272,1.0,3,3,1.0,2,4,1.0
1033030,test,a30_31,3.4378357,3.9603353,1.0,3,3,1.0,2,3,1.0
1036003,test,a30_31,4.014626,3.820191,1.0,3,3,1.0,2,4,1.0
1048006,test,a30_31,2.846898,2.5494602,1.0,3,2,1.0,2,3,1.0
1055172,test,a30_31,1.9518757,1.5379702,1.0,3,2,1.0,2,2,1.0
1060175,test,a30_31,3.4844518,3.8012211,1.0,3,3,1.0,2,2,1.0
1064171,test,a30_31,3.8645787,4.467433,1.0,3,3,1.0,2,2,1.0
1072171,test,a30_31,3.6726766,3.5926886,1.0,3,3,1.0,2,2,1.0
1084175,test,a30_31,1.9594266,0.0,1.0,3,2,1.0,2,2,1.0
1100172,test,a30_31,3.305913,3.2967014,1.0,3,3,1.0,2,2,1.0
1141171,test,a30_31,2.4730406,0.0,0.0,3,-1,0.0,2,-1,0.0
1142030,test,a30_31,3.8434315,3.07714,1.0,3,3,1.0,2,4,1.0
1144032,test,a30_31,3.774077,3.5717494,1.0,3,3,1.0,2,2,1.0
1149171,test,a30_31,3.2006152,3.076803,1.0,3,3,1.0,6,2,1.0
1162030,test,a30_31,3.2892857,3.1995935,1.0,3,3,1.0,2,2,1.0
1167030,test,a30_31,0.43756175,0.42005378,1.0,2,2,1.0,6,6,1.0
1168008,test,a30_31,1.8488948,3.0341482,1.0,3,3,1.0,4,3,1.0
1222179,test,a30_31,2.5611548,1.9917881,1.0,3,3,1.0,2,2,1.0
1260008,test,a30_31,3.131338,2.880258,1.0,3,3,1.0,2,2,1.0
1269030,test,a30_31,3.426903,3.6963296,1.0,3,3,1.0,2,2,1.0
1292030,test,a30_31,3.517181,3.4003475,1.0,3,3,1.0,4,2,1.0
1298005,test,a30_31,2.6813903,3.193401,1.0,3,3,1.0,2,2,1.0
1306030,test,a30_31,4.322271,4.886779,1.0,3,3,1.0,2,2,1.0
1335179,test,a30_31,2.9662828,3.4640977,1.0,3,3,1.0,2,2,1.0
1353030,test,a30_31,0.9647943,0.0,1.0,2,2,1.0,2,2,1.0
1384030,test,a30_31,3.501203,3.5397089,1.0,3,3,1.0,2,2,1.0
1399008,test,a30_31,1.6994779,2.1851575,1.0,3,2,1.0,2,2,1.0
1415004,test,a30_31,2.5560937,2.707386,1.0,3,3,1.0,2,2,1.0
1430005,test,a30_31,1.7933754,1.2974701,1.0,3,3,1.0,6,6,1.0
1431003,test,a30_31,3.7837226,3.7720938,1.0,3,3,1.0,2,2,1.0
1431004,test,a30_31,2.3981817,0.0,1.0,3,2,1.0,2,2,1.0
1431172,test,a30_31,4.016496,0.0,0.0,3,-1,0.0,2,-1,0.0
1462004,test,a30_31,2.333411,3.4702528,1.0,3,3,1.0,2,2,1.0
1520173,test,a30_31,3.4962454,3.549721,1.0,3,3,1.0,2,2,1.0
1522175,test,a30_31,3.4611888,3.9098516,1.0,3,3,1.0,2,2,1.0
1542006,test,a30_31,3.441321,3.2926252,1.0,3,3,1.0,4,4,1.0
1542177,test,a30_31,3.694133,3.6178148,1.0,3,2,1.0,2,2,1.0
1567031,test,a30_31,3.7615023,3.6645775,1.0,3,3,1.0,6,6,1.0
1608031,test,a30_31,2.723398,3.3391688,1.0,3,2,1.0,2,2,1.0
1612003,test,a30_31,3.8175726,4.0829945,1.0,3,2,1.0,2,2,1.0
1621003,test,a30_31,1.5654883,2.1435423,1.0,3,3,1.0,2,2,1.0
1648003,test,a30_31,3.581643,3.0544064,1.0,3,3,1.0,2,2,1.0
1648030,test,a30_31,3.3977017,3.8708656,1.0,3,3,1.0,6,6,1.0
1670172,test,a30_31,3.2873242,2.5325868,1.0,3,3,1.0,6,2,1.0
1684170,test,a30_31,0.51901245,0.0,1.0,2,3,1.0,2,2,1.0
1690030,test,a30_31,3.7997282,3.814594,1.0,3,3,1.0,2,2,1.0
1692176,test,a30_31,3.4441586,3.7050061,1.0,3,3,1.0,2,2,1.0
1695030,test,a30_31,3.3170023,3.3822985,1.0,3,3,1.0,6,6,1.0
1697036,test,a30_31,3.56364,3.1997752,1.0,3,3,1.0,6,2,1.0
1698170,test,a30_31,2.6608577,1.3173809,1.0,3,2,1.0,2,2,1.0
1700031,test,a30_31,3.3098004,3.2681394,1.0,3,3,1.0,2,4,1.0
1701003,test,a30_31,3.760205,3.1641855,1.0,3,3,1.0,6,6,1.0
1711003,test,a30_31,2.0495286,3.0908527,1.0,3,3,1.0,2,2,1.0
1711171,test,a30_31,3.455977,3.6934254,1.0,3,2,1.0,2,2,1.0
1732005,test,a30_31,2.8637202,0.0,0.0,3,-1,0.0,6,-1,0.0
1762187,test,a30_31,1.8200631,1.8384329,1.0,3,3,1.0,2,2,1.0
1786187,test,a30_31,3.388977,3.2494287,1.0,3,3,1.0,2,2,1.0
1837006,test,a30_31,3.586462,3.500706,1.0,3,3,1.0,2,2,1.0
1850172,test,a30_31,1.77441,2.0709207,1.0,3,3,1.0,2,2,1.0
1878030,test,a30_31,3.1920857,3.2616544,1.0,3,3,1.0,2,2,1.0
1879030,test,a30_31,3.7306314,4.1256022,1.0,3,3,1.0,2,3,1.0
1905004,test,a30_31,3.7543063,3.9012198,1.0,3,3,1.0,2,2,1.0
1919009,test,a30_31,3.4422278,3.3816369,1.0,3,3,1.0,2,2,1.0
1935004,test,a30_31,3.0954423,0.0,1.0,3,2,1.0,2,2,1.0
1936030,test,a30_31,1.9367464,0.0,1.0,3,2,1.0,2,2,1.0
1978171,test,a30_31,2.7904603,2.4012594,1.0,3,3,1.0,2,2,1.0
2030031,test,a30_31,2.9576542,0.0,1.0,3,3,1.0,6,2,1.0
2117003,test,a30_31,3.0780199,2.8032591,1.0,3,3,1.0,2,2,1.0
2150172,test,a30_31,1.6663041,1.6647161,1.0,3,2,1.0,2,2,1.0
2199182,test,a30_31,2.4164984,3.7839584,1.0,3,3,1.0,2,2,1.0
2206030,test,a30_31,3.7830389,3.820771,1.0,3,3,1.0,4,2,1.0
2212031,test,a30_31,4.19045,4.352703,1.0,3,3,1.0,6,6,1.0
2238004,test,a30_31,3.5267549,3.473372,1.0,3,3,1.0,2,2,1.0
2238172,test,a30_31,3.242393,3.6698914,1.0,3,3,1.0,2,2,1.0
2252172,test,a30_31,3.2132192,2.392142,1.0,3,3,1.0,2,2,1.0
2255030,test,a30_31,4.3068647,4.8865457,1.0,3,3,1.0,2,2,1.0
2277008,test,a30_31,2.912754,2.4704232,1.0,3,3,1.0,2,2,1.0
2311172,test,a30_31,1.6911094,1.7819266,1.0,3,3,1.0,2,3,1.0
2330003,test,a30_31,3.9942164,4.546308,1.0,3,3,1.0,6,6,1.0
2338003,test,a30_31,3.6378093,3.5962741,1.0,3,3,1.0,6,6,1.0
2341004,test,a30_31,2.5062537,3.6550374,1.0,3,3,1.0,2,2,1.0
2341005,test,a30_31,2.739127,2.985549,1.0,3,3,1.0,2,2,1.0
2354004,test,a30_31,1.8921578,2.6002262,1.0,3,3,1.0,2,3,1.0
2392004,test,a30_31,2.346864,2.486088,1.0,3,3,1.0,2,2,1.0
2393005,test,a30_31,4.29911,3.8599086,1.0,3,3,1.0,2,3,1.0
2393171,test,a30_31,2.7937713,3.2835505,1.0,3,3,1.0,2,2,1.0
2409006,test,a30_31,2.3089907,0.0,0.0,3,-1,0.0,2,-1,0.0
2409171,test,a30_31,2.9174519,0.0,0.0,3,-1,0.0,2,-1,0.0
2422178,test,a30_31,3.6344209,3.3685656,1.0,3,3,1.0,2,2,1.0
2459030,test,a30_31,3.323243,3.289887,1.0,3,3,1.0,2,2,1.0
2474030,test,a30_31,3.4424655,3.5847976,1.0,3,3,1.0,2,2,1.0
2474171,test,a30_31,2.6630611,1.9812955,1.0,3,3,1.0,2,2,1.0
2485173,test,a30_31,3.243444,1.3737665,1.0,3,2,1.0,4,4,1.0
2496172,test,a30_31,1.813934,2.6033032,1.0,3,3,1.0,2,4,1.0
2502005,test,a30_31,3.0870028,3.0639424,1.0,3,3,1.0,2,2,1.0
2510171,test,a30_31,3.2529156,3.45875,1.0,3,3,1.0,2,2,1.0
2525174,test,a30_31,2.9015174,3.576559,1.0,3,3,1.0,2,2,1.0
2530184,test,a30_31,2.8375378,2.8265765,1.0,3,3,1.0,2,2,1.0
2547171,test,a30_31,3.8440664,3.964761,1.0,3,3,1.0,2,2,1.0
2580030,test,a30_31,4.213876,4.73331,1.0,3,3,1.0,2,2,1.0
2593171,test,a30_31,3.6150217,4.1230373,1.0,3,3,1.0,2,2,1.0
2615031,test,a30_31,3.551848,3.6966453,1.0,3,3,1.0,2,2,1.0
2642030,test,a30_31,2.7699826,2.6918542,1.0,3,3,1.0,2,2,1.0
2655002,test,a30_31,0.73033714,0.0,1.0,2,2,1.0,2,2,1.0
2705031,test,a30_31,3.8674445,3.0183833,1.0,3,3,1.0,2,2,1.0
2707179,test,a30_31,3.3023465,2.888504,1.0,3,3,1.0,2,2,1.0
2714031,test,a30_31,3.5895524,3.2921891,1.0,3,3,1.0,2,2,1.0
2717004,test,a30_31,3.741723,4.0724216,1.0,3,3,1.0,2,2,1.0
2738171,test,a30_31,3.8516395,4.41911,1.0,3,3,1.0,2,2,1.0
2794003,test,a30_31,3.7692218,4.088578,1.0,3,3,1.0,6,6,1.0
2845030,test,a30_31,2.5943623,0.80540437,1.0,3,3,1.0,6,6,1.0
2847030,test,a30_31,3.2661202,3.2781074,1.0,3,3,1.0,4,6,1.0
2848174,test,a30_31,1.655554,0.0,1.0,3,2,1.0,6,6,1.0
2852006,test,a30_31,0.680169,0.0,1.0,2,2,1.0,2,2,1.0
2852030,test,a30_31,3.58878,3.1400328,1.0,3,3,1.0,2,2,1.0
2869170,test,a30_31,3.5489855,3.318679,1.0,3,3,1.0,2,2,1.0
2897006,test,a30_31,3.2119215,2.5091708,1.0,3,3,1.0,6,6,1.0
2900171,test,a30_31,3.8126035,1.9216049,1.0,3,3,1.0,2,2,1.0
2907006,test,a30_31,2.856772,2.6151106,1.0,3,3,1.0,2,2,1.0
2920030,test,a30_31,3.2758093,2.973692,1.0,3,3,1.0,6,6,1.0
3107001,test,a30_31,3.5192952,3.501158,1.0,3,3,1.0,2,2,1.0
3137007,test,a30_31,2.3058224,2.5756848,1.0,3,3,1.0,6,6,1.0
3283002,test,a30_31,3.9432082,4.300126,1.0,3,3,1.0,2,4,1.0
3492001,test,a30_31,3.6566381,4.1655335,1.0,3,3,1.0,6,6,1.0
5016170,test,a30_31,3.1727586,2.9827757,1.0,3,3,1.0,4,4,1.0
5082003,test,a30_31,3.6402798,3.590824,1.0,3,3,1.0,6,2,1.0
5145032,test,a30_31,3.5293727,3.6708767,1.0,3,3,1.0,6,6,1.0
5163030,test,a30_31,3.1432698,3.7953534,1.0,3,3,1.0,2,3,1.0
5177171,test,a30_31,1.0235541,0.0,1.0,2,2,1.0,6,6,1.0
5199178,test,a30_31,3.1251197,3.0284073,1.0,3,3,1.0,2,2,1.0
5241030,test,a30_31,2.9037843,3.463671,1.0,3,3,1.0,6,6,1.0
5264004,test,a30_31,3.3950186,3.254645,1.0,3,3,1.0,2,2,1.0
5294003,test,a30_31,3.539843,3.6888347,1.0,3,3,1.0,2,2,1.0
5299172,test,a30_31,3.1732502,0.0,0.0,3,-1,0.0,2,-1,0.0
5306002,test,a30_31,2.412554,1.5553043,1.0,3,2,1.0,6,6,1.0
5350030,test,a30_31,2.7573311,1.5019395,1.0,3,3,1.0,4,6,1.0
5364006,test,a30_31,3.5595503,4.02594,1.0,3,3,1.0,6,6,1.0
5366033,test,a30_31,3.20051,3.2203383,1.0,3,2,1.0,6,6,1.0
5406173,test,a30_31,3.054523,0.0,0.0,3,-1,0.0,2,-1,0.0
5424030,test,a30_31,1.7624173,1.9499075,1.0,3,2,1.0,6,6,1.0
5425003,test,a30_31,1.4888679,0.52543235,1.0,3,3,1.0,2,2,1.0
5430031,test,a30_31,1.436925,2.1480308,1.0,3,2,1.0,6,6,1.0
5430171,test,a30_31,2.6776302,3.769422,1.0,3,3,1.0,6,6,1.0
5443007,test,a30_31,1.5883932,0.43289578,1.0,3,2,1.0,2,2,1.0
5464032,test,a30_31,3.0778081,2.712402,1.0,3,2,1.0,4,2,1.0
5488007,test,a30_31,2.7541971,2.4527671,1.0,3,2,1.0,2,2,1.0
5494005,test,a30_31,2.5605865,2.5930448,1.0,3,3,1.0,6,6,1.0
5513030,test,a30_31,3.1635914,3.6436281,1.0,3,3,1.0,6,6,1.0
5549006,test,a30_31,2.6717362,2.3896143,1.0,3,3,1.0,2,2,1.0
5553173,test,a30_31,3.345276,3.5880518,1.0,3,3,1.0,2,2,1.0
5560186,test,a30_31,3.5143056,3.2274153,1.0,3,3,1.0,2,2,1.0
5569009,test,a30_31,2.8535538,1.642214,1.0,3,2,1.0,2,2,1.0
5570010,test,a30_31,3.352358,3.5521383,1.0,3,3,1.0,4,4,1.0
5570012,test,a30_31,3.2451048,2.5876174,1.0,3,3,1.0,6,6,1.0
5570033,test,a30_31,3.4261732,2.8641582,1.0,3,3,1.0,2,2,1.0
5576031,test,a30_31,2.8363647,3.016735,1.0,3,3,1.0,4,2,1.0
5614005,test,a30_31,3.0821059,2.6726115,1.0,3,3,1.0,4,3,1.0
5615010,test,a30_31,3.2572725,3.1390646,1.0,3,3,1.0,6,2,1.0
5615181,test,a30_31,3.4120402,3.3987124,1.0,3,3,1.0,2,2,1.0
5621170,test,a30_31,3.1687796,3.0994895,1.0,3,3,1.0,2,2,1.0
5626010,test,a30_31,3.1467128,2.9399865,1.0,3,3,1.0,2,2,1.0
5634188,test,a30_31,3.2769876,0.0,0.0,3,-1,0.0,2,-1,0.0
5635031,test,a30_31,3.1197658,2.960809,1.0,3,3,1.0,2,2,1.0
5646006,test,a30_31,0.38316464,0.5639118,1.0,2,3,1.0,6,6,1.0
5660005,test,a30_31,3.262811,3.541386,1.0,3,3,1.0,4,3,1.0
5664003,test,a30_31,0.25003314,0.10998343,1.0,2,2,1.0,6,6,1.0
5676007,test,a30_31,3.0233808,0.0,0.0,3,-1,0.0,2,-1,0.0
5678030,test,a30_31,1.9204451,2.8913167,1.0,3,2,1.0,6,6,1.0
5684034,test,a30_31,3.8648157,4.3079896,1.0,3,3,1.0,2,4,1.0
5784005,test,a30_31,0.3623402,0.0,1.0,2,2,1.0,6,6,1.0
5819005,test,a30_31,0.5258106,1.0981487,1.0,2,3,1.0,6,6,1.0
5821008,test,a30_31,3.1646154,3.01234,1.0,3,3,1.0,6,2,1.0
5863033,test,a30_31,0.40504527,1.3019751,1.0,2,3,1.0,6,6,1.0
5921003,test,a30_31,2.6401312,0.0,0.0,3,-1,0.0,6,-1,0.0
5922010,test,a30_31,3.3594837,2.721544,1.0,3,3,1.0,6,6,1.0
5938031,test,a30_31,2.3195517,0.0,1.0,3,2,1.0,6,6,1.0
5960033,test,a30_31,2.7771041,2.5757463,1.0,3,3,1.0,6,6,1.0
5995005,test,a30_31,0.544526,0.31933862,1.0,2,2,1.0,6,6,1.0
6028032,test,a30_31,2.1959665,2.8981428,1.0,3,3,1.0,6,6,1.0
6030005,test,a30_31,3.5734663,3.7041867,1.0,3,3,1.0,6,6,1.0
6030008,test,a30_31,3.4136753,3.6057901,1.0,3,3,1.0,6,6,1.0
6093006,test,a30_31,0.17608738,2.0916247,1.0,2,3,1.0,6,6,1.0
6093011,test,a30_31,2.1021838,1.3332126,1.0,3,3,1.0,6,6,1.0
6114182,test,a30_31,3.014532,2.5692537,1.0,3,3,1.0,4,3,1.0
6120195,test,a30_31,0.98654187,0.0,1.0,2,2,1.0,2,2,1.0
6121030,test,a30_31,3.2623668,3.769311,1.0,3,3,1.0,6,6,1.0
6179003,test,a30_31,3.5173051,3.361893,1.0,3,3,1.0,2,2,1.0
6179170,test,a30_31,0.93609285,0.0,1.0,2,2,1.0,2,2,1.0
6191006,test,a30_31,3.1137516,3.2669687,1.0,3,3,1.0,4,4,1.0
6200175,test,a30_31,3.5986874,3.180232,1.0,3,3,1.0,2,2,1.0
6210007,test,a30_31,3.4886293,0.0,0.0,3,-1,0.0,6,-1,0.0
6210008,test,a30_31,2.2542548,1.7660555,1.0,3,3,1.0,6,6,1.0
6350007,test,a30_31,2.866087,2.5048919,1.0,3,3,1.0,6,6,1.0
6365010,test,a30_31,0.43957424,0.47892067,1.0,2,3,1.0,6,6,1.0
6365011,test,a30_31,2.355468,0.1931983,1.0,3,2,1.0,2,2,1.0
6365177,test,a30_31,2.8650696,3.0710416,1.0,3,3,1.0,2,2,1.0
6381008,test,a30_31,2.6197934,0.0,0.0,3,-1,0.0,2,-1,0.0
6444003,test,a30_31,2.5646753,2.0211048,1.0,3,3,1.0,2,2,1.0
6475006,test,a30_31,0.1913588,0.67106354,1.0,2,3,1.0,6,6,1.0
6475007,test,a30_31,0.18252277,0.1422398,1.0,2,2,1.0,6,6,1.0
6509004,test,a30_31,3.1402886,3.5568442,1.0,3,3,1.0,6,6,1.0
6545008,test,a30_31,3.7636552,3.18138,1.0,3,3,1.0,6,6,1.0
6571003,test,a30_31,2.9982972,3.4242733,1.0,3,3,1.0,6,6,1.0
6635009,test,a30_31,0.20019269,0.0,1.0,2,2,1.0,6,4,1.0
6663030,test,a30_31,3.757513,3.6323774,1.0,3,2,1.0,6,6,1.0
6674003,test,a30_31,3.7817655,3.3601112,1.0,3,3,1.0,2,2,1.0
6674005,test,a30_31,3.605153,3.4521801,1.0,3,3,1.0,4,2,1.0
6736181,test,a30_31,2.7904632,1.9612347,1.0,3,2,1.0,2,2,1.0
6740003,test,a30_31,2.7629414,2.7489104,1.0,3,3,1.0,2,2,1.0
6769008,test,a30_31,2.6386185,0.47086632,1.0,3,2,1.0,4,3,1.0
6779033,test,a30_31,0.61221063,1.7719439,1.0,2,3,1.0,6,6,1.0
6030,test,a32_33,3.6156425,3.632802,1.0,3,3,1.0,2,2,1.0
10030,test,a32_33,3.8634229,4.5643663,1.0,3,3,1.0,6,2,1.0
41008,test,a32_33,2.710071,0.0,1.0,3,2,1.0,6,2,1.0
68003,test,a32_33,3.6370509,3.5880518,1.0,3,3,1.0,2,2,1.0
127030,test,a32_33,3.7262547,3.6983402,1.0,3,3,1.0,6,2,1.0
127031,test,a32_33,3.876553,4.2671986,1.0,3,3,1.0,6,6,1.0
129031,test,a32_33,0.7461747,1.5868585,1.0,2,2,1.0,6,4,1.0
129196,test,a32_33,3.016654,1.7348825,1.0,3,3,1.0,2,2,1.0
165030,test,a32_33,3.687675,3.6426375,1.0,3,3,1.0,6,2,1.0
284004,test,a32_33,4.129038,4.498754,1.0,3,3,1.0,2,2,1.0
301032,test,a32_33,4.1503277,3.9674697,1.0,3,3,1.0,6,6,1.0
327003,test,a32_33,3.0203705,3.7635956,1.0,3,3,1.0,2,2,1.0
327171,test,a32_33,3.2231421,0.0,1.0,3,2,1.0,2,2,1.0
327172,test,a32_33,2.659007,3.306851,1.0,3,3,1.0,2,2,1.0
331005,test,a32_33,4.107616,4.197571,1.0,3,3,1.0,6,2,1.0
344178,test,a32_33,2.7991226,3.281228,1.0,3,3,1.0,2,2,1.0
461030,test,a32_33,3.8045743,3.5299022,1.0,3,3,1.0,2,2,1.0
486004,test,a32_33,3.5994031,3.690261,1.0,3,3,1.0,2,2,1.0
563183,test,a32_33,0.6376761,0.0008918604,1.0,2,3,1.0,2,2,1.0
577004,test,a32_33,2.669868,2.5712075,1.0,3,3,1.0,2,2,1.0
607030,test,a32_33,3.8447633,3.6452837,1.0,3,3,1.0,2,2,1.0
613173,test,a32_33,3.221858,4.1078057,1.0,3,3,1.0,2,2,1.0
634008,test,a32_33,3.658768,3.3915641,1.0,3,2,1.0,2,4,1.0
652005,test,a32_33,3.2150342,3.5727725,1.0,3,3,1.0,2,2,1.0
672003,test,a32_33,0.68131375,3.0547795,1.0,2,3,1.0,2,2,1.0
691175,test,a32_33,3.5261316,0.0,1.0,3,3,1.0,2,2,1.0
699031,test,a32_33,1.6040115,3.1536906,1.0,3,2,1.0,6,6,1.0
722178,test,a32_33,0.6936023,0.5729554,1.0,2,3,1.0,2,2,1.0
771003,test,a32_33,3.2324183,3.360967,1.0,3,3,1.0,4,4,1.0
775005,test,a32_33,3.584289,3.814005,1.0,3,3,1.0,6,2,1.0
796006,test,a32_33,3.7320693,3.19808,1.0,3,3,1.0,6,6,1.0
844003,test,a32_33,2.931898,3.7556844,1.0,3,3,1.0,2,2,1.0
863006,test,a32_33,3.1456416,3.7389832,1.0,3,3,1.0,2,2,1.0
863173,test,a32_33,3.6635265,2.8179777,1.0,3,3,1.0,2,2,1.0
866172,test,a32_33,2.9624584,2.6271625,1.0,3,2,1.0,6,6,1.0
868005,test,a32_33,3.656602,3.4759133,1.0,3,3,1.0,2,2,1.0
875030,test,a32_33,0.9290502,0.0,1.0,2,2,1.0,2,2,1.0
897006,test,a32_33,3.0035634,0.9259037,1.0,3,2,1.0,2,3,1.0
922171,test,a32_33,3.4952245,3.2271986,1.0,3,3,1.0,2,2,1.0
934030,test,a32_33,3.4120393,4.169727,1.0,3,3,1.0,2,2,1.0
935005,test,a32_33,1.9251463,1.9715426,1.0,3,3,1.0,2,2,1.0
935176,test,a32_33,3.701639,2.686293,1.0,3,3,1.0,2,2,1.0
939030,test,a32_33,3.9768314,4.2601495,1.0,3,3,1.0,6,2,1.0
964003,test,a32_33,0.45798898,0.48986647,1.0,2,2,1.0,6,6,1.0
970004,test,a32_33,3.7676854,3.9415355,1.0,3,3,1.0,2,2,1.0
982004,test,a32_33,3.2938976,3.577894,1.0,3,3,1.0,2,4,1.0
1033030,test,a32_33,3.3416321,3.3248508,1.0,3,3,1.0,2,4,1.0
1036003,test,a32_33,3.935264,3.242958,1.0,3,3,1.0,2,2,1.0
1048006,test,a32_33,2.7177284,2.5528998,1.0,3,3,1.0,2,2,1.0
1055172,test,a32_33,1.9517746,2.4084587,1.0,3,3,1.0,2,2,1.0
1060175,test,a32_33,3.3523788,3.5963154,1.0,3,3,1.0,2,2,1.0
1064171,test,a32_33,3.8718946,4.3601055,1.0,3,3,1.0,2,2,1.0
1072171,test,a32_33,3.6829185,3.6353216,1.0,3,3,1.0,2,2,1.0
1084175,test,a32_33,1.8881404,0.0,1.0,3,2,1.0,2,2,1.0
1100172,test,a32_33,3.176754,3.3882806,1.0,3,3,1.0,2,2,1.0
1141171,test,a32_33,2.3957765,1.0577683,1.0,3,3,1.0,2,4,1.0
1142030,test,a32_33,3.840549,3.4778206,1.0,3,2,1.0,2,2,1.0
1144032,test,a32_33,3.7338963,3.9998453,1.0,3,3,1.0,2,2,1.0
1149171,test,a32_33,3.2547283,3.3627808,1.0,3,3,1.0,6,2,1.0
1162030,test,a32_33,3.1251988,3.2774415,1.0,3,3,1.0,2,2,1.0
1167030,test,a32_33,0.74194443,1.6452125,1.0,2,2,1.0,6,6,1.0
1168008,test,a32_33,2.0003245,3.6681044,1.0,3,3,1.0,4,3,1.0
1222179,test,a32_33,2.3971791,2.62906,1.0,3,3,1.0,2,2,1.0
1260008,test,a32_33,2.9517214,3.0003862,1.0,3,3,1.0,2,2,1.0
1269030,test,a32_33,3.2691894,3.8594756,1.0,3,3,1.0,2,2,1.0
1292030,test,a32_33,3.376595,3.3685656,1.0,3,3,1.0,4,2,1.0
1298005,test,a32_33,2.5657122,3.0073462,1.0,3,3,1.0,2,2,1.0
1306030,test,a32_33,4.3225045,4.845492,1.0,3,3,1.0,2,2,1.0
1335179,test,a32_33,2.8417566,3.2921014,1.0,3,3,1.0,2,2,1.0
1353030,test,a32_33,1.041619,0.0,1.0,2,2,1.0,2,2,1.0
1384030,test,a32_33,3.4628856,3.4832323,1.0,3,3,1.0,2,2,1.0
1399008,test,a32_33,1.7008202,2.609165,1.0,3,2,1.0,2,4,1.0
1415004,test,a32_33,2.4579694,2.7626214,1.0,3,3,1.0,2,2,1.0
1430005,test,a32_33,1.9820889,3.35943,1.0,3,3,1.0,6,6,1.0
1431003,test,a32_33,3.7826328,3.793413,1.0,3,3,1.0,2,2,1.0
1431004,test,a32_33,2.286302,0.0,1.0,3,2,1.0,2,2,1.0
1431172,test,a32_33,4.025985,4.257112,1.0,3,3,1.0,2,2,1.0
1462004,test,a32_33,2.3194585,4.6827054,1.0,3,3,1.0,2,2,1.0
1520173,test,a32_33,3.4528112,3.8655198,1.0,3,3,1.0,2,2,1.0
1522175,test,a32_33,3.26959,4.128193,1.0,3,3,1.0,2,2,1.0
1542006,test,a32_33,3.328034,3.1334329,1.0,3,3,1.0,4,2,1.0
1542177,test,a32_33,3.6779554,3.5846753,1.0,3,3,1.0,2,2,1.0
1567031,test,a32_33,3.721438,3.6204543,1.0,3,3,1.0,6,6,1.0
1608031,test,a32_33,2.7087648,3.9165187,1.0,3,3,1.0,2,2,1.0
1612003,test,a32_33,3.8422716,3.0623057,1.0,3,3,1.0,2,2,1.0
1621003,test,a32_33,1.5587113,2.9558797,1.0,3,3,1.0,2,2,1.0
1648003,test,a32_33,3.5809474,3.4529707,1.0,3,3,1.0,2,2,1.0
1648030,test,a32_33,3.423161,2.149199,1.0,3,3,1.0,6,6,1.0
1670172,test,a32_33,3.2519755,2.9805765,1.0,3,3,1.0,6,2,1.0
1684170,test,a32_33,0.5799681,1.0173271,1.0,2,2,1.0,2,2,1.0
1690030,test,a32_33,3.8141198,4.7354703,1.0,3,3,1.0,2,3,1.0
1692176,test,a32_33,3.3977463,0.0,0.0,3,-1,0.0,2,-1,0.0
1695030,test,a32_33,3.2572808,3.6850972,1.0,3,3,1.0,6,2,1.0
1697036,test,a32_33,3.60751,1.4949695,1.0,3,3,1.0,6,2,1.0
1698170,test,a32_33,2.5167575,1.139272,1.0,3,2,1.0,2,2,1.0
1700031,test,a32_33,3.2662742,4.201887,1.0,3,3,1.0,2,4,1.0
1701003,test,a32_33,3.6378946,3.60501,1.0,3,3,1.0,6,6,1.0
1711003,test,a32_33,2.0247705,2.810277,1.0,3,3,1.0,2,2,1.0
1711171,test,a32_33,3.4727108,3.8577616,1.0,3,3,1.0,2,2,1.0
1732005,test,a32_33,2.7889023,2.342187,1.0,3,3,1.0,6,2,1.0
1762187,test,a32_33,1.8168132,1.8211237,1.0,3,2,1.0,2,2,1.0
1786187,test,a32_33,3.382034,3.1765072,1.0,3,3,1.0,2,2,1.0
1837006,test,a32_33,3.5926943,3.6559155,1.0,3,3,1.0,2,2,1.0
1850172,test,a32_33,1.744359,2.5812435,1.0,3,3,1.0,2,2,1.0
1878030,test,a32_33,3.0164561,3.4057453,1.0,3,3,1.0,2,4,1.0
1879030,test,a32_33,3.7292776,4.3343844,1.0,3,3,1.0,2,3,1.0
1905004,test,a32_33,3.696044,3.8433187,1.0,3,3,1.0,2,2,1.0
1919009,test,a32_33,3.2447534,3.1504118,1.0,3,3,1.0,2,2,1.0
1935004,test,a32_33,2.9307725,0.0,1.0,3,2,1.0,2,2,1.0
1936030,test,a32_33,1.8876513,0.0,1.0,3,2,1.0,2,2,1.0
1978171,test,a32_33,2.6711924,1.6958811,1.0,3,3,1.0,2,2,1.0
2030031,test,a32_33,3.035755,3.6641996,1.0,3,3,1.0,6,2,1.0
2117003,test,a32_33,2.878661,2.5893922,1.0,3,2,1.0,2,2,1.0
2150172,test,a32_33,1.6535234,1.3598045,1.0,3,3,1.0,2,2,1.0
2199182,test,a32_33,2.3663638,3.9495156,1.0,3,3,1.0,2,2,1.0
2206030,test,a32_33,3.6732173,4.886779,1.0,3,3,1.0,4,2,1.0
2212031,test,a32_33,4.0823946,4.483134,1.0,3,3,1.0,6,2,1.0
2238004,test,a32_33,3.536171,3.472241,1.0,3,3,1.0,2,2,1.0
2238172,test,a32_33,3.046597,3.5254576,1.0,3,3,1.0,2,2,1.0
2252172,test,a32_33,3.2233126,2.3470397,1.0,3,3,1.0,2,2,1.0
2255030,test,a32_33,4.299107,4.876434,1.0,3,3,1.0,2,2,1.0
2277008,test,a32_33,2.787848,2.5990877,1.0,3,3,1.0,2,2,1.0
2311172,test,a32_33,1.6868217,1.0779065,1.0,3,2,1.0,2,2,1.0
2330003,test,a32_33,3.985648,4.301492,1.0,3,3,1.0,6,6,1.0
2338003,test,a32_33,3.6474109,4.023426,1.0,3,3,1.0,6,6,1.0
2341004,test,a32_33,2.5946798,3.4735646,1.0,3,3,1.0,2,2,1.0
2341005,test,a32_33,2.7710433,0.8661617,1.0,3,3,1.0,2,2,1.0
2354004,test,a32_33,1.8739285,2.448841,1.0,3,3,1.0,2,2,1.0
2392004,test,a32_33,2.2795022,2.7262917,1.0,3,3,1.0,2,2,1.0
2393005,test,a32_33,4.198825,4.0622745,1.0,3,3,1.0,2,3,1.0
2393171,test,a32_33,2.793101,1.606789,1.0,3,3,1.0,2,2,1.0
2409006,test,a32_33,2.4077551,0.0,0.0,3,-1,0.0,2,-1,0.0
2409171,test,a32_33,2.7218158,0.0,0.0,3,-1,0.0,2,-1,0.0
2422178,test,a32_33,3.6085649,3.2781074,1.0,3,3,1.0,2,2,1.0
2459030,test,a32_33,3.1659958,3.753117,1.0,3,3,1.0,2,4,1.0
2474030,test,a32_33,3.3603802,4.23237,1.0,3,3,1.0,2,2,1.0
2474171,test,a32_33,2.5767744,1.367364,1.0,3,3,1.0,2,2,1.0
2485173,test,a32_33,3.119546,1.1069015,1.0,3,3,1.0,4,4,1.0
2496172,test,a32_33,1.9253719,3.6005192,1.0,3,3,1.0,4,2,1.0
2502005,test,a32_33,3.1175447,2.9134128,1.0,3,3,1.0,2,2,1.0
2510171,test,a32_33,3.0383039,3.5230017,1.0,3,3,1.0,2,2,1.0
2525174,test,a32_33,2.734933,3.8745465,1.0,3,3,1.0,2,2,1.0
2530184,test,a32_33,2.7292314,2.973692,1.0,3,3,1.0,2,2,1.0
2547171,test,a32_33,3.8411798,4.052104,1.0,3,3,1.0,2,2,1.0
2580030,test,a32_33,4.2173934,4.886779,1.0,3,3,1.0,2,2,1.0
2593171,test,a32_33,3.5540848,4.246229,1.0,3,3,1.0,2,2,1.0
2615031,test,a32_33,3.5197446,3.44694,1.0,3,3,1.0,2,2,1.0
2642030,test,a32_33,2.6419702,2.8015413,1.0,3,3,1.0,2,2,1.0
2655002,test,a32_33,0.79574513,0.0,1.0,2,2,1.0,2,2,1.0
2705031,test,a32_33,3.8331916,3.306851,1.0,3,3,1.0,2,4,1.0
2707179,test,a32_33,3.3113835,2.8268414,1.0,3,3,1.0,2,2,1.0
2714031,test,a32_33,3.552144,0.0,0.0,3,3,1.0,2,2,1.0
2717004,test,a32_33,3.759462,3.742696,1.0,3,3,1.0,2,2,1.0
2738171,test,a32_33,3.8618634,4.886779,1.0,3,3,1.0,2,2,1.0
2794003,test,a32_33,3.7673566,3.8923466,1.0,3,2,1.0,6,2,1.0
2845030,test,a32_33,2.6355546,3.2903967,1.0,3,3,1.0,6,4,1.0
2847030,test,a32_33,3.1300938,3.456708,1.0,3,3,1.0,4,6,1.0
2848174,test,a32_33,1.7862775,1.0409111,1.0,3,2,1.0,6,6,1.0
2852006,test,a32_33,0.7716807,2.1415117,1.0,2,3,1.0,2,2,1.0
2852030,test,a32_33,3.5622602,2.0998244,1.0,3,3,1.0,2,2,1.0
2869170,test,a32_33,3.5645947,3.6555576,1.0,3,3,1.0,2,2,1.0
2897006,test,a32_33,3.2751539,2.8197732,1.0,3,3,1.0,6,6,1.0
2900171,test,a32_33,3.802467,3.8746612,1.0,3,3,1.0,2,2,1.0
2907006,test,a32_33,2.8197067,2.623763,1.0,3,3,1.0,2,2,1.0
2920030,test,a32_33,3.309111,3.4575856,1.0,3,3,1.0,6,2,1.0
3107001,test,a32_33,3.4536307,3.231012,1.0,3,3,1.0,2,2,1.0
3137007,test,a32_33,2.3190062,2.48373,1.0,3,3,1.0,6,6,1.0
3283002,test,a32_33,3.813339,4.0583324,1.0,3,3,1.0,2,6,1.0
3492001,test,a32_33,3.519773,4.1102557,1.0,3,3,1.0,6,6,1.0
5016170,test,a32_33,3.0557353,2.6426997,1.0,3,3,1.0,4,4,1.0
5082003,test,a32_33,3.5403771,3.5662766,1.0,3,3,1.0,6,2,1.0
5145032,test,a32_33,3.4340076,3.616172,1.0,3,3,1.0,6,6,1.0
5163030,test,a32_33,3.053918,2.769646,1.0,3,3,1.0,2,3,1.0
5177171,test,a32_33,1.1422107,0.41334957,1.0,2,3,1.0,6,6,1.0
5199178,test,a32_33,3.0401807,3.096526,1.0,3,3,1.0,2,2,1.0
5241030,test,a32_33,2.8794365,3.5277414,1.0,3,3,1.0,6,6,1.0
5264004,test,a32_33,3.3098884,3.264431,1.0,3,3,1.0,2,2,1.0
5294003,test,a32_33,3.4950757,3.6584685,1.0,3,3,1.0,2,2,1.0
5299172,test,a32_33,3.105185,2.760259,1.0,3,3,1.0,2,2,1.0
5306002,test,a32_33,2.4036906,0.919919,1.0,3,2,1.0,6,6,1.0
5350030,test,a32_33,2.6546652,2.5756848,1.0,3,3,1.0,4,6,1.0
5364006,test,a32_33,3.4558473,0.0,0.0,3,-1,0.0,6,-1,0.0
5366033,test,a32_33,3.088974,3.3051815,1.0,3,3,1.0,6,6,1.0
5406173,test,a32_33,2.980208,3.5137413,1.0,3,3,1.0,2,3,1.0
5424030,test,a32_33,1.909742,2.0490751,1.0,3,3,1.0,6,6,1.0
5425003,test,a32_33,1.5125917,0.72459835,1.0,3,2,1.0,2,2,1.0
5430031,test,a32_33,1.5499818,0.0,1.0,3,2,1.0,6,6,1.0
5430171,test,a32_33,2.7237997,2.512427,1.0,3,3,1.0,6,6,1.0
5443007,test,a32_33,1.6950665,2.1780865,1.0,3,3,1.0,2,2,1.0
5464032,test,a32_33,3.030027,2.7760577,1.0,3,3,1.0,4,2,1.0
5488007,test,a32_33,2.713783,2.1782289,1.0,3,3,1.0,2,2,1.0
5494005,test,a32_33,2.6922414,0.63777095,1.0,3,3,1.0,6,6,1.0
5513030,test,a32_33,3.085996,2.4798064,1.0,3,3,1.0,6,6,1.0
5549006,test,a32_33,2.63091,2.637893,1.0,3,3,1.0,2,3,1.0
5553173,test,a32_33,3.2698855,3.935453,1.0,3,3,1.0,2,2,1.0
5560186,test,a32_33,3.4466605,3.2524583,1.0,3,3,1.0,2,2,1.0
5569009,test,a32_33,2.8291888,2.2377331,1.0,3,3,1.0,2,2,1.0
5570010,test,a32_33,3.230524,3.5858245,1.0,3,3,1.0,4,4,1.0
5570012,test,a32_33,3.231967,2.6474972,1.0,3,3,1.0,6,6,1.0
5570033,test,a32_33,3.360449,3.3018157,1.0,3,3,1.0,2,2,1.0
5576031,test,a32_33,2.7389603,2.9333522,1.0,3,3,1.0,4,2,1.0
5614005,test,a32_33,3.0558584,2.8111508,1.0,3,3,1.0,4,3,1.0
5615010,test,a32_33,3.21465,3.3717976,1.0,3,3,1.0,6,2,1.0
5615181,test,a32_33,3.3458388,3.4054897,1.0,3,3,1.0,2,2,1.0
5621170,test,a32_33,3.0996597,3.0953097,1.0,3,3,1.0,2,2,1.0
5626010,test,a32_33,3.0647266,3.139954,1.0,3,3,1.0,2,2,1.0
5634188,test,a32_33,3.203493,3.7881985,1.0,3,3,1.0,2,5,1.0
5635031,test,a32_33,3.0177593,2.7840075,1.0,3,3,1.0,2,2,1.0
5646006,test,a32_33,0.5936458,0.77602905,1.0,2,2,1.0,6,6,1.0
5660005,test,a32_33,3.1251197,3.4027286,1.0,3,3,1.0,4,2,1.0
5664003,test,a32_33,0.47430515,1.7976818,1.0,2,3,1.0,6,6,1.0
5676007,test,a32_33,3.0036988,3.7587788,1.0,3,3,1.0,2,4,1.0
5678030,test,a32_33,1.9763879,2.4192536,1.0,3,2,1.0,6,6,1.0
5684034,test,a32_33,3.7781844,1.4764752,1.0,3,3,1.0,2,2,1.0
5784005,test,a32_33,0.560658,0.0,1.0,2,2,1.0,6,6,1.0
5819005,test,a32_33,0.7447264,1.068429,1.0,2,2,1.0,6,6,1.0
5821008,test,a32_33,3.1676817,2.9484503,1.0,3,3,1.0,6,2,1.0
5863033,test,a32_33,0.5836884,2.2928271,1.0,2,3,1.0,6,6,1.0
5921003,test,a32_33,2.6010048,3.0847182,1.0,3,3,1.0,6,6,1.0
5922010,test,a32_33,3.3111145,2.9869597,1.0,3,3,1.0,6,6,1.0
5938031,test,a32_33,2.3375318,0.0,1.0,3,2,1.0,6,6,1.0
5960033,test,a32_33,2.695922,2.8474362,1.0,3,3,1.0,6,3,1.0
5995005,test,a32_33,0.7952938,0.21103315,1.0,2,2,1.0,6,6,1.0
6028032,test,a32_33,2.3488965,2.8268414,1.0,3,3,1.0,6,6,1.0
6030005,test,a32_33,3.5357633,3.4111378,1.0,3,3,1.0,6,6,1.0
6030008,test,a32_33,3.4290075,3.602513,1.0,3,3,1.0,6,6,1.0
6093006,test,a32_33,0.343616,1.3977581,1.0,2,2,1.0,6,6,1.0
6093011,test,a32_33,2.2374861,2.5990877,1.0,3,3,1.0,6,6,1.0
6114182,test,a32_33,2.9425094,2.8005123,1.0,3,3,1.0,4,3,1.0
6120195,test,a32_33,1.0337968,0.0,1.0,2,2,1.0,2,2,1.0
6121030,test,a32_33,3.2145412,3.6708767,1.0,3,3,1.0,6,6,1.0
6179003,test,a32_33,3.4644532,3.426249,1.0,3,3,1.0,2,2,1.0
6179170,test,a32_33,1.0136794,0.2411282,1.0,2,2,1.0,2,2,1.0
6191006,test,a32_33,2.9837465,3.4436505,1.0,3,3,1.0,4,2,1.0
6200175,test,a32_33,3.5429955,2.5210872,1.0,3,3,1.0,2,2,1.0
6210007,test,a32_33,3.5180135,0.0,0.0,3,-1,0.0,6,-1,0.0
6210008,test,a32_33,2.4007058,1.382737,1.0,3,2,1.0,6,6,1.0
6350007,test,a32_33,2.7652652,1.2189263,1.0,3,2,1.0,6,6,1.0
6365010,test,a32_33,0.74481404,2.0176098,1.0,2,3,1.0,6,6,1.0
6365011,test,a32_33,2.327838,2.6077433,1.0,3,3,1.0,2,2,1.0
6365177,test,a32_33,2.794403,2.7674904,1.0,3,3,1.0,2,2,1.0
6381008,test,a32_33,2.579423,0.0,0.0,3,-1,0.0,2,-1,0.0
6444003,test,a32_33,2.5385668,3.1936855,1.0,3,3,1.0,2,2,1.0
6475006,test,a32_33,0.3613305,1.2301495,1.0,2,3,1.0,6,6,1.0
6475007,test,a32_33,0.36223102,1.8487327,1.0,2,2,1.0,6,6,1.0
6509004,test,a32_33,3.0571222,3.8708656,1.0,3,3,1.0,6,6,1.0
6545008,test,a32_33,3.6949506,4.3289056,1.0,3,3,1.0,6,6,1.0
6571003,test,a32_33,2.9640284,3.5926886,1.0,3,3,1.0,6,6,1.0
6635009,test,a32_33,0.40657544,0.0,1.0,2,2,1.0,6,4,1.0
6663030,test,a32_33,3.683371,3.800088,1.0,3,3,1.0,6,6,1.0
6674003,test,a32_33,3.6089807,3.4202895,1.0,3,3,1.0,2,2,1.0
6674005,test,a32_33,3.419363,3.4833505,1.0,3,3,1.0,4,2,1.0
6736181,test,a32_33,2.7210052,0.0,0.0,3,-1,0.0,2,-1,0.0
6740003,test,a32_33,2.7256236,2.884239,1.0,3,3,1.0,2,2,1.0
6769008,test,a32_33,2.5628483,0.8178876,1.0,3,3,1.0,4,3,1.0
6779033,test,a32_33,0.73936987,1.8801916,1.0,2,2,1.0,6,6,1.0
6030,test,a34_35,3.5509293,3.5367897,1.0,3,3,1.0,2,2,1.0
10030,test,a34_35,3.7755575,4.673836,1.0,3,3,1.0,6,2,1.0
41008,test,a34_35,2.6600156,0.0,1.0,3,2,1.0,2,2,1.0
68003,test,a34_35,3.6543477,3.2616544,1.0,3,3,1.0,2,2,1.0
127030,test,a34_35,3.6464925,3.1696036,1.0,3,3,1.0,6,2,1.0
127031,test,a34_35,3.7866585,4.0902915,1.0,3,3,1.0,6,2,1.0
129031,test,a34_35,0.8849772,1.0162153,1.0,2,3,1.0,6,2,1.0
129196,test,a34_35,3.1169653,3.4254856,1.0,3,3,1.0,2,2,1.0
165030,test,a34_35,3.619575,3.7463372,1.0,3,3,1.0,6,2,1.0
284004,test,a34_35,4.1477933,4.32185,1.0,3,3,1.0,2,2,1.0
301032,test,a34_35,4.143956,3.9348762,1.0,3,3,1.0,2,6,1.0
327003,test,a34_35,2.9810078,3.8840168,1.0,3,3,1.0,2,2,1.0
327171,test,a34_35,3.1665554,0.0,1.0,3,2,1.0,2,2,1.0
327172,test,a34_35,2.6901214,3.5017936,1.0,3,3,1.0,2,2,1.0
331005,test,a34_35,4.0350723,4.082121,1.0,3,2,1.0,2,2,1.0
344178,test,a34_35,2.7698588,3.2559896,1.0,3,3,1.0,2,2,1.0
461030,test,a34_35,3.8423069,3.3020296,1.0,3,3,1.0,2,2,1.0
486004,test,a34_35,3.6443415,3.745459,1.0,3,3,1.0,2,2,1.0
563183,test,a34_35,0.8181739,3.2996137,1.0,2,3,1.0,2,2,1.0
577004,test,a34_35,2.6686525,2.9370773,1.0,3,3,1.0,2,2,1.0
607030,test,a34_35,3.8724122,3.7506254,1.0,3,3,1.0,2,2,1.0
613173,test,a34_35,3.113761,4.4183064,1.0,3,3,1.0,2,2,1.0
634008,test,a34_35,3.6035275,3.5026178,1.0,3,3,1.0,2,6,1.0
652005,test,a34_35,3.2291408,3.2600136,1.0,3,3,1.0,2,2,1.0
672003,test,a34_35,0.9015573,3.0886452,1.0,2,3,1.0,2,2,1.0
691175,test,a34_35,3.4641953,2.0974402,1.0,3,3,1.0,2,2,1.0
699031,test,a34_35,1.6927042,3.2485132,1.0,3,3,1.0,6,6,1.0
722178,test,a34_35,0.8859769,0.90117526,1.0,2,2,1.0,2,2,1.0
771003,test,a34_35,3.2192092,3.0115244,1.0,3,3,1.0,4,2,1.0
775005,test,a34_35,3.5647266,3.5560908,1.0,3,3,1.0,6,2,1.0
796006,test,a34_35,3.7013974,2.8919485,1.0,3,3,1.0,6,6,1.0
844003,test,a34_35,3.0959158,3.629688,1.0,3,3,1.0,2,2,1.0
863006,test,a34_35,3.0740438,3.2548606,1.0,3,2,1.0,2,2,1.0
863173,test,a34_35,3.7064166,3.5450659,1.0,3,3,1.0,2,2,1.0
866172,test,a34_35,3.0089502,2.3603847,1.0,3,3,1.0,6,6,1.0
868005,test,a34_35,3.677322,3.578231,1.0,3,3,1.0,2,2,1.0
875030,test,a34_35,1.2583956,0.0,1.0,3,2,1.0,2,2,1.0
897006,test,a34_35,3.027783,2.946233,1.0,3,3,1.0,2,4,1.0
922171,test,a34_35,3.5577965,3.7955704,1.0,3,3,1.0,2,2,1.0
934030,test,a34_35,3.3745725,4.2341943,1.0,3,3,1.0,2,2,1.0
935005,test,a34_35,2.1129694,2.2448769,1.0,3,3,1.0,2,2,1.0
935176,test,a34_35,3.7514682,3.2378259,1.0,3,3,1.0,2,2,1.0
939030,test,a34_35,3.9145737,0.08555014,1.0,3,2,1.0,6,2,1.0
964003,test,a34_35,0.6737466,0.82413214,1.0,2,2,1.0,2,6,1.0
970004,test,a34_35,3.8019555,3.9748664,1.0,3,3,1.0,2,2,1.0
982004,test,a34_35,3.3319774,3.7351284,1.0,3,3,1.0,2,4,1.0
1033030,test,a34_35,3.3448462,3.3329153,1.0,3,3,1.0,2,2,1.0
1036003,test,a34_35,3.8814812,3.2967014,1.0,3,3,1.0,2,2,1.0
1048006,test,a34_35,2.7066464,0.0,1.0,3,2,1.0,2,2,1.0
1055172,test,a34_35,2.080721,3.521578,1.0,3,3,1.0,2,4,1.0
1060175,test,a34_35,3.3165126,3.1174548,1.0,3,3,1.0,2,2,1.0
1064171,test,a34_35,3.9061565,0.0,1.0,3,3,1.0,2,2,1.0
1072171,test,a34_35,3.7276044,3.370511,1.0,3,3,1.0,2,2,1.0
1084175,test,a34_35,1.9616904,0.0,1.0,3,2,1.0,2,2,1.0
1100172,test,a34_35,3.1683433,3.6426375,1.0,3,3,1.0,2,2,1.0
1141171,test,a34_35,2.4745996,1.1201222,1.0,3,2,1.0,2,4,1.0
1142030,test,a34_35,3.854163,3.153995,1.0,3,2,1.0,2,2,1.0
1144032,test,a34_35,3.7781646,3.9447289,1.0,3,3,1.0,2,2,1.0
1149171,test,a34_35,3.2628627,3.6550784,1.0,3,3,1.0,2,2,1.0
1162030,test,a34_35,3.0704217,3.4707472,1.0,3,3,1.0,2,4,1.0
1167030,test,a34_35,0.91133535,1.1457466,1.0,2,2,1.0,6,6,1.0
1168008,test,a34_35,2.2007616,3.1447468,1.0,3,3,1.0,4,3,1.0
1222179,test,a34_35,2.4015424,2.810277,1.0,3,3,1.0,2,2,1.0
1260008,test,a34_35,2.9326203,2.9488564,1.0,3,3,1.0,2,2,1.0
1269030,test,a34_35,3.2469442,4.2420487,1.0,3,3,1.0,2,4,1.0
1292030,test,a34_35,3.35838,3.1872697,1.0,3,3,1.0,4,3,1.0
1298005,test,a34_35,2.603557,3.1977408,1.0,3,3,1.0,2,2,1.0
1306030,test,a34_35,4.3425045,4.8005466,1.0,3,3,1.0,2,2,1.0
1335179,test,a34_35,2.855802,3.3347914,1.0,3,3,1.0,2,2,1.0
1353030,test,a34_35,1.3423083,0.0,1.0,3,2,1.0,2,2,1.0
1384030,test,a34_35,3.4904737,3.59953,1.0,3,3,1.0,2,2,1.0
1399008,test,a34_35,1.876406,2.624538,1.0,3,3,1.0,2,4,1.0
1415004,test,a34_35,2.4717293,2.663206,1.0,3,3,1.0,2,2,1.0
1430005,test,a34_35,2.1125572,2.0200462,1.0,3,3,1.0,6,6,1.0
1431003,test,a34_35,3.794623,3.7301474,1.0,3,3,1.0,2,2,1.0
1431004,test,a34_35,2.343259,0.0,1.0,3,2,1.0,2,2,1.0
1431172,test,a34_35,4.057286,4.886779,1.0,3,2,1.0,2,2,1.0
1462004,test,a34_35,2.419577,3.378522,1.0,3,3,1.0,2,2,1.0
1520173,test,a34_35,3.490857,3.9266827,1.0,3,3,1.0,2,2,1.0
1522175,test,a34_35,3.2007587,4.5377207,1.0,3,3,1.0,2,2,1.0
1542006,test,a34_35,3.2988026,3.5747643,1.0,3,3,1.0,4,2,1.0
1542177,test,a34_35,3.6964297,3.8778384,1.0,3,3,1.0,2,2,1.0
1567031,test,a34_35,3.6882358,3.6260033,1.0,3,3,1.0,6,6,1.0
1608031,test,a34_35,2.8461063,3.8359485,1.0,3,3,1.0,2,3,1.0
1612003,test,a34_35,3.882224,3.2975547,1.0,3,3,1.0,2,2,1.0
1621003,test,a34_35,1.7480795,3.2045677,1.0,3,3,1.0,2,2,1.0
1648003,test,a34_35,3.633761,3.0027869,1.0,3,3,1.0,2,2,1.0
1648030,test,a34_35,3.394166,2.0603547,1.0,3,3,1.0,6,6,1.0
1670172,test,a34_35,3.2597442,3.0779936,1.0,3,3,1.0,2,2,1.0
1684170,test,a34_35,0.74942195,0.0,1.0,2,3,1.0,2,2,1.0
1690030,test,a34_35,3.827797,4.0259957,1.0,3,3,1.0,2,4,1.0
1692176,test,a34_35,3.4385939,0.0,0.0,3,-1,0.0,2,-1,0.0
1695030,test,a34_35,3.1856854,3.2234797,1.0,3,3,1.0,6,2,1.0
1697036,test,a34_35,3.5467725,3.0575554,1.0,3,3,1.0,6,2,1.0
1698170,test,a34_35,2.4881113,2.4663796,1.0,3,3,1.0,2,2,1.0
1700031,test,a34_35,3.2608879,2.600042,1.0,3,2,1.0,2,4,1.0
1701003,test,a34_35,3.549065,3.7449346,1.0,3,3,1.0,6,6,1.0
1711003,test,a34_35,2.1868591,2.4021344,1.0,3,3,1.0,2,2,1.0
1711171,test,a34_35,3.5323772,0.0,0.0,3,-1,0.0,2,-1,0.0
1732005,test,a34_35,2.7013283,2.4728203,1.0,3,2,1.0,2,4,1.0
1762187,test,a34_35,1.9209751,0.0,1.0,3,2,1.0,2,2,1.0
1786187,test,a34_35,3.4283216,3.3312128,1.0,3,3,1.0,2,2,1.0
1837006,test,a34_35,3.6210423,3.3800976,1.0,3,3,1.0,2,2,1.0
1850172,test,a34_35,1.8714706,3.1974778,1.0,3,3,1.0,2,2,1.0
1878030,test,a34_35,3.0275328,3.8423843,1.0,3,3,1.0,2,4,1.0
1879030,test,a34_35,3.7771316,3.960946,1.0,3,3,1.0,2,4,1.0
1905004,test,a34_35,3.6715536,3.6536653,1.0,3,3,1.0,2,2,1.0
1919009,test,a34_35,3.182602,0.0,1.0,3,2,1.0,2,2,1.0
1935004,test,a34_35,2.9265623,2.810277,1.0,3,3,1.0,2,2,1.0
1936030,test,a34_35,1.9902391,0.0,1.0,3,2,1.0,2,2,1.0
1978171,test,a34_35,2.6922083,2.3303957,1.0,3,3,1.0,2,2,1.0
2030031,test,a34_35,3.0665123,3.929022,1.0,3,3,1.0,6,2,1.0
2117003,test,a34_35,2.84798,0.0,1.0,3,3,1.0,2,2,1.0
2150172,test,a34_35,1.8039001,1.9371668,1.0,3,3,1.0,2,2,1.0
2199182,test,a34_35,2.4943273,4.0530524,1.0,3,3,1.0,2,2,1.0
2206030,test,a34_35,3.6058078,3.4664924,1.0,3,3,1.0,4,2,1.0
2212031,test,a34_35,4.016909,4.7276397,1.0,3,3,1.0,2,2,1.0
2238004,test,a34_35,3.582435,3.4629118,1.0,3,3,1.0,2,2,1.0
2238172,test,a34_35,2.9794385,0.0,0.0,3,-1,0.0,2,-1,0.0
2252172,test,a34_35,3.3076549,2.8005908,1.0,3,3,1.0,2,2,1.0
2255030,test,a34_35,4.323349,4.8156514,1.0,3,3,1.0,2,2,1.0
2277008,test,a34_35,2.7789352,2.5626314,1.0,3,3,1.0,2,2,1.0
2311172,test,a34_35,1.8320887,1.5610666,1.0,3,2,1.0,2,2,1.0
2330003,test,a34_35,3.9733124,4.2113166,1.0,3,3,1.0,2,2,1.0
2338003,test,a34_35,3.6157165,4.046953,1.0,3,3,1.0,2,6,1.0
2341004,test,a34_35,2.658614,3.563381,1.0,3,2,1.0,2,4,1.0
2341005,test,a34_35,2.820837,0.0,1.0,3,3,1.0,2,2,1.0
2354004,test,a34_35,1.9479835,2.3899386,1.0,3,3,1.0,2,2,1.0
2392004,test,a34_35,2.3166761,2.9586284,1.0,3,3,1.0,2,2,1.0
2393005,test,a34_35,4.1268992,3.8332024,1.0,3,3,1.0,2,2,1.0
2393171,test,a34_35,2.9118106,3.5780287,1.0,3,3,1.0,2,2,1.0
2409006,test,a34_35,2.505697,2.7969706,1.0,3,3,1.0,2,2,1.0
2409171,test,a34_35,2.691017,2.0512705,1.0,3,2,1.0,2,2,1.0
2422178,test,a34_35,3.6603823,3.4795048,1.0,3,3,1.0,2,2,1.0
2459030,test,a34_35,3.1435583,3.9479196,1.0,3,3,1.0,2,4,1.0
2474030,test,a34_35,3.3710933,3.3850226,1.0,3,3,1.0,2,2,1.0
2474171,test,a34_35,2.6628108,1.4149004,1.0,3,3,1.0,2,2,1.0
2485173,test,a34_35,3.0939975,2.4313986,1.0,3,3,1.0,4,6,1.0
2496172,test,a34_35,2.0929153,3.916388,1.0,3,3,1.0,2,4,1.0
2502005,test,a34_35,3.1258688,3.1504118,1.0,3,3,1.0,2,2,1.0
2510171,test,a34_35,2.9761782,3.625488,1.0,3,3,1.0,2,2,1.0
2525174,test,a34_35,2.6758084,1.6816704,1.0,3,2,1.0,2,2,1.0
2530184,test,a34_35,2.7432528,2.9591303,1.0,3,2,1.0,2,2,1.0
2547171,test,a34_35,3.8607292,4.05604,1.0,3,3,1.0,2,2,1.0
2580030,test,a34_35,4.2428346,4.7499347,1.0,3,3,1.0,2,2,1.0
2593171,test,a34_35,3.5683312,4.30575,1.0,3,3,1.0,2,2,1.0
2615031,test,a34_35,3.5653553,3.5979483,1.0,3,3,1.0,2,2,1.0
2642030,test,a34_35,2.6628346,2.8383443,1.0,3,3,1.0,2,2,1.0
2655002,test,a34_35,1.0370817,0.0,1.0,2,2,1.0,2,2,1.0
2705031,test,a34_35,3.8673048,3.8038778,1.0,3,3,1.0,2,4,1.0
2707179,test,a34_35,3.353397,2.844158,1.0,3,3,1.0,2,2,1.0
2714031,test,a34_35,3.622063,3.611134,1.0,3,3,1.0,2,2,1.0
2717004,test,a34_35,3.7851324,3.3915641,1.0,3,3,1.0,2,2,1.0
2738171,test,a34_35,3.8952844,4.886779,1.0,3,3,1.0,2,2,1.0
2794003,test,a34_35,3.7514396,3.7379057,1.0,3,3,1.0,6,2,1.0
2845030,test,a34_35,2.6409817,3.4714644,1.0,3,2,1.0,6,2,1.0
2847030,test,a34_35,3.1363752,3.611134,1.0,3,3,1.0,4,6,1.0
2848174,test,a34_35,1.9381325,0.0,1.0,3,2,1.0,6,6,1.0
2852006,test,a34_35,0.9957794,2.784962,1.0,2,3,1.0,2,2,1.0
2852030,test,a34_35,3.5988622,2.1877906,1.0,3,3,1.0,2,2,1.0
2869170,test,a34_35,3.6208582,3.8547711,1.0,3,3,1.0,2,2,1.0
2897006,test,a34_35,3.233884,3.2996137,1.0,3,3,1.0,6,6,1.0
2900171,test,a34_35,3.824314,3.6154544,1.0,3,3,1.0,2,2,1.0
2907006,test,a34_35,2.8342035,2.5451865,1.0,3,3,1.0,2,2,1.0
2920030,test,a34_35,3.3116322,3.68331,1.0,3,2,1.0,6,3,1.0
3107001,test,a34_35,3.5041685,3.5433505,1.0,3,3,1.0,2,2,1.0
3137007,test,a34_35,2.3713048,2.4969764,1.0,3,3,1.0,6,6,1.0
3283002,test,a34_35,3.7894177,4.138284,1.0,3,2,1.0,2,6,1.0
3492001,test,a34_35,3.5023196,3.8507123,1.0,3,3,1.0,6,2,1.0
5016170,test,a34_35,3.0448463,2.4672387,1.0,3,3,1.0,4,4,1.0
5082003,test,a34_35,3.4665318,3.6362765,1.0,3,3,1.0,6,2,1.0
5145032,test,a34_35,3.378079,3.4762192,1.0,3,3,1.0,6,6,1.0
5163030,test,a34_35,3.0553212,2.9795868,1.0,3,3,1.0,2,3,1.0
5177171,test,a34_35,1.2927054,1.3270341,1.0,3,3,1.0,6,6,1.0
5199178,test,a34_35,3.081327,2.888504,1.0,3,3,1.0,2,2,1.0
5241030,test,a34_35,2.895372,3.3329153,1.0,3,3,1.0,6,6,1.0
5264004,test,a34_35,3.335325,3.36784,1.0,3,3,1.0,2,2,1.0
5294003,test,a34_35,3.4806247,3.537279,1.0,3,3,1.0,2,2,1.0
5299172,test,a34_35,3.1300898,2.8502738,1.0,3,3,1.0,2,2,1.0
5306002,test,a34_35,2.4726684,0.45013475,1.0,3,2,1.0,4,6,1.0
5350030,test,a34_35,2.7220948,3.0497952,1.0,3,3,1.0,4,6,1.0
5364006,test,a34_35,3.3846953,3.475767,1.0,3,3,1.0,6,6,1.0
5366033,test,a34_35,3.0579038,3.5589597,1.0,3,3,1.0,6,6,1.0
5406173,test,a34_35,3.0281997,3.3717976,1.0,3,3,1.0,2,4,1.0
5424030,test,a34_35,2.0046487,2.595237,1.0,3,3,1.0,6,6,1.0
5425003,test,a34_35,1.6496557,0.48401323,1.0,3,2,1.0,2,2,1.0
5430031,test,a34_35,1.6878352,0.0,1.0,3,3,1.0,6,6,1.0
5430171,test,a34_35,2.6644819,3.8255706,1.0,3,3,1.0,6,6,1.0
5443007,test,a34_35,1.9004536,2.4250603,1.0,3,3,1.0,2,2,1.0
5464032,test,a34_35,3.0168567,2.8707297,1.0,3,3,1.0,4,2,1.0
5488007,test,a34_35,2.7567298,2.7225564,1.0,3,3,1.0,2,2,1.0
5494005,test,a34_35,2.7023048,3.9408863,1.0,3,3,1.0,6,6,1.0
5513030,test,a34_35,3.072956,3.1696036,1.0,3,3,1.0,6,6,1.0
5549006,test,a34_35,2.6937575,2.8014016,1.0,3,2,1.0,2,3,1.0
5553173,test,a34_35,3.272791,3.9032092,1.0,3,3,1.0,2,2,1.0
5560186,test,a34_35,3.4647844,3.8197687,1.0,3,3,1.0,2,2,1.0
5569009,test,a34_35,2.837119,3.4386227,1.0,3,3,1.0,2,2,1.0
5570010,test,a34_35,3.2126393,3.9157524,1.0,3,3,1.0,4,4,1.0
5570012,test,a34_35,3.2262917,3.1862996,1.0,3,3,1.0,2,6,1.0
5570033,test,a34_35,3.3663201,3.249376,1.0,3,3,1.0,2,2,1.0
5576031,test,a34_35,2.7654903,3.0570593,1.0,3,3,1.0,4,2,1.0
5614005,test,a34_35,3.0493066,2.9017913,1.0,3,3,1.0,4,3,1.0
5615010,test,a34_35,3.168896,3.4926202,1.0,3,3,1.0,6,2,1.0
5615181,test,a34_35,3.3498683,2.9341648,1.0,3,3,1.0,2,2,1.0
5621170,test,a34_35,3.1209686,3.1195464,1.0,3,3,1.0,2,2,1.0
5626010,test,a34_35,3.0989819,2.9627197,1.0,3,2,1.0,2,2,1.0
5634188,test,a34_35,3.202301,3.9144979,1.0,3,3,1.0,2,5,1.0
5635031,test,a34_35,3.0153377,2.974314,1.0,3,3,1.0,2,2,1.0
5646006,test,a34_35,0.7718351,0.3688904,1.0,2,3,1.0,6,6,1.0
5660005,test,a34_35,3.1171536,3.0857325,1.0,3,3,1.0,4,2,1.0
5664003,test,a34_35,0.6561692,1.1182684,1.0,2,3,1.0,6,6,1.0
5676007,test,a34_35,3.013609,3.820191,1.0,3,3,1.0,2,4,1.0
5678030,test,a34_35,2.041298,2.51976,1.0,3,2,1.0,6,6,1.0
5684034,test,a34_35,3.7586658,3.496005,1.0,3,3,1.0,2,3,1.0
5784005,test,a34_35,0.7268554,0.0,1.0,2,2,1.0,6,6,1.0
5819005,test,a34_35,0.9140966,1.6023945,1.0,2,2,1.0,6,6,1.0
5821008,test,a34_35,3.1657498,2.913222,1.0,3,3,1.0,2,2,1.0
5863033,test,a34_35,0.75655985,1.6256766,1.0,2,2,1.0,6,6,1.0
5921003,test,a34_35,2.634303,3.6592255,1.0,3,3,1.0,6,6,1.0
5922010,test,a34_35,3.2693787,2.873433,1.0,3,3,1.0,6,6,1.0
5938031,test,a34_35,2.3889196,0.0,1.0,3,2,1.0,6,6,1.0
5960033,test,a34_35,2.6799817,2.8802483,1.0,3,3,1.0,6,3,1.0
5995005,test,a34_35,0.97182965,0.5575978,1.0,2,2,1.0,6,6,1.0
6028032,test,a34_35,2.4089277,2.7959223,1.0,3,3,1.0,6,6,1.0
6030005,test,a34_35,3.4860191,3.6211877,1.0,3,3,1.0,6,6,1.0
6030008,test,a34_35,3.3613656,3.714141,1.0,3,3,1.0,6,6,1.0
6093006,test,a34_35,0.5046164,2.4245872,1.0,2,3,1.0,6,6,1.0
6093011,test,a34_35,2.2394588,2.5032198,1.0,3,3,1.0,6,6,1.0
6114182,test,a34_35,2.949477,3.1132894,1.0,3,3,1.0,4,3,1.0
6120195,test,a34_35,1.2737736,0.83994776,1.0,2,2,1.0,2,2,1.0
6121030,test,a34_35,3.1498044,3.7940028,1.0,3,3,1.0,6,6,1.0
6179003,test,a34_35,3.4574723,3.4774165,1.0,3,3,1.0,2,2,1.0
6179170,test,a34_35,1.2413137,0.3768285,1.0,3,2,1.0,2,2,1.0
6191006,test,a34_35,2.9487057,3.5682108,1.0,3,3,1.0,4,2,1.0
6200175,test,a34_35,3.5453174,3.159689,1.0,3,2,1.0,2,2,1.0
6210007,test,a34_35,3.4952605,3.315958,1.0,3,3,1.0,6,2,1.0
6210008,test,a34_35,2.5208168,1.8576616,1.0,3,2,1.0,6,6,1.0
6350007,test,a34_35,2.7779574,2.6312733,1.0,3,3,1.0,6,6,1.0
6365010,test,a34_35,0.91492796,2.3485115,1.0,2,3,1.0,6,6,1.0
6365011,test,a34_35,2.3893156,1.4984527,1.0,3,2,1.0,2,2,1.0
6365177,test,a34_35,2.8221257,3.154596,1.0,3,3,1.0,2,2,1.0
6381008,test,a34_35,2.6268985,4.0242934,1.0,3,3,1.0,2,4,1.0
6444003,test,a34_35,2.582219,3.0920978,1.0,3,3,1.0,2,2,1.0
6475006,test,a34_35,0.5292281,0.88690853,1.0,2,2,1.0,6,6,1.0
6475007,test,a34_35,0.5331507,0.0,1.0,2,2,1.0,6,6,1.0
6509004,test,a34_35,2.970746,2.9017913,1.0,3,2,1.0,6,2,1.0
6545008,test,a34_35,3.6476095,3.81034,1.0,3,3,1.0,6,2,1.0
6571003,test,a34_35,2.9174228,3.97414,1.0,3,3,1.0,6,6,1.0
6635009,test,a34_35,0.5848067,0.0,1.0,2,2,1.0,6,4,1.0
6663030,test,a34_35,3.6180923,3.9220536,1.0,3,3,1.0,6,6,1.0
6674003,test,a34_35,3.5720687,3.3930228,1.0,3,3,1.0,2,2,1.0
6674005,test,a34_35,3.3613303,3.3309689,1.0,3,3,1.0,4,2,1.0
6736181,test,a34_35,2.751373,0.95784134,1.0,3,3,1.0,2,2,1.0
6740003,test,a34_35,2.7658508,2.6543815,1.0,3,3,1.0,2,2,1.0
6769008,test,a34_35,2.6040695,1.5597403,1.0,3,2,1.0,4,4,1.0
6779033,test,a34_35,0.90936744,0.0,1.0,2,2,1.0,6,6,1.0
6030,test,a36_37,3.5829358,3.74332,1.0,3,3,1.0,2,2,1.0
10030,test,a36_37,3.752182,4.447782,1.0,3,3,1.0,6,2,1.0
41008,test,a36_37,2.7272274,0.0,1.0,3,2,1.0,2,2,1.0
68003,test,a36_37,3.647078,4.3019257,1.0,3,3,1.0,2,2,1.0
127030,test,a36_37,3.5681171,1.1681,1.0,3,2,1.0,6,2,1.0
127031,test,a36_37,3.7169158,3.8766596,1.0,3,3,1.0,2,2,1.0
129031,test,a36_37,0.9844667,0.0,1.0,2,2,1.0,6,2,1.0
129196,test,a36_37,3.1847472,2.9811652,1.0,3,3,1.0,2,2,1.0
165030,test,a36_37,3.5464513,3.8713226,1.0,3,3,1.0,6,2,1.0
284004,test,a36_37,4.177365,4.153324,1.0,3,3,1.0,2,2,1.0
301032,test,a36_37,4.1437654,4.375446,1.0,3,3,1.0,2,6,1.0
327003,test,a36_37,3.0128965,3.8161197,1.0,3,3,1.0,2,2,1.0
327171,test,a36_37,3.1821775,0.0,1.0,3,2,1.0,2,2,1.0
327172,test,a36_37,2.7340965,3.3073823,1.0,3,3,1.0,2,2,1.0
331005,test,a36_37,3.9633698,4.384486,1.0,3,3,1.0,2,2,1.0
344178,test,a36_37,2.7894454,3.283957,1.0,3,3,1.0,2,2,1.0
461030,test,a36_37,3.8759277,3.416885,1.0,3,3,1.0,2,2,1.0
486004,test,a36_37,3.6808543,3.7570312,1.0,3,3,1.0,2,2,1.0
563183,test,a36_37,0.9961717,3.9435904,1.0,2,3,1.0,2,2,1.0
577004,test,a36_37,2.7146533,3.4728677,1.0,3,3,1.0,2,2,1.0
607030,test,a36_37,3.8610172,3.736019,1.0,3,3,1.0,2,2,1.0
613173,test,a36_37,3.119928,4.599529,1.0,3,3,1.0,2,2,1.0
634008,test,a36_37,3.553875,3.2418456,1.0,3,3,1.0,2,6,1.0
652005,test,a36_37,3.2823725,3.4032557,1.0,3,3,1.0,2,2,1.0
672003,test,a36_37,1.126326,3.3391197,1.0,3,3,1.0,2,4,1.0
691175,test,a36_37,3.5264792,2.3309872,1.0,3,3,1.0,2,2,1.0
699031,test,a36_37,1.7423078,3.3599384,1.0,3,3,1.0,6,6,1.0
722178,test,a36_37,1.0815624,0.0,1.0,2,2,1.0,2,2,1.0
771003,test,a36_37,3.188884,2.9920292,1.0,3,3,1.0,4,2,1.0
775005,test,a36_37,3.590248,3.612571,1.0,3,3,1.0,6,2,1.0
796006,test,a36_37,3.723012,3.5002303,1.0,3,3,1.0,2,6,1.0
844003,test,a36_37,3.2375813,3.4309494,1.0,3,3,1.0,2,2,1.0
863006,test,a36_37,3.0931933,3.216545,1.0,3,3,1.0,2,2,1.0
863173,test,a36_37,3.7392817,3.6074202,1.0,3,3,1.0,2,2,1.0
866172,test,a36_37,3.031787,2.7199008,1.0,3,3,1.0,6,2,1.0
868005,test,a36_37,3.6783752,3.7930343,1.0,3,3,1.0,2,2,1.0
875030,test,a36_37,1.5670745,0.0,1.0,3,2,1.0,2,2,1.0
897006,test,a36_37,3.0939126,2.712402,1.0,3,2,1.0,2,4,1.0
922171,test,a36_37,3.6053643,4.013992,1.0,3,3,1.0,2,2,1.0
934030,test,a36_37,3.430234,4.2906785,1.0,3,3,1.0,2,2,1.0
935005,test,a36_37,2.2945514,1.9161729,1.0,3,3,1.0,2,2,1.0
935176,test,a36_37,3.7876782,3.945999,1.0,3,3,1.0,2,2,1.0
939030,test,a36_37,3.8515859,0.0,1.0,3,2,1.0,2,2,1.0
964003,test,a36_37,0.95894945,3.0027869,1.0,2,3,1.0,2,6,1.0
970004,test,a36_37,3.8360472,3.9361787,1.0,3,3,1.0,2,2,1.0
982004,test,a36_37,3.3711097,3.7953534,1.0,3,3,1.0,2,4,1.0
1033030,test,a36_37,3.3418114,4.0324144,1.0,3,3,1.0,2,4,1.0
1036003,test,a36_37,3.9109864,2.5812607,1.0,3,3,1.0,2,2,1.0
1048006,test,a36_37,2.739145,0.3958271,1.0,3,3,1.0,2,2,1.0
1055172,test,a36_37,2.1535285,3.6951494,1.0,3,3,1.0,2,2,1.0
1060175,test,a36_37,3.3672128,2.6840017,1.0,3,3,1.0,2,2,1.0
1064171,test,a36_37,3.9365091,4.499283,1.0,3,3,1.0,2,2,1.0
1072171,test,a36_37,3.7623544,3.753342,1.0,3,3,1.0,2,2,1.0
1084175,test,a36_37,2.093659,1.176917,1.0,3,2,1.0,2,2,1.0
1100172,test,a36_37,3.2057145,3.616172,1.0,3,3,1.0,2,2,1.0
1141171,test,a36_37,2.497738,0.0,0.0,3,-1,0.0,2,-1,0.0
1142030,test,a36_37,3.9008117,2.9372149,1.0,3,3,1.0,2,2,1.0
1144032,test,a36_37,3.7616792,3.9697835,1.0,3,3,1.0,2,2,1.0
1149171,test,a36_37,3.3216412,3.6696174,1.0,3,3,1.0,2,2,1.0
1162030,test,a36_37,3.0890367,3.5584557,1.0,3,3,1.0,2,4,1.0
1167030,test,a36_37,1.1157775,0.0,1.0,2,2,1.0,6,6,1.0
1168008,test,a36_37,2.3952723,3.2307491,1.0,3,3,1.0,4,3,1.0
1222179,test,a36_37,2.4451349,2.6426997,1.0,3,3,1.0,2,2,1.0
1260008,test,a36_37,2.946864,2.9115193,1.0,3,3,1.0,2,2,1.0
1269030,test,a36_37,3.2860222,4.35901,1.0,3,3,1.0,2,4,1.0
1292030,test,a36_37,3.3109322,3.3329153,1.0,3,2,1.0,4,4,1.0
1298005,test,a36_37,2.629963,3.0895898,1.0,3,3,1.0,2,2,1.0
1306030,test,a36_37,4.363834,4.886779,1.0,3,3,1.0,2,2,1.0
1335179,test,a36_37,2.897797,3.2806733,1.0,3,3,1.0,2,2,1.0
1353030,test,a36_37,1.6145661,0.0,1.0,3,2,1.0,2,2,1.0
1384030,test,a36_37,3.454718,3.7110548,1.0,3,3,1.0,2,2,1.0
1399008,test,a36_37,1.9831612,4.0375032,1.0,3,3,1.0,2,4,1.0
1415004,test,a36_37,2.531955,2.5033958,1.0,3,3,1.0,2,2,1.0
1430005,test,a36_37,2.2340899,0.0,1.0,3,3,1.0,6,6,1.0
1431003,test,a36_37,3.82892,3.7768457,1.0,3,3,1.0,2,2,1.0
1431004,test,a36_37,2.4500747,0.0,1.0,3,2,1.0,2,2,1.0
1431172,test,a36_37,4.0851984,4.85698,1.0,3,3,1.0,2,2,1.0
1462004,test,a36_37,2.465584,3.0797172,1.0,3,2,1.0,2,2,1.0
1520173,test,a36_37,3.4639814,3.835209,1.0,3,3,1.0,2,2,1.0
1522175,test,a36_37,3.192782,4.5301976,1.0,3,3,1.0,2,2,1.0
1542006,test,a36_37,3.2457657,4.8355174,1.0,3,3,1.0,4,2,1.0
1542177,test,a36_37,3.705959,4.1511307,1.0,3,3,1.0,2,2,1.0
1567031,test,a36_37,3.6851501,3.547917,1.0,3,3,1.0,2,6,1.0
1608031,test,a36_37,2.8643777,3.8730197,1.0,3,3,1.0,2,4,1.0
1612003,test,a36_37,3.9238029,3.6263752,1.0,3,3,1.0,2,2,1.0
1621003,test,a36_37,1.931501,3.2996137,1.0,3,3,1.0,2,2,1.0
1648003,test,a36_37,3.6713748,2.9653394,1.0,3,3,1.0,2,2,1.0
1648030,test,a36_37,3.4095962,0.0453653,1.0,3,2,1.0,6,6,1.0
1670172,test,a36_37,3.2885509,2.8368268,1.0,3,3,1.0,2,2,1.0
1684170,test,a36_37,0.9665476,0.0,0.0,2,-1,0.0,2,-1,0.0
1690030,test,a36_37,3.863442,4.1288514,1.0,3,3,1.0,2,4,1.0
1692176,test,a36_37,3.3857028,0.0,0.0,3,-1,0.0,2,-1,0.0
1695030,test,a36_37,3.126925,3.1334782,1.0,3,3,1.0,6,2,1.0
1697036,test,a36_37,3.517032,3.9229333,1.0,3,3,1.0,2,2,1.0
1698170,test,a36_37,2.5079114,3.5876048,1.0,3,3,1.0,2,2,1.0
1700031,test,a36_37,3.3017476,3.2409673,1.0,3,3,1.0,2,4,1.0
1701003,test,a36_37,3.4625885,3.916388,1.0,3,3,1.0,6,6,1.0
1711003,test,a36_37,2.3170333,0.0,1.0,3,3,1.0,2,2,1.0
1711171,test,a36_37,3.5783627,3.416885,1.0,3,3,1.0,2,2,1.0
1732005,test,a36_37,2.682097,3.1862996,1.0,3,3,1.0,2,4,1.0
1762187,test,a36_37,1.9945596,0.0,1.0,3,2,1.0,2,2,1.0
1786187,test,a36_37,3.4793959,0.0,0.0,3,-1,0.0,2,-1,0.0
1837006,test,a36_37,3.6252627,2.8220248,1.0,3,3,1.0,2,2,1.0
1850172,test,a36_37,1.9765624,3.216545,1.0,3,3,1.0,2,2,1.0
1878030,test,a36_37,3.019796,3.456708,1.0,3,3,1.0,2,4,1.0
1879030,test,a36_37,3.813729,4.019886,1.0,3,3,1.0,2,3,1.0
1905004,test,a36_37,3.7081869,3.9048967,1.0,3,3,1.0,2,2,1.0
1919009,test,a36_37,3.179271,0.0,1.0,3,3,1.0,2,2,1.0
1935004,test,a36_37,2.940954,2.7594547,1.0,3,2,1.0,2,2,1.0
1936030,test,a36_37,2.1253557,0.26956925,1.0,3,3,1.0,2,2,1.0
1978171,test,a36_37,2.7428286,3.1327703,1.0,3,3,1.0,2,2,1.0
2030031,test,a36_37,3.123216,3.7052534,1.0,3,3,1.0,6,2,1.0
2117003,test,a36_37,2.871863,2.7586699,1.0,3,3,1.0,2,2,1.0
2150172,test,a36_37,1.9236554,1.9554864,1.0,3,3,1.0,2,2,1.0
2199182,test,a36_37,2.508069,3.717534,1.0,3,3,1.0,2,2,1.0
2206030,test,a36_37,3.5799487,3.1858559,1.0,3,3,1.0,2,2,1.0
2212031,test,a36_37,3.9717155,4.677089,1.0,3,3,1.0,2,2,1.0
2238004,test,a36_37,3.6213622,1.8278397,1.0,3,3,1.0,2,4,1.0
2238172,test,a36_37,2.9933014,3.489942,1.0,3,3,1.0,2,2,1.0
2252172,test,a36_37,3.357021,3.048963,1.0,3,3,1.0,2,2,1.0
2255030,test,a36_37,4.3314495,4.375135,1.0,3,3,1.0,2,2,1.0
2277008,test,a36_37,2.801793,2.6412227,1.0,3,3,1.0,2,2,1.0
2311172,test,a36_37,1.9601493,1.7356842,1.0,3,3,1.0,2,2,1.0
2330003,test,a36_37,3.9889836,4.0433564,1.0,3,3,1.0,2,2,1.0
2338003,test,a36_37,3.6214888,4.4704823,1.0,3,3,1.0,2,6,1.0
2341004,test,a36_37,2.7572117,3.4036195,1.0,3,2,1.0,2,4,1.0
2341005,test,a36_37,2.8692024,0.0,1.0,3,3,1.0,2,2,1.0
2354004,test,a36_37,2.0649421,2.4975948,1.0,3,3,1.0,2,2,1.0
2392004,test,a36_37,2.376236,2.7225564,1.0,3,3,1.0,2,2,1.0
2393005,test,a36_37,4.1250196,3.951662,1.0,3,3,1.0,2,2,1.0
2393171,test,a36_37,2.9527524,4.04496,1.0,3,3,1.0,2,2,1.0
2409006,test,a36_37,2.6461186,2.6774976,1.0,3,3,1.0,2,2,1.0
2409171,test,a36_37,2.718651,2.409316,1.0,3,3,1.0,2,2,1.0
2422178,test,a36_37,3.6369812,3.249376,1.0,3,3,1.0,2,2,1.0
2459030,test,a36_37,3.1440747,3.8719819,1.0,3,3,1.0,2,4,1.0
2474030,test,a36_37,3.3710253,3.8730197,1.0,3,3,1.0,2,2,1.0
2474171,test,a36_37,2.697941,1.1140053,1.0,3,2,1.0,2,2,1.0
2485173,test,a36_37,3.079521,2.508309,1.0,3,3,1.0,4,4,1.0
2496172,test,a36_37,2.2254605,4.096741,1.0,3,3,1.0,2,4,1.0
2502005,test,a36_37,3.1763914,3.166873,1.0,3,3,1.0,2,2,1.0
2510171,test,a36_37,2.9819834,3.910636,1.0,3,3,1.0,2,2,1.0
2525174,test,a36_37,2.6886632,2.2554643,1.0,3,3,1.0,2,2,1.0
2530184,test,a36_37,2.809938,2.9075313,1.0,3,3,1.0,2,2,1.0
2547171,test,a36_37,3.8706906,4.1239767,1.0,3,3,1.0,2,2,1.0
2580030,test,a36_37,4.262106,4.800682,1.0,3,3,1.0,2,2,1.0
2593171,test,a36_37,3.6082714,4.3840117,1.0,3,3,1.0,2,4,1.0
2615031,test,a36_37,3.5147233,3.145773,1.0,3,3,1.0,2,2,1.0
2642030,test,a36_37,2.6895761,3.1858559,1.0,3,3,1.0,2,2,1.0
2655002,test,a36_37,1.3030354,0.0,1.0,3,2,1.0,2,2,1.0
2705031,test,a36_37,3.8473299,3.901413,1.0,3,3,1.0,2,4,1.0
2707179,test,a36_37,3.4067435,2.9886043,1.0,3,3,1.0,2,2,1.0
2714031,test,a36_37,3.5931528,3.843872,1.0,3,3,1.0,2,2,1.0
2717004,test,a36_37,3.8268266,3.737305,1.0,3,3,1.0,2,2,1.0
2738171,test,a36_37,3.9308019,4.886779,1.0,3,3,1.0,2,2,1.0
2794003,test,a36_37,3.7781794,3.5598774,1.0,3,3,1.0,2,2,1.0
2845030,test,a36_37,2.5835285,2.2176964,1.0,3,2,1.0,6,2,1.0
2847030,test,a36_37,3.1540308,3.5965803,1.0,3,2,1.0,4,6,1.0
2848174,test,a36_37,2.0442185,0.0,1.0,3,2,1.0,6,6,1.0
2852006,test,a36_37,1.2740465,2.711484,1.0,3,3,1.0,2,2,1.0
2852030,test,a36_37,3.5712214,2.4002507,1.0,3,3,1.0,2,2,1.0
2869170,test,a36_37,3.662156,3.9665751,1.0,3,3,1.0,2,2,1.0
2897006,test,a36_37,3.2715974,3.8678546,1.0,3,3,1.0,6,6,1.0
2900171,test,a36_37,3.8594913,0.0,1.0,3,3,1.0,2,2,1.0
2907006,test,a36_37,2.8711214,2.5724497,1.0,3,3,1.0,2,2,1.0
2920030,test,a36_37,3.3641791,3.8583722,1.0,3,3,1.0,6,4,1.0
3107001,test,a36_37,3.4708624,3.456255,1.0,3,3,1.0,2,2,1.0
3137007,test,a36_37,2.3920426,2.624188,1.0,3,3,1.0,6,6,1.0
3283002,test,a36_37,3.8253257,3.1844463,1.0,3,3,1.0,2,6,1.0
3492001,test,a36_37,3.5176606,3.896652,1.0,3,3,1.0,6,2,1.0
5016170,test,a36_37,3.0893025,2.5121129,1.0,3,3,1.0,2,4,1.0
5082003,test,a36_37,3.4480479,3.835146,1.0,3,3,1.0,6,3,1.0
5145032,test,a36_37,3.3574815,3.5205016,1.0,3,3,1.0,6,6,1.0
5163030,test,a36_37,3.033698,3.3018157,1.0,3,3,1.0,2,3,1.0
5177171,test,a36_37,1.3677311,0.8605063,1.0,3,3,1.0,6,6,1.0
5199178,test,a36_37,3.1157494,2.9653394,1.0,3,3,1.0,2,2,1.0
5241030,test,a36_37,2.9559216,3.3667955,1.0,3,3,1.0,6,6,1.0
5264004,test,a36_37,3.3765535,3.4554605,1.0,3,3,1.0,2,2,1.0
5294003,test,a36_37,3.4900327,3.5366516,1.0,3,3,1.0,2,2,1.0
5299172,test,a36_37,3.1598296,1.9603477,1.0,3,3,1.0,2,2,1.0
5306002,test,a36_37,2.565602,0.4569097,1.0,3,2,1.0,4,6,1.0
5350030,test,a36_37,2.6789932,2.4829748,1.0,3,3,1.0,4,6,1.0
5364006,test,a36_37,3.3631535,3.489942,1.0,3,3,1.0,6,6,1.0
5366033,test,a36_37,3.0490003,3.6431746,1.0,3,3,1.0,6,6,1.0
5406173,test,a36_37,3.0698733,3.549721,1.0,3,3,1.0,2,4,1.0
5424030,test,a36_37,2.0839317,3.3871381,1.0,3,3,1.0,6,6,1.0
5425003,test,a36_37,1.7312193,2.222384,1.0,3,3,1.0,2,2,1.0
5430031,test,a36_37,1.7380066,0.7351825,1.0,3,3,1.0,6,6,1.0
5430171,test,a36_37,2.7005463,3.9490166,1.0,3,3,1.0,6,6,1.0
5443007,test,a36_37,2.0556955,2.7594547,1.0,3,3,1.0,2,2,1.0
5464032,test,a36_37,2.999949,2.973692,1.0,3,3,1.0,4,2,1.0
5488007,test,a36_37,2.8113806,2.6645033,1.0,3,3,1.0,2,2,1.0
5494005,test,a36_37,2.7728024,4.218239,1.0,3,3,1.0,6,6,1.0
5513030,test,a36_37,3.0654883,3.4137402,1.0,3,2,1.0,6,6,1.0
5549006,test,a36_37,2.7623549,2.9669845,1.0,3,3,1.0,2,4,1.0
5553173,test,a36_37,3.2917378,3.955009,1.0,3,3,1.0,2,2,1.0
5560186,test,a36_37,3.4719062,3.627258,1.0,3,3,1.0,2,2,1.0
5569009,test,a36_37,2.8686109,3.5573397,1.0,3,3,1.0,2,2,1.0
5570010,test,a36_37,3.2111235,3.6598773,1.0,3,3,1.0,2,4,1.0
5570012,test,a36_37,3.256206,2.9124293,1.0,3,3,1.0,2,6,1.0
5570033,test,a36_37,3.3702383,3.1070757,1.0,3,3,1.0,2,2,1.0
5576031,test,a36_37,2.7128615,3.0814157,1.0,3,3,1.0,4,3,1.0
5614005,test,a36_37,3.0377626,2.844158,1.0,3,3,1.0,4,3,1.0
5615010,test,a36_37,3.1896408,3.3217459,1.0,3,3,1.0,6,2,1.0
5615181,test,a36_37,3.3711364,3.5781584,1.0,3,3,1.0,2,2,1.0
5621170,test,a36_37,3.14927,0.0,1.0,3,3,1.0,2,2,1.0
5626010,test,a36_37,3.138627,0.0,0.0,3,-1,0.0,2,-1,0.0
5634188,test,a36_37,3.1985533,0.0,0.0,3,-1,0.0,2,-1,0.0
5635031,test,a36_37,2.9845927,2.9446492,1.0,3,3,1.0,2,2,1.0
5646006,test,a36_37,0.96259844,2.2722006,1.0,2,2,1.0,6,6,1.0
5660005,test,a36_37,3.1337643,2.2830377,1.0,3,3,1.0,2,2,1.0
5664003,test,a36_37,0.88440096,2.5692537,1.0,2,2,1.0,6,6,1.0
5676007,test,a36_37,3.041191,3.3618436,1.0,3,3,1.0,2,2,1.0
5678030,test,a36_37,2.1133952,0.0,1.0,3,2,1.0,6,6,1.0
5684034,test,a36_37,3.8017821,4.2188535,1.0,3,3,1.0,2,4,1.0
5784005,test,a36_37,0.91509247,0.0,1.0,2,2,1.0,6,6,1.0
5819005,test,a36_37,1.1451422,0.0,1.0,2,2,1.0,6,6,1.0
5821008,test,a36_37,3.2078514,2.9754534,1.0,3,3,1.0,2,2,1.0
5863033,test,a36_37,0.8460976,1.6931183,1.0,2,3,1.0,6,6,1.0
5921003,test,a36_37,2.6703403,2.588116,1.0,3,3,1.0,6,6,1.0
5922010,test,a36_37,3.2637172,2.8533432,1.0,3,3,1.0,6,6,1.0
5938031,test,a36_37,2.4424474,0.0,1.0,3,2,1.0,6,6,1.0
5960033,test,a36_37,2.6626256,3.0051901,1.0,3,3,1.0,6,6,1.0
5995005,test,a36_37,1.1831932,2.366327,1.0,2,2,1.0,6,6,1.0
6028032,test,a36_37,2.4616013,3.2584245,1.0,3,3,1.0,6,6,1.0
6030005,test,a36_37,3.486322,3.3861604,1.0,3,3,1.0,6,6,1.0
6030008,test,a36_37,3.3621225,3.5397089,1.0,3,3,1.0,6,6,1.0
6093006,test,a36_37,0.71686924,2.0376515,1.0,2,3,1.0,6,6,1.0
6093011,test,a36_37,2.3481257,2.5042346,1.0,3,3,1.0,6,6,1.0
6114182,test,a36_37,2.9446473,0.0,0.0,3,-1,0.0,4,-1,0.0
6120195,test,a36_37,1.3204778,0.0,1.0,2,2,1.0,2,2,1.0
6121030,test,a36_37,3.1452613,3.6931586,1.0,3,3,1.0,6,6,1.0
6179003,test,a36_37,3.473112,3.3203936,1.0,3,3,1.0,2,2,1.0
6179170,test,a36_37,1.3549776,0.0,1.0,3,2,1.0,2,2,1.0
6191006,test,a36_37,2.9374354,3.7471669,1.0,3,3,1.0,4,2,1.0
6200175,test,a36_37,3.5637913,3.1231244,1.0,3,3,1.0,2,2,1.0
6210007,test,a36_37,3.518828,3.5546792,1.0,3,3,1.0,6,2,1.0
6210008,test,a36_37,2.653859,0.69897085,1.0,3,2,1.0,6,2,1.0
6350007,test,a36_37,2.8359225,1.7350653,1.0,3,3,1.0,6,2,1.0
6365010,test,a36_37,1.1128777,2.727774,1.0,2,3,1.0,6,6,1.0
6365011,test,a36_37,2.4335098,2.0153425,1.0,3,3,1.0,2,2,1.0
6365177,test,a36_37,2.8498979,0.0,0.0,3,3,1.0,2,2,1.0
6381008,test,a36_37,2.6983612,4.1826577,1.0,3,3,1.0,2,4,1.0
6444003,test,a36_37,2.6269655,2.9450343,1.0,3,3,1.0,2,2,1.0
6475006,test,a36_37,0.74031484,0.65802634,1.0,2,3,1.0,6,6,1.0
6475007,test,a36_37,0.73916554,1.4497495,1.0,2,3,1.0,6,6,1.0
6509004,test,a36_37,2.9428396,3.0907397,1.0,3,3,1.0,6,2,1.0
6545008,test,a36_37,3.6378493,3.8915806,1.0,3,3,1.0,6,2,1.0
6571003,test,a36_37,2.9204962,3.935453,1.0,3,3,1.0,6,6,1.0
6635009,test,a36_37,0.8000622,0.0,1.0,2,2,1.0,6,4,1.0
6663030,test,a36_37,3.5965614,4.1571207,1.0,3,3,1.0,6,6,1.0
6674003,test,a36_37,3.5624943,4.7621493,1.0,3,3,1.0,2,3,1.0
6674005,test,a36_37,3.383267,3.4580462,1.0,3,2,1.0,4,3,1.0
6736181,test,a36_37,2.7716758,2.5787773,1.0,3,3,1.0,2,2,1.0
6740003,test,a36_37,2.8200753,2.816746,1.0,3,3,1.0,2,2,1.0
6769008,test,a36_37,2.652022,2.4743154,1.0,3,3,1.0,4,2,1.0
6779033,test,a36_37,1.0049591,0.0,1.0,2,2,1.0,6,6,1.0
6030,test,a38_39,3.5839038,3.749288,1.0,3,3,1.0,2,2,1.0
10030,test,a38_39,3.6779225,4.5234475,1.0,3,3,1.0,6,2,1.0
41008,test,a38_39,2.7144935,0.0,1.0,3,2,1.0,2,3,1.0
68003,test,a38_39,3.66591,4.141229,1.0,3,3,1.0,2,2,1.0
127030,test,a38_39,3.4737508,1.6800723,1.0,3,2,1.0,6,2,1.0
127031,test,a38_39,3.6191247,1.3273802,1.0,3,3,1.0,2,3,1.0
129031,test,a38_39,1.0876112,2.4149668,1.0,2,2,1.0,6,3,1.0
129196,test,a38_39,3.2365105,0.6038552,1.0,3,2,1.0,2,2,1.0
165030,test,a38_39,3.4589682,3.7935455,1.0,3,3,1.0,2,2,1.0
284004,test,a38_39,4.201943,4.218239,1.0,3,3,1.0,2,2,1.0
301032,test,a38_39,4.1139126,4.051456,1.0,3,3,1.0,2,6,1.0
327003,test,a38_39,3.0117178,3.8576567,1.0,3,3,1.0,2,2,1.0
327171,test,a38_39,3.1623802,1.2899189,1.0,3,3,1.0,2,2,1.0
327172,test,a38_39,2.7927947,3.6687279,1.0,3,3,1.0,2,2,1.0
331005,test,a38_39,3.8412933,4.2639766,1.0,3,3,1.0,2,2,1.0
344178,test,a38_39,2.8051221,3.3562138,1.0,3,3,1.0,2,2,1.0
461030,test,a38_39,3.9007864,3.2707531,1.0,3,3,1.0,2,2,1.0
486004,test,a38_39,3.7135139,4.1858344,1.0,3,3,1.0,2,2,1.0
563183,test,a38_39,1.1266358,4.886779,1.0,3,3,1.0,2,2,1.0
577004,test,a38_39,2.7359936,2.6426997,1.0,3,3,1.0,2,2,1.0
607030,test,a38_39,3.8879595,4.340779,1.0,3,3,1.0,2,4,1.0
613173,test,a38_39,3.1134272,4.6204996,1.0,3,3,1.0,2,2,1.0
634008,test,a38_39,3.469977,3.0124674,1.0,3,3,1.0,2,6,1.0
652005,test,a38_39,3.3204489,3.381554,1.0,3,3,1.0,2,2,1.0
672003,test,a38_39,1.2605561,3.7277038,1.0,3,3,1.0,2,4,1.0
691175,test,a38_39,3.5472472,3.1858559,1.0,3,3,1.0,2,2,1.0
699031,test,a38_39,1.7463589,3.5333405,1.0,3,3,1.0,6,6,1.0
722178,test,a38_39,1.2429683,0.0,1.0,2,2,1.0,2,2,1.0
771003,test,a38_39,3.1351418,3.4782934,1.0,3,3,1.0,2,2,1.0
775005,test,a38_39,3.560152,0.0,1.0,3,2,1.0,2,2,1.0
796006,test,a38_39,3.6989713,2.893335,1.0,3,3,1.0,2,6,1.0
844003,test,a38_39,3.328425,3.416885,1.0,3,3,1.0,2,2,1.0
863006,test,a38_39,3.0837357,0.0,1.0,3,2,1.0,2,2,1.0
863173,test,a38_39,3.7815945,3.672806,1.0,3,3,1.0,2,2,1.0
866172,test,a38_39,3.0051756,2.6793635,1.0,3,3,1.0,6,2,1.0
868005,test,a38_39,3.7093117,3.7266295,1.0,3,3,1.0,2,2,1.0
875030,test,a38_39,1.7055908,0.0,1.0,3,2,1.0,2,2,1.0
897006,test,a38_39,3.137666,2.9308307,1.0,3,3,1.0,2,4,1.0
922171,test,a38_39,3.6625009,4.109105,1.0,3,3,1.0,2,2,1.0
934030,test,a38_39,3.4327178,4.3578134,1.0,3,3,1.0,2,2,1.0
935005,test,a38_39,2.3674974,2.1372967,1.0,3,3,1.0,2,2,1.0
935176,test,a38_39,3.8247037,3.2996137,1.0,3,3,1.0,2,2,1.0
939030,test,a38_39,3.765942,0.0,1.0,3,2,1.0,2,2,1.0
964003,test,a38_39,1.135841,3.2050848,1.0,2,3,1.0,2,6,1.0
970004,test,a38_39,3.8642027,2.0805924,1.0,3,3,1.0,2,2,1.0
982004,test,a38_39,3.4041429,3.4262018,1.0,3,3,1.0,2,2,1.0
1033030,test,a38_39,3.382065,3.8766596,1.0,3,3,1.0,2,2,1.0
1036003,test,a38_39,3.9004862,3.149699,1.0,3,3,1.0,2,2,1.0
1048006,test,a38_39,2.7346525,2.4126072,1.0,3,3,1.0,2,2,1.0
1055172,test,a38_39,2.1800585,3.7397017,1.0,3,3,1.0,2,2,1.0
1060175,test,a38_39,3.394363,2.8523908,1.0,3,3,1.0,2,2,1.0
1064171,test,a38_39,3.9620018,4.4858203,1.0,3,3,1.0,2,2,1.0
1072171,test,a38_39,3.7895153,2.8985991,1.0,3,3,1.0,2,2,1.0
1084175,test,a38_39,2.162372,1.3963474,1.0,3,2,1.0,2,2,1.0
1100172,test,a38_39,3.2404697,3.8317928,1.0,3,3,1.0,2,2,1.0
1141171,test,a38_39,2.5152066,0.752443,1.0,3,3,1.0,2,2,1.0
1142030,test,a38_39,3.933075,3.3023171,1.0,3,3,1.0,2,2,1.0
1144032,test,a38_39,3.7842112,3.9551072,1.0,3,3,1.0,2,2,1.0
1149171,test,a38_39,3.3181574,2.588116,1.0,3,2,1.0,2,2,1.0
1162030,test,a38_39,3.1058872,3.4081893,1.0,3,3,1.0,2,2,1.0
1167030,test,a38_39,1.1924678,0.0,1.0,2,2,1.0,6,6,1.0
1168008,test,a38_39,2.4723766,3.1106615,1.0,3,3,1.0,4,3,1.0
1222179,test,a38_39,2.479316,2.342743,1.0,3,3,1.0,2,2,1.0
1260008,test,a38_39,2.9431543,2.241885,1.0,3,3,1.0,2,2,1.0
1269030,test,a38_39,3.2911477,3.9591064,1.0,3,3,1.0,2,4,1.0
1292030,test,a38_39,3.268313,2.9246223,1.0,3,2,1.0,4,4,1.0
1298005,test,a38_39,2.6306415,3.2996137,1.0,3,3,1.0,2,2,1.0
1306030,test,a38_39,4.394883,4.886779,1.0,3,3,1.0,2,2,1.0
1335179,test,a38_39,2.9497514,3.2282774,1.0,3,3,1.0,2,2,1.0
1353030,test,a38_39,1.8205751,0.0,1.0,3,2,1.0,2,2,1.0
1384030,test,a38_39,3.4389753,3.8597128,1.0,3,3,1.0,2,2,1.0
1399008,test,a38_39,2.0469708,3.9200065,1.0,3,3,1.0,2,4,1.0
1415004,test,a38_39,2.5571303,2.7496648,1.0,3,3,1.0,2,2,1.0
1430005,test,a38_39,2.2905123,0.0,1.0,3,3,1.0,6,6,1.0
1431003,test,a38_39,3.8670778,3.8332024,1.0,3,3,1.0,2,2,1.0
1431004,test,a38_39,2.5030854,1.9831173,1.0,3,3,1.0,2,2,1.0
1431172,test,a38_39,4.1045094,4.455336,1.0,3,3,1.0,2,2,1.0
1462004,test,a38_39,2.4522908,0.0,1.0,3,2,1.0,2,2,1.0
1520173,test,a38_39,3.4914908,3.9155073,1.0,3,3,1.0,2,2,1.0
1522175,test,a38_39,3.1743166,4.768415,1.0,3,3,1.0,2,2,1.0
1542006,test,a38_39,3.189055,4.418266,1.0,3,3,1.0,4,2,1.0
1542177,test,a38_39,3.7431452,4.1952477,1.0,3,3,1.0,2,2,1.0
1567031,test,a38_39,3.6212313,3.7168667,1.0,3,3,1.0,2,6,1.0
1608031,test,a38_39,2.9489727,0.0,0.0,3,-1,0.0,2,-1,0.0
1612003,test,a38_39,3.9622746,3.242958,1.0,3,3,1.0,2,4,1.0
1621003,test,a38_39,2.0667472,3.437568,1.0,3,3,1.0,2,2,1.0
1648003,test,a38_39,3.708643,2.8707297,1.0,3,3,1.0,2,2,1.0
1648030,test,a38_39,3.3756058,3.2510931,1.0,3,3,1.0,6,6,1.0
1670172,test,a38_39,3.3235965,3.1246448,1.0,3,3,1.0,2,2,1.0
1684170,test,a38_39,1.1167402,2.5787773,1.0,3,3,1.0,2,2,1.0
1690030,test,a38_39,3.8803587,3.6570308,1.0,3,3,1.0,2,2,1.0
1692176,test,a38_39,3.4159472,3.5729935,1.0,3,3,1.0,2,2,1.0
1695030,test,a38_39,3.055697,2.9226713,1.0,3,3,1.0,6,2,1.0
1697036,test,a38_39,3.455251,1.4840773,1.0,3,3,1.0,2,2,1.0
1698170,test,a38_39,2.5135555,0.00086969405,1.0,3,3,1.0,2,2,1.0
1700031,test,a38_39,3.3353872,3.282534,1.0,3,3,1.0,2,4,1.0
1701003,test,a38_39,3.380499,3.8529587,1.0,3,3,1.0,6,6,1.0
1711003,test,a38_39,2.357033,0.0,0.0,3,-1,0.0,2,-1,0.0
1711171,test,a38_39,3.6168227,3.6634784,1.0,3,3,1.0,2,2,1.0
1732005,test,a38_39,2.6332262,3.150554,1.0,3,3,1.0,2,4,1.0
1762187,test,a38_39,2.0641916,0.0,1.0,3,2,1.0,2,3,1.0
1786187,test,a38_39,3.5263085,3.3020296,1.0,3,3,1.0,2,2,1.0
1837006,test,a38_39,3.6532786,2.8639922,1.0,3,3,1.0,2,2,1.0
1850172,test,a38_39,2.0267951,3.312707,1.0,3,3,1.0,2,2,1.0
1878030,test,a38_39,3.020441,4.103497,1.0,3,2,1.0,2,4,1.0
1879030,test,a38_39,3.8306947,4.0583324,1.0,3,3,1.0,2,2,1.0
1905004,test,a38_39,3.7151973,4.316903,1.0,3,3,1.0,2,2,1.0
1919009,test,a38_39,3.1412687,1.6758715,1.0,3,3,1.0,2,2,1.0
1935004,test,a38_39,2.9262834,2.953849,1.0,3,3,1.0,2,2,1.0
1936030,test,a38_39,2.1912038,1.0134155,1.0,3,3,1.0,2,2,1.0
1978171,test,a38_39,2.806974,2.7871172,1.0,3,3,1.0,2,2,1.0
2030031,test,a38_39,3.1157296,3.1751428,1.0,3,3,1.0,6,2,1.0
2117003,test,a38_39,2.8717067,2.6426997,1.0,3,3,1.0,2,2,1.0
2150172,test,a38_39,1.987399,2.1172922,1.0,3,3,1.0,2,2,1.0
2199182,test,a38_39,2.6143875,3.7052534,1.0,3,2,1.0,2,2,1.0
2206030,test,a38_39,3.543748,1.7450649,1.0,3,3,1.0,2,2,1.0
2212031,test,a38_39,3.8974288,4.496284,1.0,3,3,1.0,2,2,1.0
2238004,test,a38_39,3.6655586,2.8751705,1.0,3,3,1.0,2,4,1.0
2238172,test,a38_39,2.9671247,3.9032092,1.0,3,3,1.0,2,2,1.0
2252172,test,a38_39,3.4125214,2.8751705,1.0,3,3,1.0,2,2,1.0
2255030,test,a38_39,4.3438787,4.374246,1.0,3,3,1.0,2,2,1.0
2277008,test,a38_39,2.794521,2.8474362,1.0,3,3,1.0,2,2,1.0
2311172,test,a38_39,2.021569,2.7029045,1.0,3,3,1.0,2,2,1.0
2330003,test,a38_39,3.96746,3.9039345,1.0,3,3,1.0,2,2,1.0
2338003,test,a38_39,3.5793123,4.347552,1.0,3,3,1.0,2,2,1.0
2341004,test,a38_39,2.8384778,3.5010288,1.0,3,3,1.0,2,4,1.0
2341005,test,a38_39,2.9374473,0.0,1.0,3,3,1.0,2,2,1.0
2354004,test,a38_39,2.1205056,2.3049343,1.0,3,3,1.0,2,2,1.0
2392004,test,a38_39,2.3852682,2.9341648,1.0,3,3,1.0,2,2,1.0
2393005,test,a38_39,4.0813565,3.507782,1.0,3,3,1.0,2,2,1.0
2393171,test,a38_39,3.0161395,4.208233,1.0,3,3,1.0,2,2,1.0
2409006,test,a38_39,2.738577,0.0,0.0,3,-1,0.0,2,-1,0.0
2409171,test,a38_39,2.740376,2.6426997,1.0,3,3,1.0,2,3,1.0
2422178,test,a38_39,3.6761467,3.3621042,1.0,3,3,1.0,2,2,1.0
2459030,test,a38_39,3.115495,3.924717,1.0,3,3,1.0,2,2,1.0
2474030,test,a38_39,3.4100676,4.0688195,1.0,3,3,1.0,2,2,1.0
2474171,test,a38_39,2.7559905,0.0,1.0,3,2,1.0,2,2,1.0
2485173,test,a38_39,3.073042,2.1378505,1.0,3,2,1.0,2,6,1.0
2496172,test,a38_39,2.3357644,3.3488646,1.0,3,3,1.0,2,2,1.0
2502005,test,a38_39,3.210193,3.390585,1.0,3,3,1.0,2,2,1.0
2510171,test,a38_39,2.98295,4.289796,1.0,3,3,1.0,2,2,1.0
2525174,test,a38_39,2.6881478,1.9848303,1.0,3,2,1.0,2,2,1.0
2530184,test,a38_39,2.861548,1.403595,1.0,3,2,1.0,2,2,1.0
2547171,test,a38_39,3.8974745,4.568962,1.0,3,3,1.0,2,2,1.0
2580030,test,a38_39,4.2958064,4.819106,1.0,3,3,1.0,2,2,1.0
2593171,test,a38_39,3.6548138,4.559393,1.0,3,3,1.0,2,4,1.0
2615031,test,a38_39,3.5446658,3.192419,1.0,3,3,1.0,2,2,1.0
2642030,test,a38_39,2.726223,3.8566759,1.0,3,3,1.0,2,4,1.0
2655002,test,a38_39,1.4671975,0.0,0.0,3,-1,0.0,2,-1,0.0
2705031,test,a38_39,3.8712668,4.0177207,1.0,3,3,1.0,2,4,1.0
2707179,test,a38_39,3.4404378,3.1407087,1.0,3,3,1.0,2,2,1.0
2714031,test,a38_39,3.621699,3.5910182,1.0,3,3,1.0,2,2,1.0
2717004,test,a38_39,3.8617587,3.7156205,1.0,3,3,1.0,2,2,1.0
2738171,test,a38_39,3.9725127,4.1992106,1.0,3,3,1.0,2,2,1.0
2794003,test,a38_39,3.7505836,3.6167965,1.0,3,3,1.0,2,2,1.0
2845030,test,a38_39,2.484597,3.32431,1.0,3,3,1.0,2,2,1.0
2847030,test,a38_39,3.1644626,3.4514334,1.0,3,3,1.0,4,4,1.0
2848174,test,a38_39,2.0943823,0.0,1.0,3,2,1.0,6,2,1.0
2852006,test,a38_39,1.4326783,2.8745651,1.0,3,2,1.0,2,2,1.0
2852030,test,a38_39,3.5849843,1.7578189,1.0,3,3,1.0,2,2,1.0
2869170,test,a38_39,3.6914988,4.296681,1.0,3,3,1.0,2,2,1.0
2897006,test,a38_39,3.2294207,2.8997164,1.0,3,3,1.0,2,2,1.0
2900171,test,a38_39,3.89423,3.857261,1.0,3,3,1.0,2,2,1.0
2907006,test,a38_39,2.9118378,2.8441474,1.0,3,3,1.0,2,2,1.0
2920030,test,a38_39,3.379753,3.5910182,1.0,3,2,1.0,6,4,1.0
3107001,test,a38_39,3.4950461,3.660574,1.0,3,3,1.0,2,2,1.0
3137007,test,a38_39,2.3907695,2.908521,1.0,3,3,1.0,6,6,1.0
3283002,test,a38_39,3.8144417,3.2907898,1.0,3,3,1.0,2,6,1.0
3492001,test,a38_39,3.4675388,0.3199841,1.0,3,2,1.0,6,2,1.0
5016170,test,a38_39,3.0890284,1.8830991,1.0,3,3,1.0,2,4,1.0
5082003,test,a38_39,3.397262,3.916388,1.0,3,3,1.0,6,4,1.0
5145032,test,a38_39,3.309758,0.0,1.0,3,2,1.0,6,6,1.0
5163030,test,a38_39,3.0780466,2.874842,1.0,3,3,1.0,2,4,1.0
5177171,test,a38_39,1.4446877,0.5026926,1.0,3,3,1.0,6,6,1.0
5199178,test,a38_39,3.1501799,3.016735,1.0,3,3,1.0,2,2,1.0
5241030,test,a38_39,2.9645498,3.3928792,1.0,3,3,1.0,6,6,1.0
5264004,test,a38_39,3.4180582,3.4920115,1.0,3,3,1.0,2,2,1.0
5294003,test,a38_39,3.5100074,3.5534267,1.0,3,3,1.0,2,2,1.0
5299172,test,a38_39,3.2125497,2.7591305,1.0,3,3,1.0,2,2,1.0
5306002,test,a38_39,2.6033387,0.5325506,1.0,3,2,1.0,4,6,1.0
5350030,test,a38_39,2.6779323,3.4463062,1.0,3,3,1.0,4,6,1.0
5364006,test,a38_39,3.2899444,3.6436281,1.0,3,2,1.0,6,6,1.0
5366033,test,a38_39,3.0312657,3.6539025,1.0,3,3,1.0,6,4,1.0
5406173,test,a38_39,3.1270757,3.4896688,1.0,3,3,1.0,2,4,1.0
5424030,test,a38_39,2.0252807,3.3914385,1.0,3,3,1.0,6,6,1.0
5425003,test,a38_39,1.8047373,2.986773,1.0,3,3,1.0,2,2,1.0
5430031,test,a38_39,1.7883129,0.0,1.0,3,2,1.0,6,6,1.0
5430171,test,a38_39,2.6297994,3.2527912,1.0,3,3,1.0,6,6,1.0
5443007,test,a38_39,2.1748207,0.0,1.0,3,2,1.0,2,2,1.0
5464032,test,a38_39,2.9535592,3.0959985,1.0,3,3,1.0,4,2,1.0
5488007,test,a38_39,2.8465722,2.388837,1.0,3,3,1.0,2,2,1.0
5494005,test,a38_39,2.7184162,2.6712263,1.0,3,3,1.0,6,6,1.0
5513030,test,a38_39,3.0345235,1.8739514,1.0,3,3,1.0,6,6,1.0
5549006,test,a38_39,2.804182,3.2625797,1.0,3,3,1.0,2,3,1.0
5553173,test,a38_39,3.320292,4.113696,1.0,3,3,1.0,2,2,1.0
5560186,test,a38_39,3.5177565,3.4533525,1.0,3,3,1.0,2,2,1.0
5569009,test,a38_39,2.903462,1.8774947,1.0,3,3,1.0,2,2,1.0
5570010,test,a38_39,3.2172217,3.7856972,1.0,3,3,1.0,2,4,1.0
5570012,test,a38_39,3.2778513,3.5299022,1.0,3,3,1.0,2,2,1.0
5570033,test,a38_39,3.4143226,3.4081893,1.0,3,3,1.0,2,2,1.0
5576031,test,a38_39,2.6946175,2.8607311,1.0,3,3,1.0,4,2,1.0
5614005,test,a38_39,2.9874737,3.0700378,1.0,3,3,1.0,4,4,1.0
5615010,test,a38_39,3.135903,3.3347914,1.0,3,3,1.0,6,2,1.0
5615181,test,a38_39,3.3969574,3.64069,1.0,3,3,1.0,2,2,1.0
5621170,test,a38_39,3.202905,2.8751972,1.0,3,3,1.0,2,2,1.0
5626010,test,a38_39,3.167897,3.6983402,1.0,3,3,1.0,2,4,1.0
5634188,test,a38_39,3.2379923,3.7130666,1.0,3,3,1.0,2,5,1.0
5635031,test,a38_39,3.0026433,3.0341442,1.0,3,3,1.0,2,2,1.0
5646006,test,a38_39,1.0761443,1.4691843,1.0,2,2,1.0,6,6,1.0
5660005,test,a38_39,3.1398613,3.3618436,1.0,3,3,1.0,2,2,1.0
5664003,test,a38_39,1.0238078,2.5328875,1.0,2,3,1.0,6,6,1.0
5676007,test,a38_39,3.0804265,3.2290735,1.0,3,3,1.0,2,2,1.0
5678030,test,a38_39,2.1429224,2.5460799,1.0,3,2,1.0,6,6,1.0
5684034,test,a38_39,3.8272429,4.285655,1.0,3,3,1.0,2,4,1.0
5784005,test,a38_39,1.044663,0.98314327,1.0,2,2,1.0,6,6,1.0
5819005,test,a38_39,1.2410253,0.0,1.0,2,2,1.0,6,6,1.0
5821008,test,a38_39,3.2282786,2.9653394,1.0,3,3,1.0,2,2,1.0
5863033,test,a38_39,0.96784127,2.2691305,1.0,2,3,1.0,6,6,1.0
5921003,test,a38_39,2.6878326,2.8987672,1.0,3,3,1.0,6,6,1.0
5922010,test,a38_39,3.2391477,3.0221944,1.0,3,3,1.0,6,6,1.0
5938031,test,a38_39,2.4557245,0.0,1.0,3,2,1.0,6,6,1.0
5960033,test,a38_39,2.6091354,2.9610908,1.0,3,3,1.0,6,6,1.0
5995005,test,a38_39,1.2969327,3.1931083,1.0,2,3,1.0,6,6,1.0
6028032,test,a38_39,2.4335885,3.2903967,1.0,3,3,1.0,6,6,1.0
6030005,test,a38_39,3.4630134,3.3618436,1.0,3,3,1.0,6,6,1.0
6030008,test,a38_39,3.3105664,3.4057453,1.0,3,3,1.0,6,6,1.0
6093006,test,a38_39,0.8539424,2.8947754,1.0,2,3,1.0,6,6,1.0
6093011,test,a38_39,2.2954726,2.4029288,1.0,3,3,1.0,6,6,1.0
6114182,test,a38_39,2.9273558,0.0,1.0,3,-1,0.0,4,4,1.0
6120195,test,a38_39,1.4136095,0.0,1.0,3,2,1.0,2,2,1.0
6121030,test,a38_39,3.1040566,3.990114,1.0,3,3,1.0,6,6,1.0
6179003,test,a38_39,3.4976196,3.4187503,1.0,3,3,1.0,2,2,1.0
6179170,test,a38_39,1.4830284,0.0,1.0,3,2,1.0,2,2,1.0
6191006,test,a38_39,2.9223487,3.497985,1.0,3,3,1.0,4,2,1.0
6200175,test,a38_39,3.5842452,0.0,0.0,3,-1,0.0,2,-1,0.0
6210007,test,a38_39,3.4977262,3.3717976,1.0,3,3,1.0,6,2,1.0
6210008,test,a38_39,2.6939006,2.1378505,1.0,3,2,1.0,6,2,1.0
6350007,test,a38_39,2.846824,3.0180361,1.0,3,3,1.0,6,2,1.0
6365010,test,a38_39,1.1889467,2.5992112,1.0,2,3,1.0,6,6,1.0
6365011,test,a38_39,2.451917,0.0,1.0,3,2,1.0,2,2,1.0
6365177,test,a38_39,2.8938086,3.1111588,1.0,3,3,1.0,2,2,1.0
6381008,test,a38_39,2.7875025,4.452307,1.0,3,2,1.0,2,4,1.0
6444003,test,a38_39,2.6772282,3.2238517,1.0,3,3,1.0,2,2,1.0
6475006,test,a38_39,0.8871721,1.6452125,1.0,2,3,1.0,6,6,1.0
6475007,test,a38_39,0.88346076,2.188878,1.0,2,3,1.0,6,6,1.0
6509004,test,a38_39,2.8619454,3.403105,1.0,3,3,1.0,6,2,1.0
6545008,test,a38_39,3.6066809,3.8777459,1.0,3,3,1.0,6,2,1.0
6571003,test,a38_39,2.8587217,3.6925054,1.0,3,3,1.0,6,6,1.0
6635009,test,a38_39,0.93650866,0.0,1.0,2,2,1.0,6,6,1.0
6663030,test,a38_39,3.5639849,3.9113111,1.0,3,3,1.0,6,6,1.0
6674003,test,a38_39,3.5500011,4.0220346,1.0,3,3,1.0,2,3,1.0
6674005,test,a38_39,3.3898513,0.0,1.0,3,2,1.0,4,4,1.0
6736181,test,a38_39,2.8190181,2.6061158,1.0,3,3,1.0,2,2,1.0
6740003,test,a38_39,2.845614,2.8639922,1.0,3,3,1.0,2,2,1.0
6769008,test,a38_39,2.6880379,0.0,0.0,3,-1,0.0,4,-1,0.0
6779033,test,a38_39,1.1072268,0.0,1.0,2,2,1.0,6,6,1.0
6030,test,a40_41,3.6864572,3.7499423,1.0,3,3,1.0,2,2,1.0
10030,test,a40_41,3.6957464,4.559393,1.0,3,3,1.0,6,2,1.0
41008,test,a40_41,2.7761698,0.0,1.0,3,2,1.0,2,3,1.0
68003,test,a40_41,3.648573,4.0359044,1.0,3,3,1.0,2,2,1.0
127030,test,a40_41,3.5337634,1.9284004,1.0,3,3,1.0,2,2,1.0
127031,test,a40_41,3.689647,2.6091545,1.0,3,3,1.0,2,4,1.0
129031,test,a40_41,1.0995816,2.0290809,1.0,2,3,1.0,6,6,1.0
129196,test,a40_41,3.2511725,0.0,1.0,3,2,1.0,2,2,1.0
165030,test,a40_41,3.5281749,3.9474757,1.0,3,3,1.0,2,2,1.0
284004,test,a40_41,4.2462254,4.279761,1.0,3,3,1.0,2,2,1.0
301032,test,a40_41,4.1618586,4.00551,1.0,3,3,1.0,2,2,1.0
327003,test,a40_41,3.081067,3.8113515,1.0,3,3,1.0,2,2,1.0
327171,test,a40_41,3.212108,1.4956659,1.0,3,3,1.0,2,2,1.0
327172,test,a40_41,2.8315883,2.1790605,1.0,3,3,1.0,2,2,1.0
331005,test,a40_41,3.901979,4.282937,1.0,3,3,1.0,2,2,1.0
344178,test,a40_41,2.8639417,3.44694,1.0,3,3,1.0,2,2,1.0
461030,test,a40_41,3.9241042,2.8327258,1.0,3,3,1.0,2,2,1.0
486004,test,a40_41,3.7088792,3.858834,1.0,3,3,1.0,2,2,1.0
563183,test,a40_41,1.2692208,0.0,1.0,3,2,1.0,2,2,1.0
577004,test,a40_41,2.7719908,3.18551,1.0,3,3,1.0,2,2,1.0
607030,test,a40_41,3.9346514,4.129383,1.0,3,3,1.0,2,2,1.0
613173,test,a40_41,3.1891909,4.710525,1.0,3,3,1.0,2,2,1.0
634008,test,a40_41,3.4852424,0.0,1.0,3,2,1.0,2,2,1.0
652005,test,a40_41,3.2984114,3.578778,1.0,3,3,1.0,2,2,1.0
672003,test,a40_41,1.4013295,3.6452837,1.0,3,3,1.0,2,4,1.0
691175,test,a40_41,3.6363559,3.0671463,1.0,3,3,1.0,2,2,1.0
699031,test,a40_41,1.7678204,3.5188198,1.0,3,3,1.0,6,6,1.0
722178,test,a40_41,1.4160239,2.6435707,1.0,3,2,1.0,2,2,1.0
771003,test,a40_41,3.155788,3.6737127,1.0,3,3,1.0,2,2,1.0
775005,test,a40_41,3.545403,0.7834087,1.0,3,2,1.0,2,2,1.0
796006,test,a40_41,3.7051082,3.935453,1.0,3,3,1.0,2,6,1.0
844003,test,a40_41,3.4296284,3.3626049,1.0,3,3,1.0,2,2,1.0
863006,test,a40_41,3.1715147,1.3168756,1.0,3,2,1.0,2,2,1.0
863173,test,a40_41,3.8171086,3.9154449,1.0,3,3,1.0,2,2,1.0
866172,test,a40_41,3.0265656,2.6542404,1.0,3,3,1.0,6,2,1.0
868005,test,a40_41,3.7206287,0.0,0.0,3,-1,0.0,2,-1,0.0
875030,test,a40_41,1.8339531,0.0,1.0,3,2,1.0,2,2,1.0
897006,test,a40_41,3.1307845,2.0627527,1.0,3,2,1.0,2,4,1.0
922171,test,a40_41,3.6860096,4.4280105,1.0,3,3,1.0,2,2,1.0
934030,test,a40_41,3.482537,4.2702847,1.0,3,3,1.0,2,2,1.0
935005,test,a40_41,2.578245,2.9372149,1.0,3,3,1.0,2,2,1.0
935176,test,a40_41,3.8456492,3.1244323,1.0,3,3,1.0,2,2,1.0
939030,test,a40_41,3.8408575,1.1140053,1.0,3,3,1.0,2,2,1.0
964003,test,a40_41,1.2722545,2.2928271,1.0,2,3,1.0,2,6,1.0
970004,test,a40_41,3.866778,1.595321,1.0,3,3,1.0,2,2,1.0
982004,test,a40_41,3.394678,3.5209594,1.0,3,3,1.0,2,2,1.0
1033030,test,a40_41,3.3863237,4.8614855,1.0,3,3,1.0,2,2,1.0
1036003,test,a40_41,3.9203105,2.884099,1.0,3,3,1.0,2,2,1.0
1048006,test,a40_41,2.7632465,2.782191,1.0,3,3,1.0,2,2,1.0
1055172,test,a40_41,2.2547839,3.6848996,1.0,3,3,1.0,2,2,1.0
1060175,test,a40_41,3.4448526,2.5155134,1.0,3,3,1.0,2,2,1.0
1064171,test,a40_41,3.9967327,3.8597128,1.0,3,3,1.0,2,2,1.0
1072171,test,a40_41,3.8148322,3.5870097,1.0,3,3,1.0,2,2,1.0
1084175,test,a40_41,2.347365,0.12959567,1.0,3,2,1.0,2,2,1.0
1100172,test,a40_41,3.2984016,3.9865384,1.0,3,3,1.0,2,2,1.0
1141171,test,a40_41,2.5610282,2.8288498,1.0,3,3,1.0,2,2,1.0
1142030,test,a40_41,3.9770908,3.49205,1.0,3,3,1.0,2,3,1.0
1144032,test,a40_41,3.804128,4.25247,1.0,3,3,1.0,2,2,1.0
1149171,test,a40_41,3.3216078,3.7665071,1.0,3,3,1.0,2,2,1.0
1162030,test,a40_41,3.1695967,3.5748012,1.0,3,3,1.0,2,2,1.0
1167030,test,a40_41,1.229318,0.0,1.0,2,2,1.0,6,6,1.0
1168008,test,a40_41,2.5962608,3.210248,1.0,3,3,1.0,4,3,1.0
1222179,test,a40_41,2.533979,2.767858,1.0,3,3,1.0,2,2,1.0
1260008,test,a40_41,3.02101,2.63554,1.0,3,3,1.0,2,2,1.0
1269030,test,a40_41,3.336043,4.243668,1.0,3,3,1.0,2,2,1.0
1292030,test,a40_41,3.254179,0.8605063,1.0,3,2,1.0,4,4,1.0
1298005,test,a40_41,2.703853,3.515135,1.0,3,3,1.0,2,2,1.0
1306030,test,a40_41,4.4665723,4.886779,1.0,3,3,1.0,2,2,1.0
1335179,test,a40_41,2.981851,3.2139137,1.0,3,3,1.0,2,2,1.0
1353030,test,a40_41,2.064227,0.0,1.0,3,2,1.0,2,2,1.0
1384030,test,a40_41,3.3450432,3.8051383,1.0,3,3,1.0,2,2,1.0
1399008,test,a40_41,2.1865852,4.0544734,1.0,3,2,1.0,2,4,1.0
1415004,test,a40_41,2.5720952,2.0535257,1.0,3,2,1.0,2,2,1.0
1430005,test,a40_41,2.2670891,0.0,1.0,3,2,1.0,6,6,1.0
1431003,test,a40_41,3.8764162,4.008891,1.0,3,3,1.0,2,2,1.0
1431004,test,a40_41,2.6430461,0.0,1.0,3,2,1.0,2,2,1.0
1431172,test,a40_41,4.133215,4.6023507,1.0,3,3,1.0,2,2,1.0
1462004,test,a40_41,2.4881024,1.7540548,1.0,3,3,1.0,2,2,1.0
1520173,test,a40_41,3.47372,3.8882296,1.0,3,3,1.0,2,2,1.0
1522175,test,a40_41,3.2192662,4.5083756,1.0,3,3,1.0,2,2,1.0
1542006,test,a40_41,3.1855402,4.433782,1.0,3,3,1.0,4,2,1.0
1542177,test,a40_41,3.7794735,4.2022185,1.0,3,3,1.0,2,2,1.0
1567031,test,a40_41,3.6090145,3.8071828,1.0,3,3,1.0,2,6,1.0
1608031,test,a40_41,3.051748,3.1444824,1.0,3,3,1.0,2,4,1.0
1612003,test,a40_41,3.9816031,4.1677203,1.0,3,3,1.0,2,4,1.0
1621003,test,a40_41,2.2370028,3.2300382,1.0,3,3,1.0,2,2,1.0
1648003,test,a40_41,3.7199726,2.9066825,1.0,3,3,1.0,2,2,1.0
1648030,test,a40_41,3.3602526,3.3073823,1.0,3,2,1.0,2,6,1.0
1670172,test,a40_41,3.3548243,2.9212708,1.0,3,3,1.0,2,2,1.0
1684170,test,a40_41,1.2270098,0.0,0.0,3,-1,0.0,2,-1,0.0
1690030,test,a40_41,3.884866,3.6953304,1.0,3,3,1.0,2,2,1.0
1692176,test,a40_41,3.4226246,3.8142254,1.0,3,3,1.0,2,2,1.0
1695030,test,a40_41,3.056293,2.9304814,1.0,3,3,1.0,6,2,1.0
1697036,test,a40_41,3.441766,0.0,1.0,3,3,1.0,2,2,1.0
1698170,test,a40_41,2.545273,2.7524128,1.0,3,3,1.0,2,2,1.0
1700031,test,a40_41,3.353275,3.4132857,1.0,3,3,1.0,2,4,1.0
1701003,test,a40_41,3.4052405,4.083866,1.0,3,3,1.0,6,6,1.0
1711003,test,a40_41,2.4962006,2.6030054,1.0,3,3,1.0,2,2,1.0
1711171,test,a40_41,3.6461744,1.7564632,1.0,3,3,1.0,2,2,1.0
1732005,test,a40_41,2.73665,3.6597633,1.0,3,3,1.0,2,4,1.0
1762187,test,a40_41,2.097157,2.3030276,1.0,3,3,1.0,2,3,1.0
1786187,test,a40_41,3.5409298,3.3871381,1.0,3,3,1.0,2,2,1.0
1837006,test,a40_41,3.6537902,2.9212708,1.0,3,3,1.0,2,2,1.0
1850172,test,a40_41,2.078508,3.478806,1.0,3,3,1.0,2,2,1.0
1878030,test,a40_41,3.0828838,0.0,1.0,3,2,1.0,2,4,1.0
1879030,test,a40_41,3.8440435,4.0048003,1.0,3,3,1.0,2,2,1.0
1905004,test,a40_41,3.6949806,3.8047087,1.0,3,3,1.0,2,2,1.0
1919009,test,a40_41,3.2128522,2.2302382,1.0,3,3,1.0,2,2,1.0
1935004,test,a40_41,2.9974654,3.016735,1.0,3,3,1.0,2,2,1.0
1936030,test,a40_41,2.3492978,1.4956659,1.0,3,3,1.0,2,2,1.0
1978171,test,a40_41,2.8502448,2.6840017,1.0,3,3,1.0,2,2,1.0
2030031,test,a40_41,3.135811,3.3526871,1.0,3,3,1.0,6,2,1.0
2117003,test,a40_41,2.9327736,2.4012594,1.0,3,3,1.0,2,2,1.0
2150172,test,a40_41,2.0637393,2.8005123,1.0,3,2,1.0,2,2,1.0
2199182,test,a40_41,2.7010953,4.0846477,1.0,3,3,1.0,2,2,1.0
2206030,test,a40_41,3.627562,2.9928195,1.0,3,3,1.0,4,2,1.0
2212031,test,a40_41,3.9931896,4.4331484,1.0,3,3,1.0,2,2,1.0
2238004,test,a40_41,3.6640577,3.9032092,1.0,3,3,1.0,2,4,1.0
2238172,test,a40_41,3.026099,4.278098,1.0,3,3,1.0,2,3,1.0
2252172,test,a40_41,3.419589,3.153995,1.0,3,3,1.0,2,2,1.0
2255030,test,a40_41,4.3820066,4.886779,1.0,3,3,1.0,2,2,1.0
2277008,test,a40_41,2.8312523,2.7901263,1.0,3,3,1.0,2,2,1.0
2311172,test,a40_41,2.1700337,0.74044657,1.0,3,3,1.0,2,2,1.0
2330003,test,a40_41,3.985021,3.858834,1.0,3,3,1.0,2,2,1.0
2338003,test,a40_41,3.5708385,4.6548495,1.0,3,3,1.0,2,2,1.0
2341004,test,a40_41,2.9083343,3.0886452,1.0,3,3,1.0,2,4,1.0
2341005,test,a40_41,2.9509447,2.4084687,1.0,3,3,1.0,2,2,1.0
2354004,test,a40_41,2.1470551,2.5044913,1.0,3,3,1.0,2,2,1.0
2392004,test,a40_41,2.4228027,0.0,0.0,3,-1,0.0,2,-1,0.0
2393005,test,a40_41,4.107156,3.6807222,1.0,3,3,1.0,2,2,1.0
2393171,test,a40_41,3.0190907,3.9681766,1.0,3,3,1.0,2,2,1.0
2409006,test,a40_41,2.7720912,0.0,0.0,3,-1,0.0,2,-1,0.0
2409171,test,a40_41,2.808538,3.0480464,1.0,3,3,1.0,2,4,1.0
2422178,test,a40_41,3.6903958,3.4296312,1.0,3,3,1.0,2,2,1.0
2459030,test,a40_41,3.1869729,3.9497616,1.0,3,3,1.0,2,2,1.0
2474030,test,a40_41,3.414483,4.079769,1.0,3,3,1.0,2,2,1.0
2474171,test,a40_41,2.7495213,0.0,1.0,3,2,1.0,2,2,1.0
2485173,test,a40_41,3.1139264,2.5871267,1.0,3,3,1.0,2,4,1.0
2496172,test,a40_41,2.4041955,3.3445346,1.0,3,3,1.0,2,2,1.0
2502005,test,a40_41,3.168864,3.3588138,1.0,3,3,1.0,2,2,1.0
2510171,test,a40_41,3.0465732,4.455336,1.0,3,3,1.0,2,2,1.0
2525174,test,a40_41,2.7386885,0.0,1.0,3,2,1.0,2,2,1.0
2530184,test,a40_41,2.8740308,0.0,1.0,3,2,1.0,2,2,1.0
2547171,test,a40_41,3.924631,4.540295,1.0,3,3,1.0,2,2,1.0
2580030,test,a40_41,4.3571405,4.8289323,1.0,3,3,1.0,2,2,1.0
2593171,test,a40_41,3.6966782,4.5567827,1.0,3,3,1.0,2,4,1.0
2615031,test,a40_41,3.559104,3.1635318,1.0,3,3,1.0,2,2,1.0
2642030,test,a40_41,2.7643895,3.5686162,1.0,3,3,1.0,2,2,1.0
2655002,test,a40_41,1.6672158,0.0,1.0,3,2,1.0,2,2,1.0
2705031,test,a40_41,3.8876314,3.5910182,1.0,3,3,1.0,2,4,1.0
2707179,test,a40_41,3.4586406,3.1097243,1.0,3,3,1.0,2,2,1.0
2714031,test,a40_41,3.6348119,4.4998927,1.0,3,3,1.0,2,3,1.0
2717004,test,a40_41,3.873273,3.5781584,1.0,3,3,1.0,2,2,1.0
2738171,test,a40_41,4.0155406,4.0232816,1.0,3,3,1.0,2,2,1.0
2794003,test,a40_41,3.745263,3.718102,1.0,3,3,1.0,2,2,1.0
2845030,test,a40_41,2.5105097,3.4900744,1.0,3,3,1.0,2,2,1.0
2847030,test,a40_41,3.15545,3.4371748,1.0,3,3,1.0,4,4,1.0
2848174,test,a40_41,2.1482182,0.0,1.0,3,3,1.0,6,2,1.0
2852006,test,a40_41,1.6227343,1.7842062,1.0,3,3,1.0,2,2,1.0
2852030,test,a40_41,3.5643957,3.4605064,1.0,3,3,1.0,2,4,1.0
2869170,test,a40_41,3.7115498,4.2101345,1.0,3,3,1.0,2,2,1.0
2897006,test,a40_41,3.2031815,0.0,1.0,3,3,1.0,2,2,1.0
2900171,test,a40_41,3.9292274,3.6409497,1.0,3,3,1.0,2,2,1.0
2907006,test,a40_41,2.9093988,2.6187103,1.0,3,3,1.0,2,2,1.0
2920030,test,a40_41,3.4562602,0.0,0.0,3,-1,0.0,6,-1,0.0
3107001,test,a40_41,3.4978662,3.2733867,1.0,3,3,1.0,2,2,1.0
3137007,test,a40_41,2.4156363,2.5467622,1.0,3,3,1.0,6,6,1.0
3283002,test,a40_41,3.8510914,3.921005,1.0,3,3,1.0,2,6,1.0
3492001,test,a40_41,3.5158463,0.0,1.0,3,2,1.0,6,2,1.0
5016170,test,a40_41,3.098425,2.2421632,1.0,3,3,1.0,2,4,1.0
5082003,test,a40_41,3.4489462,3.9932265,1.0,3,3,1.0,6,4,1.0
5145032,test,a40_41,3.3428702,3.1170058,1.0,3,3,1.0,6,6,1.0
5163030,test,a40_41,3.0895038,2.9642875,1.0,3,3,1.0,2,4,1.0
5177171,test,a40_41,1.4378834,0.49211225,1.0,3,2,1.0,6,6,1.0
5199178,test,a40_41,3.171726,3.59953,1.0,3,3,1.0,2,2,1.0
5241030,test,a40_41,3.0489454,3.5749753,1.0,3,3,1.0,6,6,1.0
5264004,test,a40_41,3.4438481,3.5120373,1.0,3,3,1.0,2,2,1.0
5294003,test,a40_41,3.5023901,3.654262,1.0,3,3,1.0,2,2,1.0
5299172,test,a40_41,3.2249584,3.1953952,1.0,3,3,1.0,2,2,1.0
5306002,test,a40_41,2.6242437,0.3266577,1.0,3,2,1.0,4,6,1.0
5350030,test,a40_41,2.639004,3.3050623,1.0,3,3,1.0,4,6,1.0
5364006,test,a40_41,3.3025932,4.7806487,1.0,3,3,1.0,6,6,1.0
5366033,test,a40_41,3.0659037,3.8141546,1.0,3,3,1.0,6,4,1.0
5406173,test,a40_41,3.1494713,3.6509905,1.0,3,3,1.0,2,4,1.0
5424030,test,a40_41,2.0499547,1.3657057,1.0,3,3,1.0,6,6,1.0
5425003,test,a40_41,1.8822349,2.8280425,1.0,3,3,1.0,2,2,1.0
5430031,test,a40_41,1.802729,0.6298249,1.0,3,2,1.0,6,6,1.0
5430171,test,a40_41,2.6262639,2.7871172,1.0,3,3,1.0,6,6,1.0
5443007,test,a40_41,2.2713509,3.016735,1.0,3,3,1.0,2,2,1.0
5464032,test,a40_41,2.9551027,1.6090235,1.0,3,2,1.0,4,2,1.0
5488007,test,a40_41,2.8558815,2.6505947,1.0,3,3,1.0,2,2,1.0
5494005,test,a40_41,2.7017882,3.4877887,1.0,3,3,1.0,6,2,1.0
5513030,test,a40_41,3.0670657,0.0,1.0,3,3,1.0,6,6,1.0
5549006,test,a40_41,2.811392,3.1447468,1.0,3,2,1.0,2,3,1.0
5553173,test,a40_41,3.36047,4.0601115,1.0,3,3,1.0,2,2,1.0
5560186,test,a40_41,3.532063,3.5258186,1.0,3,3,1.0,2,2,1.0
5569009,test,a40_41,2.9014914,3.5397089,1.0,3,3,1.0,2,3,1.0
5570010,test,a40_41,3.2192428,3.7746825,1.0,3,3,1.0,2,4,1.0
5570012,test,a40_41,3.3023148,3.5320323,1.0,3,3,1.0,2,2,1.0
5570033,test,a40_41,3.428059,3.0667183,1.0,3,3,1.0,2,2,1.0
5576031,test,a40_41,2.656937,2.7843602,1.0,3,3,1.0,4,2,1.0
5614005,test,a40_41,2.9835374,1.4687297,1.0,3,2,1.0,4,4,1.0
5615010,test,a40_41,3.1583972,3.456708,1.0,3,3,1.0,6,2,1.0
5615181,test,a40_41,3.4028695,3.760343,1.0,3,3,1.0,2,2,1.0
5621170,test,a40_41,3.2164826,2.9801733,1.0,3,3,1.0,2,2,1.0
5626010,test,a40_41,3.185813,3.3771255,1.0,3,3,1.0,2,4,1.0
5634188,test,a40_41,3.2346377,4.2273045,1.0,3,3,1.0,2,5,1.0
5635031,test,a40_41,2.9472568,2.0191162,1.0,3,2,1.0,2,2,1.0
5646006,test,a40_41,1.1236751,0.6864259,1.0,2,2,1.0,6,6,1.0
5660005,test,a40_41,3.1415942,1.360323,1.0,3,3,1.0,2,3,1.0
5664003,test,a40_41,1.0743487,2.423047,1.0,2,2,1.0,6,6,1.0
5676007,test,a40_41,3.0878026,3.4555361,1.0,3,3,1.0,2,2,1.0
5678030,test,a40_41,2.1359403,0.0,1.0,3,2,1.0,6,6,1.0
5684034,test,a40_41,3.8403916,3.965506,1.0,3,3,1.0,2,2,1.0
5784005,test,a40_41,1.0896579,0.544594,1.0,2,3,1.0,6,6,1.0
5819005,test,a40_41,1.2657682,0.0,1.0,2,3,1.0,6,6,1.0
5821008,test,a40_41,3.2494905,3.1290631,1.0,3,3,1.0,2,2,1.0
5863033,test,a40_41,1.0027794,2.174519,1.0,2,3,1.0,6,6,1.0
5921003,test,a40_41,2.7163193,3.4085956,1.0,3,3,1.0,6,6,1.0
5922010,test,a40_41,3.2436252,4.886779,1.0,3,3,1.0,6,6,1.0
5938031,test,a40_41,2.5044694,0.0,1.0,3,2,1.0,6,6,1.0
5960033,test,a40_41,2.5809731,3.553619,1.0,3,3,1.0,6,6,1.0
5995005,test,a40_41,1.3355931,0.0,1.0,2,2,1.0,6,6,1.0
6028032,test,a40_41,2.4432948,3.255347,1.0,3,3,1.0,6,6,1.0
6030005,test,a40_41,3.475498,3.3395429,1.0,3,3,1.0,6,2,1.0
6030008,test,a40_41,3.3193038,3.1301715,1.0,3,3,1.0,6,2,1.0
6093006,test,a40_41,0.9045514,3.1447468,1.0,2,3,1.0,6,6,1.0
6093011,test,a40_41,2.245188,3.3018157,1.0,3,3,1.0,6,6,1.0
6114182,test,a40_41,2.9446025,0.0,1.0,3,2,1.0,4,4,1.0
6120195,test,a40_41,1.4318033,0.0,1.0,2,3,1.0,2,3,1.0
6121030,test,a40_41,3.092222,3.929484,1.0,3,3,1.0,6,6,1.0
6179003,test,a40_41,3.50134,3.4392455,1.0,3,3,1.0,2,2,1.0
6179170,test,a40_41,1.6007161,0.0,1.0,3,2,1.0,2,2,1.0
6191006,test,a40_41,2.9008133,3.8172607,1.0,3,3,1.0,4,2,1.0
6200175,test,a40_41,3.5909963,3.2527912,1.0,3,3,1.0,2,2,1.0
6210007,test,a40_41,3.5484388,3.212376,1.0,3,3,1.0,6,2,1.0
6210008,test,a40_41,2.7432327,0.0,1.0,3,2,1.0,6,4,1.0
6350007,test,a40_41,2.8908894,3.1544933,1.0,3,3,1.0,6,2,1.0
6365010,test,a40_41,1.2311945,3.0165422,1.0,2,3,1.0,6,6,1.0
6365011,test,a40_41,2.456441,0.0,1.0,3,2,1.0,2,2,1.0
6365177,test,a40_41,2.9332507,3.6634784,1.0,3,3,1.0,2,2,1.0
6381008,test,a40_41,2.9207177,0.0,1.0,3,2,1.0,2,4,1.0
6444003,test,a40_41,2.702253,2.9807694,1.0,3,3,1.0,2,2,1.0
6475006,test,a40_41,0.9359453,0.0,1.0,2,2,1.0,6,6,1.0
6475007,test,a40_41,0.933658,3.4318714,1.0,2,3,1.0,6,6,1.0
6509004,test,a40_41,2.9143963,3.3419354,1.0,3,3,1.0,2,2,1.0
6545008,test,a40_41,3.6167254,0.0,1.0,3,3,1.0,6,2,1.0
6571003,test,a40_41,2.8545027,4.2124395,1.0,3,3,1.0,6,6,1.0
6635009,test,a40_41,0.98613286,0.0,1.0,2,2,1.0,6,6,1.0
6663030,test,a40_41,3.5789397,4.0755825,1.0,3,3,1.0,6,6,1.0
6674003,test,a40_41,3.5546083,4.3560786,1.0,3,3,1.0,2,4,1.0
6674005,test,a40_41,3.421754,0.0,1.0,3,2,1.0,4,4,1.0
6736181,test,a40_41,2.8162255,2.6303368,1.0,3,3,1.0,2,2,1.0
6740003,test,a40_41,2.8193312,2.6061158,1.0,3,3,1.0,2,2,1.0
6769008,test,a40_41,2.700356,2.2111993,1.0,3,3,1.0,4,3,1.0
6779033,test,a40_41,1.1248577,0.0,1.0,2,2,1.0,6,6,1.0
6030,test,a42_43,3.667676,4.018007,1.0,3,3,1.0,2,2,1.0
10030,test,a42_43,3.6408124,4.516398,1.0,3,3,1.0,6,2,1.0
41008,test,a42_43,2.7588768,0.0,1.0,3,2,1.0,2,4,1.0
68003,test,a42_43,3.5868354,3.703213,1.0,3,3,1.0,2,2,1.0
127030,test,a42_43,3.5123577,0.0,0.0,3,-1,0.0,2,-1,0.0
127031,test,a42_43,3.6785936,3.1822217,1.0,3,3,1.0,2,4,1.0
129031,test,a42_43,1.0659122,2.110738,1.0,2,3,1.0,6,6,1.0
129196,test,a42_43,3.235552,0.0,1.0,3,2,1.0,2,2,1.0
165030,test,a42_43,3.524973,4.0063634,1.0,3,3,1.0,2,2,1.0
284004,test,a42_43,4.2197833,4.437202,1.0,3,3,1.0,2,2,1.0
301032,test,a42_43,4.139222,3.9811094,1.0,3,3,1.0,2,2,1.0
327003,test,a42_43,3.064217,3.8643053,1.0,3,3,1.0,2,2,1.0
327171,test,a42_43,3.1728435,2.8548763,1.0,3,3,1.0,2,2,1.0
327172,test,a42_43,2.8274803,3.2091634,1.0,3,3,1.0,2,2,1.0
331005,test,a42_43,3.8799722,4.2756553,1.0,3,3,1.0,2,2,1.0
344178,test,a42_43,2.8540664,3.4481115,1.0,3,3,1.0,2,2,1.0
461030,test,a42_43,3.9007168,3.3523545,1.0,3,3,1.0,2,2,1.0
486004,test,a42_43,3.684907,3.933598,1.0,3,3,1.0,2,2,1.0
563183,test,a42_43,1.2927806,0.0,1.0,3,2,1.0,2,2,1.0
577004,test,a42_43,2.766426,2.9315493,1.0,3,3,1.0,2,2,1.0
607030,test,a42_43,3.9019163,3.9962149,1.0,3,3,1.0,2,2,1.0
613173,test,a42_43,3.135453,4.227375,1.0,3,3,1.0,2,2,1.0
634008,test,a42_43,3.460773,0.0,1.0,3,2,1.0,2,2,1.0
652005,test,a42_43,3.266419,3.6719475,1.0,3,3,1.0,2,2,1.0
672003,test,a42_43,1.4469151,3.808172,1.0,3,3,1.0,2,4,1.0
691175,test,a42_43,3.5994253,3.1299195,1.0,3,3,1.0,2,2,1.0
699031,test,a42_43,1.7555051,3.583789,1.0,3,3,1.0,6,6,1.0
722178,test,a42_43,1.5252696,2.521224,1.0,3,3,1.0,2,2,1.0
771003,test,a42_43,3.13482,3.6820703,1.0,3,3,1.0,2,2,1.0
775005,test,a42_43,3.5463834,0.8922645,1.0,3,2,1.0,2,2,1.0
796006,test,a42_43,3.675208,3.7072225,1.0,3,3,1.0,2,6,1.0
844003,test,a42_43,3.475346,3.515213,1.0,3,3,1.0,2,2,1.0
863006,test,a42_43,3.1489692,1.3962052,1.0,3,3,1.0,2,2,1.0
863173,test,a42_43,3.7905529,4.0801353,1.0,3,3,1.0,2,2,1.0
866172,test,a42_43,2.9753382,3.1822217,1.0,3,3,1.0,6,2,1.0
868005,test,a42_43,3.6857135,4.123802,1.0,3,3,1.0,2,2,1.0
875030,test,a42_43,1.8871818,0.0,1.0,3,2,1.0,2,2,1.0
897006,test,a42_43,3.1315231,0.0,1.0,3,2,1.0,2,4,1.0
922171,test,a42_43,3.658116,4.564996,1.0,3,3,1.0,2,2,1.0
934030,test,a42_43,3.4869134,4.243668,1.0,3,3,1.0,2,2,1.0
935005,test,a42_43,2.747398,2.483961,1.0,3,3,1.0,2,2,1.0
935176,test,a42_43,3.8230884,3.3922262,1.0,3,3,1.0,2,2,1.0
939030,test,a42_43,3.8570654,0.0,1.0,3,2,1.0,2,2,1.0
964003,test,a42_43,1.2672851,2.023317,1.0,2,3,1.0,2,6,1.0
970004,test,a42_43,3.8395863,3.4467251,1.0,3,3,1.0,2,2,1.0
982004,test,a42_43,3.3710914,3.616172,1.0,3,3,1.0,2,2,1.0
1033030,test,a42_43,3.3564043,4.886779,1.0,3,3,1.0,2,2,1.0
1036003,test,a42_43,3.8991117,3.3667955,1.0,3,3,1.0,2,2,1.0
1048006,test,a42_43,2.748867,2.895511,1.0,3,3,1.0,2,2,1.0
1055172,test,a42_43,2.2675292,3.6527476,1.0,3,3,1.0,2,2,1.0
1060175,test,a42_43,3.4171984,2.5045755,1.0,3,3,1.0,2,2,1.0
1064171,test,a42_43,3.9673676,4.023821,1.0,3,3,1.0,2,2,1.0
1072171,test,a42_43,3.7832406,2.8696802,1.0,3,3,1.0,2,2,1.0
1084175,test,a42_43,2.4270506,0.0,1.0,3,2,1.0,2,2,1.0
1100172,test,a42_43,3.2951012,3.9111626,1.0,3,3,1.0,2,2,1.0
1141171,test,a42_43,2.5714042,3.0497952,1.0,3,3,1.0,2,4,1.0
1142030,test,a42_43,3.9465313,3.3326652,1.0,3,3,1.0,2,4,1.0
1144032,test,a42_43,3.7839868,4.289485,1.0,3,3,1.0,2,2,1.0
1149171,test,a42_43,3.3131847,3.9254675,1.0,3,3,1.0,2,2,1.0
1162030,test,a42_43,3.1478162,3.525854,1.0,3,3,1.0,2,2,1.0
1167030,test,a42_43,1.1867076,0.0,1.0,2,3,1.0,6,6,1.0
1168008,test,a42_43,2.6815248,3.535023,1.0,3,3,1.0,4,3,1.0
1222179,test,a42_43,2.5147228,2.8725085,1.0,3,3,1.0,2,2,1.0
1260008,test,a42_43,3.0068257,2.7313974,1.0,3,3,1.0,2,2,1.0
1269030,test,a42_43,3.34836,4.3682094,1.0,3,3,1.0,2,2,1.0
1292030,test,a42_43,3.2423787,0.0,1.0,3,2,1.0,2,4,1.0
1298005,test,a42_43,2.7208643,3.5551443,1.0,3,3,1.0,2,2,1.0
1306030,test,a42_43,4.437719,4.886779,1.0,3,3,1.0,2,2,1.0
1335179,test,a42_43,2.9752824,3.439407,1.0,3,3,1.0,2,2,1.0
1353030,test,a42_43,2.263561,0.0,1.0,3,2,1.0,2,2,1.0
1384030,test,a42_43,3.299781,3.6010532,1.0,3,3,1.0,2,2,1.0
1399008,test,a42_43,2.261256,4.2632937,1.0,3,2,1.0,2,4,1.0
1415004,test,a42_43,2.559524,1.6088175,1.0,3,3,1.0,2,2,1.0
1430005,test,a42_43,2.2378175,0.0,1.0,3,2,1.0,6,6,1.0
1431003,test,a42_43,3.8378239,4.011046,1.0,3,3,1.0,2,2,1.0
1431004,test,a42_43,2.7142878,1.4956659,1.0,3,3,1.0,2,2,1.0
1431172,test,a42_43,4.1047435,4.584402,1.0,3,3,1.0,2,2,1.0
1462004,test,a42_43,2.4647868,3.3424077,1.0,3,3,1.0,2,2,1.0
1520173,test,a42_43,3.45958,3.747171,1.0,3,3,1.0,2,2,1.0
1522175,test,a42_43,3.1917024,4.696712,1.0,3,3,1.0,2,2,1.0
1542006,test,a42_43,3.1655054,4.3451347,1.0,3,3,1.0,2,2,1.0
1542177,test,a42_43,3.74827,4.0403357,1.0,3,3,1.0,2,2,1.0
1567031,test,a42_43,3.5376358,3.7483754,1.0,3,3,1.0,2,6,1.0
1608031,test,a42_43,3.0980687,3.5092788,1.0,3,3,1.0,2,4,1.0
1612003,test,a42_43,3.9493265,4.0259957,1.0,3,3,1.0,2,4,1.0
1621003,test,a42_43,2.3333414,0.0,1.0,3,3,1.0,2,2,1.0
1648003,test,a42_43,3.694111,2.5321536,1.0,3,3,1.0,2,2,1.0
1648030,test,a42_43,3.3147147,0.6704159,1.0,3,2,1.0,2,6,1.0
1670172,test,a42_43,3.3634882,3.1949477,1.0,3,3,1.0,2,2,1.0
1684170,test,a42_43,1.2747196,3.265041,1.0,3,3,1.0,2,2,1.0
1690030,test,a42_43,3.8454313,3.680744,1.0,3,3,1.0,2,2,1.0
1692176,test,a42_43,3.3996425,3.9474757,1.0,3,3,1.0,2,2,1.0
1695030,test,a42_43,3.0326447,3.1937861,1.0,3,3,1.0,6,2,1.0
1697036,test,a42_43,3.4079747,1.541289,1.0,3,3,1.0,2,2,1.0
1698170,test,a42_43,2.5297494,2.7459342,1.0,3,3,1.0,2,2,1.0
1700031,test,a42_43,3.344396,3.5983753,1.0,3,3,1.0,2,4,1.0
1701003,test,a42_43,3.3863583,4.1992106,1.0,3,3,1.0,6,6,1.0
1711003,test,a42_43,2.5338001,0.0,1.0,3,2,1.0,2,2,1.0
1711171,test,a42_43,3.6320338,0.0,1.0,3,2,1.0,2,2,1.0
1732005,test,a42_43,2.7073417,4.4446826,1.0,3,3,1.0,2,4,1.0
1762187,test,a42_43,2.072591,1.674252,1.0,3,3,1.0,2,3,1.0
1786187,test,a42_43,3.5239294,3.3329153,1.0,3,3,1.0,2,2,1.0
1837006,test,a42_43,3.623077,2.976302,1.0,3,3,1.0,2,2,1.0
1850172,test,a42_43,2.0813913,3.4697297,1.0,3,3,1.0,2,2,1.0
1878030,test,a42_43,3.1017582,2.5655892,1.0,3,3,1.0,2,4,1.0
1879030,test,a42_43,3.8280244,4.0755825,1.0,3,3,1.0,2,2,1.0
1905004,test,a42_43,3.6728747,4.7210507,1.0,3,3,1.0,2,2,1.0
1919009,test,a42_43,3.2022767,2.1802564,1.0,3,3,1.0,2,2,1.0
1935004,test,a42_43,2.9927769,1.0762821,1.0,3,3,1.0,2,2,1.0
1936030,test,a42_43,2.4330807,1.3160636,1.0,3,3,1.0,2,2,1.0
1978171,test,a42_43,2.8440695,2.9928195,1.0,3,3,1.0,2,2,1.0
2030031,test,a42_43,3.115649,3.3705976,1.0,3,3,1.0,2,2,1.0
2117003,test,a42_43,2.914614,2.3713877,1.0,3,3,1.0,2,2,1.0
2150172,test,a42_43,2.0889356,3.0265424,1.0,3,3,1.0,2,4,1.0
2199182,test,a42_43,2.784703,4.1060762,1.0,3,3,1.0,2,2,1.0
2206030,test,a42_43,3.6304498,2.9993773,1.0,3,3,1.0,4,2,1.0
2212031,test,a42_43,4.014,4.3677416,1.0,3,3,1.0,2,2,1.0
2238004,test,a42_43,3.6231236,4.0907726,1.0,3,3,1.0,2,4,1.0
2238172,test,a42_43,2.9931316,4.4151845,1.0,3,3,1.0,2,4,1.0
2252172,test,a42_43,3.3985949,3.0762377,1.0,3,3,1.0,2,2,1.0
2255030,test,a42_43,4.353562,4.6077914,1.0,3,3,1.0,2,2,1.0
2277008,test,a42_43,2.8306568,2.9075313,1.0,3,3,1.0,2,2,1.0
2311172,test,a42_43,2.1902971,2.0253,1.0,3,3,1.0,2,2,1.0
2330003,test,a42_43,3.9852853,4.706708,1.0,3,3,1.0,2,2,1.0
2338003,test,a42_43,3.5434635,4.748924,1.0,3,3,1.0,2,2,1.0
2341004,test,a42_43,2.9338818,3.5317435,1.0,3,2,1.0,2,2,1.0
2341005,test,a42_43,2.9581943,4.5817747,1.0,3,3,1.0,2,2,1.0
2354004,test,a42_43,2.1647954,2.3713877,1.0,3,3,1.0,2,2,1.0
2392004,test,a42_43,2.4310493,3.3104866,1.0,3,3,1.0,2,3,1.0
2393005,test,a42_43,4.084448,3.3018157,1.0,3,3,1.0,2,2,1.0
2393171,test,a42_43,3.01995,4.596202,1.0,3,3,1.0,2,2,1.0
2409006,test,a42_43,2.8156347,3.8550358,1.0,3,3,1.0,2,4,1.0
2409171,test,a42_43,2.7855844,2.9554553,1.0,3,3,1.0,2,4,1.0
2422178,test,a42_43,3.648994,3.470292,1.0,3,3,1.0,2,2,1.0
2459030,test,a42_43,3.1836967,4.0590634,1.0,3,3,1.0,2,2,1.0
2474030,test,a42_43,3.3935478,4.110122,1.0,3,3,1.0,2,2,1.0
2474171,test,a42_43,2.754574,0.0,1.0,3,3,1.0,2,2,1.0
2485173,test,a42_43,3.109506,2.700981,1.0,3,3,1.0,2,2,1.0
2496172,test,a42_43,2.5033696,3.4664924,1.0,3,3,1.0,2,2,1.0
2502005,test,a42_43,3.1245503,4.0467095,1.0,3,3,1.0,2,2,1.0
2510171,test,a42_43,3.0143456,4.201887,1.0,3,3,1.0,2,2,1.0
2525174,test,a42_43,2.7177553,0.0,1.0,3,2,1.0,2,2,1.0
2530184,test,a42_43,2.85351,2.1477582,1.0,3,3,1.0,2,2,1.0
2547171,test,a42_43,3.892531,4.3276353,1.0,3,3,1.0,2,2,1.0
2580030,test,a42_43,4.327323,4.7627664,1.0,3,3,1.0,2,2,1.0
2593171,test,a42_43,3.6701264,4.5300713,1.0,3,3,1.0,2,4,1.0
2615031,test,a42_43,3.5418868,3.1693892,1.0,3,3,1.0,2,2,1.0
2642030,test,a42_43,2.7612076,3.7204437,1.0,3,3,1.0,2,2,1.0
2655002,test,a42_43,1.7966994,0.0,1.0,3,2,1.0,2,2,1.0
2705031,test,a42_43,3.8685083,3.8177946,1.0,3,3,1.0,2,4,1.0
2707179,test,a42_43,3.4375572,2.8142757,1.0,3,3,1.0,2,2,1.0
2714031,test,a42_43,3.6181211,4.569471,1.0,3,3,1.0,2,4,1.0
2717004,test,a42_43,3.8237686,3.5017936,1.0,3,3,1.0,2,2,1.0
2738171,test,a42_43,3.980574,3.9697835,1.0,3,3,1.0,2,2,1.0
2794003,test,a42_43,3.720305,3.6463413,1.0,3,3,1.0,2,2,1.0
2845030,test,a42_43,2.466208,3.6226897,1.0,3,3,1.0,2,2,1.0
2847030,test,a42_43,3.1388242,3.4256546,1.0,3,3,1.0,4,4,1.0
2848174,test,a42_43,2.108228,2.3689122,1.0,3,3,1.0,6,2,1.0
2852006,test,a42_43,1.7939802,3.0007699,1.0,3,2,1.0,2,3,1.0
2852030,test,a42_43,3.555564,2.2156281,1.0,3,2,1.0,2,4,1.0
2869170,test,a42_43,3.688974,4.379163,1.0,3,3,1.0,2,2,1.0
2897006,test,a42_43,3.1572046,3.6260033,1.0,3,3,1.0,2,2,1.0
2900171,test,a42_43,3.8968492,3.7188902,1.0,3,3,1.0,2,2,1.0
2907006,test,a42_43,2.868678,2.8249462,1.0,3,3,1.0,2,2,1.0
2920030,test,a42_43,3.4787307,3.3265107,1.0,3,3,1.0,6,4,1.0
3107001,test,a42_43,3.4572356,1.9854654,1.0,3,3,1.0,2,4,1.0
3137007,test,a42_43,2.369575,2.4228272,1.0,3,2,1.0,6,6,1.0
3283002,test,a42_43,3.8332598,3.9443512,1.0,3,3,1.0,2,6,1.0
3492001,test,a42_43,3.4726677,0.118359506,1.0,3,2,1.0,6,2,1.0
5016170,test,a42_43,3.061347,2.743526,1.0,3,3,1.0,2,4,1.0
5082003,test,a42_43,3.3886495,3.938906,1.0,3,3,1.0,6,4,1.0
5145032,test,a42_43,3.2885082,3.1056306,1.0,3,3,1.0,6,6,1.0
5163030,test,a42_43,3.066362,3.1932871,1.0,3,3,1.0,2,4,1.0
5177171,test,a42_43,1.4123452,0.9682884,1.0,3,2,1.0,6,6,1.0
5199178,test,a42_43,3.1307015,3.7188902,1.0,3,3,1.0,2,2,1.0
5241030,test,a42_43,3.0206213,3.4132857,1.0,3,3,1.0,6,6,1.0
5264004,test,a42_43,3.4028716,3.606141,1.0,3,3,1.0,2,2,1.0
5294003,test,a42_43,3.4395769,3.6645775,1.0,3,3,1.0,2,2,1.0
5299172,test,a42_43,3.2210214,3.3685656,1.0,3,3,1.0,2,2,1.0
5306002,test,a42_43,2.5785081,0.0,1.0,3,2,1.0,4,6,1.0
5350030,test,a42_43,2.5767844,3.5163884,1.0,3,3,1.0,4,2,1.0
5364006,test,a42_43,3.2368162,4.2447352,1.0,3,3,1.0,6,6,1.0
5366033,test,a42_43,2.99986,3.8660583,1.0,3,3,1.0,6,4,1.0
5406173,test,a42_43,3.1161807,3.5017936,1.0,3,3,1.0,2,4,1.0
5424030,test,a42_43,1.9679918,2.9297807,1.0,3,3,1.0,6,6,1.0
5425003,test,a42_43,1.8840499,2.960796,1.0,3,3,1.0,2,2,1.0
5430031,test,a42_43,1.7745125,0.0,1.0,3,2,1.0,6,6,1.0
5430171,test,a42_43,2.5246656,3.5347836,1.0,3,3,1.0,6,6,1.0
5443007,test,a42_43,2.3011918,1.5825812,1.0,3,3,1.0,2,2,1.0
5464032,test,a42_43,2.9195485,3.1379235,1.0,3,3,1.0,4,2,1.0
5488007,test,a42_43,2.8233075,2.7536736,1.0,3,3,1.0,2,2,1.0
5494005,test,a42_43,2.621858,3.4795048,1.0,3,3,1.0,6,2,1.0
5513030,test,a42_43,3.0138226,3.0000806,1.0,3,3,1.0,6,6,1.0
5549006,test,a42_43,2.7860365,3.335851,1.0,3,3,1.0,2,4,1.0
5553173,test,a42_43,3.3064387,3.8834674,1.0,3,3,1.0,2,2,1.0
5560186,test,a42_43,3.516191,3.7111013,1.0,3,3,1.0,2,2,1.0
5569009,test,a42_43,2.8476923,0.0,1.0,3,2,1.0,2,3,1.0
5570010,test,a42_43,3.1832159,3.7150583,1.0,3,3,1.0,2,2,1.0
5570012,test,a42_43,3.2932243,3.6708767,1.0,3,3,1.0,2,2,1.0
5570033,test,a42_43,3.4069595,3.5471745,1.0,3,3,1.0,2,2,1.0
5576031,test,a42_43,2.6009579,2.7944415,1.0,3,3,1.0,4,2,1.0
5614005,test,a42_43,2.96369,0.0,1.0,3,2,1.0,4,4,1.0
5615010,test,a42_43,3.0990405,3.4707472,1.0,3,3,1.0,6,2,1.0
5615181,test,a42_43,3.3712513,3.3615167,1.0,3,3,1.0,2,2,1.0
5621170,test,a42_43,3.2072134,3.3248508,1.0,3,3,1.0,2,2,1.0
5626010,test,a42_43,3.133435,3.3940077,1.0,3,2,1.0,2,4,1.0
5634188,test,a42_43,3.195211,4.25247,1.0,3,2,1.0,2,5,1.0
5635031,test,a42_43,2.8999138,3.5281215,1.0,3,3,1.0,2,2,1.0
5646006,test,a42_43,1.0947094,0.0,1.0,2,2,1.0,6,4,1.0
5660005,test,a42_43,3.086431,3.265041,1.0,3,3,1.0,2,4,1.0
5664003,test,a42_43,1.0701935,1.9812955,1.0,2,3,1.0,6,6,1.0
5676007,test,a42_43,3.0543568,3.488077,1.0,3,3,1.0,2,2,1.0
5678030,test,a42_43,2.1041837,2.3447468,1.0,3,2,1.0,6,6,1.0
5684034,test,a42_43,3.8027458,4.056188,1.0,3,3,1.0,2,2,1.0
5784005,test,a42_43,1.0542734,1.765224,1.0,2,3,1.0,6,6,1.0
5819005,test,a42_43,1.2518358,0.0,1.0,2,2,1.0,6,6,1.0
5821008,test,a42_43,3.2299533,2.9437988,1.0,3,3,1.0,2,2,1.0
5863033,test,a42_43,0.99367356,2.1360953,1.0,2,3,1.0,6,6,1.0
5921003,test,a42_43,2.660185,3.4678156,1.0,3,3,1.0,6,6,1.0
5922010,test,a42_43,3.1795216,3.1974998,1.0,3,3,1.0,6,6,1.0
5938031,test,a42_43,2.4849102,0.0,1.0,3,2,1.0,6,6,1.0
5960033,test,a42_43,2.5523396,3.5281215,1.0,3,3,1.0,6,6,1.0
5995005,test,a42_43,1.327714,0.0,1.0,2,2,1.0,6,6,1.0
6028032,test,a42_43,2.3985837,3.5965803,1.0,3,3,1.0,6,6,1.0
6030005,test,a42_43,3.434183,3.335851,1.0,3,3,1.0,6,2,1.0
6030008,test,a42_43,3.2671618,3.1676285,1.0,3,3,1.0,6,2,1.0
6093006,test,a42_43,0.89298224,3.3020296,1.0,2,3,1.0,6,6,1.0
6093011,test,a42_43,2.1938286,2.8392694,1.0,3,2,1.0,6,6,1.0
6114182,test,a42_43,2.8992417,0.0,1.0,3,2,1.0,4,2,1.0
6120195,test,a42_43,1.4577457,2.568642,1.0,2,2,1.0,2,4,1.0
6121030,test,a42_43,3.0313752,4.395766,1.0,3,3,1.0,6,4,1.0
6179003,test,a42_43,3.466568,3.4805162,1.0,3,3,1.0,2,2,1.0
6179170,test,a42_43,1.64136,0.0,1.0,3,2,1.0,2,2,1.0
6191006,test,a42_43,2.840602,1.2621803,1.0,3,3,1.0,4,2,1.0
6200175,test,a42_43,3.5549617,3.5848198,1.0,3,2,1.0,2,2,1.0
6210007,test,a42_43,3.4930525,2.7452414,1.0,3,3,1.0,6,2,1.0
6210008,test,a42_43,2.7042441,0.0,1.0,3,2,1.0,6,4,1.0
6350007,test,a42_43,2.8466845,3.4393446,1.0,3,3,1.0,6,2,1.0
6365010,test,a42_43,1.1826637,3.062897,1.0,2,3,1.0,6,6,1.0
6365011,test,a42_43,2.4273362,0.0,1.0,3,2,1.0,2,2,1.0
6365177,test,a42_43,2.9392116,3.49205,1.0,3,3,1.0,2,2,1.0
6381008,test,a42_43,2.9748485,3.0664406,1.0,3,3,1.0,2,4,1.0
6444003,test,a42_43,2.6960459,2.7671056,1.0,3,2,1.0,2,2,1.0
6475006,test,a42_43,0.91859853,0.9349168,1.0,2,2,1.0,6,6,1.0
6475007,test,a42_43,0.9244634,3.544934,1.0,2,3,1.0,6,6,1.0
6509004,test,a42_43,2.8173928,3.4451652,1.0,3,3,1.0,2,2,1.0
6545008,test,a42_43,3.57755,3.8012211,1.0,3,3,1.0,2,2,1.0
6571003,test,a42_43,2.780689,4.1571207,1.0,3,3,1.0,6,6,1.0
6635009,test,a42_43,0.9783596,0.0,1.0,2,2,1.0,6,6,1.0
6663030,test,a42_43,3.5418143,4.886779,1.0,3,3,1.0,6,6,1.0
6674003,test,a42_43,3.532618,3.7940161,1.0,3,3,1.0,2,2,1.0
6674005,test,a42_43,3.3922176,0.0,1.0,3,2,1.0,4,4,1.0
6736181,test,a42_43,2.7775664,2.6496801,1.0,3,3,1.0,2,2,1.0
6740003,test,a42_43,2.7786775,2.6917005,1.0,3,3,1.0,2,2,1.0
6769008,test,a42_43,2.6682844,0.0,1.0,3,2,1.0,4,4,1.0
6779033,test,a42_43,1.122111,0.0,1.0,2,2,1.0,6,6,1.0
6030,test,a44_45,3.7545645,3.6545084,1.0,3,3,1.0,2,2,1.0
10030,test,a44_45,3.6743302,4.4896984,1.0,3,3,1.0,6,2,1.0
41008,test,a44_45,2.8343914,0.0,1.0,3,2,1.0,2,4,1.0
68003,test,a44_45,3.6186552,3.819024,1.0,3,3,1.0,2,2,1.0
127030,test,a44_45,3.556013,2.281914,1.0,3,3,1.0,2,2,1.0
127031,test,a44_45,3.7076316,3.5618536,1.0,3,3,1.0,2,4,1.0
129031,test,a44_45,1.1739967,1.9444773,1.0,2,3,1.0,6,6,1.0
129196,test,a44_45,3.2678554,0.0,1.0,3,2,1.0,2,2,1.0
165030,test,a44_45,3.5865126,4.1461926,1.0,3,3,1.0,2,2,1.0
284004,test,a44_45,4.2679825,4.4692044,1.0,3,3,1.0,2,2,1.0
301032,test,a44_45,4.1244574,4.127631,1.0,3,3,1.0,2,2,1.0
327003,test,a44_45,3.166874,3.8237772,1.0,3,3,1.0,2,2,1.0
327171,test,a44_45,3.2679093,2.8139703,1.0,3,3,1.0,2,2,1.0
327172,test,a44_45,2.8983734,3.7345612,1.0,3,3,1.0,2,2,1.0
331005,test,a44_45,3.904357,4.2899485,1.0,3,3,1.0,2,2,1.0
344178,test,a44_45,2.9464066,3.544934,1.0,3,3,1.0,2,2,1.0
461030,test,a44_45,3.961132,0.0,1.0,3,3,1.0,2,2,1.0
486004,test,a44_45,3.7399127,3.929022,1.0,3,3,1.0,2,2,1.0
563183,test,a44_45,1.3567923,0.0,1.0,3,2,1.0,2,2,1.0
577004,test,a44_45,2.8468719,3.6034977,1.0,3,3,1.0,2,2,1.0
607030,test,a44_45,3.9893498,4.0534096,1.0,3,3,1.0,2,2,1.0
613173,test,a44_45,3.2328281,4.65822,1.0,3,3,1.0,2,2,1.0
634008,test,a44_45,3.500301,2.6840017,1.0,3,3,1.0,2,2,1.0
652005,test,a44_45,3.3348064,3.8279805,1.0,3,3,1.0,2,2,1.0
672003,test,a44_45,1.5184181,3.7935455,1.0,3,3,1.0,2,4,1.0
691175,test,a44_45,3.6686068,3.3115778,1.0,3,3,1.0,2,2,1.0
699031,test,a44_45,1.9136751,3.51425,1.0,3,3,1.0,6,6,1.0
722178,test,a44_45,1.5771422,3.2750242,1.0,3,3,1.0,2,2,1.0
771003,test,a44_45,3.187725,4.1771755,1.0,3,3,1.0,2,3,1.0
775005,test,a44_45,3.564334,0.0,1.0,3,2,1.0,2,2,1.0
796006,test,a44_45,3.6590955,4.141229,1.0,3,3,1.0,2,6,1.0
844003,test,a44_45,3.5458481,3.8602035,1.0,3,3,1.0,2,2,1.0
863006,test,a44_45,3.2378256,2.9276514,1.0,3,3,1.0,2,2,1.0
863173,test,a44_45,3.8713708,4.001547,1.0,3,3,1.0,2,2,1.0
866172,test,a44_45,3.0461407,3.182386,1.0,3,3,1.0,6,2,1.0
868005,test,a44_45,3.7568722,3.982054,1.0,3,3,1.0,2,2,1.0
875030,test,a44_45,1.970902,0.0,1.0,3,2,1.0,2,2,1.0
897006,test,a44_45,3.2063317,0.0,1.0,3,2,1.0,2,4,1.0
922171,test,a44_45,3.7386215,4.464358,1.0,3,3,1.0,2,2,1.0
934030,test,a44_45,3.5696297,4.293851,1.0,3,3,1.0,2,2,1.0
935005,test,a44_45,2.8627026,2.7943528,1.0,3,3,1.0,2,2,1.0
935176,test,a44_45,3.887744,3.7913468,1.0,3,3,1.0,2,2,1.0
939030,test,a44_45,3.8731303,0.0,0.0,3,-1,0.0,2,-1,0.0
964003,test,a44_45,1.3717042,2.5959773,1.0,3,2,1.0,2,6,1.0
970004,test,a44_45,3.8957193,0.0,0.0,3,-1,0.0,2,-1,0.0
982004,test,a44_45,3.417901,3.535023,1.0,3,3,1.0,2,2,1.0
1033030,test,a44_45,3.4537182,4.886779,1.0,3,3,1.0,2,2,1.0
1036003,test,a44_45,3.9140792,3.1379235,1.0,3,3,1.0,2,2,1.0
1048006,test,a44_45,2.8065827,2.830591,1.0,3,3,1.0,2,2,1.0
1055172,test,a44_45,2.3315854,0.0,0.0,3,-1,0.0,2,-1,0.0
1060175,test,a44_45,3.4889796,3.12007,1.0,3,3,1.0,2,2,1.0
1064171,test,a44_45,4.034111,4.769345,1.0,3,3,1.0,2,2,1.0
1072171,test,a44_45,3.843632,2.855574,1.0,3,3,1.0,2,2,1.0
1084175,test,a44_45,2.5227797,0.0,1.0,3,2,1.0,2,2,1.0
1100172,test,a44_45,3.3738155,3.1936357,1.0,3,3,1.0,2,2,1.0
1141171,test,a44_45,2.64757,1.0692143,1.0,3,3,1.0,2,4,1.0
1142030,test,a44_45,4.0175533,3.2907898,1.0,3,3,1.0,2,4,1.0
1144032,test,a44_45,3.881754,4.1940236,1.0,3,3,1.0,2,2,1.0
1149171,test,a44_45,3.3201237,3.959156,1.0,3,3,1.0,2,2,1.0
1162030,test,a44_45,3.2298653,3.4265366,1.0,3,3,1.0,2,2,1.0
1167030,test,a44_45,1.2157252,1.8126447,1.0,2,3,1.0,6,6,1.0
1168008,test,a44_45,2.7752323,3.010371,1.0,3,3,1.0,4,3,1.0
1222179,test,a44_45,2.5931957,2.674835,1.0,3,3,1.0,2,2,1.0
1260008,test,a44_45,3.0805151,2.8787093,1.0,3,3,1.0,2,2,1.0
1269030,test,a44_45,3.4220207,4.6615767,1.0,3,3,1.0,2,2,1.0
1292030,test,a44_45,3.3125887,0.0,1.0,3,2,1.0,2,4,1.0
1298005,test,a44_45,2.799069,3.5781584,1.0,3,3,1.0,2,2,1.0
1306030,test,a44_45,4.489421,4.886779,1.0,3,3,1.0,2,2,1.0
1335179,test,a44_45,3.0519643,3.6099567,1.0,3,3,1.0,2,2,1.0
1353030,test,a44_45,2.389317,0.0,1.0,3,2,1.0,2,2,1.0
1384030,test,a44_45,3.3923528,3.5587387,1.0,3,3,1.0,2,2,1.0
1399008,test,a44_45,2.3475494,3.9132397,1.0,3,3,1.0,2,4,1.0
1415004,test,a44_45,2.5965004,1.8165611,1.0,3,3,1.0,2,2,1.0
1430005,test,a44_45,2.2829056,0.0,1.0,3,3,1.0,6,6,1.0
1431003,test,a44_45,3.8968344,4.032044,1.0,3,3,1.0,2,2,1.0
1431004,test,a44_45,2.812323,2.5601785,1.0,3,3,1.0,2,2,1.0
1431172,test,a44_45,4.1590495,4.583634,1.0,3,3,1.0,2,2,1.0
1462004,test,a44_45,2.5194473,3.4766757,1.0,3,3,1.0,2,2,1.0
1520173,test,a44_45,3.601242,3.8397665,1.0,3,3,1.0,2,2,1.0
1522175,test,a44_45,3.279029,4.651825,1.0,3,3,1.0,2,2,1.0
1542006,test,a44_45,3.2238746,3.2005377,1.0,3,3,1.0,2,2,1.0
1542177,test,a44_45,3.8360784,4.3412447,1.0,3,3,1.0,2,2,1.0
1567031,test,a44_45,3.5844526,3.8337054,1.0,3,3,1.0,2,6,1.0
1608031,test,a44_45,3.1959906,3.5350552,1.0,3,3,1.0,2,2,1.0
1612003,test,a44_45,4.018902,3.4995418,1.0,3,3,1.0,2,4,1.0
1621003,test,a44_45,2.4473772,3.456708,1.0,3,3,1.0,2,2,1.0
1648003,test,a44_45,3.7563648,2.9091923,1.0,3,3,1.0,2,2,1.0
1648030,test,a44_45,3.3148165,0.553295,1.0,3,2,1.0,6,6,1.0
1670172,test,a44_45,3.4023032,3.416885,1.0,3,3,1.0,2,2,1.0
1684170,test,a44_45,1.2892717,3.3823977,1.0,3,3,1.0,2,2,1.0
1690030,test,a44_45,3.9301147,4.214547,1.0,3,3,1.0,2,2,1.0
1692176,test,a44_45,3.529172,3.6672997,1.0,3,3,1.0,2,2,1.0
1695030,test,a44_45,3.1065748,3.1983416,1.0,3,3,1.0,6,2,1.0
1697036,test,a44_45,3.4676418,1.6775823,1.0,3,3,1.0,2,2,1.0
1698170,test,a44_45,2.5973108,2.58183,1.0,3,3,1.0,2,2,1.0
1700031,test,a44_45,3.4547358,3.881782,1.0,3,2,1.0,2,2,1.0
1701003,test,a44_45,3.4410095,4.0716443,1.0,3,3,1.0,6,6,1.0
1711003,test,a44_45,2.5863223,0.0,1.0,3,2,1.0,2,2,1.0
1711171,test,a44_45,3.6936078,0.0,0.0,3,-1,0.0,2,-1,0.0
1732005,test,a44_45,2.8122067,3.738171,1.0,3,3,1.0,2,4,1.0
1762187,test,a44_45,2.086494,2.7413988,1.0,3,3,1.0,2,3,1.0
1786187,test,a44_45,3.6107478,3.563177,1.0,3,3,1.0,2,2,1.0
1837006,test,a44_45,3.6699548,2.9535642,1.0,3,3,1.0,2,2,1.0
1850172,test,a44_45,2.0998397,3.6509905,1.0,3,3,1.0,2,2,1.0
1878030,test,a44_45,3.1948793,2.485891,1.0,3,3,1.0,2,4,1.0
1879030,test,a44_45,3.8670635,4.1844926,1.0,3,3,1.0,2,2,1.0
1905004,test,a44_45,3.7263222,3.937253,1.0,3,3,1.0,2,2,1.0
1919009,test,a44_45,3.2982533,2.5942936,1.0,3,3,1.0,2,2,1.0
1935004,test,a44_45,3.090238,2.5154653,1.0,3,3,1.0,2,2,1.0
1936030,test,a44_45,2.5327349,3.025048,1.0,3,3,1.0,2,2,1.0
1978171,test,a44_45,2.9228072,2.7982898,1.0,3,3,1.0,2,2,1.0
2030031,test,a44_45,3.23766,3.12007,1.0,3,3,1.0,6,2,1.0
2117003,test,a44_45,2.983206,2.533896,1.0,3,3,1.0,2,2,1.0
2150172,test,a44_45,2.1362646,2.4029288,1.0,3,3,1.0,2,4,1.0
2199182,test,a44_45,2.9335587,4.1311436,1.0,3,3,1.0,2,2,1.0
2206030,test,a44_45,3.683034,3.6876562,1.0,3,3,1.0,2,2,1.0
2212031,test,a44_45,4.023303,0.0,0.0,3,-1,0.0,2,-1,0.0
2238004,test,a44_45,3.691288,3.7364755,1.0,3,3,1.0,2,4,1.0
2238172,test,a44_45,3.0699685,4.594401,1.0,3,3,1.0,2,4,1.0
2252172,test,a44_45,3.4469078,2.9569104,1.0,3,3,1.0,2,2,1.0
2255030,test,a44_45,4.4201107,4.886779,1.0,3,3,1.0,2,2,1.0
2277008,test,a44_45,2.9012542,2.8933933,1.0,3,3,1.0,2,2,1.0
2311172,test,a44_45,2.259978,2.0815432,1.0,3,3,1.0,2,2,1.0
2330003,test,a44_45,3.960375,4.0919957,1.0,3,3,1.0,2,2,1.0
2338003,test,a44_45,3.5510535,4.671329,1.0,3,3,1.0,2,2,1.0
2341004,test,a44_45,2.9655976,3.8012211,1.0,3,2,1.0,2,2,1.0
2341005,test,a44_45,3.0231442,4.886779,1.0,3,3,1.0,2,2,1.0
2354004,test,a44_45,2.1946275,2.4985237,1.0,3,3,1.0,2,2,1.0
2392004,test,a44_45,2.467061,2.3108797,1.0,3,3,1.0,2,4,1.0
2393005,test,a44_45,4.0732527,3.1619115,1.0,3,3,1.0,2,2,1.0
2393171,test,a44_45,3.0852375,4.4380894,1.0,3,3,1.0,2,2,1.0
2409006,test,a44_45,2.8773248,3.8615713,1.0,3,3,1.0,2,4,1.0
2409171,test,a44_45,2.8828645,2.973692,1.0,3,3,1.0,2,4,1.0
2422178,test,a44_45,3.7785287,3.6084042,1.0,3,3,1.0,2,2,1.0
2459030,test,a44_45,3.269986,4.065095,1.0,3,3,1.0,2,2,1.0
2474030,test,a44_45,3.4886153,3.6439416,1.0,3,3,1.0,2,2,1.0
2474171,test,a44_45,2.7975416,0.0,0.0,3,-1,0.0,2,-1,0.0
2485173,test,a44_45,3.1789143,2.4565563,1.0,3,3,1.0,2,2,1.0
2496172,test,a44_45,2.5562778,3.4912474,1.0,3,3,1.0,2,2,1.0
2502005,test,a44_45,3.1787188,3.0863564,1.0,3,3,1.0,2,2,1.0
2510171,test,a44_45,3.108585,4.201461,1.0,3,3,1.0,2,2,1.0
2525174,test,a44_45,2.8044658,3.460082,1.0,3,2,1.0,2,2,1.0
2530184,test,a44_45,2.908741,2.852689,1.0,3,3,1.0,2,2,1.0
2547171,test,a44_45,3.9666097,4.379028,1.0,3,3,1.0,2,2,1.0
2580030,test,a44_45,4.4013004,4.831237,1.0,3,3,1.0,2,2,1.0
2593171,test,a44_45,3.7651463,4.5944476,1.0,3,3,1.0,2,4,1.0
2615031,test,a44_45,3.6681492,3.4200091,1.0,3,3,1.0,2,2,1.0
2642030,test,a44_45,2.8274183,3.7259781,1.0,3,3,1.0,2,2,1.0
2655002,test,a44_45,1.8705814,0.0,1.0,3,2,1.0,2,2,1.0
2705031,test,a44_45,4.0004144,3.9369006,1.0,3,3,1.0,2,4,1.0
2707179,test,a44_45,3.511323,2.8540463,1.0,3,3,1.0,2,2,1.0
2714031,test,a44_45,3.7328646,4.123183,1.0,3,3,1.0,2,4,1.0
2717004,test,a44_45,3.8911335,3.1718357,1.0,3,3,1.0,2,2,1.0
2738171,test,a44_45,4.065387,4.800682,1.0,3,3,1.0,2,2,1.0
2794003,test,a44_45,3.6892543,3.5488956,1.0,3,3,1.0,2,2,1.0
2845030,test,a44_45,2.6181245,3.4421458,1.0,3,3,1.0,2,2,1.0
2847030,test,a44_45,3.201222,3.435388,1.0,3,3,1.0,4,4,1.0
2848174,test,a44_45,2.1957967,1.870879,1.0,3,3,1.0,6,2,1.0
2852006,test,a44_45,1.8911387,1.8338429,1.0,3,2,1.0,2,4,1.0
2852030,test,a44_45,3.6755497,2.9869761,1.0,3,3,1.0,2,4,1.0
2869170,test,a44_45,3.736565,4.5567827,1.0,3,3,1.0,2,2,1.0
2897006,test,a44_45,3.184545,2.697948,1.0,3,3,1.0,2,2,1.0
2900171,test,a44_45,4.0020714,2.600042,1.0,3,3,1.0,2,2,1.0
2907006,test,a44_45,2.9250677,0.0,0.0,3,-1,0.0,2,-1,0.0
2920030,test,a44_45,3.547266,3.6819823,1.0,3,3,1.0,6,4,1.0
3107001,test,a44_45,3.5670896,4.01561,1.0,3,3,1.0,2,4,1.0
3137007,test,a44_45,2.4656868,1.9174321,1.0,3,3,1.0,6,6,1.0
3283002,test,a44_45,3.9045436,4.065468,1.0,3,2,1.0,2,2,1.0
3492001,test,a44_45,3.5000322,0.21674845,1.0,3,2,1.0,6,2,1.0
5016170,test,a44_45,3.119707,2.8075144,1.0,3,3,1.0,2,4,1.0
5082003,test,a44_45,3.4226134,4.077138,1.0,3,3,1.0,6,4,1.0
5145032,test,a44_45,3.3446496,3.7119908,1.0,3,3,1.0,6,6,1.0
5163030,test,a44_45,3.1582444,3.60013,1.0,3,3,1.0,2,4,1.0
5177171,test,a44_45,1.4901468,0.8536134,1.0,3,3,1.0,6,6,1.0
5199178,test,a44_45,3.1984859,3.813694,1.0,3,3,1.0,2,2,1.0
5241030,test,a44_45,3.097589,3.9443512,1.0,3,3,1.0,6,6,1.0
5264004,test,a44_45,3.4948149,3.6067438,1.0,3,3,1.0,2,2,1.0
5294003,test,a44_45,3.5190725,3.7558146,1.0,3,3,1.0,2,2,1.0
5299172,test,a44_45,3.2883906,3.3873496,1.0,3,3,1.0,2,2,1.0
5306002,test,a44_45,2.6317976,1.4095232,1.0,3,3,1.0,4,6,1.0
5350030,test,a44_45,2.6281838,3.545665,1.0,3,3,1.0,4,2,1.0
5364006,test,a44_45,3.282862,3.901413,1.0,3,2,1.0,6,6,1.0
5366033,test,a44_45,3.0710921,3.978181,1.0,3,3,1.0,6,4,1.0
5406173,test,a44_45,3.196766,3.4039729,1.0,3,3,1.0,2,4,1.0
5424030,test,a44_45,2.0541291,3.5287027,1.0,3,3,1.0,6,6,1.0
5425003,test,a44_45,1.9196159,3.2001226,1.0,3,3,1.0,2,2,1.0
5430031,test,a44_45,1.8790227,0.94651103,1.0,3,3,1.0,6,6,1.0
5430171,test,a44_45,2.565021,3.6887305,1.0,3,3,1.0,6,6,1.0
5443007,test,a44_45,2.3526306,2.8802483,1.0,3,3,1.0,2,2,1.0
5464032,test,a44_45,2.9550087,3.486668,1.0,3,3,1.0,4,2,1.0
5488007,test,a44_45,2.8708413,2.703032,1.0,3,3,1.0,2,2,1.0
5494005,test,a44_45,2.6617045,3.3568435,1.0,3,3,1.0,6,2,1.0
5513030,test,a44_45,3.0915775,3.2729912,1.0,3,2,1.0,6,6,1.0
5549006,test,a44_45,2.834883,3.2234797,1.0,3,3,1.0,2,4,1.0
5553173,test,a44_45,3.3917618,3.7351592,1.0,3,3,1.0,2,2,1.0
5560186,test,a44_45,3.607207,3.9101806,1.0,3,3,1.0,2,2,1.0
5569009,test,a44_45,2.9004445,0.1438407,1.0,3,2,1.0,2,3,1.0
5570010,test,a44_45,3.245604,3.6708767,1.0,3,3,1.0,2,2,1.0
5570012,test,a44_45,3.337224,3.6192079,1.0,3,3,1.0,2,2,1.0
5570033,test,a44_45,3.5008254,3.7694345,1.0,3,3,1.0,2,2,1.0
5576031,test,a44_45,2.6838617,2.7479036,1.0,3,3,1.0,4,2,1.0
5614005,test,a44_45,2.9899015,2.8548763,1.0,3,3,1.0,4,4,1.0
5615010,test,a44_45,3.1205382,3.5584557,1.0,3,3,1.0,6,2,1.0
5615181,test,a44_45,3.4373968,3.1251588,1.0,3,3,1.0,2,2,1.0
5621170,test,a44_45,3.279613,3.3329153,1.0,3,3,1.0,2,2,1.0
5626010,test,a44_45,3.190693,3.1379235,1.0,3,3,1.0,2,4,1.0
5634188,test,a44_45,3.2880259,0.0,1.0,3,2,1.0,2,5,1.0
5635031,test,a44_45,2.9730737,3.6718059,1.0,3,3,1.0,2,2,1.0
5646006,test,a44_45,1.1520116,1.4624746,1.0,2,3,1.0,6,4,1.0
5660005,test,a44_45,3.1397336,3.4188793,1.0,3,3,1.0,2,4,1.0
5664003,test,a44_45,1.1397843,1.9542142,1.0,2,2,1.0,6,6,1.0
5676007,test,a44_45,3.1244733,3.5589597,1.0,3,3,1.0,2,2,1.0
5678030,test,a44_45,2.217256,0.0,1.0,3,3,1.0,6,6,1.0
5684034,test,a44_45,3.881033,4.304901,1.0,3,3,1.0,2,2,1.0
5784005,test,a44_45,1.1387194,0.0,1.0,2,2,1.0,6,6,1.0
5819005,test,a44_45,1.293369,0.0,1.0,2,2,1.0,6,6,1.0
5821008,test,a44_45,3.2677069,3.1327703,1.0,3,3,1.0,2,2,1.0
5863033,test,a44_45,1.097148,2.1044023,1.0,2,3,1.0,6,6,1.0
5921003,test,a44_45,2.747591,3.2579508,1.0,3,2,1.0,6,6,1.0
5922010,test,a44_45,3.2219338,3.2839227,1.0,3,3,1.0,6,6,1.0
5938031,test,a44_45,2.5896485,1.6732749,1.0,3,2,1.0,6,6,1.0
5960033,test,a44_45,2.7157383,3.0626745,1.0,3,3,1.0,6,6,1.0
5995005,test,a44_45,1.4209557,0.0,1.0,2,2,1.0,6,6,1.0
6028032,test,a44_45,2.4279191,3.4766757,1.0,3,3,1.0,6,6,1.0
6030005,test,a44_45,3.4447958,3.6509905,1.0,3,3,1.0,6,2,1.0
6030008,test,a44_45,3.2886634,3.1529975,1.0,3,3,1.0,6,2,1.0
6093006,test,a44_45,0.95037663,3.331553,1.0,2,3,1.0,6,6,1.0
6093011,test,a44_45,2.229528,2.8645954,1.0,3,3,1.0,6,6,1.0
6114182,test,a44_45,2.9391797,0.0,1.0,3,2,1.0,4,4,1.0
6120195,test,a44_45,1.4934144,0.0,1.0,3,2,1.0,2,4,1.0
6121030,test,a44_45,3.102009,4.007859,1.0,3,3,1.0,6,4,1.0
6179003,test,a44_45,3.543316,3.4366326,1.0,3,3,1.0,2,2,1.0
6179170,test,a44_45,1.6575687,0.0,1.0,3,2,1.0,2,2,1.0
6191006,test,a44_45,2.8665066,3.7130666,1.0,3,3,1.0,4,2,1.0
6200175,test,a44_45,3.6262946,3.2409673,1.0,3,3,1.0,2,2,1.0
6210007,test,a44_45,3.506055,2.7840075,1.0,3,3,1.0,6,2,1.0
6210008,test,a44_45,2.762407,2.4192536,1.0,3,3,1.0,6,4,1.0
6350007,test,a44_45,2.9127,3.3488512,1.0,3,3,1.0,6,2,1.0
6365010,test,a44_45,1.2141415,2.966243,1.0,2,3,1.0,6,6,1.0
6365011,test,a44_45,2.4470778,0.0,1.0,3,2,1.0,2,2,1.0
6365177,test,a44_45,3.0011802,4.579592,1.0,3,2,1.0,2,2,1.0
6381008,test,a44_45,3.079887,4.0907545,1.0,3,3,1.0,2,4,1.0
6444003,test,a44_45,2.7669504,3.5554013,1.0,3,3,1.0,2,2,1.0
6475006,test,a44_45,0.9721134,2.2798254,1.0,2,3,1.0,6,6,1.0
6475007,test,a44_45,0.9801475,3.49205,1.0,2,3,1.0,6,6,1.0
6509004,test,a44_45,2.9084964,3.5773633,1.0,3,3,1.0,2,2,1.0
6545008,test,a44_45,3.5803447,3.809728,1.0,3,3,1.0,6,2,1.0
6571003,test,a44_45,2.8300252,4.2117763,1.0,3,3,1.0,6,6,1.0
6635009,test,a44_45,1.0205284,0.0,1.0,2,2,1.0,6,6,1.0
6663030,test,a44_45,3.5639517,4.527755,1.0,3,3,1.0,6,6,1.0
6674003,test,a44_45,3.5863938,3.7786224,1.0,3,3,1.0,2,2,1.0
6674005,test,a44_45,3.4533157,0.0,0.0,3,-1,0.0,4,-1,0.0
6736181,test,a44_45,2.828808,2.8547702,1.0,3,3,1.0,2,2,1.0
6740003,test,a44_45,2.811196,3.5209594,1.0,3,3,1.0,2,2,1.0
6769008,test,a44_45,2.7072148,0.0,1.0,3,2,1.0,4,4,1.0
6779033,test,a44_45,1.1941031,0.0,1.0,2,2,1.0,6,6,1.0
6820030,test,a30_31,3.0052207,0.0,1.0,3,2,1.0,6,6,1.0
6843006,test,a30_31,0.25777054,0.0,1.0,2,2,1.0,6,2,1.0
6857006,test,a30_31,3.2263322,4.886779,1.0,3,3,1.0,2,3,1.0
6820030,test,a32_33,2.9207416,1.6985121,1.0,3,2,1.0,6,6,1.0
6843006,test,a32_33,0.4680698,0.0,1.0,2,2,1.0,6,6,1.0
6857006,test,a32_33,3.1557698,2.6426997,1.0,3,3,1.0,2,3,1.0
6820030,test,a34_35,2.8844008,0.0,1.0,3,2,1.0,6,6,1.0
6843006,test,a34_35,0.63809586,0.33577913,1.0,2,2,1.0,6,6,1.0
6857006,test,a34_35,3.1329956,3.9554691,1.0,3,3,1.0,2,4,1.0
6820030,test,a36_37,2.8455727,0.44449985,1.0,3,2,1.0,6,6,1.0
6843006,test,a36_37,0.83457386,1.9499075,1.0,2,3,1.0,6,6,1.0
6857006,test,a36_37,3.1368933,3.1834235,1.0,3,3,1.0,2,2,1.0
6820030,test,a38_39,2.7959363,0.0,1.0,3,2,1.0,6,6,1.0
6843006,test,a38_39,0.95032275,1.9161729,1.0,2,3,1.0,6,6,1.0
6857006,test,a38_39,3.1409109,4.07775,1.0,3,3,1.0,2,2,1.0
6820030,test,a40_41,2.8330908,0.0,1.0,3,2,1.0,6,6,1.0
6843006,test,a40_41,1.0163064,1.8969418,1.0,2,2,1.0,6,2,1.0
6857006,test,a40_41,3.1134052,3.766271,1.0,3,3,1.0,2,3,1.0
6820030,test,a42_43,2.7804866,0.0,1.0,3,2,1.0,6,6,1.0
6843006,test,a42_43,0.99138963,1.5200922,1.0,2,3,1.0,6,2,1.0
6857006,test,a42_43,3.0518851,3.7407627,1.0,3,3,1.0,2,5,1.0
6820030,test,a44_45,2.885197,0.0,1.0,3,2,1.0,6,6,1.0
6843006,test,a44_45,1.0628121,0.0,1.0,2,2,1.0,6,2,1.0
6857006,test,a44_45,3.115672,4.0956507,1.0,3,3,1.0,2,5,1.0
