ID,split,target_bin,pred_earn,true_earn,mask_earn,pred_emp,true_emp,mask_emp,pred_mar,true_mar,mask_mar
4007,val,a30_31,2.8628829,1.2333428,1.0,3,2,1.0,2,2,1.0
6174,val,a30_31,3.505444,3.5177844,1.0,3,3,1.0,2,2,1.0
14004,val,a30_31,3.5311747,3.7227888,1.0,3,3,1.0,2,2,1.0
14172,val,a30_31,0.4285159,0.0,1.0,2,2,1.0,2,2,1.0
14173,val,a30_31,2.7834532,3.7706354,1.0,3,3,1.0,2,2,1.0
18031,val,a30_31,0.33737254,0.81838655,1.0,2,2,1.0,2,2,1.0
18185,val,a30_31,2.1973896,0.0,1.0,3,3,1.0,2,3,1.0
23031,val,a30_31,3.3522058,2.8751705,1.0,3,3,1.0,6,6,1.0
40173,val,a30_31,3.6693606,4.076673,1.0,3,3,1.0,2,4,1.0
51171,val,a30_31,3.2740276,3.2225082,1.0,3,3,1.0,2,2,1.0
84005,val,a30_31,3.349371,4.049696,1.0,3,3,1.0,6,6,1.0
121173,val,a30_31,3.1722302,4.0438795,1.0,3,3,1.0,2,2,1.0
128004,val,a30_31,3.700214,3.8195267,1.0,3,3,1.0,2,2,1.0
145170,val,a30_31,3.3452904,3.3709557,1.0,3,3,1.0,2,2,1.0
161004,val,a30_31,3.679017,4.204043,1.0,3,3,1.0,6,6,1.0
172031,val,a30_31,3.5120568,3.4236188,1.0,3,3,1.0,2,2,1.0
174175,val,a30_31,1.7793033,3.4206977,1.0,3,3,1.0,2,2,1.0
221031,val,a30_31,3.6430192,3.6323774,1.0,3,3,1.0,2,2,1.0
223030,val,a30_31,3.5420463,3.2050848,1.0,3,2,1.0,2,2,1.0
227003,val,a30_31,4.036437,3.901564,1.0,3,3,1.0,6,2,1.0
257175,val,a30_31,3.1568956,3.1132894,1.0,3,3,1.0,2,2,1.0
263182,val,a30_31,3.512736,3.5551443,1.0,3,3,1.0,2,2,1.0
321005,val,a30_31,2.359889,0.0,0.0,3,-1,0.0,2,-1,0.0
361175,val,a30_31,2.1410627,2.389918,1.0,3,3,1.0,2,4,1.0
377170,val,a30_31,3.216277,3.303338,1.0,3,3,1.0,2,2,1.0
450030,val,a30_31,3.6541095,4.141229,1.0,3,3,1.0,6,6,1.0
465030,val,a30_31,2.4113,2.9653394,1.0,3,3,1.0,4,4,1.0
478030,val,a30_31,2.8579834,2.9689102,1.0,3,2,1.0,6,2,1.0
503031,val,a30_31,2.4783294,3.7946298,1.0,3,3,1.0,2,2,1.0
514172,val,a30_31,3.7308023,3.7249148,1.0,3,3,1.0,2,2,1.0
534030,val,a30_31,3.3130727,3.3445346,1.0,3,3,1.0,2,2,1.0
534171,val,a30_31,3.6555588,3.6154544,1.0,3,3,1.0,2,2,1.0
544170,val,a30_31,2.7461245,2.5946815,1.0,3,3,1.0,2,2,1.0
563193,val,a30_31,3.3395567,2.9333522,1.0,3,3,1.0,2,2,1.0
577174,val,a30_31,3.0011573,2.6081264,1.0,3,2,1.0,2,2,1.0
613006,val,a30_31,2.9543457,4.2846055,1.0,3,3,1.0,2,6,1.0
618170,val,a30_31,3.775366,4.2050204,1.0,3,3,1.0,2,2,1.0
631030,val,a30_31,3.127414,0.0,0.0,3,3,1.0,2,2,1.0
633031,val,a30_31,3.3204708,3.3445346,1.0,3,3,1.0,2,2,1.0
652173,val,a30_31,3.1294043,3.6388054,1.0,3,3,1.0,2,2,1.0
655172,val,a30_31,3.4123254,3.6167312,1.0,3,3,1.0,2,2,1.0
656005,val,a30_31,2.6012697,1.7369525,1.0,3,3,1.0,2,2,1.0
691171,val,a30_31,2.7737389,0.0,0.0,3,-1,0.0,2,-1,0.0
738172,val,a30_31,2.1319332,2.6902387,1.0,3,3,1.0,2,2,1.0
751030,val,a30_31,1.7361329,0.0,1.0,2,2,1.0,2,2,1.0
762170,val,a30_31,3.9191768,4.4477153,1.0,3,3,1.0,2,2,1.0
783171,val,a30_31,3.4045455,3.4384992,1.0,3,3,1.0,2,2,1.0
863007,val,a30_31,2.5499783,2.2456512,1.0,3,3,1.0,2,2,1.0
893170,val,a30_31,2.8083425,2.9455593,1.0,3,3,1.0,2,2,1.0
894031,val,a30_31,3.3699613,2.461121,1.0,3,3,1.0,2,2,1.0
898181,val,a30_31,2.6454756,3.0409112,1.0,3,2,1.0,2,2,1.0
899003,val,a30_31,3.2923002,3.0307395,1.0,3,3,1.0,2,4,1.0
916032,val,a30_31,2.3750188,3.3619723,1.0,3,3,1.0,6,6,1.0
922005,val,a30_31,3.7737594,3.2996137,1.0,3,3,1.0,2,2,1.0
931172,val,a30_31,3.3017166,3.1621735,1.0,3,3,1.0,2,2,1.0
939032,val,a30_31,4.3258886,0.0,1.0,3,3,1.0,2,2,1.0
958030,val,a30_31,3.3577447,3.497985,1.0,3,3,1.0,2,2,1.0
958173,val,a30_31,2.8893557,2.9178963,1.0,3,3,1.0,2,2,1.0
961005,val,a30_31,2.8577783,2.9415638,1.0,3,3,1.0,4,4,1.0
961030,val,a30_31,3.0995016,3.5397089,1.0,3,3,1.0,6,6,1.0
961175,val,a30_31,3.325966,3.023627,1.0,3,3,1.0,2,2,1.0
1051183,val,a30_31,3.8921015,4.358222,1.0,3,3,1.0,2,2,1.0
1084005,val,a30_31,3.0715294,2.8418088,1.0,3,2,1.0,2,2,1.0
1089003,val,a30_31,3.1114829,3.3856127,1.0,3,3,1.0,2,2,1.0
1093003,val,a30_31,0.5508325,0.0,1.0,2,2,1.0,2,2,1.0
1107173,val,a30_31,1.235479,1.0235457,1.0,3,3,1.0,2,2,1.0
1109174,val,a30_31,1.6847619,0.6388453,1.0,3,2,1.0,2,2,1.0
1121030,val,a30_31,3.3475595,3.028002,1.0,3,3,1.0,2,2,1.0
1121175,val,a30_31,2.1161485,1.7948437,1.0,3,3,1.0,2,2,1.0
1125172,val,a30_31,2.6848934,2.3413634,1.0,3,3,1.0,2,2,1.0
1126030,val,a30_31,3.1090312,0.8757976,1.0,3,2,1.0,2,2,1.0
1126176,val,a30_31,1.2549279,4.886779,1.0,3,3,1.0,2,2,1.0
1152180,val,a30_31,3.429976,3.4580646,1.0,3,3,1.0,2,2,1.0
1164004,val,a30_31,3.2077188,3.0181873,1.0,3,3,1.0,2,2,1.0
1184032,val,a30_31,3.4289823,3.2616544,1.0,3,3,1.0,2,2,1.0
1184033,val,a30_31,1.6217533,3.2050848,1.0,2,3,1.0,6,6,1.0
1185003,val,a30_31,3.4680438,3.8515978,1.0,3,2,1.0,2,2,1.0
1222004,val,a30_31,2.2228181,2.0934732,1.0,3,2,1.0,2,2,1.0
1222006,val,a30_31,2.9089687,3.177607,1.0,3,3,1.0,2,2,1.0
1284170,val,a30_31,3.5338478,3.9491403,1.0,3,3,1.0,2,2,1.0
1292004,val,a30_31,2.704504,1.9329143,1.0,3,2,1.0,2,2,1.0
1314172,val,a30_31,3.1834397,0.0,1.0,3,2,1.0,2,2,1.0
1332005,val,a30_31,4.2814913,4.41165,1.0,3,2,1.0,4,4,1.0
1335010,val,a30_31,3.0695019,2.8107677,1.0,3,3,1.0,2,2,1.0
1338003,val,a30_31,3.246825,3.6048794,1.0,3,3,1.0,6,6,1.0
1345006,val,a30_31,3.0891562,3.5205963,1.0,3,2,1.0,2,4,1.0
1345007,val,a30_31,2.4755387,3.6249468,1.0,3,3,1.0,6,6,1.0
1346030,val,a30_31,3.7942057,0.0,1.0,3,2,1.0,6,2,1.0
1391033,val,a30_31,3.7104912,3.6421258,1.0,3,3,1.0,6,2,1.0
1391175,val,a30_31,0.5268409,0.0,1.0,2,2,1.0,2,2,1.0
1394033,val,a30_31,2.5819216,0.0,1.0,3,2,1.0,6,4,1.0
1397005,val,a30_31,3.4014926,3.6570578,1.0,3,3,1.0,2,2,1.0
1397172,val,a30_31,0.98321044,0.0,1.0,2,2,1.0,2,2,1.0
1426004,val,a30_31,1.7563038,1.5148215,1.0,3,3,1.0,6,2,1.0
1434032,val,a30_31,2.8400161,2.5882483,1.0,3,2,1.0,2,2,1.0
1434170,val,a30_31,3.3057406,2.7760577,1.0,3,3,1.0,2,2,1.0
1435005,val,a30_31,3.7531276,3.8998532,1.0,3,3,1.0,6,6,1.0
1485171,val,a30_31,3.3895533,3.5806315,1.0,3,3,1.0,2,2,1.0
1520031,val,a30_31,3.337136,3.6576927,1.0,3,3,1.0,2,4,1.0
1540005,val,a30_31,4.224697,4.493356,1.0,3,3,1.0,6,6,1.0
1559003,val,a30_31,4.305373,4.33515,1.0,3,3,1.0,2,2,1.0
1559170,val,a30_31,3.3714352,3.7329192,1.0,3,3,1.0,2,2,1.0
1565180,val,a30_31,3.0973065,2.850009,1.0,3,3,1.0,2,2,1.0
1579030,val,a30_31,2.9455845,3.539721,1.0,3,3,1.0,2,2,1.0
1613007,val,a30_31,2.6874256,3.3296845,1.0,3,2,1.0,2,2,1.0
1621171,val,a30_31,3.828885,4.0290737,1.0,3,3,1.0,2,2,1.0
1644004,val,a30_31,3.3701186,3.1041627,1.0,3,2,1.0,2,2,1.0
1652031,val,a30_31,3.1068122,3.7628198,1.0,3,3,1.0,2,2,1.0
1682032,val,a30_31,2.8310683,4.232157,1.0,3,3,1.0,6,6,1.0
1684173,val,a30_31,3.1123703,3.0831435,1.0,3,3,1.0,2,2,1.0
1687003,val,a30_31,3.0695589,3.0770123,1.0,3,3,1.0,2,2,1.0
1690170,val,a30_31,2.1844609,2.9952161,1.0,3,3,1.0,2,2,1.0
1692030,val,a30_31,0.2794268,0.0,1.0,2,2,1.0,2,2,1.0
1695034,val,a30_31,3.0869074,3.154082,1.0,3,3,1.0,2,2,1.0
1701004,val,a30_31,2.5568476,2.9586496,1.0,3,3,1.0,2,2,1.0
1721030,val,a30_31,3.764337,4.218239,1.0,3,3,1.0,2,4,1.0
1723005,val,a30_31,0.19765258,0.0,1.0,2,2,1.0,2,2,1.0
1762030,val,a30_31,2.4925787,1.8541794,1.0,3,3,1.0,2,2,1.0
1762031,val,a30_31,3.5115194,3.4748342,1.0,3,3,1.0,2,2,1.0
1762032,val,a30_31,1.8926129,0.8422866,1.0,3,3,1.0,2,2,1.0
1774170,val,a30_31,3.331388,3.530886,1.0,3,3,1.0,2,2,1.0
1774171,val,a30_31,3.3123813,3.757377,1.0,3,3,1.0,2,2,1.0
1784171,val,a30_31,3.7902622,4.354948,1.0,3,3,1.0,2,2,1.0
1786191,val,a30_31,3.7473812,4.0242934,1.0,3,3,1.0,2,2,1.0
1787005,val,a30_31,3.3282614,3.5573397,1.0,3,3,1.0,2,2,1.0
1787174,val,a30_31,3.1184669,3.4187503,1.0,3,3,1.0,2,2,1.0
1802003,val,a30_31,3.0328526,2.8268056,1.0,3,3,1.0,2,2,1.0
1845170,val,a30_31,3.7476964,3.5920963,1.0,3,3,1.0,2,2,1.0
1862171,val,a30_31,3.2264533,1.0280056,1.0,3,3,1.0,2,2,1.0
1898004,val,a30_31,3.3709755,4.0346365,1.0,3,3,1.0,6,6,1.0
1911030,val,a30_31,2.50876,3.1301715,1.0,3,3,1.0,2,3,1.0
1914003,val,a30_31,0.610255,0.13113108,1.0,2,3,1.0,2,2,1.0
1919007,val,a30_31,3.915382,3.7895627,1.0,3,3,1.0,2,2,1.0
1954003,val,a30_31,3.4022918,3.2025814,1.0,3,3,1.0,2,2,1.0
1959005,val,a30_31,3.8162005,4.0288734,1.0,3,3,1.0,6,6,1.0
1964031,val,a30_31,2.5095422,0.0,0.0,3,-1,0.0,4,-1,0.0
1972173,val,a30_31,0.6947546,0.0,1.0,2,2,1.0,2,2,1.0
1978030,val,a30_31,3.4135303,3.5649583,1.0,3,3,1.0,2,2,1.0
2005030,val,a30_31,2.9408762,2.9669423,1.0,3,3,1.0,6,6,1.0
2011174,val,a30_31,2.713616,2.6167932,1.0,3,3,1.0,2,2,1.0
2023030,val,a30_31,3.6796217,4.596575,1.0,3,3,1.0,6,6,1.0
2028030,val,a30_31,3.2517743,3.7856972,1.0,3,3,1.0,2,4,1.0
2055003,val,a30_31,2.609476,2.474848,1.0,3,3,1.0,2,2,1.0
2067005,val,a30_31,3.539359,3.8257277,1.0,3,3,1.0,2,2,1.0
2080170,val,a30_31,2.06045,0.7748619,1.0,3,3,1.0,2,2,1.0
2106171,val,a30_31,0.36655688,0.0,1.0,2,2,1.0,2,2,1.0
2109002,val,a30_31,3.2859664,4.0631533,1.0,3,3,1.0,2,2,1.0
2129186,val,a30_31,3.1286244,3.000162,1.0,3,3,1.0,2,2,1.0
2181007,val,a30_31,0.361063,0.0,1.0,2,2,1.0,6,6,1.0
2181030,val,a30_31,3.0037866,3.2536054,1.0,3,3,1.0,2,4,1.0
2243174,val,a30_31,3.6389058,4.1554103,1.0,3,3,1.0,2,2,1.0
2260173,val,a30_31,2.6984518,1.88501,1.0,3,2,1.0,2,2,1.0
2261030,val,a30_31,3.02943,2.6918542,1.0,3,3,1.0,2,2,1.0
2271171,val,a30_31,2.6680949,2.9267282,1.0,3,3,1.0,2,2,1.0
2282005,val,a30_31,3.0593839,3.3026655,1.0,3,3,1.0,6,4,1.0
2302195,val,a30_31,0.4340279,0.0,1.0,2,2,1.0,2,2,1.0
2334031,val,a30_31,3.61598,4.190539,1.0,3,3,1.0,2,2,1.0
2341172,val,a30_31,2.9474409,1.6821941,1.0,3,2,1.0,2,2,1.0
2354175,val,a30_31,3.693122,0.02431143,1.0,3,3,1.0,6,2,1.0
2355004,val,a30_31,1.2785126,2.3455245,1.0,3,3,1.0,2,4,1.0
2391030,val,a30_31,3.3728936,3.3619723,1.0,3,3,1.0,2,2,1.0
2397173,val,a30_31,0.6631832,0.0,1.0,2,2,1.0,2,3,1.0
2408170,val,a30_31,3.0706644,2.1372008,1.0,3,3,1.0,6,2,1.0
2425003,val,a30_31,2.6455722,1.4242183,1.0,3,3,1.0,2,2,1.0
2432030,val,a30_31,0.63568926,0.0,1.0,2,2,1.0,2,4,1.0
2435172,val,a30_31,0.79320276,1.2739747,1.0,2,3,1.0,2,2,1.0
2436174,val,a30_31,0.3154528,0.0,1.0,2,2,1.0,2,2,1.0
2436176,val,a30_31,1.2800261,1.6717893,1.0,3,3,1.0,2,2,1.0
2441003,val,a30_31,1.517729,2.0608215,1.0,3,3,1.0,2,2,1.0
2441173,val,a30_31,3.3743277,3.6020598,1.0,3,3,1.0,2,2,1.0
2458031,val,a30_31,4.2823205,4.507845,1.0,3,3,1.0,6,6,1.0
2461004,val,a30_31,0.98292506,1.2221372,1.0,2,2,1.0,2,2,1.0
2461030,val,a30_31,3.4093938,4.886779,1.0,3,3,1.0,2,2,1.0
2473004,val,a30_31,3.3731694,3.5453892,1.0,3,3,1.0,2,2,1.0
2483030,val,a30_31,3.0138044,1.4439538,1.0,3,2,1.0,2,2,1.0
2503030,val,a30_31,3.7620418,4.153324,1.0,3,3,1.0,6,6,1.0
2510005,val,a30_31,3.502757,3.681525,1.0,3,3,1.0,2,2,1.0
2525003,val,a30_31,3.088753,1.0911466,1.0,3,2,1.0,2,2,1.0
2529030,val,a30_31,3.3328426,3.6850972,1.0,3,3,1.0,2,2,1.0
2529174,val,a30_31,3.0823479,3.8850634,1.0,3,3,1.0,2,2,1.0
2530003,val,a30_31,2.0931654,2.4984546,1.0,3,3,1.0,2,2,1.0
2530004,val,a30_31,3.0895941,3.1229002,1.0,3,3,1.0,2,2,1.0
2569033,val,a30_31,3.0606155,3.1590667,1.0,3,3,1.0,6,2,1.0
2601006,val,a30_31,3.7438064,4.568841,1.0,3,3,1.0,6,2,1.0
2608006,val,a30_31,2.6138835,3.104259,1.0,3,3,1.0,2,2,1.0
2615034,val,a30_31,3.5841556,4.351215,1.0,3,3,1.0,2,2,1.0
2639004,val,a30_31,1.4860888,3.4125912,1.0,3,3,1.0,2,6,1.0
2665177,val,a30_31,0.62439704,0.50427806,1.0,2,2,1.0,6,6,1.0
2672006,val,a30_31,3.3920121,3.8187668,1.0,3,3,1.0,6,6,1.0
2672171,val,a30_31,2.5294526,4.456984,1.0,3,3,1.0,2,4,1.0
2697003,val,a30_31,3.6599736,3.9311678,1.0,3,3,1.0,2,4,1.0
2704031,val,a30_31,3.5742655,3.4627373,1.0,3,3,1.0,6,2,1.0
2705030,val,a30_31,3.4245408,3.8132377,1.0,3,3,1.0,2,2,1.0
2707007,val,a30_31,2.5813704,2.7866313,1.0,3,3,1.0,3,2,1.0
2712172,val,a30_31,2.0125713,2.5026433,1.0,3,3,1.0,2,2,1.0
2731003,val,a30_31,3.033098,3.2932556,1.0,3,3,1.0,6,6,1.0
2731005,val,a30_31,3.8029485,4.5509243,1.0,3,3,1.0,6,6,1.0
2770031,val,a30_31,3.3356464,3.598622,1.0,3,3,1.0,2,2,1.0
2816004,val,a30_31,0.47909594,0.0,1.0,2,2,1.0,2,2,1.0
2910002,val,a30_31,2.8346908,2.9302201,1.0,3,3,1.0,2,2,1.0
3062001,val,a30_31,3.5356557,3.2921891,1.0,3,3,1.0,2,2,1.0
3235002,val,a30_31,2.544313,2.637326,1.0,3,3,1.0,2,2,1.0
3306001,val,a30_31,3.910584,4.2639766,1.0,3,3,1.0,2,2,1.0
5015030,val,a30_31,2.0604289,3.053964,1.0,2,3,1.0,2,2,1.0
5048030,val,a30_31,2.8121169,0.9035515,1.0,3,3,1.0,6,6,1.0
5052033,val,a30_31,2.1414404,2.1652112,1.0,3,3,1.0,6,6,1.0
5057008,val,a30_31,0.23638773,0.0,1.0,2,2,1.0,6,6,1.0
5170009,val,a30_31,3.2498524,3.6723797,1.0,3,3,1.0,2,2,1.0
5230008,val,a30_31,2.9709866,3.3242893,1.0,3,3,1.0,2,2,1.0
5299010,val,a30_31,2.2808907,1.4410384,1.0,3,3,1.0,6,6,1.0
5336179,val,a30_31,2.865334,2.2973404,1.0,3,2,1.0,2,2,1.0
5364005,val,a30_31,2.8225412,3.2058682,1.0,3,3,1.0,2,3,1.0
5379004,val,a30_31,3.408319,2.9469423,1.0,3,3,1.0,2,4,1.0
5430173,val,a30_31,2.9843855,0.0,0.0,3,-1,0.0,6,-1,0.0
5488006,val,a30_31,3.3467174,3.6987822,1.0,3,3,1.0,6,6,1.0
5493007,val,a30_31,0.2861693,0.0,1.0,2,2,1.0,6,5,1.0
5537009,val,a30_31,2.3325858,2.2175868,1.0,3,3,1.0,2,2,1.0
5537177,val,a30_31,0.7240521,0.0,1.0,2,2,1.0,2,2,1.0
5537183,val,a30_31,3.463626,0.0,1.0,3,2,1.0,2,2,1.0
5569010,val,a30_31,2.6375232,3.477633,1.0,3,3,1.0,2,2,1.0
5600005,val,a30_31,1.4222414,2.3809192,1.0,3,2,1.0,6,6,1.0
5615183,val,a30_31,2.802102,4.037687,1.0,3,3,1.0,2,2,1.0
5749006,val,a30_31,1.9176166,2.652741,1.0,3,3,1.0,3,2,1.0
5822175,val,a30_31,2.8261395,2.9794602,1.0,3,3,1.0,2,2,1.0
5832003,val,a30_31,2.6503456,0.0,0.0,3,-1,0.0,6,-1,0.0
5872005,val,a30_31,0.32005525,0.0,1.0,2,2,1.0,6,6,1.0
5898005,val,a30_31,1.4668467,0.0,1.0,2,2,1.0,6,4,1.0
5904033,val,a30_31,2.7955716,2.6030054,1.0,3,3,1.0,2,3,1.0
5987188,val,a30_31,2.830476,3.0227742,1.0,3,3,1.0,2,2,1.0
6026005,val,a30_31,3.6272075,3.6704879,1.0,3,3,1.0,6,6,1.0
6026172,val,a30_31,3.425254,3.7018018,1.0,3,3,1.0,6,6,1.0
6054031,val,a30_31,3.7301998,4.3773117,1.0,3,3,1.0,6,6,1.0
6121033,val,a30_31,2.1403203,0.0,0.0,3,2,1.0,6,6,1.0
6156008,val,a30_31,3.5249128,3.766229,1.0,3,3,1.0,6,6,1.0
6157003,val,a30_31,2.6737075,2.724433,1.0,3,3,1.0,2,2,1.0
6210183,val,a30_31,2.611637,3.5983658,1.0,3,3,1.0,2,2,1.0
6262030,val,a30_31,3.494858,3.6729314,1.0,3,3,1.0,2,2,1.0
6368007,val,a30_31,2.36298,1.520187,1.0,3,2,1.0,6,6,1.0
6381181,val,a30_31,3.2704377,3.8400397,1.0,3,3,1.0,6,6,1.0
6396003,val,a30_31,1.6862726,1.6638994,1.0,3,3,1.0,2,2,1.0
6431008,val,a30_31,2.762684,3.2574513,1.0,3,3,1.0,2,2,1.0
6475170,val,a30_31,2.3516169,2.6670494,1.0,3,3,1.0,6,6,1.0
6522004,val,a30_31,0.7652328,0.0,1.0,2,2,1.0,6,6,1.0
6537032,val,a30_31,2.8161535,2.6992998,1.0,3,2,1.0,2,2,1.0
6541178,val,a30_31,3.351692,4.0980587,1.0,3,3,1.0,2,2,1.0
6545006,val,a30_31,2.1309326,0.0,0.0,3,-1,0.0,3,-1,0.0
6547171,val,a30_31,2.8706257,2.844415,1.0,3,3,1.0,2,2,1.0
6571031,val,a30_31,2.8949895,0.0,0.0,3,-1,0.0,2,-1,0.0
6590008,val,a30_31,2.7793584,3.052779,1.0,3,3,1.0,2,2,1.0
6616007,val,a30_31,1.7914236,2.4154687,1.0,3,2,1.0,2,2,1.0
6649003,val,a30_31,2.4780364,3.1905797,1.0,3,2,1.0,6,6,1.0
6710030,val,a30_31,0.35015988,3.334712,1.0,2,3,1.0,6,6,1.0
6745007,val,a30_31,3.0087914,0.0,0.0,3,-1,0.0,6,-1,0.0
6750005,val,a30_31,2.1005654,0.0,1.0,3,3,1.0,2,3,1.0
6765006,val,a30_31,1.2387357,0.0,1.0,2,3,1.0,2,2,1.0
6822176,val,a30_31,3.0712543,3.7020907,1.0,3,3,1.0,2,3,1.0
6828003,val,a30_31,0.6611743,0.00086969405,1.0,2,3,1.0,2,2,1.0
6872003,val,a30_31,2.8989248,3.403978,1.0,3,3,1.0,6,2,1.0
4007,val,a32_33,2.8088703,1.0867418,1.0,3,3,1.0,2,2,1.0
6174,val,a32_33,3.428269,3.4142132,1.0,3,3,1.0,2,2,1.0
14004,val,a32_33,3.5371053,3.97576,1.0,3,3,1.0,2,2,1.0
14172,val,a32_33,0.92016447,0.0,1.0,2,2,1.0,2,2,1.0
14173,val,a32_33,2.6030068,3.566897,1.0,3,3,1.0,2,2,1.0
18031,val,a32_33,0.74384975,0.0,1.0,2,2,1.0,2,2,1.0
18185,val,a32_33,2.107284,3.419789,1.0,3,3,1.0,2,4,1.0
23031,val,a32_33,3.1273863,2.7639472,1.0,3,3,1.0,6,6,1.0
40173,val,a32_33,3.529946,4.1959877,1.0,3,3,1.0,2,2,1.0
51171,val,a32_33,3.2294643,3.4484794,1.0,3,3,1.0,2,2,1.0
84005,val,a32_33,3.2186728,3.628354,1.0,3,3,1.0,6,6,1.0
121173,val,a32_33,3.1550531,4.8089485,1.0,3,3,1.0,2,2,1.0
128004,val,a32_33,3.7719831,3.699267,1.0,3,3,1.0,2,2,1.0
145170,val,a32_33,3.2386296,3.7859023,1.0,3,3,1.0,2,2,1.0
161004,val,a32_33,3.5866134,4.144882,1.0,3,3,1.0,6,6,1.0
172031,val,a32_33,3.4450665,3.4698775,1.0,3,3,1.0,2,2,1.0
174175,val,a32_33,1.7312154,3.505085,1.0,3,3,1.0,2,2,1.0
221031,val,a32_33,3.6695166,3.6850972,1.0,3,3,1.0,2,2,1.0
223030,val,a32_33,3.438933,3.5649583,1.0,3,3,1.0,2,2,1.0
227003,val,a32_33,3.9018924,1.4325641,1.0,3,3,1.0,6,4,1.0
257175,val,a32_33,3.1685596,2.9559011,1.0,3,3,1.0,2,2,1.0
263182,val,a32_33,3.3339553,3.1111588,1.0,3,3,1.0,2,2,1.0
321005,val,a32_33,2.2609959,0.0,1.0,3,3,1.0,4,2,1.0
361175,val,a32_33,2.689841,2.4523063,1.0,3,2,1.0,2,2,1.0
377170,val,a32_33,3.1952264,4.1439614,1.0,3,3,1.0,2,2,1.0
450030,val,a32_33,3.444425,3.9492195,1.0,3,3,1.0,2,6,1.0
465030,val,a32_33,2.335823,3.4057453,1.0,3,3,1.0,4,2,1.0
478030,val,a32_33,2.586161,2.441683,1.0,3,2,1.0,6,5,1.0
503031,val,a32_33,2.970666,4.011046,1.0,3,3,1.0,2,2,1.0
514172,val,a32_33,3.624031,4.8569217,1.0,3,3,1.0,2,2,1.0
534030,val,a32_33,3.0890563,3.5290773,1.0,3,3,1.0,2,2,1.0
534171,val,a32_33,3.6287808,3.4207587,1.0,3,3,1.0,2,2,1.0
544170,val,a32_33,2.6706767,2.4005008,1.0,3,3,1.0,2,2,1.0
563193,val,a32_33,3.149321,1.2695827,1.0,3,2,1.0,2,2,1.0
577174,val,a32_33,3.0077782,1.7688432,1.0,3,3,1.0,2,2,1.0
613006,val,a32_33,2.6240096,4.381024,1.0,3,3,1.0,2,6,1.0
618170,val,a32_33,3.7853708,4.21746,1.0,3,3,1.0,2,2,1.0
631030,val,a32_33,2.6194801,3.6409497,1.0,3,2,1.0,2,4,1.0
633031,val,a32_33,3.0766432,3.587975,1.0,3,3,1.0,2,2,1.0
652173,val,a32_33,3.0204499,3.7014766,1.0,3,3,1.0,2,2,1.0
655172,val,a32_33,3.3197858,2.5599382,1.0,3,3,1.0,2,2,1.0
656005,val,a32_33,2.3799553,1.6182599,1.0,3,2,1.0,2,2,1.0
691171,val,a32_33,2.7298193,2.3093877,1.0,3,3,1.0,2,4,1.0
738172,val,a32_33,2.6848645,3.3051815,1.0,3,3,1.0,2,2,1.0
751030,val,a32_33,2.309974,2.7029045,1.0,3,3,1.0,2,2,1.0
762170,val,a32_33,3.9410818,4.7859936,1.0,3,3,1.0,2,2,1.0
783171,val,a32_33,3.2287402,0.0,1.0,3,2,1.0,2,2,1.0
863007,val,a32_33,2.35796,2.0965526,1.0,3,3,1.0,2,2,1.0
893170,val,a32_33,2.7568378,1.1484697,1.0,3,2,1.0,2,2,1.0
894031,val,a32_33,3.2151175,2.920467,1.0,3,3,1.0,2,2,1.0
898181,val,a32_33,2.2609959,2.303382,1.0,3,2,1.0,2,2,1.0
899003,val,a32_33,3.4395342,3.1265504,1.0,3,3,1.0,2,4,1.0
916032,val,a32_33,2.383613,3.433667,1.0,3,3,1.0,6,6,1.0
922005,val,a32_33,3.567337,2.0455058,1.0,3,3,1.0,2,2,1.0
931172,val,a32_33,3.206759,2.9653394,1.0,3,3,1.0,2,2,1.0
939032,val,a32_33,4.2145185,4.886779,1.0,3,3,1.0,2,2,1.0
958030,val,a32_33,3.3891628,3.514469,1.0,3,3,1.0,2,2,1.0
958173,val,a32_33,2.6731803,3.0765197,1.0,3,3,1.0,2,2,1.0
961005,val,a32_33,2.7292557,2.9124293,1.0,3,2,1.0,2,2,1.0
961030,val,a32_33,2.8549027,3.8700032,1.0,3,3,1.0,6,6,1.0
961175,val,a32_33,3.2304287,3.3337398,1.0,3,3,1.0,2,2,1.0
1051183,val,a32_33,3.8632817,3.8180304,1.0,3,3,1.0,2,2,1.0
1084005,val,a32_33,3.0341473,0.0,1.0,3,2,1.0,2,2,1.0
1089003,val,a32_33,2.9436097,3.267166,1.0,3,3,1.0,2,2,1.0
1093003,val,a32_33,0.9800334,0.0,1.0,2,2,1.0,2,2,1.0
1107173,val,a32_33,1.0222516,2.8713987,1.0,3,3,1.0,2,2,1.0
1109174,val,a32_33,1.5534639,1.7994808,1.0,3,2,1.0,2,2,1.0
1121030,val,a32_33,3.3126364,3.2479649,1.0,3,3,1.0,2,2,1.0
1121175,val,a32_33,1.9213121,2.7939436,1.0,3,3,1.0,2,2,1.0
1125172,val,a32_33,2.6260903,2.505347,1.0,3,3,1.0,2,2,1.0
1126030,val,a32_33,2.8569252,3.0186512,1.0,3,3,1.0,2,2,1.0
1126176,val,a32_33,1.7088716,4.886779,1.0,3,3,1.0,2,2,1.0
1152180,val,a32_33,3.144064,3.2781074,1.0,3,3,1.0,2,2,1.0
1164004,val,a32_33,3.2103448,3.232986,1.0,3,3,1.0,2,2,1.0
1184032,val,a32_33,3.1635442,3.3217459,1.0,3,3,1.0,2,2,1.0
1184033,val,a32_33,1.1693954,0.0,1.0,3,2,1.0,6,2,1.0
1185003,val,a32_33,3.4361234,2.8616178,1.0,3,2,1.0,2,2,1.0
1222004,val,a32_33,2.1776505,0.0,1.0,3,2,1.0,2,2,1.0
1222006,val,a32_33,2.7739885,3.2669837,1.0,3,3,1.0,2,2,1.0
1284170,val,a32_33,3.4448552,3.8794374,1.0,3,3,1.0,2,2,1.0
1292004,val,a32_33,2.5132887,1.8490136,1.0,3,3,1.0,2,2,1.0
1314172,val,a32_33,3.1173902,1.2554071,1.0,3,3,1.0,2,2,1.0
1332005,val,a32_33,4.0441794,1.8490136,1.0,3,3,1.0,4,4,1.0
1335010,val,a32_33,3.1692007,2.8287268,1.0,3,3,1.0,2,2,1.0
1338003,val,a32_33,3.116142,3.5806177,1.0,3,3,1.0,6,6,1.0
1345006,val,a32_33,3.0108373,3.5201502,1.0,3,3,1.0,2,4,1.0
1345007,val,a32_33,3.0226767,3.3856368,1.0,3,3,1.0,6,6,1.0
1346030,val,a32_33,3.5032067,0.0,1.0,3,2,1.0,6,2,1.0
1391033,val,a32_33,3.5874143,3.8577616,1.0,3,3,1.0,6,2,1.0
1391175,val,a32_33,0.79684114,2.1802564,1.0,2,3,1.0,2,2,1.0
1394033,val,a32_33,2.443817,0.0,1.0,3,2,1.0,6,4,1.0
1397005,val,a32_33,3.4289312,3.384829,1.0,3,3,1.0,2,2,1.0
1397172,val,a32_33,1.4118272,0.6637555,1.0,2,2,1.0,2,2,1.0
1426004,val,a32_33,1.5277929,1.2936131,1.0,3,2,1.0,6,3,1.0
1434032,val,a32_33,2.7742682,1.6391988,1.0,3,3,1.0,2,2,1.0
1434170,val,a32_33,3.2669625,2.9495683,1.0,3,3,1.0,2,2,1.0
1435005,val,a32_33,3.5418787,3.904213,1.0,3,3,1.0,6,2,1.0
1485171,val,a32_33,3.3705833,1.6021421,1.0,3,3,1.0,2,2,1.0
1520031,val,a32_33,3.2406282,3.9380646,1.0,3,3,1.0,2,2,1.0
1540005,val,a32_33,4.0840416,2.2967575,1.0,3,3,1.0,6,2,1.0
1559003,val,a32_33,4.1982927,4.4298196,1.0,3,3,1.0,2,2,1.0
1559170,val,a32_33,3.2679877,3.635588,1.0,3,3,1.0,2,2,1.0
1565180,val,a32_33,2.9722373,3.4698775,1.0,3,3,1.0,2,2,1.0
1579030,val,a32_33,3.546591,3.4738486,1.0,3,3,1.0,2,2,1.0
1613007,val,a32_33,2.2861526,0.38016513,1.0,3,2,1.0,2,2,1.0
1621171,val,a32_33,3.8257918,4.339688,1.0,3,3,1.0,2,2,1.0
1644004,val,a32_33,3.2846777,1.2289442,1.0,3,3,1.0,2,2,1.0
1652031,val,a32_33,3.0136242,0.0,1.0,3,2,1.0,2,2,1.0
1682032,val,a32_33,3.258186,4.266328,1.0,3,3,1.0,6,6,1.0
1684173,val,a32_33,3.1243577,3.2957816,1.0,3,3,1.0,2,2,1.0
1687003,val,a32_33,3.1394198,3.19179,1.0,3,3,1.0,2,2,1.0
1690170,val,a32_33,2.032224,3.3861604,1.0,3,3,1.0,2,2,1.0
1692030,val,a32_33,0.7645507,1.5561625,1.0,2,3,1.0,2,2,1.0
1695034,val,a32_33,3.0820127,3.4795048,1.0,3,3,1.0,2,2,1.0
1701004,val,a32_33,2.479377,3.2293725,1.0,3,3,1.0,2,2,1.0
1721030,val,a32_33,3.559045,3.8455408,1.0,3,3,1.0,2,2,1.0
1723005,val,a32_33,0.85217917,0.82886904,1.0,2,2,1.0,2,2,1.0
1762030,val,a32_33,2.2778573,1.9757252,1.0,3,3,1.0,2,2,1.0
1762031,val,a32_33,3.415236,3.5925455,1.0,3,3,1.0,2,2,1.0
1762032,val,a32_33,1.6315383,1.6391988,1.0,3,3,1.0,2,3,1.0
1774170,val,a32_33,3.2485628,3.9912028,1.0,3,3,1.0,2,2,1.0
1774171,val,a32_33,3.2030087,3.549721,1.0,3,3,1.0,2,2,1.0
1784171,val,a32_33,3.756807,4.220819,1.0,3,3,1.0,2,2,1.0
1786191,val,a32_33,3.6868887,3.9380646,1.0,3,3,1.0,2,2,1.0
1787005,val,a32_33,3.4247687,3.6982102,1.0,3,3,1.0,2,2,1.0
1787174,val,a32_33,2.9126585,3.4946194,1.0,3,3,1.0,2,2,1.0
1802003,val,a32_33,3.107398,2.9506648,1.0,3,3,1.0,2,2,1.0
1845170,val,a32_33,3.698632,3.4964852,1.0,3,3,1.0,2,2,1.0
1862171,val,a32_33,3.1654623,3.7249148,1.0,3,3,1.0,2,2,1.0
1898004,val,a32_33,3.1115751,3.97414,1.0,3,3,1.0,6,6,1.0
1911030,val,a32_33,2.4892683,3.1334782,1.0,3,3,1.0,2,2,1.0
1914003,val,a32_33,1.1033498,1.1835238,1.0,2,3,1.0,2,2,1.0
1919007,val,a32_33,3.7913823,3.963373,1.0,3,3,1.0,2,2,1.0
1954003,val,a32_33,3.4654832,3.3071876,1.0,3,3,1.0,2,2,1.0
1959005,val,a32_33,3.5113165,4.227319,1.0,3,3,1.0,6,6,1.0
1964031,val,a32_33,2.2834315,0.0,0.0,3,-1,0.0,4,-1,0.0
1972173,val,a32_33,1.1516383,3.2300382,1.0,2,3,1.0,2,3,1.0
1978030,val,a32_33,3.2162216,3.9380646,1.0,3,3,1.0,2,2,1.0
2005030,val,a32_33,2.7457807,3.6323774,1.0,3,3,1.0,6,6,1.0
2011174,val,a32_33,2.602766,3.1610117,1.0,3,3,1.0,2,2,1.0
2023030,val,a32_33,3.567156,4.676276,1.0,3,3,1.0,6,6,1.0
2028030,val,a32_33,3.2535446,3.8275414,1.0,3,3,1.0,2,4,1.0
2055003,val,a32_33,2.428475,2.436415,1.0,3,3,1.0,2,2,1.0
2067005,val,a32_33,3.6137877,3.8835647,1.0,3,3,1.0,2,2,1.0
2080170,val,a32_33,1.8344787,1.5193015,1.0,3,3,1.0,2,2,1.0
2106171,val,a32_33,0.83172417,1.9249718,1.0,2,3,1.0,2,2,1.0
2109002,val,a32_33,3.2375622,4.320229,1.0,3,3,1.0,2,3,1.0
2129186,val,a32_33,3.0415282,3.4382844,1.0,3,3,1.0,2,2,1.0
2181007,val,a32_33,0.8048279,0.0,1.0,2,2,1.0,6,6,1.0
2181030,val,a32_33,2.8129647,3.2005377,1.0,3,3,1.0,2,4,1.0
2243174,val,a32_33,3.5518708,4.3128266,1.0,3,3,1.0,2,2,1.0
2260173,val,a32_33,2.548069,1.8636948,1.0,3,3,1.0,2,2,1.0
2261030,val,a32_33,2.9685435,3.46386,1.0,3,3,1.0,2,2,1.0
2271171,val,a32_33,2.6569052,2.8805687,1.0,3,3,1.0,2,2,1.0
2282005,val,a32_33,2.9523587,2.6999228,1.0,3,3,1.0,2,4,1.0
2302195,val,a32_33,0.79684114,0.0,1.0,2,2,1.0,2,3,1.0
2334031,val,a32_33,3.49715,4.3227935,1.0,3,3,1.0,2,2,1.0
2341172,val,a32_33,2.9440813,1.4055939,1.0,3,3,1.0,2,2,1.0
2354175,val,a32_33,3.519195,3.5770934,1.0,3,3,1.0,6,2,1.0
2355004,val,a32_33,1.0537612,3.1516616,1.0,3,3,1.0,2,4,1.0
2391030,val,a32_33,3.3721695,3.3850226,1.0,3,3,1.0,2,2,1.0
2397173,val,a32_33,1.0113586,1.5610666,1.0,2,2,1.0,2,4,1.0
2408170,val,a32_33,2.6613543,1.7504245,1.0,3,3,1.0,6,2,1.0
2425003,val,a32_33,2.516902,1.0458099,1.0,3,3,1.0,2,2,1.0
2432030,val,a32_33,1.1779923,3.1244323,1.0,3,3,1.0,2,4,1.0
2435172,val,a32_33,1.3161613,2.6671154,1.0,2,3,1.0,2,2,1.0
2436174,val,a32_33,0.84368813,0.0,1.0,2,2,1.0,2,2,1.0
2436176,val,a32_33,1.8323734,2.3387928,1.0,3,3,1.0,2,2,1.0
2441003,val,a32_33,2.1750498,2.767564,1.0,3,3,1.0,2,2,1.0
2441173,val,a32_33,3.4211195,3.35304,1.0,3,2,1.0,2,2,1.0
2458031,val,a32_33,4.0809894,4.4858203,1.0,3,3,1.0,2,6,1.0
2461004,val,a32_33,1.4635073,0.0,1.0,2,2,1.0,2,2,1.0
2461030,val,a32_33,3.4231007,4.886779,1.0,3,3,1.0,2,2,1.0
2473004,val,a32_33,3.4894457,3.5253677,1.0,3,3,1.0,2,2,1.0
2483030,val,a32_33,2.9905457,2.811228,1.0,3,3,1.0,2,3,1.0
2503030,val,a32_33,3.6423569,3.3822985,1.0,3,2,1.0,6,6,1.0
2510005,val,a32_33,3.496076,3.1491687,1.0,3,3,1.0,2,2,1.0
2525003,val,a32_33,3.8390844,1.4930412,1.0,3,2,1.0,2,2,1.0
2529030,val,a32_33,3.1317728,2.3032491,1.0,3,3,1.0,2,2,1.0
2529174,val,a32_33,2.9688878,4.1124773,1.0,3,3,1.0,2,2,1.0
2530003,val,a32_33,1.8421781,0.0,0.0,3,-1,0.0,2,-1,0.0
2530004,val,a32_33,2.9408376,3.012737,1.0,3,3,1.0,2,2,1.0
2569033,val,a32_33,2.7770119,3.4540765,1.0,3,3,1.0,6,2,1.0
2601006,val,a32_33,3.5621119,4.6354756,1.0,3,3,1.0,6,2,1.0
2608006,val,a32_33,2.7776442,3.1019585,1.0,3,3,1.0,2,2,1.0
2615034,val,a32_33,3.5761085,4.0760427,1.0,3,3,1.0,2,2,1.0
2639004,val,a32_33,1.9589509,3.5780287,1.0,3,3,1.0,2,4,1.0
2665177,val,a32_33,1.0810814,0.0,1.0,2,2,1.0,6,6,1.0
2672006,val,a32_33,3.206368,3.845893,1.0,3,3,1.0,6,2,1.0
2672171,val,a32_33,2.2609959,3.2094243,1.0,3,3,1.0,2,4,1.0
2697003,val,a32_33,3.567349,4.1256022,1.0,3,3,1.0,2,4,1.0
2704031,val,a32_33,3.4414082,3.3051815,1.0,3,3,1.0,6,2,1.0
2705030,val,a32_33,3.386203,4.1353226,1.0,3,3,1.0,2,2,1.0
2707007,val,a32_33,2.6454911,2.9212708,1.0,3,3,1.0,2,2,1.0
2712172,val,a32_33,2.5588315,2.9834774,1.0,3,3,1.0,2,2,1.0
2731003,val,a32_33,2.9363744,3.4424026,1.0,3,3,1.0,6,6,1.0
2731005,val,a32_33,3.6981432,4.657845,1.0,3,3,1.0,6,6,1.0
2770031,val,a32_33,3.2352777,3.5017936,1.0,3,3,1.0,2,2,1.0
2816004,val,a32_33,0.9839448,0.99481934,1.0,2,3,1.0,2,2,1.0
2910002,val,a32_33,2.757949,2.9570043,1.0,3,2,1.0,2,2,1.0
3062001,val,a32_33,3.6039352,3.0165422,1.0,3,3,1.0,2,2,1.0
3235002,val,a32_33,2.5600002,3.067396,1.0,3,3,1.0,2,2,1.0
3306001,val,a32_33,3.9136448,4.5033164,1.0,3,3,1.0,2,2,1.0
5015030,val,a32_33,1.584285,3.1231244,1.0,3,3,1.0,2,2,1.0
5048030,val,a32_33,2.5483463,0.85221577,1.0,3,3,1.0,6,6,1.0
5052033,val,a32_33,1.9717051,2.1177578,1.0,3,3,1.0,6,6,1.0
5057008,val,a32_33,0.76638556,0.0,1.0,2,2,1.0,6,6,1.0
5170009,val,a32_33,3.2649126,3.754378,1.0,3,3,1.0,2,2,1.0
5230008,val,a32_33,3.0268908,3.23986,1.0,3,3,1.0,2,2,1.0
5299010,val,a32_33,2.1236215,0.0,1.0,3,2,1.0,6,6,1.0
5336179,val,a32_33,2.8226244,2.1424496,1.0,3,3,1.0,2,2,1.0
5364005,val,a32_33,2.8531816,3.1292195,1.0,3,3,1.0,2,3,1.0
5379004,val,a32_33,3.3499675,3.4401562,1.0,3,3,1.0,2,4,1.0
5430173,val,a32_33,2.7125955,0.0,1.0,3,2,1.0,6,6,1.0
5488006,val,a32_33,3.2244475,3.6953425,1.0,3,3,1.0,6,6,1.0
5493007,val,a32_33,0.8028313,0.0,1.0,2,2,1.0,6,6,1.0
5537009,val,a32_33,2.3808687,0.0,0.0,3,-1,0.0,2,-1,0.0
5537177,val,a32_33,1.2576138,0.0,1.0,3,2,1.0,2,2,1.0
5537183,val,a32_33,3.473275,3.904599,1.0,3,3,1.0,2,2,1.0
5569010,val,a32_33,2.8644845,3.7087364,1.0,3,3,1.0,2,2,1.0
5600005,val,a32_33,1.3832372,2.8738692,1.0,3,3,1.0,6,6,1.0
5615183,val,a32_33,2.7005374,3.4054897,1.0,3,3,1.0,2,2,1.0
5749006,val,a32_33,1.9075365,2.906099,1.0,3,3,1.0,2,2,1.0
5822175,val,a32_33,2.8141024,3.410315,1.0,3,3,1.0,2,2,1.0
5832003,val,a32_33,2.4383826,3.3075924,1.0,3,2,1.0,2,6,1.0
5872005,val,a32_33,0.8048279,0.0,1.0,2,2,1.0,6,6,1.0
5898005,val,a32_33,2.093365,1.7823017,1.0,3,3,1.0,6,4,1.0
5904033,val,a32_33,2.6053302,0.84036845,1.0,3,3,1.0,2,3,1.0
5987188,val,a32_33,2.7551103,2.9850528,1.0,3,3,1.0,2,2,1.0
6026005,val,a32_33,3.4953809,3.9760501,1.0,3,3,1.0,6,2,1.0
6026172,val,a32_33,3.183148,3.810312,1.0,3,3,1.0,6,2,1.0
6054031,val,a32_33,3.5632188,3.938906,1.0,3,3,1.0,6,6,1.0
6121033,val,a32_33,2.9265919,0.0,0.0,3,-1,0.0,6,-1,0.0
6156008,val,a32_33,3.561347,3.793373,1.0,3,3,1.0,6,6,1.0
6157003,val,a32_33,2.6420863,2.9488564,1.0,3,3,1.0,2,2,1.0
6210183,val,a32_33,2.2609959,3.3647535,1.0,3,3,1.0,2,2,1.0
6262030,val,a32_33,3.5068617,4.031533,1.0,3,3,1.0,2,2,1.0
6368007,val,a32_33,2.27818,0.41118228,1.0,3,2,1.0,6,6,1.0
6381181,val,a32_33,3.146039,4.056612,1.0,3,3,1.0,6,2,1.0
6396003,val,a32_33,1.4609692,1.5197067,1.0,3,3,1.0,2,2,1.0
6431008,val,a32_33,2.783744,3.2996137,1.0,3,3,1.0,2,2,1.0
6475170,val,a32_33,2.30903,2.8357437,1.0,3,3,1.0,6,6,1.0
6522004,val,a32_33,1.240047,0.0,1.0,2,2,1.0,6,6,1.0
6537032,val,a32_33,2.782483,0.0,1.0,3,2,1.0,2,2,1.0
6541178,val,a32_33,3.4191527,4.160322,1.0,3,3,1.0,2,2,1.0
6545006,val,a32_33,1.9506191,0.0,0.0,3,-1,0.0,3,-1,0.0
6547171,val,a32_33,2.8115213,2.8279142,1.0,3,3,1.0,2,2,1.0
6571031,val,a32_33,2.8617291,3.3175473,1.0,3,3,1.0,2,3,1.0
6590008,val,a32_33,2.9424865,3.1238058,1.0,3,3,1.0,2,2,1.0
6616007,val,a32_33,2.4910145,2.2041533,1.0,3,3,1.0,2,3,1.0
6649003,val,a32_33,2.3185487,2.9051325,1.0,3,3,1.0,6,6,1.0
6710030,val,a32_33,0.8518157,0.0,0.0,2,-1,0.0,6,-1,0.0
6745007,val,a32_33,2.684588,0.0,0.0,3,-1,0.0,6,-1,0.0
6750005,val,a32_33,2.6497514,3.182522,1.0,3,3,1.0,2,4,1.0
6765006,val,a32_33,1.9283198,2.837602,1.0,3,3,1.0,2,2,1.0
6822176,val,a32_33,3.0069125,3.8595586,1.0,3,3,1.0,2,4,1.0
6828003,val,a32_33,1.284574,0.0,1.0,2,2,1.0,2,2,1.0
6872003,val,a32_33,2.9194694,3.5754573,1.0,3,3,1.0,6,2,1.0
4007,val,a34_35,2.700469,2.800409,1.0,3,3,1.0,2,2,1.0
6174,val,a34_35,3.4292867,3.436764,1.0,3,3,1.0,2,2,1.0
14004,val,a34_35,3.4826212,3.998868,1.0,3,3,1.0,2,2,1.0
14172,val,a34_35,1.2174618,0.0,1.0,2,2,1.0,2,2,1.0
14173,val,a34_35,2.5457625,3.6810904,1.0,3,3,1.0,2,2,1.0
18031,val,a34_35,1.1342022,0.68363804,1.0,2,2,1.0,2,2,1.0
18185,val,a34_35,2.2765555,0.9108581,1.0,3,2,1.0,2,2,1.0
23031,val,a34_35,3.2642279,3.4142132,1.0,3,3,1.0,6,6,1.0
40173,val,a34_35,3.508904,3.7375634,1.0,3,3,1.0,2,2,1.0
51171,val,a34_35,3.2629838,3.6482122,1.0,3,3,1.0,2,2,1.0
84005,val,a34_35,3.1302946,3.8661423,1.0,3,3,1.0,6,6,1.0
121173,val,a34_35,3.0761805,4.4823527,1.0,3,3,1.0,2,2,1.0
128004,val,a34_35,3.6560683,3.7695422,1.0,3,3,1.0,2,2,1.0
145170,val,a34_35,3.2308233,3.050315,1.0,3,3,1.0,2,2,1.0
161004,val,a34_35,3.4960768,4.29205,1.0,3,3,1.0,6,6,1.0
172031,val,a34_35,3.4315438,3.0302796,1.0,3,3,1.0,2,2,1.0
174175,val,a34_35,1.9534054,3.4826064,1.0,3,3,1.0,2,2,1.0
221031,val,a34_35,3.6983385,4.00667,1.0,3,3,1.0,2,2,1.0
223030,val,a34_35,3.5015497,4.1992106,1.0,3,3,1.0,2,2,1.0
227003,val,a34_35,3.7632403,3.9942298,1.0,3,3,1.0,6,4,1.0
257175,val,a34_35,3.1988807,1.5653204,1.0,3,3,1.0,2,2,1.0
263182,val,a34_35,3.3456776,3.226835,1.0,3,3,1.0,2,2,1.0
321005,val,a34_35,2.0876694,1.8506196,1.0,3,3,1.0,4,2,1.0
361175,val,a34_35,2.7014825,0.5806059,1.0,3,2,1.0,2,2,1.0
377170,val,a34_35,3.2422473,4.052736,1.0,3,3,1.0,2,2,1.0
450030,val,a34_35,3.343115,3.535023,1.0,3,3,1.0,2,6,1.0
465030,val,a34_35,2.4712636,3.46386,1.0,3,3,1.0,2,2,1.0
478030,val,a34_35,2.4848824,0.0,1.0,3,3,1.0,6,5,1.0
503031,val,a34_35,2.950815,4.179109,1.0,3,3,1.0,2,2,1.0
514172,val,a34_35,3.5709295,4.4858203,1.0,3,3,1.0,2,2,1.0
534030,val,a34_35,2.9863975,1.7294579,1.0,3,3,1.0,2,2,1.0
534171,val,a34_35,3.5792909,3.2709668,1.0,3,3,1.0,2,2,1.0
544170,val,a34_35,2.6730034,2.6415782,1.0,3,3,1.0,2,2,1.0
563193,val,a34_35,3.2104447,0.0,1.0,3,2,1.0,2,2,1.0
577174,val,a34_35,3.0706592,2.117311,1.0,3,3,1.0,2,2,1.0
613006,val,a34_35,2.5988178,3.412913,1.0,3,2,1.0,2,6,1.0
618170,val,a34_35,3.703957,4.139663,1.0,3,3,1.0,2,2,1.0
631030,val,a34_35,2.5904956,4.0355644,1.0,3,3,1.0,2,4,1.0
633031,val,a34_35,2.9624124,3.806156,1.0,3,3,1.0,2,2,1.0
652173,val,a34_35,2.9909747,3.5265098,1.0,3,3,1.0,2,2,1.0
655172,val,a34_35,3.2074587,3.625488,1.0,3,2,1.0,2,2,1.0
656005,val,a34_35,2.354761,2.2859914,1.0,3,3,1.0,2,2,1.0
691171,val,a34_35,2.7146428,2.9259071,1.0,3,3,1.0,2,4,1.0
738172,val,a34_35,2.6814435,2.920467,1.0,3,3,1.0,2,2,1.0
751030,val,a34_35,2.4029915,2.1802564,1.0,3,3,1.0,2,2,1.0
762170,val,a34_35,3.8442206,4.451708,1.0,3,3,1.0,2,2,1.0
783171,val,a34_35,3.1366415,0.0,1.0,3,2,1.0,2,2,1.0
863007,val,a34_35,2.436701,2.018303,1.0,3,3,1.0,2,2,1.0
893170,val,a34_35,2.7458036,0.0,1.0,3,2,1.0,2,2,1.0
894031,val,a34_35,3.1172967,3.045166,1.0,3,3,1.0,2,2,1.0
898181,val,a34_35,2.1481042,2.2668793,1.0,3,3,1.0,2,2,1.0
899003,val,a34_35,3.425501,3.2250204,1.0,3,3,1.0,2,4,1.0
916032,val,a34_35,2.336644,0.97904295,1.0,3,3,1.0,6,6,1.0
922005,val,a34_35,3.3764954,2.986773,1.0,3,3,1.0,2,2,1.0
931172,val,a34_35,3.2306395,2.7452414,1.0,3,3,1.0,2,2,1.0
939032,val,a34_35,4.116514,4.8055015,1.0,3,3,1.0,2,2,1.0
958030,val,a34_35,3.3765085,3.643596,1.0,3,3,1.0,2,2,1.0
958173,val,a34_35,2.6886785,3.051619,1.0,3,3,1.0,2,2,1.0
961005,val,a34_35,2.786007,2.7400177,1.0,3,3,1.0,2,4,1.0
961030,val,a34_35,3.005384,4.009967,1.0,3,3,1.0,2,2,1.0
961175,val,a34_35,3.2519567,3.5397089,1.0,3,3,1.0,2,2,1.0
1051183,val,a34_35,3.7745583,3.5068526,1.0,3,3,1.0,2,2,1.0
1084005,val,a34_35,2.908671,1.2412424,1.0,3,3,1.0,2,2,1.0
1089003,val,a34_35,2.9031422,3.223352,1.0,3,3,1.0,2,2,1.0
1093003,val,a34_35,1.3170768,0.0,1.0,2,2,1.0,2,2,1.0
1107173,val,a34_35,1.3303058,0.0,1.0,3,2,1.0,2,2,1.0
1109174,val,a34_35,1.7978139,1.7912925,1.0,3,3,1.0,2,2,1.0
1121030,val,a34_35,3.2887979,3.3347914,1.0,3,3,1.0,2,2,1.0
1121175,val,a34_35,2.039272,2.8474362,1.0,3,3,1.0,2,2,1.0
1125172,val,a34_35,2.6415322,2.8422003,1.0,3,3,1.0,2,2,1.0
1126030,val,a34_35,2.8503022,3.5079842,1.0,3,3,1.0,2,2,1.0
1126176,val,a34_35,1.8961982,4.886779,1.0,3,3,1.0,2,2,1.0
1152180,val,a34_35,3.1124861,3.3841953,1.0,3,3,1.0,2,2,1.0
1164004,val,a34_35,3.1771111,3.3247015,1.0,3,3,1.0,2,2,1.0
1184032,val,a34_35,3.1197724,3.718973,1.0,3,3,1.0,2,2,1.0
1184033,val,a34_35,1.5085454,0.0,1.0,3,2,1.0,6,2,1.0
1185003,val,a34_35,3.2451797,0.1392965,1.0,3,2,1.0,2,2,1.0
1222004,val,a34_35,2.2341914,0.6502385,1.0,3,3,1.0,2,2,1.0
1222006,val,a34_35,2.9162292,0.0,1.0,3,3,1.0,2,2,1.0
1284170,val,a34_35,3.314289,2.9825165,1.0,3,3,1.0,2,2,1.0
1292004,val,a34_35,2.6467898,2.6426997,1.0,3,3,1.0,2,2,1.0
1314172,val,a34_35,3.1352618,3.6161854,1.0,3,3,1.0,2,2,1.0
1332005,val,a34_35,4.133446,3.4484794,1.0,3,3,1.0,2,2,1.0
1335010,val,a34_35,3.1004472,2.9968593,1.0,3,3,1.0,2,2,1.0
1338003,val,a34_35,3.0322576,3.7758262,1.0,3,3,1.0,2,6,1.0
1345006,val,a34_35,3.0303946,2.5475004,1.0,3,3,1.0,2,2,1.0
1345007,val,a34_35,3.0652406,4.046768,1.0,3,3,1.0,6,6,1.0
1346030,val,a34_35,3.3179626,0.0,1.0,3,2,1.0,6,2,1.0
1391033,val,a34_35,3.6341248,3.6222303,1.0,3,3,1.0,6,2,1.0
1391175,val,a34_35,1.1328789,3.1423733,1.0,2,3,1.0,2,4,1.0
1394033,val,a34_35,2.494955,0.0,1.0,3,2,1.0,2,4,1.0
1397005,val,a34_35,3.4617982,3.6320806,1.0,3,3,1.0,2,2,1.0
1397172,val,a34_35,1.6087242,0.0,1.0,3,2,1.0,2,2,1.0
1426004,val,a34_35,1.7347033,2.7400177,1.0,3,3,1.0,6,6,1.0
1434032,val,a34_35,2.734893,1.6446948,1.0,3,3,1.0,2,2,1.0
1434170,val,a34_35,3.2912955,3.3065176,1.0,3,3,1.0,2,2,1.0
1435005,val,a34_35,3.6746469,4.083877,1.0,3,3,1.0,2,2,1.0
1485171,val,a34_35,3.3678715,3.1599016,1.0,3,3,1.0,2,2,1.0
1520031,val,a34_35,3.109555,4.223541,1.0,3,3,1.0,2,3,1.0
1540005,val,a34_35,4.114733,1.1484697,1.0,3,3,1.0,6,2,1.0
1559003,val,a34_35,3.9474802,4.581772,1.0,3,3,1.0,2,2,1.0
1559170,val,a34_35,3.1639135,3.1855898,1.0,3,3,1.0,2,2,1.0
1565180,val,a34_35,2.9211233,3.8731043,1.0,3,3,1.0,2,2,1.0
1579030,val,a34_35,3.6125472,3.2707531,1.0,3,3,1.0,2,2,1.0
1613007,val,a34_35,2.226925,1.1782345,1.0,3,3,1.0,2,2,1.0
1621171,val,a34_35,3.7394814,4.233549,1.0,3,3,1.0,2,2,1.0
1644004,val,a34_35,3.1437707,3.4810104,1.0,3,3,1.0,2,2,1.0
1652031,val,a34_35,2.960455,1.224851,1.0,3,3,1.0,2,2,1.0
1682032,val,a34_35,3.2970228,4.058486,1.0,3,3,1.0,6,2,1.0
1684173,val,a34_35,3.1655066,3.449071,1.0,3,3,1.0,2,2,1.0
1687003,val,a34_35,3.2004457,3.3014047,1.0,3,3,1.0,2,2,1.0
1690170,val,a34_35,2.145537,3.3312128,1.0,3,3,1.0,2,2,1.0
1692030,val,a34_35,0.9924803,2.5444038,1.0,2,3,1.0,2,4,1.0
1695034,val,a34_35,3.0500727,3.5729935,1.0,3,2,1.0,2,2,1.0
1701004,val,a34_35,2.5133545,3.4728677,1.0,3,3,1.0,2,2,1.0
1721030,val,a34_35,3.430167,3.6708767,1.0,3,3,1.0,2,2,1.0
1723005,val,a34_35,1.2106107,1.1481966,1.0,2,2,1.0,2,2,1.0
1762030,val,a34_35,2.3040137,2.3319604,1.0,3,2,1.0,2,3,1.0
1762031,val,a34_35,3.4110494,3.7397017,1.0,3,3,1.0,2,2,1.0
1762032,val,a34_35,1.843066,2.5473228,1.0,3,3,1.0,2,3,1.0
1774170,val,a34_35,3.148042,3.9032092,1.0,3,2,1.0,2,2,1.0
1774171,val,a34_35,3.1091068,3.6229506,1.0,3,3,1.0,2,2,1.0
1784171,val,a34_35,3.6818964,4.4212785,1.0,3,3,1.0,2,2,1.0
1786191,val,a34_35,3.631057,3.9449332,1.0,3,3,1.0,2,2,1.0
1787005,val,a34_35,3.2976625,4.0148044,1.0,3,3,1.0,2,2,1.0
1787174,val,a34_35,2.8709269,3.3078308,1.0,3,3,1.0,2,2,1.0
1802003,val,a34_35,3.1310287,2.8173234,1.0,3,3,1.0,2,2,1.0
1845170,val,a34_35,3.639351,3.315087,1.0,3,3,1.0,2,2,1.0
1862171,val,a34_35,3.2091503,3.937253,1.0,3,3,1.0,2,2,1.0
1898004,val,a34_35,3.155454,0.0,1.0,3,3,1.0,6,6,1.0
1911030,val,a34_35,2.5737498,3.0814157,1.0,3,3,1.0,2,2,1.0
1914003,val,a34_35,1.2773746,1.988769,1.0,2,3,1.0,2,2,1.0
1919007,val,a34_35,3.867353,4.069468,1.0,3,3,1.0,2,2,1.0
1954003,val,a34_35,3.4692144,3.410345,1.0,3,3,1.0,2,2,1.0
1959005,val,a34_35,3.4584608,3.8789423,1.0,3,3,1.0,6,2,1.0
1964031,val,a34_35,2.2021794,2.4798064,1.0,3,3,1.0,4,4,1.0
1972173,val,a34_35,1.368699,1.5825812,1.0,2,3,1.0,2,2,1.0
1978030,val,a34_35,3.1495955,3.8594756,1.0,3,3,1.0,2,2,1.0
2005030,val,a34_35,2.725589,3.584206,1.0,3,3,1.0,2,6,1.0
2011174,val,a34_35,2.6114879,3.2372046,1.0,3,3,1.0,2,2,1.0
2023030,val,a34_35,3.5113626,4.71018,1.0,3,3,1.0,6,6,1.0
2028030,val,a34_35,3.2203255,4.2104487,1.0,3,3,1.0,2,4,1.0
2055003,val,a34_35,2.5381258,2.3580952,1.0,3,3,1.0,2,2,1.0
2067005,val,a34_35,3.5831852,3.8198578,1.0,3,3,1.0,2,2,1.0
2080170,val,a34_35,2.029982,1.8996137,1.0,3,3,1.0,2,2,1.0
2106171,val,a34_35,1.1536368,0.0,1.0,2,2,1.0,2,2,1.0
2109002,val,a34_35,3.262707,4.7713423,1.0,3,3,1.0,2,3,1.0
2129186,val,a34_35,3.0998206,3.3685656,1.0,3,3,1.0,2,2,1.0
2181007,val,a34_35,1.1328789,1.3514186,1.0,2,3,1.0,6,6,1.0
2181030,val,a34_35,2.7640653,3.4647295,1.0,3,3,1.0,2,4,1.0
2243174,val,a34_35,3.4188876,4.886779,1.0,3,3,1.0,2,2,1.0
2260173,val,a34_35,2.5761414,2.816037,1.0,3,3,1.0,2,2,1.0
2261030,val,a34_35,2.8999767,3.1945803,1.0,3,3,1.0,2,2,1.0
2271171,val,a34_35,2.654365,3.3082037,1.0,3,3,1.0,2,2,1.0
2282005,val,a34_35,2.8753376,2.147233,1.0,3,3,1.0,2,6,1.0
2302195,val,a34_35,1.1328789,0.0,1.0,2,2,1.0,2,3,1.0
2334031,val,a34_35,3.413619,4.4581056,1.0,3,3,1.0,2,2,1.0
2341172,val,a34_35,2.913684,3.2996137,1.0,3,2,1.0,2,2,1.0
2354175,val,a34_35,3.521144,0.29350135,1.0,3,3,1.0,2,2,1.0
2355004,val,a34_35,1.4865015,3.3921888,1.0,3,3,1.0,2,4,1.0
2391030,val,a34_35,3.4352348,3.4039729,1.0,3,3,1.0,2,2,1.0
2397173,val,a34_35,1.3037018,2.5756848,1.0,2,3,1.0,2,4,1.0
2408170,val,a34_35,2.6775222,3.1023672,1.0,3,2,1.0,2,2,1.0
2425003,val,a34_35,2.5560067,2.1094406,1.0,3,3,1.0,2,2,1.0
2432030,val,a34_35,1.5198972,2.844158,1.0,3,3,1.0,2,4,1.0
2435172,val,a34_35,1.5114486,2.4191318,1.0,3,3,1.0,2,2,1.0
2436174,val,a34_35,1.1886442,0.0,1.0,2,3,1.0,2,4,1.0
2436176,val,a34_35,1.9455714,2.1727228,1.0,2,3,1.0,2,2,1.0
2441003,val,a34_35,2.2505314,3.1773481,1.0,3,3,1.0,2,2,1.0
2441173,val,a34_35,3.4162908,3.4186516,1.0,3,2,1.0,2,2,1.0
2458031,val,a34_35,3.9784281,4.2520056,1.0,3,3,1.0,2,6,1.0
2461004,val,a34_35,1.6907605,0.0,1.0,3,2,1.0,2,2,1.0
2461030,val,a34_35,3.5962803,4.886779,1.0,3,3,1.0,2,2,1.0
2473004,val,a34_35,3.4989178,3.5252342,1.0,3,3,1.0,2,2,1.0
2483030,val,a34_35,2.9219098,2.1516867,1.0,3,3,1.0,2,4,1.0
2503030,val,a34_35,3.566873,3.2300382,1.0,3,3,1.0,6,6,1.0
2510005,val,a34_35,3.4339685,3.0696194,1.0,3,3,1.0,2,2,1.0
2525003,val,a34_35,3.8566637,4.3761644,1.0,3,3,1.0,2,2,1.0
2529030,val,a34_35,3.2684977,1.2899189,1.0,3,3,1.0,2,2,1.0
2529174,val,a34_35,2.9458408,4.05028,1.0,3,3,1.0,2,2,1.0
2530003,val,a34_35,1.9502022,2.347849,1.0,3,3,1.0,2,2,1.0
2530004,val,a34_35,2.8625839,3.3155382,1.0,3,3,1.0,2,2,1.0
2569033,val,a34_35,2.8158426,3.3997273,1.0,3,3,1.0,6,2,1.0
2601006,val,a34_35,3.339205,4.6199427,1.0,3,3,1.0,6,2,1.0
2608006,val,a34_35,2.8713977,3.3245888,1.0,3,3,1.0,2,2,1.0
2615034,val,a34_35,3.4271002,4.264327,1.0,3,3,1.0,2,2,1.0
2639004,val,a34_35,2.304795,3.1244323,1.0,3,3,1.0,2,4,1.0
2665177,val,a34_35,1.3343405,0.0,1.0,2,2,1.0,6,6,1.0
2672006,val,a34_35,3.1691275,4.088642,1.0,3,3,1.0,6,2,1.0
2672171,val,a34_35,2.1481042,3.5206954,1.0,3,3,1.0,2,4,1.0
2697003,val,a34_35,3.5787745,3.654262,1.0,3,3,1.0,2,4,1.0
2704031,val,a34_35,3.475637,3.5243149,1.0,3,3,1.0,6,2,1.0
2705030,val,a34_35,3.407924,4.117977,1.0,3,3,1.0,2,2,1.0
2707007,val,a34_35,2.7430186,2.8901737,1.0,3,3,1.0,2,2,1.0
2712172,val,a34_35,2.64328,3.0806043,1.0,3,3,1.0,2,2,1.0
2731003,val,a34_35,2.845181,3.4291623,1.0,3,3,1.0,6,6,1.0
2731005,val,a34_35,3.5134172,4.602144,1.0,3,3,1.0,6,6,1.0
2770031,val,a34_35,3.1359615,3.2963169,1.0,3,3,1.0,2,2,1.0
2816004,val,a34_35,1.2945821,2.8679018,1.0,2,3,1.0,2,2,1.0
2910002,val,a34_35,2.669287,1.33938,1.0,3,2,1.0,2,2,1.0
3062001,val,a34_35,3.551635,3.044029,1.0,3,2,1.0,2,2,1.0
3235002,val,a34_35,2.5879283,3.1709757,1.0,3,3,1.0,2,2,1.0
3306001,val,a34_35,3.823906,4.4437504,1.0,3,3,1.0,2,2,1.0
5015030,val,a34_35,1.9997681,3.3798187,1.0,3,3,1.0,2,2,1.0
5048030,val,a34_35,2.5285795,2.0504565,1.0,3,3,1.0,6,6,1.0
5052033,val,a34_35,1.9183965,1.8831539,1.0,3,2,1.0,6,6,1.0
5057008,val,a34_35,0.985163,0.0,1.0,2,2,1.0,6,6,1.0
5170009,val,a34_35,3.1349156,3.381349,1.0,3,3,1.0,2,2,1.0
5230008,val,a34_35,2.8586607,3.4894347,1.0,3,3,1.0,2,2,1.0
5299010,val,a34_35,2.0898428,1.8428315,1.0,3,2,1.0,6,6,1.0
5336179,val,a34_35,2.916097,2.7212331,1.0,3,3,1.0,2,2,1.0
5364005,val,a34_35,2.8061235,3.4310503,1.0,3,3,1.0,2,3,1.0
5379004,val,a34_35,3.4027002,3.8497841,1.0,3,2,1.0,2,4,1.0
5430173,val,a34_35,2.4456089,0.0,1.0,3,3,1.0,6,6,1.0
5488006,val,a34_35,3.054091,3.6707966,1.0,3,3,1.0,6,6,1.0
5493007,val,a34_35,1.0190458,0.0,1.0,2,2,1.0,2,5,1.0
5537009,val,a34_35,2.4028287,2.8268414,1.0,3,3,1.0,2,2,1.0
5537177,val,a34_35,1.6409647,0.0,1.0,3,2,1.0,2,2,1.0
5537183,val,a34_35,3.45616,4.8345804,1.0,3,3,1.0,2,2,1.0
5569010,val,a34_35,2.7443852,3.5150862,1.0,3,3,1.0,2,2,1.0
5600005,val,a34_35,1.6919907,2.8289354,1.0,3,3,1.0,6,2,1.0
5615183,val,a34_35,2.7802043,3.2685068,1.0,3,2,1.0,2,2,1.0
5749006,val,a34_35,1.9082009,3.0684395,1.0,3,3,1.0,6,2,1.0
5822175,val,a34_35,2.9299233,3.432247,1.0,3,3,1.0,2,2,1.0
5832003,val,a34_35,2.241505,2.955636,1.0,3,2,1.0,2,6,1.0
5872005,val,a34_35,0.9905176,0.0,1.0,2,2,1.0,6,6,1.0
5898005,val,a34_35,2.163075,0.0,0.0,3,-1,0.0,6,-1,0.0
5904033,val,a34_35,2.666872,2.9226713,1.0,3,3,1.0,2,4,1.0
5987188,val,a34_35,2.7587147,2.993095,1.0,3,3,1.0,2,2,1.0
6026005,val,a34_35,3.5368237,4.1942463,1.0,3,3,1.0,6,2,1.0
6026172,val,a34_35,3.1081917,3.5880518,1.0,3,2,1.0,2,2,1.0
6054031,val,a34_35,3.5231614,3.894498,1.0,3,3,1.0,6,6,1.0
6121033,val,a34_35,2.8846316,0.0,1.0,3,2,1.0,2,6,1.0
6156008,val,a34_35,3.4349983,3.6999114,1.0,3,3,1.0,6,6,1.0
6157003,val,a34_35,2.7376351,3.2246761,1.0,3,3,1.0,2,2,1.0
6210183,val,a34_35,2.1481042,3.1390646,1.0,3,3,1.0,2,2,1.0
6262030,val,a34_35,3.4749315,3.820049,1.0,3,3,1.0,2,2,1.0
6368007,val,a34_35,2.4798267,2.02827,1.0,3,3,1.0,6,6,1.0
6381181,val,a34_35,3.070427,4.0212197,1.0,3,3,1.0,2,2,1.0
6396003,val,a34_35,1.6555551,2.1782289,1.0,3,3,1.0,2,2,1.0
6431008,val,a34_35,2.8000607,3.717182,1.0,3,3,1.0,2,2,1.0
6475170,val,a34_35,2.3400695,2.4331408,1.0,3,3,1.0,6,6,1.0
6522004,val,a34_35,1.4017563,0.0,1.0,2,2,1.0,6,6,1.0
6537032,val,a34_35,2.7712982,2.8025348,1.0,3,2,1.0,2,2,1.0
6541178,val,a34_35,3.2810962,4.1634727,1.0,3,3,1.0,2,2,1.0
6545006,val,a34_35,1.8841138,2.961514,1.0,3,3,1.0,3,4,1.0
6547171,val,a34_35,2.7976768,2.1509397,1.0,3,2,1.0,2,2,1.0
6571031,val,a34_35,2.9082642,2.9221067,1.0,3,3,1.0,2,3,1.0
6590008,val,a34_35,3.0005898,3.3649793,1.0,3,3,1.0,2,2,1.0
6616007,val,a34_35,2.428174,2.1483917,1.0,3,3,1.0,2,4,1.0
6649003,val,a34_35,2.2464669,3.5800602,1.0,3,3,1.0,6,2,1.0
6710030,val,a34_35,1.0777246,3.2300382,1.0,2,3,1.0,6,6,1.0
6745007,val,a34_35,2.4860988,3.248457,1.0,3,3,1.0,6,6,1.0
6750005,val,a34_35,2.6943061,3.0114257,1.0,3,3,1.0,2,4,1.0
6765006,val,a34_35,2.0584657,2.7225564,1.0,3,3,1.0,2,2,1.0
6822176,val,a34_35,2.9538102,3.2707531,1.0,3,3,1.0,2,4,1.0
6828003,val,a34_35,1.3739877,2.461633,1.0,2,3,1.0,2,2,1.0
6872003,val,a34_35,2.89946,3.5162253,1.0,3,3,1.0,6,2,1.0
4007,val,a36_37,2.7664397,3.4327393,1.0,3,3,1.0,2,4,1.0
6174,val,a36_37,3.4309344,3.778162,1.0,3,3,1.0,2,2,1.0
14004,val,a36_37,3.457056,4.02684,1.0,3,3,1.0,2,2,1.0
14172,val,a36_37,1.1706674,2.8672464,1.0,2,3,1.0,2,2,1.0
14173,val,a36_37,2.673316,3.4728956,1.0,3,3,1.0,2,2,1.0
18031,val,a36_37,0.9729794,0.0,1.0,2,3,1.0,2,2,1.0
18185,val,a36_37,2.1400237,0.0,1.0,3,2,1.0,2,2,1.0
23031,val,a36_37,3.2344582,3.5235963,1.0,3,2,1.0,6,6,1.0
40173,val,a36_37,3.5526614,3.8670228,1.0,3,3,1.0,2,2,1.0
51171,val,a36_37,3.3119931,3.705001,1.0,3,3,1.0,2,2,1.0
84005,val,a36_37,3.161698,3.92555,1.0,3,3,1.0,6,6,1.0
121173,val,a36_37,2.9698024,0.0,1.0,3,2,1.0,2,2,1.0
128004,val,a36_37,3.754897,3.8585868,1.0,3,3,1.0,2,2,1.0
145170,val,a36_37,3.3498237,3.5600896,1.0,3,3,1.0,2,2,1.0
161004,val,a36_37,3.666746,1.0080107,1.0,3,2,1.0,2,4,1.0
172031,val,a36_37,3.515249,3.3619175,1.0,3,3,1.0,2,2,1.0
174175,val,a36_37,2.186802,3.392162,1.0,3,3,1.0,2,2,1.0
221031,val,a36_37,3.7255821,4.201887,1.0,3,3,1.0,2,2,1.0
223030,val,a36_37,3.5841436,4.0583324,1.0,3,3,1.0,2,2,1.0
227003,val,a36_37,3.7173233,4.205097,1.0,3,3,1.0,2,4,1.0
257175,val,a36_37,3.1292102,3.3451939,1.0,3,3,1.0,2,2,1.0
263182,val,a36_37,3.4386542,3.2001226,1.0,3,3,1.0,2,2,1.0
321005,val,a36_37,2.2062201,1.8774471,1.0,3,2,1.0,4,2,1.0
361175,val,a36_37,2.425123,0.0,1.0,3,2,1.0,2,2,1.0
377170,val,a36_37,3.2542324,4.0868087,1.0,3,3,1.0,2,2,1.0
450030,val,a36_37,3.3523228,3.7491298,1.0,3,3,1.0,2,6,1.0
465030,val,a36_37,2.3329241,3.3018157,1.0,3,3,1.0,2,2,1.0
478030,val,a36_37,2.7462494,0.0,1.0,3,3,1.0,6,5,1.0
503031,val,a36_37,2.7925062,4.3654175,1.0,3,3,1.0,2,2,1.0
514172,val,a36_37,3.5968392,4.2520056,1.0,3,3,1.0,2,2,1.0
534030,val,a36_37,3.0590446,1.7535818,1.0,3,3,1.0,2,2,1.0
534171,val,a36_37,3.6474497,3.0798528,1.0,3,3,1.0,2,2,1.0
544170,val,a36_37,2.7246246,2.6569633,1.0,3,3,1.0,2,2,1.0
563193,val,a36_37,3.338284,0.0,1.0,3,2,1.0,2,2,1.0
577174,val,a36_37,3.153193,2.7346222,1.0,3,3,1.0,2,2,1.0
613006,val,a36_37,2.7488647,3.5822034,1.0,3,3,1.0,2,6,1.0
618170,val,a36_37,3.6492486,4.2245264,1.0,3,3,1.0,2,2,1.0
631030,val,a36_37,2.7274039,4.2520056,1.0,3,2,1.0,2,4,1.0
633031,val,a36_37,3.0351472,3.678776,1.0,3,3,1.0,2,2,1.0
652173,val,a36_37,2.9296997,3.7556844,1.0,3,3,1.0,2,2,1.0
655172,val,a36_37,3.1908875,3.5016189,1.0,3,3,1.0,2,2,1.0
656005,val,a36_37,2.6131303,0.57833385,1.0,3,3,1.0,2,2,1.0
691171,val,a36_37,2.6455796,2.144181,1.0,3,3,1.0,2,4,1.0
738172,val,a36_37,2.3613653,3.4647295,1.0,3,3,1.0,2,2,1.0
751030,val,a36_37,2.2277472,2.331206,1.0,3,3,1.0,2,2,1.0
762170,val,a36_37,3.8814814,4.6750684,1.0,3,3,1.0,2,2,1.0
783171,val,a36_37,3.1714473,0.0,1.0,3,2,1.0,2,2,1.0
863007,val,a36_37,2.6027718,2.4012594,1.0,3,3,1.0,2,2,1.0
893170,val,a36_37,2.7617846,0.0,1.0,3,2,1.0,2,2,1.0
894031,val,a36_37,3.1506977,3.3179958,1.0,3,3,1.0,2,2,1.0
898181,val,a36_37,2.244217,2.4601953,1.0,3,3,1.0,2,2,1.0
899003,val,a36_37,3.4976947,3.4753656,1.0,3,3,1.0,2,4,1.0
916032,val,a36_37,2.5726545,1.3594984,1.0,3,3,1.0,6,6,1.0
922005,val,a36_37,3.5284126,2.5992112,1.0,3,3,1.0,2,2,1.0
931172,val,a36_37,3.339577,3.2485132,1.0,3,3,1.0,2,2,1.0
939032,val,a36_37,4.252756,4.237259,1.0,3,3,1.0,2,2,1.0
958030,val,a36_37,3.4243507,3.1858559,1.0,3,3,1.0,2,2,1.0
958173,val,a36_37,2.6913297,3.2416787,1.0,3,3,1.0,2,2,1.0
961005,val,a36_37,2.8070726,2.5763686,1.0,3,3,1.0,2,4,1.0
961030,val,a36_37,3.2140033,3.616172,1.0,3,3,1.0,6,2,1.0
961175,val,a36_37,3.3340397,3.9032092,1.0,3,3,1.0,2,2,1.0
1051183,val,a36_37,3.7650337,3.3599384,1.0,3,3,1.0,2,2,1.0
1084005,val,a36_37,2.9751592,2.5692537,1.0,3,3,1.0,2,2,1.0
1089003,val,a36_37,3.0085883,2.474308,1.0,3,3,1.0,2,2,1.0
1093003,val,a36_37,1.5870626,0.0,1.0,2,2,1.0,2,2,1.0
1107173,val,a36_37,1.6591285,3.6353216,1.0,3,3,1.0,2,4,1.0
1109174,val,a36_37,2.0756598,2.245844,1.0,3,2,1.0,2,2,1.0
1121030,val,a36_37,3.4275331,3.456708,1.0,3,3,1.0,2,2,1.0
1121175,val,a36_37,2.0987601,0.0,1.0,3,2,1.0,2,2,1.0
1125172,val,a36_37,2.6531613,2.4460173,1.0,3,2,1.0,2,2,1.0
1126030,val,a36_37,2.9305468,2.8064811,1.0,3,3,1.0,2,2,1.0
1126176,val,a36_37,1.9429481,4.886779,1.0,3,3,1.0,2,2,1.0
1152180,val,a36_37,3.143332,3.4601078,1.0,3,3,1.0,2,2,1.0
1164004,val,a36_37,3.294013,3.4775372,1.0,3,2,1.0,2,2,1.0
1184032,val,a36_37,3.2454271,3.7188902,1.0,3,3,1.0,2,2,1.0
1184033,val,a36_37,2.070727,2.8802483,1.0,3,3,1.0,6,4,1.0
1185003,val,a36_37,3.3013394,0.0,1.0,3,2,1.0,2,2,1.0
1222004,val,a36_37,2.365257,2.876907,1.0,3,3,1.0,2,2,1.0
1222006,val,a36_37,3.0575652,3.2434895,1.0,3,3,1.0,2,2,1.0
1284170,val,a36_37,3.27247,1.6771642,1.0,3,3,1.0,2,2,1.0
1292004,val,a36_37,2.6466606,2.7496648,1.0,3,3,1.0,2,2,1.0
1314172,val,a36_37,3.2213256,3.6824348,1.0,3,3,1.0,2,2,1.0
1332005,val,a36_37,3.99517,0.0,0.0,3,-1,0.0,2,3,1.0
1335010,val,a36_37,3.264844,3.1051395,1.0,3,3,1.0,2,2,1.0
1338003,val,a36_37,3.0167167,4.1280828,1.0,3,3,1.0,2,6,1.0
1345006,val,a36_37,2.9814959,2.9832191,1.0,3,3,1.0,2,2,1.0
1345007,val,a36_37,2.7486732,3.8132377,1.0,3,3,1.0,6,6,1.0
1346030,val,a36_37,3.3565302,0.0,1.0,3,2,1.0,6,2,1.0
1391033,val,a36_37,3.5675282,3.811287,1.0,3,3,1.0,6,2,1.0
1391175,val,a36_37,1.0824046,3.079403,1.0,2,3,1.0,2,4,1.0
1394033,val,a36_37,2.5097208,0.0,1.0,3,2,1.0,2,4,1.0
1397005,val,a36_37,3.5021787,3.7173688,1.0,3,3,1.0,2,2,1.0
1397172,val,a36_37,1.6292473,0.6802275,1.0,3,3,1.0,2,2,1.0
1426004,val,a36_37,1.9313991,2.8489583,1.0,3,3,1.0,6,6,1.0
1434032,val,a36_37,2.8207505,2.180618,1.0,3,3,1.0,2,2,1.0
1434170,val,a36_37,3.2630599,2.939788,1.0,3,3,1.0,2,2,1.0
1435005,val,a36_37,3.5996912,4.7467794,1.0,3,3,1.0,2,3,1.0
1485171,val,a36_37,3.4834456,3.4317987,1.0,3,3,1.0,2,2,1.0
1520031,val,a36_37,3.223659,4.363858,1.0,3,3,1.0,2,2,1.0
1540005,val,a36_37,4.028555,2.37132,1.0,3,3,1.0,6,2,1.0
1559003,val,a36_37,4.1340303,4.417404,1.0,3,3,1.0,2,2,1.0
1559170,val,a36_37,3.118228,4.11546,1.0,3,3,1.0,2,2,1.0
1565180,val,a36_37,2.8589466,3.4647295,1.0,3,2,1.0,2,2,1.0
1579030,val,a36_37,3.4356146,3.3667955,1.0,3,3,1.0,2,2,1.0
1613007,val,a36_37,2.3062625,1.3834741,1.0,3,3,1.0,2,2,1.0
1621171,val,a36_37,3.7314882,4.886779,1.0,3,3,1.0,2,2,1.0
1644004,val,a36_37,3.0709627,3.3606308,1.0,3,3,1.0,2,2,1.0
1652031,val,a36_37,2.9816375,3.1768782,1.0,3,3,1.0,2,2,1.0
1682032,val,a36_37,3.1872396,3.8405538,1.0,3,3,1.0,2,2,1.0
1684173,val,a36_37,3.265212,3.4290798,1.0,3,3,1.0,2,2,1.0
1687003,val,a36_37,3.2767684,3.3888075,1.0,3,3,1.0,2,2,1.0
1690170,val,a36_37,2.209636,3.0869684,1.0,3,3,1.0,2,2,1.0
1692030,val,a36_37,1.0525196,2.6670494,1.0,2,3,1.0,2,4,1.0
1695034,val,a36_37,3.0986972,3.3662376,1.0,3,3,1.0,2,2,1.0
1701004,val,a36_37,2.6761572,3.5780287,1.0,3,3,1.0,2,2,1.0
1721030,val,a36_37,3.2230918,0.0,1.0,3,2,1.0,2,2,1.0
1723005,val,a36_37,1.0541548,1.8636948,1.0,2,2,1.0,2,2,1.0
1762030,val,a36_37,2.4596581,1.9106654,1.0,3,3,1.0,2,3,1.0
1762031,val,a36_37,3.5059617,3.641588,1.0,3,3,1.0,2,2,1.0
1762032,val,a36_37,2.0325925,1.7876599,1.0,3,3,1.0,4,3,1.0
1774170,val,a36_37,3.0427115,0.0,1.0,3,2,1.0,2,2,1.0
1774171,val,a36_37,3.036267,3.3619723,1.0,3,3,1.0,2,2,1.0
1784171,val,a36_37,3.6936889,4.5877905,1.0,3,3,1.0,2,2,1.0
1786191,val,a36_37,3.6930127,3.8410935,1.0,3,3,1.0,2,2,1.0
1787005,val,a36_37,3.4660058,3.9825108,1.0,3,3,1.0,2,2,1.0
1787174,val,a36_37,2.6725042,3.1686609,1.0,3,3,1.0,2,2,1.0
1802003,val,a36_37,3.163938,2.7790923,1.0,3,3,1.0,2,2,1.0
1845170,val,a36_37,3.750031,3.0690727,1.0,3,3,1.0,2,2,1.0
1862171,val,a36_37,3.2288342,3.7537568,1.0,3,3,1.0,2,2,1.0
1898004,val,a36_37,2.9498346,3.7632077,1.0,3,3,1.0,6,6,1.0
1911030,val,a36_37,2.4910333,3.295633,1.0,3,3,1.0,2,2,1.0
1914003,val,a36_37,1.2887257,1.980423,1.0,2,3,1.0,2,2,1.0
1919007,val,a36_37,3.698327,4.8790894,1.0,3,3,1.0,2,3,1.0
1954003,val,a36_37,3.5734875,3.254356,1.0,3,3,1.0,2,2,1.0
1959005,val,a36_37,3.523878,4.18122,1.0,3,3,1.0,2,2,1.0
1964031,val,a36_37,2.3311784,2.7394176,1.0,3,3,1.0,4,4,1.0
1972173,val,a36_37,1.3660018,0.0,0.0,2,-1,0.0,2,-1,0.0
1978030,val,a36_37,3.1940444,4.1103644,1.0,3,3,1.0,2,2,1.0
2005030,val,a36_37,2.788112,2.6480696,1.0,3,3,1.0,2,4,1.0
2011174,val,a36_37,2.6588898,3.2482402,1.0,3,3,1.0,2,2,1.0
2023030,val,a36_37,3.4242723,4.862917,1.0,3,3,1.0,6,6,1.0
2028030,val,a36_37,3.203276,4.247286,1.0,3,3,1.0,2,4,1.0
2055003,val,a36_37,2.6016707,2.5747566,1.0,3,3,1.0,2,2,1.0
2067005,val,a36_37,3.5119479,3.9193912,1.0,3,3,1.0,2,2,1.0
2080170,val,a36_37,2.1750247,2.2188706,1.0,3,3,1.0,2,2,1.0
2106171,val,a36_37,1.0803076,0.0,1.0,2,2,1.0,2,2,1.0
2109002,val,a36_37,3.1129146,4.713481,1.0,3,3,1.0,2,2,1.0
2129186,val,a36_37,3.1806684,3.3345084,1.0,3,3,1.0,2,2,1.0
2181007,val,a36_37,1.124752,0.96344346,1.0,2,2,1.0,6,6,1.0
2181030,val,a36_37,2.714039,3.6312973,1.0,3,3,1.0,2,2,1.0
2243174,val,a36_37,3.2864292,4.30575,1.0,3,3,1.0,2,2,1.0
2260173,val,a36_37,2.6549392,0.0,1.0,3,3,1.0,2,2,1.0
2261030,val,a36_37,3.0346713,2.9075313,1.0,3,3,1.0,2,2,1.0
2271171,val,a36_37,2.4927864,3.3811612,1.0,3,3,1.0,2,2,1.0
2282005,val,a36_37,2.9932346,2.9124293,1.0,3,3,1.0,2,6,1.0
2302195,val,a36_37,1.0396329,0.0,1.0,2,2,1.0,2,3,1.0
2334031,val,a36_37,3.4101799,4.3349156,1.0,3,3,1.0,2,2,1.0
2341172,val,a36_37,2.8654842,1.6123989,1.0,3,3,1.0,2,2,1.0
2354175,val,a36_37,3.6503384,3.8595586,1.0,3,3,1.0,2,2,1.0
2355004,val,a36_37,1.5900601,3.6927035,1.0,3,3,1.0,5,2,1.0
2391030,val,a36_37,3.4332397,3.6864588,1.0,3,3,1.0,2,2,1.0
2397173,val,a36_37,1.4783602,2.470555,1.0,3,3,1.0,2,4,1.0
2408170,val,a36_37,2.7601106,2.883854,1.0,3,3,1.0,2,2,1.0
2425003,val,a36_37,2.7489378,1.7356842,1.0,3,3,1.0,2,2,1.0
2432030,val,a36_37,1.6809664,3.029656,1.0,2,2,1.0,2,4,1.0
2435172,val,a36_37,1.5815314,2.2948132,1.0,3,3,1.0,2,2,1.0
2436174,val,a36_37,1.1119268,1.5490171,1.0,2,3,1.0,2,4,1.0
2436176,val,a36_37,1.8476536,2.7887027,1.0,3,3,1.0,2,2,1.0
2441003,val,a36_37,1.946578,3.1246448,1.0,3,3,1.0,2,2,1.0
2441173,val,a36_37,3.4586427,3.7351284,1.0,3,2,1.0,2,2,1.0
2458031,val,a36_37,4.021067,4.41717,1.0,3,3,1.0,2,6,1.0
2461004,val,a36_37,1.6631305,1.6316046,1.0,3,3,1.0,2,2,1.0
2461030,val,a36_37,3.6169872,4.886779,1.0,3,3,1.0,2,2,1.0
2473004,val,a36_37,3.5440383,3.620147,1.0,3,3,1.0,2,2,1.0
2483030,val,a36_37,2.9262977,2.4331408,1.0,3,2,1.0,2,4,1.0
2503030,val,a36_37,3.7381968,3.1709757,1.0,3,3,1.0,2,6,1.0
2510005,val,a36_37,3.5760684,3.445601,1.0,3,3,1.0,2,2,1.0
2525003,val,a36_37,3.3510447,4.7141504,1.0,3,3,1.0,2,2,1.0
2529030,val,a36_37,3.24285,0.0,1.0,3,2,1.0,2,2,1.0
2529174,val,a36_37,2.8974595,3.9753668,1.0,3,3,1.0,2,2,1.0
2530003,val,a36_37,2.076954,3.4057453,1.0,3,2,1.0,2,4,1.0
2530004,val,a36_37,2.9390721,3.170426,1.0,3,3,1.0,2,2,1.0
2569033,val,a36_37,2.7526224,3.3809729,1.0,3,3,1.0,6,2,1.0
2601006,val,a36_37,3.4013493,4.845638,1.0,3,3,1.0,6,2,1.0
2608006,val,a36_37,2.959456,3.223352,1.0,3,3,1.0,2,2,1.0
2615034,val,a36_37,3.3791852,3.896652,1.0,3,3,1.0,2,2,1.0
2639004,val,a36_37,2.2898693,3.2300382,1.0,3,3,1.0,2,4,1.0
2665177,val,a36_37,1.4761169,0.0,1.0,3,2,1.0,6,6,1.0
2672006,val,a36_37,3.2223372,4.056694,1.0,3,3,1.0,6,2,1.0
2672171,val,a36_37,2.274252,3.7282312,1.0,3,3,1.0,2,4,1.0
2697003,val,a36_37,3.7104633,3.5551443,1.0,3,3,1.0,2,4,1.0
2704031,val,a36_37,3.4731624,0.0,0.0,3,-1,0.0,6,-1,0.0
2705030,val,a36_37,3.3083942,4.279099,1.0,3,3,1.0,2,2,1.0
2707007,val,a36_37,2.5726256,1.9724138,1.0,3,3,1.0,2,2,1.0
2712172,val,a36_37,2.4160924,3.2804124,1.0,3,3,1.0,2,2,1.0
2731003,val,a36_37,2.8991938,3.2931156,1.0,3,3,1.0,6,6,1.0
2731005,val,a36_37,3.509605,4.5862164,1.0,3,3,1.0,6,6,1.0
2770031,val,a36_37,3.239492,2.668859,1.0,3,2,1.0,2,2,1.0
2816004,val,a36_37,1.4412509,3.182522,1.0,2,3,1.0,2,2,1.0
2910002,val,a36_37,2.6612337,2.7591305,1.0,3,3,1.0,2,2,1.0
3062001,val,a36_37,3.5186934,1.9881068,1.0,3,3,1.0,2,2,1.0
3235002,val,a36_37,2.5990238,3.2806733,1.0,3,3,1.0,2,3,1.0
3306001,val,a36_37,3.6492405,4.5110793,1.0,3,3,1.0,2,2,1.0
5015030,val,a36_37,1.9973884,3.3488512,1.0,3,2,1.0,2,2,1.0
5048030,val,a36_37,2.6111066,2.4680142,1.0,3,3,1.0,6,6,1.0
5052033,val,a36_37,2.2554996,2.2469683,1.0,3,3,1.0,6,6,1.0
5057008,val,a36_37,1.1337669,0.0,0.0,2,-1,0.0,6,-1,0.0
5170009,val,a36_37,3.06733,3.788717,1.0,3,3,1.0,2,2,1.0
5230008,val,a36_37,2.8577096,3.5082257,1.0,3,3,1.0,2,2,1.0
5299010,val,a36_37,2.3410463,0.303701,1.0,3,3,1.0,6,6,1.0
5336179,val,a36_37,3.0426424,2.7841861,1.0,3,3,1.0,2,2,1.0
5364005,val,a36_37,2.8308883,3.3207188,1.0,3,3,1.0,2,3,1.0
5379004,val,a36_37,3.3507285,3.8999038,1.0,3,3,1.0,2,4,1.0
5430173,val,a36_37,2.693344,1.7842062,1.0,3,2,1.0,6,6,1.0
5488006,val,a36_37,3.1262622,3.7725368,1.0,3,3,1.0,6,6,1.0
5493007,val,a36_37,1.1307936,0.0,1.0,2,2,1.0,2,5,1.0
5537009,val,a36_37,2.4390962,2.7819886,1.0,3,3,1.0,2,2,1.0
5537177,val,a36_37,1.8623419,2.0426283,1.0,3,3,1.0,2,2,1.0
5537183,val,a36_37,3.4167852,3.67495,1.0,3,3,1.0,2,2,1.0
5569010,val,a36_37,2.702276,3.5010288,1.0,3,3,1.0,2,2,1.0
5600005,val,a36_37,1.8540442,0.0,1.0,3,2,1.0,6,2,1.0
5615183,val,a36_37,2.946127,3.2485132,1.0,3,3,1.0,2,2,1.0
5749006,val,a36_37,2.0356927,2.3568232,1.0,3,3,1.0,3,2,1.0
5822175,val,a36_37,3.0521114,3.4142132,1.0,3,3,1.0,2,2,1.0
5832003,val,a36_37,2.2926633,2.3835883,1.0,3,3,1.0,2,6,1.0
5872005,val,a36_37,1.1094804,0.0,1.0,2,2,1.0,6,6,1.0
5898005,val,a36_37,2.1079705,0.0,0.0,3,-1,0.0,6,-1,0.0
5904033,val,a36_37,2.7791643,3.029786,1.0,3,3,1.0,2,4,1.0
5987188,val,a36_37,2.7424057,2.8467143,1.0,3,3,1.0,2,2,1.0
6026005,val,a36_37,3.615436,4.496649,1.0,3,2,1.0,2,4,1.0
6026172,val,a36_37,3.1394508,0.0,0.0,3,-1,0.0,2,-1,0.0
6054031,val,a36_37,3.4194,3.8914962,1.0,3,3,1.0,6,6,1.0
6121033,val,a36_37,2.8979855,0.0,1.0,3,2,1.0,2,6,1.0
6156008,val,a36_37,3.5242395,4.005205,1.0,3,3,1.0,6,6,1.0
6157003,val,a36_37,2.7102077,3.432247,1.0,3,3,1.0,2,2,1.0
6210183,val,a36_37,2.244217,3.218641,1.0,3,3,1.0,2,2,1.0
6262030,val,a36_37,3.6059878,3.9705956,1.0,3,3,1.0,2,2,1.0
6368007,val,a36_37,2.5829697,1.9674397,1.0,3,2,1.0,6,6,1.0
6381181,val,a36_37,3.0551012,3.98491,1.0,3,3,1.0,2,2,1.0
6396003,val,a36_37,1.7708949,2.8208497,1.0,3,2,1.0,2,3,1.0
6431008,val,a36_37,3.0628881,4.5862164,1.0,3,3,1.0,2,3,1.0
6475170,val,a36_37,2.6327164,3.029786,1.0,3,3,1.0,6,6,1.0
6522004,val,a36_37,1.551596,0.0,1.0,2,2,1.0,6,6,1.0
6537032,val,a36_37,2.640874,3.0605385,1.0,3,3,1.0,2,2,1.0
6541178,val,a36_37,3.2055895,4.302973,1.0,3,3,1.0,2,2,1.0
6545006,val,a36_37,1.795053,2.5066333,1.0,3,3,1.0,3,4,1.0
6547171,val,a36_37,2.7924032,1.2300977,1.0,3,3,1.0,2,2,1.0
6571031,val,a36_37,3.1111763,3.68331,1.0,3,3,1.0,2,3,1.0
6590008,val,a36_37,3.036116,3.3406534,1.0,3,3,1.0,2,2,1.0
6616007,val,a36_37,2.268006,2.9124293,1.0,3,3,1.0,2,4,1.0
6649003,val,a36_37,2.2011504,3.8332024,1.0,3,3,1.0,6,2,1.0
6710030,val,a36_37,1.1828845,3.2485132,1.0,2,3,1.0,6,6,1.0
6745007,val,a36_37,2.7155087,3.5649583,1.0,3,3,1.0,6,6,1.0
6750005,val,a36_37,2.424059,3.1132894,1.0,3,3,1.0,2,4,1.0
6765006,val,a36_37,1.9188135,2.7347896,1.0,3,3,1.0,2,2,1.0
6822176,val,a36_37,2.860865,3.6318047,1.0,3,2,1.0,2,4,1.0
6828003,val,a36_37,1.3387392,0.0,1.0,2,2,1.0,2,2,1.0
6872003,val,a36_37,3.1720273,3.5643752,1.0,3,3,1.0,6,2,1.0
4007,val,a38_39,2.8436503,3.6353216,1.0,3,3,1.0,2,4,1.0
6174,val,a38_39,3.4284534,3.9045892,1.0,3,3,1.0,2,2,1.0
14004,val,a38_39,3.5387545,3.9676125,1.0,3,3,1.0,2,2,1.0
14172,val,a38_39,1.3411682,3.149699,1.0,2,3,1.0,2,2,1.0
14173,val,a38_39,2.8308852,3.5534267,1.0,3,3,1.0,2,2,1.0
18031,val,a38_39,1.1057382,3.4983966,1.0,2,3,1.0,2,5,1.0
18185,val,a38_39,2.1978106,0.0,1.0,3,2,1.0,2,2,1.0
23031,val,a38_39,3.1741896,0.0,1.0,3,2,1.0,2,6,1.0
40173,val,a38_39,3.5273633,3.2282774,1.0,3,2,1.0,2,2,1.0
51171,val,a38_39,3.328884,3.708396,1.0,3,3,1.0,2,2,1.0
84005,val,a38_39,3.1570392,3.9163692,1.0,3,3,1.0,6,6,1.0
121173,val,a38_39,3.0685468,0.0,1.0,3,2,1.0,2,2,1.0
128004,val,a38_39,3.7932014,3.97414,1.0,3,3,1.0,2,2,1.0
145170,val,a38_39,3.4011664,3.2996137,1.0,3,3,1.0,2,2,1.0
161004,val,a38_39,3.6749773,3.4987814,1.0,3,3,1.0,2,4,1.0
172031,val,a38_39,3.546112,3.1943314,1.0,3,3,1.0,2,2,1.0
174175,val,a38_39,2.1747797,4.3165617,1.0,3,3,1.0,2,2,1.0
221031,val,a38_39,3.7306967,4.1482253,1.0,3,3,1.0,2,2,1.0
223030,val,a38_39,3.4525828,4.169046,1.0,3,3,1.0,2,2,1.0
227003,val,a38_39,3.758389,4.074686,1.0,3,3,1.0,2,4,1.0
257175,val,a38_39,3.1792722,2.8933933,1.0,3,3,1.0,2,2,1.0
263182,val,a38_39,3.4194896,3.3483999,1.0,3,3,1.0,2,2,1.0
321005,val,a38_39,2.4492989,2.7218363,1.0,3,3,1.0,2,2,1.0
361175,val,a38_39,2.6834397,0.23207553,1.0,3,3,1.0,2,2,1.0
377170,val,a38_39,3.276831,4.0544734,1.0,3,3,1.0,2,2,1.0
450030,val,a38_39,3.2506227,3.854094,1.0,3,3,1.0,2,6,1.0
465030,val,a38_39,2.35781,3.5433505,1.0,3,3,1.0,2,4,1.0
478030,val,a38_39,2.698051,2.8278043,1.0,3,2,1.0,6,2,1.0
503031,val,a38_39,2.9737604,4.2451234,1.0,3,3,1.0,2,2,1.0
514172,val,a38_39,3.6524694,4.3578134,1.0,3,3,1.0,2,2,1.0
534030,val,a38_39,2.9808564,1.9284004,1.0,3,3,1.0,2,2,1.0
534171,val,a38_39,3.674268,3.300611,1.0,3,3,1.0,2,2,1.0
544170,val,a38_39,2.8341146,3.0027869,1.0,3,3,1.0,2,2,1.0
563193,val,a38_39,3.3513381,0.0,1.0,3,2,1.0,2,2,1.0
577174,val,a38_39,3.1748426,0.0,1.0,3,3,1.0,2,2,1.0
613006,val,a38_39,2.8686144,3.558165,1.0,3,3,1.0,2,6,1.0
618170,val,a38_39,3.763536,4.457448,1.0,3,3,1.0,2,2,1.0
631030,val,a38_39,2.7982461,0.0,1.0,3,3,1.0,2,4,1.0
633031,val,a38_39,3.0844526,3.6561131,1.0,3,3,1.0,2,2,1.0
652173,val,a38_39,3.0282032,3.5541687,1.0,3,3,1.0,2,2,1.0
655172,val,a38_39,3.2653413,3.5138078,1.0,3,3,1.0,2,2,1.0
656005,val,a38_39,2.5547366,0.0,1.0,3,2,1.0,2,2,1.0
691171,val,a38_39,2.8054461,3.772668,1.0,3,3,1.0,2,4,1.0
738172,val,a38_39,2.5646546,3.2605875,1.0,3,3,1.0,2,2,1.0
751030,val,a38_39,2.4071958,3.029786,1.0,3,3,1.0,2,4,1.0
762170,val,a38_39,3.972406,4.375797,1.0,3,3,1.0,2,2,1.0
783171,val,a38_39,3.210459,0.0,1.0,3,2,1.0,2,2,1.0
863007,val,a38_39,2.621138,2.5121129,1.0,3,3,1.0,2,2,1.0
893170,val,a38_39,2.8557098,0.0,1.0,3,2,1.0,2,2,1.0
894031,val,a38_39,3.1116283,3.4273427,1.0,3,3,1.0,2,2,1.0
898181,val,a38_39,2.4643822,2.437192,1.0,3,2,1.0,2,2,1.0
899003,val,a38_39,3.5228872,3.5736656,1.0,3,3,1.0,2,4,1.0
916032,val,a38_39,2.3923953,2.3076265,1.0,3,2,1.0,6,2,1.0
922005,val,a38_39,3.413765,2.0202856,1.0,3,3,1.0,2,2,1.0
931172,val,a38_39,3.3071942,3.1641526,1.0,3,3,1.0,2,2,1.0
939032,val,a38_39,4.018141,4.886779,1.0,3,3,1.0,2,2,1.0
958030,val,a38_39,3.48433,3.2040205,1.0,3,3,1.0,2,2,1.0
958173,val,a38_39,2.6775033,3.2682788,1.0,3,3,1.0,2,2,1.0
961005,val,a38_39,2.8303292,0.0,0.0,3,-1,0.0,2,-1,0.0
961030,val,a38_39,3.1047719,3.668479,1.0,3,3,1.0,6,2,1.0
961175,val,a38_39,3.3136692,4.009967,1.0,3,3,1.0,2,2,1.0
1051183,val,a38_39,3.7609303,3.3806858,1.0,3,3,1.0,2,2,1.0
1084005,val,a38_39,3.0964332,3.1447468,1.0,3,3,1.0,2,2,1.0
1089003,val,a38_39,2.9976208,2.1620421,1.0,3,3,1.0,2,2,1.0
1093003,val,a38_39,1.6641985,0.0,1.0,2,2,1.0,2,2,1.0
1107173,val,a38_39,1.712548,4.035927,1.0,3,3,1.0,2,4,1.0
1109174,val,a38_39,2.0494916,0.0,1.0,3,2,1.0,2,2,1.0
1121030,val,a38_39,3.4322093,3.1423733,1.0,3,3,1.0,2,2,1.0
1121175,val,a38_39,2.1333833,0.0,1.0,3,2,1.0,2,2,1.0
1125172,val,a38_39,2.7510262,2.3582149,1.0,3,3,1.0,2,2,1.0
1126030,val,a38_39,2.8980036,1.7614238,1.0,3,3,1.0,2,2,1.0
1126176,val,a38_39,2.0946226,4.886779,1.0,3,3,1.0,2,2,1.0
1152180,val,a38_39,3.077847,3.542661,1.0,3,3,1.0,2,2,1.0
1164004,val,a38_39,3.3424106,1.9587568,1.0,3,3,1.0,2,2,1.0
1184032,val,a38_39,3.1199524,3.901413,1.0,3,3,1.0,2,2,1.0
1184033,val,a38_39,1.8034141,2.153746,1.0,3,3,1.0,6,4,1.0
1185003,val,a38_39,3.3086634,0.0,1.0,3,2,1.0,2,2,1.0
1222004,val,a38_39,2.4158459,3.1263244,1.0,3,3,1.0,2,2,1.0
1222006,val,a38_39,2.951996,4.346328,1.0,3,3,1.0,2,2,1.0
1284170,val,a38_39,3.3783517,0.0,1.0,3,2,1.0,2,2,1.0
1292004,val,a38_39,2.7073653,2.7189043,1.0,3,3,1.0,2,2,1.0
1314172,val,a38_39,3.2318788,4.0920806,1.0,3,3,1.0,2,2,1.0
1332005,val,a38_39,3.8552423,3.6850972,1.0,3,3,1.0,2,3,1.0
1335010,val,a38_39,3.3930125,0.0,1.0,3,3,1.0,2,2,1.0
1338003,val,a38_39,3.0684445,3.9032092,1.0,3,3,1.0,2,6,1.0
1345006,val,a38_39,3.0893624,0.9750868,1.0,3,3,1.0,2,2,1.0
1345007,val,a38_39,2.9913337,3.6275852,1.0,3,3,1.0,6,2,1.0
1346030,val,a38_39,3.266213,0.0,1.0,3,2,1.0,2,2,1.0
1391033,val,a38_39,3.6124883,3.5923295,1.0,3,3,1.0,6,2,1.0
1391175,val,a38_39,1.2815695,3.037984,1.0,2,3,1.0,2,4,1.0
1394033,val,a38_39,2.4821684,0.0,1.0,3,2,1.0,6,4,1.0
1397005,val,a38_39,3.4693565,3.7930343,1.0,3,3,1.0,2,2,1.0
1397172,val,a38_39,1.8297983,2.722233,1.0,3,3,1.0,2,2,1.0
1426004,val,a38_39,1.9165235,2.7029045,1.0,3,3,1.0,6,6,1.0
1434032,val,a38_39,2.7653408,2.5541692,1.0,3,3,1.0,2,2,1.0
1434170,val,a38_39,3.2703834,3.1573586,1.0,3,3,1.0,2,2,1.0
1435005,val,a38_39,3.4801302,4.657845,1.0,3,3,1.0,2,4,1.0
1485171,val,a38_39,3.5527737,3.566306,1.0,3,3,1.0,2,2,1.0
1520031,val,a38_39,3.2058856,4.2071943,1.0,3,3,1.0,2,2,1.0
1540005,val,a38_39,4.073658,2.7591305,1.0,3,3,1.0,2,2,1.0
1559003,val,a38_39,3.9391103,4.306588,1.0,3,3,1.0,2,2,1.0
1559170,val,a38_39,3.2801857,2.9866662,1.0,3,3,1.0,2,2,1.0
1565180,val,a38_39,2.8709779,4.457509,1.0,3,3,1.0,2,2,1.0
1579030,val,a38_39,3.5105906,3.2040205,1.0,3,2,1.0,2,2,1.0
1613007,val,a38_39,2.5485725,1.5874135,1.0,3,2,1.0,2,2,1.0
1621171,val,a38_39,3.773474,4.886779,1.0,3,3,1.0,2,2,1.0
1644004,val,a38_39,3.254912,3.6033251,1.0,3,3,1.0,2,2,1.0
1652031,val,a38_39,2.9908235,3.4982743,1.0,3,3,1.0,2,2,1.0
1682032,val,a38_39,3.2269967,3.8038778,1.0,3,3,1.0,2,2,1.0
1684173,val,a38_39,3.3521566,3.254356,1.0,3,3,1.0,2,2,1.0
1687003,val,a38_39,3.4148855,3.154596,1.0,3,3,1.0,2,2,1.0
1690170,val,a38_39,2.2979162,3.4580646,1.0,3,3,1.0,2,2,1.0
1692030,val,a38_39,1.2005556,2.5415993,1.0,2,3,1.0,2,4,1.0
1695034,val,a38_39,3.0630302,3.0865474,1.0,3,3,1.0,2,2,1.0
1701004,val,a38_39,2.709175,3.5397089,1.0,3,2,1.0,2,2,1.0
1721030,val,a38_39,3.3015893,0.0,1.0,3,2,1.0,2,2,1.0
1723005,val,a38_39,1.3573312,2.2601643,1.0,2,3,1.0,2,2,1.0
1762030,val,a38_39,2.47451,1.5906423,1.0,3,2,1.0,2,3,1.0
1762031,val,a38_39,3.5324621,3.7323906,1.0,3,3,1.0,2,2,1.0
1762032,val,a38_39,2.0049791,3.2139137,1.0,3,3,1.0,2,4,1.0
1774170,val,a38_39,3.1272168,0.0,1.0,3,2,1.0,2,2,1.0
1774171,val,a38_39,3.1303792,3.4094932,1.0,3,3,1.0,2,2,1.0
1784171,val,a38_39,3.7520835,4.120623,1.0,3,3,1.0,2,2,1.0
1786191,val,a38_39,3.7106338,4.2188535,1.0,3,3,1.0,2,2,1.0
1787005,val,a38_39,3.4982986,3.6963296,1.0,3,3,1.0,2,2,1.0
1787174,val,a38_39,2.8131464,3.2707531,1.0,3,3,1.0,2,2,1.0
1802003,val,a38_39,3.3048222,0.0,0.0,3,-1,0.0,2,-1,0.0
1845170,val,a38_39,3.784245,0.0,0.0,3,-1,0.0,2,-1,0.0
1862171,val,a38_39,3.2618468,3.9098039,1.0,3,3,1.0,2,2,1.0
1898004,val,a38_39,2.946196,4.498319,1.0,3,3,1.0,6,6,1.0
1911030,val,a38_39,2.4986353,3.324597,1.0,3,3,1.0,2,2,1.0
1914003,val,a38_39,1.5699296,2.0297983,1.0,3,3,1.0,2,2,1.0
1919007,val,a38_39,3.828053,4.878869,1.0,3,3,1.0,2,3,1.0
1954003,val,a38_39,3.5838394,3.2460208,1.0,3,2,1.0,2,2,1.0
1959005,val,a38_39,3.3861318,4.291962,1.0,3,3,1.0,2,2,1.0
1964031,val,a38_39,2.4206102,1.9279978,1.0,3,2,1.0,2,4,1.0
1972173,val,a38_39,1.5322913,0.0,1.0,2,2,1.0,2,2,1.0
1978030,val,a38_39,3.1588547,4.0177207,1.0,3,3,1.0,2,2,1.0
2005030,val,a38_39,2.7773426,2.9945555,1.0,3,3,1.0,2,2,1.0
2011174,val,a38_39,2.7253625,3.233253,1.0,3,3,1.0,2,2,1.0
2023030,val,a38_39,3.4110966,4.886779,1.0,3,3,1.0,2,6,1.0
2028030,val,a38_39,3.1435306,4.309778,1.0,3,3,1.0,2,4,1.0
2055003,val,a38_39,2.6998785,3.507782,1.0,3,3,1.0,2,2,1.0
2067005,val,a38_39,3.6271758,4.193517,1.0,3,3,1.0,2,2,1.0
2080170,val,a38_39,2.1692991,3.0143547,1.0,3,3,1.0,2,2,1.0
2106171,val,a38_39,1.279918,0.0,1.0,2,2,1.0,2,2,1.0
2109002,val,a38_39,3.2541723,4.4848623,1.0,3,3,1.0,2,2,1.0
2129186,val,a38_39,3.1421103,0.0,0.0,3,-1,0.0,2,-1,0.0
2181007,val,a38_39,1.2971405,1.8672017,1.0,2,3,1.0,6,6,1.0
2181030,val,a38_39,2.7581365,3.4467623,1.0,3,3,1.0,2,2,1.0
2243174,val,a38_39,3.338802,0.0,1.0,3,2,1.0,2,2,1.0
2260173,val,a38_39,2.710638,1.9724138,1.0,3,3,1.0,2,2,1.0
2261030,val,a38_39,3.0035655,2.8148165,1.0,3,3,1.0,2,2,1.0
2271171,val,a38_39,2.6741798,3.4070678,1.0,3,3,1.0,2,2,1.0
2282005,val,a38_39,2.9708345,3.1244323,1.0,3,3,1.0,2,6,1.0
2302195,val,a38_39,1.2480353,0.0,1.0,2,2,1.0,2,3,1.0
2334031,val,a38_39,3.3946452,3.9690573,1.0,3,3,1.0,2,2,1.0
2341172,val,a38_39,2.968035,2.2928271,1.0,3,3,1.0,2,2,1.0
2354175,val,a38_39,3.5840614,2.859516,1.0,3,3,1.0,2,2,1.0
2355004,val,a38_39,1.6622938,4.0868087,1.0,3,3,1.0,2,2,1.0
2391030,val,a38_39,3.3930576,3.4141958,1.0,3,2,1.0,2,2,1.0
2397173,val,a38_39,1.5977204,2.4192536,1.0,3,3,1.0,2,4,1.0
2408170,val,a38_39,2.6548517,3.2554533,1.0,3,3,1.0,2,4,1.0
2425003,val,a38_39,2.6920962,1.4095232,1.0,3,3,1.0,2,2,1.0
2432030,val,a38_39,1.6850007,1.0048428,1.0,3,3,1.0,2,4,1.0
2435172,val,a38_39,1.7635235,0.0,1.0,3,2,1.0,2,2,1.0
2436174,val,a38_39,1.2825152,0.0,1.0,2,2,1.0,2,4,1.0
2436176,val,a38_39,2.0646746,3.0837762,1.0,2,3,1.0,2,2,1.0
2441003,val,a38_39,2.2814841,3.437568,1.0,3,3,1.0,2,2,1.0
2441173,val,a38_39,3.523608,3.8851874,1.0,3,3,1.0,2,2,1.0
2458031,val,a38_39,3.8940763,4.775503,1.0,3,3,1.0,2,6,1.0
2461004,val,a38_39,1.7795497,0.0,1.0,2,2,1.0,2,2,1.0
2461030,val,a38_39,3.5511227,4.597478,1.0,3,3,1.0,2,2,1.0
2473004,val,a38_39,3.6315691,4.1472106,1.0,3,3,1.0,2,2,1.0
2483030,val,a38_39,2.984744,2.5445042,1.0,3,3,1.0,2,4,1.0
2503030,val,a38_39,3.647994,3.0326545,1.0,3,3,1.0,2,6,1.0
2510005,val,a38_39,3.6518137,3.0930045,1.0,3,3,1.0,2,2,1.0
2525003,val,a38_39,3.6787477,4.7362037,1.0,3,3,1.0,2,2,1.0
2529030,val,a38_39,3.1470945,0.0,1.0,3,2,1.0,2,4,1.0
2529174,val,a38_39,2.99186,4.315193,1.0,3,3,1.0,2,2,1.0
2530003,val,a38_39,2.106232,0.0,0.0,3,-1,0.0,2,-1,0.0
2530004,val,a38_39,3.0449352,3.0504405,1.0,3,3,1.0,2,2,1.0
2569033,val,a38_39,2.8582253,3.3326652,1.0,3,3,1.0,6,2,1.0
2601006,val,a38_39,3.31951,4.8403034,1.0,3,3,1.0,2,2,1.0
2608006,val,a38_39,3.020618,3.18551,1.0,3,3,1.0,2,2,1.0
2615034,val,a38_39,3.347775,3.7510855,1.0,3,3,1.0,2,2,1.0
2639004,val,a38_39,2.3757598,3.59953,1.0,3,2,1.0,2,4,1.0
2665177,val,a38_39,1.5737801,0.0,1.0,2,2,1.0,6,6,1.0
2672006,val,a38_39,3.2928967,0.0,1.0,3,3,1.0,6,4,1.0
2672171,val,a38_39,2.5231566,3.8403308,1.0,3,3,1.0,2,4,1.0
2697003,val,a38_39,3.696957,3.4481115,1.0,3,3,1.0,2,2,1.0
2704031,val,a38_39,3.4898417,2.7730844,1.0,3,3,1.0,6,4,1.0
2705030,val,a38_39,3.3450232,4.222725,1.0,3,3,1.0,2,2,1.0
2707007,val,a38_39,2.6704478,1.7174486,1.0,3,3,1.0,2,2,1.0
2712172,val,a38_39,2.62808,3.1861079,1.0,3,3,1.0,2,2,1.0
2731003,val,a38_39,3.0009882,3.048963,1.0,3,3,1.0,6,6,1.0
2731005,val,a38_39,3.4389172,4.507845,1.0,3,3,1.0,6,6,1.0
2770031,val,a38_39,3.2007473,1.3663594,1.0,3,3,1.0,2,2,1.0
2816004,val,a38_39,1.5454816,3.2435856,1.0,2,3,1.0,2,2,1.0
2910002,val,a38_39,2.7828777,2.9807694,1.0,3,3,1.0,2,2,1.0
3062001,val,a38_39,3.4616325,2.4661696,1.0,3,3,1.0,2,2,1.0
3235002,val,a38_39,2.5625243,3.5533636,1.0,3,3,1.0,2,3,1.0
3306001,val,a38_39,3.6480806,4.496284,1.0,3,3,1.0,2,2,1.0
5015030,val,a38_39,1.9045143,0.35408652,1.0,3,2,1.0,2,2,1.0
5048030,val,a38_39,2.6129482,2.7750175,1.0,3,3,1.0,6,6,1.0
5052033,val,a38_39,2.1599834,2.1022828,1.0,3,2,1.0,6,6,1.0
5057008,val,a38_39,1.3051572,3.3816826,1.0,2,3,1.0,6,6,1.0
5170009,val,a38_39,3.304369,3.8525667,1.0,3,3,1.0,2,2,1.0
5230008,val,a38_39,2.9134371,3.8347166,1.0,3,3,1.0,2,2,1.0
5299010,val,a38_39,2.3192189,0.0,1.0,3,2,1.0,6,6,1.0
5336179,val,a38_39,3.0489025,3.4054897,1.0,3,3,1.0,2,2,1.0
5364005,val,a38_39,2.915442,3.6897547,1.0,3,3,1.0,2,3,1.0
5379004,val,a38_39,3.3770866,4.1776333,1.0,3,3,1.0,2,4,1.0
5430173,val,a38_39,2.791638,0.0,1.0,3,2,1.0,2,6,1.0
5488006,val,a38_39,3.0870097,3.6850972,1.0,3,3,1.0,6,6,1.0
5493007,val,a38_39,1.274057,0.0,1.0,2,2,1.0,6,5,1.0
5537009,val,a38_39,2.5266833,2.9333522,1.0,3,3,1.0,2,2,1.0
5537177,val,a38_39,1.9408859,1.8505303,1.0,3,2,1.0,2,2,1.0
5537183,val,a38_39,3.4228468,3.955919,1.0,3,3,1.0,2,2,1.0
5569010,val,a38_39,2.899449,3.5969393,1.0,3,3,1.0,2,2,1.0
5600005,val,a38_39,1.7884529,3.1264517,1.0,3,2,1.0,6,3,1.0
5615183,val,a38_39,2.9093354,0.070574746,1.0,3,3,1.0,2,2,1.0
5749006,val,a38_39,2.0601401,1.8636948,1.0,3,2,1.0,2,2,1.0
5822175,val,a38_39,3.0199726,3.6260033,1.0,3,3,1.0,2,2,1.0
5832003,val,a38_39,2.5754366,0.0,0.0,3,-1,0.0,2,-1,0.0
5872005,val,a38_39,1.2553861,0.0,1.0,2,2,1.0,6,6,1.0
5898005,val,a38_39,2.337534,0.0,0.0,3,-1,0.0,6,-1,0.0
5904033,val,a38_39,2.719415,3.0257523,1.0,3,3,1.0,2,4,1.0
5987188,val,a38_39,2.8064787,3.1053386,1.0,3,3,1.0,2,2,1.0
6026005,val,a38_39,3.5911145,3.1735432,1.0,3,2,1.0,2,4,1.0
6026172,val,a38_39,3.1253777,1.3209659,1.0,3,3,1.0,2,4,1.0
6054031,val,a38_39,3.3848796,3.9497616,1.0,3,3,1.0,2,6,1.0
6121033,val,a38_39,3.025893,0.0,1.0,3,2,1.0,6,6,1.0
6156008,val,a38_39,3.6251376,3.3272858,1.0,3,3,1.0,6,6,1.0
6157003,val,a38_39,2.759434,3.3871381,1.0,3,3,1.0,2,3,1.0
6210183,val,a38_39,2.4643822,3.2967014,1.0,3,-1,0.0,2,2,1.0
6262030,val,a38_39,3.599074,4.0377684,1.0,3,3,1.0,2,2,1.0
6368007,val,a38_39,2.6077743,1.7459805,1.0,3,2,1.0,2,6,1.0
6381181,val,a38_39,3.0677423,3.9647489,1.0,3,3,1.0,6,2,1.0
6396003,val,a38_39,1.8744049,0.0,1.0,3,2,1.0,2,4,1.0
6431008,val,a38_39,2.9846575,4.63572,1.0,3,3,1.0,2,4,1.0
6475170,val,a38_39,2.463547,3.2242525,1.0,3,3,1.0,6,6,1.0
6522004,val,a38_39,1.6523815,0.9147846,1.0,2,2,1.0,6,6,1.0
6537032,val,a38_39,2.6872306,1.2648275,1.0,3,2,1.0,2,2,1.0
6541178,val,a38_39,3.3030612,4.122309,1.0,3,2,1.0,2,2,1.0
6545006,val,a38_39,2.1742923,3.1551504,1.0,3,3,1.0,4,4,1.0
6547171,val,a38_39,2.8510978,2.7027802,1.0,3,3,1.0,2,2,1.0
6571031,val,a38_39,3.039151,1.7769312,1.0,3,2,1.0,2,3,1.0
6590008,val,a38_39,3.1884289,3.329783,1.0,3,3,1.0,2,2,1.0
6616007,val,a38_39,2.5714831,3.7570312,1.0,3,3,1.0,2,4,1.0
6649003,val,a38_39,2.248623,3.3337348,1.0,3,3,1.0,6,2,1.0
6710030,val,a38_39,1.3084698,3.2527912,1.0,2,3,1.0,6,6,1.0
6745007,val,a38_39,2.9732232,3.583648,1.0,3,3,1.0,2,6,1.0
6750005,val,a38_39,2.6453984,3.578878,1.0,3,3,1.0,2,4,1.0
6765006,val,a38_39,2.1555524,2.8015413,1.0,3,3,1.0,2,2,1.0
6822176,val,a38_39,2.8621383,2.0905557,1.0,3,3,1.0,2,4,1.0
6828003,val,a38_39,1.5667484,0.0,1.0,2,3,1.0,2,2,1.0
6872003,val,a38_39,3.113944,3.3542435,1.0,3,3,1.0,6,2,1.0
4007,val,a40_41,2.9099348,4.096741,1.0,3,3,1.0,2,4,1.0
6174,val,a40_41,3.4096732,3.9414282,1.0,3,3,1.0,2,2,1.0
14004,val,a40_41,3.5763054,3.9032092,1.0,3,3,1.0,2,2,1.0
14172,val,a40_41,1.3751377,3.3626049,1.0,3,3,1.0,2,2,1.0
14173,val,a40_41,2.7439368,3.737305,1.0,3,3,1.0,2,2,1.0
18031,val,a40_41,1.4214385,3.4141958,1.0,2,3,1.0,2,5,1.0
18185,val,a40_41,2.1715019,0.0,1.0,3,2,1.0,2,2,1.0
23031,val,a40_41,3.2670908,0.0,1.0,3,2,1.0,2,6,1.0
40173,val,a40_41,3.4999475,3.426771,1.0,3,3,1.0,2,2,1.0
51171,val,a40_41,3.3047926,3.886613,1.0,3,3,1.0,2,2,1.0
84005,val,a40_41,3.2876987,4.077138,1.0,3,3,1.0,6,6,1.0
121173,val,a40_41,3.1207876,0.0,1.0,3,2,1.0,2,2,1.0
128004,val,a40_41,3.6468284,4.218239,1.0,3,3,1.0,2,2,1.0
145170,val,a40_41,3.3707688,3.8678546,1.0,3,3,1.0,2,2,1.0
161004,val,a40_41,3.599976,3.0361922,1.0,3,2,1.0,2,4,1.0
172031,val,a40_41,3.5859494,3.2188306,1.0,3,3,1.0,2,2,1.0
174175,val,a40_41,2.2340024,4.886779,1.0,3,3,1.0,2,2,1.0
221031,val,a40_41,3.728497,4.1335025,1.0,3,3,1.0,2,2,1.0
223030,val,a40_41,3.4266815,3.6286082,1.0,3,2,1.0,2,2,1.0
227003,val,a40_41,3.7994967,4.008891,1.0,3,3,1.0,2,2,1.0
257175,val,a40_41,3.23145,0.42037553,1.0,3,2,1.0,2,2,1.0
263182,val,a40_41,3.3948197,3.4826956,1.0,3,3,1.0,2,2,1.0
321005,val,a40_41,2.2596672,2.8158593,1.0,3,3,1.0,2,2,1.0
361175,val,a40_41,2.7917478,1.7118756,1.0,3,2,1.0,2,2,1.0
377170,val,a40_41,3.2487447,4.2009177,1.0,3,3,1.0,2,2,1.0
450030,val,a40_41,3.292494,3.847051,1.0,3,3,1.0,2,6,1.0
465030,val,a40_41,2.3142898,3.7935455,1.0,3,3,1.0,2,4,1.0
478030,val,a40_41,2.658185,2.907154,1.0,3,2,1.0,6,3,1.0
503031,val,a40_41,3.1582055,4.475371,1.0,3,3,1.0,2,4,1.0
514172,val,a40_41,3.6250892,4.04607,1.0,3,3,1.0,2,2,1.0
534030,val,a40_41,3.0565712,1.9053723,1.0,3,3,1.0,2,2,1.0
534171,val,a40_41,3.6720314,3.7922242,1.0,3,3,1.0,2,2,1.0
544170,val,a40_41,2.903481,3.178121,1.0,3,3,1.0,2,2,1.0
563193,val,a40_41,3.3233178,0.0,1.0,3,2,1.0,2,2,1.0
577174,val,a40_41,3.151686,3.0114257,1.0,3,3,1.0,2,2,1.0
613006,val,a40_41,2.7844837,3.7471669,1.0,3,3,1.0,2,2,1.0
618170,val,a40_41,3.7211573,4.5326686,1.0,3,3,1.0,2,2,1.0
631030,val,a40_41,2.725261,3.3098624,1.0,3,3,1.0,2,4,1.0
633031,val,a40_41,3.182014,3.6491034,1.0,3,3,1.0,6,2,1.0
652173,val,a40_41,3.0714567,3.5666425,1.0,3,3,1.0,2,2,1.0
655172,val,a40_41,3.2991266,3.749749,1.0,3,3,1.0,2,2,1.0
656005,val,a40_41,2.7099357,0.9626811,1.0,3,3,1.0,2,2,1.0
691171,val,a40_41,2.8342764,2.3365629,1.0,3,3,1.0,2,4,1.0
738172,val,a40_41,2.7018194,3.8163328,1.0,3,3,1.0,2,2,1.0
751030,val,a40_41,2.5231667,2.7778397,1.0,3,3,1.0,2,4,1.0
762170,val,a40_41,3.9500976,4.3971753,1.0,3,3,1.0,2,2,1.0
783171,val,a40_41,3.249413,3.7198489,1.0,3,3,1.0,2,2,1.0
863007,val,a40_41,2.7981849,2.8474362,1.0,3,3,1.0,2,2,1.0
893170,val,a40_41,2.893406,0.0,1.0,3,2,1.0,2,2,1.0
894031,val,a40_41,3.1089852,3.2252226,1.0,3,3,1.0,2,2,1.0
898181,val,a40_41,2.4544125,1.1858279,1.0,3,3,1.0,2,2,1.0
899003,val,a40_41,3.467712,3.5209594,1.0,3,3,1.0,2,2,1.0
916032,val,a40_41,2.5269663,3.1679091,1.0,3,3,1.0,6,2,1.0
922005,val,a40_41,3.5560143,2.5942936,1.0,3,3,1.0,2,2,1.0
931172,val,a40_41,3.282366,3.1120167,1.0,3,2,1.0,2,2,1.0
939032,val,a40_41,4.1821427,4.886779,1.0,3,3,1.0,2,2,1.0
958030,val,a40_41,3.4298143,3.1199777,1.0,3,3,1.0,2,2,1.0
958173,val,a40_41,2.7551079,3.1463857,1.0,3,3,1.0,2,2,1.0
961005,val,a40_41,2.9112604,3.1784346,1.0,3,3,1.0,2,2,1.0
961030,val,a40_41,3.108236,3.4617243,1.0,3,3,1.0,6,2,1.0
961175,val,a40_41,3.2904434,4.0225544,1.0,3,3,1.0,2,2,1.0
1051183,val,a40_41,3.758142,3.3424077,1.0,3,3,1.0,2,2,1.0
1084005,val,a40_41,3.1354804,3.6850972,1.0,3,2,1.0,2,3,1.0
1089003,val,a40_41,3.0417988,3.3619723,1.0,3,3,1.0,2,2,1.0
1093003,val,a40_41,1.7941272,0.0,1.0,3,2,1.0,2,2,1.0
1107173,val,a40_41,1.8549656,4.0036206,1.0,3,3,1.0,2,4,1.0
1109174,val,a40_41,2.114708,2.1663687,1.0,3,3,1.0,2,2,1.0
1121030,val,a40_41,3.4018273,3.615111,1.0,3,3,1.0,2,2,1.0
1121175,val,a40_41,2.1317785,0.0,1.0,3,2,1.0,2,2,1.0
1125172,val,a40_41,2.7863069,0.0,0.0,3,-1,0.0,2,-1,0.0
1126030,val,a40_41,2.9483812,2.3645113,1.0,3,3,1.0,2,2,1.0
1126176,val,a40_41,2.175496,4.886184,1.0,3,3,1.0,2,2,1.0
1152180,val,a40_41,3.1442373,3.4620757,1.0,3,3,1.0,2,2,1.0
1164004,val,a40_41,3.4512796,3.5871162,1.0,3,3,1.0,2,2,1.0
1184032,val,a40_41,3.2359896,3.843872,1.0,3,3,1.0,2,2,1.0
1184033,val,a40_41,1.9854014,1.4233128,1.0,3,3,1.0,6,4,1.0
1185003,val,a40_41,3.4005108,0.0,1.0,3,2,1.0,2,2,1.0
1222004,val,a40_41,2.4566646,3.154596,1.0,3,3,1.0,2,2,1.0
1222006,val,a40_41,2.9841413,2.026318,1.0,3,3,1.0,2,2,1.0
1284170,val,a40_41,3.4070694,0.0,1.0,3,2,1.0,2,2,1.0
1292004,val,a40_41,2.7668302,3.105974,1.0,3,3,1.0,2,4,1.0
1314172,val,a40_41,3.2205245,3.949036,1.0,3,3,1.0,2,2,1.0
1332005,val,a40_41,4.0485115,3.6204543,1.0,3,3,1.0,2,3,1.0
1335010,val,a40_41,3.3643792,3.0401068,1.0,3,3,1.0,2,2,1.0
1338003,val,a40_41,3.1194735,3.5987248,1.0,3,3,1.0,2,2,1.0
1345006,val,a40_41,3.0874875,2.9212708,1.0,3,3,1.0,2,2,1.0
1345007,val,a40_41,3.1258957,3.57801,1.0,3,3,1.0,6,2,1.0
1346030,val,a40_41,3.3282974,0.0,1.0,3,2,1.0,2,2,1.0
1391033,val,a40_41,3.4777398,3.647873,1.0,3,3,1.0,2,4,1.0
1391175,val,a40_41,1.4691601,0.0,0.0,2,-1,0.0,2,-1,0.0
1394033,val,a40_41,2.3876858,0.0,1.0,3,2,1.0,2,4,1.0
1397005,val,a40_41,3.492995,3.7439065,1.0,3,3,1.0,2,2,1.0
1397172,val,a40_41,1.9715931,3.0469735,1.0,3,3,1.0,2,2,1.0
1426004,val,a40_41,1.8599484,2.9762707,1.0,3,3,1.0,6,6,1.0
1434032,val,a40_41,2.7935278,2.0527534,1.0,3,3,1.0,2,2,1.0
1434170,val,a40_41,3.215259,3.1865816,1.0,3,3,1.0,2,2,1.0
1435005,val,a40_41,3.538024,4.6204996,1.0,3,2,1.0,2,4,1.0
1485171,val,a40_41,3.536901,3.2274153,1.0,3,3,1.0,2,2,1.0
1520031,val,a40_41,3.305939,3.9851773,1.0,3,3,1.0,2,2,1.0
1540005,val,a40_41,4.172305,2.3726282,1.0,3,3,1.0,6,2,1.0
1559003,val,a40_41,4.133094,4.472791,1.0,3,3,1.0,2,2,1.0
1559170,val,a40_41,3.3173347,3.2300382,1.0,3,3,1.0,2,2,1.0
1565180,val,a40_41,2.9472425,4.194441,1.0,3,3,1.0,2,2,1.0
1579030,val,a40_41,3.5896816,3.0597289,1.0,3,3,1.0,2,2,1.0
1613007,val,a40_41,2.5417511,0.6793294,1.0,3,3,1.0,2,2,1.0
1621171,val,a40_41,3.7246187,4.886779,1.0,3,3,1.0,2,2,1.0
1644004,val,a40_41,3.3047416,3.496418,1.0,3,3,1.0,2,2,1.0
1652031,val,a40_41,3.006219,3.3802066,1.0,3,3,1.0,2,2,1.0
1682032,val,a40_41,3.345818,3.8730197,1.0,3,3,1.0,6,2,1.0
1684173,val,a40_41,3.332283,3.6152012,1.0,3,2,1.0,2,2,1.0
1687003,val,a40_41,3.3407834,3.3729873,1.0,3,3,1.0,2,2,1.0
1690170,val,a40_41,2.277553,3.5111582,1.0,3,3,1.0,2,2,1.0
1692030,val,a40_41,1.3136098,0.0,1.0,2,2,1.0,2,2,1.0
1695034,val,a40_41,3.1459303,3.6491034,1.0,3,3,1.0,2,2,1.0
1701004,val,a40_41,2.7828481,3.9664857,1.0,3,3,1.0,2,2,1.0
1721030,val,a40_41,3.3477716,3.6687279,1.0,3,3,1.0,2,2,1.0
1723005,val,a40_41,1.3128641,2.2075644,1.0,2,3,1.0,2,2,1.0
1762030,val,a40_41,2.5795777,0.0,1.0,3,2,1.0,2,4,1.0
1762031,val,a40_41,3.5211976,3.7650766,1.0,3,3,1.0,2,2,1.0
1762032,val,a40_41,2.002061,1.9069004,1.0,3,3,1.0,2,4,1.0
1774170,val,a40_41,3.185345,1.3671789,1.0,3,2,1.0,2,2,1.0
1774171,val,a40_41,3.1860974,3.3073823,1.0,3,3,1.0,2,2,1.0
1784171,val,a40_41,3.7032845,4.1698217,1.0,3,3,1.0,2,2,1.0
1786191,val,a40_41,3.7280118,3.9422066,1.0,3,3,1.0,2,2,1.0
1787005,val,a40_41,3.3051722,3.6848996,1.0,3,3,1.0,2,2,1.0
1787174,val,a40_41,2.8988733,3.3667955,1.0,3,3,1.0,2,2,1.0
1802003,val,a40_41,3.190083,3.489942,1.0,3,2,1.0,2,4,1.0
1845170,val,a40_41,3.7230635,3.0869684,1.0,3,3,1.0,2,2,1.0
1862171,val,a40_41,3.2864664,3.5262845,1.0,3,3,1.0,2,2,1.0
1898004,val,a40_41,3.0564835,3.4094932,1.0,3,3,1.0,6,6,1.0
1911030,val,a40_41,2.4113371,0.0,0.0,3,-1,0.0,2,-1,0.0
1914003,val,a40_41,1.7301903,2.8751705,1.0,3,3,1.0,2,2,1.0
1919007,val,a40_41,3.7741601,4.886779,1.0,3,3,1.0,2,4,1.0
1954003,val,a40_41,3.5130084,2.9361172,1.0,3,3,1.0,2,2,1.0
1959005,val,a40_41,3.4604514,4.3370132,1.0,3,3,1.0,2,2,1.0
1964031,val,a40_41,2.2663913,0.0,1.0,3,2,1.0,2,4,1.0
1972173,val,a40_41,1.6624877,0.0,0.0,2,-1,0.0,2,-1,0.0
1978030,val,a40_41,3.2792077,3.693618,1.0,3,3,1.0,2,2,1.0
2005030,val,a40_41,2.8641453,3.1062326,1.0,3,3,1.0,2,4,1.0
2011174,val,a40_41,2.7868962,3.3237946,1.0,3,3,1.0,2,2,1.0
2023030,val,a40_41,3.4389014,4.886779,1.0,3,3,1.0,2,6,1.0
2028030,val,a40_41,3.2192917,4.421971,1.0,3,3,1.0,2,4,1.0
2055003,val,a40_41,2.791367,1.7300621,1.0,3,3,1.0,2,2,1.0
2067005,val,a40_41,3.6202555,4.1546817,1.0,3,3,1.0,2,2,1.0
2080170,val,a40_41,2.2472003,2.3160753,1.0,3,3,1.0,2,2,1.0
2106171,val,a40_41,1.2858157,0.0,1.0,3,2,1.0,2,2,1.0
2109002,val,a40_41,3.2816205,4.482823,1.0,3,3,1.0,2,2,1.0
2129186,val,a40_41,3.1277878,3.496005,1.0,3,3,1.0,2,2,1.0
2181007,val,a40_41,1.2915772,1.966612,1.0,2,2,1.0,6,6,1.0
2181030,val,a40_41,2.883054,3.3319657,1.0,3,3,1.0,2,2,1.0
2243174,val,a40_41,3.4277732,3.0664406,1.0,3,3,1.0,2,2,1.0
2260173,val,a40_41,2.7979875,0.40987092,1.0,3,2,1.0,2,2,1.0
2261030,val,a40_41,3.0907366,2.5095816,1.0,3,3,1.0,2,2,1.0
2271171,val,a40_41,2.5798404,3.6543715,1.0,3,3,1.0,2,2,1.0
2282005,val,a40_41,3.059814,0.0,1.0,3,3,1.0,2,6,1.0
2302195,val,a40_41,1.4332688,0.39853728,1.0,2,2,1.0,2,3,1.0
2334031,val,a40_41,3.4482064,3.8142254,1.0,3,3,1.0,2,2,1.0
2341172,val,a40_41,3.045213,2.8913167,1.0,3,3,1.0,2,2,1.0
2354175,val,a40_41,3.5348754,3.3073823,1.0,3,3,1.0,2,2,1.0
2355004,val,a40_41,1.6550661,3.7249148,1.0,3,3,1.0,2,2,1.0
2391030,val,a40_41,3.3553405,3.1996279,1.0,3,3,1.0,2,2,1.0
2397173,val,a40_41,1.7394884,2.7536736,1.0,3,3,1.0,2,2,1.0
2408170,val,a40_41,2.7262611,2.2054408,1.0,3,2,1.0,2,4,1.0
2425003,val,a40_41,2.7578692,1.1611937,1.0,3,3,1.0,2,2,1.0
2432030,val,a40_41,1.7933149,2.766588,1.0,3,3,1.0,2,4,1.0
2435172,val,a40_41,1.9136925,0.5612031,1.0,3,3,1.0,2,2,1.0
2436174,val,a40_41,1.4727236,0.0,1.0,2,2,1.0,2,4,1.0
2436176,val,a40_41,2.2238085,3.0665076,1.0,3,3,1.0,2,2,1.0
2441003,val,a40_41,2.2504263,3.1931083,1.0,3,3,1.0,2,2,1.0
2441173,val,a40_41,3.4844236,4.1230373,1.0,3,3,1.0,2,2,1.0
2458031,val,a40_41,3.8912282,4.7487354,1.0,3,3,1.0,2,6,1.0
2461004,val,a40_41,1.9310436,2.4098656,1.0,2,3,1.0,2,2,1.0
2461030,val,a40_41,3.5740063,0.0,1.0,3,3,1.0,2,4,1.0
2473004,val,a40_41,3.586104,3.8582711,1.0,3,3,1.0,2,2,1.0
2483030,val,a40_41,2.9174073,1.7093322,1.0,3,3,1.0,2,4,1.0
2503030,val,a40_41,3.5812693,3.0149915,1.0,3,3,1.0,2,6,1.0
2510005,val,a40_41,3.6336498,3.0679493,1.0,3,3,1.0,2,2,1.0
2525003,val,a40_41,3.6318102,4.886779,1.0,3,3,1.0,2,2,1.0
2529030,val,a40_41,3.2821496,0.0,1.0,3,2,1.0,2,4,1.0
2529174,val,a40_41,3.036852,3.9823928,1.0,3,3,1.0,2,2,1.0
2530003,val,a40_41,2.058229,2.8040938,1.0,3,3,1.0,2,2,1.0
2530004,val,a40_41,3.1041229,3.0475352,1.0,3,3,1.0,2,2,1.0
2569033,val,a40_41,2.7550483,3.3889637,1.0,3,3,1.0,6,2,1.0
2601006,val,a40_41,3.5023646,0.0,0.0,3,-1,0.0,2,-1,0.0
2608006,val,a40_41,2.918896,3.153995,1.0,3,3,1.0,2,2,1.0
2615034,val,a40_41,3.3538406,3.5209804,1.0,3,3,1.0,2,2,1.0
2639004,val,a40_41,2.4743485,2.0256755,1.0,3,2,1.0,2,4,1.0
2665177,val,a40_41,1.722995,0.0,1.0,3,2,1.0,6,2,1.0
2672006,val,a40_41,3.4166696,4.190539,1.0,3,3,1.0,6,4,1.0
2672171,val,a40_41,2.389801,4.158148,1.0,3,3,1.0,2,4,1.0
2697003,val,a40_41,3.7151132,3.3715646,1.0,3,3,1.0,2,2,1.0
2704031,val,a40_41,3.4177363,2.5460799,1.0,3,3,1.0,6,4,1.0
2705030,val,a40_41,3.37394,4.6122894,1.0,3,3,1.0,2,3,1.0
2707007,val,a40_41,2.7542305,2.015335,1.0,3,3,1.0,2,2,1.0
2712172,val,a40_41,2.7159863,3.172238,1.0,3,3,1.0,2,2,1.0
2731003,val,a40_41,3.0113528,3.1447468,1.0,3,3,1.0,6,6,1.0
2731005,val,a40_41,3.4782016,4.564996,1.0,3,3,1.0,6,6,1.0
2770031,val,a40_41,3.2598004,1.7136508,1.0,3,3,1.0,2,2,1.0
2816004,val,a40_41,1.7561026,3.4309494,1.0,3,3,1.0,2,2,1.0
2910002,val,a40_41,2.787695,3.1706843,1.0,3,2,1.0,2,2,1.0
3062001,val,a40_41,3.4494653,3.958687,1.0,3,3,1.0,2,2,1.0
3235002,val,a40_41,2.6479888,3.6333046,1.0,3,3,1.0,2,3,1.0
3306001,val,a40_41,3.6330667,4.594867,1.0,3,3,1.0,2,2,1.0
5015030,val,a40_41,1.9955989,0.0,1.0,2,2,1.0,3,2,1.0
5048030,val,a40_41,2.5302157,2.79805,1.0,3,3,1.0,6,6,1.0
5052033,val,a40_41,2.2142556,2.355517,1.0,3,3,1.0,6,6,1.0
5057008,val,a40_41,1.2404225,3.5037935,1.0,2,3,1.0,6,6,1.0
5170009,val,a40_41,3.2954774,3.8322608,1.0,3,3,1.0,2,2,1.0
5230008,val,a40_41,2.9792418,3.7570312,1.0,3,3,1.0,2,2,1.0
5299010,val,a40_41,2.4041069,0.0,1.0,3,2,1.0,6,6,1.0
5336179,val,a40_41,3.0297184,3.3685656,1.0,3,3,1.0,2,2,1.0
5364005,val,a40_41,2.9769847,3.3224595,1.0,3,3,1.0,2,3,1.0
5379004,val,a40_41,3.35175,4.8131404,1.0,3,3,1.0,2,4,1.0
5430173,val,a40_41,2.7459707,0.0,1.0,3,2,1.0,4,6,1.0
5488006,val,a40_41,3.1448576,3.6807222,1.0,3,3,1.0,6,6,1.0
5493007,val,a40_41,1.2742739,0.0,1.0,2,2,1.0,6,5,1.0
5537009,val,a40_41,2.4727268,2.9591303,1.0,3,3,1.0,2,2,1.0
5537177,val,a40_41,1.97881,1.2297416,1.0,3,2,1.0,2,2,1.0
5537183,val,a40_41,3.4397504,3.031698,1.0,3,3,1.0,2,2,1.0
5569010,val,a40_41,2.728386,3.265041,1.0,3,3,1.0,2,2,1.0
5600005,val,a40_41,1.7195911,2.2039053,1.0,3,2,1.0,6,2,1.0
5615183,val,a40_41,2.912727,2.9662764,1.0,3,3,1.0,2,2,1.0
5749006,val,a40_41,1.987535,0.37078482,1.0,3,2,1.0,2,2,1.0
5822175,val,a40_41,3.0043187,3.7130666,1.0,3,3,1.0,2,2,1.0
5832003,val,a40_41,2.5470505,2.3181431,1.0,3,2,1.0,2,6,1.0
5872005,val,a40_41,1.2617404,0.0,0.0,2,-1,0.0,6,-1,0.0
5898005,val,a40_41,2.284321,0.0,0.0,3,-1,0.0,6,-1,0.0
5904033,val,a40_41,2.771603,1.9870218,1.0,3,3,1.0,2,4,1.0
5987188,val,a40_41,2.8623412,3.0869684,1.0,3,3,1.0,2,2,1.0
6026005,val,a40_41,3.5431657,3.3871381,1.0,3,2,1.0,2,4,1.0
6026172,val,a40_41,3.1700401,3.6983402,1.0,3,3,1.0,2,4,1.0
6054031,val,a40_41,3.4908257,3.9765851,1.0,3,3,1.0,6,6,1.0
6121033,val,a40_41,2.740819,0.0,1.0,2,2,1.0,6,6,1.0
6156008,val,a40_41,3.550654,3.7570312,1.0,3,3,1.0,6,6,1.0
6157003,val,a40_41,2.765448,3.2381604,1.0,3,3,1.0,2,3,1.0
6210183,val,a40_41,2.4544125,3.3488646,1.0,3,3,1.0,2,2,1.0
6262030,val,a40_41,3.5900946,4.052318,1.0,3,3,1.0,2,2,1.0
6368007,val,a40_41,2.6313767,0.0,1.0,3,2,1.0,6,6,1.0
6381181,val,a40_41,3.142831,4.0398784,1.0,3,3,1.0,2,2,1.0
6396003,val,a40_41,1.9104228,0.0,1.0,3,2,1.0,2,4,1.0
6431008,val,a40_41,2.9769404,4.745581,1.0,3,3,1.0,2,4,1.0
6475170,val,a40_41,2.3897293,3.0000806,1.0,3,3,1.0,6,6,1.0
6522004,val,a40_41,1.8196057,0.0,0.0,3,2,1.0,6,4,1.0
6537032,val,a40_41,2.588391,2.9993773,1.0,3,3,1.0,2,2,1.0
6541178,val,a40_41,3.3861797,4.1655335,1.0,3,3,1.0,2,2,1.0
6545006,val,a40_41,1.89731,2.3224509,1.0,3,3,1.0,2,4,1.0
6547171,val,a40_41,2.9054756,3.0869684,1.0,3,3,1.0,2,2,1.0
6571031,val,a40_41,2.9550629,0.0,0.0,3,-1,0.0,2,-1,0.0
6590008,val,a40_41,3.0646257,0.0,1.0,3,3,1.0,2,2,1.0
6616007,val,a40_41,2.6140897,3.6222303,1.0,3,3,1.0,2,4,1.0
6649003,val,a40_41,2.1947856,3.6229506,1.0,3,3,1.0,6,2,1.0
6710030,val,a40_41,1.2612839,3.2437427,1.0,2,3,1.0,6,6,1.0
6745007,val,a40_41,2.8318975,3.587975,1.0,3,3,1.0,2,6,1.0
6750005,val,a40_41,2.7719777,3.9030106,1.0,3,3,1.0,2,4,1.0
6765006,val,a40_41,2.2032046,2.6505947,1.0,3,3,1.0,2,2,1.0
6822176,val,a40_41,2.9401894,3.546035,1.0,3,3,1.0,2,4,1.0
6828003,val,a40_41,1.639168,0.29730862,1.0,2,2,1.0,2,2,1.0
6872003,val,a40_41,3.0834737,3.611991,1.0,3,3,1.0,6,2,1.0
4007,val,a42_43,2.869264,0.0,0.0,3,-1,0.0,2,-1,0.0
6174,val,a42_43,3.3951597,4.3904777,1.0,3,3,1.0,2,2,1.0
14004,val,a42_43,3.6209207,3.7619069,1.0,3,3,1.0,2,2,1.0
14172,val,a42_43,1.4493484,3.7323906,1.0,3,3,1.0,2,2,1.0
14173,val,a42_43,2.8751934,4.0403357,1.0,3,3,1.0,2,2,1.0
18031,val,a42_43,1.5226666,3.5281215,1.0,2,3,1.0,4,5,1.0
18185,val,a42_43,2.161217,0.0,1.0,3,2,1.0,2,3,1.0
23031,val,a42_43,3.2165291,0.0,1.0,3,2,1.0,6,6,1.0
40173,val,a42_43,3.4871805,3.5162604,1.0,3,3,1.0,2,2,1.0
51171,val,a42_43,3.287822,3.9461741,1.0,3,3,1.0,2,2,1.0
84005,val,a42_43,3.2081392,3.9647489,1.0,3,3,1.0,6,6,1.0
121173,val,a42_43,3.133705,3.016735,1.0,3,3,1.0,2,2,1.0
128004,val,a42_43,3.7284217,4.198069,1.0,3,3,1.0,2,2,1.0
145170,val,a42_43,3.3546333,3.507782,1.0,3,3,1.0,2,2,1.0
161004,val,a42_43,3.5755644,3.1872697,1.0,3,3,1.0,2,4,1.0
172031,val,a42_43,3.5244892,3.126861,1.0,3,3,1.0,2,2,1.0
174175,val,a42_43,2.154696,4.886779,1.0,3,3,1.0,2,2,1.0
221031,val,a42_43,3.6622672,3.9811552,1.0,3,3,1.0,2,2,1.0
223030,val,a42_43,3.4030752,3.4196575,1.0,3,3,1.0,2,2,1.0
227003,val,a42_43,3.7528963,3.9589236,1.0,3,3,1.0,2,2,1.0
257175,val,a42_43,3.2481825,0.56697226,1.0,3,3,1.0,2,2,1.0
263182,val,a42_43,3.356522,3.456537,1.0,3,3,1.0,2,2,1.0
321005,val,a42_43,2.4170854,3.067396,1.0,3,3,1.0,2,2,1.0
361175,val,a42_43,2.8418357,2.6412401,1.0,3,3,1.0,2,2,1.0
377170,val,a42_43,3.2720912,4.30575,1.0,3,3,1.0,2,2,1.0
450030,val,a42_43,3.3534772,4.0109034,1.0,3,2,1.0,2,6,1.0
465030,val,a42_43,2.2937999,3.854094,1.0,3,3,1.0,2,4,1.0
478030,val,a42_43,2.6460152,3.0282621,1.0,3,3,1.0,6,3,1.0
503031,val,a42_43,3.165063,4.717123,1.0,3,3,1.0,2,4,1.0
514172,val,a42_43,3.5620716,4.2617564,1.0,3,3,1.0,2,2,1.0
534030,val,a42_43,3.0719187,3.2387373,1.0,3,3,1.0,2,2,1.0
534171,val,a42_43,3.6700351,3.8186266,1.0,3,3,1.0,2,2,1.0
544170,val,a42_43,2.8886638,3.378522,1.0,3,3,1.0,2,2,1.0
563193,val,a42_43,3.228952,0.0,1.0,3,2,1.0,2,2,1.0
577174,val,a42_43,3.1574664,3.1931083,1.0,3,3,1.0,2,2,1.0
613006,val,a42_43,2.9333317,3.4896688,1.0,3,3,1.0,2,2,1.0
618170,val,a42_43,3.7103472,4.7028666,1.0,3,3,1.0,2,2,1.0
631030,val,a42_43,2.8396106,3.7247293,1.0,3,3,1.0,2,4,1.0
633031,val,a42_43,3.121595,3.6932049,1.0,3,3,1.0,2,2,1.0
652173,val,a42_43,3.0440135,3.6409497,1.0,3,3,1.0,2,2,1.0
655172,val,a42_43,3.2917182,4.2897096,1.0,3,3,1.0,2,2,1.0
656005,val,a42_43,2.646747,1.5825812,1.0,3,3,1.0,2,2,1.0
691171,val,a42_43,2.8413656,2.422265,1.0,3,3,1.0,2,4,1.0
738172,val,a42_43,2.7806983,4.6475396,1.0,3,3,1.0,2,2,1.0
751030,val,a42_43,2.5868154,3.128094,1.0,3,2,1.0,2,4,1.0
762170,val,a42_43,3.9310288,4.3866534,1.0,3,3,1.0,2,2,1.0
783171,val,a42_43,3.212631,3.627258,1.0,3,3,1.0,2,2,1.0
863007,val,a42_43,2.6991575,3.0570593,1.0,3,3,1.0,2,2,1.0
893170,val,a42_43,2.886373,0.0,1.0,3,2,1.0,2,2,1.0
894031,val,a42_43,3.175894,3.4939215,1.0,3,3,1.0,2,2,1.0
898181,val,a42_43,2.5348554,2.0642657,1.0,3,3,1.0,2,2,1.0
899003,val,a42_43,3.4156055,3.5290773,1.0,3,3,1.0,2,2,1.0
916032,val,a42_43,2.5280077,2.66215,1.0,3,2,1.0,6,2,1.0
922005,val,a42_43,3.50083,2.8607311,1.0,3,3,1.0,2,2,1.0
931172,val,a42_43,3.2902846,2.3561735,1.0,3,3,1.0,2,2,1.0
939032,val,a42_43,4.1006074,4.886779,1.0,3,3,1.0,2,2,1.0
958030,val,a42_43,3.42061,3.0001054,1.0,3,3,1.0,2,2,1.0
958173,val,a42_43,2.744609,3.188211,1.0,3,3,1.0,2,2,1.0
961005,val,a42_43,2.883637,3.0807095,1.0,3,3,1.0,2,2,1.0
961030,val,a42_43,3.0759509,3.5064607,1.0,3,3,1.0,6,2,1.0
961175,val,a42_43,3.2991807,3.858515,1.0,3,3,1.0,2,2,1.0
1051183,val,a42_43,3.7834399,3.4141958,1.0,3,3,1.0,2,2,1.0
1084005,val,a42_43,3.1177828,2.8569546,1.0,3,2,1.0,2,4,1.0
1089003,val,a42_43,3.0162141,3.397333,1.0,3,3,1.0,2,2,1.0
1093003,val,a42_43,1.7706074,0.0,1.0,3,2,1.0,2,2,1.0
1107173,val,a42_43,1.7611542,0.0,1.0,3,2,1.0,2,4,1.0
1109174,val,a42_43,2.035376,2.241885,1.0,3,3,1.0,2,2,1.0
1121030,val,a42_43,3.3898787,3.7256048,1.0,3,3,1.0,2,2,1.0
1121175,val,a42_43,2.1275265,0.0,1.0,3,2,1.0,2,2,1.0
1125172,val,a42_43,2.7768426,2.6918542,1.0,3,3,1.0,2,2,1.0
1126030,val,a42_43,2.9597044,2.3410416,1.0,3,3,1.0,2,2,1.0
1126176,val,a42_43,2.2539978,4.2375464,1.0,3,3,1.0,2,2,1.0
1152180,val,a42_43,3.1871011,3.382096,1.0,3,3,1.0,2,2,1.0
1164004,val,a42_43,3.4616466,3.6850972,1.0,3,3,1.0,2,2,1.0
1184032,val,a42_43,3.1825106,0.0,0.0,3,-1,0.0,2,-1,0.0
1184033,val,a42_43,1.8580463,2.9884706,1.0,3,3,1.0,6,4,1.0
1185003,val,a42_43,3.4832067,0.0,1.0,3,2,1.0,2,2,1.0
1222004,val,a42_43,2.4490397,3.1974998,1.0,3,3,1.0,2,2,1.0
1222006,val,a42_43,2.952469,3.4334857,1.0,3,3,1.0,2,2,1.0
1284170,val,a42_43,3.3802772,0.0,1.0,3,2,1.0,2,2,1.0
1292004,val,a42_43,2.6689255,3.0276508,1.0,3,3,1.0,2,4,1.0
1314172,val,a42_43,3.22037,3.955919,1.0,3,3,1.0,2,2,1.0
1332005,val,a42_43,4.1482477,4.0859733,1.0,3,3,1.0,2,3,1.0
1335010,val,a42_43,3.3525305,3.5913725,1.0,3,3,1.0,2,2,1.0
1338003,val,a42_43,3.11221,0.0,1.0,3,2,1.0,2,2,1.0
1345006,val,a42_43,3.0076067,2.8901737,1.0,3,3,1.0,2,2,1.0
1345007,val,a42_43,3.0570102,3.4974828,1.0,3,3,1.0,6,2,1.0
1346030,val,a42_43,3.3854308,1.209378,1.0,3,2,1.0,6,2,1.0
1391033,val,a42_43,3.5531373,3.9802005,1.0,3,3,1.0,2,4,1.0
1391175,val,a42_43,1.4362847,3.1796627,1.0,3,3,1.0,2,4,1.0
1394033,val,a42_43,2.4006739,0.0,1.0,3,2,1.0,2,4,1.0
1397005,val,a42_43,3.4912164,3.749749,1.0,3,3,1.0,2,2,1.0
1397172,val,a42_43,1.9873803,3.0798528,1.0,3,3,1.0,2,2,1.0
1426004,val,a42_43,1.7912844,3.4137402,1.0,3,3,1.0,6,6,1.0
1434032,val,a42_43,2.8745208,2.134075,1.0,3,3,1.0,2,2,1.0
1434170,val,a42_43,3.242043,3.2432585,1.0,3,3,1.0,2,2,1.0
1435005,val,a42_43,3.573382,2.8346472,1.0,3,3,1.0,2,4,1.0
1485171,val,a42_43,3.5102654,3.4779825,1.0,3,3,1.0,2,2,1.0
1520031,val,a42_43,3.3181107,0.0,1.0,3,3,1.0,2,2,1.0
1540005,val,a42_43,4.040662,3.2980824,1.0,3,3,1.0,6,2,1.0
1559003,val,a42_43,4.035637,4.455336,1.0,3,3,1.0,2,2,1.0
1559170,val,a42_43,3.2493649,3.46386,1.0,3,3,1.0,2,2,1.0
1565180,val,a42_43,2.9533973,3.7453756,1.0,3,3,1.0,2,2,1.0
1579030,val,a42_43,3.6807327,2.21841,1.0,3,3,1.0,2,2,1.0
1613007,val,a42_43,2.544892,1.4655625,1.0,3,3,1.0,2,2,1.0
1621171,val,a42_43,3.7517977,4.5817747,1.0,3,3,1.0,2,2,1.0
1644004,val,a42_43,3.295297,3.3623176,1.0,3,3,1.0,2,2,1.0
1652031,val,a42_43,3.0529542,3.6539025,1.0,3,3,1.0,2,2,1.0
1682032,val,a42_43,3.466221,3.8923383,1.0,3,3,1.0,2,2,1.0
1684173,val,a42_43,3.32589,3.4133592,1.0,3,3,1.0,2,2,1.0
1687003,val,a42_43,3.3547711,2.1154792,1.0,3,3,1.0,2,2,1.0
1690170,val,a42_43,2.2324052,3.81582,1.0,3,3,1.0,2,2,1.0
1692030,val,a42_43,1.435563,0.0,1.0,2,2,1.0,2,2,1.0
1695034,val,a42_43,3.0884378,3.7629457,1.0,3,3,1.0,2,2,1.0
1701004,val,a42_43,2.771618,4.257973,1.0,3,3,1.0,2,2,1.0
1721030,val,a42_43,3.328963,3.348836,1.0,3,3,1.0,2,2,1.0
1723005,val,a42_43,1.3028419,2.2497153,1.0,2,3,1.0,2,2,1.0
1762030,val,a42_43,2.4984632,0.0,1.0,3,2,1.0,2,4,1.0
1762031,val,a42_43,3.470409,3.7924998,1.0,3,3,1.0,2,2,1.0
1762032,val,a42_43,1.9168441,2.2055602,1.0,3,3,1.0,2,4,1.0
1774170,val,a42_43,3.18019,1.7535818,1.0,3,3,1.0,2,2,1.0
1774171,val,a42_43,3.1585963,3.736019,1.0,3,3,1.0,2,2,1.0
1784171,val,a42_43,3.7080588,4.1252284,1.0,3,3,1.0,2,2,1.0
1786191,val,a42_43,3.6998158,4.227405,1.0,3,3,1.0,2,2,1.0
1787005,val,a42_43,3.3881476,3.6104138,1.0,3,3,1.0,2,2,1.0
1787174,val,a42_43,2.8936327,3.3523545,1.0,3,3,1.0,2,2,1.0
1802003,val,a42_43,3.135085,3.4832323,1.0,3,2,1.0,2,4,1.0
1845170,val,a42_43,3.6976156,3.3217459,1.0,3,3,1.0,2,2,1.0
1862171,val,a42_43,3.2282498,3.4461362,1.0,3,3,1.0,2,2,1.0
1898004,val,a42_43,3.0267358,4.3638077,1.0,3,3,1.0,6,6,1.0
1911030,val,a42_43,2.4206858,2.9322286,1.0,3,3,1.0,2,2,1.0
1914003,val,a42_43,1.8316871,3.0930045,1.0,3,3,1.0,2,2,1.0
1919007,val,a42_43,3.7408495,4.8387165,1.0,3,3,1.0,2,4,1.0
1954003,val,a42_43,3.4963987,3.7558146,1.0,3,3,1.0,2,4,1.0
1959005,val,a42_43,3.468312,4.521836,1.0,3,3,1.0,2,2,1.0
1964031,val,a42_43,2.3534846,0.0,1.0,3,2,1.0,4,4,1.0
1972173,val,a42_43,1.7059228,2.3260252,1.0,3,3,1.0,2,3,1.0
1978030,val,a42_43,3.259376,3.4900744,1.0,3,3,1.0,2,2,1.0
2005030,val,a42_43,2.8936322,3.211439,1.0,3,3,1.0,2,4,1.0
2011174,val,a42_43,2.7672777,3.177646,1.0,3,3,1.0,2,2,1.0
2023030,val,a42_43,3.4560487,4.886779,1.0,3,3,1.0,2,6,1.0
2028030,val,a42_43,3.1687293,4.886779,1.0,3,3,1.0,2,4,1.0
2055003,val,a42_43,2.7126324,1.367364,1.0,3,3,1.0,2,2,1.0
2067005,val,a42_43,3.5203464,4.480925,1.0,3,3,1.0,2,2,1.0
2080170,val,a42_43,2.1775177,2.4098656,1.0,3,3,1.0,2,2,1.0
2106171,val,a42_43,1.3404002,0.0,1.0,3,2,1.0,2,2,1.0
2109002,val,a42_43,3.211631,4.472431,1.0,3,3,1.0,2,2,1.0
2129186,val,a42_43,3.1520786,3.851873,1.0,3,3,1.0,2,2,1.0
2181007,val,a42_43,1.3425578,2.5885363,1.0,2,3,1.0,6,6,1.0
2181030,val,a42_43,2.9044259,3.6084042,1.0,3,3,1.0,2,2,1.0
2243174,val,a42_43,3.4376745,2.9595175,1.0,3,3,1.0,2,2,1.0
2260173,val,a42_43,2.7752023,0.0,1.0,3,2,1.0,2,2,1.0
2261030,val,a42_43,3.029066,3.173361,1.0,3,3,1.0,2,2,1.0
2271171,val,a42_43,2.5956676,3.7394035,1.0,3,3,1.0,2,2,1.0
2282005,val,a42_43,3.135778,3.46386,1.0,3,3,1.0,2,6,1.0
2302195,val,a42_43,1.4459621,0.0,1.0,2,2,1.0,2,6,1.0
2334031,val,a42_43,3.3862014,3.8580909,1.0,3,3,1.0,2,2,1.0
2341172,val,a42_43,3.0702116,2.8802483,1.0,3,3,1.0,2,2,1.0
2354175,val,a42_43,3.505969,3.651173,1.0,3,3,1.0,2,2,1.0
2355004,val,a42_43,1.5806229,4.1334863,1.0,3,3,1.0,2,2,1.0
2391030,val,a42_43,3.333604,3.859207,1.0,3,3,1.0,2,2,1.0
2397173,val,a42_43,1.702999,3.1475887,1.0,3,3,1.0,2,2,1.0
2408170,val,a42_43,2.7315445,2.146546,1.0,3,3,1.0,2,4,1.0
2425003,val,a42_43,2.7324934,0.0,1.0,3,2,1.0,2,2,1.0
2432030,val,a42_43,1.815778,4.2273545,1.0,3,3,1.0,2,4,1.0
2435172,val,a42_43,1.9653744,0.0,1.0,3,2,1.0,2,2,1.0
2436174,val,a42_43,1.5002451,0.0,1.0,2,2,1.0,2,4,1.0
2436176,val,a42_43,2.2500105,3.0895233,1.0,3,3,1.0,2,2,1.0
2441003,val,a42_43,2.2960014,3.9165187,1.0,3,3,1.0,2,2,1.0
2441173,val,a42_43,3.5071197,4.077138,1.0,3,3,1.0,2,2,1.0
2458031,val,a42_43,3.927138,4.886779,1.0,3,3,1.0,2,6,1.0
2461004,val,a42_43,1.9671171,2.196764,1.0,3,2,1.0,2,2,1.0
2461030,val,a42_43,3.4832144,4.353723,1.0,3,3,1.0,2,2,1.0
2473004,val,a42_43,3.5474703,3.2980824,1.0,3,3,1.0,2,2,1.0
2483030,val,a42_43,2.9284668,0.0,1.0,3,2,1.0,2,4,1.0
2503030,val,a42_43,3.6051722,3.295633,1.0,3,3,1.0,2,6,1.0
2510005,val,a42_43,3.5803976,3.307799,1.0,3,3,1.0,2,2,1.0
2525003,val,a42_43,3.706401,4.886779,1.0,3,3,1.0,2,2,1.0
2529030,val,a42_43,3.3562353,0.0,1.0,3,2,1.0,2,4,1.0
2529174,val,a42_43,3.009401,1.8595463,1.0,3,3,1.0,2,2,1.0
2530003,val,a42_43,2.046989,0.0,1.0,3,2,1.0,2,2,1.0
2530004,val,a42_43,3.062853,3.4409633,1.0,3,3,1.0,2,2,1.0
2569033,val,a42_43,2.809936,3.469144,1.0,3,3,1.0,6,2,1.0
2601006,val,a42_43,3.3350494,4.845492,1.0,3,3,1.0,6,2,1.0
2608006,val,a42_43,2.9417975,2.9372149,1.0,3,3,1.0,2,2,1.0
2615034,val,a42_43,3.339392,3.4548087,1.0,3,3,1.0,2,2,1.0
2639004,val,a42_43,2.4396775,2.589703,1.0,3,3,1.0,2,4,1.0
2665177,val,a42_43,1.7475336,0.0,1.0,3,2,1.0,2,2,1.0
2672006,val,a42_43,3.2876484,4.276182,1.0,3,3,1.0,6,2,1.0
2672171,val,a42_43,2.480461,4.019886,1.0,3,3,1.0,2,4,1.0
2697003,val,a42_43,3.6979594,3.3189862,1.0,3,3,1.0,2,2,1.0
2704031,val,a42_43,3.3553448,3.6725805,1.0,3,3,1.0,6,4,1.0
2705030,val,a42_43,3.2675512,4.6246047,1.0,3,3,1.0,2,4,1.0
2707007,val,a42_43,2.6817167,0.0,1.0,3,3,1.0,2,2,1.0
2712172,val,a42_43,2.7208617,3.1996279,1.0,3,3,1.0,2,2,1.0
2731003,val,a42_43,3.052238,3.6003644,1.0,3,3,1.0,6,6,1.0
2731005,val,a42_43,3.507665,4.716656,1.0,3,3,1.0,6,6,1.0
2770031,val,a42_43,3.2684448,2.2437658,1.0,3,3,1.0,2,2,1.0
2816004,val,a42_43,1.732172,3.2776077,1.0,3,3,1.0,2,2,1.0
2910002,val,a42_43,2.7980337,1.7300621,1.0,3,3,1.0,2,2,1.0
3062001,val,a42_43,3.51469,2.110738,1.0,3,3,1.0,2,2,1.0
3235002,val,a42_43,2.660178,3.3702624,1.0,3,3,1.0,2,3,1.0
3306001,val,a42_43,3.7012289,4.886779,1.0,3,3,1.0,2,3,1.0
5015030,val,a42_43,2.142902,0.0,1.0,3,2,1.0,3,2,1.0
5048030,val,a42_43,2.7178288,2.967192,1.0,3,3,1.0,6,6,1.0
5052033,val,a42_43,2.2120485,3.1251361,1.0,3,3,1.0,6,6,1.0
5057008,val,a42_43,1.3031076,3.3570445,1.0,2,3,1.0,6,6,1.0
5170009,val,a42_43,3.2016084,3.9032092,1.0,3,3,1.0,2,2,1.0
5230008,val,a42_43,3.0168934,4.158148,1.0,3,3,1.0,2,3,1.0
5299010,val,a42_43,2.3487701,0.0,1.0,3,2,1.0,6,6,1.0
5336179,val,a42_43,3.0312052,3.3871381,1.0,3,3,1.0,2,2,1.0
5364005,val,a42_43,2.9656427,4.009967,1.0,3,3,1.0,2,3,1.0
5379004,val,a42_43,3.3765328,4.766838,1.0,3,3,1.0,2,4,1.0
5430173,val,a42_43,2.8782132,1.5333589,1.0,3,3,1.0,4,6,1.0
5488006,val,a42_43,3.1558428,3.8038778,1.0,3,3,1.0,6,6,1.0
5493007,val,a42_43,1.3288901,0.0,1.0,3,2,1.0,2,5,1.0
5537009,val,a42_43,2.50471,3.0807095,1.0,3,3,1.0,2,2,1.0
5537177,val,a42_43,1.9884809,1.6738045,1.0,3,2,1.0,2,2,1.0
5537183,val,a42_43,3.4699225,3.7742858,1.0,3,3,1.0,2,2,1.0
5569010,val,a42_43,2.7920651,3.3445346,1.0,3,3,1.0,2,2,1.0
5600005,val,a42_43,1.6215725,0.0,1.0,2,2,1.0,6,2,1.0
5615183,val,a42_43,2.9287343,3.8142254,1.0,3,3,1.0,2,2,1.0
5749006,val,a42_43,2.0233865,0.0,1.0,3,2,1.0,4,2,1.0
5822175,val,a42_43,2.9917514,0.0,0.0,3,-1,0.0,2,-1,0.0
5832003,val,a42_43,2.652019,1.6818666,1.0,3,2,1.0,2,6,1.0
5872005,val,a42_43,1.3178322,0.0,1.0,2,2,1.0,6,6,1.0
5898005,val,a42_43,2.3075733,3.3248508,1.0,3,3,1.0,6,2,1.0
5904033,val,a42_43,2.70618,3.5165677,1.0,3,3,1.0,2,4,1.0
5987188,val,a42_43,2.8566658,3.0930045,1.0,3,3,1.0,2,2,1.0
6026005,val,a42_43,3.5242574,4.0232816,1.0,3,3,1.0,2,2,1.0
6026172,val,a42_43,3.1471767,4.4520135,1.0,3,3,1.0,2,4,1.0
6054031,val,a42_43,3.3537586,0.0,1.0,3,2,1.0,6,6,1.0
6121033,val,a42_43,2.9549985,0.0,0.0,3,-1,0.0,4,-1,0.0
6156008,val,a42_43,3.59222,4.542774,1.0,3,3,1.0,6,6,1.0
6157003,val,a42_43,2.7157402,3.3940077,1.0,3,3,1.0,2,4,1.0
6210183,val,a42_43,2.5348554,3.3445346,1.0,3,3,1.0,2,2,1.0
6262030,val,a42_43,3.5069683,4.125177,1.0,3,3,1.0,2,2,1.0
6368007,val,a42_43,2.601069,0.0,1.0,3,2,1.0,6,6,1.0
6381181,val,a42_43,3.1737707,4.0755825,1.0,3,3,1.0,2,2,1.0
6396003,val,a42_43,1.8805841,0.0,1.0,3,2,1.0,2,4,1.0
6431008,val,a42_43,2.9777071,4.776755,1.0,3,3,1.0,2,2,1.0
6475170,val,a42_43,2.3702111,3.0592763,1.0,3,3,1.0,6,6,1.0
6522004,val,a42_43,1.8480827,2.1584442,1.0,3,3,1.0,6,4,1.0
6537032,val,a42_43,2.5923293,2.9880683,1.0,3,3,1.0,2,2,1.0
6541178,val,a42_43,3.3845286,4.145609,1.0,3,3,1.0,2,2,1.0
6545006,val,a42_43,2.0582657,2.389911,1.0,3,3,1.0,6,4,1.0
6547171,val,a42_43,2.9045043,2.5756848,1.0,3,3,1.0,2,2,1.0
6571031,val,a42_43,2.9927535,3.8278039,1.0,3,3,1.0,2,3,1.0
6590008,val,a42_43,3.0778449,3.2681394,1.0,3,3,1.0,2,2,1.0
6616007,val,a42_43,2.6870427,1.9724138,1.0,3,2,1.0,2,2,1.0
6649003,val,a42_43,2.3240643,3.4457722,1.0,3,3,1.0,6,2,1.0
6710030,val,a42_43,1.4176399,3.0664406,1.0,2,2,1.0,6,6,1.0
6745007,val,a42_43,2.9760492,3.2379806,1.0,3,3,1.0,4,6,1.0
6750005,val,a42_43,2.8000014,3.9043536,1.0,3,3,1.0,2,4,1.0
6765006,val,a42_43,2.25639,3.0149915,1.0,3,3,1.0,2,2,1.0
6822176,val,a42_43,2.9668283,3.337991,1.0,3,3,1.0,2,4,1.0
6828003,val,a42_43,1.7160683,0.0,1.0,3,2,1.0,2,2,1.0
6872003,val,a42_43,3.065462,3.393006,1.0,3,3,1.0,6,2,1.0
4007,val,a44_45,2.8689609,4.058416,1.0,3,3,1.0,2,4,1.0
6174,val,a44_45,3.4574628,4.491118,1.0,3,3,1.0,2,2,1.0
14004,val,a44_45,3.5486023,0.0,1.0,3,2,1.0,2,2,1.0
14172,val,a44_45,1.5942652,3.481501,1.0,3,3,1.0,2,2,1.0
14173,val,a44_45,2.8949301,3.718973,1.0,3,3,1.0,2,2,1.0
18031,val,a44_45,1.6444969,3.5790346,1.0,3,3,1.0,4,5,1.0
18185,val,a44_45,2.3524497,1.3926231,1.0,3,3,1.0,2,4,1.0
23031,val,a44_45,3.2150753,0.0,1.0,3,2,1.0,6,2,1.0
40173,val,a44_45,3.5501573,0.0,0.0,3,-1,0.0,2,-1,0.0
51171,val,a44_45,3.3279443,3.9082706,1.0,3,3,1.0,2,2,1.0
84005,val,a44_45,3.2098918,4.022493,1.0,3,3,1.0,6,6,1.0
121173,val,a44_45,3.1770298,3.0124674,1.0,3,3,1.0,2,2,1.0
128004,val,a44_45,3.7780015,3.9815128,1.0,3,3,1.0,2,2,1.0
145170,val,a44_45,3.3356814,3.937253,1.0,3,3,1.0,2,2,1.0
161004,val,a44_45,3.557231,3.0668867,1.0,3,3,1.0,2,4,1.0
172031,val,a44_45,3.5517428,3.4983218,1.0,3,3,1.0,2,2,1.0
174175,val,a44_45,2.2859373,4.886779,1.0,3,3,1.0,2,2,1.0
221031,val,a44_45,3.6744561,3.8177946,1.0,3,3,1.0,2,2,1.0
223030,val,a44_45,3.530736,3.5600863,1.0,3,3,1.0,2,2,1.0
227003,val,a44_45,3.8194122,3.9815128,1.0,3,3,1.0,2,2,1.0
257175,val,a44_45,3.2879949,0.48750186,1.0,3,3,1.0,2,2,1.0
263182,val,a44_45,3.4180367,3.4627783,1.0,3,3,1.0,2,2,1.0
321005,val,a44_45,2.4749851,2.99307,1.0,3,3,1.0,2,2,1.0
361175,val,a44_45,2.9228728,2.3818378,1.0,3,2,1.0,2,2,1.0
377170,val,a44_45,3.3022594,4.2520056,1.0,3,3,1.0,2,2,1.0
450030,val,a44_45,3.5231302,3.9245687,1.0,3,3,1.0,2,6,1.0
465030,val,a44_45,2.387754,3.8660583,1.0,3,3,1.0,2,2,1.0
478030,val,a44_45,2.661992,3.486668,1.0,3,2,1.0,6,3,1.0
503031,val,a44_45,3.2377045,4.7228627,1.0,3,3,1.0,2,4,1.0
514172,val,a44_45,3.5851216,4.4358616,1.0,3,3,1.0,2,2,1.0
534030,val,a44_45,3.1807384,3.402656,1.0,3,3,1.0,2,2,1.0
534171,val,a44_45,3.6870346,3.9701915,1.0,3,3,1.0,2,2,1.0
544170,val,a44_45,2.889772,0.0,0.0,3,-1,0.0,2,-1,0.0
563193,val,a44_45,3.2935092,0.0,1.0,3,2,1.0,2,2,1.0
577174,val,a44_45,3.1766057,3.3248508,1.0,3,3,1.0,2,2,1.0
613006,val,a44_45,3.0063934,2.8015413,1.0,3,2,1.0,2,2,1.0
618170,val,a44_45,3.682109,4.628189,1.0,3,3,1.0,2,2,1.0
631030,val,a44_45,2.93803,4.1159654,1.0,3,3,1.0,2,4,1.0
633031,val,a44_45,3.139988,3.6920335,1.0,3,3,1.0,6,2,1.0
652173,val,a44_45,3.10614,3.671648,1.0,3,3,1.0,2,2,1.0
655172,val,a44_45,3.3323083,4.415885,1.0,3,3,1.0,2,2,1.0
656005,val,a44_45,2.7019205,1.9453716,1.0,3,3,1.0,2,2,1.0
691171,val,a44_45,2.8366344,2.8106601,1.0,3,3,1.0,2,4,1.0
738172,val,a44_45,2.9093716,4.459952,1.0,3,3,1.0,2,2,1.0
751030,val,a44_45,2.6882231,2.66215,1.0,3,3,1.0,2,4,1.0
762170,val,a44_45,3.9093223,4.343294,1.0,3,3,1.0,2,2,1.0
783171,val,a44_45,3.283629,3.6628857,1.0,3,3,1.0,2,2,1.0
863007,val,a44_45,2.7336733,3.2183783,1.0,3,3,1.0,2,3,1.0
893170,val,a44_45,2.9429436,0.0,1.0,3,2,1.0,2,2,1.0
894031,val,a44_45,3.3472846,3.4421458,1.0,3,3,1.0,2,2,1.0
898181,val,a44_45,2.5867293,1.5825812,1.0,3,3,1.0,2,2,1.0
899003,val,a44_45,3.4082017,3.4738846,1.0,3,3,1.0,2,2,1.0
916032,val,a44_45,2.5593877,3.7278583,1.0,3,3,1.0,6,2,1.0
922005,val,a44_45,3.590278,2.9191911,1.0,3,3,1.0,2,2,1.0
931172,val,a44_45,3.335413,3.1937861,1.0,3,3,1.0,2,2,1.0
939032,val,a44_45,4.194516,4.886779,1.0,3,3,1.0,2,2,1.0
958030,val,a44_45,3.3826923,3.161957,1.0,3,3,1.0,2,2,1.0
958173,val,a44_45,2.8701568,3.2852573,1.0,3,3,1.0,2,2,1.0
961005,val,a44_45,2.930102,3.5486436,1.0,3,3,1.0,2,2,1.0
961030,val,a44_45,3.1301284,3.8178444,1.0,3,3,1.0,6,2,1.0
961175,val,a44_45,3.3422356,3.8142254,1.0,3,3,1.0,2,2,1.0
1051183,val,a44_45,3.8288558,3.8177946,1.0,3,3,1.0,2,2,1.0
1084005,val,a44_45,3.1560025,2.9441254,1.0,3,2,1.0,2,2,1.0
1089003,val,a44_45,3.1082149,3.3568435,1.0,3,3,1.0,2,2,1.0
1093003,val,a44_45,1.991322,0.0,1.0,3,2,1.0,2,2,1.0
1107173,val,a44_45,1.8087913,0.0,1.0,3,2,1.0,2,4,1.0
1109174,val,a44_45,2.1668077,2.7272375,1.0,3,3,1.0,2,2,1.0
1121030,val,a44_45,3.3809674,3.958687,1.0,3,3,1.0,2,2,1.0
1121175,val,a44_45,2.2298627,0.0,1.0,3,2,1.0,2,2,1.0
1125172,val,a44_45,2.8391736,2.6219666,1.0,3,3,1.0,2,2,1.0
1126030,val,a44_45,3.0922894,0.6136192,1.0,3,2,1.0,2,2,1.0
1126176,val,a44_45,2.3039887,0.0,0.0,3,-1,0.0,2,-1,0.0
1152180,val,a44_45,3.3817096,3.4450095,1.0,3,3,1.0,2,2,1.0
1164004,val,a44_45,3.3348708,3.8595586,1.0,3,3,1.0,2,2,1.0
1184032,val,a44_45,3.3224285,3.948575,1.0,3,3,1.0,2,2,1.0
1184033,val,a44_45,2.0316703,2.7982898,1.0,3,3,1.0,6,4,1.0
1185003,val,a44_45,3.5867538,0.0,1.0,3,2,1.0,2,2,1.0
1222004,val,a44_45,2.4670522,3.388434,1.0,3,3,1.0,2,2,1.0
1222006,val,a44_45,2.9476757,2.0481088,1.0,3,3,1.0,2,2,1.0
1284170,val,a44_45,3.4111822,0.0,1.0,3,2,1.0,2,2,1.0
1292004,val,a44_45,2.705321,1.4956659,1.0,3,2,1.0,2,4,1.0
1314172,val,a44_45,3.23855,3.7518084,1.0,3,3,1.0,2,2,1.0
1332005,val,a44_45,4.1143866,4.2493205,1.0,3,3,1.0,2,3,1.0
1335010,val,a44_45,3.2443657,3.4333792,1.0,3,3,1.0,2,2,1.0
1338003,val,a44_45,3.1478093,3.4137402,1.0,3,3,1.0,2,2,1.0
1345006,val,a44_45,3.0197654,2.9125555,1.0,3,3,1.0,2,2,1.0
1345007,val,a44_45,3.1237898,3.8308244,1.0,3,3,1.0,6,2,1.0
1346030,val,a44_45,3.5169606,0.0,0.0,3,-1,0.0,6,-1,0.0
1391033,val,a44_45,3.6277723,4.3236156,1.0,3,3,1.0,2,4,1.0
1391175,val,a44_45,1.5993572,3.4613209,1.0,3,3,1.0,2,4,1.0
1394033,val,a44_45,2.5498095,0.0,1.0,3,2,1.0,2,4,1.0
1397005,val,a44_45,3.5528936,4.0859733,1.0,3,3,1.0,2,2,1.0
1397172,val,a44_45,2.0799115,3.100371,1.0,3,3,1.0,2,2,1.0
1426004,val,a44_45,1.9095477,3.223611,1.0,3,3,1.0,6,6,1.0
1434032,val,a44_45,2.972483,2.1239266,1.0,3,3,1.0,2,2,1.0
1434170,val,a44_45,3.3195055,3.4116857,1.0,3,3,1.0,2,2,1.0
1435005,val,a44_45,3.6465476,4.3006,1.0,3,3,1.0,2,2,1.0
1485171,val,a44_45,3.5028815,3.121372,1.0,3,3,1.0,2,2,1.0
1520031,val,a44_45,3.3623686,3.9939451,1.0,3,2,1.0,2,2,1.0
1540005,val,a44_45,3.967652,2.9066825,1.0,3,3,1.0,6,2,1.0
1559003,val,a44_45,4.0153747,4.886779,1.0,3,3,1.0,2,2,1.0
1559170,val,a44_45,3.2617366,2.2020712,1.0,3,3,1.0,2,2,1.0
1565180,val,a44_45,3.056901,4.1940236,1.0,3,3,1.0,2,2,1.0
1579030,val,a44_45,3.8432732,3.1251361,1.0,3,3,1.0,2,3,1.0
1613007,val,a44_45,2.584457,2.5992112,1.0,3,3,1.0,2,2,1.0
1621171,val,a44_45,3.7468705,4.706708,1.0,3,3,1.0,2,2,1.0
1644004,val,a44_45,3.316793,3.1415145,1.0,3,3,1.0,2,2,1.0
1652031,val,a44_45,3.1395593,3.4925067,1.0,3,3,1.0,2,2,1.0
1682032,val,a44_45,3.5255141,3.9247546,1.0,3,3,1.0,6,2,1.0
1684173,val,a44_45,3.2827613,3.1698432,1.0,3,3,1.0,2,2,1.0
1687003,val,a44_45,3.302559,3.295199,1.0,3,3,1.0,2,2,1.0
1690170,val,a44_45,2.33738,3.8913128,1.0,3,3,1.0,2,2,1.0
1692030,val,a44_45,1.6026845,0.0,1.0,2,2,1.0,2,2,1.0
1695034,val,a44_45,3.2021525,3.8376126,1.0,3,3,1.0,2,2,1.0
1701004,val,a44_45,2.8299184,4.343721,1.0,3,3,1.0,2,2,1.0
1721030,val,a44_45,3.3995066,2.8269699,1.0,3,2,1.0,2,2,1.0
1723005,val,a44_45,1.4179891,2.372633,1.0,2,3,1.0,2,2,1.0
1762030,val,a44_45,2.5862896,0.67576194,1.0,3,2,1.0,2,4,1.0
1762031,val,a44_45,3.5163116,3.8211,1.0,3,3,1.0,2,2,1.0
1762032,val,a44_45,2.0468283,2.5097702,1.0,3,3,1.0,4,4,1.0
1774170,val,a44_45,3.2384784,0.0,1.0,3,2,1.0,2,2,1.0
1774171,val,a44_45,3.211996,3.608866,1.0,3,3,1.0,2,2,1.0
1784171,val,a44_45,3.6974907,4.0109563,1.0,3,3,1.0,2,2,1.0
1786191,val,a44_45,3.7346056,3.9470103,1.0,3,3,1.0,2,2,1.0
1787005,val,a44_45,3.3830972,3.7915301,1.0,3,3,1.0,2,2,1.0
1787174,val,a44_45,2.9442155,0.0,0.0,3,-1,0.0,2,-1,0.0
1802003,val,a44_45,3.0643322,3.7913468,1.0,3,2,1.0,2,4,1.0
1845170,val,a44_45,3.6955848,3.5111582,1.0,3,3,1.0,2,2,1.0
1862171,val,a44_45,3.252249,3.5587387,1.0,3,3,1.0,2,2,1.0
1898004,val,a44_45,3.1399136,4.41717,1.0,3,3,1.0,6,6,1.0
1911030,val,a44_45,2.599607,0.0,1.0,3,2,1.0,2,2,1.0
1914003,val,a44_45,1.903639,3.0497952,1.0,3,3,1.0,2,2,1.0
1919007,val,a44_45,3.740337,4.4151845,1.0,3,3,1.0,2,4,1.0
1954003,val,a44_45,3.5077953,3.7009902,1.0,3,2,1.0,2,4,1.0
1959005,val,a44_45,3.6236236,4.886779,1.0,3,3,1.0,2,2,1.0
1964031,val,a44_45,2.4517999,0.0,1.0,3,2,1.0,2,4,1.0
1972173,val,a44_45,1.8487163,2.7334437,1.0,3,3,1.0,2,3,1.0
1978030,val,a44_45,3.3167913,3.4785342,1.0,3,3,1.0,2,2,1.0
2005030,val,a44_45,2.9300559,3.2576559,1.0,3,3,1.0,2,4,1.0
2011174,val,a44_45,2.8195167,3.363831,1.0,3,3,1.0,2,2,1.0
2023030,val,a44_45,3.5446613,4.886779,1.0,3,3,1.0,2,6,1.0
2028030,val,a44_45,3.2490563,4.886779,1.0,3,3,1.0,2,4,1.0
2055003,val,a44_45,2.7068663,3.6527476,1.0,3,3,1.0,2,2,1.0
2067005,val,a44_45,3.457437,4.55367,1.0,3,3,1.0,2,2,1.0
2080170,val,a44_45,2.3184807,2.564471,1.0,3,3,1.0,2,2,1.0
2106171,val,a44_45,1.4899114,0.0,1.0,3,2,1.0,2,2,1.0
2109002,val,a44_45,3.281355,4.4351645,1.0,3,3,1.0,2,2,1.0
2129186,val,a44_45,3.208044,3.486668,1.0,3,3,1.0,2,2,1.0
2181007,val,a44_45,1.4712465,2.0622702,1.0,2,3,1.0,6,6,1.0
2181030,val,a44_45,2.8996973,3.9479043,1.0,3,3,1.0,2,2,1.0
2243174,val,a44_45,3.5311375,3.3215134,1.0,3,3,1.0,2,2,1.0
2260173,val,a44_45,2.8089733,3.094222,1.0,3,2,1.0,2,2,1.0
2261030,val,a44_45,3.0661116,3.2630742,1.0,3,3,1.0,2,2,1.0
2271171,val,a44_45,2.6595209,3.6277134,1.0,3,3,1.0,2,2,1.0
2282005,val,a44_45,3.179813,2.2020712,1.0,3,3,1.0,2,6,1.0
2302195,val,a44_45,1.5921671,0.0,1.0,2,2,1.0,2,6,1.0
2334031,val,a44_45,3.4999404,4.167855,1.0,3,3,1.0,2,2,1.0
2341172,val,a44_45,3.08193,3.5905602,1.0,3,3,1.0,2,2,1.0
2354175,val,a44_45,3.5660796,3.4766757,1.0,3,3,1.0,2,2,1.0
2355004,val,a44_45,1.6847303,3.8594756,1.0,3,3,1.0,2,2,1.0
2391030,val,a44_45,3.3940117,3.7593637,1.0,3,3,1.0,2,2,1.0
2397173,val,a44_45,1.8579553,3.5917382,1.0,3,3,1.0,2,3,1.0
2408170,val,a44_45,2.8915708,2.8284745,1.0,3,3,1.0,2,4,1.0
2425003,val,a44_45,2.8642573,0.0,1.0,3,2,1.0,2,2,1.0
2432030,val,a44_45,1.9184766,2.2314599,1.0,3,3,1.0,2,4,1.0
2435172,val,a44_45,2.0572884,0.0,1.0,3,2,1.0,2,2,1.0
2436174,val,a44_45,1.6675438,0.0,1.0,2,2,1.0,2,4,1.0
2436176,val,a44_45,2.3532634,3.174653,1.0,3,3,1.0,2,2,1.0
2441003,val,a44_45,2.381959,3.9449332,1.0,3,3,1.0,2,2,1.0
2441173,val,a44_45,3.467651,4.1105485,1.0,3,3,1.0,2,2,1.0
2458031,val,a44_45,4.02286,4.886779,1.0,3,3,1.0,2,6,1.0
2461004,val,a44_45,2.0794547,0.0,1.0,3,2,1.0,2,2,1.0
2461030,val,a44_45,3.5729856,4.886779,1.0,3,3,1.0,2,2,1.0
2473004,val,a44_45,3.538965,4.1026144,1.0,3,3,1.0,2,2,1.0
2483030,val,a44_45,3.0365996,0.0,1.0,3,3,1.0,2,4,1.0
2503030,val,a44_45,3.6468782,3.3104484,1.0,3,3,1.0,2,2,1.0
2510005,val,a44_45,3.512009,3.3073823,1.0,3,3,1.0,2,2,1.0
2525003,val,a44_45,3.7451282,4.886779,1.0,3,3,1.0,2,2,1.0
2529030,val,a44_45,3.330175,0.0,1.0,3,2,1.0,2,4,1.0
2529174,val,a44_45,3.0715828,4.0926714,1.0,3,3,1.0,2,2,1.0
2530003,val,a44_45,2.111391,0.0,1.0,3,2,1.0,2,2,1.0
2530004,val,a44_45,3.0813873,3.6657484,1.0,3,3,1.0,2,2,1.0
2569033,val,a44_45,2.890527,3.3814466,1.0,3,3,1.0,6,2,1.0
2601006,val,a44_45,3.3337586,0.0,1.0,3,2,1.0,6,2,1.0
2608006,val,a44_45,2.93993,2.8357437,1.0,3,3,1.0,2,2,1.0
2615034,val,a44_45,3.4303832,3.5372634,1.0,3,3,1.0,2,2,1.0
2639004,val,a44_45,2.5092154,0.0,0.0,3,-1,0.0,2,-1,0.0
2665177,val,a44_45,1.8634809,0.0,1.0,2,2,1.0,2,2,1.0
2672006,val,a44_45,3.258303,4.573825,1.0,3,3,1.0,6,5,1.0
2672171,val,a44_45,2.5067964,3.6641996,1.0,3,3,1.0,2,4,1.0
2697003,val,a44_45,3.7055886,3.3045707,1.0,3,3,1.0,2,2,1.0
2704031,val,a44_45,3.3551757,3.7778184,1.0,3,3,1.0,6,4,1.0
2705030,val,a44_45,3.3434281,4.633699,1.0,3,3,1.0,2,4,1.0
2707007,val,a44_45,2.7223573,2.4932044,1.0,3,3,1.0,2,2,1.0
2712172,val,a44_45,2.9014552,3.188211,1.0,3,3,1.0,2,2,1.0
2731003,val,a44_45,3.0430033,3.858834,1.0,3,3,1.0,6,6,1.0
2731005,val,a44_45,3.5797436,4.6893663,1.0,3,3,1.0,6,6,1.0
2770031,val,a44_45,3.404313,2.47013,1.0,3,3,1.0,2,2,1.0
2816004,val,a44_45,1.8832794,3.3207881,1.0,3,3,1.0,2,2,1.0
2910002,val,a44_45,2.8101523,3.7874484,1.0,3,3,1.0,2,2,1.0
3062001,val,a44_45,3.5779963,2.2482457,1.0,3,3,1.0,2,3,1.0
3235002,val,a44_45,2.7903545,3.4900744,1.0,3,3,1.0,2,4,1.0
3306001,val,a44_45,3.7573953,4.886779,1.0,3,3,1.0,2,4,1.0
5015030,val,a44_45,2.3004313,0.0,1.0,3,2,1.0,2,2,1.0
5048030,val,a44_45,2.8696654,3.156508,1.0,3,3,1.0,6,6,1.0
5052033,val,a44_45,2.2920322,2.6440241,1.0,3,3,1.0,6,6,1.0
5057008,val,a44_45,1.4040425,3.627258,1.0,2,3,1.0,6,6,1.0
5170009,val,a44_45,3.1664062,4.047763,1.0,3,3,1.0,2,2,1.0
5230008,val,a44_45,3.0393512,4.175959,1.0,3,3,1.0,2,3,1.0
5299010,val,a44_45,2.346165,0.0,1.0,3,2,1.0,6,6,1.0
5336179,val,a44_45,3.0561354,3.3914385,1.0,3,3,1.0,2,2,1.0
5364005,val,a44_45,2.9673777,3.7940028,1.0,3,3,1.0,2,2,1.0
5379004,val,a44_45,3.4099457,4.5817747,1.0,3,3,1.0,2,4,1.0
5430173,val,a44_45,2.871648,1.9704351,1.0,3,3,1.0,4,6,1.0
5488006,val,a44_45,3.2189713,3.982054,1.0,3,3,1.0,6,6,1.0
5493007,val,a44_45,1.4262842,0.0,1.0,3,2,1.0,6,5,1.0
5537009,val,a44_45,2.580663,2.8186514,1.0,3,3,1.0,2,2,1.0
5537177,val,a44_45,2.0955248,1.8782891,1.0,3,2,1.0,2,2,1.0
5537183,val,a44_45,3.4779935,4.192416,1.0,3,3,1.0,2,2,1.0
5569010,val,a44_45,2.8194764,1.5302846,1.0,3,3,1.0,2,2,1.0
5600005,val,a44_45,1.7915298,0.0,1.0,2,2,1.0,6,2,1.0
5615183,val,a44_45,2.960317,3.0865474,1.0,3,3,1.0,2,2,1.0
5749006,val,a44_45,2.0874462,1.0628753,1.0,3,3,1.0,4,2,1.0
5822175,val,a44_45,3.060687,3.553619,1.0,3,3,1.0,2,2,1.0
5832003,val,a44_45,2.6525557,3.2903967,1.0,3,2,1.0,2,6,1.0
5872005,val,a44_45,1.406916,0.0,1.0,2,2,1.0,6,6,1.0
5898005,val,a44_45,2.413869,3.433667,1.0,3,3,1.0,6,2,1.0
5904033,val,a44_45,2.8289285,3.4421458,1.0,3,3,1.0,2,4,1.0
5987188,val,a44_45,2.9247131,3.0497952,1.0,3,3,1.0,2,2,1.0
6026005,val,a44_45,3.5377097,3.9234436,1.0,3,2,1.0,2,2,1.0
6026172,val,a44_45,3.231989,4.6887918,1.0,3,3,1.0,2,4,1.0
6054031,val,a44_45,3.4265203,0.0,1.0,3,2,1.0,6,6,1.0
6121033,val,a44_45,3.0345302,0.0,1.0,3,2,1.0,6,6,1.0
6156008,val,a44_45,3.4915771,3.9220536,1.0,3,3,1.0,6,6,1.0
6157003,val,a44_45,2.847673,3.3523545,1.0,3,3,1.0,2,4,1.0
6210183,val,a44_45,2.5867293,3.3465555,1.0,3,3,1.0,2,2,1.0
6262030,val,a44_45,3.5075853,4.0141034,1.0,3,3,1.0,2,2,1.0
6368007,val,a44_45,2.627103,0.0,1.0,3,2,1.0,6,6,1.0
6381181,val,a44_45,3.2075262,4.2348075,1.0,3,3,1.0,2,2,1.0
6396003,val,a44_45,1.9198022,0.0,1.0,3,2,1.0,2,4,1.0
6431008,val,a44_45,3.0202217,4.2303786,1.0,3,3,1.0,2,2,1.0
6475170,val,a44_45,2.5725346,3.4794178,1.0,3,3,1.0,6,6,1.0
6522004,val,a44_45,1.920885,1.8124303,1.0,3,3,1.0,6,4,1.0
6537032,val,a44_45,2.7350578,3.8368883,1.0,3,3,1.0,2,2,1.0
6541178,val,a44_45,3.4404247,4.2320933,1.0,3,3,1.0,2,3,1.0
6545006,val,a44_45,2.0931034,3.1106615,1.0,3,3,1.0,2,4,1.0
6547171,val,a44_45,2.967373,1.8387105,1.0,3,3,1.0,2,2,1.0
6571031,val,a44_45,3.0673022,0.0,1.0,3,2,1.0,2,2,1.0
6590008,val,a44_45,3.0168796,3.5488956,1.0,3,3,1.0,2,2,1.0
6616007,val,a44_45,2.7121725,3.2707531,1.0,3,3,1.0,2,4,1.0
6649003,val,a44_45,2.2799847,3.4194636,1.0,3,3,1.0,6,2,1.0
6710030,val,a44_45,1.5705227,3.5064607,1.0,2,3,1.0,6,6,1.0
6745007,val,a44_45,2.887507,2.6745934,1.0,3,3,1.0,4,6,1.0
6750005,val,a44_45,2.9019747,3.3510303,1.0,3,3,1.0,2,4,1.0
6765006,val,a44_45,2.335521,3.0664406,1.0,3,3,1.0,2,2,1.0
6822176,val,a44_45,3.077671,3.3265107,1.0,3,3,1.0,2,4,1.0
6828003,val,a44_45,1.8290302,0.0,1.0,3,2,1.0,2,2,1.0
6872003,val,a44_45,3.0892985,3.4513288,1.0,3,3,1.0,6,2,1.0
6030,test,a30_31,3.5747967,4.0443435,1.0,3,3,1.0,2,2,1.0
10030,test,a30_31,3.946242,4.8131404,1.0,3,3,1.0,6,6,1.0
41008,test,a30_31,2.5668163,0.0,1.0,3,2,1.0,6,2,1.0
68003,test,a30_31,3.5152762,3.6228404,1.0,3,3,1.0,2,2,1.0
127030,test,a30_31,3.54636,3.8933127,1.0,3,3,1.0,6,6,1.0
127031,test,a30_31,3.6945586,4.455336,1.0,3,3,1.0,6,6,1.0
129031,test,a30_31,1.1727755,1.159328,1.0,2,3,1.0,6,4,1.0
129196,test,a30_31,2.5195127,2.0602975,1.0,3,2,1.0,2,2,1.0
165030,test,a30_31,3.6027012,3.431768,1.0,3,3,1.0,6,2,1.0
284004,test,a30_31,4.0949078,4.6835566,1.0,3,3,1.0,2,2,1.0
301032,test,a30_31,4.176724,3.5725698,1.0,3,3,1.0,6,6,1.0
327003,test,a30_31,3.3382735,3.4121542,1.0,3,3,1.0,2,2,1.0
327171,test,a30_31,3.4782631,3.8332024,1.0,3,2,1.0,2,2,1.0
327172,test,a30_31,2.8054104,3.2615511,1.0,3,3,1.0,2,2,1.0
331005,test,a30_31,4.052623,4.5540724,1.0,3,3,1.0,6,6,1.0
344178,test,a30_31,2.9722896,3.154086,1.0,3,3,1.0,2,2,1.0
461030,test,a30_31,3.5441635,3.7856972,1.0,3,3,1.0,2,2,1.0
486004,test,a30_31,3.4853282,3.5620697,1.0,3,3,1.0,2,2,1.0
563183,test,a30_31,0.50925946,2.9157038,1.0,2,3,1.0,2,2,1.0
577004,test,a30_31,2.4042306,2.3891363,1.0,3,3,1.0,2,2,1.0
607030,test,a30_31,3.7281826,3.7182508,1.0,3,3,1.0,2,2,1.0
613173,test,a30_31,3.2079582,4.11935,1.0,3,3,1.0,2,2,1.0
634008,test,a30_31,3.4503021,3.9311678,1.0,3,3,1.0,2,4,1.0
652005,test,a30_31,3.1897483,3.0010586,1.0,3,3,1.0,2,2,1.0
672003,test,a30_31,0.67702985,0.0,1.0,2,2,1.0,2,2,1.0
691175,test,a30_31,3.6494093,3.7946298,1.0,3,3,1.0,2,2,1.0
699031,test,a30_31,1.6138558,3.1676114,1.0,2,3,1.0,6,6,1.0
722178,test,a30_31,0.33286834,0.0,1.0,2,2,1.0,2,2,1.0
771003,test,a30_31,2.9755762,3.0751624,1.0,3,3,1.0,2,4,1.0
775005,test,a30_31,3.6236596,0.0,0.0,3,-1,0.0,6,-1,0.0
796006,test,a30_31,3.5098374,3.7020767,1.0,3,3,1.0,6,6,1.0
844003,test,a30_31,2.1895258,3.4397702,1.0,3,3,1.0,2,2,1.0
863006,test,a30_31,3.5040526,3.8158545,1.0,3,3,1.0,2,2,1.0
863173,test,a30_31,3.3267105,2.555125,1.0,3,3,1.0,2,2,1.0
866172,test,a30_31,3.2016563,3.027694,1.0,3,3,1.0,6,6,1.0
868005,test,a30_31,3.4919086,3.5248713,1.0,3,3,1.0,2,2,1.0
875030,test,a30_31,0.7368934,0.0,1.0,2,2,1.0,2,2,1.0
897006,test,a30_31,2.7751513,2.2707846,1.0,3,2,1.0,2,2,1.0
922171,test,a30_31,3.2760832,3.9658422,1.0,3,3,1.0,2,2,1.0
934030,test,a30_31,3.6507392,4.0753117,1.0,3,3,1.0,2,2,1.0
935005,test,a30_31,1.6152174,2.53768,1.0,2,2,1.0,2,2,1.0
935176,test,a30_31,3.5283427,3.4484873,1.0,3,3,1.0,2,2,1.0
939030,test,a30_31,3.9231796,4.0583153,1.0,3,3,1.0,6,6,1.0
964003,test,a30_31,0.6311846,0.0,1.0,2,2,1.0,6,6,1.0
970004,test,a30_31,3.432172,3.7108538,1.0,3,3,1.0,2,2,1.0
982004,test,a30_31,3.0438406,3.2337272,1.0,3,3,1.0,2,4,1.0
1033030,test,a30_31,3.5716968,3.9603353,1.0,3,3,1.0,2,3,1.0
1036003,test,a30_31,3.8748205,3.820191,1.0,3,3,1.0,2,4,1.0
1048006,test,a30_31,2.490223,2.5494602,1.0,3,2,1.0,2,3,1.0
1055172,test,a30_31,1.3673513,1.5379702,1.0,3,2,1.0,2,2,1.0
1060175,test,a30_31,3.2490916,3.8012211,1.0,3,3,1.0,2,2,1.0
1064171,test,a30_31,3.6576674,4.467433,1.0,3,3,1.0,2,2,1.0
1072171,test,a30_31,3.4322972,3.5926886,1.0,3,3,1.0,2,2,1.0
1084175,test,a30_31,2.2277942,0.0,1.0,3,2,1.0,2,2,1.0
1100172,test,a30_31,3.0080967,3.2967014,1.0,3,3,1.0,2,2,1.0
1141171,test,a30_31,2.5119755,0.0,0.0,3,-1,0.0,2,-1,0.0
1142030,test,a30_31,3.6303227,3.07714,1.0,3,3,1.0,2,4,1.0
1144032,test,a30_31,3.5819883,3.5717494,1.0,3,3,1.0,2,2,1.0
1149171,test,a30_31,3.088897,3.076803,1.0,3,3,1.0,6,2,1.0
1162030,test,a30_31,3.164768,3.1995935,1.0,3,3,1.0,2,2,1.0
1167030,test,a30_31,0.3893261,0.42005378,1.0,2,2,1.0,6,6,1.0
1168008,test,a30_31,0.83954644,3.0341482,1.0,2,3,1.0,2,3,1.0
1222179,test,a30_31,2.6233287,1.9917881,1.0,3,3,1.0,2,2,1.0
1260008,test,a30_31,3.1172423,2.880258,1.0,3,3,1.0,2,2,1.0
1269030,test,a30_31,3.3458722,3.6963296,1.0,3,3,1.0,2,2,1.0
1292030,test,a30_31,3.447346,3.4003475,1.0,3,3,1.0,4,2,1.0
1298005,test,a30_31,2.5904853,3.193401,1.0,3,3,1.0,2,2,1.0
1306030,test,a30_31,4.409719,4.886779,1.0,3,3,1.0,2,2,1.0
1335179,test,a30_31,2.8586004,3.4640977,1.0,3,3,1.0,2,2,1.0
1353030,test,a30_31,0.75656664,0.0,1.0,2,2,1.0,2,2,1.0
1384030,test,a30_31,3.3968148,3.5397089,1.0,3,3,1.0,2,2,1.0
1399008,test,a30_31,2.0940886,2.1851575,1.0,3,2,1.0,2,2,1.0
1415004,test,a30_31,2.22586,2.707386,1.0,3,3,1.0,2,2,1.0
1430005,test,a30_31,1.9759473,1.2974701,1.0,3,3,1.0,6,6,1.0
1431003,test,a30_31,3.6918736,3.7720938,1.0,3,3,1.0,2,2,1.0
1431004,test,a30_31,2.4254167,0.0,1.0,3,2,1.0,2,2,1.0
1431172,test,a30_31,3.8313217,0.0,0.0,3,-1,0.0,2,-1,0.0
1462004,test,a30_31,2.286552,3.4702528,1.0,3,3,1.0,2,2,1.0
1520173,test,a30_31,3.5983915,3.549721,1.0,3,3,1.0,2,2,1.0
1522175,test,a30_31,3.3579996,3.9098516,1.0,3,3,1.0,2,2,1.0
1542006,test,a30_31,3.1711419,3.2926252,1.0,3,3,1.0,2,4,1.0
1542177,test,a30_31,3.456987,3.6178148,1.0,3,2,1.0,2,2,1.0
1567031,test,a30_31,3.6883729,3.6645775,1.0,3,3,1.0,6,6,1.0
1608031,test,a30_31,2.7532709,3.3391688,1.0,3,2,1.0,2,2,1.0
1612003,test,a30_31,3.7171497,4.0829945,1.0,3,2,1.0,2,2,1.0
1621003,test,a30_31,1.4149846,2.1435423,1.0,2,3,1.0,2,2,1.0
1648003,test,a30_31,3.253182,3.0544064,1.0,3,3,1.0,2,2,1.0
1648030,test,a30_31,3.2820418,3.8708656,1.0,3,3,1.0,6,6,1.0
1670172,test,a30_31,2.8740675,2.5325868,1.0,3,3,1.0,2,2,1.0
1684170,test,a30_31,0.16247845,0.0,1.0,2,3,1.0,2,2,1.0
1690030,test,a30_31,3.6435246,3.814594,1.0,3,3,1.0,2,2,1.0
1692176,test,a30_31,3.450469,3.7050061,1.0,3,3,1.0,2,2,1.0
1695030,test,a30_31,3.2782638,3.3822985,1.0,3,3,1.0,6,6,1.0
1697036,test,a30_31,3.387648,3.1997752,1.0,3,3,1.0,6,2,1.0
1698170,test,a30_31,2.7036798,1.3173809,1.0,3,2,1.0,2,2,1.0
1700031,test,a30_31,3.1661713,3.2681394,1.0,3,3,1.0,2,4,1.0
1701003,test,a30_31,3.5630205,3.1641855,1.0,3,3,1.0,6,6,1.0
1711003,test,a30_31,1.7949579,3.0908527,1.0,3,3,1.0,2,2,1.0
1711171,test,a30_31,3.2282329,3.6934254,1.0,3,2,1.0,2,2,1.0
1732005,test,a30_31,2.653594,0.0,0.0,3,-1,0.0,6,-1,0.0
1762187,test,a30_31,1.904477,1.8384329,1.0,3,3,1.0,2,2,1.0
1786187,test,a30_31,3.1161444,3.2494287,1.0,3,3,1.0,2,2,1.0
1837006,test,a30_31,3.5772538,3.500706,1.0,3,3,1.0,2,2,1.0
1850172,test,a30_31,1.6360637,2.0709207,1.0,3,3,1.0,2,2,1.0
1878030,test,a30_31,3.4641314,3.2616544,1.0,3,3,1.0,2,2,1.0
1879030,test,a30_31,3.3510318,4.1256022,1.0,3,3,1.0,2,3,1.0
1905004,test,a30_31,3.7934415,3.9012198,1.0,3,3,1.0,2,2,1.0
1919009,test,a30_31,3.479186,3.3816369,1.0,3,3,1.0,2,2,1.0
1935004,test,a30_31,2.653958,0.0,1.0,3,2,1.0,2,2,1.0
1936030,test,a30_31,2.203424,0.0,1.0,3,2,1.0,2,2,1.0
1978171,test,a30_31,2.820417,2.4012594,1.0,3,3,1.0,2,2,1.0
2030031,test,a30_31,2.9627419,0.0,1.0,3,3,1.0,6,2,1.0
2117003,test,a30_31,3.0078597,2.8032591,1.0,3,3,1.0,2,2,1.0
2150172,test,a30_31,1.4408236,1.6647161,1.0,3,2,1.0,2,2,1.0
2199182,test,a30_31,2.3709674,3.7839584,1.0,3,3,1.0,2,2,1.0
2206030,test,a30_31,3.6658595,3.820771,1.0,3,3,1.0,2,2,1.0
2212031,test,a30_31,4.1711216,4.352703,1.0,3,3,1.0,6,6,1.0
2238004,test,a30_31,3.3155222,3.473372,1.0,3,3,1.0,2,2,1.0
2238172,test,a30_31,3.223998,3.6698914,1.0,3,3,1.0,2,2,1.0
2252172,test,a30_31,2.8906484,2.392142,1.0,3,3,1.0,2,2,1.0
2255030,test,a30_31,4.4549303,4.8865457,1.0,3,3,1.0,2,2,1.0
2277008,test,a30_31,2.7712026,2.4704232,1.0,3,3,1.0,2,2,1.0
2311172,test,a30_31,1.6657304,1.7819266,1.0,3,3,1.0,2,3,1.0
2330003,test,a30_31,3.748888,4.546308,1.0,3,3,1.0,6,6,1.0
2338003,test,a30_31,3.665144,3.5962741,1.0,3,3,1.0,6,6,1.0
2341004,test,a30_31,2.622321,3.6550374,1.0,3,3,1.0,2,2,1.0
2341005,test,a30_31,2.504187,2.985549,1.0,3,3,1.0,2,2,1.0
2354004,test,a30_31,1.5406084,2.6002262,1.0,3,3,1.0,2,3,1.0
2392004,test,a30_31,1.9811829,2.486088,1.0,3,3,1.0,2,2,1.0
2393005,test,a30_31,4.077989,3.8599086,1.0,3,3,1.0,2,3,1.0
2393171,test,a30_31,2.4586384,3.2835505,1.0,3,3,1.0,2,2,1.0
2409006,test,a30_31,2.2788482,0.0,0.0,3,-1,0.0,2,-1,0.0
2409171,test,a30_31,3.0693781,0.0,0.0,3,-1,0.0,2,-1,0.0
2422178,test,a30_31,3.5251737,3.3685656,1.0,3,3,1.0,2,2,1.0
2459030,test,a30_31,3.2434816,3.289887,1.0,3,3,1.0,3,2,1.0
2474030,test,a30_31,3.3997605,3.5847976,1.0,3,3,1.0,2,2,1.0
2474171,test,a30_31,2.1136837,1.9812955,1.0,3,3,1.0,2,2,1.0
2485173,test,a30_31,2.9455664,1.3737665,1.0,3,2,1.0,2,4,1.0
2496172,test,a30_31,2.021727,2.6033032,1.0,3,3,1.0,2,4,1.0
2502005,test,a30_31,2.9362075,3.0639424,1.0,3,3,1.0,2,2,1.0
2510171,test,a30_31,3.1837158,3.45875,1.0,3,3,1.0,2,2,1.0
2525174,test,a30_31,3.0767546,3.576559,1.0,3,3,1.0,2,2,1.0
2530184,test,a30_31,2.9769266,2.8265765,1.0,3,3,1.0,2,2,1.0
2547171,test,a30_31,3.672687,3.964761,1.0,3,3,1.0,2,2,1.0
2580030,test,a30_31,4.2809777,4.73331,1.0,3,3,1.0,2,2,1.0
2593171,test,a30_31,3.4815474,4.1230373,1.0,3,3,1.0,2,2,1.0
2615031,test,a30_31,3.4612126,3.6966453,1.0,3,3,1.0,2,2,1.0
2642030,test,a30_31,2.6118505,2.6918542,1.0,3,3,1.0,2,2,1.0
2655002,test,a30_31,0.5408528,0.0,1.0,2,2,1.0,2,2,1.0
2705031,test,a30_31,3.8289056,3.0183833,1.0,3,3,1.0,2,2,1.0
2707179,test,a30_31,2.983818,2.888504,1.0,3,3,1.0,2,2,1.0
2714031,test,a30_31,3.5372846,3.2921891,1.0,3,3,1.0,2,2,1.0
2717004,test,a30_31,3.4918153,4.0724216,1.0,3,3,1.0,2,2,1.0
2738171,test,a30_31,3.5725536,4.41911,1.0,3,3,1.0,2,2,1.0
2794003,test,a30_31,3.7771502,4.088578,1.0,3,3,1.0,6,6,1.0
2845030,test,a30_31,2.696242,0.80540437,1.0,3,3,1.0,6,6,1.0
2847030,test,a30_31,2.7509758,3.2781074,1.0,3,3,1.0,6,6,1.0
2848174,test,a30_31,1.3878394,0.0,1.0,2,2,1.0,6,6,1.0
2852006,test,a30_31,0.3952849,0.0,1.0,2,2,1.0,2,2,1.0
2852030,test,a30_31,3.3292341,3.1400328,1.0,3,3,1.0,2,2,1.0
2869170,test,a30_31,3.2707276,3.318679,1.0,3,3,1.0,2,2,1.0
2897006,test,a30_31,3.115912,2.5091708,1.0,3,3,1.0,6,6,1.0
2900171,test,a30_31,3.5095963,1.9216049,1.0,3,3,1.0,2,2,1.0
2907006,test,a30_31,2.7972927,2.6151106,1.0,3,3,1.0,2,2,1.0
2920030,test,a30_31,2.6709743,2.973692,1.0,3,3,1.0,6,6,1.0
3107001,test,a30_31,3.3383605,3.501158,1.0,3,3,1.0,2,2,1.0
3137007,test,a30_31,2.4062095,2.5756848,1.0,3,3,1.0,6,6,1.0
3283002,test,a30_31,3.6804538,4.300126,1.0,3,3,1.0,2,4,1.0
3492001,test,a30_31,3.4659579,4.1655335,1.0,3,3,1.0,6,6,1.0
5016170,test,a30_31,2.7689126,2.9827757,1.0,3,3,1.0,2,4,1.0
5082003,test,a30_31,3.3828363,3.590824,1.0,3,3,1.0,6,2,1.0
5145032,test,a30_31,3.3853946,3.6708767,1.0,3,3,1.0,6,6,1.0
5163030,test,a30_31,3.2681196,3.7953534,1.0,3,3,1.0,2,3,1.0
5177171,test,a30_31,1.6687565,0.0,1.0,3,2,1.0,6,6,1.0
5199178,test,a30_31,2.8994596,3.0284073,1.0,3,3,1.0,2,2,1.0
5241030,test,a30_31,2.3281693,3.463671,1.0,3,3,1.0,6,6,1.0
5264004,test,a30_31,3.22952,3.254645,1.0,3,3,1.0,2,2,1.0
5294003,test,a30_31,3.4847302,3.6888347,1.0,3,3,1.0,2,2,1.0
5299172,test,a30_31,2.933793,0.0,0.0,3,-1,0.0,2,-1,0.0
5306002,test,a30_31,2.6091704,1.5553043,1.0,3,2,1.0,6,6,1.0
5350030,test,a30_31,2.5109434,1.5019395,1.0,3,3,1.0,2,6,1.0
5364006,test,a30_31,3.2595603,4.02594,1.0,3,3,1.0,6,6,1.0
5366033,test,a30_31,3.0518603,3.2203383,1.0,3,2,1.0,6,6,1.0
5406173,test,a30_31,2.8290632,0.0,0.0,3,-1,0.0,2,-1,0.0
5424030,test,a30_31,1.7819889,1.9499075,1.0,2,2,1.0,6,6,1.0
5425003,test,a30_31,1.0794551,0.52543235,1.0,2,3,1.0,2,2,1.0
5430031,test,a30_31,1.5417027,2.1480308,1.0,3,2,1.0,6,6,1.0
5430171,test,a30_31,2.5098932,3.769422,1.0,3,3,1.0,6,6,1.0
5443007,test,a30_31,1.0423309,0.43289578,1.0,3,2,1.0,2,2,1.0
5464032,test,a30_31,2.5919702,2.712402,1.0,3,2,1.0,2,2,1.0
5488007,test,a30_31,2.674229,2.4527671,1.0,3,2,1.0,2,2,1.0
5494005,test,a30_31,2.956283,2.5930448,1.0,3,3,1.0,6,6,1.0
5513030,test,a30_31,3.2589252,3.6436281,1.0,3,3,1.0,6,6,1.0
5549006,test,a30_31,2.405308,2.3896143,1.0,3,3,1.0,2,2,1.0
5553173,test,a30_31,3.2479703,3.5880518,1.0,3,3,1.0,2,2,1.0
5560186,test,a30_31,3.370651,3.2274153,1.0,3,3,1.0,2,2,1.0
5569009,test,a30_31,2.8480556,1.642214,1.0,3,2,1.0,2,2,1.0
5570010,test,a30_31,3.248445,3.5521383,1.0,3,3,1.0,2,4,1.0
5570012,test,a30_31,2.8940892,2.5876174,1.0,3,3,1.0,2,6,1.0
5570033,test,a30_31,3.373239,2.8641582,1.0,3,3,1.0,2,2,1.0
5576031,test,a30_31,2.7025642,3.016735,1.0,3,3,1.0,2,2,1.0
5614005,test,a30_31,2.6832247,2.6726115,1.0,3,3,1.0,3,3,1.0
5615010,test,a30_31,3.1092856,3.1390646,1.0,3,3,1.0,6,2,1.0
5615181,test,a30_31,3.3167307,3.3987124,1.0,3,3,1.0,2,2,1.0
5621170,test,a30_31,3.029378,3.0994895,1.0,3,3,1.0,2,2,1.0
5626010,test,a30_31,3.0010881,2.9399865,1.0,3,3,1.0,2,2,1.0
5634188,test,a30_31,3.3716424,0.0,0.0,3,-1,0.0,2,-1,0.0
5635031,test,a30_31,3.4653082,2.960809,1.0,3,3,1.0,2,2,1.0
5646006,test,a30_31,0.7349796,0.5639118,1.0,2,3,1.0,6,6,1.0
5660005,test,a30_31,3.0418417,3.541386,1.0,3,3,1.0,2,3,1.0
5664003,test,a30_31,0.7017875,0.10998343,1.0,2,2,1.0,6,6,1.0
5676007,test,a30_31,3.086994,0.0,0.0,3,-1,0.0,2,-1,0.0
5678030,test,a30_31,1.9413474,2.8913167,1.0,3,2,1.0,6,6,1.0
5684034,test,a30_31,3.5153747,4.3079896,1.0,3,3,1.0,2,4,1.0
5784005,test,a30_31,0.45707393,0.0,1.0,2,2,1.0,6,6,1.0
5819005,test,a30_31,0.69167936,1.0981487,1.0,2,3,1.0,6,6,1.0
5821008,test,a30_31,2.73674,3.01234,1.0,3,3,1.0,2,2,1.0
5863033,test,a30_31,0.69349647,1.3019751,1.0,2,3,1.0,6,6,1.0
5921003,test,a30_31,2.6402228,0.0,0.0,3,-1,0.0,6,-1,0.0
5922010,test,a30_31,3.2509322,2.721544,1.0,3,3,1.0,6,6,1.0
5938031,test,a30_31,2.0789506,0.0,1.0,3,2,1.0,6,6,1.0
5960033,test,a30_31,2.717853,2.5757463,1.0,3,3,1.0,6,6,1.0
5995005,test,a30_31,1.0302767,0.31933862,1.0,2,2,1.0,6,6,1.0
6028032,test,a30_31,2.573391,2.8981428,1.0,3,3,1.0,6,6,1.0
6030005,test,a30_31,3.4846625,3.7041867,1.0,3,3,1.0,6,6,1.0
6030008,test,a30_31,3.4259124,3.6057901,1.0,3,3,1.0,6,6,1.0
6093006,test,a30_31,0.47685456,2.0916247,1.0,2,3,1.0,6,6,1.0
6093011,test,a30_31,2.4671788,1.3332126,1.0,3,3,1.0,6,6,1.0
6114182,test,a30_31,2.4775498,2.5692537,1.0,3,3,1.0,2,3,1.0
6120195,test,a30_31,1.3545814,0.0,1.0,3,2,1.0,2,2,1.0
6121030,test,a30_31,2.8696003,3.769311,1.0,3,3,1.0,6,6,1.0
6179003,test,a30_31,3.4330504,3.361893,1.0,3,3,1.0,2,2,1.0
6179170,test,a30_31,0.24742937,0.0,1.0,2,2,1.0,2,2,1.0
6191006,test,a30_31,2.8816242,3.2669687,1.0,3,3,1.0,6,4,1.0
6200175,test,a30_31,3.5846434,3.180232,1.0,3,3,1.0,2,2,1.0
6210007,test,a30_31,2.9070988,0.0,0.0,3,-1,0.0,6,-1,0.0
6210008,test,a30_31,2.2085361,1.7660555,1.0,3,3,1.0,6,6,1.0
6350007,test,a30_31,2.7360451,2.5048919,1.0,3,3,1.0,6,6,1.0
6365010,test,a30_31,0.3498745,0.47892067,1.0,2,3,1.0,6,6,1.0
6365011,test,a30_31,1.619494,0.1931983,1.0,3,2,1.0,2,2,1.0
6365177,test,a30_31,2.4363966,3.0710416,1.0,3,3,1.0,2,2,1.0
6381008,test,a30_31,2.1501956,0.0,0.0,3,-1,0.0,2,-1,0.0
6444003,test,a30_31,2.211067,2.0211048,1.0,3,3,1.0,2,2,1.0
6475006,test,a30_31,0.27554345,0.67106354,1.0,2,3,1.0,6,6,1.0
6475007,test,a30_31,0.0044004917,0.1422398,1.0,2,2,1.0,6,6,1.0
6509004,test,a30_31,2.764612,3.5568442,1.0,3,3,1.0,6,6,1.0
6545008,test,a30_31,3.551352,3.18138,1.0,3,3,1.0,6,6,1.0
6571003,test,a30_31,2.7915523,3.4242733,1.0,3,3,1.0,6,6,1.0
6635009,test,a30_31,0.32872367,0.0,1.0,2,2,1.0,6,4,1.0
6663030,test,a30_31,3.7661896,3.6323774,1.0,3,2,1.0,6,6,1.0
6674003,test,a30_31,3.0519576,3.3601112,1.0,3,3,1.0,2,2,1.0
6674005,test,a30_31,3.2432988,3.4521801,1.0,3,3,1.0,2,2,1.0
6736181,test,a30_31,2.6395993,1.9612347,1.0,3,2,1.0,2,2,1.0
6740003,test,a30_31,2.319954,2.7489104,1.0,3,3,1.0,2,2,1.0
6769008,test,a30_31,2.3145156,0.47086632,1.0,3,2,1.0,2,3,1.0
6779033,test,a30_31,1.1909244,1.7719439,1.0,2,3,1.0,6,6,1.0
6820030,test,a30_31,2.991595,0.0,1.0,3,2,1.0,6,6,1.0
6843006,test,a30_31,0.28494143,0.0,1.0,2,2,1.0,6,2,1.0
6857006,test,a30_31,3.3699322,4.886779,1.0,3,3,1.0,2,3,1.0
6030,test,a32_33,3.5402837,3.632802,1.0,3,3,1.0,2,2,1.0
10030,test,a32_33,3.7341192,4.5643663,1.0,3,3,1.0,6,2,1.0
41008,test,a32_33,2.2609959,0.0,1.0,3,2,1.0,2,2,1.0
68003,test,a32_33,3.4838166,3.5880518,1.0,3,3,1.0,2,2,1.0
127030,test,a32_33,3.356705,3.6983402,1.0,3,3,1.0,6,2,1.0
127031,test,a32_33,3.5146396,4.2671986,1.0,3,3,1.0,6,6,1.0
129031,test,a32_33,1.6500988,1.5868585,1.0,2,2,1.0,6,4,1.0
129196,test,a32_33,2.3529296,1.7348825,1.0,3,3,1.0,2,2,1.0
165030,test,a32_33,3.267993,3.6426375,1.0,3,3,1.0,6,2,1.0
284004,test,a32_33,4.039871,4.498754,1.0,3,3,1.0,2,2,1.0
301032,test,a32_33,3.9666946,3.9674697,1.0,3,3,1.0,6,6,1.0
327003,test,a32_33,3.1911168,3.7635956,1.0,3,3,1.0,2,2,1.0
327171,test,a32_33,3.3666098,0.0,1.0,3,2,1.0,2,2,1.0
327172,test,a32_33,2.5759337,3.306851,1.0,3,3,1.0,2,2,1.0
331005,test,a32_33,3.853681,4.197571,1.0,3,3,1.0,6,2,1.0
344178,test,a32_33,2.938769,3.281228,1.0,3,3,1.0,2,2,1.0
461030,test,a32_33,3.5702796,3.5299022,1.0,3,3,1.0,2,2,1.0
486004,test,a32_33,3.4922996,3.690261,1.0,3,3,1.0,2,2,1.0
563183,test,a32_33,0.884552,0.0008918604,1.0,2,3,1.0,2,2,1.0
577004,test,a32_33,2.606163,2.5712075,1.0,3,3,1.0,2,2,1.0
607030,test,a32_33,3.708464,3.6452837,1.0,3,3,1.0,2,2,1.0
613173,test,a32_33,3.2680287,4.1078057,1.0,3,3,1.0,2,2,1.0
634008,test,a32_33,3.352577,3.3915641,1.0,3,2,1.0,2,4,1.0
652005,test,a32_33,3.1595736,3.5727725,1.0,3,3,1.0,2,2,1.0
672003,test,a32_33,0.8224431,3.0547795,1.0,2,3,1.0,2,2,1.0
691175,test,a32_33,3.3989272,0.0,1.0,3,3,1.0,2,2,1.0
699031,test,a32_33,2.1734424,3.1536906,1.0,3,2,1.0,6,6,1.0
722178,test,a32_33,0.8381959,0.5729554,1.0,2,3,1.0,2,2,1.0
771003,test,a32_33,2.8628263,3.360967,1.0,3,3,1.0,2,4,1.0
775005,test,a32_33,3.5078,3.814005,1.0,3,3,1.0,6,2,1.0
796006,test,a32_33,3.3863637,3.19808,1.0,3,3,1.0,6,6,1.0
844003,test,a32_33,2.8633883,3.7556844,1.0,3,3,1.0,2,2,1.0
863006,test,a32_33,3.281159,3.7389832,1.0,3,3,1.0,2,2,1.0
863173,test,a32_33,3.3413682,2.8179777,1.0,3,3,1.0,2,2,1.0
866172,test,a32_33,2.9983692,2.6271625,1.0,3,2,1.0,6,6,1.0
868005,test,a32_33,3.5546207,3.4759133,1.0,3,3,1.0,2,2,1.0
875030,test,a32_33,1.0693622,0.0,1.0,2,2,1.0,2,2,1.0
897006,test,a32_33,2.8709311,0.9259037,1.0,3,2,1.0,2,3,1.0
922171,test,a32_33,3.1870718,3.2271986,1.0,3,3,1.0,2,2,1.0
934030,test,a32_33,3.5227242,4.169727,1.0,3,3,1.0,2,2,1.0
935005,test,a32_33,1.9897926,1.9715426,1.0,3,3,1.0,2,2,1.0
935176,test,a32_33,3.5013084,2.686293,1.0,3,3,1.0,2,2,1.0
939030,test,a32_33,3.6665268,4.2601495,1.0,3,3,1.0,6,2,1.0
964003,test,a32_33,1.0319101,0.48986647,1.0,2,2,1.0,6,6,1.0
970004,test,a32_33,3.584171,3.9415355,1.0,3,3,1.0,2,2,1.0
982004,test,a32_33,3.1078775,3.577894,1.0,3,3,1.0,2,4,1.0
1033030,test,a32_33,3.4331665,3.3248508,1.0,3,3,1.0,2,4,1.0
1036003,test,a32_33,3.8206198,3.242958,1.0,3,3,1.0,2,2,1.0
1048006,test,a32_33,2.513329,2.5528998,1.0,3,3,1.0,2,2,1.0
1055172,test,a32_33,1.2219301,2.4084587,1.0,3,3,1.0,2,2,1.0
1060175,test,a32_33,3.1765397,3.5963154,1.0,3,3,1.0,2,2,1.0
1064171,test,a32_33,3.6586537,4.3601055,1.0,3,3,1.0,2,2,1.0
1072171,test,a32_33,3.4190226,3.6353216,1.0,3,3,1.0,2,2,1.0
1084175,test,a32_33,2.7584183,0.0,1.0,3,2,1.0,2,2,1.0
1100172,test,a32_33,2.8361619,3.3882806,1.0,3,3,1.0,2,2,1.0
1141171,test,a32_33,2.2549381,1.0577683,1.0,3,3,1.0,2,4,1.0
1142030,test,a32_33,3.57417,3.4778206,1.0,3,2,1.0,2,2,1.0
1144032,test,a32_33,3.5775044,3.9998453,1.0,3,3,1.0,2,2,1.0
1149171,test,a32_33,3.0268402,3.3627808,1.0,3,3,1.0,6,2,1.0
1162030,test,a32_33,3.0867102,3.2774415,1.0,3,3,1.0,2,2,1.0
1167030,test,a32_33,0.87041724,1.6452125,1.0,2,2,1.0,6,6,1.0
1168008,test,a32_33,1.3966873,3.6681044,1.0,2,3,1.0,2,3,1.0
1222179,test,a32_33,2.5396469,2.62906,1.0,3,3,1.0,2,2,1.0
1260008,test,a32_33,2.9264648,3.0003862,1.0,3,3,1.0,2,2,1.0
1269030,test,a32_33,3.0704317,3.8594756,1.0,3,3,1.0,2,2,1.0
1292030,test,a32_33,3.1850982,3.3685656,1.0,3,3,1.0,2,2,1.0
1298005,test,a32_33,2.38364,3.0073462,1.0,3,3,1.0,2,2,1.0
1306030,test,a32_33,4.371726,4.845492,1.0,3,3,1.0,2,2,1.0
1335179,test,a32_33,2.609543,3.2921014,1.0,3,3,1.0,2,2,1.0
1353030,test,a32_33,1.1253105,0.0,1.0,2,2,1.0,2,2,1.0
1384030,test,a32_33,3.1767335,3.4832323,1.0,3,3,1.0,2,2,1.0
1399008,test,a32_33,2.6007833,2.609165,1.0,3,2,1.0,2,4,1.0
1415004,test,a32_33,2.2860415,2.7626214,1.0,3,3,1.0,2,2,1.0
1430005,test,a32_33,1.6813263,3.35943,1.0,3,3,1.0,6,6,1.0
1431003,test,a32_33,3.7940588,3.793413,1.0,3,3,1.0,2,2,1.0
1431004,test,a32_33,3.1028268,0.0,1.0,3,2,1.0,2,2,1.0
1431172,test,a32_33,3.863987,4.257112,1.0,3,3,1.0,2,2,1.0
1462004,test,a32_33,1.9382801,4.6827054,1.0,3,3,1.0,2,2,1.0
1520173,test,a32_33,3.4525082,3.8655198,1.0,3,3,1.0,2,2,1.0
1522175,test,a32_33,3.3677673,4.128193,1.0,3,3,1.0,2,2,1.0
1542006,test,a32_33,3.0134861,3.1334329,1.0,3,3,1.0,2,2,1.0
1542177,test,a32_33,3.4589856,3.5846753,1.0,3,3,1.0,2,2,1.0
1567031,test,a32_33,3.4875817,3.6204543,1.0,3,3,1.0,6,6,1.0
1608031,test,a32_33,3.3596773,3.9165187,1.0,3,3,1.0,2,2,1.0
1612003,test,a32_33,3.629908,3.0623057,1.0,3,3,1.0,2,2,1.0
1621003,test,a32_33,2.0693579,2.9558797,1.0,3,3,1.0,2,2,1.0
1648003,test,a32_33,3.332858,3.4529707,1.0,3,3,1.0,2,2,1.0
1648030,test,a32_33,3.2064404,2.149199,1.0,3,3,1.0,6,6,1.0
1670172,test,a32_33,2.6030068,2.9805765,1.0,3,3,1.0,2,2,1.0
1684170,test,a32_33,0.8038008,1.0173271,1.0,2,2,1.0,2,2,1.0
1690030,test,a32_33,3.618894,4.7354703,1.0,3,3,1.0,2,3,1.0
1692176,test,a32_33,3.3950694,0.0,0.0,3,-1,0.0,2,-1,0.0
1695030,test,a32_33,2.9669094,3.6850972,1.0,3,3,1.0,6,2,1.0
1697036,test,a32_33,3.162653,1.4949695,1.0,3,3,1.0,6,2,1.0
1698170,test,a32_33,2.7214406,1.139272,1.0,3,2,1.0,2,2,1.0
1700031,test,a32_33,3.0950618,4.201887,1.0,3,3,1.0,2,4,1.0
1701003,test,a32_33,3.384142,3.60501,1.0,3,3,1.0,6,6,1.0
1711003,test,a32_33,2.403572,2.810277,1.0,3,3,1.0,2,2,1.0
1711171,test,a32_33,3.123265,3.8577616,1.0,3,3,1.0,2,2,1.0
1732005,test,a32_33,2.3733225,2.342187,1.0,3,3,1.0,6,2,1.0
1762187,test,a32_33,1.7584654,1.8211237,1.0,3,2,1.0,2,2,1.0
1786187,test,a32_33,3.088631,3.1765072,1.0,3,3,1.0,2,2,1.0
1837006,test,a32_33,3.4726033,3.6559155,1.0,3,3,1.0,2,2,1.0
1850172,test,a32_33,1.4574411,2.5812435,1.0,3,3,1.0,2,2,1.0
1878030,test,a32_33,2.7758527,3.4057453,1.0,3,3,1.0,2,4,1.0
1879030,test,a32_33,3.2882771,4.3343844,1.0,3,3,1.0,2,3,1.0
1905004,test,a32_33,3.641408,3.8433187,1.0,3,3,1.0,2,2,1.0
1919009,test,a32_33,3.23639,3.1504118,1.0,3,3,1.0,2,2,1.0
1935004,test,a32_33,2.3350043,0.0,1.0,3,2,1.0,2,2,1.0
1936030,test,a32_33,2.619745,0.0,1.0,3,2,1.0,2,2,1.0
1978171,test,a32_33,2.5824003,1.6958811,1.0,3,3,1.0,2,2,1.0
2030031,test,a32_33,3.1875815,3.6641996,1.0,3,3,1.0,6,2,1.0
2117003,test,a32_33,2.8665216,2.5893922,1.0,3,2,1.0,2,2,1.0
2150172,test,a32_33,1.2875503,1.3598045,1.0,3,3,1.0,2,2,1.0
2199182,test,a32_33,2.9693651,3.9495156,1.0,3,3,1.0,2,2,1.0
2206030,test,a32_33,3.272248,4.886779,1.0,3,3,1.0,2,2,1.0
2212031,test,a32_33,3.8947554,4.483134,1.0,3,3,1.0,6,2,1.0
2238004,test,a32_33,3.222273,3.472241,1.0,3,3,1.0,2,2,1.0
2238172,test,a32_33,3.1133442,3.5254576,1.0,3,3,1.0,2,2,1.0
2252172,test,a32_33,2.8899343,2.3470397,1.0,3,3,1.0,2,2,1.0
2255030,test,a32_33,4.376871,4.876434,1.0,3,3,1.0,2,2,1.0
2277008,test,a32_33,2.571295,2.5990877,1.0,3,3,1.0,2,2,1.0
2311172,test,a32_33,2.2159991,1.0779065,1.0,3,2,1.0,2,2,1.0
2330003,test,a32_33,3.7435925,4.301492,1.0,3,3,1.0,6,6,1.0
2338003,test,a32_33,3.498663,4.023426,1.0,3,3,1.0,6,6,1.0
2341004,test,a32_33,3.3533697,3.4735646,1.0,3,3,1.0,2,2,1.0
2341005,test,a32_33,2.478295,0.8661617,1.0,3,3,1.0,2,2,1.0
2354004,test,a32_33,1.4703139,2.448841,1.0,3,3,1.0,2,2,1.0
2392004,test,a32_33,2.0024314,2.7262917,1.0,3,3,1.0,2,2,1.0
2393005,test,a32_33,4.0015554,4.0622745,1.0,3,3,1.0,2,3,1.0
2393171,test,a32_33,2.4474418,1.606789,1.0,3,3,1.0,2,2,1.0
2409006,test,a32_33,2.9346106,0.0,0.0,3,-1,0.0,2,-1,0.0
2409171,test,a32_33,2.934486,0.0,0.0,3,-1,0.0,2,-1,0.0
2422178,test,a32_33,3.4183173,3.2781074,1.0,3,3,1.0,2,2,1.0
2459030,test,a32_33,2.9530528,3.753117,1.0,3,3,1.0,2,4,1.0
2474030,test,a32_33,3.3526893,4.23237,1.0,3,3,1.0,2,2,1.0
2474171,test,a32_33,1.9178513,1.367364,1.0,3,3,1.0,2,2,1.0
2485173,test,a32_33,2.8408833,1.1069015,1.0,3,3,1.0,2,4,1.0
2496172,test,a32_33,2.487863,3.6005192,1.0,3,3,1.0,2,2,1.0
2502005,test,a32_33,3.081638,2.9134128,1.0,3,3,1.0,2,2,1.0
2510171,test,a32_33,3.1745107,3.5230017,1.0,3,3,1.0,2,2,1.0
2525174,test,a32_33,3.0781417,3.8745465,1.0,3,3,1.0,2,2,1.0
2530184,test,a32_33,2.7629154,2.973692,1.0,3,3,1.0,2,2,1.0
2547171,test,a32_33,3.7380226,4.052104,1.0,3,3,1.0,2,2,1.0
2580030,test,a32_33,4.23556,4.886779,1.0,3,3,1.0,2,2,1.0
2593171,test,a32_33,3.4166245,4.246229,1.0,3,3,1.0,2,2,1.0
2615031,test,a32_33,3.4745376,3.44694,1.0,3,3,1.0,2,2,1.0
2642030,test,a32_33,2.614327,2.8015413,1.0,3,3,1.0,2,2,1.0
2655002,test,a32_33,0.98419213,0.0,1.0,2,2,1.0,2,2,1.0
2705031,test,a32_33,3.5754771,3.306851,1.0,3,3,1.0,2,4,1.0
2707179,test,a32_33,2.914414,2.8268414,1.0,3,3,1.0,2,2,1.0
2714031,test,a32_33,3.3974235,0.0,0.0,3,3,1.0,2,2,1.0
2717004,test,a32_33,3.46948,3.742696,1.0,3,3,1.0,2,2,1.0
2738171,test,a32_33,3.4587843,4.886779,1.0,3,3,1.0,2,2,1.0
2794003,test,a32_33,3.618678,3.8923466,1.0,3,2,1.0,6,2,1.0
2845030,test,a32_33,3.0121355,3.2903967,1.0,3,3,1.0,6,4,1.0
2847030,test,a32_33,2.4602332,3.456708,1.0,3,3,1.0,4,6,1.0
2848174,test,a32_33,1.909153,1.0409111,1.0,3,2,1.0,6,6,1.0
2852006,test,a32_33,0.8673738,2.1415117,1.0,2,3,1.0,2,2,1.0
2852030,test,a32_33,3.28014,2.0998244,1.0,3,3,1.0,2,2,1.0
2869170,test,a32_33,3.2417445,3.6555576,1.0,3,3,1.0,2,2,1.0
2897006,test,a32_33,3.029345,2.8197732,1.0,3,3,1.0,6,6,1.0
2900171,test,a32_33,3.4663653,3.8746612,1.0,3,3,1.0,2,2,1.0
2907006,test,a32_33,2.9290032,2.623763,1.0,3,3,1.0,2,2,1.0
2920030,test,a32_33,3.2899976,3.4575856,1.0,3,3,1.0,6,2,1.0
3107001,test,a32_33,3.3777018,3.231012,1.0,3,3,1.0,2,2,1.0
3137007,test,a32_33,2.4347425,2.48373,1.0,3,3,1.0,6,6,1.0
3283002,test,a32_33,3.5516603,4.0583324,1.0,3,3,1.0,2,6,1.0
3492001,test,a32_33,3.2590451,4.1102557,1.0,3,3,1.0,6,6,1.0
5016170,test,a32_33,2.789484,2.6426997,1.0,3,3,1.0,2,4,1.0
5082003,test,a32_33,3.3441625,3.5662766,1.0,3,3,1.0,6,2,1.0
5145032,test,a32_33,3.131733,3.616172,1.0,3,3,1.0,6,6,1.0
5163030,test,a32_33,3.2210813,2.769646,1.0,3,3,1.0,2,3,1.0
5177171,test,a32_33,1.5286752,0.41334957,1.0,3,3,1.0,6,6,1.0
5199178,test,a32_33,2.7792664,3.096526,1.0,3,3,1.0,2,2,1.0
5241030,test,a32_33,2.939443,3.5277414,1.0,3,3,1.0,2,6,1.0
5264004,test,a32_33,3.2229657,3.264431,1.0,3,3,1.0,2,2,1.0
5294003,test,a32_33,3.6199014,3.6584685,1.0,3,3,1.0,2,2,1.0
5299172,test,a32_33,2.932876,2.760259,1.0,3,3,1.0,2,2,1.0
5306002,test,a32_33,2.2609959,0.919919,1.0,3,2,1.0,6,6,1.0
5350030,test,a32_33,2.4709566,2.5756848,1.0,3,3,1.0,2,6,1.0
5364006,test,a32_33,3.2021084,0.0,0.0,3,-1,0.0,6,-1,0.0
5366033,test,a32_33,2.8370361,3.3051815,1.0,3,3,1.0,6,6,1.0
5406173,test,a32_33,2.815961,3.5137413,1.0,3,3,1.0,2,3,1.0
5424030,test,a32_33,1.5771854,2.0490751,1.0,3,3,1.0,6,6,1.0
5425003,test,a32_33,1.76158,0.72459835,1.0,3,2,1.0,2,2,1.0
5430031,test,a32_33,2.024689,0.0,1.0,3,2,1.0,6,6,1.0
5430171,test,a32_33,2.4940827,2.512427,1.0,3,3,1.0,6,6,1.0
5443007,test,a32_33,1.7848258,2.1780865,1.0,3,3,1.0,2,2,1.0
5464032,test,a32_33,2.5976148,2.7760577,1.0,3,3,1.0,2,2,1.0
5488007,test,a32_33,2.6288595,2.1782289,1.0,3,3,1.0,2,2,1.0
5494005,test,a32_33,2.7866066,0.63777095,1.0,3,3,1.0,6,6,1.0
5513030,test,a32_33,3.0226908,2.4798064,1.0,3,3,1.0,6,6,1.0
5549006,test,a32_33,2.4983325,2.637893,1.0,3,3,1.0,2,3,1.0
5553173,test,a32_33,3.298141,3.935453,1.0,3,3,1.0,2,2,1.0
5560186,test,a32_33,3.3501163,3.2524583,1.0,3,3,1.0,2,2,1.0
5569009,test,a32_33,2.9707673,2.2377331,1.0,3,3,1.0,2,2,1.0
5570010,test,a32_33,3.2738495,3.5858245,1.0,3,3,1.0,2,4,1.0
5570012,test,a32_33,2.5985603,2.6474972,1.0,3,3,1.0,2,6,1.0
5570033,test,a32_33,3.404977,3.3018157,1.0,3,3,1.0,2,2,1.0
5576031,test,a32_33,2.6618633,2.9333522,1.0,3,3,1.0,2,2,1.0
5614005,test,a32_33,2.3823473,2.8111508,1.0,3,3,1.0,4,3,1.0
5615010,test,a32_33,3.0199757,3.3717976,1.0,3,3,1.0,6,2,1.0
5615181,test,a32_33,3.3343678,3.4054897,1.0,3,3,1.0,2,2,1.0
5621170,test,a32_33,3.0179944,3.0953097,1.0,3,3,1.0,2,2,1.0
5626010,test,a32_33,2.8949046,3.139954,1.0,3,3,1.0,2,2,1.0
5634188,test,a32_33,3.3767998,3.7881985,1.0,3,3,1.0,2,5,1.0
5635031,test,a32_33,3.182935,2.7840075,1.0,3,3,1.0,2,2,1.0
5646006,test,a32_33,1.1115241,0.77602905,1.0,2,2,1.0,6,6,1.0
5660005,test,a32_33,2.9603224,3.4027286,1.0,3,3,1.0,2,2,1.0
5664003,test,a32_33,1.2254622,1.7976818,1.0,2,3,1.0,6,6,1.0
5676007,test,a32_33,3.1095908,3.7587788,1.0,3,3,1.0,2,4,1.0
5678030,test,a32_33,2.5870812,2.4192536,1.0,3,2,1.0,6,6,1.0
5684034,test,a32_33,3.6530697,1.4764752,1.0,3,3,1.0,2,2,1.0
5784005,test,a32_33,1.0096335,0.0,1.0,2,2,1.0,6,6,1.0
5819005,test,a32_33,1.3032833,1.068429,1.0,2,2,1.0,6,6,1.0
5821008,test,a32_33,2.5789099,2.9484503,1.0,3,3,1.0,2,2,1.0
5863033,test,a32_33,0.90544045,2.2928271,1.0,2,3,1.0,6,6,1.0
5921003,test,a32_33,2.2552633,3.0847182,1.0,3,3,1.0,6,6,1.0
5922010,test,a32_33,3.1579072,2.9869597,1.0,3,3,1.0,6,6,1.0
5938031,test,a32_33,2.6392126,0.0,1.0,3,2,1.0,6,6,1.0
5960033,test,a32_33,2.6356063,2.8474362,1.0,3,3,1.0,6,3,1.0
5995005,test,a32_33,1.5635098,0.21103315,1.0,2,2,1.0,6,6,1.0
6028032,test,a32_33,2.2940173,2.8268414,1.0,3,3,1.0,6,6,1.0
6030005,test,a32_33,3.5007443,3.4111378,1.0,3,3,1.0,6,6,1.0
6030008,test,a32_33,3.3490036,3.602513,1.0,3,3,1.0,6,6,1.0
6093006,test,a32_33,0.8155705,1.3977581,1.0,2,2,1.0,6,6,1.0
6093011,test,a32_33,2.24924,2.5990877,1.0,3,3,1.0,6,6,1.0
6114182,test,a32_33,2.4982364,2.8005123,1.0,3,3,1.0,2,3,1.0
6120195,test,a32_33,1.5435975,0.0,1.0,2,2,1.0,2,2,1.0
6121030,test,a32_33,2.9596455,3.6708767,1.0,3,3,1.0,6,6,1.0
6179003,test,a32_33,3.4245794,3.426249,1.0,3,3,1.0,2,2,1.0
6179170,test,a32_33,0.79684114,0.2411282,1.0,2,2,1.0,2,2,1.0
6191006,test,a32_33,2.9213436,3.4436505,1.0,3,3,1.0,6,2,1.0
6200175,test,a32_33,3.5506592,2.5210872,1.0,3,3,1.0,2,2,1.0
6210007,test,a32_33,3.7495546,0.0,0.0,3,-1,0.0,6,-1,0.0
6210008,test,a32_33,2.9260097,1.382737,1.0,3,2,1.0,6,6,1.0
6350007,test,a32_33,2.3500197,1.2189263,1.0,3,2,1.0,6,6,1.0
6365010,test,a32_33,0.7540804,2.0176098,1.0,2,3,1.0,6,6,1.0
6365011,test,a32_33,1.6392517,2.6077433,1.0,3,3,1.0,3,2,1.0
6365177,test,a32_33,2.30668,2.7674904,1.0,3,3,1.0,2,2,1.0
6381008,test,a32_33,2.9677799,0.0,0.0,3,-1,0.0,2,-1,0.0
6444003,test,a32_33,2.1886024,3.1936855,1.0,3,3,1.0,2,2,1.0
6475006,test,a32_33,0.89782417,1.2301495,1.0,2,3,1.0,6,6,1.0
6475007,test,a32_33,0.74724126,1.8487327,1.0,2,2,1.0,6,6,1.0
6509004,test,a32_33,2.6015673,3.8708656,1.0,3,3,1.0,6,6,1.0
6545008,test,a32_33,3.647416,4.3289056,1.0,3,3,1.0,6,6,1.0
6571003,test,a32_33,2.8815892,3.5926886,1.0,3,3,1.0,6,6,1.0
6635009,test,a32_33,0.8770927,0.0,1.0,2,2,1.0,6,4,1.0
6663030,test,a32_33,3.6849165,3.800088,1.0,3,3,1.0,6,6,1.0
6674003,test,a32_33,2.8574126,3.4202895,1.0,3,3,1.0,2,2,1.0
6674005,test,a32_33,3.3115072,3.4833505,1.0,3,3,1.0,2,2,1.0
6736181,test,a32_33,2.5947049,0.0,0.0,3,-1,0.0,2,-1,0.0
6740003,test,a32_33,2.3812685,2.884239,1.0,3,3,1.0,2,2,1.0
6769008,test,a32_33,2.3815176,0.8178876,1.0,3,3,1.0,2,3,1.0
6779033,test,a32_33,0.9054948,1.8801916,1.0,3,2,1.0,6,6,1.0
6820030,test,a32_33,2.82626,1.6985121,1.0,3,2,1.0,6,6,1.0
6843006,test,a32_33,0.8312495,0.0,1.0,2,2,1.0,6,6,1.0
6857006,test,a32_33,3.194054,2.6426997,1.0,3,3,1.0,2,3,1.0
6030,test,a34_35,3.4609628,3.5367897,1.0,3,3,1.0,2,2,1.0
10030,test,a34_35,3.592046,4.673836,1.0,3,3,1.0,6,2,1.0
41008,test,a34_35,2.0450435,0.0,1.0,3,2,1.0,6,2,1.0
68003,test,a34_35,3.6118562,3.2616544,1.0,3,3,1.0,2,2,1.0
127030,test,a34_35,3.3518338,3.1696036,1.0,3,3,1.0,6,2,1.0
127031,test,a34_35,3.499465,4.0902915,1.0,3,3,1.0,6,2,1.0
129031,test,a34_35,1.675674,1.0162153,1.0,2,3,1.0,6,2,1.0
129196,test,a34_35,2.5031872,3.4254856,1.0,3,3,1.0,2,2,1.0
165030,test,a34_35,3.2664323,3.7463372,1.0,3,3,1.0,6,2,1.0
284004,test,a34_35,3.996552,4.32185,1.0,3,3,1.0,2,2,1.0
301032,test,a34_35,3.8645582,3.9348762,1.0,3,3,1.0,2,6,1.0
327003,test,a34_35,3.0262127,3.8840168,1.0,3,3,1.0,2,2,1.0
327171,test,a34_35,3.2495863,0.0,1.0,3,2,1.0,2,2,1.0
327172,test,a34_35,2.5985334,3.5017936,1.0,3,3,1.0,2,2,1.0
331005,test,a34_35,3.7499826,4.082121,1.0,3,2,1.0,6,2,1.0
344178,test,a34_35,2.8961918,3.2559896,1.0,3,3,1.0,2,2,1.0
461030,test,a34_35,3.5405312,3.3020296,1.0,3,3,1.0,2,2,1.0
486004,test,a34_35,3.4043615,3.745459,1.0,3,3,1.0,2,2,1.0
563183,test,a34_35,1.2144349,3.2996137,1.0,2,3,1.0,2,2,1.0
577004,test,a34_35,2.5648682,2.9370773,1.0,3,3,1.0,2,2,1.0
607030,test,a34_35,3.6874616,3.7506254,1.0,3,3,1.0,2,2,1.0
613173,test,a34_35,3.2076883,4.4183064,1.0,3,3,1.0,2,2,1.0
634008,test,a34_35,3.2263453,3.5026178,1.0,3,3,1.0,2,6,1.0
652005,test,a34_35,3.1158938,3.2600136,1.0,3,3,1.0,2,2,1.0
672003,test,a34_35,1.4166723,3.0886452,1.0,2,3,1.0,2,2,1.0
691175,test,a34_35,3.2849708,2.0974402,1.0,3,3,1.0,2,2,1.0
699031,test,a34_35,2.4124243,3.2485132,1.0,3,3,1.0,6,6,1.0
722178,test,a34_35,1.1713316,0.90117526,1.0,2,2,1.0,2,2,1.0
771003,test,a34_35,2.837559,3.0115244,1.0,3,3,1.0,2,2,1.0
775005,test,a34_35,3.463674,3.5560908,1.0,3,3,1.0,2,2,1.0
796006,test,a34_35,3.3700435,2.8919485,1.0,3,3,1.0,6,6,1.0
844003,test,a34_35,2.9572048,3.629688,1.0,3,3,1.0,2,2,1.0
863006,test,a34_35,3.1632452,3.2548606,1.0,3,2,1.0,2,2,1.0
863173,test,a34_35,3.3701696,3.5450659,1.0,3,3,1.0,2,2,1.0
866172,test,a34_35,3.0454981,2.3603847,1.0,3,3,1.0,6,6,1.0
868005,test,a34_35,3.5117917,3.578231,1.0,3,3,1.0,2,2,1.0
875030,test,a34_35,1.4486657,0.0,1.0,2,2,1.0,2,2,1.0
897006,test,a34_35,2.9332323,2.946233,1.0,3,3,1.0,2,4,1.0
922171,test,a34_35,3.2197745,3.7955704,1.0,3,3,1.0,2,2,1.0
934030,test,a34_35,3.486854,4.2341943,1.0,3,3,1.0,2,2,1.0
935005,test,a34_35,2.1465364,2.2448769,1.0,3,3,1.0,2,2,1.0
935176,test,a34_35,3.4812965,3.2378259,1.0,3,3,1.0,2,2,1.0
939030,test,a34_35,3.5327442,0.08555014,1.0,3,2,1.0,2,2,1.0
964003,test,a34_35,1.3133171,0.82413214,1.0,2,2,1.0,6,6,1.0
970004,test,a34_35,3.5096629,3.9748664,1.0,3,3,1.0,2,2,1.0
982004,test,a34_35,3.1400974,3.7351284,1.0,3,3,1.0,2,4,1.0
1033030,test,a34_35,3.5034316,3.3329153,1.0,3,3,1.0,2,2,1.0
1036003,test,a34_35,3.8108964,3.2967014,1.0,3,3,1.0,2,2,1.0
1048006,test,a34_35,2.5206418,0.0,1.0,3,2,1.0,2,2,1.0
1055172,test,a34_35,1.5038544,3.521578,1.0,3,3,1.0,2,4,1.0
1060175,test,a34_35,3.0875168,3.1174548,1.0,3,3,1.0,2,2,1.0
1064171,test,a34_35,3.60094,0.0,1.0,3,3,1.0,2,2,1.0
1072171,test,a34_35,3.4081032,3.370511,1.0,3,3,1.0,2,2,1.0
1084175,test,a34_35,2.728444,0.0,1.0,3,2,1.0,2,2,1.0
1100172,test,a34_35,2.8225746,3.6426375,1.0,3,3,1.0,2,2,1.0
1141171,test,a34_35,2.1424716,1.1201222,1.0,3,2,1.0,2,4,1.0
1142030,test,a34_35,3.5235834,3.153995,1.0,3,2,1.0,2,2,1.0
1144032,test,a34_35,3.5831025,3.9447289,1.0,3,3,1.0,2,2,1.0
1149171,test,a34_35,3.0878623,3.6550784,1.0,3,3,1.0,2,2,1.0
1162030,test,a34_35,3.076735,3.4707472,1.0,3,3,1.0,2,4,1.0
1167030,test,a34_35,1.1629635,1.1457466,1.0,2,2,1.0,6,6,1.0
1168008,test,a34_35,1.5259848,3.1447468,1.0,3,3,1.0,2,3,1.0
1222179,test,a34_35,2.5633614,2.810277,1.0,3,3,1.0,2,2,1.0
1260008,test,a34_35,2.97517,2.9488564,1.0,3,3,1.0,2,2,1.0
1269030,test,a34_35,3.2228568,4.2420487,1.0,3,3,1.0,2,4,1.0
1292030,test,a34_35,3.1770852,3.1872697,1.0,3,3,1.0,2,3,1.0
1298005,test,a34_35,2.5322542,3.1977408,1.0,3,3,1.0,2,2,1.0
1306030,test,a34_35,4.290475,4.8005466,1.0,3,3,1.0,2,2,1.0
1335179,test,a34_35,2.627582,3.3347914,1.0,3,3,1.0,2,2,1.0
1353030,test,a34_35,1.4816186,0.0,1.0,3,2,1.0,2,2,1.0
1384030,test,a34_35,3.4235158,3.59953,1.0,3,3,1.0,2,2,1.0
1399008,test,a34_35,2.635829,2.624538,1.0,3,3,1.0,2,4,1.0
1415004,test,a34_35,2.251318,2.663206,1.0,3,3,1.0,2,2,1.0
1430005,test,a34_35,2.0021586,2.0200462,1.0,3,3,1.0,6,6,1.0
1431003,test,a34_35,3.6552315,3.7301474,1.0,3,3,1.0,2,2,1.0
1431004,test,a34_35,3.0190234,0.0,1.0,3,2,1.0,2,2,1.0
1431172,test,a34_35,3.7772472,4.886779,1.0,3,2,1.0,2,2,1.0
1462004,test,a34_35,2.1803272,3.378522,1.0,3,3,1.0,2,2,1.0
1520173,test,a34_35,3.4380066,3.9266827,1.0,3,3,1.0,2,2,1.0
1522175,test,a34_35,3.2508912,4.5377207,1.0,3,3,1.0,2,2,1.0
1542006,test,a34_35,2.9322326,3.5747643,1.0,3,3,1.0,2,2,1.0
1542177,test,a34_35,3.473124,3.8778384,1.0,3,3,1.0,2,2,1.0
1567031,test,a34_35,3.5180655,3.6260033,1.0,3,3,1.0,2,6,1.0
1608031,test,a34_35,3.3558283,3.8359485,1.0,3,3,1.0,2,3,1.0
1612003,test,a34_35,3.6170824,3.2975547,1.0,3,3,1.0,2,2,1.0
1621003,test,a34_35,2.119583,3.2045677,1.0,3,3,1.0,2,2,1.0
1648003,test,a34_35,3.3856354,3.0027869,1.0,3,3,1.0,2,2,1.0
1648030,test,a34_35,3.2862816,2.0603547,1.0,3,3,1.0,6,6,1.0
1670172,test,a34_35,2.5457625,3.0779936,1.0,3,3,1.0,2,2,1.0
1684170,test,a34_35,1.1305119,0.0,1.0,2,3,1.0,2,2,1.0
1690030,test,a34_35,3.593992,4.0259957,1.0,3,3,1.0,2,4,1.0
1692176,test,a34_35,3.3924098,0.0,0.0,3,-1,0.0,2,-1,0.0
1695030,test,a34_35,2.9428194,3.2234797,1.0,3,3,1.0,6,2,1.0
1697036,test,a34_35,3.2327662,3.0575554,1.0,3,3,1.0,6,2,1.0
1698170,test,a34_35,2.731945,2.4663796,1.0,3,3,1.0,2,2,1.0
1700031,test,a34_35,3.1765158,2.600042,1.0,3,2,1.0,2,4,1.0
1701003,test,a34_35,3.270966,3.7449346,1.0,3,3,1.0,6,6,1.0
1711003,test,a34_35,2.392207,2.4021344,1.0,3,3,1.0,2,2,1.0
1711171,test,a34_35,3.1384215,0.0,0.0,3,-1,0.0,2,-1,0.0
1732005,test,a34_35,2.2398357,2.4728203,1.0,3,2,1.0,6,4,1.0
1762187,test,a34_35,1.9694755,0.0,1.0,3,2,1.0,2,2,1.0
1786187,test,a34_35,3.1446054,3.3312128,1.0,3,3,1.0,2,2,1.0
1837006,test,a34_35,3.4476633,3.3800976,1.0,3,3,1.0,2,2,1.0
1850172,test,a34_35,1.6966374,3.1974778,1.0,3,3,1.0,2,2,1.0
1878030,test,a34_35,3.031523,3.8423843,1.0,3,3,1.0,2,4,1.0
1879030,test,a34_35,3.4046345,3.960946,1.0,3,3,1.0,2,4,1.0
1905004,test,a34_35,3.646913,3.6536653,1.0,3,3,1.0,2,2,1.0
1919009,test,a34_35,3.3269582,0.0,1.0,3,2,1.0,2,2,1.0
1935004,test,a34_35,2.154273,2.810277,1.0,3,3,1.0,2,2,1.0
1936030,test,a34_35,2.6727853,0.0,1.0,3,2,1.0,2,2,1.0
1978171,test,a34_35,2.6113842,2.3303957,1.0,3,3,1.0,2,2,1.0
2030031,test,a34_35,3.2885933,3.929022,1.0,3,3,1.0,2,2,1.0
2117003,test,a34_35,2.8743603,0.0,1.0,3,3,1.0,2,2,1.0
2150172,test,a34_35,1.5644846,1.9371668,1.0,3,3,1.0,2,2,1.0
2199182,test,a34_35,3.0131772,4.0530524,1.0,3,3,1.0,2,2,1.0
2206030,test,a34_35,3.225628,3.4664924,1.0,3,3,1.0,2,2,1.0
2212031,test,a34_35,3.766751,4.7276397,1.0,3,3,1.0,2,2,1.0
2238004,test,a34_35,3.1987355,3.4629118,1.0,3,3,1.0,2,2,1.0
2238172,test,a34_35,3.047223,0.0,0.0,3,-1,0.0,2,-1,0.0
2252172,test,a34_35,2.9750128,2.8005908,1.0,3,3,1.0,2,2,1.0
2255030,test,a34_35,4.279275,4.8156514,1.0,3,3,1.0,2,2,1.0
2277008,test,a34_35,2.6212525,2.5626314,1.0,3,3,1.0,2,2,1.0
2311172,test,a34_35,2.3280327,1.5610666,1.0,3,2,1.0,2,2,1.0
2330003,test,a34_35,3.7393715,4.2113166,1.0,3,3,1.0,2,2,1.0
2338003,test,a34_35,3.530108,4.046953,1.0,3,3,1.0,2,6,1.0
2341004,test,a34_35,3.2415395,3.563381,1.0,3,2,1.0,2,4,1.0
2341005,test,a34_35,2.506556,0.0,1.0,3,3,1.0,2,2,1.0
2354004,test,a34_35,1.6838422,2.3899386,1.0,3,3,1.0,2,2,1.0
2392004,test,a34_35,2.1302147,2.9586284,1.0,3,3,1.0,2,2,1.0
2393005,test,a34_35,3.9499023,3.8332024,1.0,3,3,1.0,2,2,1.0
2393171,test,a34_35,2.5679634,3.5780287,1.0,3,3,1.0,2,2,1.0
2409006,test,a34_35,2.933413,2.7969706,1.0,3,3,1.0,2,2,1.0
2409171,test,a34_35,2.8933897,2.0512705,1.0,3,2,1.0,2,2,1.0
2422178,test,a34_35,3.405695,3.4795048,1.0,3,3,1.0,2,2,1.0
2459030,test,a34_35,3.1508613,3.9479196,1.0,3,3,1.0,2,4,1.0
2474030,test,a34_35,3.3557022,3.3850226,1.0,3,3,1.0,2,2,1.0
2474171,test,a34_35,2.1107388,1.4149004,1.0,3,3,1.0,2,2,1.0
2485173,test,a34_35,2.812635,2.4313986,1.0,3,3,1.0,2,6,1.0
2496172,test,a34_35,2.6229699,3.916388,1.0,3,3,1.0,2,4,1.0
2502005,test,a34_35,3.0395117,3.1504118,1.0,3,3,1.0,2,2,1.0
2510171,test,a34_35,3.0909104,3.625488,1.0,3,3,1.0,2,2,1.0
2525174,test,a34_35,3.0288553,1.6816704,1.0,3,2,1.0,2,2,1.0
2530184,test,a34_35,2.7624419,2.9591303,1.0,3,2,1.0,2,2,1.0
2547171,test,a34_35,3.678979,4.05604,1.0,3,3,1.0,2,2,1.0
2580030,test,a34_35,4.0590167,4.7499347,1.0,3,3,1.0,2,2,1.0
2593171,test,a34_35,3.278379,4.30575,1.0,3,3,1.0,2,2,1.0
2615031,test,a34_35,3.419505,3.5979483,1.0,3,3,1.0,2,2,1.0
2642030,test,a34_35,2.6110795,2.8383443,1.0,3,3,1.0,2,2,1.0
2655002,test,a34_35,1.285445,0.0,1.0,2,2,1.0,2,2,1.0
2705031,test,a34_35,3.729236,3.8038778,1.0,3,3,1.0,2,4,1.0
2707179,test,a34_35,2.996724,2.844158,1.0,3,3,1.0,2,2,1.0
2714031,test,a34_35,3.4425883,3.611134,1.0,3,3,1.0,2,2,1.0
2717004,test,a34_35,3.4100432,3.3915641,1.0,3,3,1.0,2,2,1.0
2738171,test,a34_35,3.4729476,4.886779,1.0,3,3,1.0,2,2,1.0
2794003,test,a34_35,3.585323,3.7379057,1.0,3,3,1.0,2,2,1.0
2845030,test,a34_35,3.1395698,3.4714644,1.0,3,2,1.0,6,2,1.0
2847030,test,a34_35,2.1595879,3.611134,1.0,3,3,1.0,4,6,1.0
2848174,test,a34_35,2.0395887,0.0,1.0,3,2,1.0,6,6,1.0
2852006,test,a34_35,1.1016072,2.784962,1.0,2,3,1.0,2,2,1.0
2852030,test,a34_35,3.2397866,2.1877906,1.0,3,3,1.0,2,2,1.0
2869170,test,a34_35,3.2656689,3.8547711,1.0,3,3,1.0,2,2,1.0
2897006,test,a34_35,3.0510874,3.2996137,1.0,3,3,1.0,2,6,1.0
2900171,test,a34_35,3.4795837,3.6154544,1.0,3,3,1.0,2,2,1.0
2907006,test,a34_35,2.8514915,2.5451865,1.0,3,3,1.0,2,2,1.0
2920030,test,a34_35,3.1793082,3.68331,1.0,3,2,1.0,2,3,1.0
3107001,test,a34_35,3.3811638,3.5433505,1.0,3,3,1.0,2,2,1.0
3137007,test,a34_35,2.4661522,2.4969764,1.0,3,3,1.0,6,6,1.0
3283002,test,a34_35,3.398477,4.138284,1.0,3,2,1.0,2,6,1.0
3492001,test,a34_35,3.1469953,3.8507123,1.0,3,3,1.0,6,2,1.0
5016170,test,a34_35,2.7625887,2.4672387,1.0,3,3,1.0,2,4,1.0
5082003,test,a34_35,3.1865406,3.6362765,1.0,3,3,1.0,6,2,1.0
5145032,test,a34_35,3.1050587,3.4762192,1.0,3,3,1.0,6,6,1.0
5163030,test,a34_35,3.3431225,2.9795868,1.0,3,3,1.0,2,3,1.0
5177171,test,a34_35,1.6602261,1.3270341,1.0,3,3,1.0,6,6,1.0
5199178,test,a34_35,2.779859,2.888504,1.0,3,3,1.0,2,2,1.0
5241030,test,a34_35,2.8351755,3.3329153,1.0,3,3,1.0,2,6,1.0
5264004,test,a34_35,3.1667922,3.36784,1.0,3,3,1.0,2,2,1.0
5294003,test,a34_35,3.6159172,3.537279,1.0,3,3,1.0,2,2,1.0
5299172,test,a34_35,3.000426,2.8502738,1.0,3,3,1.0,2,2,1.0
5306002,test,a34_35,2.0608332,0.45013475,1.0,3,2,1.0,6,6,1.0
5350030,test,a34_35,2.5866854,3.0497952,1.0,3,3,1.0,2,6,1.0
5364006,test,a34_35,3.155793,3.475767,1.0,3,3,1.0,6,6,1.0
5366033,test,a34_35,2.846449,3.5589597,1.0,3,3,1.0,6,6,1.0
5406173,test,a34_35,2.7790287,3.3717976,1.0,3,3,1.0,2,4,1.0
5424030,test,a34_35,1.8876333,2.595237,1.0,3,3,1.0,6,6,1.0
5425003,test,a34_35,1.9358685,0.48401323,1.0,3,2,1.0,2,2,1.0
5430031,test,a34_35,2.1756816,0.0,1.0,3,3,1.0,6,6,1.0
5430171,test,a34_35,2.5446439,3.8255706,1.0,3,3,1.0,6,6,1.0
5443007,test,a34_35,1.8299077,2.4250603,1.0,3,3,1.0,2,2,1.0
5464032,test,a34_35,2.5344634,2.8707297,1.0,3,3,1.0,2,2,1.0
5488007,test,a34_35,2.5525527,2.7225564,1.0,3,3,1.0,2,2,1.0
5494005,test,a34_35,2.7011251,3.9408863,1.0,3,3,1.0,6,6,1.0
5513030,test,a34_35,2.9292598,3.1696036,1.0,3,3,1.0,6,6,1.0
5549006,test,a34_35,2.5745845,2.8014016,1.0,3,2,1.0,2,3,1.0
5553173,test,a34_35,3.2256393,3.9032092,1.0,3,3,1.0,2,2,1.0
5560186,test,a34_35,3.351942,3.8197687,1.0,3,3,1.0,2,2,1.0
5569009,test,a34_35,2.9489346,3.4386227,1.0,3,3,1.0,2,2,1.0
5570010,test,a34_35,3.2617683,3.9157524,1.0,3,3,1.0,2,4,1.0
5570012,test,a34_35,2.5106497,3.1862996,1.0,3,3,1.0,2,6,1.0
5570033,test,a34_35,3.4329953,3.249376,1.0,3,3,1.0,2,2,1.0
5576031,test,a34_35,2.6492286,3.0570593,1.0,3,3,1.0,2,2,1.0
5614005,test,a34_35,2.5488503,2.9017913,1.0,3,3,1.0,2,3,1.0
5615010,test,a34_35,2.9426746,3.4926202,1.0,3,3,1.0,6,2,1.0
5615181,test,a34_35,3.3453279,2.9341648,1.0,3,3,1.0,2,2,1.0
5621170,test,a34_35,3.0670252,3.1195464,1.0,3,3,1.0,2,2,1.0
5626010,test,a34_35,2.8651068,2.9627197,1.0,3,2,1.0,2,2,1.0
5634188,test,a34_35,3.4394438,3.9144979,1.0,3,3,1.0,2,5,1.0
5635031,test,a34_35,3.1734982,2.974314,1.0,3,3,1.0,3,2,1.0
5646006,test,a34_35,1.2902663,0.3688904,1.0,2,3,1.0,6,6,1.0
5660005,test,a34_35,2.8676229,3.0857325,1.0,3,3,1.0,2,2,1.0
5664003,test,a34_35,1.3075482,1.1182684,1.0,2,3,1.0,6,6,1.0
5676007,test,a34_35,3.0538762,3.820191,1.0,3,3,1.0,2,4,1.0
5678030,test,a34_35,2.4290109,2.51976,1.0,3,2,1.0,6,6,1.0
5684034,test,a34_35,3.541949,3.496005,1.0,3,3,1.0,2,3,1.0
5784005,test,a34_35,1.2892764,0.0,1.0,2,2,1.0,6,6,1.0
5819005,test,a34_35,1.3684123,1.6023945,1.0,2,2,1.0,6,6,1.0
5821008,test,a34_35,2.4791913,2.913222,1.0,3,3,1.0,2,2,1.0
5863033,test,a34_35,1.2001356,1.6256766,1.0,2,2,1.0,6,6,1.0
5921003,test,a34_35,2.233667,3.6592255,1.0,3,3,1.0,6,6,1.0
5922010,test,a34_35,3.1762142,2.873433,1.0,3,3,1.0,6,6,1.0
5938031,test,a34_35,2.6138852,0.0,1.0,3,2,1.0,2,6,1.0
5960033,test,a34_35,2.6910193,2.8802483,1.0,3,3,1.0,6,3,1.0
5995005,test,a34_35,1.6092348,0.5575978,1.0,3,2,1.0,6,6,1.0
6028032,test,a34_35,2.3310442,2.7959223,1.0,3,3,1.0,6,6,1.0
6030005,test,a34_35,3.3327882,3.6211877,1.0,3,3,1.0,6,6,1.0
6030008,test,a34_35,3.2112331,3.714141,1.0,3,3,1.0,6,6,1.0
6093006,test,a34_35,0.98362195,2.4245872,1.0,2,3,1.0,6,6,1.0
6093011,test,a34_35,2.283302,2.5032198,1.0,3,3,1.0,6,6,1.0
6114182,test,a34_35,2.5253923,3.1132894,1.0,3,3,1.0,2,3,1.0
6120195,test,a34_35,1.7393597,0.83994776,1.0,2,2,1.0,2,2,1.0
6121030,test,a34_35,2.783443,3.7940028,1.0,3,3,1.0,6,6,1.0
6179003,test,a34_35,3.3613741,3.4774165,1.0,3,3,1.0,2,2,1.0
6179170,test,a34_35,1.1328789,0.3768285,1.0,2,2,1.0,2,2,1.0
6191006,test,a34_35,2.8167012,3.5682108,1.0,3,3,1.0,6,2,1.0
6200175,test,a34_35,3.5315657,3.159689,1.0,3,2,1.0,2,2,1.0
6210007,test,a34_35,3.5360293,3.315958,1.0,3,3,1.0,6,2,1.0
6210008,test,a34_35,2.966204,1.8576616,1.0,3,2,1.0,6,6,1.0
6350007,test,a34_35,2.299296,2.6312733,1.0,3,3,1.0,6,6,1.0
6365010,test,a34_35,1.0892743,2.3485115,1.0,2,3,1.0,6,6,1.0
6365011,test,a34_35,1.8993695,1.4984527,1.0,3,2,1.0,3,2,1.0
6365177,test,a34_35,2.4644907,3.154596,1.0,3,3,1.0,2,2,1.0
6381008,test,a34_35,3.109937,4.0242934,1.0,3,3,1.0,2,4,1.0
6444003,test,a34_35,2.4869378,3.0920978,1.0,3,3,1.0,2,2,1.0
6475006,test,a34_35,1.0957279,0.88690853,1.0,2,2,1.0,6,6,1.0
6475007,test,a34_35,0.9649675,0.0,1.0,2,2,1.0,6,6,1.0
6509004,test,a34_35,2.7261899,2.9017913,1.0,3,2,1.0,6,2,1.0
6545008,test,a34_35,3.5756347,3.81034,1.0,3,3,1.0,6,2,1.0
6571003,test,a34_35,2.8098786,3.97414,1.0,3,3,1.0,6,6,1.0
6635009,test,a34_35,1.1977262,0.0,1.0,2,2,1.0,6,4,1.0
6663030,test,a34_35,3.540782,3.9220536,1.0,3,3,1.0,6,6,1.0
6674003,test,a34_35,2.690568,3.3930228,1.0,3,3,1.0,2,2,1.0
6674005,test,a34_35,3.1880665,3.3309689,1.0,3,3,1.0,2,2,1.0
6736181,test,a34_35,2.7356467,0.95784134,1.0,3,3,1.0,2,2,1.0
6740003,test,a34_35,2.3547828,2.6543815,1.0,3,3,1.0,2,2,1.0
6769008,test,a34_35,2.440873,1.5597403,1.0,3,2,1.0,2,4,1.0
6779033,test,a34_35,1.2551558,0.0,1.0,3,2,1.0,6,6,1.0
6820030,test,a34_35,2.7511973,0.0,1.0,3,2,1.0,6,6,1.0
6843006,test,a34_35,1.0874428,0.33577913,1.0,2,2,1.0,6,6,1.0
6857006,test,a34_35,3.321833,3.9554691,1.0,3,3,1.0,2,4,1.0
6030,test,a36_37,3.4202964,3.74332,1.0,3,3,1.0,2,2,1.0
10030,test,a36_37,3.3941092,4.447782,1.0,3,3,1.0,6,2,1.0
41008,test,a36_37,2.2192287,0.0,1.0,3,2,1.0,6,2,1.0
68003,test,a36_37,3.536083,4.3019257,1.0,3,3,1.0,2,2,1.0
127030,test,a36_37,3.331333,1.1681,1.0,3,2,1.0,6,2,1.0
127031,test,a36_37,3.3629131,3.8766596,1.0,3,3,1.0,6,2,1.0
129031,test,a36_37,1.7293739,0.0,1.0,3,2,1.0,6,2,1.0
129196,test,a36_37,2.784448,2.9811652,1.0,3,3,1.0,2,2,1.0
165030,test,a36_37,3.361512,3.8713226,1.0,3,3,1.0,2,2,1.0
284004,test,a36_37,3.965392,4.153324,1.0,3,3,1.0,2,2,1.0
301032,test,a36_37,4.063409,4.375446,1.0,3,3,1.0,2,6,1.0
327003,test,a36_37,3.131914,3.8161197,1.0,3,3,1.0,2,2,1.0
327171,test,a36_37,3.2020564,0.0,1.0,3,2,1.0,2,2,1.0
327172,test,a36_37,2.606736,3.3073823,1.0,3,3,1.0,2,2,1.0
331005,test,a36_37,3.8060036,4.384486,1.0,3,3,1.0,2,2,1.0
344178,test,a36_37,2.9552202,3.283957,1.0,3,3,1.0,2,2,1.0
461030,test,a36_37,3.6288574,3.416885,1.0,3,3,1.0,2,2,1.0
486004,test,a36_37,3.5294185,3.7570312,1.0,3,3,1.0,2,2,1.0
563183,test,a36_37,1.3052783,3.9435904,1.0,2,3,1.0,2,2,1.0
577004,test,a36_37,2.649204,3.4728677,1.0,3,3,1.0,2,2,1.0
607030,test,a36_37,3.7974205,3.736019,1.0,3,3,1.0,2,2,1.0
613173,test,a36_37,3.0417309,4.599529,1.0,3,3,1.0,2,2,1.0
634008,test,a36_37,3.3573413,3.2418456,1.0,3,3,1.0,2,6,1.0
652005,test,a36_37,3.28448,3.4032557,1.0,3,3,1.0,2,2,1.0
672003,test,a36_37,1.4672529,3.3391197,1.0,2,3,1.0,2,4,1.0
691175,test,a36_37,3.2160854,2.3309872,1.0,3,3,1.0,2,2,1.0
699031,test,a36_37,2.192018,3.3599384,1.0,3,3,1.0,6,6,1.0
722178,test,a36_37,1.1334128,0.0,1.0,2,2,1.0,2,2,1.0
771003,test,a36_37,2.8678124,2.9920292,1.0,3,3,1.0,2,2,1.0
775005,test,a36_37,3.5540287,3.612571,1.0,3,3,1.0,2,2,1.0
796006,test,a36_37,3.586953,3.5002303,1.0,3,3,1.0,2,6,1.0
844003,test,a36_37,2.8309472,3.4309494,1.0,3,3,1.0,2,2,1.0
863006,test,a36_37,3.2389784,3.216545,1.0,3,3,1.0,2,2,1.0
863173,test,a36_37,3.324224,3.6074202,1.0,3,3,1.0,2,2,1.0
866172,test,a36_37,3.277006,2.7199008,1.0,3,3,1.0,6,2,1.0
868005,test,a36_37,3.6026855,3.7930343,1.0,3,3,1.0,2,2,1.0
875030,test,a36_37,1.5366745,0.0,1.0,3,2,1.0,2,2,1.0
897006,test,a36_37,3.1211805,2.712402,1.0,3,2,1.0,2,4,1.0
922171,test,a36_37,3.403885,4.013992,1.0,3,3,1.0,2,2,1.0
934030,test,a36_37,3.378548,4.2906785,1.0,3,3,1.0,2,2,1.0
935005,test,a36_37,2.0847967,1.9161729,1.0,3,3,1.0,2,2,1.0
935176,test,a36_37,3.504921,3.945999,1.0,3,3,1.0,2,2,1.0
939030,test,a36_37,3.6494765,0.0,1.0,3,2,1.0,2,2,1.0
964003,test,a36_37,1.3075569,3.0027869,1.0,3,3,1.0,6,6,1.0
970004,test,a36_37,3.5545602,3.9361787,1.0,3,3,1.0,2,2,1.0
982004,test,a36_37,3.2674115,3.7953534,1.0,3,3,1.0,2,4,1.0
1033030,test,a36_37,3.583748,4.0324144,1.0,3,3,1.0,2,4,1.0
1036003,test,a36_37,3.8932946,2.5812607,1.0,3,3,1.0,2,2,1.0
1048006,test,a36_37,2.5196042,0.3958271,1.0,3,3,1.0,2,2,1.0
1055172,test,a36_37,1.694085,3.6951494,1.0,3,3,1.0,2,2,1.0
1060175,test,a36_37,3.009705,2.6840017,1.0,3,3,1.0,2,2,1.0
1064171,test,a36_37,3.5327387,4.499283,1.0,3,3,1.0,2,2,1.0
1072171,test,a36_37,3.3946676,3.753342,1.0,3,3,1.0,2,2,1.0
1084175,test,a36_37,2.4594293,1.176917,1.0,3,2,1.0,2,2,1.0
1100172,test,a36_37,2.8843367,3.616172,1.0,3,3,1.0,2,2,1.0
1141171,test,a36_37,2.2059612,0.0,0.0,3,-1,0.0,2,-1,0.0
1142030,test,a36_37,3.6001487,2.9372149,1.0,3,3,1.0,2,2,1.0
1144032,test,a36_37,3.595176,3.9697835,1.0,3,3,1.0,2,2,1.0
1149171,test,a36_37,3.2008007,3.6696174,1.0,3,3,1.0,2,2,1.0
1162030,test,a36_37,2.9308093,3.5584557,1.0,3,3,1.0,2,4,1.0
1167030,test,a36_37,1.1297188,0.0,1.0,2,2,1.0,6,6,1.0
1168008,test,a36_37,1.672644,3.2307491,1.0,3,3,1.0,2,3,1.0
1222179,test,a36_37,2.6243758,2.6426997,1.0,3,3,1.0,2,2,1.0
1260008,test,a36_37,2.9434602,2.9115193,1.0,3,3,1.0,2,2,1.0
1269030,test,a36_37,3.0173113,4.35901,1.0,3,3,1.0,2,4,1.0
1292030,test,a36_37,3.0711887,3.3329153,1.0,3,2,1.0,2,4,1.0
1298005,test,a36_37,2.6015444,3.0895898,1.0,3,3,1.0,2,2,1.0
1306030,test,a36_37,4.2803063,4.886779,1.0,3,3,1.0,2,2,1.0
1335179,test,a36_37,2.7050006,3.2806733,1.0,3,3,1.0,2,2,1.0
1353030,test,a36_37,1.4481186,0.0,1.0,3,2,1.0,2,2,1.0
1384030,test,a36_37,3.4580386,3.7110548,1.0,3,3,1.0,2,2,1.0
1399008,test,a36_37,2.316861,4.0375032,1.0,3,3,1.0,2,4,1.0
1415004,test,a36_37,2.1881742,2.5033958,1.0,3,3,1.0,2,2,1.0
1430005,test,a36_37,2.4643674,0.0,1.0,3,3,1.0,6,6,1.0
1431003,test,a36_37,3.721057,3.7768457,1.0,3,3,1.0,2,2,1.0
1431004,test,a36_37,2.7241528,0.0,1.0,3,2,1.0,2,2,1.0
1431172,test,a36_37,3.7887747,4.85698,1.0,3,3,1.0,2,2,1.0
1462004,test,a36_37,2.406479,3.0797172,1.0,3,2,1.0,2,2,1.0
1520173,test,a36_37,3.5130672,3.835209,1.0,3,3,1.0,2,2,1.0
1522175,test,a36_37,3.2261086,4.5301976,1.0,3,3,1.0,2,2,1.0
1542006,test,a36_37,3.052206,4.8355174,1.0,3,3,1.0,2,2,1.0
1542177,test,a36_37,3.4191523,4.1511307,1.0,3,3,1.0,2,2,1.0
1567031,test,a36_37,3.5568666,3.547917,1.0,3,3,1.0,2,6,1.0
1608031,test,a36_37,3.0799818,3.8730197,1.0,3,3,1.0,2,4,1.0
1612003,test,a36_37,3.718556,3.6263752,1.0,3,3,1.0,2,2,1.0
1621003,test,a36_37,2.005558,3.2996137,1.0,3,3,1.0,2,2,1.0
1648003,test,a36_37,3.3801422,2.9653394,1.0,3,3,1.0,2,2,1.0
1648030,test,a36_37,3.4035711,0.0453653,1.0,3,2,1.0,6,6,1.0
1670172,test,a36_37,2.694702,2.8368268,1.0,3,3,1.0,2,2,1.0
1684170,test,a36_37,1.0718894,0.0,0.0,2,-1,0.0,2,-1,0.0
1690030,test,a36_37,3.6301785,4.1288514,1.0,3,3,1.0,2,4,1.0
1692176,test,a36_37,3.4168453,0.0,0.0,3,-1,0.0,2,-1,0.0
1695030,test,a36_37,2.9575822,3.1334782,1.0,3,3,1.0,6,2,1.0
1697036,test,a36_37,3.241207,3.9229333,1.0,3,3,1.0,6,2,1.0
1698170,test,a36_37,2.73631,3.5876048,1.0,3,3,1.0,2,2,1.0
1700031,test,a36_37,3.3550773,3.2409673,1.0,3,3,1.0,2,4,1.0
1701003,test,a36_37,3.3664303,3.916388,1.0,3,3,1.0,6,6,1.0
1711003,test,a36_37,2.1883698,0.0,1.0,3,3,1.0,2,2,1.0
1711171,test,a36_37,3.3088825,3.416885,1.0,3,3,1.0,2,2,1.0
1732005,test,a36_37,2.3808293,3.1862996,1.0,3,3,1.0,6,4,1.0
1762187,test,a36_37,1.9990399,0.0,1.0,3,2,1.0,2,2,1.0
1786187,test,a36_37,3.2833247,0.0,0.0,3,-1,0.0,2,-1,0.0
1837006,test,a36_37,3.529315,2.8220248,1.0,3,3,1.0,2,2,1.0
1850172,test,a36_37,1.835357,3.216545,1.0,3,3,1.0,2,2,1.0
1878030,test,a36_37,2.9452944,3.456708,1.0,3,3,1.0,2,4,1.0
1879030,test,a36_37,3.5762997,4.019886,1.0,3,3,1.0,2,3,1.0
1905004,test,a36_37,3.6822643,3.9048967,1.0,3,3,1.0,2,2,1.0
1919009,test,a36_37,3.2397945,0.0,1.0,3,3,1.0,2,2,1.0
1935004,test,a36_37,2.3626895,2.7594547,1.0,3,2,1.0,2,2,1.0
1936030,test,a36_37,2.4193466,0.26956925,1.0,3,3,1.0,2,2,1.0
1978171,test,a36_37,2.716265,3.1327703,1.0,3,3,1.0,2,2,1.0
2030031,test,a36_37,2.9952533,3.7052534,1.0,3,3,1.0,2,2,1.0
2117003,test,a36_37,2.8828406,2.7586699,1.0,3,3,1.0,2,2,1.0
2150172,test,a36_37,1.9083229,1.9554864,1.0,3,3,1.0,2,2,1.0
2199182,test,a36_37,2.7864432,3.717534,1.0,3,3,1.0,2,2,1.0
2206030,test,a36_37,3.268687,3.1858559,1.0,3,3,1.0,2,2,1.0
2212031,test,a36_37,3.7704809,4.677089,1.0,3,3,1.0,2,2,1.0
2238004,test,a36_37,3.39004,1.8278397,1.0,3,3,1.0,2,4,1.0
2238172,test,a36_37,2.9917445,3.489942,1.0,3,3,1.0,2,2,1.0
2252172,test,a36_37,3.0847273,3.048963,1.0,3,3,1.0,2,2,1.0
2255030,test,a36_37,4.2697983,4.375135,1.0,3,3,1.0,2,2,1.0
2277008,test,a36_37,2.623093,2.6412227,1.0,3,3,1.0,2,2,1.0
2311172,test,a36_37,1.9453108,1.7356842,1.0,3,3,1.0,2,2,1.0
2330003,test,a36_37,3.6925979,4.0433564,1.0,3,3,1.0,2,2,1.0
2338003,test,a36_37,3.5846589,4.4704823,1.0,3,3,1.0,2,6,1.0
2341004,test,a36_37,3.1351862,3.4036195,1.0,3,2,1.0,2,4,1.0
2341005,test,a36_37,2.8860102,0.0,1.0,3,3,1.0,2,2,1.0
2354004,test,a36_37,1.7632805,2.4975948,1.0,3,3,1.0,2,2,1.0
2392004,test,a36_37,2.266636,2.7225564,1.0,3,3,1.0,2,2,1.0
2393005,test,a36_37,3.9760854,3.951662,1.0,3,3,1.0,2,2,1.0
2393171,test,a36_37,2.8725078,4.04496,1.0,3,3,1.0,2,2,1.0
2409006,test,a36_37,2.881176,2.6774976,1.0,3,3,1.0,2,2,1.0
2409171,test,a36_37,2.9119842,2.409316,1.0,3,3,1.0,2,2,1.0
2422178,test,a36_37,3.4357529,3.249376,1.0,3,3,1.0,2,2,1.0
2459030,test,a36_37,2.9779582,3.8719819,1.0,3,3,1.0,3,4,1.0
2474030,test,a36_37,3.522686,3.8730197,1.0,3,3,1.0,2,2,1.0
2474171,test,a36_37,2.1045222,1.1140053,1.0,3,2,1.0,2,2,1.0
2485173,test,a36_37,2.8310702,2.508309,1.0,3,3,1.0,2,4,1.0
2496172,test,a36_37,2.642398,4.096741,1.0,3,3,1.0,2,4,1.0
2502005,test,a36_37,3.219184,3.166873,1.0,3,3,1.0,2,2,1.0
2510171,test,a36_37,3.0375443,3.910636,1.0,3,3,1.0,2,2,1.0
2525174,test,a36_37,2.9888084,2.2554643,1.0,3,3,1.0,2,2,1.0
2530184,test,a36_37,2.7676687,2.9075313,1.0,3,3,1.0,2,2,1.0
2547171,test,a36_37,3.6627405,4.1239767,1.0,3,3,1.0,2,2,1.0
2580030,test,a36_37,4.162142,4.800682,1.0,3,3,1.0,2,2,1.0
2593171,test,a36_37,3.114749,4.3840117,1.0,3,3,1.0,2,4,1.0
2615031,test,a36_37,3.5023806,3.145773,1.0,3,3,1.0,2,2,1.0
2642030,test,a36_37,2.733006,3.1858559,1.0,3,3,1.0,2,2,1.0
2655002,test,a36_37,1.2332773,0.0,1.0,2,2,1.0,2,2,1.0
2705031,test,a36_37,3.6666546,3.901413,1.0,3,3,1.0,2,4,1.0
2707179,test,a36_37,3.1885843,2.9886043,1.0,3,3,1.0,2,2,1.0
2714031,test,a36_37,3.488034,3.843872,1.0,3,3,1.0,2,2,1.0
2717004,test,a36_37,3.472862,3.737305,1.0,3,3,1.0,2,2,1.0
2738171,test,a36_37,3.4831839,4.886779,1.0,3,3,1.0,2,2,1.0
2794003,test,a36_37,3.6590102,3.5598774,1.0,3,3,1.0,2,2,1.0
2845030,test,a36_37,2.6539447,2.2176964,1.0,3,2,1.0,2,2,1.0
2847030,test,a36_37,2.3909764,3.5965803,1.0,3,2,1.0,4,6,1.0
2848174,test,a36_37,1.9802649,0.0,1.0,3,2,1.0,6,6,1.0
2852006,test,a36_37,1.1503369,2.711484,1.0,2,3,1.0,2,2,1.0
2852030,test,a36_37,3.40077,2.4002507,1.0,3,3,1.0,2,2,1.0
2869170,test,a36_37,3.3259466,3.9665751,1.0,3,3,1.0,2,2,1.0
2897006,test,a36_37,3.2831635,3.8678546,1.0,3,3,1.0,2,6,1.0
2900171,test,a36_37,3.4665384,0.0,1.0,3,3,1.0,2,2,1.0
2907006,test,a36_37,3.083459,2.5724497,1.0,3,3,1.0,2,2,1.0
2920030,test,a36_37,3.1369245,3.8583722,1.0,3,3,1.0,2,4,1.0
3107001,test,a36_37,3.3264003,3.456255,1.0,3,3,1.0,2,2,1.0
3137007,test,a36_37,2.5108166,2.624188,1.0,3,3,1.0,6,6,1.0
3283002,test,a36_37,3.2666495,3.1844463,1.0,3,3,1.0,2,6,1.0
3492001,test,a36_37,3.116043,3.896652,1.0,3,3,1.0,6,2,1.0
5016170,test,a36_37,2.789968,2.5121129,1.0,3,3,1.0,2,4,1.0
5082003,test,a36_37,3.238905,3.835146,1.0,3,3,1.0,6,3,1.0
5145032,test,a36_37,3.1037545,3.5205016,1.0,3,3,1.0,6,6,1.0
5163030,test,a36_37,3.3593602,3.3018157,1.0,3,3,1.0,2,3,1.0
5177171,test,a36_37,2.312385,0.8605063,1.0,3,3,1.0,6,6,1.0
5199178,test,a36_37,2.7575095,2.9653394,1.0,3,3,1.0,2,2,1.0
5241030,test,a36_37,2.555981,3.3667955,1.0,3,3,1.0,2,6,1.0
5264004,test,a36_37,3.1444423,3.4554605,1.0,3,3,1.0,2,2,1.0
5294003,test,a36_37,3.5094748,3.5366516,1.0,3,3,1.0,2,2,1.0
5299172,test,a36_37,3.16335,1.9603477,1.0,3,3,1.0,2,2,1.0
5306002,test,a36_37,2.2476234,0.4569097,1.0,3,2,1.0,6,6,1.0
5350030,test,a36_37,2.6501145,2.4829748,1.0,3,3,1.0,2,6,1.0
5364006,test,a36_37,3.1465151,3.489942,1.0,3,3,1.0,6,6,1.0
5366033,test,a36_37,2.9695997,3.6431746,1.0,3,3,1.0,6,6,1.0
5406173,test,a36_37,2.7575471,3.549721,1.0,3,3,1.0,2,4,1.0
5424030,test,a36_37,1.903929,3.3871381,1.0,3,3,1.0,6,6,1.0
5425003,test,a36_37,1.8628236,2.222384,1.0,3,3,1.0,2,2,1.0
5430031,test,a36_37,1.958038,0.7351825,1.0,3,3,1.0,6,6,1.0
5430171,test,a36_37,2.7090964,3.9490166,1.0,3,3,1.0,6,6,1.0
5443007,test,a36_37,1.6211294,2.7594547,1.0,3,3,1.0,2,2,1.0
5464032,test,a36_37,2.6463542,2.973692,1.0,3,3,1.0,2,2,1.0
5488007,test,a36_37,2.5389369,2.6645033,1.0,3,3,1.0,2,2,1.0
5494005,test,a36_37,3.0013516,4.218239,1.0,3,3,1.0,6,6,1.0
5513030,test,a36_37,2.9843616,3.4137402,1.0,3,2,1.0,6,6,1.0
5549006,test,a36_37,2.5812151,2.9669845,1.0,3,3,1.0,2,4,1.0
5553173,test,a36_37,3.088908,3.955009,1.0,3,3,1.0,2,2,1.0
5560186,test,a36_37,3.4131966,3.627258,1.0,3,3,1.0,2,2,1.0
5569009,test,a36_37,3.0438695,3.5573397,1.0,3,3,1.0,2,2,1.0
5570010,test,a36_37,3.4200819,3.6598773,1.0,3,3,1.0,2,4,1.0
5570012,test,a36_37,2.7883234,2.9124293,1.0,3,3,1.0,2,6,1.0
5570033,test,a36_37,3.586197,3.1070757,1.0,3,3,1.0,2,2,1.0
5576031,test,a36_37,2.7732344,3.0814157,1.0,3,3,1.0,2,3,1.0
5614005,test,a36_37,2.3771992,2.844158,1.0,3,3,1.0,4,3,1.0
5615010,test,a36_37,2.8941872,3.3217459,1.0,3,3,1.0,6,2,1.0
5615181,test,a36_37,3.3496091,3.5781584,1.0,3,3,1.0,2,2,1.0
5621170,test,a36_37,3.1186254,0.0,1.0,3,3,1.0,2,2,1.0
5626010,test,a36_37,2.8187096,0.0,0.0,3,-1,0.0,2,-1,0.0
5634188,test,a36_37,3.3833575,0.0,0.0,3,-1,0.0,2,-1,0.0
5635031,test,a36_37,3.263865,2.9446492,1.0,3,3,1.0,2,2,1.0
5646006,test,a36_37,1.3429024,2.2722006,1.0,2,2,1.0,6,6,1.0
5660005,test,a36_37,2.8293645,2.2830377,1.0,3,3,1.0,2,2,1.0
5664003,test,a36_37,1.5049019,2.5692537,1.0,2,2,1.0,6,6,1.0
5676007,test,a36_37,3.193913,3.3618436,1.0,3,3,1.0,2,2,1.0
5678030,test,a36_37,2.3010247,0.0,1.0,3,2,1.0,6,6,1.0
5684034,test,a36_37,3.5234275,4.2188535,1.0,3,3,1.0,2,4,1.0
5784005,test,a36_37,1.3492621,0.0,1.0,3,2,1.0,6,6,1.0
5819005,test,a36_37,1.4778727,0.0,1.0,2,2,1.0,6,6,1.0
5821008,test,a36_37,2.6508029,2.9754534,1.0,3,3,1.0,2,2,1.0
5863033,test,a36_37,1.4693211,1.6931183,1.0,2,3,1.0,6,6,1.0
5921003,test,a36_37,2.2535872,2.588116,1.0,3,3,1.0,6,6,1.0
5922010,test,a36_37,3.3252246,2.8533432,1.0,3,3,1.0,6,6,1.0
5938031,test,a36_37,2.42797,0.0,1.0,3,2,1.0,2,6,1.0
5960033,test,a36_37,2.6339025,3.0051901,1.0,3,3,1.0,6,6,1.0
5995005,test,a36_37,1.7414733,2.366327,1.0,3,2,1.0,6,6,1.0
6028032,test,a36_37,2.4425793,3.2584245,1.0,3,3,1.0,6,6,1.0
6030005,test,a36_37,3.5257168,3.3861604,1.0,3,3,1.0,6,6,1.0
6030008,test,a36_37,3.3408022,3.5397089,1.0,3,3,1.0,6,6,1.0
6093006,test,a36_37,1.0538156,2.0376515,1.0,2,3,1.0,6,6,1.0
6093011,test,a36_37,2.324657,2.5042346,1.0,3,3,1.0,6,6,1.0
6114182,test,a36_37,2.5900795,0.0,0.0,3,-1,0.0,2,-1,0.0
6120195,test,a36_37,1.5661966,0.0,1.0,2,2,1.0,2,2,1.0
6121030,test,a36_37,2.911799,3.6931586,1.0,3,3,1.0,6,6,1.0
6179003,test,a36_37,3.524218,3.3203936,1.0,3,3,1.0,2,2,1.0
6179170,test,a36_37,1.0533628,0.0,1.0,2,2,1.0,2,2,1.0
6191006,test,a36_37,2.8997204,3.7471669,1.0,3,3,1.0,6,2,1.0
6200175,test,a36_37,3.5338345,3.1231244,1.0,3,3,1.0,2,2,1.0
6210007,test,a36_37,3.355568,3.5546792,1.0,3,3,1.0,6,2,1.0
6210008,test,a36_37,2.8722494,0.69897085,1.0,3,2,1.0,6,2,1.0
6350007,test,a36_37,2.424197,1.7350653,1.0,3,3,1.0,6,2,1.0
6365010,test,a36_37,1.0969982,2.727774,1.0,2,3,1.0,6,6,1.0
6365011,test,a36_37,2.0972834,2.0153425,1.0,3,3,1.0,4,2,1.0
6365177,test,a36_37,2.7193282,0.0,0.0,3,3,1.0,2,2,1.0
6381008,test,a36_37,2.8785617,4.1826577,1.0,3,3,1.0,2,4,1.0
6444003,test,a36_37,2.6342678,2.9450343,1.0,3,3,1.0,2,2,1.0
6475006,test,a36_37,1.083977,0.65802634,1.0,2,3,1.0,6,6,1.0
6475007,test,a36_37,0.98258996,1.4497495,1.0,2,3,1.0,6,6,1.0
6509004,test,a36_37,2.7961276,3.0907397,1.0,3,3,1.0,6,2,1.0
6545008,test,a36_37,3.5460844,3.8915806,1.0,3,3,1.0,6,2,1.0
6571003,test,a36_37,2.851347,3.935453,1.0,3,3,1.0,6,6,1.0
6635009,test,a36_37,1.3478689,0.0,1.0,3,2,1.0,6,4,1.0
6663030,test,a36_37,3.6965897,4.1571207,1.0,3,3,1.0,6,6,1.0
6674003,test,a36_37,2.9401674,4.7621493,1.0,3,3,1.0,2,3,1.0
6674005,test,a36_37,3.2114344,3.4580462,1.0,3,2,1.0,2,3,1.0
6736181,test,a36_37,2.9133782,2.5787773,1.0,3,3,1.0,2,2,1.0
6740003,test,a36_37,2.384171,2.816746,1.0,3,3,1.0,2,2,1.0
6769008,test,a36_37,2.5131598,2.4743154,1.0,3,3,1.0,2,2,1.0
6779033,test,a36_37,1.4579649,0.0,1.0,3,2,1.0,6,6,1.0
6820030,test,a36_37,2.7374375,0.44449985,1.0,3,2,1.0,6,6,1.0
6843006,test,a36_37,1.0680684,1.9499075,1.0,2,3,1.0,6,6,1.0
6857006,test,a36_37,3.3775818,3.1834235,1.0,3,3,1.0,2,2,1.0
6030,test,a38_39,3.4345996,3.749288,1.0,3,3,1.0,2,2,1.0
10030,test,a38_39,3.3796782,4.5234475,1.0,3,3,1.0,6,2,1.0
41008,test,a38_39,2.428406,0.0,1.0,3,2,1.0,2,3,1.0
68003,test,a38_39,3.5838206,4.141229,1.0,3,3,1.0,2,2,1.0
127030,test,a38_39,3.2942805,1.6800723,1.0,3,2,1.0,6,2,1.0
127031,test,a38_39,3.3232718,1.3273802,1.0,3,3,1.0,2,3,1.0
129031,test,a38_39,1.7740046,2.4149668,1.0,2,2,1.0,6,3,1.0
129196,test,a38_39,2.6996036,0.6038552,1.0,3,2,1.0,2,2,1.0
165030,test,a38_39,3.17484,3.7935455,1.0,3,3,1.0,2,2,1.0
284004,test,a38_39,3.9403918,4.218239,1.0,3,3,1.0,2,2,1.0
301032,test,a38_39,3.8983893,4.051456,1.0,3,3,1.0,2,6,1.0
327003,test,a38_39,3.1181412,3.8576567,1.0,3,3,1.0,2,2,1.0
327171,test,a38_39,3.2297387,1.2899189,1.0,3,3,1.0,2,2,1.0
327172,test,a38_39,2.595565,3.6687279,1.0,3,3,1.0,2,2,1.0
331005,test,a38_39,3.757418,4.2639766,1.0,3,3,1.0,2,2,1.0
344178,test,a38_39,3.0403376,3.3562138,1.0,3,3,1.0,2,2,1.0
461030,test,a38_39,3.597021,3.2707531,1.0,3,3,1.0,2,2,1.0
486004,test,a38_39,3.5143201,4.1858344,1.0,3,3,1.0,2,2,1.0
563183,test,a38_39,1.4422696,4.886779,1.0,2,3,1.0,2,2,1.0
577004,test,a38_39,2.7266564,2.6426997,1.0,3,3,1.0,2,2,1.0
607030,test,a38_39,3.7204213,4.340779,1.0,3,3,1.0,2,4,1.0
613173,test,a38_39,3.1333094,4.6204996,1.0,3,3,1.0,2,2,1.0
634008,test,a38_39,3.3284686,3.0124674,1.0,3,3,1.0,2,6,1.0
652005,test,a38_39,3.3305435,3.381554,1.0,3,3,1.0,2,2,1.0
672003,test,a38_39,1.4129384,3.7277038,1.0,2,3,1.0,2,4,1.0
691175,test,a38_39,3.2391112,3.1858559,1.0,3,3,1.0,2,2,1.0
699031,test,a38_39,2.2783642,3.5333405,1.0,2,3,1.0,6,6,1.0
722178,test,a38_39,1.2669282,0.0,1.0,2,2,1.0,2,2,1.0
771003,test,a38_39,2.8675354,3.4782934,1.0,3,3,1.0,2,2,1.0
775005,test,a38_39,3.5275583,0.0,1.0,3,2,1.0,2,2,1.0
796006,test,a38_39,3.6299405,2.893335,1.0,3,3,1.0,2,6,1.0
844003,test,a38_39,3.0430315,3.416885,1.0,3,3,1.0,2,2,1.0
863006,test,a38_39,3.279107,0.0,1.0,3,2,1.0,2,2,1.0
863173,test,a38_39,3.3451388,3.672806,1.0,3,3,1.0,2,2,1.0
866172,test,a38_39,3.175594,2.6793635,1.0,3,3,1.0,6,2,1.0
868005,test,a38_39,3.6005878,3.7266295,1.0,3,3,1.0,2,2,1.0
875030,test,a38_39,1.6525837,0.0,1.0,2,2,1.0,2,2,1.0
897006,test,a38_39,3.1660366,2.9308307,1.0,3,3,1.0,2,4,1.0
922171,test,a38_39,3.4174428,4.109105,1.0,3,3,1.0,2,2,1.0
934030,test,a38_39,3.341036,4.3578134,1.0,3,3,1.0,2,2,1.0
935005,test,a38_39,2.2067235,2.1372967,1.0,3,3,1.0,2,2,1.0
935176,test,a38_39,3.5392606,3.2996137,1.0,3,3,1.0,2,2,1.0
939030,test,a38_39,3.4206007,0.0,1.0,3,2,1.0,2,2,1.0
964003,test,a38_39,1.5266643,3.2050848,1.0,2,3,1.0,6,6,1.0
970004,test,a38_39,3.6733701,2.0805924,1.0,3,3,1.0,2,2,1.0
982004,test,a38_39,3.3125296,3.4262018,1.0,3,3,1.0,2,2,1.0
1033030,test,a38_39,3.4478734,3.8766596,1.0,3,3,1.0,2,2,1.0
1036003,test,a38_39,3.7892847,3.149699,1.0,3,3,1.0,2,2,1.0
1048006,test,a38_39,2.6448147,2.4126072,1.0,3,3,1.0,2,2,1.0
1055172,test,a38_39,1.7043393,3.7397017,1.0,3,3,1.0,2,2,1.0
1060175,test,a38_39,3.0960083,2.8523908,1.0,3,3,1.0,2,2,1.0
1064171,test,a38_39,3.573759,4.4858203,1.0,3,3,1.0,2,2,1.0
1072171,test,a38_39,3.415143,2.8985991,1.0,3,3,1.0,2,2,1.0
1084175,test,a38_39,2.7458951,1.3963474,1.0,3,2,1.0,2,2,1.0
1100172,test,a38_39,2.9407969,3.8317928,1.0,3,3,1.0,2,2,1.0
1141171,test,a38_39,2.4285808,0.752443,1.0,3,3,1.0,2,2,1.0
1142030,test,a38_39,3.6580772,3.3023171,1.0,3,3,1.0,2,2,1.0
1144032,test,a38_39,3.6119218,3.9551072,1.0,3,3,1.0,2,2,1.0
1149171,test,a38_39,3.1525145,2.588116,1.0,3,2,1.0,2,2,1.0
1162030,test,a38_39,2.9587634,3.4081893,1.0,3,3,1.0,2,2,1.0
1167030,test,a38_39,1.3372754,0.0,1.0,2,2,1.0,6,6,1.0
1168008,test,a38_39,1.7942752,3.1106615,1.0,3,3,1.0,2,3,1.0
1222179,test,a38_39,2.6852045,2.342743,1.0,3,3,1.0,2,2,1.0
1260008,test,a38_39,3.1063662,2.241885,1.0,3,3,1.0,2,2,1.0
1269030,test,a38_39,2.9563706,3.9591064,1.0,3,3,1.0,2,4,1.0
1292030,test,a38_39,3.11313,2.9246223,1.0,3,2,1.0,2,4,1.0
1298005,test,a38_39,2.6599329,3.2996137,1.0,3,3,1.0,2,2,1.0
1306030,test,a38_39,4.2331724,4.886779,1.0,3,3,1.0,2,2,1.0
1335179,test,a38_39,2.7194276,3.2282774,1.0,3,3,1.0,2,2,1.0
1353030,test,a38_39,1.5598409,0.0,1.0,3,2,1.0,2,2,1.0
1384030,test,a38_39,3.316583,3.8597128,1.0,3,3,1.0,2,2,1.0
1399008,test,a38_39,2.4725025,3.9200065,1.0,3,3,1.0,2,4,1.0
1415004,test,a38_39,2.3837326,2.7496648,1.0,3,3,1.0,2,2,1.0
1430005,test,a38_39,2.3022966,0.0,1.0,3,3,1.0,2,6,1.0
1431003,test,a38_39,3.8028169,3.8332024,1.0,3,3,1.0,2,2,1.0
1431004,test,a38_39,3.0207262,1.9831173,1.0,3,3,1.0,2,2,1.0
1431172,test,a38_39,3.8227463,4.455336,1.0,3,3,1.0,2,2,1.0
1462004,test,a38_39,2.283648,0.0,1.0,3,2,1.0,2,2,1.0
1520173,test,a38_39,3.476487,3.9155073,1.0,3,3,1.0,2,2,1.0
1522175,test,a38_39,3.3353586,4.768415,1.0,3,3,1.0,2,2,1.0
1542006,test,a38_39,3.0679,4.418266,1.0,3,3,1.0,2,2,1.0
1542177,test,a38_39,3.4627414,4.1952477,1.0,3,3,1.0,2,2,1.0
1567031,test,a38_39,3.5065088,3.7168667,1.0,3,3,1.0,2,6,1.0
1608031,test,a38_39,3.2217543,0.0,0.0,3,-1,0.0,2,-1,0.0
1612003,test,a38_39,3.7402885,3.242958,1.0,3,3,1.0,2,4,1.0
1621003,test,a38_39,2.2530718,3.437568,1.0,3,3,1.0,2,2,1.0
1648003,test,a38_39,3.4311855,2.8707297,1.0,3,3,1.0,2,2,1.0
1648030,test,a38_39,3.3620925,3.2510931,1.0,3,3,1.0,2,6,1.0
1670172,test,a38_39,2.865585,3.1246448,1.0,3,3,1.0,2,2,1.0
1684170,test,a38_39,1.3284703,2.5787773,1.0,2,3,1.0,2,2,1.0
1690030,test,a38_39,3.6360059,3.6570308,1.0,3,3,1.0,2,2,1.0
1692176,test,a38_39,3.4056478,3.5729935,1.0,3,3,1.0,2,2,1.0
1695030,test,a38_39,2.9791195,2.9226713,1.0,3,3,1.0,6,2,1.0
1697036,test,a38_39,3.12765,1.4840773,1.0,3,3,1.0,6,2,1.0
1698170,test,a38_39,2.7666168,0.00086969405,1.0,3,3,1.0,2,2,1.0
1700031,test,a38_39,3.300307,3.282534,1.0,3,3,1.0,2,4,1.0
1701003,test,a38_39,3.3774767,3.8529587,1.0,3,3,1.0,6,6,1.0
1711003,test,a38_39,2.45786,0.0,0.0,3,-1,0.0,2,-1,0.0
1711171,test,a38_39,3.2544456,3.6634784,1.0,3,3,1.0,2,2,1.0
1732005,test,a38_39,2.5599458,3.150554,1.0,3,3,1.0,2,4,1.0
1762187,test,a38_39,2.0420985,0.0,1.0,3,2,1.0,2,3,1.0
1786187,test,a38_39,3.3442323,3.3020296,1.0,3,3,1.0,2,2,1.0
1837006,test,a38_39,3.5250852,2.8639922,1.0,3,3,1.0,2,2,1.0
1850172,test,a38_39,1.9513131,3.312707,1.0,3,3,1.0,2,2,1.0
1878030,test,a38_39,2.6624274,4.103497,1.0,3,2,1.0,2,4,1.0
1879030,test,a38_39,3.4401414,4.0583324,1.0,3,3,1.0,2,2,1.0
1905004,test,a38_39,3.6618142,4.316903,1.0,3,3,1.0,2,2,1.0
1919009,test,a38_39,3.289832,1.6758715,1.0,3,3,1.0,2,2,1.0
1935004,test,a38_39,2.5856142,2.953849,1.0,3,3,1.0,2,2,1.0
1936030,test,a38_39,2.5181503,1.0134155,1.0,3,3,1.0,2,2,1.0
1978171,test,a38_39,2.679493,2.7871172,1.0,3,3,1.0,2,2,1.0
2030031,test,a38_39,3.1818151,3.1751428,1.0,3,3,1.0,6,2,1.0
2117003,test,a38_39,2.9862354,2.6426997,1.0,3,3,1.0,2,2,1.0
2150172,test,a38_39,1.921857,2.1172922,1.0,3,3,1.0,2,2,1.0
2199182,test,a38_39,2.9505458,3.7052534,1.0,3,2,1.0,2,2,1.0
2206030,test,a38_39,3.1443636,1.7450649,1.0,3,3,1.0,2,2,1.0
2212031,test,a38_39,3.5883942,4.496284,1.0,3,3,1.0,2,2,1.0
2238004,test,a38_39,3.384987,2.8751705,1.0,3,3,1.0,2,4,1.0
2238172,test,a38_39,3.077274,3.9032092,1.0,3,3,1.0,2,2,1.0
2252172,test,a38_39,3.0963442,2.8751705,1.0,3,3,1.0,2,2,1.0
2255030,test,a38_39,4.1619616,4.374246,1.0,3,3,1.0,2,2,1.0
2277008,test,a38_39,2.7390573,2.8474362,1.0,3,3,1.0,2,2,1.0
2311172,test,a38_39,2.3121908,2.7029045,1.0,3,3,1.0,2,2,1.0
2330003,test,a38_39,3.7009597,3.9039345,1.0,3,3,1.0,2,2,1.0
2338003,test,a38_39,3.5054843,4.347552,1.0,3,3,1.0,2,2,1.0
2341004,test,a38_39,3.4107203,3.5010288,1.0,3,3,1.0,2,4,1.0
2341005,test,a38_39,2.8778884,0.0,1.0,3,3,1.0,2,2,1.0
2354004,test,a38_39,1.8776745,2.3049343,1.0,3,3,1.0,2,2,1.0
2392004,test,a38_39,2.3293853,2.9341648,1.0,3,3,1.0,2,2,1.0
2393005,test,a38_39,3.874727,3.507782,1.0,3,3,1.0,2,2,1.0
2393171,test,a38_39,2.8122842,4.208233,1.0,3,3,1.0,2,2,1.0
2409006,test,a38_39,3.1214163,0.0,0.0,3,-1,0.0,2,-1,0.0
2409171,test,a38_39,2.9802985,2.6426997,1.0,3,3,1.0,2,3,1.0
2422178,test,a38_39,3.447091,3.3621042,1.0,3,3,1.0,2,2,1.0
2459030,test,a38_39,2.9673836,3.924717,1.0,3,3,1.0,2,2,1.0
2474030,test,a38_39,3.4216652,4.0688195,1.0,3,3,1.0,2,2,1.0
2474171,test,a38_39,2.181253,0.0,1.0,3,2,1.0,2,2,1.0
2485173,test,a38_39,2.8880808,2.1378505,1.0,3,2,1.0,2,6,1.0
2496172,test,a38_39,2.8747118,3.3488646,1.0,3,3,1.0,2,2,1.0
2502005,test,a38_39,3.3140724,3.390585,1.0,3,3,1.0,2,2,1.0
2510171,test,a38_39,3.1768389,4.289796,1.0,3,3,1.0,2,2,1.0
2525174,test,a38_39,3.0792341,1.9848303,1.0,3,2,1.0,2,2,1.0
2530184,test,a38_39,2.77365,1.403595,1.0,3,2,1.0,2,2,1.0
2547171,test,a38_39,3.7326818,4.568962,1.0,3,3,1.0,2,2,1.0
2580030,test,a38_39,4.090922,4.819106,1.0,3,3,1.0,2,2,1.0
2593171,test,a38_39,3.164911,4.559393,1.0,3,3,1.0,2,4,1.0
2615031,test,a38_39,3.466861,3.192419,1.0,3,3,1.0,2,2,1.0
2642030,test,a38_39,2.7265272,3.8566759,1.0,3,3,1.0,2,4,1.0
2655002,test,a38_39,1.5009762,0.0,0.0,3,-1,0.0,2,-1,0.0
2705031,test,a38_39,3.5665507,4.0177207,1.0,3,3,1.0,2,4,1.0
2707179,test,a38_39,3.1889937,3.1407087,1.0,3,3,1.0,2,2,1.0
2714031,test,a38_39,3.420949,3.5910182,1.0,3,3,1.0,2,2,1.0
2717004,test,a38_39,3.5223348,3.7156205,1.0,3,3,1.0,2,2,1.0
2738171,test,a38_39,3.5308337,4.1992106,1.0,3,3,1.0,2,2,1.0
2794003,test,a38_39,3.680767,3.6167965,1.0,3,3,1.0,2,2,1.0
2845030,test,a38_39,2.7708757,3.32431,1.0,3,3,1.0,2,2,1.0
2847030,test,a38_39,2.5065932,3.4514334,1.0,3,3,1.0,4,4,1.0
2848174,test,a38_39,2.1455352,0.0,1.0,3,2,1.0,2,2,1.0
2852006,test,a38_39,1.3468145,2.8745651,1.0,3,2,1.0,2,2,1.0
2852030,test,a38_39,3.3727922,1.7578189,1.0,3,3,1.0,2,2,1.0
2869170,test,a38_39,3.357008,4.296681,1.0,3,3,1.0,2,2,1.0
2897006,test,a38_39,3.1974697,2.8997164,1.0,3,3,1.0,2,2,1.0
2900171,test,a38_39,3.537343,3.857261,1.0,3,3,1.0,2,2,1.0
2907006,test,a38_39,3.044089,2.8441474,1.0,3,3,1.0,2,2,1.0
2920030,test,a38_39,3.310544,3.5910182,1.0,3,2,1.0,6,4,1.0
3107001,test,a38_39,3.2832694,3.660574,1.0,3,3,1.0,2,2,1.0
3137007,test,a38_39,2.4147515,2.908521,1.0,3,3,1.0,6,6,1.0
3283002,test,a38_39,3.3036125,3.2907898,1.0,3,3,1.0,2,6,1.0
3492001,test,a38_39,3.076087,0.3199841,1.0,3,2,1.0,6,2,1.0
5016170,test,a38_39,2.8623257,1.8830991,1.0,3,3,1.0,2,4,1.0
5082003,test,a38_39,3.2897716,3.916388,1.0,3,3,1.0,6,4,1.0
5145032,test,a38_39,3.0409467,0.0,1.0,3,2,1.0,6,6,1.0
5163030,test,a38_39,3.315465,2.874842,1.0,3,3,1.0,2,4,1.0
5177171,test,a38_39,2.0256042,0.5026926,1.0,3,3,1.0,6,6,1.0
5199178,test,a38_39,2.7876396,3.016735,1.0,3,3,1.0,2,2,1.0
5241030,test,a38_39,2.772236,3.3928792,1.0,3,3,1.0,2,6,1.0
5264004,test,a38_39,3.1792836,3.4920115,1.0,3,3,1.0,2,2,1.0
5294003,test,a38_39,3.6388128,3.5534267,1.0,3,3,1.0,2,2,1.0
5299172,test,a38_39,3.19,2.7591305,1.0,3,3,1.0,2,2,1.0
5306002,test,a38_39,2.426544,0.5325506,1.0,3,2,1.0,2,6,1.0
5350030,test,a38_39,2.587965,3.4463062,1.0,3,3,1.0,2,6,1.0
5364006,test,a38_39,3.1751502,3.6436281,1.0,3,2,1.0,6,6,1.0
5366033,test,a38_39,2.8850281,3.6539025,1.0,3,3,1.0,6,4,1.0
5406173,test,a38_39,2.8293347,3.4896688,1.0,3,3,1.0,2,4,1.0
5424030,test,a38_39,1.7906123,3.3914385,1.0,3,3,1.0,6,6,1.0
5425003,test,a38_39,2.0491047,2.986773,1.0,2,3,1.0,2,2,1.0
5430031,test,a38_39,2.1479232,0.0,1.0,2,2,1.0,6,6,1.0
5430171,test,a38_39,2.6559145,3.2527912,1.0,3,3,1.0,6,6,1.0
5443007,test,a38_39,2.027186,0.0,1.0,3,2,1.0,2,2,1.0
5464032,test,a38_39,2.7160454,3.0959985,1.0,3,3,1.0,2,2,1.0
5488007,test,a38_39,2.6522784,2.388837,1.0,3,3,1.0,2,2,1.0
5494005,test,a38_39,2.9195724,2.6712263,1.0,3,3,1.0,6,6,1.0
5513030,test,a38_39,2.9003556,1.8739514,1.0,3,3,1.0,6,6,1.0
5549006,test,a38_39,2.7305055,3.2625797,1.0,3,3,1.0,2,3,1.0
5553173,test,a38_39,3.1252446,4.113696,1.0,3,3,1.0,2,2,1.0
5560186,test,a38_39,3.4184427,3.4533525,1.0,3,3,1.0,2,2,1.0
5569009,test,a38_39,3.1659865,1.8774947,1.0,3,3,1.0,2,2,1.0
5570010,test,a38_39,3.4402409,3.7856972,1.0,3,3,1.0,2,4,1.0
5570012,test,a38_39,2.8819177,3.5299022,1.0,3,3,1.0,2,2,1.0
5570033,test,a38_39,3.521068,3.4081893,1.0,3,3,1.0,2,2,1.0
5576031,test,a38_39,2.731232,2.8607311,1.0,3,3,1.0,2,2,1.0
5614005,test,a38_39,2.4218278,3.0700378,1.0,3,3,1.0,2,4,1.0
5615010,test,a38_39,2.928278,3.3347914,1.0,3,3,1.0,2,2,1.0
5615181,test,a38_39,3.3623602,3.64069,1.0,3,3,1.0,2,2,1.0
5621170,test,a38_39,3.2099414,2.8751972,1.0,3,3,1.0,2,2,1.0
5626010,test,a38_39,2.8594346,3.6983402,1.0,3,3,1.0,2,4,1.0
5634188,test,a38_39,3.3634696,3.7130666,1.0,3,3,1.0,2,5,1.0
5635031,test,a38_39,3.3252442,3.0341442,1.0,3,3,1.0,2,2,1.0
5646006,test,a38_39,1.5368485,1.4691843,1.0,2,2,1.0,6,6,1.0
5660005,test,a38_39,2.9395087,3.3618436,1.0,3,3,1.0,2,2,1.0
5664003,test,a38_39,1.6704649,2.5328875,1.0,3,3,1.0,6,6,1.0
5676007,test,a38_39,3.36057,3.2290735,1.0,3,3,1.0,2,2,1.0
5678030,test,a38_39,2.4473917,2.5460799,1.0,3,2,1.0,6,6,1.0
5684034,test,a38_39,3.4435139,4.285655,1.0,3,3,1.0,2,4,1.0
5784005,test,a38_39,1.5510556,0.98314327,1.0,2,2,1.0,6,6,1.0
5819005,test,a38_39,1.7116668,0.0,1.0,3,2,1.0,6,6,1.0
5821008,test,a38_39,2.8672647,2.9653394,1.0,3,3,1.0,2,2,1.0
5863033,test,a38_39,1.5130736,2.2691305,1.0,2,3,1.0,6,6,1.0
5921003,test,a38_39,2.5152142,2.8987672,1.0,3,3,1.0,4,6,1.0
5922010,test,a38_39,3.3633482,3.0221944,1.0,3,3,1.0,6,6,1.0
5938031,test,a38_39,2.5703387,0.0,1.0,3,2,1.0,6,6,1.0
5960033,test,a38_39,2.5695944,2.9610908,1.0,3,3,1.0,6,6,1.0
5995005,test,a38_39,1.8990252,3.1931083,1.0,3,3,1.0,6,6,1.0
6028032,test,a38_39,2.4454458,3.2903967,1.0,3,3,1.0,6,6,1.0
6030005,test,a38_39,3.616463,3.3618436,1.0,3,3,1.0,6,6,1.0
6030008,test,a38_39,3.422791,3.4057453,1.0,3,3,1.0,6,6,1.0
6093006,test,a38_39,1.2617126,2.8947754,1.0,2,3,1.0,6,6,1.0
6093011,test,a38_39,2.3637774,2.4029288,1.0,3,3,1.0,6,6,1.0
6114182,test,a38_39,2.6105611,0.0,1.0,3,-1,0.0,2,4,1.0
6120195,test,a38_39,1.7913578,0.0,1.0,2,2,1.0,2,2,1.0
6121030,test,a38_39,2.9255493,3.990114,1.0,3,3,1.0,6,6,1.0
6179003,test,a38_39,3.5471573,3.4187503,1.0,3,3,1.0,2,2,1.0
6179170,test,a38_39,1.3093547,0.0,1.0,3,2,1.0,2,2,1.0
6191006,test,a38_39,2.9675145,3.497985,1.0,3,3,1.0,6,2,1.0
6200175,test,a38_39,3.5389845,0.0,0.0,3,-1,0.0,2,-1,0.0
6210007,test,a38_39,3.6998918,3.3717976,1.0,3,3,1.0,6,2,1.0
6210008,test,a38_39,3.1835546,2.1378505,1.0,3,2,1.0,6,2,1.0
6350007,test,a38_39,2.5776515,3.0180361,1.0,3,3,1.0,2,2,1.0
6365010,test,a38_39,1.2581778,2.5992112,1.0,2,3,1.0,6,6,1.0
6365011,test,a38_39,2.0432577,0.0,1.0,3,2,1.0,2,2,1.0
6365177,test,a38_39,2.6948297,3.1111588,1.0,3,3,1.0,2,2,1.0
6381008,test,a38_39,3.1093345,4.452307,1.0,3,2,1.0,2,4,1.0
6444003,test,a38_39,2.7215807,3.2238517,1.0,3,3,1.0,2,2,1.0
6475006,test,a38_39,1.3733754,1.6452125,1.0,2,3,1.0,6,6,1.0
6475007,test,a38_39,1.2621516,2.188878,1.0,2,3,1.0,6,6,1.0
6509004,test,a38_39,2.6641493,3.403105,1.0,3,3,1.0,6,2,1.0
6545008,test,a38_39,3.6279335,3.8777459,1.0,3,3,1.0,6,2,1.0
6571003,test,a38_39,2.882246,3.6925054,1.0,3,3,1.0,6,6,1.0
6635009,test,a38_39,1.4996068,0.0,1.0,3,2,1.0,6,6,1.0
6663030,test,a38_39,3.6216316,3.9113111,1.0,3,3,1.0,6,6,1.0
6674003,test,a38_39,3.152504,4.0220346,1.0,3,3,1.0,2,3,1.0
6674005,test,a38_39,3.2957745,0.0,1.0,3,2,1.0,2,4,1.0
6736181,test,a38_39,2.8998394,2.6061158,1.0,3,3,1.0,2,2,1.0
6740003,test,a38_39,2.457969,2.8639922,1.0,3,3,1.0,2,2,1.0
6769008,test,a38_39,2.5918903,0.0,0.0,3,-1,0.0,2,-1,0.0
6779033,test,a38_39,1.3021128,0.0,1.0,2,2,1.0,6,6,1.0
6820030,test,a38_39,2.7283936,0.0,1.0,3,2,1.0,6,6,1.0
6843006,test,a38_39,1.2507808,1.9161729,1.0,2,3,1.0,6,6,1.0
6857006,test,a38_39,3.4475212,4.07775,1.0,3,3,1.0,2,2,1.0
6030,test,a40_41,3.5199375,3.7499423,1.0,3,3,1.0,2,2,1.0
10030,test,a40_41,3.461227,4.559393,1.0,3,3,1.0,2,2,1.0
41008,test,a40_41,2.4183984,0.0,1.0,3,2,1.0,2,3,1.0
68003,test,a40_41,3.6089573,4.0359044,1.0,3,3,1.0,2,2,1.0
127030,test,a40_41,3.3864083,1.9284004,1.0,3,3,1.0,6,2,1.0
127031,test,a40_41,3.4064555,2.6091545,1.0,3,3,1.0,2,4,1.0
129031,test,a40_41,1.7808402,2.0290809,1.0,2,3,1.0,6,6,1.0
129196,test,a40_41,2.7019057,0.0,1.0,3,2,1.0,2,2,1.0
165030,test,a40_41,3.316139,3.9474757,1.0,3,3,1.0,2,2,1.0
284004,test,a40_41,3.9517982,4.279761,1.0,3,3,1.0,2,2,1.0
301032,test,a40_41,3.863102,4.00551,1.0,3,3,1.0,2,2,1.0
327003,test,a40_41,3.1883721,3.8113515,1.0,3,3,1.0,2,2,1.0
327171,test,a40_41,3.274634,1.4956659,1.0,3,3,1.0,2,2,1.0
327172,test,a40_41,2.6804924,2.1790605,1.0,3,3,1.0,2,2,1.0
331005,test,a40_41,3.9034505,4.282937,1.0,3,3,1.0,2,2,1.0
344178,test,a40_41,3.0306098,3.44694,1.0,3,3,1.0,2,2,1.0
461030,test,a40_41,3.525897,2.8327258,1.0,3,3,1.0,2,2,1.0
486004,test,a40_41,3.5120182,3.858834,1.0,3,3,1.0,2,2,1.0
563183,test,a40_41,1.5962894,0.0,1.0,3,2,1.0,2,2,1.0
577004,test,a40_41,2.76747,3.18551,1.0,3,3,1.0,2,2,1.0
607030,test,a40_41,3.7486877,4.129383,1.0,3,3,1.0,2,2,1.0
613173,test,a40_41,3.1755383,4.710525,1.0,3,3,1.0,2,2,1.0
634008,test,a40_41,3.3096766,0.0,1.0,3,2,1.0,2,2,1.0
652005,test,a40_41,3.2675815,3.578778,1.0,3,3,1.0,2,2,1.0
672003,test,a40_41,1.6150342,3.6452837,1.0,2,3,1.0,2,4,1.0
691175,test,a40_41,3.2908318,3.0671463,1.0,3,3,1.0,2,2,1.0
699031,test,a40_41,2.242569,3.5188198,1.0,2,3,1.0,6,6,1.0
722178,test,a40_41,1.2758206,2.6435707,1.0,2,2,1.0,2,2,1.0
771003,test,a40_41,2.9296906,3.6737127,1.0,3,3,1.0,2,2,1.0
775005,test,a40_41,3.4791465,0.7834087,1.0,3,2,1.0,2,2,1.0
796006,test,a40_41,3.6690502,3.935453,1.0,3,3,1.0,2,6,1.0
844003,test,a40_41,3.1204646,3.3626049,1.0,3,3,1.0,2,2,1.0
863006,test,a40_41,3.3497856,1.3168756,1.0,3,2,1.0,2,2,1.0
863173,test,a40_41,3.3157868,3.9154449,1.0,3,3,1.0,2,2,1.0
866172,test,a40_41,3.1628447,2.6542404,1.0,3,3,1.0,6,2,1.0
868005,test,a40_41,3.6040723,0.0,0.0,3,-1,0.0,2,-1,0.0
875030,test,a40_41,1.7781515,0.0,1.0,2,2,1.0,2,2,1.0
897006,test,a40_41,3.15358,2.0627527,1.0,3,2,1.0,2,4,1.0
922171,test,a40_41,3.3706884,4.4280105,1.0,3,3,1.0,2,2,1.0
934030,test,a40_41,3.4065084,4.2702847,1.0,3,3,1.0,2,2,1.0
935005,test,a40_41,2.4968631,2.9372149,1.0,3,3,1.0,2,2,1.0
935176,test,a40_41,3.4987104,3.1244323,1.0,3,3,1.0,2,2,1.0
939030,test,a40_41,3.640575,1.1140053,1.0,3,3,1.0,2,2,1.0
964003,test,a40_41,1.6894455,2.2928271,1.0,3,3,1.0,6,6,1.0
970004,test,a40_41,3.584733,1.595321,1.0,3,3,1.0,2,2,1.0
982004,test,a40_41,3.2506711,3.5209594,1.0,3,3,1.0,2,2,1.0
1033030,test,a40_41,3.4516482,4.8614855,1.0,3,3,1.0,2,2,1.0
1036003,test,a40_41,3.7933083,2.884099,1.0,3,3,1.0,2,2,1.0
1048006,test,a40_41,2.570984,2.782191,1.0,3,3,1.0,2,2,1.0
1055172,test,a40_41,1.7600904,3.6848996,1.0,3,3,1.0,2,2,1.0
1060175,test,a40_41,3.0460522,2.5155134,1.0,3,3,1.0,2,2,1.0
1064171,test,a40_41,3.5502675,3.8597128,1.0,3,3,1.0,2,2,1.0
1072171,test,a40_41,3.3946145,3.5870097,1.0,3,3,1.0,2,2,1.0
1084175,test,a40_41,2.8651705,0.12959567,1.0,3,2,1.0,2,2,1.0
1100172,test,a40_41,3.0401573,3.9865384,1.0,3,3,1.0,2,2,1.0
1141171,test,a40_41,2.2232246,2.8288498,1.0,3,3,1.0,2,2,1.0
1142030,test,a40_41,3.6809342,3.49205,1.0,3,3,1.0,2,3,1.0
1144032,test,a40_41,3.6276755,4.25247,1.0,3,3,1.0,2,2,1.0
1149171,test,a40_41,3.1303754,3.7665071,1.0,3,3,1.0,2,2,1.0
1162030,test,a40_41,3.0096614,3.5748012,1.0,3,3,1.0,2,2,1.0
1167030,test,a40_41,1.4126403,0.0,1.0,2,2,1.0,6,6,1.0
1168008,test,a40_41,2.0108886,3.210248,1.0,3,3,1.0,2,3,1.0
1222179,test,a40_41,2.746712,2.767858,1.0,3,3,1.0,2,2,1.0
1260008,test,a40_41,3.208036,2.63554,1.0,3,3,1.0,2,2,1.0
1269030,test,a40_41,3.117163,4.243668,1.0,3,3,1.0,2,2,1.0
1292030,test,a40_41,3.1174467,0.8605063,1.0,3,2,1.0,2,4,1.0
1298005,test,a40_41,2.738926,3.515135,1.0,3,3,1.0,2,2,1.0
1306030,test,a40_41,4.255919,4.886779,1.0,3,3,1.0,2,2,1.0
1335179,test,a40_41,2.8304286,3.2139137,1.0,3,3,1.0,2,2,1.0
1353030,test,a40_41,1.8015661,0.0,1.0,3,2,1.0,2,2,1.0
1384030,test,a40_41,3.32056,3.8051383,1.0,3,3,1.0,2,2,1.0
1399008,test,a40_41,2.8183944,4.0544734,1.0,3,2,1.0,2,4,1.0
1415004,test,a40_41,2.335948,2.0535257,1.0,3,2,1.0,2,2,1.0
1430005,test,a40_41,2.3097868,0.0,1.0,3,2,1.0,2,6,1.0
1431003,test,a40_41,3.6892776,4.008891,1.0,3,3,1.0,2,2,1.0
1431004,test,a40_41,3.1465244,0.0,1.0,3,2,1.0,2,2,1.0
1431172,test,a40_41,3.7455976,4.6023507,1.0,3,3,1.0,2,2,1.0
1462004,test,a40_41,2.401537,1.7540548,1.0,3,3,1.0,2,2,1.0
1520173,test,a40_41,3.4512568,3.8882296,1.0,3,3,1.0,2,2,1.0
1522175,test,a40_41,3.2961233,4.5083756,1.0,3,3,1.0,2,2,1.0
1542006,test,a40_41,3.1403682,4.433782,1.0,3,3,1.0,2,2,1.0
1542177,test,a40_41,3.4257615,4.2022185,1.0,3,3,1.0,2,2,1.0
1567031,test,a40_41,3.4992929,3.8071828,1.0,3,3,1.0,2,6,1.0
1608031,test,a40_41,3.3833766,3.1444824,1.0,3,3,1.0,2,4,1.0
1612003,test,a40_41,3.6399343,4.1677203,1.0,3,3,1.0,2,4,1.0
1621003,test,a40_41,2.308658,3.2300382,1.0,3,3,1.0,2,2,1.0
1648003,test,a40_41,3.3730216,2.9066825,1.0,3,3,1.0,2,2,1.0
1648030,test,a40_41,3.313565,3.3073823,1.0,3,2,1.0,2,6,1.0
1670172,test,a40_41,2.7749748,2.9212708,1.0,3,3,1.0,2,2,1.0
1684170,test,a40_41,1.3330878,0.0,0.0,2,-1,0.0,2,-1,0.0
1690030,test,a40_41,3.5709329,3.6953304,1.0,3,3,1.0,2,2,1.0
1692176,test,a40_41,3.396811,3.8142254,1.0,3,3,1.0,2,2,1.0
1695030,test,a40_41,2.9864037,2.9304814,1.0,3,3,1.0,6,2,1.0
1697036,test,a40_41,3.1849694,0.0,1.0,3,3,1.0,6,2,1.0
1698170,test,a40_41,2.6444426,2.7524128,1.0,3,3,1.0,2,2,1.0
1700031,test,a40_41,3.3010774,3.4132857,1.0,3,3,1.0,2,4,1.0
1701003,test,a40_41,3.4663386,4.083866,1.0,3,3,1.0,2,6,1.0
1711003,test,a40_41,2.529718,2.6030054,1.0,3,3,1.0,2,2,1.0
1711171,test,a40_41,3.2338886,1.7564632,1.0,3,3,1.0,2,2,1.0
1732005,test,a40_41,2.5670543,3.6597633,1.0,3,3,1.0,2,4,1.0
1762187,test,a40_41,1.9462699,2.3030276,1.0,3,3,1.0,2,3,1.0
1786187,test,a40_41,3.3152966,3.3871381,1.0,3,3,1.0,2,2,1.0
1837006,test,a40_41,3.578789,2.9212708,1.0,3,3,1.0,2,2,1.0
1850172,test,a40_41,2.0232882,3.478806,1.0,3,3,1.0,2,2,1.0
1878030,test,a40_41,2.9037957,0.0,1.0,3,2,1.0,2,4,1.0
1879030,test,a40_41,3.410244,4.0048003,1.0,3,3,1.0,2,2,1.0
1905004,test,a40_41,3.6456804,3.8047087,1.0,3,3,1.0,2,2,1.0
1919009,test,a40_41,3.3123276,2.2302382,1.0,3,3,1.0,2,2,1.0
1935004,test,a40_41,2.6221151,3.016735,1.0,3,3,1.0,2,2,1.0
1936030,test,a40_41,2.7567577,1.4956659,1.0,3,3,1.0,2,2,1.0
1978171,test,a40_41,2.7485263,2.6840017,1.0,3,3,1.0,2,2,1.0
2030031,test,a40_41,3.232852,3.3526871,1.0,3,3,1.0,2,2,1.0
2117003,test,a40_41,3.0084767,2.4012594,1.0,3,3,1.0,2,2,1.0
2150172,test,a40_41,1.9445068,2.8005123,1.0,3,2,1.0,2,2,1.0
2199182,test,a40_41,3.0100605,4.0846477,1.0,3,3,1.0,2,2,1.0
2206030,test,a40_41,3.3903174,2.9928195,1.0,3,3,1.0,2,2,1.0
2212031,test,a40_41,3.6560073,4.4331484,1.0,3,3,1.0,2,2,1.0
2238004,test,a40_41,3.350641,3.9032092,1.0,3,3,1.0,2,4,1.0
2238172,test,a40_41,3.1309943,4.278098,1.0,3,3,1.0,2,3,1.0
2252172,test,a40_41,3.0748913,3.153995,1.0,3,3,1.0,2,2,1.0
2255030,test,a40_41,4.1798115,4.886779,1.0,3,3,1.0,2,2,1.0
2277008,test,a40_41,2.8036914,2.7901263,1.0,3,3,1.0,2,2,1.0
2311172,test,a40_41,2.3047395,0.74044657,1.0,3,3,1.0,2,2,1.0
2330003,test,a40_41,3.6766346,3.858834,1.0,3,3,1.0,2,2,1.0
2338003,test,a40_41,3.4984798,4.6548495,1.0,3,3,1.0,2,2,1.0
2341004,test,a40_41,3.439654,3.0886452,1.0,3,3,1.0,2,4,1.0
2341005,test,a40_41,2.9147096,2.4084687,1.0,3,3,1.0,2,2,1.0
2354004,test,a40_41,1.8216841,2.5044913,1.0,3,3,1.0,2,2,1.0
2392004,test,a40_41,2.3040023,0.0,0.0,3,-1,0.0,2,-1,0.0
2393005,test,a40_41,3.8605428,3.6807222,1.0,3,3,1.0,2,2,1.0
2393171,test,a40_41,2.801993,3.9681766,1.0,3,3,1.0,2,2,1.0
2409006,test,a40_41,3.115723,0.0,0.0,3,-1,0.0,2,-1,0.0
2409171,test,a40_41,3.0267923,3.0480464,1.0,3,3,1.0,2,4,1.0
2422178,test,a40_41,3.4294848,3.4296312,1.0,3,3,1.0,2,2,1.0
2459030,test,a40_41,3.1384335,3.9497616,1.0,3,3,1.0,2,2,1.0
2474030,test,a40_41,3.3888874,4.079769,1.0,3,3,1.0,2,2,1.0
2474171,test,a40_41,2.2243137,0.0,1.0,3,2,1.0,2,2,1.0
2485173,test,a40_41,2.942866,2.5871267,1.0,3,3,1.0,2,4,1.0
2496172,test,a40_41,2.902413,3.3445346,1.0,3,3,1.0,2,2,1.0
2502005,test,a40_41,3.1913059,3.3588138,1.0,3,3,1.0,2,2,1.0
2510171,test,a40_41,3.2059398,4.455336,1.0,3,3,1.0,2,2,1.0
2525174,test,a40_41,3.1432545,0.0,1.0,3,2,1.0,2,2,1.0
2530184,test,a40_41,2.8457437,0.0,1.0,3,2,1.0,2,2,1.0
2547171,test,a40_41,3.6975958,4.540295,1.0,3,3,1.0,2,2,1.0
2580030,test,a40_41,4.066764,4.8289323,1.0,3,3,1.0,2,2,1.0
2593171,test,a40_41,3.2357876,4.5567827,1.0,3,3,1.0,2,4,1.0
2615031,test,a40_41,3.4641194,3.1635318,1.0,3,3,1.0,2,2,1.0
2642030,test,a40_41,2.735008,3.5686162,1.0,3,3,1.0,2,2,1.0
2655002,test,a40_41,1.6148013,0.0,1.0,3,2,1.0,2,2,1.0
2705031,test,a40_41,3.597845,3.5910182,1.0,3,3,1.0,2,4,1.0
2707179,test,a40_41,3.1449184,3.1097243,1.0,3,3,1.0,2,2,1.0
2714031,test,a40_41,3.4053135,4.4998927,1.0,3,3,1.0,2,3,1.0
2717004,test,a40_41,3.482751,3.5781584,1.0,3,3,1.0,2,2,1.0
2738171,test,a40_41,3.4925556,4.0232816,1.0,3,3,1.0,2,2,1.0
2794003,test,a40_41,3.629149,3.718102,1.0,3,3,1.0,2,2,1.0
2845030,test,a40_41,2.9779885,3.4900744,1.0,3,3,1.0,2,2,1.0
2847030,test,a40_41,2.5850036,3.4371748,1.0,3,3,1.0,4,4,1.0
2848174,test,a40_41,2.2727528,0.0,1.0,3,3,1.0,6,2,1.0
2852006,test,a40_41,1.5310582,1.7842062,1.0,3,3,1.0,2,2,1.0
2852030,test,a40_41,3.3424957,3.4605064,1.0,3,3,1.0,2,4,1.0
2869170,test,a40_41,3.314236,4.2101345,1.0,3,3,1.0,2,2,1.0
2897006,test,a40_41,3.13792,0.0,1.0,3,3,1.0,2,2,1.0
2900171,test,a40_41,3.4927905,3.6409497,1.0,3,3,1.0,2,2,1.0
2907006,test,a40_41,3.0446122,2.6187103,1.0,3,3,1.0,2,2,1.0
2920030,test,a40_41,3.4685173,0.0,0.0,3,-1,0.0,6,-1,0.0
3107001,test,a40_41,3.2791028,3.2733867,1.0,3,3,1.0,2,2,1.0
3137007,test,a40_41,2.5259547,2.5467622,1.0,3,3,1.0,6,6,1.0
3283002,test,a40_41,3.362737,3.921005,1.0,3,3,1.0,2,6,1.0
3492001,test,a40_41,3.1436548,0.0,1.0,3,2,1.0,6,2,1.0
5016170,test,a40_41,2.948731,2.2421632,1.0,3,3,1.0,2,4,1.0
5082003,test,a40_41,3.3621767,3.9932265,1.0,3,3,1.0,6,4,1.0
5145032,test,a40_41,3.1083336,3.1170058,1.0,3,3,1.0,6,6,1.0
5163030,test,a40_41,3.3363214,2.9642875,1.0,3,3,1.0,2,4,1.0
5177171,test,a40_41,2.0777845,0.49211225,1.0,3,2,1.0,6,6,1.0
5199178,test,a40_41,2.852368,3.59953,1.0,3,3,1.0,2,2,1.0
5241030,test,a40_41,2.91954,3.5749753,1.0,3,3,1.0,6,6,1.0
5264004,test,a40_41,3.2372262,3.5120373,1.0,3,3,1.0,2,2,1.0
5294003,test,a40_41,3.5853863,3.654262,1.0,3,3,1.0,2,2,1.0
5299172,test,a40_41,3.1786551,3.1953952,1.0,3,3,1.0,2,2,1.0
5306002,test,a40_41,2.4656026,0.3266577,1.0,3,2,1.0,2,6,1.0
5350030,test,a40_41,2.5480113,3.3050623,1.0,3,3,1.0,2,6,1.0
5364006,test,a40_41,3.252601,4.7806487,1.0,3,3,1.0,6,6,1.0
5366033,test,a40_41,2.991558,3.8141546,1.0,3,3,1.0,6,4,1.0
5406173,test,a40_41,2.8931105,3.6509905,1.0,3,3,1.0,2,4,1.0
5424030,test,a40_41,1.7633805,1.3657057,1.0,3,3,1.0,6,6,1.0
5425003,test,a40_41,2.1150815,2.8280425,1.0,3,3,1.0,2,2,1.0
5430031,test,a40_41,2.142713,0.6298249,1.0,3,2,1.0,6,6,1.0
5430171,test,a40_41,2.719774,2.7871172,1.0,3,3,1.0,6,6,1.0
5443007,test,a40_41,2.0083172,3.016735,1.0,3,3,1.0,2,2,1.0
5464032,test,a40_41,2.6758149,1.6090235,1.0,3,2,1.0,2,2,1.0
5488007,test,a40_41,2.641557,2.6505947,1.0,3,3,1.0,2,2,1.0
5494005,test,a40_41,2.9279807,3.4877887,1.0,3,3,1.0,6,2,1.0
5513030,test,a40_41,2.9858975,0.0,1.0,3,3,1.0,6,6,1.0
5549006,test,a40_41,2.711687,3.1447468,1.0,3,2,1.0,2,3,1.0
5553173,test,a40_41,3.1930618,4.0601115,1.0,3,3,1.0,2,2,1.0
5560186,test,a40_41,3.4309576,3.5258186,1.0,3,3,1.0,2,2,1.0
5569009,test,a40_41,3.0251527,3.5397089,1.0,3,3,1.0,2,3,1.0
5570010,test,a40_41,3.4026983,3.7746825,1.0,3,3,1.0,2,4,1.0
5570012,test,a40_41,2.767308,3.5320323,1.0,3,3,1.0,2,2,1.0
5570033,test,a40_41,3.4320087,3.0667183,1.0,3,3,1.0,2,2,1.0
5576031,test,a40_41,2.5801296,2.7843602,1.0,3,3,1.0,2,2,1.0
5614005,test,a40_41,2.4725482,1.4687297,1.0,3,2,1.0,3,4,1.0
5615010,test,a40_41,3.0041509,3.456708,1.0,3,3,1.0,6,2,1.0
5615181,test,a40_41,3.341261,3.760343,1.0,3,3,1.0,2,2,1.0
5621170,test,a40_41,3.2291887,2.9801733,1.0,3,3,1.0,2,2,1.0
5626010,test,a40_41,2.9250948,3.3771255,1.0,3,3,1.0,2,4,1.0
5634188,test,a40_41,3.360597,4.2273045,1.0,3,3,1.0,2,5,1.0
5635031,test,a40_41,3.2187073,2.0191162,1.0,3,2,1.0,2,2,1.0
5646006,test,a40_41,1.6928742,0.6864259,1.0,3,2,1.0,6,6,1.0
5660005,test,a40_41,2.9947622,1.360323,1.0,3,3,1.0,2,3,1.0
5664003,test,a40_41,1.784697,2.423047,1.0,3,2,1.0,6,6,1.0
5676007,test,a40_41,3.2110496,3.4555361,1.0,3,3,1.0,2,2,1.0
5678030,test,a40_41,2.4643831,0.0,1.0,3,2,1.0,6,6,1.0
5684034,test,a40_41,3.2865417,3.965506,1.0,3,3,1.0,2,2,1.0
5784005,test,a40_41,1.4972229,0.544594,1.0,2,3,1.0,6,6,1.0
5819005,test,a40_41,1.7324872,0.0,1.0,2,3,1.0,6,6,1.0
5821008,test,a40_41,2.7294626,3.1290631,1.0,3,3,1.0,2,2,1.0
5863033,test,a40_41,1.6776367,2.174519,1.0,3,3,1.0,6,6,1.0
5921003,test,a40_41,2.461913,3.4085956,1.0,3,3,1.0,2,6,1.0
5922010,test,a40_41,3.3379235,4.886779,1.0,3,3,1.0,6,6,1.0
5938031,test,a40_41,2.5856836,0.0,1.0,3,2,1.0,6,6,1.0
5960033,test,a40_41,2.4819715,3.553619,1.0,3,3,1.0,6,6,1.0
5995005,test,a40_41,2.048177,0.0,1.0,3,2,1.0,6,6,1.0
6028032,test,a40_41,2.474367,3.255347,1.0,3,3,1.0,6,6,1.0
6030005,test,a40_41,3.5925062,3.3395429,1.0,3,3,1.0,6,2,1.0
6030008,test,a40_41,3.3915656,3.1301715,1.0,3,3,1.0,6,2,1.0
6093006,test,a40_41,1.4458892,3.1447468,1.0,2,3,1.0,6,6,1.0
6093011,test,a40_41,2.2823005,3.3018157,1.0,3,3,1.0,6,6,1.0
6114182,test,a40_41,2.5789766,0.0,1.0,3,2,1.0,2,4,1.0
6120195,test,a40_41,1.962406,0.0,1.0,3,3,1.0,2,3,1.0
6121030,test,a40_41,2.7269444,3.929484,1.0,3,3,1.0,6,6,1.0
6179003,test,a40_41,3.520069,3.4392455,1.0,3,3,1.0,2,2,1.0
6179170,test,a40_41,1.3723284,0.0,1.0,3,2,1.0,2,2,1.0
6191006,test,a40_41,2.9525318,3.8172607,1.0,3,3,1.0,6,2,1.0
6200175,test,a40_41,3.5051658,3.2527912,1.0,3,3,1.0,2,2,1.0
6210007,test,a40_41,3.6950624,3.212376,1.0,3,3,1.0,6,2,1.0
6210008,test,a40_41,3.1755226,0.0,1.0,3,2,1.0,6,4,1.0
6350007,test,a40_41,2.581801,3.1544933,1.0,3,3,1.0,2,2,1.0
6365010,test,a40_41,1.37429,3.0165422,1.0,2,3,1.0,6,6,1.0
6365011,test,a40_41,1.9335922,0.0,1.0,3,2,1.0,2,2,1.0
6365177,test,a40_41,2.7010152,3.6634784,1.0,3,3,1.0,2,2,1.0
6381008,test,a40_41,3.1055892,0.0,1.0,3,2,1.0,2,4,1.0
6444003,test,a40_41,2.6251388,2.9807694,1.0,3,3,1.0,2,2,1.0
6475006,test,a40_41,1.2201476,0.0,1.0,2,2,1.0,6,6,1.0
6475007,test,a40_41,1.1025729,3.4318714,1.0,2,3,1.0,6,6,1.0
6509004,test,a40_41,2.7261822,3.3419354,1.0,3,3,1.0,6,2,1.0
6545008,test,a40_41,3.5244882,0.0,1.0,3,3,1.0,6,2,1.0
6571003,test,a40_41,2.723212,4.2124395,1.0,3,3,1.0,6,6,1.0
6635009,test,a40_41,1.5795892,0.0,1.0,3,2,1.0,6,6,1.0
6663030,test,a40_41,3.651454,4.0755825,1.0,3,3,1.0,6,6,1.0
6674003,test,a40_41,3.0803566,4.3560786,1.0,3,3,1.0,2,4,1.0
6674005,test,a40_41,3.3719711,0.0,1.0,3,2,1.0,2,4,1.0
6736181,test,a40_41,2.8825777,2.6303368,1.0,3,3,1.0,2,2,1.0
6740003,test,a40_41,2.3574462,2.6061158,1.0,3,3,1.0,2,2,1.0
6769008,test,a40_41,2.5921197,2.2111993,1.0,3,3,1.0,2,3,1.0
6779033,test,a40_41,1.2686887,0.0,1.0,2,2,1.0,6,6,1.0
6820030,test,a40_41,2.8797731,0.0,1.0,3,2,1.0,6,6,1.0
6843006,test,a40_41,1.236032,1.8969418,1.0,2,2,1.0,6,2,1.0
6857006,test,a40_41,3.4028795,3.766271,1.0,3,3,1.0,2,3,1.0
6030,test,a42_43,3.384435,4.018007,1.0,3,3,1.0,2,2,1.0
10030,test,a42_43,3.4623182,4.516398,1.0,3,3,1.0,2,2,1.0
41008,test,a42_43,2.53756,0.0,1.0,3,2,1.0,2,4,1.0
68003,test,a42_43,3.5703402,3.703213,1.0,3,3,1.0,2,2,1.0
127030,test,a42_43,3.2770066,0.0,0.0,3,-1,0.0,6,-1,0.0
127031,test,a42_43,3.3075085,3.1822217,1.0,3,3,1.0,6,4,1.0
129031,test,a42_43,1.8526001,2.110738,1.0,2,3,1.0,6,6,1.0
129196,test,a42_43,2.7003303,0.0,1.0,3,2,1.0,2,2,1.0
165030,test,a42_43,3.2304862,4.0063634,1.0,3,3,1.0,2,2,1.0
284004,test,a42_43,3.9380004,4.437202,1.0,3,3,1.0,2,2,1.0
301032,test,a42_43,3.855322,3.9811094,1.0,3,3,1.0,2,2,1.0
327003,test,a42_43,3.2099464,3.8643053,1.0,3,3,1.0,2,2,1.0
327171,test,a42_43,3.2862947,2.8548763,1.0,3,3,1.0,2,2,1.0
327172,test,a42_43,2.6739638,3.2091634,1.0,3,3,1.0,2,2,1.0
331005,test,a42_43,3.8126616,4.2756553,1.0,3,3,1.0,2,2,1.0
344178,test,a42_43,3.0092413,3.4481115,1.0,3,3,1.0,2,2,1.0
461030,test,a42_43,3.5303152,3.3523545,1.0,3,3,1.0,2,2,1.0
486004,test,a42_43,3.4969225,3.933598,1.0,3,3,1.0,2,2,1.0
563183,test,a42_43,1.5741116,0.0,1.0,3,2,1.0,2,2,1.0
577004,test,a42_43,2.6640518,2.9315493,1.0,3,3,1.0,2,2,1.0
607030,test,a42_43,3.724119,3.9962149,1.0,3,3,1.0,2,2,1.0
613173,test,a42_43,3.1917424,4.227375,1.0,3,3,1.0,2,2,1.0
634008,test,a42_43,3.306744,0.0,1.0,3,2,1.0,2,2,1.0
652005,test,a42_43,3.274648,3.6719475,1.0,3,3,1.0,2,2,1.0
672003,test,a42_43,1.7075601,3.808172,1.0,3,3,1.0,2,4,1.0
691175,test,a42_43,3.2765114,3.1299195,1.0,3,3,1.0,2,2,1.0
699031,test,a42_43,2.29421,3.583789,1.0,2,3,1.0,6,6,1.0
722178,test,a42_43,1.3235234,2.521224,1.0,2,3,1.0,2,2,1.0
771003,test,a42_43,2.8632092,3.6820703,1.0,3,3,1.0,2,2,1.0
775005,test,a42_43,3.545021,0.8922645,1.0,3,2,1.0,2,2,1.0
796006,test,a42_43,3.5998964,3.7072225,1.0,3,3,1.0,2,6,1.0
844003,test,a42_43,3.1407597,3.515213,1.0,3,3,1.0,2,2,1.0
863006,test,a42_43,3.2962904,1.3962052,1.0,3,3,1.0,2,2,1.0
863173,test,a42_43,3.3609602,4.0801353,1.0,3,3,1.0,2,2,1.0
866172,test,a42_43,3.1244051,3.1822217,1.0,3,3,1.0,2,2,1.0
868005,test,a42_43,3.583375,4.123802,1.0,3,3,1.0,2,2,1.0
875030,test,a42_43,1.8038464,0.0,1.0,2,2,1.0,2,2,1.0
897006,test,a42_43,3.129152,0.0,1.0,3,2,1.0,2,4,1.0
922171,test,a42_43,3.3316925,4.564996,1.0,3,3,1.0,2,2,1.0
934030,test,a42_43,3.345894,4.243668,1.0,3,3,1.0,2,2,1.0
935005,test,a42_43,2.5396516,2.483961,1.0,3,3,1.0,2,2,1.0
935176,test,a42_43,3.513474,3.3922262,1.0,3,3,1.0,2,2,1.0
939030,test,a42_43,3.5809188,0.0,1.0,3,2,1.0,2,2,1.0
964003,test,a42_43,1.6366246,2.023317,1.0,3,3,1.0,6,6,1.0
970004,test,a42_43,3.5805855,3.4467251,1.0,3,3,1.0,2,2,1.0
982004,test,a42_43,3.2056396,3.616172,1.0,3,3,1.0,2,2,1.0
1033030,test,a42_43,3.4468415,4.886779,1.0,3,3,1.0,2,2,1.0
1036003,test,a42_43,3.8231542,3.3667955,1.0,3,3,1.0,2,2,1.0
1048006,test,a42_43,2.5965002,2.895511,1.0,3,3,1.0,2,2,1.0
1055172,test,a42_43,1.7305311,3.6527476,1.0,3,3,1.0,2,2,1.0
1060175,test,a42_43,3.0265734,2.5045755,1.0,3,3,1.0,2,2,1.0
1064171,test,a42_43,3.576604,4.023821,1.0,3,3,1.0,2,2,1.0
1072171,test,a42_43,3.411301,2.8696802,1.0,3,3,1.0,2,2,1.0
1084175,test,a42_43,2.8904772,0.0,1.0,3,2,1.0,2,2,1.0
1100172,test,a42_43,2.9899836,3.9111626,1.0,3,3,1.0,2,2,1.0
1141171,test,a42_43,2.3522015,3.0497952,1.0,3,3,1.0,2,4,1.0
1142030,test,a42_43,3.6800706,3.3326652,1.0,3,3,1.0,2,4,1.0
1144032,test,a42_43,3.5604105,4.289485,1.0,3,3,1.0,2,2,1.0
1149171,test,a42_43,3.1536965,3.9254675,1.0,3,3,1.0,2,2,1.0
1162030,test,a42_43,3.0172338,3.525854,1.0,3,3,1.0,2,2,1.0
1167030,test,a42_43,1.4392097,0.0,1.0,2,3,1.0,6,6,1.0
1168008,test,a42_43,2.0304155,3.535023,1.0,3,3,1.0,2,3,1.0
1222179,test,a42_43,2.723036,2.8725085,1.0,3,3,1.0,2,2,1.0
1260008,test,a42_43,3.066391,2.7313974,1.0,3,3,1.0,2,2,1.0
1269030,test,a42_43,3.243327,4.3682094,1.0,3,3,1.0,2,2,1.0
1292030,test,a42_43,3.0554907,0.0,1.0,3,2,1.0,2,4,1.0
1298005,test,a42_43,2.665598,3.5551443,1.0,3,3,1.0,2,2,1.0
1306030,test,a42_43,4.149645,4.886779,1.0,3,3,1.0,2,2,1.0
1335179,test,a42_43,2.8041904,3.439407,1.0,3,3,1.0,2,2,1.0
1353030,test,a42_43,1.7812502,0.0,1.0,3,2,1.0,2,2,1.0
1384030,test,a42_43,3.266241,3.6010532,1.0,3,3,1.0,2,2,1.0
1399008,test,a42_43,2.7077806,4.2632937,1.0,3,2,1.0,2,4,1.0
1415004,test,a42_43,2.359493,1.6088175,1.0,3,3,1.0,2,2,1.0
1430005,test,a42_43,2.3030412,0.0,1.0,3,2,1.0,2,6,1.0
1431003,test,a42_43,3.7049608,4.011046,1.0,3,3,1.0,2,2,1.0
1431004,test,a42_43,3.1257808,1.4956659,1.0,3,3,1.0,2,2,1.0
1431172,test,a42_43,3.7610433,4.584402,1.0,3,3,1.0,2,2,1.0
1462004,test,a42_43,2.2820888,3.3424077,1.0,3,3,1.0,2,2,1.0
1520173,test,a42_43,3.4396362,3.747171,1.0,3,3,1.0,2,2,1.0
1522175,test,a42_43,3.28926,4.696712,1.0,3,3,1.0,2,2,1.0
1542006,test,a42_43,3.215506,4.3451347,1.0,3,3,1.0,2,2,1.0
1542177,test,a42_43,3.4491458,4.0403357,1.0,3,3,1.0,2,2,1.0
1567031,test,a42_43,3.4655871,3.7483754,1.0,3,3,1.0,2,6,1.0
1608031,test,a42_43,3.5823617,3.5092788,1.0,3,3,1.0,2,4,1.0
1612003,test,a42_43,3.687055,4.0259957,1.0,3,3,1.0,2,4,1.0
1621003,test,a42_43,2.3411376,0.0,1.0,3,3,1.0,2,2,1.0
1648003,test,a42_43,3.36156,2.5321536,1.0,3,3,1.0,2,2,1.0
1648030,test,a42_43,3.298872,0.6704159,1.0,3,2,1.0,2,6,1.0
1670172,test,a42_43,2.8844254,3.1949477,1.0,3,3,1.0,2,2,1.0
1684170,test,a42_43,1.3612254,3.265041,1.0,2,3,1.0,2,2,1.0
1690030,test,a42_43,3.5586662,3.680744,1.0,3,3,1.0,2,2,1.0
1692176,test,a42_43,3.414688,3.9474757,1.0,3,3,1.0,2,2,1.0
1695030,test,a42_43,2.9607677,3.1937861,1.0,3,3,1.0,6,2,1.0
1697036,test,a42_43,3.2890546,1.541289,1.0,3,3,1.0,6,2,1.0
1698170,test,a42_43,2.6949599,2.7459342,1.0,3,3,1.0,2,2,1.0
1700031,test,a42_43,3.25569,3.5983753,1.0,3,3,1.0,2,4,1.0
1701003,test,a42_43,3.4579422,4.1992106,1.0,3,3,1.0,2,6,1.0
1711003,test,a42_43,2.5891669,0.0,1.0,3,2,1.0,2,2,1.0
1711171,test,a42_43,3.2507296,0.0,1.0,3,2,1.0,2,2,1.0
1732005,test,a42_43,2.7408965,4.4446826,1.0,3,3,1.0,2,4,1.0
1762187,test,a42_43,1.8835849,1.674252,1.0,3,3,1.0,2,3,1.0
1786187,test,a42_43,3.281282,3.3329153,1.0,3,3,1.0,2,2,1.0
1837006,test,a42_43,3.6828537,2.976302,1.0,3,3,1.0,2,2,1.0
1850172,test,a42_43,1.9349487,3.4697297,1.0,3,3,1.0,2,2,1.0
1878030,test,a42_43,3.0173147,2.5655892,1.0,3,3,1.0,2,4,1.0
1879030,test,a42_43,3.4496071,4.0755825,1.0,3,3,1.0,2,2,1.0
1905004,test,a42_43,3.6680486,4.7210507,1.0,3,3,1.0,2,2,1.0
1919009,test,a42_43,3.2482698,2.1802564,1.0,3,3,1.0,2,2,1.0
1935004,test,a42_43,2.6457808,1.0762821,1.0,3,3,1.0,2,2,1.0
1936030,test,a42_43,2.823807,1.3160636,1.0,3,3,1.0,2,2,1.0
1978171,test,a42_43,2.711702,2.9928195,1.0,3,3,1.0,2,2,1.0
2030031,test,a42_43,3.2642078,3.3705976,1.0,3,3,1.0,2,2,1.0
2117003,test,a42_43,2.962776,2.3713877,1.0,3,3,1.0,2,2,1.0
2150172,test,a42_43,1.8428177,3.0265424,1.0,3,3,1.0,2,4,1.0
2199182,test,a42_43,3.1049886,4.1060762,1.0,3,3,1.0,2,2,1.0
2206030,test,a42_43,3.4364123,2.9993773,1.0,3,3,1.0,2,2,1.0
2212031,test,a42_43,3.701952,4.3677416,1.0,3,3,1.0,2,2,1.0
2238004,test,a42_43,3.3621783,4.0907726,1.0,3,3,1.0,2,4,1.0
2238172,test,a42_43,3.0940456,4.4151845,1.0,3,3,1.0,2,4,1.0
2252172,test,a42_43,3.0763893,3.0762377,1.0,3,3,1.0,2,2,1.0
2255030,test,a42_43,4.201355,4.6077914,1.0,3,3,1.0,2,2,1.0
2277008,test,a42_43,2.703354,2.9075313,1.0,3,3,1.0,2,2,1.0
2311172,test,a42_43,2.316814,2.0253,1.0,3,3,1.0,2,2,1.0
2330003,test,a42_43,3.6414185,4.706708,1.0,3,3,1.0,2,2,1.0
2338003,test,a42_43,3.5382779,4.748924,1.0,3,3,1.0,2,2,1.0
2341004,test,a42_43,3.5434008,3.5317435,1.0,3,2,1.0,2,2,1.0
2341005,test,a42_43,2.9586635,4.5817747,1.0,3,3,1.0,2,2,1.0
2354004,test,a42_43,1.8160591,2.3713877,1.0,3,3,1.0,2,2,1.0
2392004,test,a42_43,2.2449741,3.3104866,1.0,3,3,1.0,2,3,1.0
2393005,test,a42_43,3.908718,3.3018157,1.0,3,3,1.0,2,2,1.0
2393171,test,a42_43,2.8102822,4.596202,1.0,3,3,1.0,2,2,1.0
2409006,test,a42_43,3.2081082,3.8550358,1.0,3,3,1.0,2,4,1.0
2409171,test,a42_43,3.0091596,2.9554553,1.0,3,3,1.0,2,4,1.0
2422178,test,a42_43,3.4016206,3.470292,1.0,3,3,1.0,2,2,1.0
2459030,test,a42_43,3.036716,4.0590634,1.0,3,3,1.0,2,2,1.0
2474030,test,a42_43,3.4688768,4.110122,1.0,3,3,1.0,2,2,1.0
2474171,test,a42_43,2.1561291,0.0,1.0,3,3,1.0,2,2,1.0
2485173,test,a42_43,2.9254344,2.700981,1.0,3,3,1.0,2,2,1.0
2496172,test,a42_43,2.8724005,3.4664924,1.0,3,3,1.0,2,2,1.0
2502005,test,a42_43,3.168346,4.0467095,1.0,3,3,1.0,2,2,1.0
2510171,test,a42_43,3.1876717,4.201887,1.0,3,3,1.0,2,2,1.0
2525174,test,a42_43,3.147082,0.0,1.0,3,2,1.0,2,2,1.0
2530184,test,a42_43,2.8160498,2.1477582,1.0,3,3,1.0,2,2,1.0
2547171,test,a42_43,3.7238529,4.3276353,1.0,3,3,1.0,2,2,1.0
2580030,test,a42_43,4.0042367,4.7627664,1.0,3,3,1.0,2,2,1.0
2593171,test,a42_43,3.2600377,4.5300713,1.0,3,3,1.0,2,4,1.0
2615031,test,a42_43,3.4884634,3.1693892,1.0,3,3,1.0,2,2,1.0
2642030,test,a42_43,2.715783,3.7204437,1.0,3,3,1.0,2,2,1.0
2655002,test,a42_43,1.6058801,0.0,1.0,3,2,1.0,2,2,1.0
2705031,test,a42_43,3.566089,3.8177946,1.0,3,3,1.0,2,4,1.0
2707179,test,a42_43,3.1108747,2.8142757,1.0,3,3,1.0,2,2,1.0
2714031,test,a42_43,3.3895688,4.569471,1.0,3,3,1.0,2,4,1.0
2717004,test,a42_43,3.4093366,3.5017936,1.0,3,3,1.0,2,2,1.0
2738171,test,a42_43,3.4485655,3.9697835,1.0,3,3,1.0,2,2,1.0
2794003,test,a42_43,3.5967069,3.6463413,1.0,3,3,1.0,2,2,1.0
2845030,test,a42_43,2.9723248,3.6226897,1.0,3,3,1.0,2,2,1.0
2847030,test,a42_43,2.6779041,3.4256546,1.0,3,3,1.0,4,4,1.0
2848174,test,a42_43,2.3085423,2.3689122,1.0,3,3,1.0,2,2,1.0
2852006,test,a42_43,1.5675063,3.0007699,1.0,3,2,1.0,2,3,1.0
2852030,test,a42_43,3.3712597,2.2156281,1.0,3,2,1.0,2,4,1.0
2869170,test,a42_43,3.314065,4.379163,1.0,3,3,1.0,2,2,1.0
2897006,test,a42_43,3.159328,3.6260033,1.0,3,3,1.0,2,2,1.0
2900171,test,a42_43,3.472564,3.7188902,1.0,3,3,1.0,2,2,1.0
2907006,test,a42_43,3.0579848,2.8249462,1.0,3,3,1.0,2,2,1.0
2920030,test,a42_43,3.466808,3.3265107,1.0,3,3,1.0,6,4,1.0
3107001,test,a42_43,3.332532,1.9854654,1.0,3,3,1.0,2,4,1.0
3137007,test,a42_43,2.5628533,2.4228272,1.0,3,2,1.0,6,6,1.0
3283002,test,a42_43,3.3612218,3.9443512,1.0,3,3,1.0,2,6,1.0
3492001,test,a42_43,3.158039,0.118359506,1.0,3,2,1.0,2,2,1.0
5016170,test,a42_43,2.9127164,2.743526,1.0,3,3,1.0,2,4,1.0
5082003,test,a42_43,3.4427922,3.938906,1.0,3,3,1.0,6,4,1.0
5145032,test,a42_43,3.075696,3.1056306,1.0,3,3,1.0,6,6,1.0
5163030,test,a42_43,3.2646046,3.1932871,1.0,3,3,1.0,2,4,1.0
5177171,test,a42_43,2.0424726,0.9682884,1.0,3,2,1.0,6,6,1.0
5199178,test,a42_43,2.8447394,3.7188902,1.0,3,3,1.0,2,2,1.0
5241030,test,a42_43,2.9731596,3.4132857,1.0,3,3,1.0,2,6,1.0
5264004,test,a42_43,3.1945739,3.606141,1.0,3,3,1.0,2,2,1.0
5294003,test,a42_43,3.5264134,3.6645775,1.0,3,3,1.0,2,2,1.0
5299172,test,a42_43,3.19185,3.3685656,1.0,3,3,1.0,2,2,1.0
5306002,test,a42_43,2.549707,0.0,1.0,3,2,1.0,4,6,1.0
5350030,test,a42_43,2.5088532,3.5163884,1.0,3,3,1.0,2,2,1.0
5364006,test,a42_43,3.1916175,4.2447352,1.0,3,3,1.0,6,6,1.0
5366033,test,a42_43,2.9630492,3.8660583,1.0,3,3,1.0,6,4,1.0
5406173,test,a42_43,2.9061685,3.5017936,1.0,3,3,1.0,2,4,1.0
5424030,test,a42_43,1.8313361,2.9297807,1.0,2,3,1.0,6,6,1.0
5425003,test,a42_43,2.2096257,2.960796,1.0,3,3,1.0,2,2,1.0
5430031,test,a42_43,2.1418986,0.0,1.0,3,2,1.0,6,6,1.0
5430171,test,a42_43,2.6341393,3.5347836,1.0,3,3,1.0,6,6,1.0
5443007,test,a42_43,2.1046999,1.5825812,1.0,3,3,1.0,2,2,1.0
5464032,test,a42_43,2.7024307,3.1379235,1.0,3,3,1.0,2,2,1.0
5488007,test,a42_43,2.5966518,2.7536736,1.0,3,3,1.0,2,2,1.0
5494005,test,a42_43,2.9560626,3.4795048,1.0,3,3,1.0,6,2,1.0
5513030,test,a42_43,2.9723742,3.0000806,1.0,3,3,1.0,6,6,1.0
5549006,test,a42_43,2.6469865,3.335851,1.0,3,3,1.0,2,4,1.0
5553173,test,a42_43,3.2257488,3.8834674,1.0,3,3,1.0,2,2,1.0
5560186,test,a42_43,3.4436543,3.7111013,1.0,3,3,1.0,2,2,1.0
5569009,test,a42_43,3.081947,0.0,1.0,3,2,1.0,2,3,1.0
5570010,test,a42_43,3.5008588,3.7150583,1.0,3,3,1.0,2,2,1.0
5570012,test,a42_43,2.9545302,3.6708767,1.0,3,3,1.0,2,2,1.0
5570033,test,a42_43,3.455338,3.5471745,1.0,3,3,1.0,2,2,1.0
5576031,test,a42_43,2.5862653,2.7944415,1.0,3,3,1.0,2,2,1.0
5614005,test,a42_43,2.6535797,0.0,1.0,3,2,1.0,4,4,1.0
5615010,test,a42_43,2.983773,3.4707472,1.0,3,3,1.0,6,2,1.0
5615181,test,a42_43,3.3514993,3.3615167,1.0,3,3,1.0,2,2,1.0
5621170,test,a42_43,3.2259269,3.3248508,1.0,3,3,1.0,2,2,1.0
5626010,test,a42_43,2.9265604,3.3940077,1.0,3,2,1.0,2,4,1.0
5634188,test,a42_43,3.365018,4.25247,1.0,3,2,1.0,2,5,1.0
5635031,test,a42_43,3.1340969,3.5281215,1.0,3,3,1.0,2,2,1.0
5646006,test,a42_43,1.6974554,0.0,1.0,3,2,1.0,6,4,1.0
5660005,test,a42_43,2.9986815,3.265041,1.0,3,3,1.0,2,4,1.0
5664003,test,a42_43,1.8174354,1.9812955,1.0,3,3,1.0,6,6,1.0
5676007,test,a42_43,3.2384748,3.488077,1.0,3,3,1.0,2,2,1.0
5678030,test,a42_43,2.5437095,2.3447468,1.0,3,2,1.0,6,6,1.0
5684034,test,a42_43,3.3483536,4.056188,1.0,3,3,1.0,2,2,1.0
5784005,test,a42_43,1.4773905,1.765224,1.0,2,3,1.0,6,6,1.0
5819005,test,a42_43,1.8599468,0.0,1.0,3,2,1.0,6,6,1.0
5821008,test,a42_43,2.8198864,2.9437988,1.0,3,3,1.0,2,2,1.0
5863033,test,a42_43,1.5628895,2.1360953,1.0,3,3,1.0,6,6,1.0
5921003,test,a42_43,2.5271857,3.4678156,1.0,3,3,1.0,6,6,1.0
5922010,test,a42_43,3.309592,3.1974998,1.0,3,3,1.0,6,6,1.0
5938031,test,a42_43,2.7001078,0.0,1.0,3,2,1.0,4,6,1.0
5960033,test,a42_43,2.5326855,3.5281215,1.0,3,3,1.0,6,6,1.0
5995005,test,a42_43,2.046208,0.0,1.0,3,2,1.0,6,6,1.0
6028032,test,a42_43,2.3994198,3.5965803,1.0,3,3,1.0,6,6,1.0
6030005,test,a42_43,3.6353416,3.335851,1.0,3,3,1.0,6,2,1.0
6030008,test,a42_43,3.4322352,3.1676285,1.0,3,3,1.0,6,2,1.0
6093006,test,a42_43,1.4017135,3.3020296,1.0,2,3,1.0,6,6,1.0
6093011,test,a42_43,2.2020178,2.8392694,1.0,3,2,1.0,6,6,1.0
6114182,test,a42_43,2.5836709,0.0,1.0,3,2,1.0,2,2,1.0
6120195,test,a42_43,1.9846505,2.568642,1.0,3,2,1.0,2,4,1.0
6121030,test,a42_43,2.8850312,4.395766,1.0,3,3,1.0,6,4,1.0
6179003,test,a42_43,3.6655354,3.4805162,1.0,3,3,1.0,2,2,1.0
6179170,test,a42_43,1.4105802,0.0,1.0,3,2,1.0,2,2,1.0
6191006,test,a42_43,3.0045085,1.2621803,1.0,3,3,1.0,2,2,1.0
6200175,test,a42_43,3.5143435,3.5848198,1.0,3,2,1.0,2,2,1.0
6210007,test,a42_43,3.7667828,2.7452414,1.0,3,3,1.0,6,2,1.0
6210008,test,a42_43,3.1223626,0.0,1.0,3,2,1.0,6,4,1.0
6350007,test,a42_43,2.6020422,3.4393446,1.0,3,3,1.0,6,2,1.0
6365010,test,a42_43,1.3913234,3.062897,1.0,2,3,1.0,6,6,1.0
6365011,test,a42_43,1.9576397,0.0,1.0,3,2,1.0,2,2,1.0
6365177,test,a42_43,2.7105153,3.49205,1.0,3,3,1.0,2,2,1.0
6381008,test,a42_43,3.1373625,3.0664406,1.0,3,3,1.0,2,4,1.0
6444003,test,a42_43,2.6344292,2.7671056,1.0,3,2,1.0,2,2,1.0
6475006,test,a42_43,1.3528495,0.9349168,1.0,2,2,1.0,6,6,1.0
6475007,test,a42_43,1.21844,3.544934,1.0,2,3,1.0,6,6,1.0
6509004,test,a42_43,2.7542112,3.4451652,1.0,3,3,1.0,6,2,1.0
6545008,test,a42_43,3.5437386,3.8012211,1.0,3,3,1.0,2,2,1.0
6571003,test,a42_43,2.7808383,4.1571207,1.0,3,3,1.0,6,6,1.0
6635009,test,a42_43,1.549432,0.0,1.0,3,2,1.0,6,6,1.0
6663030,test,a42_43,3.6665313,4.886779,1.0,3,3,1.0,6,6,1.0
6674003,test,a42_43,3.176686,3.7940161,1.0,3,3,1.0,2,2,1.0
6674005,test,a42_43,3.3339028,0.0,1.0,3,2,1.0,2,4,1.0
6736181,test,a42_43,2.8732035,2.6496801,1.0,3,3,1.0,2,2,1.0
6740003,test,a42_43,2.3968444,2.6917005,1.0,3,3,1.0,2,2,1.0
6769008,test,a42_43,2.5447276,0.0,1.0,3,2,1.0,2,4,1.0
6779033,test,a42_43,1.348779,0.0,1.0,2,2,1.0,6,6,1.0
6820030,test,a42_43,2.9079185,0.0,1.0,3,2,1.0,6,6,1.0
6843006,test,a42_43,1.2706661,1.5200922,1.0,2,3,1.0,6,2,1.0
6857006,test,a42_43,3.2497907,3.7407627,1.0,3,3,1.0,2,5,1.0
6030,test,a44_45,3.428054,3.6545084,1.0,3,3,1.0,2,2,1.0
10030,test,a44_45,3.5471015,4.4896984,1.0,3,3,1.0,2,2,1.0
41008,test,a44_45,2.5747526,0.0,1.0,3,2,1.0,2,4,1.0
68003,test,a44_45,3.621636,3.819024,1.0,3,3,1.0,2,2,1.0
127030,test,a44_45,3.3611345,2.281914,1.0,3,3,1.0,6,2,1.0
127031,test,a44_45,3.399969,3.5618536,1.0,3,3,1.0,6,4,1.0
129031,test,a44_45,1.9978492,1.9444773,1.0,3,3,1.0,6,6,1.0
129196,test,a44_45,2.7569985,0.0,1.0,3,2,1.0,2,2,1.0
165030,test,a44_45,3.3826997,4.1461926,1.0,3,3,1.0,2,2,1.0
284004,test,a44_45,3.9801955,4.4692044,1.0,3,3,1.0,2,2,1.0
301032,test,a44_45,3.9501417,4.127631,1.0,3,3,1.0,2,2,1.0
327003,test,a44_45,3.2601771,3.8237772,1.0,3,3,1.0,2,2,1.0
327171,test,a44_45,3.3617618,2.8139703,1.0,3,3,1.0,2,2,1.0
327172,test,a44_45,2.7934356,3.7345612,1.0,3,3,1.0,2,2,1.0
331005,test,a44_45,3.9027696,4.2899485,1.0,3,3,1.0,2,2,1.0
344178,test,a44_45,3.0697162,3.544934,1.0,3,3,1.0,2,2,1.0
461030,test,a44_45,3.556866,0.0,1.0,3,3,1.0,2,2,1.0
486004,test,a44_45,3.4767091,3.929022,1.0,3,3,1.0,2,2,1.0
563183,test,a44_45,1.7405096,0.0,1.0,3,2,1.0,2,2,1.0
577004,test,a44_45,2.6316962,3.6034977,1.0,3,3,1.0,2,2,1.0
607030,test,a44_45,3.744975,4.0534096,1.0,3,3,1.0,2,2,1.0
613173,test,a44_45,3.264878,4.65822,1.0,3,3,1.0,2,2,1.0
634008,test,a44_45,3.4261484,2.6840017,1.0,3,3,1.0,2,2,1.0
652005,test,a44_45,3.264991,3.8279805,1.0,3,3,1.0,2,2,1.0
672003,test,a44_45,1.983795,3.7935455,1.0,3,3,1.0,2,4,1.0
691175,test,a44_45,3.3758285,3.3115778,1.0,3,3,1.0,2,2,1.0
699031,test,a44_45,2.5560906,3.51425,1.0,3,3,1.0,6,6,1.0
722178,test,a44_45,1.5535198,3.2750242,1.0,2,3,1.0,2,2,1.0
771003,test,a44_45,2.9091628,4.1771755,1.0,3,3,1.0,2,3,1.0
775005,test,a44_45,3.590809,0.0,1.0,3,2,1.0,2,2,1.0
796006,test,a44_45,3.508265,4.141229,1.0,3,3,1.0,2,6,1.0
844003,test,a44_45,3.128236,3.8602035,1.0,3,3,1.0,2,2,1.0
863006,test,a44_45,3.336338,2.9276514,1.0,3,3,1.0,2,2,1.0
863173,test,a44_45,3.396609,4.001547,1.0,3,3,1.0,2,2,1.0
866172,test,a44_45,3.1862173,3.182386,1.0,3,3,1.0,2,2,1.0
868005,test,a44_45,3.5929575,3.982054,1.0,3,3,1.0,2,2,1.0
875030,test,a44_45,1.9552042,0.0,1.0,2,2,1.0,2,2,1.0
897006,test,a44_45,3.0843775,0.0,1.0,3,2,1.0,2,4,1.0
922171,test,a44_45,3.3457046,4.464358,1.0,3,3,1.0,2,2,1.0
934030,test,a44_45,3.445991,4.293851,1.0,3,3,1.0,2,2,1.0
935005,test,a44_45,2.5810146,2.7943528,1.0,3,3,1.0,2,2,1.0
935176,test,a44_45,3.5231404,3.7913468,1.0,3,3,1.0,2,2,1.0
939030,test,a44_45,3.7261815,0.0,0.0,3,-1,0.0,2,-1,0.0
964003,test,a44_45,1.6768699,2.5959773,1.0,3,2,1.0,6,6,1.0
970004,test,a44_45,3.5354304,0.0,0.0,3,-1,0.0,2,-1,0.0
982004,test,a44_45,3.2041092,3.535023,1.0,3,3,1.0,2,2,1.0
1033030,test,a44_45,3.571087,4.886779,1.0,3,3,1.0,2,2,1.0
1036003,test,a44_45,3.9180276,3.1379235,1.0,3,3,1.0,2,2,1.0
1048006,test,a44_45,2.6204867,2.830591,1.0,3,3,1.0,2,2,1.0
1055172,test,a44_45,1.838148,0.0,0.0,3,-1,0.0,2,-1,0.0
1060175,test,a44_45,3.1299772,3.12007,1.0,3,3,1.0,2,2,1.0
1064171,test,a44_45,3.593803,4.769345,1.0,3,3,1.0,2,2,1.0
1072171,test,a44_45,3.4413595,2.855574,1.0,3,3,1.0,2,2,1.0
1084175,test,a44_45,2.9610713,0.0,1.0,3,2,1.0,2,2,1.0
1100172,test,a44_45,3.0427494,3.1936357,1.0,3,3,1.0,2,2,1.0
1141171,test,a44_45,2.4522166,1.0692143,1.0,3,3,1.0,2,4,1.0
1142030,test,a44_45,3.6345932,3.2907898,1.0,3,3,1.0,2,4,1.0
1144032,test,a44_45,3.5199685,4.1940236,1.0,3,3,1.0,2,2,1.0
1149171,test,a44_45,3.1840537,3.959156,1.0,3,3,1.0,2,2,1.0
1162030,test,a44_45,3.0673018,3.4265366,1.0,3,3,1.0,2,2,1.0
1167030,test,a44_45,1.5530213,1.8126447,1.0,2,3,1.0,6,6,1.0
1168008,test,a44_45,2.0752099,3.010371,1.0,3,3,1.0,4,3,1.0
1222179,test,a44_45,2.7806487,2.674835,1.0,3,3,1.0,2,2,1.0
1260008,test,a44_45,3.0138235,2.8787093,1.0,3,3,1.0,2,2,1.0
1269030,test,a44_45,3.3232195,4.6615767,1.0,3,3,1.0,2,2,1.0
1292030,test,a44_45,3.1251676,0.0,1.0,3,2,1.0,2,4,1.0
1298005,test,a44_45,2.7852013,3.5781584,1.0,3,3,1.0,2,2,1.0
1306030,test,a44_45,4.1929293,4.886779,1.0,3,3,1.0,2,2,1.0
1335179,test,a44_45,2.8602002,3.6099567,1.0,3,3,1.0,2,2,1.0
1353030,test,a44_45,1.8982458,0.0,1.0,3,2,1.0,2,2,1.0
1384030,test,a44_45,3.4742434,3.5587387,1.0,3,3,1.0,2,2,1.0
1399008,test,a44_45,2.7214835,3.9132397,1.0,3,3,1.0,2,4,1.0
1415004,test,a44_45,2.3414748,1.8165611,1.0,3,3,1.0,2,2,1.0
1430005,test,a44_45,2.3710852,0.0,1.0,3,3,1.0,2,6,1.0
1431003,test,a44_45,3.6631913,4.032044,1.0,3,3,1.0,2,2,1.0
1431004,test,a44_45,3.153839,2.5601785,1.0,3,3,1.0,2,2,1.0
1431172,test,a44_45,3.7903254,4.583634,1.0,3,3,1.0,2,2,1.0
1462004,test,a44_45,2.4704056,3.4766757,1.0,3,3,1.0,2,2,1.0
1520173,test,a44_45,3.5016975,3.8397665,1.0,3,3,1.0,2,2,1.0
1522175,test,a44_45,3.3409386,4.651825,1.0,3,3,1.0,2,2,1.0
1542006,test,a44_45,3.2809658,3.2005377,1.0,3,3,1.0,2,2,1.0
1542177,test,a44_45,3.4790318,4.3412447,1.0,3,3,1.0,2,2,1.0
1567031,test,a44_45,3.5470772,3.8337054,1.0,3,3,1.0,2,6,1.0
1608031,test,a44_45,3.5606203,3.5350552,1.0,3,3,1.0,2,2,1.0
1612003,test,a44_45,3.7387261,3.4995418,1.0,3,3,1.0,2,4,1.0
1621003,test,a44_45,2.3977807,3.456708,1.0,3,3,1.0,2,2,1.0
1648003,test,a44_45,3.367618,2.9091923,1.0,3,3,1.0,2,2,1.0
1648030,test,a44_45,3.294487,0.553295,1.0,3,2,1.0,2,6,1.0
1670172,test,a44_45,2.898525,3.416885,1.0,3,3,1.0,2,2,1.0
1684170,test,a44_45,1.4851241,3.3823977,1.0,2,3,1.0,2,2,1.0
1690030,test,a44_45,3.5713353,4.214547,1.0,3,3,1.0,2,2,1.0
1692176,test,a44_45,3.47831,3.6672997,1.0,3,3,1.0,2,2,1.0
1695030,test,a44_45,3.012026,3.1983416,1.0,3,3,1.0,6,2,1.0
1697036,test,a44_45,3.251335,1.6775823,1.0,3,3,1.0,6,2,1.0
1698170,test,a44_45,2.7821887,2.58183,1.0,3,3,1.0,2,2,1.0
1700031,test,a44_45,3.2550209,3.881782,1.0,3,2,1.0,2,2,1.0
1701003,test,a44_45,3.490663,4.0716443,1.0,3,3,1.0,2,6,1.0
1711003,test,a44_45,2.642621,0.0,1.0,3,2,1.0,2,2,1.0
1711171,test,a44_45,3.2858799,0.0,0.0,3,-1,0.0,2,-1,0.0
1732005,test,a44_45,2.8074043,3.738171,1.0,3,3,1.0,4,4,1.0
1762187,test,a44_45,2.0770028,2.7413988,1.0,3,3,1.0,2,3,1.0
1786187,test,a44_45,3.2923417,3.563177,1.0,3,3,1.0,2,2,1.0
1837006,test,a44_45,3.7046156,2.9535642,1.0,3,3,1.0,2,2,1.0
1850172,test,a44_45,2.0218577,3.6509905,1.0,3,3,1.0,2,2,1.0
1878030,test,a44_45,3.1766212,2.485891,1.0,3,3,1.0,2,4,1.0
1879030,test,a44_45,3.5466025,4.1844926,1.0,3,3,1.0,2,2,1.0
1905004,test,a44_45,3.7499135,3.937253,1.0,3,3,1.0,2,2,1.0
1919009,test,a44_45,3.356081,2.5942936,1.0,3,3,1.0,2,2,1.0
1935004,test,a44_45,2.6608295,2.5154653,1.0,3,3,1.0,2,2,1.0
1936030,test,a44_45,2.8721526,3.025048,1.0,3,3,1.0,2,2,1.0
1978171,test,a44_45,2.8403916,2.7982898,1.0,3,3,1.0,2,2,1.0
2030031,test,a44_45,3.342622,3.12007,1.0,3,3,1.0,2,2,1.0
2117003,test,a44_45,3.0433311,2.533896,1.0,3,3,1.0,2,2,1.0
2150172,test,a44_45,1.9701588,2.4029288,1.0,3,3,1.0,2,4,1.0
2199182,test,a44_45,3.178705,4.1311436,1.0,3,3,1.0,2,2,1.0
2206030,test,a44_45,3.48059,3.6876562,1.0,3,3,1.0,2,2,1.0
2212031,test,a44_45,3.882117,0.0,0.0,3,-1,0.0,2,-1,0.0
2238004,test,a44_45,3.4123595,3.7364755,1.0,3,3,1.0,2,4,1.0
2238172,test,a44_45,3.1599078,4.594401,1.0,3,3,1.0,2,4,1.0
2252172,test,a44_45,3.1012454,2.9569104,1.0,3,3,1.0,2,2,1.0
2255030,test,a44_45,4.311204,4.886779,1.0,3,3,1.0,2,2,1.0
2277008,test,a44_45,2.6973217,2.8933933,1.0,3,3,1.0,2,2,1.0
2311172,test,a44_45,2.4470763,2.0815432,1.0,3,3,1.0,2,2,1.0
2330003,test,a44_45,3.623405,4.0919957,1.0,3,3,1.0,2,2,1.0
2338003,test,a44_45,3.6003826,4.671329,1.0,3,3,1.0,2,2,1.0
2341004,test,a44_45,3.519598,3.8012211,1.0,3,2,1.0,2,2,1.0
2341005,test,a44_45,2.8928883,4.886779,1.0,3,3,1.0,2,2,1.0
2354004,test,a44_45,1.8749394,2.4985237,1.0,3,3,1.0,2,2,1.0
2392004,test,a44_45,2.3464532,2.3108797,1.0,3,3,1.0,2,4,1.0
2393005,test,a44_45,4.0106134,3.1619115,1.0,3,3,1.0,2,2,1.0
2393171,test,a44_45,2.830316,4.4380894,1.0,3,3,1.0,2,2,1.0
2409006,test,a44_45,3.2711773,3.8615713,1.0,3,3,1.0,2,4,1.0
2409171,test,a44_45,3.0609365,2.973692,1.0,3,3,1.0,2,4,1.0
2422178,test,a44_45,3.4472134,3.6084042,1.0,3,3,1.0,2,2,1.0
2459030,test,a44_45,3.1112163,4.065095,1.0,3,3,1.0,2,2,1.0
2474030,test,a44_45,3.6139815,3.6439416,1.0,3,3,1.0,2,2,1.0
2474171,test,a44_45,2.2683954,0.0,0.0,3,-1,0.0,2,-1,0.0
2485173,test,a44_45,2.9746003,2.4565563,1.0,3,3,1.0,2,2,1.0
2496172,test,a44_45,2.8880606,3.4912474,1.0,3,3,1.0,2,2,1.0
2502005,test,a44_45,3.13608,3.0863564,1.0,3,3,1.0,2,2,1.0
2510171,test,a44_45,3.2227569,4.201461,1.0,3,3,1.0,2,2,1.0
2525174,test,a44_45,3.20526,3.460082,1.0,3,2,1.0,2,2,1.0
2530184,test,a44_45,2.9325616,2.852689,1.0,3,3,1.0,2,2,1.0
2547171,test,a44_45,3.72409,4.379028,1.0,3,3,1.0,2,2,1.0
2580030,test,a44_45,4.021815,4.831237,1.0,3,3,1.0,2,2,1.0
2593171,test,a44_45,3.3394318,4.5944476,1.0,3,3,1.0,2,4,1.0
2615031,test,a44_45,3.5205104,3.4200091,1.0,3,3,1.0,2,2,1.0
2642030,test,a44_45,2.8336918,3.7259781,1.0,3,3,1.0,2,2,1.0
2655002,test,a44_45,1.6997741,0.0,1.0,3,2,1.0,2,2,1.0
2705031,test,a44_45,3.6180382,3.9369006,1.0,3,3,1.0,2,4,1.0
2707179,test,a44_45,3.1624527,2.8540463,1.0,3,3,1.0,2,2,1.0
2714031,test,a44_45,3.4618464,4.123183,1.0,3,3,1.0,2,4,1.0
2717004,test,a44_45,3.393195,3.1718357,1.0,3,3,1.0,2,2,1.0
2738171,test,a44_45,3.4896822,4.800682,1.0,3,3,1.0,2,2,1.0
2794003,test,a44_45,3.5987842,3.5488956,1.0,3,3,1.0,2,2,1.0
2845030,test,a44_45,3.1745408,3.4421458,1.0,3,3,1.0,2,2,1.0
2847030,test,a44_45,2.6647813,3.435388,1.0,3,3,1.0,4,4,1.0
2848174,test,a44_45,2.4090123,1.870879,1.0,3,3,1.0,2,2,1.0
2852006,test,a44_45,1.6523134,1.8338429,1.0,3,2,1.0,2,4,1.0
2852030,test,a44_45,3.4016786,2.9869761,1.0,3,3,1.0,2,4,1.0
2869170,test,a44_45,3.3540075,4.5567827,1.0,3,3,1.0,2,2,1.0
2897006,test,a44_45,3.2209132,2.697948,1.0,3,3,1.0,2,2,1.0
2900171,test,a44_45,3.491168,2.600042,1.0,3,3,1.0,2,2,1.0
2907006,test,a44_45,3.0423176,0.0,0.0,3,-1,0.0,2,-1,0.0
2920030,test,a44_45,3.3907492,3.6819823,1.0,3,3,1.0,6,4,1.0
3107001,test,a44_45,3.408195,4.01561,1.0,3,3,1.0,2,4,1.0
3137007,test,a44_45,2.6949787,1.9174321,1.0,3,3,1.0,6,6,1.0
3283002,test,a44_45,3.440827,4.065468,1.0,3,2,1.0,2,2,1.0
3492001,test,a44_45,3.25233,0.21674845,1.0,3,2,1.0,2,2,1.0
5016170,test,a44_45,2.9832947,2.8075144,1.0,3,3,1.0,2,4,1.0
5082003,test,a44_45,3.4490047,4.077138,1.0,3,3,1.0,6,4,1.0
5145032,test,a44_45,3.1913931,3.7119908,1.0,3,3,1.0,6,6,1.0
5163030,test,a44_45,3.3326328,3.60013,1.0,3,3,1.0,2,4,1.0
5177171,test,a44_45,2.11866,0.8536134,1.0,3,3,1.0,6,6,1.0
5199178,test,a44_45,2.9409027,3.813694,1.0,3,3,1.0,2,2,1.0
5241030,test,a44_45,3.062219,3.9443512,1.0,3,3,1.0,2,6,1.0
5264004,test,a44_45,3.2341022,3.6067438,1.0,3,3,1.0,2,2,1.0
5294003,test,a44_45,3.4923673,3.7558146,1.0,3,3,1.0,2,2,1.0
5299172,test,a44_45,3.1576688,3.3873496,1.0,3,3,1.0,2,2,1.0
5306002,test,a44_45,2.5256896,1.4095232,1.0,3,3,1.0,4,6,1.0
5350030,test,a44_45,2.6882255,3.545665,1.0,3,3,1.0,2,2,1.0
5364006,test,a44_45,3.2820508,3.901413,1.0,3,2,1.0,6,6,1.0
5366033,test,a44_45,3.03578,3.978181,1.0,3,3,1.0,6,4,1.0
5406173,test,a44_45,2.949608,3.4039729,1.0,3,3,1.0,2,4,1.0
5424030,test,a44_45,2.0095773,3.5287027,1.0,2,3,1.0,6,6,1.0
5425003,test,a44_45,2.361719,3.2001226,1.0,3,3,1.0,2,2,1.0
5430031,test,a44_45,2.2806463,0.94651103,1.0,3,3,1.0,6,6,1.0
5430171,test,a44_45,2.7644327,3.6887305,1.0,3,3,1.0,6,6,1.0
5443007,test,a44_45,2.1522062,2.8802483,1.0,3,3,1.0,2,2,1.0
5464032,test,a44_45,2.7233114,3.486668,1.0,3,3,1.0,2,2,1.0
5488007,test,a44_45,2.6336946,2.703032,1.0,3,3,1.0,2,2,1.0
5494005,test,a44_45,2.9501035,3.3568435,1.0,3,3,1.0,6,2,1.0
5513030,test,a44_45,3.0638957,3.2729912,1.0,3,2,1.0,6,6,1.0
5549006,test,a44_45,2.7001297,3.2234797,1.0,3,3,1.0,2,4,1.0
5553173,test,a44_45,3.311797,3.7351592,1.0,3,3,1.0,2,2,1.0
5560186,test,a44_45,3.4532034,3.9101806,1.0,3,3,1.0,2,2,1.0
5569009,test,a44_45,3.059465,0.1438407,1.0,3,2,1.0,2,3,1.0
5570010,test,a44_45,3.5400882,3.6708767,1.0,3,3,1.0,2,2,1.0
5570012,test,a44_45,3.048255,3.6192079,1.0,3,3,1.0,2,2,1.0
5570033,test,a44_45,3.5566497,3.7694345,1.0,3,3,1.0,2,2,1.0
5576031,test,a44_45,2.6780002,2.7479036,1.0,3,3,1.0,2,2,1.0
5614005,test,a44_45,2.6621358,2.8548763,1.0,3,3,1.0,4,4,1.0
5615010,test,a44_45,3.0450456,3.5584557,1.0,3,3,1.0,6,2,1.0
5615181,test,a44_45,3.3900843,3.1251588,1.0,3,3,1.0,2,2,1.0
5621170,test,a44_45,3.2133436,3.3329153,1.0,3,3,1.0,2,2,1.0
5626010,test,a44_45,3.0107017,3.1379235,1.0,3,3,1.0,2,4,1.0
5634188,test,a44_45,3.4461458,0.0,1.0,3,2,1.0,2,5,1.0
5635031,test,a44_45,3.1264606,3.6718059,1.0,3,3,1.0,2,2,1.0
5646006,test,a44_45,1.7871145,1.4624746,1.0,3,3,1.0,6,4,1.0
5660005,test,a44_45,3.028522,3.4188793,1.0,3,3,1.0,2,4,1.0
5664003,test,a44_45,1.8380125,1.9542142,1.0,3,2,1.0,6,6,1.0
5676007,test,a44_45,3.2044146,3.5589597,1.0,3,3,1.0,2,2,1.0
5678030,test,a44_45,2.6444478,0.0,1.0,3,3,1.0,6,6,1.0
5684034,test,a44_45,3.551186,4.304901,1.0,3,3,1.0,2,2,1.0
5784005,test,a44_45,1.5657172,0.0,1.0,2,2,1.0,6,6,1.0
5819005,test,a44_45,1.8929248,0.0,1.0,3,2,1.0,6,6,1.0
5821008,test,a44_45,2.7892146,3.1327703,1.0,3,3,1.0,2,2,1.0
5863033,test,a44_45,1.7306242,2.1044023,1.0,3,3,1.0,6,6,1.0
5921003,test,a44_45,2.550261,3.2579508,1.0,3,2,1.0,4,6,1.0
5922010,test,a44_45,3.2422857,3.2839227,1.0,3,3,1.0,6,6,1.0
5938031,test,a44_45,2.8308954,1.6732749,1.0,3,2,1.0,6,6,1.0
5960033,test,a44_45,2.723506,3.0626745,1.0,3,3,1.0,2,6,1.0
5995005,test,a44_45,2.0599825,0.0,1.0,3,2,1.0,6,6,1.0
6028032,test,a44_45,2.408293,3.4766757,1.0,3,3,1.0,6,6,1.0
6030005,test,a44_45,3.5097911,3.6509905,1.0,3,3,1.0,6,2,1.0
6030008,test,a44_45,3.3435376,3.1529975,1.0,3,3,1.0,6,2,1.0
6093006,test,a44_45,1.4310313,3.331553,1.0,2,3,1.0,6,6,1.0
6093011,test,a44_45,2.2495084,2.8645954,1.0,3,3,1.0,6,6,1.0
6114182,test,a44_45,2.6946566,0.0,1.0,3,2,1.0,2,4,1.0
6120195,test,a44_45,2.1649914,0.0,1.0,3,2,1.0,2,4,1.0
6121030,test,a44_45,2.959536,4.007859,1.0,3,3,1.0,6,4,1.0
6179003,test,a44_45,3.6854742,3.4366326,1.0,3,3,1.0,2,2,1.0
6179170,test,a44_45,1.5210339,0.0,1.0,3,2,1.0,2,2,1.0
6191006,test,a44_45,3.0006218,3.7130666,1.0,3,3,1.0,2,2,1.0
6200175,test,a44_45,3.5565412,3.2409673,1.0,3,3,1.0,2,2,1.0
6210007,test,a44_45,3.686199,2.7840075,1.0,3,3,1.0,6,2,1.0
6210008,test,a44_45,3.0867774,2.4192536,1.0,3,3,1.0,6,4,1.0
6350007,test,a44_45,2.6658885,3.3488512,1.0,3,3,1.0,2,2,1.0
6365010,test,a44_45,1.5066833,2.966243,1.0,2,3,1.0,6,6,1.0
6365011,test,a44_45,2.0746112,0.0,1.0,3,2,1.0,2,2,1.0
6365177,test,a44_45,2.712905,4.579592,1.0,3,2,1.0,2,2,1.0
6381008,test,a44_45,3.1240597,4.0907545,1.0,3,3,1.0,2,4,1.0
6444003,test,a44_45,2.655133,3.5554013,1.0,3,3,1.0,2,2,1.0
6475006,test,a44_45,1.4400995,2.2798254,1.0,2,3,1.0,6,6,1.0
6475007,test,a44_45,1.3383453,3.49205,1.0,2,3,1.0,6,6,1.0
6509004,test,a44_45,2.9231002,3.5773633,1.0,3,3,1.0,6,2,1.0
6545008,test,a44_45,3.49457,3.809728,1.0,3,3,1.0,2,2,1.0
6571003,test,a44_45,2.8879583,4.2117763,1.0,3,3,1.0,6,6,1.0
6635009,test,a44_45,1.6642957,0.0,1.0,3,2,1.0,6,6,1.0
6663030,test,a44_45,3.6668727,4.527755,1.0,3,3,1.0,6,6,1.0
6674003,test,a44_45,3.1298866,3.7786224,1.0,3,3,1.0,2,2,1.0
6674005,test,a44_45,3.3467307,0.0,0.0,3,-1,0.0,2,-1,0.0
6736181,test,a44_45,2.9125705,2.8547702,1.0,3,3,1.0,2,2,1.0
6740003,test,a44_45,2.465217,3.5209594,1.0,3,3,1.0,2,2,1.0
6769008,test,a44_45,2.592424,0.0,1.0,3,2,1.0,2,4,1.0
6779033,test,a44_45,1.5455728,0.0,1.0,2,2,1.0,6,6,1.0
6820030,test,a44_45,2.9332407,0.0,1.0,3,2,1.0,6,6,1.0
6843006,test,a44_45,1.4047897,0.0,1.0,2,2,1.0,6,2,1.0
6857006,test,a44_45,3.291125,4.0956507,1.0,3,3,1.0,2,5,1.0
