ID,split,target_bin,pred_earn,true_earn,mask_earn,pred_emp,true_emp,mask_emp,pred_mar,true_mar,mask_mar
4007,val,a30_31,2.8335347,1.2333428,1.0,3,2,1.0,2,2,1.0
6174,val,a30_31,3.5266087,3.5177844,1.0,3,3,1.0,2,2,1.0
14004,val,a30_31,3.531396,3.7227888,1.0,3,3,1.0,2,2,1.0
14172,val,a30_31,0.43067288,0.0,1.0,2,2,1.0,2,2,1.0
14173,val,a30_31,2.7918086,3.7706354,1.0,3,3,1.0,2,2,1.0
18031,val,a30_31,0.26715946,0.81838655,1.0,2,2,1.0,2,2,1.0
18185,val,a30_31,2.2511678,0.0,1.0,3,3,1.0,2,3,1.0
23031,val,a30_31,3.2269866,2.8751705,1.0,3,3,1.0,6,6,1.0
40173,val,a30_31,3.6753383,4.076673,1.0,3,3,1.0,2,4,1.0
51171,val,a30_31,3.2889254,3.2225082,1.0,3,3,1.0,2,2,1.0
84005,val,a30_31,3.3513734,4.049696,1.0,3,3,1.0,6,6,1.0
121173,val,a30_31,3.166252,4.0438795,1.0,3,3,1.0,2,2,1.0
128004,val,a30_31,3.6886086,3.8195267,1.0,3,3,1.0,2,2,1.0
145170,val,a30_31,3.341829,3.3709557,1.0,3,3,1.0,2,2,1.0
161004,val,a30_31,3.6702657,4.204043,1.0,3,3,1.0,6,6,1.0
172031,val,a30_31,3.5153103,3.4236188,1.0,3,3,1.0,2,2,1.0
174175,val,a30_31,1.7906826,3.4206977,1.0,3,3,1.0,2,2,1.0
221031,val,a30_31,3.6553838,3.6323774,1.0,3,3,1.0,2,2,1.0
223030,val,a30_31,3.53607,3.2050848,1.0,3,2,1.0,2,2,1.0
227003,val,a30_31,4.023656,3.901564,1.0,3,3,1.0,6,2,1.0
257175,val,a30_31,3.1082106,3.1132894,1.0,3,3,1.0,2,2,1.0
263182,val,a30_31,3.5265412,3.5551443,1.0,3,3,1.0,2,2,1.0
321005,val,a30_31,2.3524852,0.0,0.0,3,-1,0.0,2,-1,0.0
361175,val,a30_31,2.1234477,2.389918,1.0,3,3,1.0,2,4,1.0
377170,val,a30_31,3.222939,3.303338,1.0,3,3,1.0,2,2,1.0
450030,val,a30_31,3.666411,4.141229,1.0,3,3,1.0,6,6,1.0
465030,val,a30_31,2.4630527,2.9653394,1.0,3,3,1.0,4,4,1.0
478030,val,a30_31,2.8684082,2.9689102,1.0,3,2,1.0,6,2,1.0
503031,val,a30_31,2.4753618,3.7946298,1.0,3,3,1.0,2,2,1.0
514172,val,a30_31,3.7574227,3.7249148,1.0,3,3,1.0,2,2,1.0
534030,val,a30_31,3.3289194,3.3445346,1.0,3,3,1.0,2,2,1.0
534171,val,a30_31,3.6838574,3.6154544,1.0,3,3,1.0,2,2,1.0
544170,val,a30_31,2.7285175,2.5946815,1.0,3,3,1.0,2,2,1.0
563193,val,a30_31,3.381494,2.9333522,1.0,3,3,1.0,2,2,1.0
577174,val,a30_31,3.0056195,2.6081264,1.0,3,2,1.0,2,2,1.0
613006,val,a30_31,2.9780061,4.2846055,1.0,3,3,1.0,2,6,1.0
618170,val,a30_31,3.7775145,4.2050204,1.0,3,3,1.0,2,2,1.0
631030,val,a30_31,3.155222,0.0,0.0,3,3,1.0,6,2,1.0
633031,val,a30_31,3.3439233,3.3445346,1.0,3,3,1.0,2,2,1.0
652173,val,a30_31,3.138758,3.6388054,1.0,3,3,1.0,2,2,1.0
655172,val,a30_31,3.3923583,3.6167312,1.0,3,3,1.0,2,2,1.0
656005,val,a30_31,2.5916097,1.7369525,1.0,3,3,1.0,2,2,1.0
691171,val,a30_31,2.672228,0.0,0.0,3,-1,0.0,2,-1,0.0
738172,val,a30_31,2.1168454,2.6902387,1.0,3,3,1.0,2,2,1.0
751030,val,a30_31,1.7279546,0.0,1.0,2,2,1.0,2,2,1.0
762170,val,a30_31,3.9379385,4.4477153,1.0,3,3,1.0,2,2,1.0
783171,val,a30_31,3.4179525,3.4384992,1.0,3,3,1.0,2,2,1.0
863007,val,a30_31,2.4598536,2.2456512,1.0,3,3,1.0,2,2,1.0
893170,val,a30_31,2.832243,2.9455593,1.0,3,3,1.0,2,2,1.0
894031,val,a30_31,3.294479,2.461121,1.0,3,3,1.0,2,2,1.0
898181,val,a30_31,2.6703506,3.0409112,1.0,3,2,1.0,2,2,1.0
899003,val,a30_31,3.2937949,3.0307395,1.0,3,3,1.0,2,4,1.0
916032,val,a30_31,2.259602,3.3619723,1.0,3,3,1.0,6,6,1.0
922005,val,a30_31,3.7457688,3.2996137,1.0,3,3,1.0,2,2,1.0
931172,val,a30_31,3.2981772,3.1621735,1.0,3,3,1.0,2,2,1.0
939032,val,a30_31,4.3038645,0.0,1.0,3,3,1.0,2,2,1.0
958030,val,a30_31,3.3400152,3.497985,1.0,3,3,1.0,2,2,1.0
958173,val,a30_31,2.8978057,2.9178963,1.0,3,3,1.0,2,2,1.0
961005,val,a30_31,2.8288965,2.9415638,1.0,3,3,1.0,4,4,1.0
961030,val,a30_31,3.295283,3.5397089,1.0,3,3,1.0,6,6,1.0
961175,val,a30_31,3.323268,3.023627,1.0,3,3,1.0,2,2,1.0
1051183,val,a30_31,3.921271,4.358222,1.0,3,3,1.0,2,2,1.0
1084005,val,a30_31,3.0574095,2.8418088,1.0,3,2,1.0,2,2,1.0
1089003,val,a30_31,3.1231828,3.3856127,1.0,3,3,1.0,2,2,1.0
1093003,val,a30_31,0.5577431,0.0,1.0,2,2,1.0,2,2,1.0
1107173,val,a30_31,1.2620237,1.0235457,1.0,3,3,1.0,2,2,1.0
1109174,val,a30_31,1.7061443,0.6388453,1.0,3,2,1.0,2,2,1.0
1121030,val,a30_31,3.3558521,3.028002,1.0,3,3,1.0,2,2,1.0
1121175,val,a30_31,2.180432,1.7948437,1.0,3,3,1.0,2,2,1.0
1125172,val,a30_31,2.7118754,2.3413634,1.0,3,3,1.0,2,2,1.0
1126030,val,a30_31,3.1856937,0.8757976,1.0,3,2,1.0,2,2,1.0
1126176,val,a30_31,1.2032114,4.886779,1.0,3,3,1.0,2,2,1.0
1152180,val,a30_31,3.4329586,3.4580646,1.0,3,3,1.0,2,2,1.0
1164004,val,a30_31,3.183173,3.0181873,1.0,3,3,1.0,2,2,1.0
1184032,val,a30_31,3.4101875,3.2616544,1.0,3,3,1.0,2,2,1.0
1184033,val,a30_31,1.659306,3.2050848,1.0,2,3,1.0,6,6,1.0
1185003,val,a30_31,3.4543126,3.8515978,1.0,3,2,1.0,2,2,1.0
1222004,val,a30_31,2.1786141,2.0934732,1.0,3,2,1.0,2,2,1.0
1222006,val,a30_31,2.9110577,3.177607,1.0,3,3,1.0,2,2,1.0
1284170,val,a30_31,3.5172837,3.9491403,1.0,3,3,1.0,2,2,1.0
1292004,val,a30_31,2.6998854,1.9329143,1.0,3,2,1.0,2,2,1.0
1314172,val,a30_31,3.1986728,0.0,1.0,3,2,1.0,2,2,1.0
1332005,val,a30_31,4.3252716,4.41165,1.0,3,2,1.0,4,4,1.0
1335010,val,a30_31,3.053019,2.8107677,1.0,3,3,1.0,2,2,1.0
1338003,val,a30_31,3.2572608,3.6048794,1.0,3,3,1.0,6,6,1.0
1345006,val,a30_31,3.0853925,3.5205963,1.0,3,2,1.0,2,4,1.0
1345007,val,a30_31,2.4539423,3.6249468,1.0,3,3,1.0,6,6,1.0
1346030,val,a30_31,3.7901406,0.0,1.0,3,2,1.0,6,2,1.0
1391033,val,a30_31,3.6871731,3.6421258,1.0,3,3,1.0,6,2,1.0
1391175,val,a30_31,0.55243945,0.0,1.0,2,2,1.0,2,2,1.0
1394033,val,a30_31,2.61927,0.0,1.0,3,2,1.0,6,4,1.0
1397005,val,a30_31,3.2737248,3.6570578,1.0,3,3,1.0,2,2,1.0
1397172,val,a30_31,0.96548784,0.0,1.0,2,2,1.0,2,2,1.0
1426004,val,a30_31,1.7915958,1.5148215,1.0,3,3,1.0,6,2,1.0
1434032,val,a30_31,2.7945862,2.5882483,1.0,3,2,1.0,2,2,1.0
1434170,val,a30_31,3.3454258,2.7760577,1.0,3,3,1.0,2,2,1.0
1435005,val,a30_31,3.7724156,3.8998532,1.0,3,3,1.0,6,6,1.0
1485171,val,a30_31,3.4178925,3.5806315,1.0,3,3,1.0,2,2,1.0
1520031,val,a30_31,3.3081186,3.6576927,1.0,3,3,1.0,2,4,1.0
1540005,val,a30_31,4.249086,4.493356,1.0,3,3,1.0,6,6,1.0
1559003,val,a30_31,4.2898035,4.33515,1.0,3,3,1.0,2,2,1.0
1559170,val,a30_31,3.380704,3.7329192,1.0,3,3,1.0,2,2,1.0
1565180,val,a30_31,3.1114168,2.850009,1.0,3,3,1.0,2,2,1.0
1579030,val,a30_31,2.9256644,3.539721,1.0,3,3,1.0,2,2,1.0
1613007,val,a30_31,2.715441,3.3296845,1.0,3,2,1.0,2,2,1.0
1621171,val,a30_31,3.8065567,4.0290737,1.0,3,3,1.0,2,2,1.0
1644004,val,a30_31,3.3020372,3.1041627,1.0,3,2,1.0,2,2,1.0
1652031,val,a30_31,2.9608583,3.7628198,1.0,3,3,1.0,2,2,1.0
1682032,val,a30_31,2.7976146,4.232157,1.0,3,3,1.0,6,6,1.0
1684173,val,a30_31,3.1131668,3.0831435,1.0,3,3,1.0,2,2,1.0
1687003,val,a30_31,3.0533402,3.0770123,1.0,3,3,1.0,2,2,1.0
1690170,val,a30_31,2.1488645,2.9952161,1.0,3,3,1.0,2,2,1.0
1692030,val,a30_31,0.2815497,0.0,1.0,2,2,1.0,2,2,1.0
1695034,val,a30_31,3.9537315,3.154082,1.0,3,3,1.0,2,2,1.0
1701004,val,a30_31,2.5214953,2.9586496,1.0,3,3,1.0,2,2,1.0
1721030,val,a30_31,3.7128468,4.218239,1.0,3,3,1.0,2,4,1.0
1723005,val,a30_31,0.11754227,0.0,1.0,2,2,1.0,2,2,1.0
1762030,val,a30_31,2.524291,1.8541794,1.0,3,3,1.0,2,2,1.0
1762031,val,a30_31,3.5421045,3.4748342,1.0,3,3,1.0,2,2,1.0
1762032,val,a30_31,1.882831,0.8422866,1.0,3,3,1.0,2,2,1.0
1774170,val,a30_31,3.337086,3.530886,1.0,3,3,1.0,2,2,1.0
1774171,val,a30_31,3.3228893,3.757377,1.0,3,3,1.0,2,2,1.0
1784171,val,a30_31,3.7740388,4.354948,1.0,3,3,1.0,2,2,1.0
1786191,val,a30_31,3.7505078,4.0242934,1.0,3,3,1.0,2,2,1.0
1787005,val,a30_31,3.3251395,3.5573397,1.0,3,3,1.0,2,2,1.0
1787174,val,a30_31,3.1275954,3.4187503,1.0,3,3,1.0,2,2,1.0
1802003,val,a30_31,2.9984236,2.8268056,1.0,3,3,1.0,2,2,1.0
1845170,val,a30_31,3.733205,3.5920963,1.0,3,3,1.0,2,2,1.0
1862171,val,a30_31,3.2791188,1.0280056,1.0,3,3,1.0,2,2,1.0
1898004,val,a30_31,3.3955636,4.0346365,1.0,3,3,1.0,6,6,1.0
1911030,val,a30_31,2.530599,3.1301715,1.0,3,3,1.0,2,3,1.0
1914003,val,a30_31,0.5162115,0.13113108,1.0,2,3,1.0,2,2,1.0
1919007,val,a30_31,3.9247267,3.7895627,1.0,3,3,1.0,2,2,1.0
1954003,val,a30_31,3.3707674,3.2025814,1.0,3,3,1.0,2,2,1.0
1959005,val,a30_31,3.8227704,4.0288734,1.0,3,3,1.0,6,6,1.0
1964031,val,a30_31,2.3559577,0.0,0.0,3,-1,0.0,4,-1,0.0
1972173,val,a30_31,0.60295653,0.0,1.0,2,2,1.0,2,2,1.0
1978030,val,a30_31,3.4245365,3.5649583,1.0,3,3,1.0,2,2,1.0
2005030,val,a30_31,2.9466963,2.9669423,1.0,3,3,1.0,6,6,1.0
2011174,val,a30_31,2.7229474,2.6167932,1.0,3,3,1.0,2,2,1.0
2023030,val,a30_31,3.6793642,4.596575,1.0,3,3,1.0,6,6,1.0
2028030,val,a30_31,3.248378,3.7856972,1.0,3,3,1.0,2,4,1.0
2055003,val,a30_31,2.6446455,2.474848,1.0,3,3,1.0,2,2,1.0
2067005,val,a30_31,3.5273712,3.8257277,1.0,3,3,1.0,2,2,1.0
2080170,val,a30_31,2.0801022,0.7748619,1.0,3,3,1.0,2,2,1.0
2106171,val,a30_31,0.36692238,0.0,1.0,2,2,1.0,2,2,1.0
2109002,val,a30_31,3.247933,4.0631533,1.0,3,3,1.0,2,2,1.0
2129186,val,a30_31,3.1255896,3.000162,1.0,3,3,1.0,2,2,1.0
2181007,val,a30_31,0.3737979,0.0,1.0,2,2,1.0,6,6,1.0
2181030,val,a30_31,2.983235,3.2536054,1.0,3,3,1.0,2,4,1.0
2243174,val,a30_31,3.667002,4.1554103,1.0,3,3,1.0,2,2,1.0
2260173,val,a30_31,2.664117,1.88501,1.0,3,2,1.0,2,2,1.0
2261030,val,a30_31,2.9664774,2.6918542,1.0,3,3,1.0,2,2,1.0
2271171,val,a30_31,2.6088307,2.9267282,1.0,3,3,1.0,2,2,1.0
2282005,val,a30_31,3.0272608,3.3026655,1.0,3,3,1.0,6,4,1.0
2302195,val,a30_31,0.4422686,0.0,1.0,2,2,1.0,2,2,1.0
2334031,val,a30_31,3.632592,4.190539,1.0,3,3,1.0,2,2,1.0
2341172,val,a30_31,2.923999,1.6821941,1.0,3,2,1.0,2,2,1.0
2354175,val,a30_31,3.7207706,0.02431143,1.0,3,3,1.0,6,2,1.0
2355004,val,a30_31,1.16996,2.3455245,1.0,3,3,1.0,2,4,1.0
2391030,val,a30_31,3.3869336,3.3619723,1.0,3,3,1.0,2,2,1.0
2397173,val,a30_31,0.66240025,0.0,1.0,2,2,1.0,2,3,1.0
2408170,val,a30_31,3.1305752,2.1372008,1.0,3,3,1.0,6,2,1.0
2425003,val,a30_31,2.636559,1.4242183,1.0,3,3,1.0,2,2,1.0
2432030,val,a30_31,0.6700406,0.0,1.0,2,2,1.0,2,4,1.0
2435172,val,a30_31,0.8021438,1.2739747,1.0,2,3,1.0,2,2,1.0
2436174,val,a30_31,0.26961422,0.0,1.0,2,2,1.0,2,2,1.0
2436176,val,a30_31,1.2407565,1.6717893,1.0,2,3,1.0,2,2,1.0
2441003,val,a30_31,1.4756352,2.0608215,1.0,3,3,1.0,2,2,1.0
2441173,val,a30_31,3.3167634,3.6020598,1.0,3,3,1.0,2,2,1.0
2458031,val,a30_31,4.2966104,4.507845,1.0,3,3,1.0,6,6,1.0
2461004,val,a30_31,0.95751977,1.2221372,1.0,2,2,1.0,2,2,1.0
2461030,val,a30_31,3.3847933,4.886779,1.0,3,3,1.0,2,2,1.0
2473004,val,a30_31,3.360351,3.5453892,1.0,3,3,1.0,2,2,1.0
2483030,val,a30_31,3.011848,1.4439538,1.0,3,2,1.0,2,2,1.0
2503030,val,a30_31,3.7709076,4.153324,1.0,3,3,1.0,6,6,1.0
2510005,val,a30_31,3.6240067,3.681525,1.0,3,3,1.0,2,2,1.0
2525003,val,a30_31,2.9670277,1.0911466,1.0,3,2,1.0,2,2,1.0
2529030,val,a30_31,3.3531766,3.6850972,1.0,3,3,1.0,2,2,1.0
2529174,val,a30_31,3.092312,3.8850634,1.0,3,3,1.0,2,2,1.0
2530003,val,a30_31,2.119813,2.4984546,1.0,3,3,1.0,2,2,1.0
2530004,val,a30_31,3.0833046,3.1229002,1.0,3,3,1.0,2,2,1.0
2569033,val,a30_31,2.9381804,3.1590667,1.0,3,3,1.0,6,2,1.0
2601006,val,a30_31,3.7515647,4.568841,1.0,3,3,1.0,6,2,1.0
2608006,val,a30_31,2.6113284,3.104259,1.0,3,3,1.0,2,2,1.0
2615034,val,a30_31,3.5811582,4.351215,1.0,3,3,1.0,2,2,1.0
2639004,val,a30_31,1.4848416,3.4125912,1.0,3,3,1.0,2,6,1.0
2665177,val,a30_31,0.62479687,0.50427806,1.0,2,2,1.0,6,6,1.0
2672006,val,a30_31,3.40247,3.8187668,1.0,3,3,1.0,6,6,1.0
2672171,val,a30_31,2.4320567,4.456984,1.0,3,3,1.0,2,4,1.0
2697003,val,a30_31,3.640562,3.9311678,1.0,3,3,1.0,2,4,1.0
2704031,val,a30_31,3.556468,3.4627373,1.0,3,3,1.0,6,2,1.0
2705030,val,a30_31,3.4462032,3.8132377,1.0,3,3,1.0,2,2,1.0
2707007,val,a30_31,2.5736496,2.7866313,1.0,3,3,1.0,3,2,1.0
2712172,val,a30_31,2.0282953,2.5026433,1.0,3,3,1.0,2,2,1.0
2731003,val,a30_31,2.9954689,3.2932556,1.0,3,3,1.0,6,6,1.0
2731005,val,a30_31,3.7820985,4.5509243,1.0,3,3,1.0,6,6,1.0
2770031,val,a30_31,3.3520036,3.598622,1.0,3,3,1.0,2,2,1.0
2816004,val,a30_31,0.47800326,0.0,1.0,2,2,1.0,2,2,1.0
2910002,val,a30_31,2.831829,2.9302201,1.0,3,3,1.0,2,2,1.0
3062001,val,a30_31,3.6121902,3.2921891,1.0,3,3,1.0,2,2,1.0
3235002,val,a30_31,1.9871485,2.637326,1.0,3,3,1.0,2,2,1.0
3306001,val,a30_31,4.4836054,4.2639766,1.0,3,3,1.0,2,2,1.0
5015030,val,a30_31,2.104023,3.053964,1.0,2,3,1.0,2,2,1.0
5048030,val,a30_31,2.7897408,0.9035515,1.0,3,3,1.0,6,6,1.0
5052033,val,a30_31,2.1680443,2.1652112,1.0,3,3,1.0,6,6,1.0
5057008,val,a30_31,0.22308373,0.0,1.0,2,2,1.0,6,6,1.0
5170009,val,a30_31,3.2482476,3.6723797,1.0,3,3,1.0,2,2,1.0
5230008,val,a30_31,2.9318566,3.3242893,1.0,3,3,1.0,2,2,1.0
5299010,val,a30_31,2.2817297,1.4410384,1.0,3,3,1.0,6,6,1.0
5336179,val,a30_31,2.8766975,2.2973404,1.0,3,2,1.0,2,2,1.0
5364005,val,a30_31,2.7813435,3.2058682,1.0,3,3,1.0,2,3,1.0
5379004,val,a30_31,3.4230037,2.9469423,1.0,3,3,1.0,2,4,1.0
5430173,val,a30_31,2.92183,0.0,0.0,3,-1,0.0,6,-1,0.0
5488006,val,a30_31,3.3214076,3.6987822,1.0,3,3,1.0,6,6,1.0
5493007,val,a30_31,0.2771275,0.0,1.0,2,2,1.0,6,5,1.0
5537009,val,a30_31,2.290094,2.2175868,1.0,3,3,1.0,2,2,1.0
5537177,val,a30_31,0.81999326,0.0,1.0,2,2,1.0,2,2,1.0
5537183,val,a30_31,3.4472878,0.0,1.0,3,2,1.0,2,2,1.0
5569010,val,a30_31,2.5333111,3.477633,1.0,3,3,1.0,2,2,1.0
5600005,val,a30_31,1.361667,2.3809192,1.0,2,2,1.0,6,6,1.0
5615183,val,a30_31,2.8222198,4.037687,1.0,3,3,1.0,2,2,1.0
5749006,val,a30_31,1.9152806,2.652741,1.0,3,3,1.0,2,2,1.0
5822175,val,a30_31,2.8387885,2.9794602,1.0,3,3,1.0,2,2,1.0
5832003,val,a30_31,2.652715,0.0,0.0,3,-1,0.0,6,-1,0.0
5872005,val,a30_31,0.31147337,0.0,1.0,2,2,1.0,6,6,1.0
5898005,val,a30_31,1.3242018,0.0,1.0,2,2,1.0,6,4,1.0
5904033,val,a30_31,2.7858877,2.6030054,1.0,3,3,1.0,2,3,1.0
5987188,val,a30_31,2.8347826,3.0227742,1.0,3,3,1.0,2,2,1.0
6026005,val,a30_31,3.6279564,3.6704879,1.0,3,3,1.0,6,6,1.0
6026172,val,a30_31,3.44985,3.7018018,1.0,3,3,1.0,6,6,1.0
6054031,val,a30_31,3.7419047,4.3773117,1.0,3,3,1.0,6,6,1.0
6121033,val,a30_31,1.9536374,0.0,0.0,3,2,1.0,6,6,1.0
6156008,val,a30_31,3.5118842,3.766229,1.0,3,3,1.0,6,6,1.0
6157003,val,a30_31,2.700985,2.724433,1.0,3,3,1.0,2,2,1.0
6210183,val,a30_31,2.6325626,3.5983658,1.0,3,3,1.0,2,2,1.0
6262030,val,a30_31,3.4894106,3.6729314,1.0,3,3,1.0,2,2,1.0
6368007,val,a30_31,2.3641138,1.520187,1.0,3,2,1.0,6,6,1.0
6381181,val,a30_31,3.2686906,3.8400397,1.0,3,3,1.0,6,6,1.0
6396003,val,a30_31,1.7112446,1.6638994,1.0,3,3,1.0,2,2,1.0
6431008,val,a30_31,2.156927,3.2574513,1.0,3,3,1.0,2,2,1.0
6475170,val,a30_31,2.3962529,2.6670494,1.0,3,3,1.0,6,6,1.0
6522004,val,a30_31,0.75359595,0.0,1.0,2,2,1.0,6,6,1.0
6537032,val,a30_31,2.732265,2.6992998,1.0,3,2,1.0,2,2,1.0
6541178,val,a30_31,3.3309274,4.0980587,1.0,3,3,1.0,2,2,1.0
6545006,val,a30_31,2.242601,0.0,0.0,3,-1,0.0,6,-1,0.0
6547171,val,a30_31,2.8539813,2.844415,1.0,3,3,1.0,2,2,1.0
6571031,val,a30_31,2.884558,0.0,0.0,3,-1,0.0,2,-1,0.0
6590008,val,a30_31,2.7635994,3.052779,1.0,3,3,1.0,2,2,1.0
6616007,val,a30_31,1.7401333,2.4154687,1.0,3,2,1.0,2,2,1.0
6649003,val,a30_31,2.5302095,3.1905797,1.0,3,2,1.0,6,6,1.0
6710030,val,a30_31,0.38833618,3.334712,1.0,2,3,1.0,6,6,1.0
6745007,val,a30_31,2.9341786,0.0,0.0,3,-1,0.0,6,-1,0.0
6750005,val,a30_31,2.0530033,0.0,1.0,3,3,1.0,2,3,1.0
6765006,val,a30_31,1.2168111,0.0,1.0,2,3,1.0,2,2,1.0
6822176,val,a30_31,3.0768433,3.7020907,1.0,3,3,1.0,2,3,1.0
6828003,val,a30_31,0.5647254,0.00086969405,1.0,2,3,1.0,2,2,1.0
6872003,val,a30_31,2.8806043,3.403978,1.0,3,3,1.0,6,2,1.0
4007,val,a32_33,2.6879032,1.0867418,1.0,3,3,1.0,2,2,1.0
6174,val,a32_33,3.4741402,3.4142132,1.0,3,3,1.0,2,2,1.0
14004,val,a32_33,3.4887266,3.97576,1.0,3,3,1.0,2,2,1.0
14172,val,a32_33,0.51931095,0.0,1.0,2,2,1.0,2,2,1.0
14173,val,a32_33,2.9023669,3.566897,1.0,3,3,1.0,6,2,1.0
18031,val,a32_33,0.16884494,0.0,1.0,2,2,1.0,2,2,1.0
18185,val,a32_33,2.1151161,3.419789,1.0,3,3,1.0,2,4,1.0
23031,val,a32_33,3.1563306,2.7639472,1.0,3,3,1.0,6,6,1.0
40173,val,a32_33,3.5027523,4.1959877,1.0,3,3,1.0,2,2,1.0
51171,val,a32_33,3.2842515,3.4484794,1.0,3,3,1.0,2,2,1.0
84005,val,a32_33,3.2571478,3.628354,1.0,3,3,1.0,6,6,1.0
121173,val,a32_33,3.0820053,4.8089485,1.0,3,3,1.0,2,2,1.0
128004,val,a32_33,3.742716,3.699267,1.0,3,3,1.0,2,2,1.0
145170,val,a32_33,3.355867,3.7859023,1.0,3,3,1.0,2,2,1.0
161004,val,a32_33,3.6573887,4.144882,1.0,3,3,1.0,6,6,1.0
172031,val,a32_33,3.6759138,3.4698775,1.0,3,3,1.0,2,2,1.0
174175,val,a32_33,1.8410877,3.505085,1.0,3,3,1.0,2,2,1.0
221031,val,a32_33,3.7456415,3.6850972,1.0,3,3,1.0,2,2,1.0
223030,val,a32_33,3.5754597,3.5649583,1.0,3,3,1.0,2,2,1.0
227003,val,a32_33,3.9903789,1.4325641,1.0,3,3,1.0,6,4,1.0
257175,val,a32_33,3.2317824,2.9559011,1.0,3,3,1.0,2,2,1.0
263182,val,a32_33,3.3549297,3.1111588,1.0,3,3,1.0,2,2,1.0
321005,val,a32_33,2.484538,0.0,1.0,3,3,1.0,4,2,1.0
361175,val,a32_33,2.215022,2.4523063,1.0,2,2,1.0,2,2,1.0
377170,val,a32_33,3.1129944,4.1439614,1.0,3,3,1.0,2,2,1.0
450030,val,a32_33,3.6409533,3.9492195,1.0,3,3,1.0,2,6,1.0
465030,val,a32_33,2.222968,3.4057453,1.0,3,3,1.0,4,2,1.0
478030,val,a32_33,3.1256309,2.441683,1.0,3,2,1.0,6,5,1.0
503031,val,a32_33,2.6948676,4.011046,1.0,3,3,1.0,2,2,1.0
514172,val,a32_33,3.8068118,4.8569217,1.0,3,3,1.0,2,2,1.0
534030,val,a32_33,3.1123698,3.5290773,1.0,3,3,1.0,2,2,1.0
534171,val,a32_33,3.689302,3.4207587,1.0,3,3,1.0,2,2,1.0
544170,val,a32_33,2.7309494,2.4005008,1.0,3,3,1.0,2,2,1.0
563193,val,a32_33,3.2853713,1.2695827,1.0,3,2,1.0,2,2,1.0
577174,val,a32_33,3.0462344,1.7688432,1.0,3,3,1.0,2,2,1.0
613006,val,a32_33,2.8452663,4.381024,1.0,3,3,1.0,2,6,1.0
618170,val,a32_33,3.8415725,4.21746,1.0,3,3,1.0,2,2,1.0
631030,val,a32_33,3.276521,3.6409497,1.0,3,2,1.0,2,4,1.0
633031,val,a32_33,3.439873,3.587975,1.0,3,3,1.0,2,2,1.0
652173,val,a32_33,2.9170048,3.7014766,1.0,3,3,1.0,2,2,1.0
655172,val,a32_33,3.2243752,2.5599382,1.0,3,3,1.0,2,2,1.0
656005,val,a32_33,2.4555998,1.6182599,1.0,3,2,1.0,2,2,1.0
691171,val,a32_33,2.6061037,2.3093877,1.0,3,3,1.0,2,4,1.0
738172,val,a32_33,2.1717567,3.3051815,1.0,3,3,1.0,2,2,1.0
751030,val,a32_33,1.9520487,2.7029045,1.0,3,3,1.0,2,2,1.0
762170,val,a32_33,3.9997332,4.7859936,1.0,3,3,1.0,2,2,1.0
783171,val,a32_33,3.3978324,0.0,1.0,3,2,1.0,2,2,1.0
863007,val,a32_33,2.4397693,2.0965526,1.0,3,3,1.0,2,2,1.0
893170,val,a32_33,2.7390273,1.1484697,1.0,3,2,1.0,2,2,1.0
894031,val,a32_33,3.0989828,2.920467,1.0,3,3,1.0,2,2,1.0
898181,val,a32_33,2.5217404,2.303382,1.0,3,2,1.0,2,2,1.0
899003,val,a32_33,3.6246104,3.1265504,1.0,3,3,1.0,2,4,1.0
916032,val,a32_33,2.5453484,3.433667,1.0,3,3,1.0,6,6,1.0
922005,val,a32_33,3.7235594,2.0455058,1.0,3,3,1.0,2,2,1.0
931172,val,a32_33,3.1784444,2.9653394,1.0,3,3,1.0,2,2,1.0
939032,val,a32_33,4.545164,4.886779,1.0,3,3,1.0,2,2,1.0
958030,val,a32_33,3.6762156,3.514469,1.0,3,3,1.0,2,2,1.0
958173,val,a32_33,2.5520773,3.0765197,1.0,3,3,1.0,2,2,1.0
961005,val,a32_33,2.867516,2.9124293,1.0,3,2,1.0,2,2,1.0
961030,val,a32_33,3.4782805,3.8700032,1.0,3,3,1.0,6,6,1.0
961175,val,a32_33,3.1881757,3.3337398,1.0,3,3,1.0,2,2,1.0
1051183,val,a32_33,3.875526,3.8180304,1.0,3,3,1.0,2,2,1.0
1084005,val,a32_33,3.021005,0.0,1.0,3,2,1.0,2,2,1.0
1089003,val,a32_33,3.045538,3.267166,1.0,3,3,1.0,2,2,1.0
1093003,val,a32_33,0.8039298,0.0,1.0,2,2,1.0,2,2,1.0
1107173,val,a32_33,1.2993522,2.8713987,1.0,3,3,1.0,2,2,1.0
1109174,val,a32_33,1.6622081,1.7994808,1.0,3,2,1.0,2,2,1.0
1121030,val,a32_33,3.3658218,3.2479649,1.0,3,3,1.0,2,2,1.0
1121175,val,a32_33,1.9185529,2.7939436,1.0,3,3,1.0,2,2,1.0
1125172,val,a32_33,2.5999823,2.505347,1.0,3,3,1.0,2,2,1.0
1126030,val,a32_33,3.0560937,3.0186512,1.0,3,3,1.0,2,2,1.0
1126176,val,a32_33,1.5132321,4.886779,1.0,2,3,1.0,2,2,1.0
1152180,val,a32_33,3.4160666,3.2781074,1.0,3,3,1.0,2,2,1.0
1164004,val,a32_33,3.0652971,3.232986,1.0,3,3,1.0,2,2,1.0
1184032,val,a32_33,3.279849,3.3217459,1.0,3,3,1.0,2,2,1.0
1184033,val,a32_33,1.7142419,0.0,1.0,3,2,1.0,6,2,1.0
1185003,val,a32_33,3.346316,2.8616178,1.0,3,2,1.0,2,2,1.0
1222004,val,a32_33,2.0604324,0.0,1.0,3,2,1.0,2,2,1.0
1222006,val,a32_33,2.7589712,3.2669837,1.0,3,3,1.0,2,2,1.0
1284170,val,a32_33,3.4856155,3.8794374,1.0,3,3,1.0,2,2,1.0
1292004,val,a32_33,2.7050338,1.8490136,1.0,3,3,1.0,2,2,1.0
1314172,val,a32_33,3.231286,1.2554071,1.0,3,3,1.0,2,2,1.0
1332005,val,a32_33,3.7548301,1.8490136,1.0,3,3,1.0,4,4,1.0
1335010,val,a32_33,3.1433096,2.8287268,1.0,3,3,1.0,2,2,1.0
1338003,val,a32_33,3.2208717,3.5806177,1.0,3,3,1.0,6,6,1.0
1345006,val,a32_33,3.1081476,3.5201502,1.0,3,3,1.0,2,4,1.0
1345007,val,a32_33,2.6335332,3.3856368,1.0,3,3,1.0,6,6,1.0
1346030,val,a32_33,3.7611532,0.0,1.0,3,2,1.0,6,2,1.0
1391033,val,a32_33,3.8331957,3.8577616,1.0,3,3,1.0,6,2,1.0
1391175,val,a32_33,0.5295303,2.1802564,1.0,2,3,1.0,2,2,1.0
1394033,val,a32_33,2.5105166,0.0,1.0,3,2,1.0,6,4,1.0
1397005,val,a32_33,3.2172995,3.384829,1.0,3,3,1.0,2,2,1.0
1397172,val,a32_33,0.99000525,0.6637555,1.0,2,2,1.0,2,2,1.0
1426004,val,a32_33,1.7639468,1.2936131,1.0,3,2,1.0,6,3,1.0
1434032,val,a32_33,2.7817407,1.6391988,1.0,3,3,1.0,2,2,1.0
1434170,val,a32_33,3.2546954,2.9495683,1.0,3,3,1.0,2,2,1.0
1435005,val,a32_33,3.56834,3.904213,1.0,3,3,1.0,6,2,1.0
1485171,val,a32_33,3.462295,1.6021421,1.0,3,3,1.0,2,2,1.0
1520031,val,a32_33,3.3051186,3.9380646,1.0,3,3,1.0,2,2,1.0
1540005,val,a32_33,4.274766,2.2967575,1.0,3,3,1.0,6,2,1.0
1559003,val,a32_33,4.444386,4.4298196,1.0,3,3,1.0,2,2,1.0
1559170,val,a32_33,3.3415844,3.635588,1.0,3,3,1.0,2,2,1.0
1565180,val,a32_33,2.9445906,3.4698775,1.0,3,3,1.0,2,2,1.0
1579030,val,a32_33,3.1470861,3.4738486,1.0,3,3,1.0,2,2,1.0
1613007,val,a32_33,2.5254087,0.38016513,1.0,3,2,1.0,2,2,1.0
1621171,val,a32_33,3.7465909,4.339688,1.0,3,3,1.0,2,2,1.0
1644004,val,a32_33,3.1378765,1.2289442,1.0,3,3,1.0,2,2,1.0
1652031,val,a32_33,2.8611906,0.0,1.0,3,2,1.0,2,2,1.0
1682032,val,a32_33,2.9697683,4.266328,1.0,3,3,1.0,6,6,1.0
1684173,val,a32_33,3.168635,3.2957816,1.0,3,3,1.0,2,2,1.0
1687003,val,a32_33,3.1613863,3.19179,1.0,3,3,1.0,2,2,1.0
1690170,val,a32_33,2.0861855,3.3861604,1.0,3,3,1.0,2,2,1.0
1692030,val,a32_33,0.5135691,1.5561625,1.0,2,3,1.0,2,2,1.0
1695034,val,a32_33,2.7666738,3.4795048,1.0,3,3,1.0,2,2,1.0
1701004,val,a32_33,2.5087824,3.2293725,1.0,3,3,1.0,2,2,1.0
1721030,val,a32_33,3.639954,3.8455408,1.0,3,3,1.0,2,2,1.0
1723005,val,a32_33,0.44418192,0.82886904,1.0,2,2,1.0,2,2,1.0
1762030,val,a32_33,2.4597104,1.9757252,1.0,3,3,1.0,2,2,1.0
1762031,val,a32_33,3.549408,3.5925455,1.0,3,3,1.0,2,2,1.0
1762032,val,a32_33,1.9483597,1.6391988,1.0,3,3,1.0,2,3,1.0
1774170,val,a32_33,3.2236576,3.9912028,1.0,3,3,1.0,2,2,1.0
1774171,val,a32_33,3.221229,3.549721,1.0,3,3,1.0,2,2,1.0
1784171,val,a32_33,3.713718,4.220819,1.0,3,3,1.0,2,2,1.0
1786191,val,a32_33,3.641201,3.9380646,1.0,3,3,1.0,2,2,1.0
1787005,val,a32_33,3.47913,3.6982102,1.0,3,3,1.0,2,2,1.0
1787174,val,a32_33,2.7403834,3.4946194,1.0,3,3,1.0,2,2,1.0
1802003,val,a32_33,2.9941494,2.9506648,1.0,3,3,1.0,2,2,1.0
1845170,val,a32_33,3.7198157,3.4964852,1.0,3,3,1.0,2,2,1.0
1862171,val,a32_33,3.3018885,3.7249148,1.0,3,3,1.0,2,2,1.0
1898004,val,a32_33,3.1629357,3.97414,1.0,3,3,1.0,6,6,1.0
1911030,val,a32_33,2.4873269,3.1334782,1.0,3,3,1.0,2,2,1.0
1914003,val,a32_33,0.6468065,1.1835238,1.0,2,3,1.0,2,2,1.0
1919007,val,a32_33,3.8232465,3.963373,1.0,3,3,1.0,2,2,1.0
1954003,val,a32_33,3.3620367,3.3071876,1.0,3,3,1.0,2,2,1.0
1959005,val,a32_33,3.760128,4.227319,1.0,3,3,1.0,6,6,1.0
1964031,val,a32_33,2.5373926,0.0,0.0,3,-1,0.0,4,-1,0.0
1972173,val,a32_33,0.6977856,3.2300382,1.0,2,3,1.0,2,3,1.0
1978030,val,a32_33,3.289494,3.9380646,1.0,3,3,1.0,2,2,1.0
2005030,val,a32_33,2.8696594,3.6323774,1.0,3,3,1.0,6,6,1.0
2011174,val,a32_33,2.5978327,3.1610117,1.0,3,3,1.0,2,2,1.0
2023030,val,a32_33,3.6808333,4.676276,1.0,3,3,1.0,6,6,1.0
2028030,val,a32_33,3.3336463,3.8275414,1.0,3,3,1.0,2,4,1.0
2055003,val,a32_33,2.4686203,2.436415,1.0,3,3,1.0,2,2,1.0
2067005,val,a32_33,3.529152,3.8835647,1.0,3,3,1.0,2,2,1.0
2080170,val,a32_33,1.9227433,1.5193015,1.0,3,3,1.0,2,2,1.0
2106171,val,a32_33,0.43993974,1.9249718,1.0,2,3,1.0,2,2,1.0
2109002,val,a32_33,3.0668418,4.320229,1.0,3,3,1.0,2,3,1.0
2129186,val,a32_33,2.963028,3.4382844,1.0,3,3,1.0,2,2,1.0
2181007,val,a32_33,0.71843195,0.0,1.0,2,2,1.0,6,6,1.0
2181030,val,a32_33,3.256673,3.2005377,1.0,3,3,1.0,2,4,1.0
2243174,val,a32_33,3.451734,4.3128266,1.0,3,3,1.0,2,2,1.0
2260173,val,a32_33,2.6963346,1.8636948,1.0,3,3,1.0,2,2,1.0
2261030,val,a32_33,3.0048153,3.46386,1.0,3,3,1.0,2,2,1.0
2271171,val,a32_33,2.5299444,2.8805687,1.0,3,3,1.0,2,2,1.0
2282005,val,a32_33,3.0148802,2.6999228,1.0,3,3,1.0,2,4,1.0
2302195,val,a32_33,0.443331,0.0,1.0,2,2,1.0,2,3,1.0
2334031,val,a32_33,3.568605,4.3227935,1.0,3,3,1.0,2,2,1.0
2341172,val,a32_33,2.886437,1.4055939,1.0,3,3,1.0,2,2,1.0
2354175,val,a32_33,3.7320485,3.5770934,1.0,3,3,1.0,6,2,1.0
2355004,val,a32_33,1.3181555,3.1516616,1.0,3,3,1.0,2,4,1.0
2391030,val,a32_33,3.4669824,3.3850226,1.0,3,3,1.0,2,2,1.0
2397173,val,a32_33,0.72322094,1.5610666,1.0,2,2,1.0,2,4,1.0
2408170,val,a32_33,2.9007463,1.7504245,1.0,3,3,1.0,6,2,1.0
2425003,val,a32_33,2.6372325,1.0458099,1.0,3,3,1.0,2,2,1.0
2432030,val,a32_33,1.1468089,3.1244323,1.0,3,3,1.0,2,4,1.0
2435172,val,a32_33,0.9856466,2.6671154,1.0,2,3,1.0,2,2,1.0
2436174,val,a32_33,0.47383785,0.0,1.0,2,2,1.0,2,2,1.0
2436176,val,a32_33,1.4236509,2.3387928,1.0,2,3,1.0,2,2,1.0
2441003,val,a32_33,1.5745528,2.767564,1.0,3,3,1.0,2,2,1.0
2441173,val,a32_33,3.5111642,3.35304,1.0,3,2,1.0,2,2,1.0
2458031,val,a32_33,4.3968453,4.4858203,1.0,3,3,1.0,2,6,1.0
2461004,val,a32_33,1.1151371,0.0,1.0,2,2,1.0,2,2,1.0
2461030,val,a32_33,3.2662594,4.886779,1.0,3,3,1.0,2,2,1.0
2473004,val,a32_33,3.3000019,3.5253677,1.0,3,3,1.0,2,2,1.0
2483030,val,a32_33,3.0565479,2.811228,1.0,3,3,1.0,2,3,1.0
2503030,val,a32_33,3.865905,3.3822985,1.0,3,2,1.0,6,6,1.0
2510005,val,a32_33,3.5877037,3.1491687,1.0,3,3,1.0,2,2,1.0
2525003,val,a32_33,3.305368,1.4930412,1.0,3,2,1.0,2,2,1.0
2529030,val,a32_33,2.796929,2.3032491,1.0,3,3,1.0,2,2,1.0
2529174,val,a32_33,2.8735929,4.1124773,1.0,3,3,1.0,2,2,1.0
2530003,val,a32_33,1.9160509,0.0,0.0,3,-1,0.0,2,-1,0.0
2530004,val,a32_33,2.90118,3.012737,1.0,3,3,1.0,2,2,1.0
2569033,val,a32_33,2.860252,3.4540765,1.0,3,3,1.0,6,2,1.0
2601006,val,a32_33,3.9618769,4.6354756,1.0,3,3,1.0,6,2,1.0
2608006,val,a32_33,2.7125454,3.1019585,1.0,3,3,1.0,2,2,1.0
2615034,val,a32_33,3.4661503,4.0760427,1.0,3,3,1.0,2,2,1.0
2639004,val,a32_33,1.7622554,3.5780287,1.0,3,3,1.0,2,4,1.0
2665177,val,a32_33,0.9552598,0.0,1.0,2,2,1.0,6,6,1.0
2672006,val,a32_33,3.4145918,3.845893,1.0,3,3,1.0,6,2,1.0
2672171,val,a32_33,2.5770917,3.2094243,1.0,3,3,1.0,2,4,1.0
2697003,val,a32_33,3.6306257,4.1256022,1.0,3,3,1.0,2,4,1.0
2704031,val,a32_33,3.7598069,3.3051815,1.0,3,3,1.0,6,2,1.0
2705030,val,a32_33,3.5321069,4.1353226,1.0,3,3,1.0,2,2,1.0
2707007,val,a32_33,2.6549907,2.9212708,1.0,3,3,1.0,2,2,1.0
2712172,val,a32_33,2.0350404,2.9834774,1.0,3,3,1.0,2,2,1.0
2731003,val,a32_33,2.9397855,3.4424026,1.0,3,3,1.0,6,6,1.0
2731005,val,a32_33,3.8161545,4.657845,1.0,3,3,1.0,6,6,1.0
2770031,val,a32_33,3.357106,3.5017936,1.0,3,3,1.0,2,2,1.0
2816004,val,a32_33,0.77619135,0.99481934,1.0,2,3,1.0,2,2,1.0
2910002,val,a32_33,2.4863758,2.9570043,1.0,3,2,1.0,2,2,1.0
3062001,val,a32_33,3.48697,3.0165422,1.0,3,3,1.0,2,2,1.0
3235002,val,a32_33,2.488342,3.067396,1.0,3,3,1.0,2,2,1.0
3306001,val,a32_33,3.416317,4.5033164,1.0,3,3,1.0,2,2,1.0
5015030,val,a32_33,1.3066072,3.1231244,1.0,2,3,1.0,2,2,1.0
5048030,val,a32_33,2.825407,0.85221577,1.0,3,3,1.0,6,6,1.0
5052033,val,a32_33,2.1218781,2.1177578,1.0,3,3,1.0,6,6,1.0
5057008,val,a32_33,0.7470238,0.0,1.0,2,2,1.0,6,6,1.0
5170009,val,a32_33,3.32207,3.754378,1.0,3,3,1.0,2,2,1.0
5230008,val,a32_33,2.8717449,3.23986,1.0,3,3,1.0,2,2,1.0
5299010,val,a32_33,2.2963674,0.0,1.0,3,2,1.0,6,6,1.0
5336179,val,a32_33,2.8511364,2.1424496,1.0,3,3,1.0,2,2,1.0
5364005,val,a32_33,2.7897685,3.1292195,1.0,3,3,1.0,2,3,1.0
5379004,val,a32_33,3.2756574,3.4401562,1.0,3,3,1.0,2,4,1.0
5430173,val,a32_33,3.003408,0.0,1.0,3,2,1.0,6,6,1.0
5488006,val,a32_33,3.181983,3.6953425,1.0,3,3,1.0,6,6,1.0
5493007,val,a32_33,0.6056957,0.0,1.0,2,2,1.0,6,6,1.0
5537009,val,a32_33,2.328251,0.0,0.0,3,-1,0.0,2,-1,0.0
5537177,val,a32_33,1.2090597,0.0,1.0,3,2,1.0,2,2,1.0
5537183,val,a32_33,3.462159,3.904599,1.0,3,3,1.0,2,2,1.0
5569010,val,a32_33,2.7448106,3.7087364,1.0,3,3,1.0,2,2,1.0
5600005,val,a32_33,1.6472573,2.8738692,1.0,3,3,1.0,6,6,1.0
5615183,val,a32_33,2.7835088,3.4054897,1.0,3,3,1.0,2,2,1.0
5749006,val,a32_33,1.8138604,2.906099,1.0,3,3,1.0,6,2,1.0
5822175,val,a32_33,2.869265,3.410315,1.0,3,3,1.0,2,2,1.0
5832003,val,a32_33,2.6791613,3.3075924,1.0,3,2,1.0,2,6,1.0
5872005,val,a32_33,0.6479566,0.0,1.0,2,2,1.0,6,6,1.0
5898005,val,a32_33,1.7435098,1.7823017,1.0,2,3,1.0,6,4,1.0
5904033,val,a32_33,2.4894724,0.84036845,1.0,3,3,1.0,2,3,1.0
5987188,val,a32_33,2.6709793,2.9850528,1.0,3,3,1.0,2,2,1.0
6026005,val,a32_33,3.79526,3.9760501,1.0,3,3,1.0,6,2,1.0
6026172,val,a32_33,3.3416243,3.810312,1.0,3,3,1.0,6,2,1.0
6054031,val,a32_33,3.8077672,3.938906,1.0,3,3,1.0,6,6,1.0
6121033,val,a32_33,2.819268,0.0,0.0,3,-1,0.0,6,-1,0.0
6156008,val,a32_33,3.5813918,3.793373,1.0,3,3,1.0,6,6,1.0
6157003,val,a32_33,2.807844,2.9488564,1.0,3,3,1.0,2,2,1.0
6210183,val,a32_33,2.5363524,3.3647535,1.0,3,3,1.0,2,2,1.0
6262030,val,a32_33,3.567965,4.031533,1.0,3,3,1.0,2,2,1.0
6368007,val,a32_33,2.69256,0.41118228,1.0,3,2,1.0,6,6,1.0
6381181,val,a32_33,3.2369633,4.056612,1.0,3,3,1.0,6,2,1.0
6396003,val,a32_33,1.6784034,1.5197067,1.0,3,3,1.0,2,2,1.0
6431008,val,a32_33,2.5163171,3.2996137,1.0,3,3,1.0,2,2,1.0
6475170,val,a32_33,2.5476136,2.8357437,1.0,3,3,1.0,6,6,1.0
6522004,val,a32_33,1.0591762,0.0,1.0,2,2,1.0,6,6,1.0
6537032,val,a32_33,2.6563368,0.0,1.0,3,2,1.0,2,2,1.0
6541178,val,a32_33,3.3732748,4.160322,1.0,3,3,1.0,2,2,1.0
6545006,val,a32_33,2.1856327,0.0,0.0,3,-1,0.0,3,-1,0.0
6547171,val,a32_33,2.80928,2.8279142,1.0,3,3,1.0,2,2,1.0
6571031,val,a32_33,2.889079,3.3175473,1.0,3,3,1.0,2,3,1.0
6590008,val,a32_33,2.8824477,3.1238058,1.0,3,3,1.0,2,2,1.0
6616007,val,a32_33,1.9294608,2.2041533,1.0,3,3,1.0,2,3,1.0
6649003,val,a32_33,2.3443136,2.9051325,1.0,3,3,1.0,6,6,1.0
6710030,val,a32_33,0.74806046,0.0,0.0,2,-1,0.0,6,-1,0.0
6745007,val,a32_33,2.9905334,0.0,0.0,3,-1,0.0,6,-1,0.0
6750005,val,a32_33,2.1127527,3.182522,1.0,3,3,1.0,2,4,1.0
6765006,val,a32_33,1.6336316,2.837602,1.0,2,3,1.0,2,2,1.0
6822176,val,a32_33,2.9478958,3.8595586,1.0,3,3,1.0,2,4,1.0
6828003,val,a32_33,0.8057809,0.0,1.0,2,2,1.0,2,2,1.0
6872003,val,a32_33,2.88036,3.5754573,1.0,3,3,1.0,6,2,1.0
4007,val,a34_35,2.362908,2.800409,1.0,3,3,1.0,2,2,1.0
6174,val,a34_35,3.4379907,3.436764,1.0,3,3,1.0,2,2,1.0
14004,val,a34_35,3.3987663,3.998868,1.0,3,3,1.0,2,2,1.0
14172,val,a34_35,0.9808086,0.0,1.0,3,2,1.0,2,2,1.0
14173,val,a34_35,3.0230489,3.6810904,1.0,3,3,1.0,2,2,1.0
18031,val,a34_35,0.36435533,0.68363804,1.0,2,2,1.0,2,2,1.0
18185,val,a34_35,2.2540097,0.9108581,1.0,3,2,1.0,2,2,1.0
23031,val,a34_35,3.4548264,3.4142132,1.0,3,3,1.0,6,6,1.0
40173,val,a34_35,3.4264135,3.7375634,1.0,3,3,1.0,2,2,1.0
51171,val,a34_35,3.271065,3.6482122,1.0,3,3,1.0,2,2,1.0
84005,val,a34_35,3.1635368,3.8661423,1.0,3,3,1.0,6,6,1.0
121173,val,a34_35,2.9281402,4.4823527,1.0,3,3,1.0,2,2,1.0
128004,val,a34_35,3.7205555,3.7695422,1.0,3,3,1.0,2,2,1.0
145170,val,a34_35,3.2106695,3.050315,1.0,3,3,1.0,2,2,1.0
161004,val,a34_35,3.6071362,4.29205,1.0,3,3,1.0,6,6,1.0
172031,val,a34_35,3.5517578,3.0302796,1.0,3,3,1.0,2,2,1.0
174175,val,a34_35,2.190413,3.4826064,1.0,3,3,1.0,2,2,1.0
221031,val,a34_35,3.784114,4.00667,1.0,3,3,1.0,2,2,1.0
223030,val,a34_35,3.6331627,4.1992106,1.0,3,3,1.0,2,2,1.0
227003,val,a34_35,3.962841,3.9942298,1.0,3,3,1.0,6,4,1.0
257175,val,a34_35,3.4318595,1.5653204,1.0,3,3,1.0,2,2,1.0
263182,val,a34_35,3.3141375,3.226835,1.0,3,3,1.0,2,2,1.0
321005,val,a34_35,2.3102188,1.8506196,1.0,2,3,1.0,4,2,1.0
361175,val,a34_35,2.2271533,0.5806059,1.0,3,2,1.0,2,2,1.0
377170,val,a34_35,3.148552,4.052736,1.0,3,3,1.0,2,2,1.0
450030,val,a34_35,3.4698656,3.535023,1.0,3,3,1.0,2,6,1.0
465030,val,a34_35,2.4046624,3.46386,1.0,3,3,1.0,2,2,1.0
478030,val,a34_35,2.97213,0.0,1.0,3,3,1.0,6,5,1.0
503031,val,a34_35,2.7606697,4.179109,1.0,3,3,1.0,2,2,1.0
514172,val,a34_35,3.7649822,4.4858203,1.0,3,3,1.0,2,2,1.0
534030,val,a34_35,2.9557464,1.7294579,1.0,3,3,1.0,2,2,1.0
534171,val,a34_35,3.6437948,3.2709668,1.0,3,3,1.0,2,2,1.0
544170,val,a34_35,2.7679436,2.6415782,1.0,3,3,1.0,2,2,1.0
563193,val,a34_35,3.3088665,0.0,1.0,3,2,1.0,2,2,1.0
577174,val,a34_35,3.0527148,2.117311,1.0,3,3,1.0,2,2,1.0
613006,val,a34_35,2.8192432,3.412913,1.0,3,2,1.0,2,6,1.0
618170,val,a34_35,3.6669211,4.139663,1.0,3,3,1.0,2,2,1.0
631030,val,a34_35,3.0089376,4.0355644,1.0,3,3,1.0,2,4,1.0
633031,val,a34_35,3.0923846,3.806156,1.0,3,3,1.0,2,2,1.0
652173,val,a34_35,2.8642383,3.5265098,1.0,3,3,1.0,2,2,1.0
655172,val,a34_35,3.0063188,3.625488,1.0,3,2,1.0,2,2,1.0
656005,val,a34_35,2.2832289,2.2859914,1.0,3,3,1.0,2,2,1.0
691171,val,a34_35,2.6490762,2.9259071,1.0,3,3,1.0,2,4,1.0
738172,val,a34_35,2.1413412,2.920467,1.0,3,3,1.0,2,2,1.0
751030,val,a34_35,2.0044813,2.1802564,1.0,3,3,1.0,2,2,1.0
762170,val,a34_35,3.8825002,4.451708,1.0,3,3,1.0,2,2,1.0
783171,val,a34_35,3.135117,0.0,1.0,3,2,1.0,2,2,1.0
863007,val,a34_35,2.5382953,2.018303,1.0,3,3,1.0,2,2,1.0
893170,val,a34_35,2.7380657,0.0,1.0,3,2,1.0,2,2,1.0
894031,val,a34_35,3.0899827,3.045166,1.0,3,3,1.0,2,2,1.0
898181,val,a34_35,2.328177,2.2668793,1.0,3,3,1.0,2,2,1.0
899003,val,a34_35,3.79486,3.2250204,1.0,3,3,1.0,2,4,1.0
916032,val,a34_35,2.2071843,0.97904295,1.0,3,3,1.0,6,6,1.0
922005,val,a34_35,3.3578062,2.986773,1.0,3,3,1.0,2,2,1.0
931172,val,a34_35,3.1375194,2.7452414,1.0,3,3,1.0,2,2,1.0
939032,val,a34_35,4.3409333,4.8055015,1.0,3,3,1.0,2,2,1.0
958030,val,a34_35,3.3182898,3.643596,1.0,3,3,1.0,2,2,1.0
958173,val,a34_35,2.5382137,3.051619,1.0,3,3,1.0,2,2,1.0
961005,val,a34_35,3.035525,2.7400177,1.0,3,3,1.0,2,4,1.0
961030,val,a34_35,3.5149734,4.009967,1.0,3,3,1.0,2,2,1.0
961175,val,a34_35,3.1486459,3.5397089,1.0,3,3,1.0,2,2,1.0
1051183,val,a34_35,3.8023276,3.5068526,1.0,3,3,1.0,2,2,1.0
1084005,val,a34_35,2.7766187,1.2412424,1.0,3,3,1.0,2,2,1.0
1089003,val,a34_35,2.8795853,3.223352,1.0,3,3,1.0,2,2,1.0
1093003,val,a34_35,1.2451084,0.0,1.0,2,2,1.0,2,2,1.0
1107173,val,a34_35,1.5938201,0.0,1.0,3,2,1.0,2,2,1.0
1109174,val,a34_35,1.8686124,1.7912925,1.0,3,3,1.0,2,2,1.0
1121030,val,a34_35,3.3764913,3.3347914,1.0,3,3,1.0,2,2,1.0
1121175,val,a34_35,2.214308,2.8474362,1.0,3,3,1.0,2,2,1.0
1125172,val,a34_35,2.635886,2.8422003,1.0,3,3,1.0,2,2,1.0
1126030,val,a34_35,3.077114,3.5079842,1.0,3,3,1.0,2,2,1.0
1126176,val,a34_35,1.6784747,4.886779,1.0,3,3,1.0,2,2,1.0
1152180,val,a34_35,3.1526215,3.3841953,1.0,3,3,1.0,2,2,1.0
1164004,val,a34_35,3.0528207,3.3247015,1.0,3,3,1.0,2,2,1.0
1184032,val,a34_35,3.1816967,3.718973,1.0,3,3,1.0,2,2,1.0
1184033,val,a34_35,2.0591712,0.0,1.0,3,2,1.0,6,2,1.0
1185003,val,a34_35,3.1366463,0.1392965,1.0,3,2,1.0,2,2,1.0
1222004,val,a34_35,2.249693,0.6502385,1.0,3,3,1.0,2,2,1.0
1222006,val,a34_35,2.850181,0.0,1.0,3,3,1.0,2,2,1.0
1284170,val,a34_35,3.1175647,2.9825165,1.0,3,3,1.0,2,2,1.0
1292004,val,a34_35,2.8919282,2.6426997,1.0,3,3,1.0,2,2,1.0
1314172,val,a34_35,3.179818,3.6161854,1.0,3,3,1.0,2,2,1.0
1332005,val,a34_35,4.100078,3.4484794,1.0,3,3,1.0,2,2,1.0
1335010,val,a34_35,3.1022658,2.9968593,1.0,3,3,1.0,2,2,1.0
1338003,val,a34_35,3.0712376,3.7758262,1.0,3,3,1.0,2,6,1.0
1345006,val,a34_35,3.0956435,2.5475004,1.0,3,3,1.0,2,2,1.0
1345007,val,a34_35,2.7714245,4.046768,1.0,3,3,1.0,6,6,1.0
1346030,val,a34_35,3.4178243,0.0,1.0,3,2,1.0,6,2,1.0
1391033,val,a34_35,3.7391045,3.6222303,1.0,3,3,1.0,6,2,1.0
1391175,val,a34_35,0.75390375,3.1423733,1.0,2,3,1.0,2,4,1.0
1394033,val,a34_35,2.7548764,0.0,1.0,3,2,1.0,6,4,1.0
1397005,val,a34_35,3.3436084,3.6320806,1.0,3,3,1.0,2,2,1.0
1397172,val,a34_35,1.142357,0.0,1.0,3,2,1.0,2,2,1.0
1426004,val,a34_35,1.9456842,2.7400177,1.0,3,3,1.0,6,6,1.0
1434032,val,a34_35,2.8847995,1.6446948,1.0,3,3,1.0,2,2,1.0
1434170,val,a34_35,3.3308897,3.3065176,1.0,3,3,1.0,2,2,1.0
1435005,val,a34_35,3.6751766,4.083877,1.0,3,3,1.0,2,2,1.0
1485171,val,a34_35,3.4580984,3.1599016,1.0,3,3,1.0,2,2,1.0
1520031,val,a34_35,3.2485118,4.223541,1.0,3,3,1.0,2,3,1.0
1540005,val,a34_35,4.23922,1.1484697,1.0,3,3,1.0,6,2,1.0
1559003,val,a34_35,3.9638772,4.581772,1.0,3,3,1.0,2,2,1.0
1559170,val,a34_35,3.1376483,3.1855898,1.0,3,3,1.0,2,2,1.0
1565180,val,a34_35,2.8475153,3.8731043,1.0,3,3,1.0,2,2,1.0
1579030,val,a34_35,3.3981972,3.2707531,1.0,3,3,1.0,2,2,1.0
1613007,val,a34_35,2.4974523,1.1782345,1.0,3,3,1.0,2,2,1.0
1621171,val,a34_35,3.5589752,4.233549,1.0,3,3,1.0,2,2,1.0
1644004,val,a34_35,2.9987836,3.4810104,1.0,3,3,1.0,2,2,1.0
1652031,val,a34_35,2.7551198,1.224851,1.0,3,3,1.0,2,2,1.0
1682032,val,a34_35,2.7463624,4.058486,1.0,3,3,1.0,6,2,1.0
1684173,val,a34_35,3.2876208,3.449071,1.0,3,3,1.0,2,2,1.0
1687003,val,a34_35,3.2286472,3.3014047,1.0,3,3,1.0,2,2,1.0
1690170,val,a34_35,2.195025,3.3312128,1.0,3,3,1.0,2,2,1.0
1692030,val,a34_35,0.39606357,2.5444038,1.0,2,3,1.0,2,4,1.0
1695034,val,a34_35,3.4535892,3.5729935,1.0,3,2,1.0,2,2,1.0
1701004,val,a34_35,2.6474462,3.4728677,1.0,3,3,1.0,2,2,1.0
1721030,val,a34_35,3.512226,3.6708767,1.0,3,3,1.0,2,2,1.0
1723005,val,a34_35,0.82210517,1.1481966,1.0,2,2,1.0,2,2,1.0
1762030,val,a34_35,2.4753335,2.3319604,1.0,3,2,1.0,2,3,1.0
1762031,val,a34_35,3.5458374,3.7397017,1.0,3,3,1.0,2,2,1.0
1762032,val,a34_35,1.9868637,2.5473228,1.0,3,3,1.0,2,3,1.0
1774170,val,a34_35,3.050692,3.9032092,1.0,3,2,1.0,2,2,1.0
1774171,val,a34_35,3.0507548,3.6229506,1.0,3,3,1.0,2,2,1.0
1784171,val,a34_35,3.537229,4.4212785,1.0,3,3,1.0,2,2,1.0
1786191,val,a34_35,3.6195452,3.9449332,1.0,3,3,1.0,2,2,1.0
1787005,val,a34_35,3.1699147,4.0148044,1.0,3,3,1.0,2,2,1.0
1787174,val,a34_35,2.6589909,3.3078308,1.0,3,3,1.0,2,2,1.0
1802003,val,a34_35,3.1610448,2.8173234,1.0,3,3,1.0,2,2,1.0
1845170,val,a34_35,3.5503566,3.315087,1.0,3,3,1.0,2,2,1.0
1862171,val,a34_35,3.6812143,3.937253,1.0,3,3,1.0,2,2,1.0
1898004,val,a34_35,3.2108731,0.0,1.0,3,3,1.0,6,6,1.0
1911030,val,a34_35,2.6563745,3.0814157,1.0,3,3,1.0,2,2,1.0
1914003,val,a34_35,0.91560984,1.988769,1.0,2,3,1.0,2,2,1.0
1919007,val,a34_35,3.8986382,4.069468,1.0,3,3,1.0,2,2,1.0
1954003,val,a34_35,3.4193568,3.410345,1.0,3,3,1.0,2,2,1.0
1959005,val,a34_35,3.7138748,3.8789423,1.0,3,3,1.0,6,2,1.0
1964031,val,a34_35,2.5369582,2.4798064,1.0,3,3,1.0,4,4,1.0
1972173,val,a34_35,0.9439603,1.5825812,1.0,2,3,1.0,2,2,1.0
1978030,val,a34_35,3.136812,3.8594756,1.0,3,3,1.0,2,2,1.0
2005030,val,a34_35,2.7867193,3.584206,1.0,3,3,1.0,2,6,1.0
2011174,val,a34_35,2.5327873,3.2372046,1.0,3,3,1.0,2,2,1.0
2023030,val,a34_35,3.6778698,4.71018,1.0,3,3,1.0,6,6,1.0
2028030,val,a34_35,3.5218682,4.2104487,1.0,3,3,1.0,2,4,1.0
2055003,val,a34_35,2.6016984,2.3580952,1.0,3,3,1.0,2,2,1.0
2067005,val,a34_35,3.524208,3.8198578,1.0,3,3,1.0,2,2,1.0
2080170,val,a34_35,1.964737,1.8996137,1.0,3,3,1.0,2,2,1.0
2106171,val,a34_35,0.9339503,0.0,1.0,3,2,1.0,2,2,1.0
2109002,val,a34_35,3.1006575,4.7713423,1.0,3,3,1.0,2,3,1.0
2129186,val,a34_35,2.9761896,3.3685656,1.0,3,3,1.0,2,2,1.0
2181007,val,a34_35,1.0149965,1.3514186,1.0,2,3,1.0,6,6,1.0
2181030,val,a34_35,3.1326628,3.4647295,1.0,3,3,1.0,2,4,1.0
2243174,val,a34_35,3.3477976,4.886779,1.0,3,3,1.0,2,2,1.0
2260173,val,a34_35,2.6777353,2.816037,1.0,3,3,1.0,2,2,1.0
2261030,val,a34_35,3.0089178,3.1945803,1.0,3,3,1.0,2,2,1.0
2271171,val,a34_35,2.5271783,3.3082037,1.0,3,3,1.0,2,2,1.0
2282005,val,a34_35,2.8353066,2.147233,1.0,3,3,1.0,2,6,1.0
2302195,val,a34_35,0.6630721,0.0,1.0,2,2,1.0,2,3,1.0
2334031,val,a34_35,3.4430952,4.4581056,1.0,3,3,1.0,2,2,1.0
2341172,val,a34_35,2.9043658,3.2996137,1.0,3,2,1.0,2,2,1.0
2354175,val,a34_35,3.654345,0.29350135,1.0,3,3,1.0,2,2,1.0
2355004,val,a34_35,1.762442,3.3921888,1.0,3,3,1.0,5,4,1.0
2391030,val,a34_35,3.5291038,3.4039729,1.0,3,3,1.0,2,2,1.0
2397173,val,a34_35,0.96777904,2.5756848,1.0,2,3,1.0,2,4,1.0
2408170,val,a34_35,2.866257,3.1023672,1.0,3,2,1.0,2,2,1.0
2425003,val,a34_35,2.6125355,2.1094406,1.0,3,3,1.0,2,2,1.0
2432030,val,a34_35,1.5826998,2.844158,1.0,3,3,1.0,2,4,1.0
2435172,val,a34_35,1.2093879,2.4191318,1.0,3,3,1.0,2,2,1.0
2436174,val,a34_35,0.58063936,0.0,1.0,2,3,1.0,2,4,1.0
2436176,val,a34_35,1.3957659,2.1727228,1.0,2,3,1.0,2,2,1.0
2441003,val,a34_35,1.6675957,3.1773481,1.0,3,3,1.0,2,2,1.0
2441173,val,a34_35,3.6106873,3.4186516,1.0,3,2,1.0,2,2,1.0
2458031,val,a34_35,4.2582445,4.2520056,1.0,3,3,1.0,2,6,1.0
2461004,val,a34_35,1.3500016,0.0,1.0,2,2,1.0,2,2,1.0
2461030,val,a34_35,3.497138,4.886779,1.0,3,3,1.0,2,2,1.0
2473004,val,a34_35,3.5518634,3.5252342,1.0,3,3,1.0,2,2,1.0
2483030,val,a34_35,3.0040228,2.1516867,1.0,3,3,1.0,2,4,1.0
2503030,val,a34_35,3.755144,3.2300382,1.0,3,3,1.0,6,6,1.0
2510005,val,a34_35,3.5883076,3.0696194,1.0,3,3,1.0,2,2,1.0
2525003,val,a34_35,3.3349504,4.3761644,1.0,3,3,1.0,2,2,1.0
2529030,val,a34_35,2.9052052,1.2899189,1.0,3,3,1.0,2,2,1.0
2529174,val,a34_35,2.8268123,4.05028,1.0,3,3,1.0,2,2,1.0
2530003,val,a34_35,2.2014956,2.347849,1.0,3,3,1.0,2,2,1.0
2530004,val,a34_35,2.8502288,3.3155382,1.0,3,3,1.0,2,2,1.0
2569033,val,a34_35,2.9005337,3.3997273,1.0,3,3,1.0,6,2,1.0
2601006,val,a34_35,3.5589032,4.6199427,1.0,3,3,1.0,6,2,1.0
2608006,val,a34_35,3.0647469,3.3245888,1.0,3,3,1.0,2,2,1.0
2615034,val,a34_35,3.441197,4.264327,1.0,3,3,1.0,2,2,1.0
2639004,val,a34_35,2.1813354,3.1244323,1.0,3,3,1.0,2,4,1.0
2665177,val,a34_35,1.245695,0.0,1.0,3,2,1.0,6,6,1.0
2672006,val,a34_35,3.2817028,4.088642,1.0,3,3,1.0,6,2,1.0
2672171,val,a34_35,2.484305,3.5206954,1.0,3,3,1.0,2,4,1.0
2697003,val,a34_35,3.8429174,3.654262,1.0,3,3,1.0,2,4,1.0
2704031,val,a34_35,3.7124434,3.5243149,1.0,3,3,1.0,6,2,1.0
2705030,val,a34_35,3.6643972,4.117977,1.0,3,3,1.0,2,2,1.0
2707007,val,a34_35,3.0745118,2.8901737,1.0,3,3,1.0,4,2,1.0
2712172,val,a34_35,2.2097414,3.0806043,1.0,3,3,1.0,2,2,1.0
2731003,val,a34_35,2.8736715,3.4291623,1.0,3,3,1.0,6,6,1.0
2731005,val,a34_35,3.5898635,4.602144,1.0,3,3,1.0,6,6,1.0
2770031,val,a34_35,3.2359965,3.2963169,1.0,3,3,1.0,2,2,1.0
2816004,val,a34_35,1.062232,2.8679018,1.0,2,3,1.0,2,2,1.0
2910002,val,a34_35,2.7113242,1.33938,1.0,3,2,1.0,2,2,1.0
3062001,val,a34_35,3.0643654,3.044029,1.0,3,2,1.0,2,2,1.0
3235002,val,a34_35,2.2239494,3.1709757,1.0,3,3,1.0,2,2,1.0
3306001,val,a34_35,3.977758,4.4437504,1.0,3,3,1.0,2,2,1.0
5015030,val,a34_35,1.8059893,3.3798187,1.0,2,3,1.0,2,2,1.0
5048030,val,a34_35,2.6530209,2.0504565,1.0,3,3,1.0,6,6,1.0
5052033,val,a34_35,2.1390567,1.8831539,1.0,3,2,1.0,6,6,1.0
5057008,val,a34_35,0.72895527,0.0,1.0,2,2,1.0,6,6,1.0
5170009,val,a34_35,3.0523138,3.381349,1.0,3,3,1.0,2,2,1.0
5230008,val,a34_35,2.7093475,3.4894347,1.0,3,3,1.0,2,2,1.0
5299010,val,a34_35,2.2959385,1.8428315,1.0,3,2,1.0,6,6,1.0
5336179,val,a34_35,3.007308,2.7212331,1.0,3,3,1.0,2,2,1.0
5364005,val,a34_35,2.8933747,3.4310503,1.0,3,3,1.0,2,3,1.0
5379004,val,a34_35,3.4630606,3.8497841,1.0,3,2,1.0,2,4,1.0
5430173,val,a34_35,2.682145,0.0,1.0,3,3,1.0,6,6,1.0
5488006,val,a34_35,2.9912326,3.6707966,1.0,3,3,1.0,6,6,1.0
5493007,val,a34_35,0.88784313,0.0,1.0,2,2,1.0,6,5,1.0
5537009,val,a34_35,2.1228776,2.8268414,1.0,3,3,1.0,2,2,1.0
5537177,val,a34_35,1.7355213,0.0,1.0,3,2,1.0,2,2,1.0
5537183,val,a34_35,3.5544953,4.8345804,1.0,3,3,1.0,2,2,1.0
5569010,val,a34_35,2.4648623,3.5150862,1.0,3,3,1.0,2,2,1.0
5600005,val,a34_35,2.0001154,2.8289354,1.0,3,3,1.0,6,2,1.0
5615183,val,a34_35,2.8769941,3.2685068,1.0,3,2,1.0,2,2,1.0
5749006,val,a34_35,1.7737389,3.0684395,1.0,3,3,1.0,6,2,1.0
5822175,val,a34_35,3.0433574,3.432247,1.0,3,3,1.0,2,2,1.0
5832003,val,a34_35,2.5269632,2.955636,1.0,3,2,1.0,6,6,1.0
5872005,val,a34_35,0.7684853,0.0,1.0,2,2,1.0,6,6,1.0
5898005,val,a34_35,1.8671728,0.0,0.0,2,-1,0.0,6,-1,0.0
5904033,val,a34_35,2.7127259,2.9226713,1.0,3,3,1.0,2,4,1.0
5987188,val,a34_35,2.7352223,2.993095,1.0,3,3,1.0,2,2,1.0
6026005,val,a34_35,3.822855,4.1942463,1.0,3,3,1.0,6,2,1.0
6026172,val,a34_35,3.1719084,3.5880518,1.0,3,2,1.0,2,2,1.0
6054031,val,a34_35,3.8580074,3.894498,1.0,3,3,1.0,6,6,1.0
6121033,val,a34_35,2.4184995,0.0,1.0,3,2,1.0,2,6,1.0
6156008,val,a34_35,3.5258892,3.6999114,1.0,3,3,1.0,6,6,1.0
6157003,val,a34_35,2.896277,3.2246761,1.0,3,3,1.0,2,2,1.0
6210183,val,a34_35,2.424568,3.1390646,1.0,3,3,1.0,2,2,1.0
6262030,val,a34_35,3.63199,3.820049,1.0,3,3,1.0,2,2,1.0
6368007,val,a34_35,2.659956,2.02827,1.0,3,3,1.0,6,6,1.0
6381181,val,a34_35,3.1777232,4.0212197,1.0,3,3,1.0,2,2,1.0
6396003,val,a34_35,1.670656,2.1782289,1.0,3,3,1.0,2,2,1.0
6431008,val,a34_35,2.050188,3.717182,1.0,3,3,1.0,2,2,1.0
6475170,val,a34_35,2.576024,2.4331408,1.0,3,3,1.0,6,6,1.0
6522004,val,a34_35,1.2879626,0.0,1.0,2,2,1.0,6,6,1.0
6537032,val,a34_35,2.7489939,2.8025348,1.0,3,2,1.0,2,2,1.0
6541178,val,a34_35,3.0982769,4.1634727,1.0,3,3,1.0,2,2,1.0
6545006,val,a34_35,2.1095128,2.961514,1.0,3,3,1.0,3,4,1.0
6547171,val,a34_35,2.6808991,2.1509397,1.0,3,2,1.0,2,2,1.0
6571031,val,a34_35,2.9297876,2.9221067,1.0,3,3,1.0,2,3,1.0
6590008,val,a34_35,3.104253,3.3649793,1.0,3,3,1.0,2,2,1.0
6616007,val,a34_35,1.8303589,2.1483917,1.0,3,3,1.0,2,4,1.0
6649003,val,a34_35,2.0628238,3.5800602,1.0,3,3,1.0,6,2,1.0
6710030,val,a34_35,1.0030047,3.2300382,1.0,2,3,1.0,6,6,1.0
6745007,val,a34_35,2.7595477,3.248457,1.0,3,3,1.0,6,6,1.0
6750005,val,a34_35,2.1958172,3.0114257,1.0,2,3,1.0,2,4,1.0
6765006,val,a34_35,1.749994,2.7225564,1.0,3,3,1.0,2,2,1.0
6822176,val,a34_35,2.9370418,3.2707531,1.0,3,3,1.0,2,4,1.0
6828003,val,a34_35,0.8566339,2.461633,1.0,2,3,1.0,2,2,1.0
6872003,val,a34_35,2.9147046,3.5162253,1.0,3,3,1.0,6,2,1.0
4007,val,a36_37,2.6084626,3.4327393,1.0,3,3,1.0,2,4,1.0
6174,val,a36_37,3.4380736,3.778162,1.0,3,3,1.0,2,2,1.0
14004,val,a36_37,3.3128076,4.02684,1.0,3,3,1.0,2,2,1.0
14172,val,a36_37,1.1310184,2.8672464,1.0,3,3,1.0,2,2,1.0
14173,val,a36_37,2.9320025,3.4728956,1.0,3,3,1.0,2,2,1.0
18031,val,a36_37,0.42351198,0.0,1.0,2,3,1.0,2,2,1.0
18185,val,a36_37,2.0233505,0.0,1.0,3,2,1.0,2,2,1.0
23031,val,a36_37,3.1406825,3.5235963,1.0,3,2,1.0,6,6,1.0
40173,val,a36_37,3.4274454,3.8670228,1.0,3,3,1.0,2,2,1.0
51171,val,a36_37,3.3543968,3.705001,1.0,3,3,1.0,2,2,1.0
84005,val,a36_37,3.2222936,3.92555,1.0,3,3,1.0,6,6,1.0
121173,val,a36_37,2.9798427,0.0,1.0,3,2,1.0,2,2,1.0
128004,val,a36_37,3.7965877,3.8585868,1.0,3,3,1.0,2,2,1.0
145170,val,a36_37,3.368838,3.5600896,1.0,3,3,1.0,2,2,1.0
161004,val,a36_37,3.6385596,1.0080107,1.0,3,2,1.0,2,4,1.0
172031,val,a36_37,3.5569046,3.3619175,1.0,3,3,1.0,2,2,1.0
174175,val,a36_37,2.3881936,3.392162,1.0,3,3,1.0,2,2,1.0
221031,val,a36_37,3.7922535,4.201887,1.0,3,3,1.0,2,2,1.0
223030,val,a36_37,3.6642926,4.0583324,1.0,3,3,1.0,2,2,1.0
227003,val,a36_37,3.7782068,4.205097,1.0,3,3,1.0,2,4,1.0
257175,val,a36_37,3.165944,3.3451939,1.0,3,3,1.0,2,2,1.0
263182,val,a36_37,3.3408298,3.2001226,1.0,3,3,1.0,2,2,1.0
321005,val,a36_37,2.2190938,1.8774471,1.0,3,2,1.0,4,2,1.0
361175,val,a36_37,2.2407503,0.0,1.0,3,2,1.0,2,2,1.0
377170,val,a36_37,3.2143035,4.0868087,1.0,3,3,1.0,2,2,1.0
450030,val,a36_37,3.467319,3.7491298,1.0,3,3,1.0,2,6,1.0
465030,val,a36_37,2.1628041,3.3018157,1.0,3,3,1.0,2,2,1.0
478030,val,a36_37,3.144444,0.0,1.0,3,3,1.0,6,5,1.0
503031,val,a36_37,2.8981886,4.3654175,1.0,3,3,1.0,2,2,1.0
514172,val,a36_37,3.72534,4.2520056,1.0,3,3,1.0,2,2,1.0
534030,val,a36_37,3.0407825,1.7535818,1.0,3,3,1.0,2,2,1.0
534171,val,a36_37,3.6545818,3.0798528,1.0,3,3,1.0,2,2,1.0
544170,val,a36_37,2.92086,2.6569633,1.0,3,3,1.0,2,2,1.0
563193,val,a36_37,3.3911302,0.0,1.0,3,2,1.0,2,2,1.0
577174,val,a36_37,3.215953,2.7346222,1.0,3,3,1.0,2,2,1.0
613006,val,a36_37,2.8389475,3.5822034,1.0,3,3,1.0,2,6,1.0
618170,val,a36_37,3.7304811,4.2245264,1.0,3,3,1.0,2,2,1.0
631030,val,a36_37,2.8141854,4.2520056,1.0,3,2,1.0,2,4,1.0
633031,val,a36_37,2.9376311,3.678776,1.0,3,3,1.0,2,2,1.0
652173,val,a36_37,2.8818274,3.7556844,1.0,3,3,1.0,2,2,1.0
655172,val,a36_37,3.0851269,3.5016189,1.0,3,3,1.0,2,2,1.0
656005,val,a36_37,2.5774167,0.57833385,1.0,3,3,1.0,2,2,1.0
691171,val,a36_37,2.7091305,2.144181,1.0,3,3,1.0,2,4,1.0
738172,val,a36_37,2.1471138,3.4647295,1.0,3,3,1.0,2,2,1.0
751030,val,a36_37,1.8379226,2.331206,1.0,3,3,1.0,2,2,1.0
762170,val,a36_37,3.9219203,4.6750684,1.0,3,3,1.0,2,2,1.0
783171,val,a36_37,3.2432814,0.0,1.0,3,2,1.0,2,2,1.0
863007,val,a36_37,2.7682605,2.4012594,1.0,3,3,1.0,2,2,1.0
893170,val,a36_37,2.7644281,0.0,1.0,3,2,1.0,2,2,1.0
894031,val,a36_37,3.1001256,3.3179958,1.0,3,3,1.0,2,2,1.0
898181,val,a36_37,2.331422,2.4601953,1.0,3,3,1.0,2,2,1.0
899003,val,a36_37,3.7141252,3.4753656,1.0,3,3,1.0,2,4,1.0
916032,val,a36_37,2.406662,1.3594984,1.0,3,3,1.0,6,6,1.0
922005,val,a36_37,3.5233126,2.5992112,1.0,3,3,1.0,2,2,1.0
931172,val,a36_37,3.2390308,3.2485132,1.0,3,3,1.0,2,2,1.0
939032,val,a36_37,4.438857,4.237259,1.0,3,3,1.0,2,2,1.0
958030,val,a36_37,3.3854203,3.1858559,1.0,3,3,1.0,2,2,1.0
958173,val,a36_37,2.526959,3.2416787,1.0,3,3,1.0,2,2,1.0
961005,val,a36_37,3.0092502,2.5763686,1.0,3,3,1.0,2,4,1.0
961030,val,a36_37,3.1661785,3.616172,1.0,3,3,1.0,6,2,1.0
961175,val,a36_37,3.2323415,3.9032092,1.0,3,3,1.0,2,2,1.0
1051183,val,a36_37,3.7141,3.3599384,1.0,3,3,1.0,2,2,1.0
1084005,val,a36_37,3.0165727,2.5692537,1.0,3,3,1.0,2,2,1.0
1089003,val,a36_37,3.029979,2.474308,1.0,3,3,1.0,2,2,1.0
1093003,val,a36_37,1.4454163,0.0,1.0,2,2,1.0,2,2,1.0
1107173,val,a36_37,1.8599734,3.6353216,1.0,3,3,1.0,2,4,1.0
1109174,val,a36_37,2.1720316,2.245844,1.0,3,2,1.0,2,2,1.0
1121030,val,a36_37,3.2182608,3.456708,1.0,3,3,1.0,2,2,1.0
1121175,val,a36_37,2.090242,0.0,1.0,3,2,1.0,2,2,1.0
1125172,val,a36_37,2.6570385,2.4460173,1.0,3,2,1.0,2,2,1.0
1126030,val,a36_37,3.1141622,2.8064811,1.0,3,3,1.0,2,2,1.0
1126176,val,a36_37,1.8248305,4.886779,1.0,3,3,1.0,2,2,1.0
1152180,val,a36_37,3.207966,3.4601078,1.0,3,3,1.0,2,2,1.0
1164004,val,a36_37,3.26958,3.4775372,1.0,3,2,1.0,2,2,1.0
1184032,val,a36_37,3.1975753,3.7188902,1.0,3,3,1.0,2,2,1.0
1184033,val,a36_37,2.2152388,2.8802483,1.0,3,3,1.0,6,4,1.0
1185003,val,a36_37,3.3209586,0.0,1.0,3,2,1.0,2,2,1.0
1222004,val,a36_37,2.513455,2.876907,1.0,3,3,1.0,2,2,1.0
1222006,val,a36_37,3.0408576,3.2434895,1.0,3,3,1.0,2,2,1.0
1284170,val,a36_37,3.1341157,1.6771642,1.0,3,3,1.0,2,2,1.0
1292004,val,a36_37,2.8500729,2.7496648,1.0,3,3,1.0,2,2,1.0
1314172,val,a36_37,3.2869241,3.6824348,1.0,3,3,1.0,2,2,1.0
1332005,val,a36_37,3.9200752,0.0,0.0,3,-1,0.0,2,3,1.0
1335010,val,a36_37,3.3434596,3.1051395,1.0,3,3,1.0,2,2,1.0
1338003,val,a36_37,3.085867,4.1280828,1.0,3,3,1.0,2,6,1.0
1345006,val,a36_37,2.987484,2.9832191,1.0,3,3,1.0,2,2,1.0
1345007,val,a36_37,2.6010056,3.8132377,1.0,3,3,1.0,6,6,1.0
1346030,val,a36_37,3.4068244,0.0,1.0,3,2,1.0,6,2,1.0
1391033,val,a36_37,3.6209579,3.811287,1.0,3,3,1.0,6,2,1.0
1391175,val,a36_37,0.85263634,3.079403,1.0,2,3,1.0,2,4,1.0
1394033,val,a36_37,2.4670393,0.0,1.0,3,2,1.0,2,4,1.0
1397005,val,a36_37,3.355453,3.7173688,1.0,3,3,1.0,2,2,1.0
1397172,val,a36_37,1.4338826,0.6802275,1.0,3,3,1.0,2,2,1.0
1426004,val,a36_37,1.9654975,2.8489583,1.0,3,3,1.0,6,6,1.0
1434032,val,a36_37,2.9884923,2.180618,1.0,3,3,1.0,2,2,1.0
1434170,val,a36_37,3.2109094,2.939788,1.0,3,3,1.0,2,2,1.0
1435005,val,a36_37,3.6645749,4.7467794,1.0,3,3,1.0,2,3,1.0
1485171,val,a36_37,3.5439932,3.4317987,1.0,3,3,1.0,2,2,1.0
1520031,val,a36_37,3.327694,4.363858,1.0,3,3,1.0,2,2,1.0
1540005,val,a36_37,4.2128987,2.37132,1.0,3,3,1.0,6,2,1.0
1559003,val,a36_37,4.2896624,4.417404,1.0,3,3,1.0,2,2,1.0
1559170,val,a36_37,3.2060614,4.11546,1.0,3,3,1.0,2,2,1.0
1565180,val,a36_37,2.8222349,3.4647295,1.0,3,2,1.0,2,2,1.0
1579030,val,a36_37,3.375554,3.3667955,1.0,3,3,1.0,2,2,1.0
1613007,val,a36_37,2.3881493,1.3834741,1.0,3,3,1.0,2,2,1.0
1621171,val,a36_37,3.6385317,4.886779,1.0,3,3,1.0,2,2,1.0
1644004,val,a36_37,2.9891691,3.3606308,1.0,3,3,1.0,2,2,1.0
1652031,val,a36_37,2.7951655,3.1768782,1.0,3,3,1.0,2,2,1.0
1682032,val,a36_37,3.090503,3.8405538,1.0,3,3,1.0,2,2,1.0
1684173,val,a36_37,3.4014473,3.4290798,1.0,3,3,1.0,2,2,1.0
1687003,val,a36_37,3.447288,3.3888075,1.0,3,3,1.0,2,2,1.0
1690170,val,a36_37,2.1945558,3.0869684,1.0,3,3,1.0,2,2,1.0
1692030,val,a36_37,0.9185405,2.6670494,1.0,2,3,1.0,2,4,1.0
1695034,val,a36_37,2.3863292,3.3662376,1.0,3,3,1.0,2,2,1.0
1701004,val,a36_37,2.799222,3.5780287,1.0,3,3,1.0,2,2,1.0
1721030,val,a36_37,3.1526363,0.0,1.0,3,2,1.0,2,2,1.0
1723005,val,a36_37,0.77634645,1.8636948,1.0,2,2,1.0,2,2,1.0
1762030,val,a36_37,2.4641123,1.9106654,1.0,3,3,1.0,2,3,1.0
1762031,val,a36_37,3.583486,3.641588,1.0,3,3,1.0,2,2,1.0
1762032,val,a36_37,1.988153,1.7876599,1.0,3,3,1.0,4,3,1.0
1774170,val,a36_37,3.0447261,0.0,1.0,3,2,1.0,2,2,1.0
1774171,val,a36_37,3.0601282,3.3619723,1.0,3,3,1.0,2,2,1.0
1784171,val,a36_37,3.6234937,4.5877905,1.0,3,3,1.0,2,2,1.0
1786191,val,a36_37,3.6049705,3.8410935,1.0,3,3,1.0,2,2,1.0
1787005,val,a36_37,3.4705238,3.9825108,1.0,3,3,1.0,2,2,1.0
1787174,val,a36_37,2.5609994,3.1686609,1.0,3,3,1.0,2,2,1.0
1802003,val,a36_37,3.192487,2.7790923,1.0,3,3,1.0,2,2,1.0
1845170,val,a36_37,3.696395,3.0690727,1.0,3,3,1.0,2,2,1.0
1862171,val,a36_37,3.4023237,3.7537568,1.0,3,3,1.0,2,2,1.0
1898004,val,a36_37,2.9173849,3.7632077,1.0,3,3,1.0,6,6,1.0
1911030,val,a36_37,2.4369197,3.295633,1.0,3,3,1.0,2,2,1.0
1914003,val,a36_37,1.1506999,1.980423,1.0,2,3,1.0,2,2,1.0
1919007,val,a36_37,3.8170815,4.8790894,1.0,3,3,1.0,2,3,1.0
1954003,val,a36_37,3.4986625,3.254356,1.0,3,3,1.0,2,2,1.0
1959005,val,a36_37,3.6532085,4.18122,1.0,3,3,1.0,2,2,1.0
1964031,val,a36_37,2.5728576,2.7394176,1.0,3,3,1.0,4,4,1.0
1972173,val,a36_37,1.0978597,0.0,0.0,3,-1,0.0,2,-1,0.0
1978030,val,a36_37,3.0630589,4.1103644,1.0,3,3,1.0,2,2,1.0
2005030,val,a36_37,2.7539027,2.6480696,1.0,3,3,1.0,2,4,1.0
2011174,val,a36_37,2.6955857,3.2482402,1.0,3,3,1.0,2,2,1.0
2023030,val,a36_37,3.486926,4.862917,1.0,3,3,1.0,6,6,1.0
2028030,val,a36_37,3.3615189,4.247286,1.0,3,3,1.0,2,4,1.0
2055003,val,a36_37,2.5179017,2.5747566,1.0,3,3,1.0,2,2,1.0
2067005,val,a36_37,3.472373,3.9193912,1.0,3,3,1.0,2,2,1.0
2080170,val,a36_37,2.0604076,2.2188706,1.0,3,3,1.0,2,2,1.0
2106171,val,a36_37,1.080175,0.0,1.0,3,2,1.0,2,2,1.0
2109002,val,a36_37,3.0755575,4.713481,1.0,3,3,1.0,2,2,1.0
2129186,val,a36_37,3.0641284,3.3345084,1.0,3,3,1.0,2,2,1.0
2181007,val,a36_37,1.0345889,0.96344346,1.0,2,2,1.0,6,6,1.0
2181030,val,a36_37,2.9265456,3.6312973,1.0,3,3,1.0,2,2,1.0
2243174,val,a36_37,3.1914058,4.30575,1.0,3,3,1.0,2,2,1.0
2260173,val,a36_37,2.8330197,0.0,1.0,3,3,1.0,2,2,1.0
2261030,val,a36_37,3.1684036,2.9075313,1.0,3,3,1.0,2,2,1.0
2271171,val,a36_37,2.4155235,3.3811612,1.0,3,3,1.0,2,2,1.0
2282005,val,a36_37,2.8861547,2.9124293,1.0,3,3,1.0,2,6,1.0
2302195,val,a36_37,0.79816234,0.0,1.0,2,2,1.0,2,3,1.0
2334031,val,a36_37,3.4782405,4.3349156,1.0,3,3,1.0,2,2,1.0
2341172,val,a36_37,2.989613,1.6123989,1.0,3,3,1.0,2,2,1.0
2354175,val,a36_37,3.7188318,3.8595586,1.0,3,3,1.0,2,2,1.0
2355004,val,a36_37,1.7976917,3.6927035,1.0,3,3,1.0,5,2,1.0
2391030,val,a36_37,3.5200386,3.6864588,1.0,3,3,1.0,2,2,1.0
2397173,val,a36_37,1.3110859,2.470555,1.0,3,3,1.0,2,4,1.0
2408170,val,a36_37,2.8333247,2.883854,1.0,3,3,1.0,2,2,1.0
2425003,val,a36_37,2.8279278,1.7356842,1.0,3,3,1.0,2,2,1.0
2432030,val,a36_37,1.8550127,3.029656,1.0,2,2,1.0,2,4,1.0
2435172,val,a36_37,1.4725541,2.2948132,1.0,3,3,1.0,2,2,1.0
2436174,val,a36_37,0.7577095,1.5490171,1.0,2,3,1.0,2,4,1.0
2436176,val,a36_37,1.5733035,2.7887027,1.0,2,3,1.0,2,2,1.0
2441003,val,a36_37,1.6682794,3.1246448,1.0,2,3,1.0,2,2,1.0
2441173,val,a36_37,3.7971392,3.7351284,1.0,3,2,1.0,2,2,1.0
2458031,val,a36_37,4.194151,4.41717,1.0,3,3,1.0,2,6,1.0
2461004,val,a36_37,1.5171615,1.6316046,1.0,2,3,1.0,2,2,1.0
2461030,val,a36_37,3.3810298,4.886779,1.0,3,3,1.0,2,2,1.0
2473004,val,a36_37,3.4917786,3.620147,1.0,3,3,1.0,2,2,1.0
2483030,val,a36_37,2.953862,2.4331408,1.0,3,2,1.0,2,4,1.0
2503030,val,a36_37,3.8299658,3.1709757,1.0,3,3,1.0,2,6,1.0
2510005,val,a36_37,3.4512496,3.445601,1.0,3,3,1.0,2,2,1.0
2525003,val,a36_37,3.1313784,4.7141504,1.0,3,3,1.0,2,2,1.0
2529030,val,a36_37,2.8798597,0.0,1.0,3,2,1.0,2,2,1.0
2529174,val,a36_37,2.8527043,3.9753668,1.0,3,3,1.0,2,2,1.0
2530003,val,a36_37,2.222956,3.4057453,1.0,3,2,1.0,2,4,1.0
2530004,val,a36_37,2.9291282,3.170426,1.0,3,3,1.0,2,2,1.0
2569033,val,a36_37,2.6277485,3.3809729,1.0,3,3,1.0,6,2,1.0
2601006,val,a36_37,3.6695697,4.845638,1.0,3,3,1.0,6,2,1.0
2608006,val,a36_37,3.0962355,3.223352,1.0,3,3,1.0,2,2,1.0
2615034,val,a36_37,3.2941043,3.896652,1.0,3,3,1.0,2,2,1.0
2639004,val,a36_37,2.2624068,3.2300382,1.0,3,3,1.0,2,4,1.0
2665177,val,a36_37,1.5299776,0.0,1.0,3,2,1.0,6,6,1.0
2672006,val,a36_37,3.2192824,4.056694,1.0,3,3,1.0,6,2,1.0
2672171,val,a36_37,2.5696244,3.7282312,1.0,3,3,1.0,2,4,1.0
2697003,val,a36_37,3.8905408,3.5551443,1.0,3,3,1.0,2,4,1.0
2704031,val,a36_37,3.3947835,0.0,0.0,3,-1,0.0,6,-1,0.0
2705030,val,a36_37,3.4940524,4.279099,1.0,3,3,1.0,2,2,1.0
2707007,val,a36_37,2.7557988,1.9724138,1.0,3,3,1.0,2,2,1.0
2712172,val,a36_37,2.1663513,3.2804124,1.0,3,3,1.0,2,2,1.0
2731003,val,a36_37,2.9252825,3.2931156,1.0,3,3,1.0,6,6,1.0
2731005,val,a36_37,3.5368605,4.5862164,1.0,3,3,1.0,6,6,1.0
2770031,val,a36_37,3.3536787,2.668859,1.0,3,2,1.0,2,2,1.0
2816004,val,a36_37,1.2891271,3.182522,1.0,2,3,1.0,2,2,1.0
2910002,val,a36_37,2.5460582,2.7591305,1.0,3,3,1.0,2,2,1.0
3062001,val,a36_37,2.96049,1.9881068,1.0,3,3,1.0,2,2,1.0
3235002,val,a36_37,1.687612,3.2806733,1.0,3,3,1.0,2,3,1.0
3306001,val,a36_37,3.3950868,4.5110793,1.0,3,3,1.0,2,2,1.0
5015030,val,a36_37,1.919507,3.3488512,1.0,3,2,1.0,2,2,1.0
5048030,val,a36_37,2.802638,2.4680142,1.0,3,3,1.0,6,6,1.0
5052033,val,a36_37,2.4129562,2.2469683,1.0,3,3,1.0,6,6,1.0
5057008,val,a36_37,1.0703115,0.0,0.0,2,-1,0.0,6,-1,0.0
5170009,val,a36_37,3.193432,3.788717,1.0,3,3,1.0,2,2,1.0
5230008,val,a36_37,2.9066765,3.5082257,1.0,3,3,1.0,2,2,1.0
5299010,val,a36_37,2.456581,0.303701,1.0,3,3,1.0,6,6,1.0
5336179,val,a36_37,3.1027331,2.7841861,1.0,3,3,1.0,2,2,1.0
5364005,val,a36_37,3.020008,3.3207188,1.0,3,3,1.0,2,3,1.0
5379004,val,a36_37,3.379034,3.8999038,1.0,3,3,1.0,2,4,1.0
5430173,val,a36_37,2.8234522,1.7842062,1.0,3,2,1.0,6,6,1.0
5488006,val,a36_37,3.1334949,3.7725368,1.0,3,3,1.0,6,6,1.0
5493007,val,a36_37,1.2092226,0.0,1.0,2,2,1.0,2,5,1.0
5537009,val,a36_37,2.3285959,2.7819886,1.0,3,3,1.0,2,2,1.0
5537177,val,a36_37,1.9712069,2.0426283,1.0,3,3,1.0,2,2,1.0
5537183,val,a36_37,3.5368433,3.67495,1.0,3,3,1.0,2,2,1.0
5569010,val,a36_37,2.7324822,3.5010288,1.0,3,3,1.0,2,2,1.0
5600005,val,a36_37,1.9190311,0.0,1.0,3,2,1.0,6,2,1.0
5615183,val,a36_37,3.037837,3.2485132,1.0,3,3,1.0,2,2,1.0
5749006,val,a36_37,1.8915052,2.3568232,1.0,3,3,1.0,3,2,1.0
5822175,val,a36_37,3.140974,3.4142132,1.0,3,3,1.0,2,2,1.0
5832003,val,a36_37,2.4780533,2.3835883,1.0,3,3,1.0,2,6,1.0
5872005,val,a36_37,1.0211155,0.0,1.0,2,2,1.0,6,6,1.0
5898005,val,a36_37,1.9415281,0.0,0.0,3,-1,0.0,6,-1,0.0
5904033,val,a36_37,2.6696987,3.029786,1.0,3,3,1.0,2,4,1.0
5987188,val,a36_37,2.7488418,2.8467143,1.0,3,3,1.0,2,2,1.0
6026005,val,a36_37,3.8339586,4.496649,1.0,3,2,1.0,2,4,1.0
6026172,val,a36_37,3.1827326,0.0,0.0,3,-1,0.0,2,-1,0.0
6054031,val,a36_37,3.5798016,3.8914962,1.0,3,3,1.0,6,6,1.0
6121033,val,a36_37,2.7925282,0.0,1.0,3,2,1.0,2,6,1.0
6156008,val,a36_37,3.5209267,4.005205,1.0,3,3,1.0,6,6,1.0
6157003,val,a36_37,2.7186918,3.432247,1.0,3,3,1.0,2,2,1.0
6210183,val,a36_37,2.3893046,3.218641,1.0,3,3,1.0,2,2,1.0
6262030,val,a36_37,3.664499,3.9705956,1.0,3,3,1.0,2,2,1.0
6368007,val,a36_37,2.707725,1.9674397,1.0,3,2,1.0,6,6,1.0
6381181,val,a36_37,3.0505528,3.98491,1.0,3,3,1.0,2,2,1.0
6396003,val,a36_37,1.8522574,2.8208497,1.0,3,2,1.0,2,3,1.0
6431008,val,a36_37,1.9077834,4.5862164,1.0,3,3,1.0,2,3,1.0
6475170,val,a36_37,2.6922915,3.029786,1.0,3,3,1.0,6,6,1.0
6522004,val,a36_37,1.5438812,0.0,1.0,2,2,1.0,6,6,1.0
6537032,val,a36_37,2.5014653,3.0605385,1.0,3,3,1.0,2,2,1.0
6541178,val,a36_37,3.0684066,4.302973,1.0,3,3,1.0,2,2,1.0
6545006,val,a36_37,1.9598162,2.5066333,1.0,3,3,1.0,3,4,1.0
6547171,val,a36_37,2.6920412,1.2300977,1.0,3,3,1.0,2,2,1.0
6571031,val,a36_37,3.0924988,3.68331,1.0,3,3,1.0,2,3,1.0
6590008,val,a36_37,3.2821553,3.3406534,1.0,3,3,1.0,2,2,1.0
6616007,val,a36_37,2.0674777,2.9124293,1.0,3,3,1.0,2,4,1.0
6649003,val,a36_37,2.2022614,3.8332024,1.0,3,3,1.0,6,2,1.0
6710030,val,a36_37,1.0174829,3.2485132,1.0,2,3,1.0,6,6,1.0
6745007,val,a36_37,2.7255144,3.5649583,1.0,3,3,1.0,6,6,1.0
6750005,val,a36_37,2.3156009,3.1132894,1.0,3,3,1.0,2,4,1.0
6765006,val,a36_37,1.9552052,2.7347896,1.0,3,3,1.0,2,2,1.0
6822176,val,a36_37,2.8590317,3.6318047,1.0,3,2,1.0,2,4,1.0
6828003,val,a36_37,1.1004999,0.0,1.0,2,2,1.0,2,2,1.0
6872003,val,a36_37,3.2532632,3.5643752,1.0,3,3,1.0,6,2,1.0
4007,val,a38_39,2.6351774,3.6353216,1.0,3,3,1.0,2,4,1.0
6174,val,a38_39,3.4238515,3.9045892,1.0,3,3,1.0,2,2,1.0
14004,val,a38_39,3.4565482,3.9676125,1.0,3,3,1.0,2,2,1.0
14172,val,a38_39,1.2221726,3.149699,1.0,2,3,1.0,2,2,1.0
14173,val,a38_39,3.1543121,3.5534267,1.0,3,3,1.0,2,2,1.0
18031,val,a38_39,0.6567123,3.4983966,1.0,2,3,1.0,2,5,1.0
18185,val,a38_39,1.9475714,0.0,1.0,3,2,1.0,2,2,1.0
23031,val,a38_39,3.274859,0.0,1.0,3,2,1.0,2,6,1.0
40173,val,a38_39,3.438978,3.2282774,1.0,3,2,1.0,2,2,1.0
51171,val,a38_39,3.3765209,3.708396,1.0,3,3,1.0,2,2,1.0
84005,val,a38_39,3.188095,3.9163692,1.0,3,3,1.0,6,6,1.0
121173,val,a38_39,3.0624652,0.0,1.0,3,2,1.0,2,2,1.0
128004,val,a38_39,3.892246,3.97414,1.0,3,3,1.0,2,2,1.0
145170,val,a38_39,3.5020342,3.2996137,1.0,3,3,1.0,2,2,1.0
161004,val,a38_39,3.7502203,3.4987814,1.0,3,3,1.0,2,4,1.0
172031,val,a38_39,3.6715121,3.1943314,1.0,3,3,1.0,2,2,1.0
174175,val,a38_39,2.468566,4.3165617,1.0,3,3,1.0,2,2,1.0
221031,val,a38_39,3.7888916,4.1482253,1.0,3,3,1.0,2,2,1.0
223030,val,a38_39,3.2820904,4.169046,1.0,3,3,1.0,2,2,1.0
227003,val,a38_39,3.888934,4.074686,1.0,3,3,1.0,2,4,1.0
257175,val,a38_39,3.5702004,2.8933933,1.0,3,3,1.0,2,2,1.0
263182,val,a38_39,3.3818784,3.3483999,1.0,3,3,1.0,2,2,1.0
321005,val,a38_39,2.6558945,2.7218363,1.0,3,3,1.0,6,2,1.0
361175,val,a38_39,2.2911804,0.23207553,1.0,3,3,1.0,2,2,1.0
377170,val,a38_39,3.0924804,4.0544734,1.0,3,3,1.0,2,2,1.0
450030,val,a38_39,3.1348007,3.854094,1.0,3,3,1.0,2,6,1.0
465030,val,a38_39,2.3270447,3.5433505,1.0,3,3,1.0,2,4,1.0
478030,val,a38_39,2.9503756,2.8278043,1.0,3,2,1.0,6,2,1.0
503031,val,a38_39,2.9897447,4.2451234,1.0,3,3,1.0,2,2,1.0
514172,val,a38_39,3.8800247,4.3578134,1.0,3,3,1.0,2,2,1.0
534030,val,a38_39,2.8509018,1.9284004,1.0,3,3,1.0,2,2,1.0
534171,val,a38_39,3.7135205,3.300611,1.0,3,3,1.0,2,2,1.0
544170,val,a38_39,3.0694532,3.0027869,1.0,3,3,1.0,2,2,1.0
563193,val,a38_39,3.4253767,0.0,1.0,3,2,1.0,2,2,1.0
577174,val,a38_39,3.2333972,0.0,1.0,3,3,1.0,2,2,1.0
613006,val,a38_39,2.8847785,3.558165,1.0,3,3,1.0,2,6,1.0
618170,val,a38_39,3.884176,4.457448,1.0,3,3,1.0,2,2,1.0
631030,val,a38_39,3.0545,0.0,1.0,3,3,1.0,2,4,1.0
633031,val,a38_39,3.1388235,3.6561131,1.0,3,3,1.0,2,2,1.0
652173,val,a38_39,2.8807566,3.5541687,1.0,3,3,1.0,2,2,1.0
655172,val,a38_39,3.2289994,3.5138078,1.0,3,3,1.0,2,2,1.0
656005,val,a38_39,2.5767798,0.0,1.0,3,2,1.0,2,2,1.0
691171,val,a38_39,3.0836983,3.772668,1.0,3,3,1.0,2,4,1.0
738172,val,a38_39,2.1605556,3.2605875,1.0,3,3,1.0,2,2,1.0
751030,val,a38_39,1.9389012,3.029786,1.0,3,3,1.0,2,4,1.0
762170,val,a38_39,4.092209,4.375797,1.0,3,3,1.0,2,2,1.0
783171,val,a38_39,3.3400972,0.0,1.0,3,2,1.0,2,2,1.0
863007,val,a38_39,3.043232,2.5121129,1.0,3,3,1.0,2,2,1.0
893170,val,a38_39,2.8376126,0.0,1.0,3,2,1.0,2,2,1.0
894031,val,a38_39,3.1753895,3.4273427,1.0,3,3,1.0,2,2,1.0
898181,val,a38_39,2.5585938,2.437192,1.0,3,2,1.0,2,2,1.0
899003,val,a38_39,3.6833339,3.5736656,1.0,3,3,1.0,2,4,1.0
916032,val,a38_39,2.2714162,2.3076265,1.0,3,2,1.0,6,2,1.0
922005,val,a38_39,3.4528666,2.0202856,1.0,3,3,1.0,2,2,1.0
931172,val,a38_39,3.237074,3.1641526,1.0,3,3,1.0,2,2,1.0
939032,val,a38_39,4.093735,4.886779,1.0,3,3,1.0,2,2,1.0
958030,val,a38_39,3.43572,3.2040205,1.0,3,3,1.0,2,2,1.0
958173,val,a38_39,2.504998,3.2682788,1.0,3,3,1.0,2,2,1.0
961005,val,a38_39,3.0925245,0.0,0.0,3,-1,0.0,2,-1,0.0
961030,val,a38_39,3.4310608,3.668479,1.0,3,3,1.0,6,2,1.0
961175,val,a38_39,3.2364728,4.009967,1.0,3,3,1.0,2,2,1.0
1051183,val,a38_39,3.6918612,3.3806858,1.0,3,3,1.0,2,2,1.0
1084005,val,a38_39,3.1404438,3.1447468,1.0,3,3,1.0,2,2,1.0
1089003,val,a38_39,3.06635,2.1620421,1.0,3,3,1.0,2,2,1.0
1093003,val,a38_39,1.6016445,0.0,1.0,2,2,1.0,2,2,1.0
1107173,val,a38_39,2.1075613,4.035927,1.0,3,3,1.0,2,4,1.0
1109174,val,a38_39,2.170482,0.0,1.0,3,2,1.0,2,2,1.0
1121030,val,a38_39,3.34155,3.1423733,1.0,3,3,1.0,2,2,1.0
1121175,val,a38_39,2.326349,0.0,1.0,3,2,1.0,2,2,1.0
1125172,val,a38_39,2.7209103,2.3582149,1.0,3,3,1.0,2,2,1.0
1126030,val,a38_39,2.887504,1.7614238,1.0,3,3,1.0,2,2,1.0
1126176,val,a38_39,2.0062594,4.886779,1.0,3,3,1.0,2,2,1.0
1152180,val,a38_39,3.0276318,3.542661,1.0,3,3,1.0,2,2,1.0
1164004,val,a38_39,3.4161134,1.9587568,1.0,3,3,1.0,2,2,1.0
1184032,val,a38_39,3.0165434,3.901413,1.0,3,3,1.0,2,2,1.0
1184033,val,a38_39,1.9884106,2.153746,1.0,3,3,1.0,6,4,1.0
1185003,val,a38_39,3.3686414,0.0,1.0,3,2,1.0,2,2,1.0
1222004,val,a38_39,2.362988,3.1263244,1.0,3,3,1.0,2,2,1.0
1222006,val,a38_39,2.715503,4.346328,1.0,3,3,1.0,2,2,1.0
1284170,val,a38_39,3.418529,0.0,1.0,3,2,1.0,2,2,1.0
1292004,val,a38_39,2.9139073,2.7189043,1.0,3,3,1.0,2,2,1.0
1314172,val,a38_39,3.3025155,4.0920806,1.0,3,3,1.0,2,2,1.0
1332005,val,a38_39,4.0788417,3.6850972,1.0,3,3,1.0,2,3,1.0
1335010,val,a38_39,3.5808582,0.0,1.0,3,3,1.0,2,2,1.0
1338003,val,a38_39,3.1236882,3.9032092,1.0,3,3,1.0,2,6,1.0
1345006,val,a38_39,3.1371295,0.9750868,1.0,3,3,1.0,2,2,1.0
1345007,val,a38_39,2.7713635,3.6275852,1.0,3,3,1.0,6,2,1.0
1346030,val,a38_39,3.2246714,0.0,1.0,3,2,1.0,6,2,1.0
1391033,val,a38_39,3.6576033,3.5923295,1.0,3,3,1.0,6,2,1.0
1391175,val,a38_39,1.0129058,3.037984,1.0,2,3,1.0,2,4,1.0
1394033,val,a38_39,2.5985062,0.0,1.0,3,2,1.0,2,4,1.0
1397005,val,a38_39,3.5203128,3.7930343,1.0,3,3,1.0,2,2,1.0
1397172,val,a38_39,1.5703256,2.722233,1.0,3,3,1.0,2,2,1.0
1426004,val,a38_39,2.195221,2.7029045,1.0,3,3,1.0,6,6,1.0
1434032,val,a38_39,2.7380517,2.5541692,1.0,3,3,1.0,2,2,1.0
1434170,val,a38_39,3.1087348,3.1573586,1.0,3,3,1.0,2,2,1.0
1435005,val,a38_39,3.236765,4.657845,1.0,3,3,1.0,2,4,1.0
1485171,val,a38_39,3.6741104,3.566306,1.0,3,3,1.0,2,2,1.0
1520031,val,a38_39,3.327199,4.2071943,1.0,3,3,1.0,2,2,1.0
1540005,val,a38_39,4.2135935,2.7591305,1.0,3,3,1.0,6,2,1.0
1559003,val,a38_39,4.1578217,4.306588,1.0,3,3,1.0,2,2,1.0
1559170,val,a38_39,3.4558957,2.9866662,1.0,3,3,1.0,2,2,1.0
1565180,val,a38_39,2.7903967,4.457509,1.0,3,3,1.0,2,2,1.0
1579030,val,a38_39,3.3863115,3.2040205,1.0,3,2,1.0,2,2,1.0
1613007,val,a38_39,2.6946979,1.5874135,1.0,3,2,1.0,2,2,1.0
1621171,val,a38_39,3.7263603,4.886779,1.0,3,3,1.0,2,2,1.0
1644004,val,a38_39,3.3425741,3.6033251,1.0,3,3,1.0,2,2,1.0
1652031,val,a38_39,2.894889,3.4982743,1.0,3,3,1.0,2,2,1.0
1682032,val,a38_39,2.836465,3.8038778,1.0,3,3,1.0,2,2,1.0
1684173,val,a38_39,3.6018224,3.254356,1.0,3,3,1.0,2,2,1.0
1687003,val,a38_39,3.4705796,3.154596,1.0,3,3,1.0,2,2,1.0
1690170,val,a38_39,2.4156501,3.4580646,1.0,3,3,1.0,2,2,1.0
1692030,val,a38_39,0.7561939,2.5415993,1.0,2,3,1.0,2,4,1.0
1695034,val,a38_39,3.6317434,3.0865474,1.0,3,3,1.0,2,2,1.0
1701004,val,a38_39,2.906664,3.5397089,1.0,3,2,1.0,2,2,1.0
1721030,val,a38_39,3.4880462,0.0,1.0,3,2,1.0,4,2,1.0
1723005,val,a38_39,1.0645361,2.2601643,1.0,2,3,1.0,2,2,1.0
1762030,val,a38_39,2.4352944,1.5906423,1.0,3,2,1.0,2,3,1.0
1762031,val,a38_39,3.7063727,3.7323906,1.0,3,3,1.0,2,2,1.0
1762032,val,a38_39,1.8416916,3.2139137,1.0,3,3,1.0,2,4,1.0
1774170,val,a38_39,3.1233878,0.0,1.0,3,2,1.0,2,2,1.0
1774171,val,a38_39,3.1752312,3.4094932,1.0,3,3,1.0,2,2,1.0
1784171,val,a38_39,3.7498896,4.120623,1.0,3,3,1.0,2,2,1.0
1786191,val,a38_39,3.7492666,4.2188535,1.0,3,3,1.0,2,2,1.0
1787005,val,a38_39,3.3382733,3.6963296,1.0,3,3,1.0,2,2,1.0
1787174,val,a38_39,2.6841617,3.2707531,1.0,3,3,1.0,2,2,1.0
1802003,val,a38_39,3.3669176,0.0,0.0,3,-1,0.0,2,-1,0.0
1845170,val,a38_39,3.8439584,0.0,0.0,3,-1,0.0,2,-1,0.0
1862171,val,a38_39,3.5596168,3.9098039,1.0,3,3,1.0,2,2,1.0
1898004,val,a38_39,2.9720368,4.498319,1.0,3,3,1.0,6,6,1.0
1911030,val,a38_39,2.5344832,3.324597,1.0,3,3,1.0,2,2,1.0
1914003,val,a38_39,1.7434574,2.0297983,1.0,3,3,1.0,2,2,1.0
1919007,val,a38_39,3.8984928,4.878869,1.0,3,3,1.0,2,3,1.0
1954003,val,a38_39,3.5717564,3.2460208,1.0,3,2,1.0,2,2,1.0
1959005,val,a38_39,3.4585876,4.291962,1.0,3,3,1.0,2,2,1.0
1964031,val,a38_39,2.5359392,1.9279978,1.0,3,2,1.0,2,4,1.0
1972173,val,a38_39,1.3481361,0.0,1.0,2,2,1.0,2,2,1.0
1978030,val,a38_39,3.0794578,4.0177207,1.0,3,3,1.0,2,2,1.0
2005030,val,a38_39,2.7842336,2.9945555,1.0,3,3,1.0,2,2,1.0
2011174,val,a38_39,2.7283669,3.233253,1.0,3,3,1.0,2,2,1.0
2023030,val,a38_39,3.3642988,4.886779,1.0,3,3,1.0,2,6,1.0
2028030,val,a38_39,3.4523091,4.309778,1.0,3,3,1.0,2,4,1.0
2055003,val,a38_39,2.750015,3.507782,1.0,3,3,1.0,2,2,1.0
2067005,val,a38_39,3.6176143,4.193517,1.0,3,3,1.0,2,2,1.0
2080170,val,a38_39,2.16339,3.0143547,1.0,3,3,1.0,2,2,1.0
2106171,val,a38_39,1.1538867,0.0,1.0,2,2,1.0,2,2,1.0
2109002,val,a38_39,3.2301066,4.4848623,1.0,3,3,1.0,2,2,1.0
2129186,val,a38_39,3.0196204,0.0,0.0,3,-1,0.0,2,-1,0.0
2181007,val,a38_39,1.2816212,1.8672017,1.0,2,3,1.0,6,6,1.0
2181030,val,a38_39,2.7874942,3.4467623,1.0,3,3,1.0,2,2,1.0
2243174,val,a38_39,3.215481,0.0,1.0,3,2,1.0,2,2,1.0
2260173,val,a38_39,2.9026527,1.9724138,1.0,3,3,1.0,2,2,1.0
2261030,val,a38_39,3.0690598,2.8148165,1.0,3,3,1.0,2,2,1.0
2271171,val,a38_39,2.6544278,3.4070678,1.0,3,3,1.0,2,2,1.0
2282005,val,a38_39,2.9188106,3.1244323,1.0,3,3,1.0,2,6,1.0
2302195,val,a38_39,0.9297384,0.0,1.0,2,2,1.0,2,3,1.0
2334031,val,a38_39,3.34874,3.9690573,1.0,3,3,1.0,2,2,1.0
2341172,val,a38_39,3.1094947,2.2928271,1.0,3,3,1.0,2,2,1.0
2354175,val,a38_39,3.6685197,2.859516,1.0,3,3,1.0,2,2,1.0
2355004,val,a38_39,2.0850482,4.0868087,1.0,3,3,1.0,5,2,1.0
2391030,val,a38_39,3.384917,3.4141958,1.0,3,2,1.0,2,2,1.0
2397173,val,a38_39,1.3907757,2.4192536,1.0,2,3,1.0,2,4,1.0
2408170,val,a38_39,2.6667504,3.2554533,1.0,3,3,1.0,2,4,1.0
2425003,val,a38_39,2.6868231,1.4095232,1.0,3,3,1.0,2,2,1.0
2432030,val,a38_39,1.6704433,1.0048428,1.0,2,3,1.0,2,4,1.0
2435172,val,a38_39,1.5211368,0.0,1.0,3,2,1.0,2,2,1.0
2436174,val,a38_39,0.78853035,0.0,1.0,2,2,1.0,2,4,1.0
2436176,val,a38_39,1.5281211,3.0837762,1.0,2,3,1.0,2,2,1.0
2441003,val,a38_39,2.0176232,3.437568,1.0,3,3,1.0,2,2,1.0
2441173,val,a38_39,3.803423,3.8851874,1.0,3,3,1.0,2,2,1.0
2458031,val,a38_39,3.9192228,4.775503,1.0,3,3,1.0,2,6,1.0
2461004,val,a38_39,1.1824023,0.0,1.0,2,2,1.0,2,2,1.0
2461030,val,a38_39,3.3076868,4.597478,1.0,3,3,1.0,2,2,1.0
2473004,val,a38_39,3.811474,4.1472106,1.0,3,3,1.0,2,2,1.0
2483030,val,a38_39,2.9399614,2.5445042,1.0,3,3,1.0,2,4,1.0
2503030,val,a38_39,3.7185783,3.0326545,1.0,3,3,1.0,2,6,1.0
2510005,val,a38_39,3.8650212,3.0930045,1.0,3,3,1.0,2,2,1.0
2525003,val,a38_39,3.3664854,4.7362037,1.0,3,3,1.0,2,2,1.0
2529030,val,a38_39,2.8176394,0.0,1.0,3,2,1.0,2,4,1.0
2529174,val,a38_39,2.8480055,4.315193,1.0,3,3,1.0,2,2,1.0
2530003,val,a38_39,2.3379998,0.0,0.0,3,-1,0.0,2,-1,0.0
2530004,val,a38_39,3.1111448,3.0504405,1.0,3,3,1.0,2,2,1.0
2569033,val,a38_39,2.9312296,3.3326652,1.0,3,3,1.0,6,2,1.0
2601006,val,a38_39,3.4549475,4.8403034,1.0,3,3,1.0,6,2,1.0
2608006,val,a38_39,3.068034,3.18551,1.0,3,3,1.0,2,2,1.0
2615034,val,a38_39,3.2504609,3.7510855,1.0,3,3,1.0,2,2,1.0
2639004,val,a38_39,2.0098767,3.59953,1.0,3,2,1.0,2,4,1.0
2665177,val,a38_39,1.51602,0.0,1.0,2,2,1.0,6,6,1.0
2672006,val,a38_39,3.4579935,0.0,1.0,3,3,1.0,6,4,1.0
2672171,val,a38_39,2.9110804,3.8403308,1.0,3,3,1.0,2,4,1.0
2697003,val,a38_39,3.9321656,3.4481115,1.0,3,3,1.0,2,2,1.0
2704031,val,a38_39,3.3554263,2.7730844,1.0,3,3,1.0,6,4,1.0
2705030,val,a38_39,3.5873642,4.222725,1.0,3,3,1.0,2,2,1.0
2707007,val,a38_39,2.7365453,1.7174486,1.0,3,3,1.0,2,2,1.0
2712172,val,a38_39,2.2183256,3.1861079,1.0,3,3,1.0,2,2,1.0
2731003,val,a38_39,3.006804,3.048963,1.0,3,3,1.0,6,6,1.0
2731005,val,a38_39,3.407599,4.507845,1.0,3,3,1.0,6,6,1.0
2770031,val,a38_39,3.3156776,1.3663594,1.0,3,3,1.0,2,2,1.0
2816004,val,a38_39,1.3132693,3.2435856,1.0,2,3,1.0,2,2,1.0
2910002,val,a38_39,2.7334268,2.9807694,1.0,3,3,1.0,2,2,1.0
3062001,val,a38_39,2.9367445,2.4661696,1.0,3,3,1.0,2,2,1.0
3235002,val,a38_39,2.1987724,3.5533636,1.0,3,3,1.0,2,3,1.0
3306001,val,a38_39,4.029131,4.496284,1.0,3,3,1.0,2,2,1.0
5015030,val,a38_39,1.825696,0.35408652,1.0,3,2,1.0,2,2,1.0
5048030,val,a38_39,2.5395079,2.7750175,1.0,3,3,1.0,6,6,1.0
5052033,val,a38_39,2.261291,2.1022828,1.0,3,2,1.0,6,6,1.0
5057008,val,a38_39,1.2764553,3.3816826,1.0,2,3,1.0,6,6,1.0
5170009,val,a38_39,3.4545121,3.8525667,1.0,3,3,1.0,2,2,1.0
5230008,val,a38_39,2.885627,3.8347166,1.0,3,3,1.0,2,2,1.0
5299010,val,a38_39,2.4442093,0.0,1.0,3,2,1.0,6,6,1.0
5336179,val,a38_39,3.029092,3.4054897,1.0,3,3,1.0,2,2,1.0
5364005,val,a38_39,3.1752672,3.6897547,1.0,3,3,1.0,2,3,1.0
5379004,val,a38_39,3.470612,4.1776333,1.0,3,3,1.0,2,4,1.0
5430173,val,a38_39,3.0639203,0.0,1.0,3,2,1.0,4,6,1.0
5488006,val,a38_39,3.060916,3.6850972,1.0,3,3,1.0,6,6,1.0
5493007,val,a38_39,1.2557516,0.0,1.0,2,2,1.0,2,5,1.0
5537009,val,a38_39,2.3553066,2.9333522,1.0,3,3,1.0,2,2,1.0
5537177,val,a38_39,2.0413513,1.8505303,1.0,3,2,1.0,2,2,1.0
5537183,val,a38_39,3.6460152,3.955919,1.0,3,3,1.0,2,2,1.0
5569010,val,a38_39,2.9508677,3.5969393,1.0,3,3,1.0,2,2,1.0
5600005,val,a38_39,2.0582,3.1264517,1.0,3,2,1.0,5,3,1.0
5615183,val,a38_39,2.919034,0.070574746,1.0,3,3,1.0,2,2,1.0
5749006,val,a38_39,2.0873873,1.8636948,1.0,3,2,1.0,2,2,1.0
5822175,val,a38_39,3.127499,3.6260033,1.0,3,3,1.0,2,2,1.0
5832003,val,a38_39,2.8664544,0.0,0.0,3,-1,0.0,2,-1,0.0
5872005,val,a38_39,1.176194,0.0,1.0,2,2,1.0,6,6,1.0
5898005,val,a38_39,2.2927651,0.0,0.0,3,-1,0.0,6,-1,0.0
5904033,val,a38_39,2.5569658,3.0257523,1.0,3,3,1.0,2,4,1.0
5987188,val,a38_39,2.7241209,3.1053386,1.0,3,3,1.0,2,2,1.0
6026005,val,a38_39,3.7928457,3.1735432,1.0,3,2,1.0,2,4,1.0
6026172,val,a38_39,3.1694915,1.3209659,1.0,3,3,1.0,2,4,1.0
6054031,val,a38_39,3.5512886,3.9497616,1.0,3,3,1.0,6,6,1.0
6121033,val,a38_39,2.757997,0.0,1.0,3,2,1.0,2,6,1.0
6156008,val,a38_39,3.7605853,3.3272858,1.0,3,3,1.0,6,6,1.0
6157003,val,a38_39,2.8183146,3.3871381,1.0,3,3,1.0,2,3,1.0
6210183,val,a38_39,2.651184,3.2967014,1.0,3,-1,0.0,2,2,1.0
6262030,val,a38_39,3.6343117,4.0377684,1.0,3,3,1.0,2,2,1.0
6368007,val,a38_39,2.7534735,1.7459805,1.0,3,2,1.0,6,6,1.0
6381181,val,a38_39,3.1513395,3.9647489,1.0,3,3,1.0,2,2,1.0
6396003,val,a38_39,1.9706095,0.0,1.0,3,2,1.0,2,4,1.0
6431008,val,a38_39,2.3457332,4.63572,1.0,3,3,1.0,2,4,1.0
6475170,val,a38_39,2.4742632,3.2242525,1.0,3,3,1.0,6,6,1.0
6522004,val,a38_39,1.5400815,0.9147846,1.0,2,2,1.0,6,6,1.0
6537032,val,a38_39,2.512796,1.2648275,1.0,3,2,1.0,2,2,1.0
6541178,val,a38_39,3.14121,4.122309,1.0,3,2,1.0,2,2,1.0
6545006,val,a38_39,2.220125,3.1551504,1.0,3,3,1.0,2,4,1.0
6547171,val,a38_39,2.899982,2.7027802,1.0,3,3,1.0,2,2,1.0
6571031,val,a38_39,2.881804,1.7769312,1.0,3,2,1.0,2,3,1.0
6590008,val,a38_39,3.4238503,3.329783,1.0,3,3,1.0,2,2,1.0
6616007,val,a38_39,2.2574751,3.7570312,1.0,3,3,1.0,2,4,1.0
6649003,val,a38_39,2.2042787,3.3337348,1.0,3,3,1.0,6,2,1.0
6710030,val,a38_39,1.2526554,3.2527912,1.0,2,3,1.0,6,6,1.0
6745007,val,a38_39,3.441701,3.583648,1.0,3,3,1.0,2,6,1.0
6750005,val,a38_39,2.370569,3.578878,1.0,3,3,1.0,2,4,1.0
6765006,val,a38_39,1.9250513,2.8015413,1.0,3,3,1.0,2,2,1.0
6822176,val,a38_39,2.824545,2.0905557,1.0,3,3,1.0,2,4,1.0
6828003,val,a38_39,1.3967793,0.0,1.0,2,3,1.0,2,2,1.0
6872003,val,a38_39,3.1758623,3.3542435,1.0,3,3,1.0,6,2,1.0
4007,val,a40_41,2.6037693,4.096741,1.0,3,3,1.0,2,4,1.0
6174,val,a40_41,3.441203,3.9414282,1.0,3,3,1.0,2,2,1.0
14004,val,a40_41,3.4000275,3.9032092,1.0,3,3,1.0,2,2,1.0
14172,val,a40_41,1.2610583,3.3626049,1.0,3,3,1.0,2,2,1.0
14173,val,a40_41,3.1132197,3.737305,1.0,3,3,1.0,2,2,1.0
18031,val,a40_41,0.88149476,3.4141958,1.0,2,3,1.0,2,5,1.0
18185,val,a40_41,1.9369335,0.0,1.0,3,2,1.0,2,2,1.0
23031,val,a40_41,3.3258066,0.0,1.0,3,2,1.0,2,6,1.0
40173,val,a40_41,3.3902535,3.426771,1.0,3,3,1.0,2,2,1.0
51171,val,a40_41,3.4024353,3.886613,1.0,3,3,1.0,2,2,1.0
84005,val,a40_41,3.2995276,4.077138,1.0,3,3,1.0,6,6,1.0
121173,val,a40_41,3.1732635,0.0,1.0,3,2,1.0,2,2,1.0
128004,val,a40_41,3.7238026,4.218239,1.0,3,3,1.0,2,2,1.0
145170,val,a40_41,3.4092548,3.8678546,1.0,3,3,1.0,2,2,1.0
161004,val,a40_41,3.614532,3.0361922,1.0,3,2,1.0,2,4,1.0
172031,val,a40_41,3.778484,3.2188306,1.0,3,3,1.0,2,2,1.0
174175,val,a40_41,2.5021803,4.886779,1.0,3,3,1.0,2,2,1.0
221031,val,a40_41,3.6902103,4.1335025,1.0,3,3,1.0,2,2,1.0
223030,val,a40_41,3.2432313,3.6286082,1.0,3,2,1.0,2,2,1.0
227003,val,a40_41,3.9137583,4.008891,1.0,3,3,1.0,2,2,1.0
257175,val,a40_41,3.7107937,0.42037553,1.0,3,2,1.0,2,2,1.0
263182,val,a40_41,3.3342757,3.4826956,1.0,3,3,1.0,2,2,1.0
321005,val,a40_41,2.3663335,2.8158593,1.0,3,3,1.0,4,2,1.0
361175,val,a40_41,2.4728937,1.7118756,1.0,3,2,1.0,2,2,1.0
377170,val,a40_41,3.129819,4.2009177,1.0,3,3,1.0,2,2,1.0
450030,val,a40_41,3.29796,3.847051,1.0,3,3,1.0,2,6,1.0
465030,val,a40_41,2.194327,3.7935455,1.0,3,3,1.0,2,4,1.0
478030,val,a40_41,2.915196,2.907154,1.0,3,2,1.0,6,3,1.0
503031,val,a40_41,3.2015045,4.475371,1.0,3,3,1.0,2,4,1.0
514172,val,a40_41,3.8761308,4.04607,1.0,3,3,1.0,2,2,1.0
534030,val,a40_41,2.8938727,1.9053723,1.0,3,3,1.0,2,2,1.0
534171,val,a40_41,3.7960634,3.7922242,1.0,3,3,1.0,2,2,1.0
544170,val,a40_41,3.1428764,3.178121,1.0,3,3,1.0,2,2,1.0
563193,val,a40_41,3.4011307,0.0,1.0,3,2,1.0,2,2,1.0
577174,val,a40_41,3.2801466,3.0114257,1.0,3,3,1.0,2,2,1.0
613006,val,a40_41,2.84303,3.7471669,1.0,3,3,1.0,2,2,1.0
618170,val,a40_41,3.8969579,4.5326686,1.0,3,3,1.0,2,2,1.0
631030,val,a40_41,3.0807006,3.3098624,1.0,3,3,1.0,2,4,1.0
633031,val,a40_41,3.1873116,3.6491034,1.0,3,3,1.0,2,2,1.0
652173,val,a40_41,2.972467,3.5666425,1.0,3,3,1.0,2,2,1.0
655172,val,a40_41,3.2620323,3.749749,1.0,3,3,1.0,2,2,1.0
656005,val,a40_41,2.6513298,0.9626811,1.0,3,3,1.0,2,2,1.0
691171,val,a40_41,3.1303465,2.3365629,1.0,3,3,1.0,2,4,1.0
738172,val,a40_41,2.347939,3.8163328,1.0,3,3,1.0,2,2,1.0
751030,val,a40_41,2.0623589,2.7778397,1.0,3,3,1.0,2,4,1.0
762170,val,a40_41,4.1573815,4.3971753,1.0,3,3,1.0,2,2,1.0
783171,val,a40_41,3.3379579,3.7198489,1.0,3,3,1.0,2,2,1.0
863007,val,a40_41,3.2215688,2.8474362,1.0,3,3,1.0,2,2,1.0
893170,val,a40_41,2.9579186,0.0,1.0,3,2,1.0,2,2,1.0
894031,val,a40_41,3.1663566,3.2252226,1.0,3,3,1.0,2,2,1.0
898181,val,a40_41,2.59866,1.1858279,1.0,3,3,1.0,2,2,1.0
899003,val,a40_41,3.6627374,3.5209594,1.0,3,3,1.0,2,2,1.0
916032,val,a40_41,2.4561362,3.1679091,1.0,3,3,1.0,6,2,1.0
922005,val,a40_41,3.530974,2.5942936,1.0,3,3,1.0,2,2,1.0
931172,val,a40_41,3.2132485,3.1120167,1.0,3,2,1.0,2,2,1.0
939032,val,a40_41,4.342994,4.886779,1.0,3,3,1.0,2,2,1.0
958030,val,a40_41,3.4148955,3.1199777,1.0,3,3,1.0,2,2,1.0
958173,val,a40_41,2.5619583,3.1463857,1.0,3,3,1.0,2,2,1.0
961005,val,a40_41,3.2029307,3.1784346,1.0,3,3,1.0,2,2,1.0
961030,val,a40_41,3.2693133,3.4617243,1.0,3,3,1.0,6,2,1.0
961175,val,a40_41,3.2121832,4.0225544,1.0,3,3,1.0,2,2,1.0
1051183,val,a40_41,3.7618651,3.3424077,1.0,3,3,1.0,2,2,1.0
1084005,val,a40_41,3.1747673,3.6850972,1.0,3,2,1.0,2,3,1.0
1089003,val,a40_41,3.1501236,3.3619723,1.0,3,3,1.0,2,2,1.0
1093003,val,a40_41,1.8168701,0.0,1.0,3,2,1.0,2,2,1.0
1107173,val,a40_41,2.3041682,4.0036206,1.0,3,3,1.0,2,4,1.0
1109174,val,a40_41,2.2260666,2.1663687,1.0,3,3,1.0,2,2,1.0
1121030,val,a40_41,3.267365,3.615111,1.0,3,3,1.0,2,2,1.0
1121175,val,a40_41,2.2820585,0.0,1.0,3,2,1.0,2,2,1.0
1125172,val,a40_41,2.8362794,0.0,0.0,3,-1,0.0,2,-1,0.0
1126030,val,a40_41,3.1397657,2.3645113,1.0,3,3,1.0,2,2,1.0
1126176,val,a40_41,2.0908031,4.886184,1.0,3,3,1.0,2,2,1.0
1152180,val,a40_41,3.2312033,3.4620757,1.0,3,3,1.0,2,2,1.0
1164004,val,a40_41,3.4664376,3.5871162,1.0,3,3,1.0,2,2,1.0
1184032,val,a40_41,3.110728,3.843872,1.0,3,3,1.0,2,2,1.0
1184033,val,a40_41,2.0902674,1.4233128,1.0,3,3,1.0,6,4,1.0
1185003,val,a40_41,3.5420117,0.0,1.0,3,2,1.0,2,2,1.0
1222004,val,a40_41,2.3973117,3.154596,1.0,3,3,1.0,2,2,1.0
1222006,val,a40_41,2.6890528,2.026318,1.0,3,3,1.0,2,2,1.0
1284170,val,a40_41,3.505646,0.0,1.0,3,2,1.0,2,2,1.0
1292004,val,a40_41,3.0858996,3.105974,1.0,3,3,1.0,2,4,1.0
1314172,val,a40_41,3.3533523,3.949036,1.0,3,3,1.0,2,2,1.0
1332005,val,a40_41,4.1579094,3.6204543,1.0,3,3,1.0,2,3,1.0
1335010,val,a40_41,3.4905684,3.0401068,1.0,3,3,1.0,2,2,1.0
1338003,val,a40_41,3.2118745,3.5987248,1.0,3,3,1.0,2,2,1.0
1345006,val,a40_41,3.0721378,2.9212708,1.0,3,3,1.0,2,2,1.0
1345007,val,a40_41,2.8894563,3.57801,1.0,3,3,1.0,6,2,1.0
1346030,val,a40_41,3.2641606,0.0,1.0,3,2,1.0,6,2,1.0
1391033,val,a40_41,3.4406877,3.647873,1.0,3,3,1.0,6,4,1.0
1391175,val,a40_41,1.1809137,0.0,0.0,2,-1,0.0,2,-1,0.0
1394033,val,a40_41,2.3723397,0.0,1.0,3,2,1.0,2,4,1.0
1397005,val,a40_41,3.474092,3.7439065,1.0,3,3,1.0,2,2,1.0
1397172,val,a40_41,1.7381737,3.0469735,1.0,3,3,1.0,2,2,1.0
1426004,val,a40_41,2.029428,2.9762707,1.0,3,3,1.0,6,6,1.0
1434032,val,a40_41,2.7487445,2.0527534,1.0,3,3,1.0,2,2,1.0
1434170,val,a40_41,3.1108692,3.1865816,1.0,3,3,1.0,2,2,1.0
1435005,val,a40_41,3.3900247,4.6204996,1.0,3,2,1.0,2,4,1.0
1485171,val,a40_41,3.7496653,3.2274153,1.0,3,3,1.0,2,2,1.0
1520031,val,a40_41,3.4577146,3.9851773,1.0,3,3,1.0,2,2,1.0
1540005,val,a40_41,4.2324758,2.3726282,1.0,3,3,1.0,6,2,1.0
1559003,val,a40_41,4.3278475,4.472791,1.0,3,3,1.0,2,2,1.0
1559170,val,a40_41,3.5375643,3.2300382,1.0,3,3,1.0,2,2,1.0
1565180,val,a40_41,2.9077158,4.194441,1.0,3,3,1.0,2,2,1.0
1579030,val,a40_41,3.544271,3.0597289,1.0,3,3,1.0,2,2,1.0
1613007,val,a40_41,2.622271,0.6793294,1.0,3,3,1.0,2,2,1.0
1621171,val,a40_41,3.6832182,4.886779,1.0,3,3,1.0,2,2,1.0
1644004,val,a40_41,3.3761954,3.496418,1.0,3,3,1.0,2,2,1.0
1652031,val,a40_41,2.8995996,3.3802066,1.0,3,3,1.0,2,2,1.0
1682032,val,a40_41,3.0165367,3.8730197,1.0,3,3,1.0,6,2,1.0
1684173,val,a40_41,3.6050823,3.6152012,1.0,3,2,1.0,2,2,1.0
1687003,val,a40_41,3.4374368,3.3729873,1.0,3,3,1.0,2,2,1.0
1690170,val,a40_41,2.3415456,3.5111582,1.0,3,3,1.0,2,2,1.0
1692030,val,a40_41,0.9247968,0.0,1.0,2,2,1.0,2,2,1.0
1695034,val,a40_41,3.2463808,3.6491034,1.0,3,3,1.0,2,2,1.0
1701004,val,a40_41,2.9618344,3.9664857,1.0,3,3,1.0,2,2,1.0
1721030,val,a40_41,3.49233,3.6687279,1.0,3,3,1.0,4,2,1.0
1723005,val,a40_41,0.9232187,2.2075644,1.0,2,3,1.0,2,2,1.0
1762030,val,a40_41,2.5418549,0.0,1.0,3,2,1.0,2,4,1.0
1762031,val,a40_41,3.7355783,3.7650766,1.0,3,3,1.0,2,2,1.0
1762032,val,a40_41,1.9775609,1.9069004,1.0,3,3,1.0,2,4,1.0
1774170,val,a40_41,3.22632,1.3671789,1.0,3,2,1.0,2,2,1.0
1774171,val,a40_41,3.2732038,3.3073823,1.0,3,3,1.0,2,2,1.0
1784171,val,a40_41,3.7033,4.1698217,1.0,3,3,1.0,2,2,1.0
1786191,val,a40_41,3.770623,3.9422066,1.0,3,3,1.0,2,2,1.0
1787005,val,a40_41,3.1437638,3.6848996,1.0,3,3,1.0,2,2,1.0
1787174,val,a40_41,2.7478201,3.3667955,1.0,3,3,1.0,2,2,1.0
1802003,val,a40_41,3.1706963,3.489942,1.0,3,2,1.0,2,4,1.0
1845170,val,a40_41,3.784363,3.0869684,1.0,3,3,1.0,2,2,1.0
1862171,val,a40_41,3.600336,3.5262845,1.0,3,3,1.0,2,2,1.0
1898004,val,a40_41,3.068217,3.4094932,1.0,3,3,1.0,6,6,1.0
1911030,val,a40_41,2.409068,0.0,0.0,3,-1,0.0,2,-1,0.0
1914003,val,a40_41,1.8772055,2.8751705,1.0,3,3,1.0,2,2,1.0
1919007,val,a40_41,3.6779976,4.886779,1.0,3,3,1.0,2,4,1.0
1954003,val,a40_41,3.4522855,2.9361172,1.0,3,3,1.0,2,2,1.0
1959005,val,a40_41,3.547767,4.3370132,1.0,3,3,1.0,2,2,1.0
1964031,val,a40_41,2.5065076,0.0,1.0,3,2,1.0,4,4,1.0
1972173,val,a40_41,1.3947494,0.0,0.0,2,-1,0.0,2,-1,0.0
1978030,val,a40_41,3.1980226,3.693618,1.0,3,3,1.0,2,2,1.0
2005030,val,a40_41,2.8997326,3.1062326,1.0,3,3,1.0,2,4,1.0
2011174,val,a40_41,2.8329616,3.3237946,1.0,3,3,1.0,2,2,1.0
2023030,val,a40_41,3.408818,4.886779,1.0,3,3,1.0,2,6,1.0
2028030,val,a40_41,3.4253778,4.421971,1.0,3,3,1.0,2,4,1.0
2055003,val,a40_41,2.7657819,1.7300621,1.0,3,3,1.0,2,2,1.0
2067005,val,a40_41,3.5563073,4.1546817,1.0,3,3,1.0,2,2,1.0
2080170,val,a40_41,2.2186034,2.3160753,1.0,3,3,1.0,2,2,1.0
2106171,val,a40_41,1.180877,0.0,1.0,3,2,1.0,2,2,1.0
2109002,val,a40_41,3.1754313,4.482823,1.0,3,3,1.0,2,2,1.0
2129186,val,a40_41,3.0077755,3.496005,1.0,3,3,1.0,2,2,1.0
2181007,val,a40_41,1.3208706,1.966612,1.0,2,2,1.0,6,6,1.0
2181030,val,a40_41,3.126331,3.3319657,1.0,3,3,1.0,2,2,1.0
2243174,val,a40_41,3.365736,3.0664406,1.0,3,3,1.0,2,2,1.0
2260173,val,a40_41,3.2196155,0.40987092,1.0,3,2,1.0,2,2,1.0
2261030,val,a40_41,3.164458,2.5095816,1.0,3,3,1.0,2,2,1.0
2271171,val,a40_41,2.5738218,3.6543715,1.0,3,3,1.0,2,2,1.0
2282005,val,a40_41,3.0105116,0.0,1.0,3,3,1.0,2,6,1.0
2302195,val,a40_41,1.1130862,0.39853728,1.0,2,2,1.0,2,3,1.0
2334031,val,a40_41,3.394631,3.8142254,1.0,3,3,1.0,2,2,1.0
2341172,val,a40_41,3.1728098,2.8913167,1.0,3,3,1.0,2,2,1.0
2354175,val,a40_41,3.6280782,3.3073823,1.0,3,3,1.0,2,2,1.0
2355004,val,a40_41,2.0404105,3.7249148,1.0,3,3,1.0,2,2,1.0
2391030,val,a40_41,3.3389242,3.1996279,1.0,3,3,1.0,2,2,1.0
2397173,val,a40_41,1.4722316,2.7536736,1.0,3,3,1.0,2,2,1.0
2408170,val,a40_41,2.7938833,2.2054408,1.0,3,2,1.0,2,4,1.0
2425003,val,a40_41,2.8780696,1.1611937,1.0,3,3,1.0,2,2,1.0
2432030,val,a40_41,1.8720458,2.766588,1.0,3,3,1.0,2,4,1.0
2435172,val,a40_41,1.7958707,0.5612031,1.0,3,3,1.0,2,2,1.0
2436174,val,a40_41,0.9902191,0.0,1.0,2,2,1.0,2,4,1.0
2436176,val,a40_41,1.7821155,3.0665076,1.0,3,3,1.0,2,2,1.0
2441003,val,a40_41,2.053708,3.1931083,1.0,3,3,1.0,2,2,1.0
2441173,val,a40_41,3.8582528,4.1230373,1.0,3,3,1.0,2,2,1.0
2458031,val,a40_41,3.9772646,4.7487354,1.0,3,3,1.0,2,6,1.0
2461004,val,a40_41,1.3784518,2.4098656,1.0,2,3,1.0,2,2,1.0
2461030,val,a40_41,3.2131922,0.0,1.0,3,3,1.0,2,4,1.0
2473004,val,a40_41,3.6776152,3.8582711,1.0,3,3,1.0,2,2,1.0
2483030,val,a40_41,2.7806385,1.7093322,1.0,3,3,1.0,2,4,1.0
2503030,val,a40_41,3.6730835,3.0149915,1.0,3,3,1.0,2,6,1.0
2510005,val,a40_41,3.7264166,3.0679493,1.0,3,3,1.0,2,2,1.0
2525003,val,a40_41,3.2642672,4.886779,1.0,3,3,1.0,2,2,1.0
2529030,val,a40_41,2.857209,0.0,1.0,3,2,1.0,2,4,1.0
2529174,val,a40_41,2.942916,3.9823928,1.0,3,3,1.0,2,2,1.0
2530003,val,a40_41,2.3264062,2.8040938,1.0,3,3,1.0,2,2,1.0
2530004,val,a40_41,3.154418,3.0475352,1.0,3,3,1.0,2,2,1.0
2569033,val,a40_41,2.8285213,3.3889637,1.0,3,3,1.0,6,2,1.0
2601006,val,a40_41,3.5170326,0.0,0.0,3,-1,0.0,6,-1,0.0
2608006,val,a40_41,2.9449592,3.153995,1.0,3,3,1.0,2,2,1.0
2615034,val,a40_41,3.1457434,3.5209804,1.0,3,3,1.0,2,2,1.0
2639004,val,a40_41,2.094453,2.0256755,1.0,3,2,1.0,2,4,1.0
2665177,val,a40_41,1.6614048,0.0,1.0,3,2,1.0,6,2,1.0
2672006,val,a40_41,3.4933407,4.190539,1.0,3,3,1.0,6,4,1.0
2672171,val,a40_41,2.9050508,4.158148,1.0,3,3,1.0,2,4,1.0
2697003,val,a40_41,3.9998007,3.3715646,1.0,3,3,1.0,2,2,1.0
2704031,val,a40_41,3.3005247,2.5460799,1.0,3,3,1.0,6,4,1.0
2705030,val,a40_41,3.5022726,4.6122894,1.0,3,3,1.0,2,3,1.0
2707007,val,a40_41,2.779002,2.015335,1.0,3,3,1.0,2,2,1.0
2712172,val,a40_41,2.3545918,3.172238,1.0,3,3,1.0,2,2,1.0
2731003,val,a40_41,3.0649862,3.1447468,1.0,3,3,1.0,6,6,1.0
2731005,val,a40_41,3.467436,4.564996,1.0,3,3,1.0,2,6,1.0
2770031,val,a40_41,3.4603262,1.7136508,1.0,3,3,1.0,2,2,1.0
2816004,val,a40_41,1.5593579,3.4309494,1.0,3,3,1.0,2,2,1.0
2910002,val,a40_41,2.6179879,3.1706843,1.0,3,2,1.0,2,2,1.0
3062001,val,a40_41,3.1718533,3.958687,1.0,3,3,1.0,2,2,1.0
3235002,val,a40_41,1.9210868,3.6333046,1.0,3,3,1.0,2,3,1.0
3306001,val,a40_41,4.249467,4.594867,1.0,3,3,1.0,2,2,1.0
5015030,val,a40_41,1.801626,0.0,1.0,2,2,1.0,3,2,1.0
5048030,val,a40_41,2.602549,2.79805,1.0,3,3,1.0,6,6,1.0
5052033,val,a40_41,2.235897,2.355517,1.0,3,3,1.0,6,6,1.0
5057008,val,a40_41,1.1871574,3.5037935,1.0,2,3,1.0,6,6,1.0
5170009,val,a40_41,3.4213333,3.8322608,1.0,3,3,1.0,2,2,1.0
5230008,val,a40_41,2.8984222,3.7570312,1.0,3,3,1.0,2,2,1.0
5299010,val,a40_41,2.4995642,0.0,1.0,3,2,1.0,6,6,1.0
5336179,val,a40_41,3.0768685,3.3685656,1.0,3,3,1.0,2,2,1.0
5364005,val,a40_41,3.248471,3.3224595,1.0,3,3,1.0,2,3,1.0
5379004,val,a40_41,3.357442,4.8131404,1.0,3,3,1.0,2,4,1.0
5430173,val,a40_41,3.0104682,0.0,1.0,3,2,1.0,4,6,1.0
5488006,val,a40_41,3.0300958,3.6807222,1.0,3,3,1.0,6,6,1.0
5493007,val,a40_41,1.292596,0.0,1.0,2,2,1.0,2,5,1.0
5537009,val,a40_41,2.3196454,2.9591303,1.0,3,3,1.0,2,2,1.0
5537177,val,a40_41,2.1962392,1.2297416,1.0,3,2,1.0,2,2,1.0
5537183,val,a40_41,3.63064,3.031698,1.0,3,3,1.0,2,2,1.0
5569010,val,a40_41,2.7489305,3.265041,1.0,3,3,1.0,2,2,1.0
5600005,val,a40_41,1.9155855,2.2039053,1.0,3,2,1.0,6,2,1.0
5615183,val,a40_41,2.9477408,2.9662764,1.0,3,3,1.0,2,2,1.0
5749006,val,a40_41,1.9939809,0.37078482,1.0,3,2,1.0,4,2,1.0
5822175,val,a40_41,3.1624265,3.7130666,1.0,3,3,1.0,2,2,1.0
5832003,val,a40_41,2.8175874,2.3181431,1.0,3,2,1.0,2,6,1.0
5872005,val,a40_41,1.1461973,0.0,0.0,2,-1,0.0,6,-1,0.0
5898005,val,a40_41,2.038739,0.0,0.0,3,-1,0.0,6,-1,0.0
5904033,val,a40_41,2.493742,1.9870218,1.0,3,3,1.0,2,4,1.0
5987188,val,a40_41,2.8340456,3.0869684,1.0,3,3,1.0,2,2,1.0
6026005,val,a40_41,3.6488152,3.3871381,1.0,3,2,1.0,2,4,1.0
6026172,val,a40_41,3.2221854,3.6983402,1.0,3,3,1.0,2,4,1.0
6054031,val,a40_41,3.582676,3.9765851,1.0,3,3,1.0,6,6,1.0
6121033,val,a40_41,2.58735,0.0,1.0,2,2,1.0,4,6,1.0
6156008,val,a40_41,3.5918293,3.7570312,1.0,3,3,1.0,6,6,1.0
6157003,val,a40_41,2.840951,3.2381604,1.0,3,3,1.0,2,3,1.0
6210183,val,a40_41,2.685781,3.3488646,1.0,3,3,1.0,2,2,1.0
6262030,val,a40_41,3.5528502,4.052318,1.0,3,3,1.0,2,2,1.0
6368007,val,a40_41,2.7999675,0.0,1.0,3,2,1.0,6,6,1.0
6381181,val,a40_41,3.234014,4.0398784,1.0,3,3,1.0,2,2,1.0
6396003,val,a40_41,1.8623198,0.0,1.0,3,2,1.0,2,4,1.0
6431008,val,a40_41,1.8525257,4.745581,1.0,3,3,1.0,2,4,1.0
6475170,val,a40_41,2.4714923,3.0000806,1.0,3,3,1.0,6,6,1.0
6522004,val,a40_41,1.7633252,0.0,0.0,3,2,1.0,6,4,1.0
6537032,val,a40_41,2.3766775,2.9993773,1.0,3,3,1.0,2,2,1.0
6541178,val,a40_41,3.323159,4.1655335,1.0,3,3,1.0,2,2,1.0
6545006,val,a40_41,1.8692545,2.3224509,1.0,3,3,1.0,2,4,1.0
6547171,val,a40_41,3.0169132,3.0869684,1.0,3,3,1.0,2,2,1.0
6571031,val,a40_41,2.7864125,0.0,0.0,3,-1,0.0,2,-1,0.0
6590008,val,a40_41,3.3068335,0.0,1.0,3,3,1.0,2,2,1.0
6616007,val,a40_41,2.264986,3.6222303,1.0,3,3,1.0,2,4,1.0
6649003,val,a40_41,2.2084653,3.6229506,1.0,3,3,1.0,6,2,1.0
6710030,val,a40_41,1.1439493,3.2437427,1.0,2,3,1.0,6,6,1.0
6745007,val,a40_41,3.1617274,3.587975,1.0,3,3,1.0,4,6,1.0
6750005,val,a40_41,2.4092505,3.9030106,1.0,3,3,1.0,2,4,1.0
6765006,val,a40_41,1.9131868,2.6505947,1.0,3,3,1.0,2,2,1.0
6822176,val,a40_41,2.9400432,3.546035,1.0,3,3,1.0,2,4,1.0
6828003,val,a40_41,1.3644849,0.29730862,1.0,2,2,1.0,2,2,1.0
6872003,val,a40_41,3.065796,3.611991,1.0,3,3,1.0,6,2,1.0
4007,val,a42_43,2.6149683,0.0,0.0,3,-1,0.0,2,-1,0.0
6174,val,a42_43,3.4154549,4.3904777,1.0,3,3,1.0,2,2,1.0
14004,val,a42_43,3.586667,3.7619069,1.0,3,3,1.0,2,2,1.0
14172,val,a42_43,1.290624,3.7323906,1.0,3,3,1.0,2,2,1.0
14173,val,a42_43,3.159167,4.0403357,1.0,3,3,1.0,2,2,1.0
18031,val,a42_43,1.063544,3.5281215,1.0,2,3,1.0,4,5,1.0
18185,val,a42_43,1.9451355,0.0,1.0,3,2,1.0,2,3,1.0
23031,val,a42_43,3.155732,0.0,1.0,3,2,1.0,6,6,1.0
40173,val,a42_43,3.3918324,3.5162604,1.0,3,3,1.0,2,2,1.0
51171,val,a42_43,3.3668704,3.9461741,1.0,3,3,1.0,2,2,1.0
84005,val,a42_43,3.183934,3.9647489,1.0,3,3,1.0,6,6,1.0
121173,val,a42_43,3.1664639,3.016735,1.0,3,3,1.0,2,2,1.0
128004,val,a42_43,3.8171453,4.198069,1.0,3,3,1.0,2,2,1.0
145170,val,a42_43,3.339526,3.507782,1.0,3,3,1.0,2,2,1.0
161004,val,a42_43,3.5274205,3.1872697,1.0,3,3,1.0,2,4,1.0
172031,val,a42_43,3.6510925,3.126861,1.0,3,3,1.0,2,2,1.0
174175,val,a42_43,2.3098845,4.886779,1.0,3,3,1.0,2,2,1.0
221031,val,a42_43,3.771752,3.9811552,1.0,3,3,1.0,2,2,1.0
223030,val,a42_43,3.167058,3.4196575,1.0,3,3,1.0,2,2,1.0
227003,val,a42_43,3.8420215,3.9589236,1.0,3,3,1.0,2,2,1.0
257175,val,a42_43,3.662873,0.56697226,1.0,3,3,1.0,2,2,1.0
263182,val,a42_43,3.3126032,3.456537,1.0,3,3,1.0,2,2,1.0
321005,val,a42_43,2.507316,3.067396,1.0,3,3,1.0,2,2,1.0
361175,val,a42_43,2.610974,2.6412401,1.0,3,3,1.0,2,2,1.0
377170,val,a42_43,3.184835,4.30575,1.0,3,3,1.0,2,2,1.0
450030,val,a42_43,3.413859,4.0109034,1.0,3,2,1.0,2,6,1.0
465030,val,a42_43,2.306346,3.854094,1.0,3,3,1.0,2,4,1.0
478030,val,a42_43,2.9100833,3.0282621,1.0,3,3,1.0,6,3,1.0
503031,val,a42_43,3.197091,4.717123,1.0,3,3,1.0,2,4,1.0
514172,val,a42_43,3.7820492,4.2617564,1.0,3,3,1.0,2,2,1.0
534030,val,a42_43,2.850927,3.2387373,1.0,3,3,1.0,2,2,1.0
534171,val,a42_43,3.7941897,3.8186266,1.0,3,3,1.0,2,2,1.0
544170,val,a42_43,3.0432527,3.378522,1.0,3,3,1.0,2,2,1.0
563193,val,a42_43,3.2972348,0.0,1.0,3,2,1.0,2,2,1.0
577174,val,a42_43,3.25848,3.1931083,1.0,3,3,1.0,2,2,1.0
613006,val,a42_43,3.0298834,3.4896688,1.0,3,3,1.0,2,2,1.0
618170,val,a42_43,3.8576214,4.7028666,1.0,3,3,1.0,2,2,1.0
631030,val,a42_43,3.1469755,3.7247293,1.0,3,3,1.0,2,4,1.0
633031,val,a42_43,3.037611,3.6932049,1.0,3,3,1.0,2,2,1.0
652173,val,a42_43,2.9898093,3.6409497,1.0,3,3,1.0,2,2,1.0
655172,val,a42_43,3.2635598,4.2897096,1.0,3,3,1.0,2,2,1.0
656005,val,a42_43,2.6406863,1.5825812,1.0,3,3,1.0,2,2,1.0
691171,val,a42_43,3.0912595,2.422265,1.0,3,3,1.0,2,4,1.0
738172,val,a42_43,2.4543152,4.6475396,1.0,3,3,1.0,2,2,1.0
751030,val,a42_43,2.3918312,3.128094,1.0,3,2,1.0,2,4,1.0
762170,val,a42_43,4.1297517,4.3866534,1.0,3,3,1.0,2,2,1.0
783171,val,a42_43,3.1972375,3.627258,1.0,3,3,1.0,2,2,1.0
863007,val,a42_43,3.0564058,3.0570593,1.0,3,3,1.0,2,2,1.0
893170,val,a42_43,2.9615393,0.0,1.0,3,2,1.0,2,2,1.0
894031,val,a42_43,3.1144643,3.4939215,1.0,3,3,1.0,2,2,1.0
898181,val,a42_43,2.681328,2.0642657,1.0,3,3,1.0,2,2,1.0
899003,val,a42_43,3.5571418,3.5290773,1.0,3,3,1.0,2,2,1.0
916032,val,a42_43,2.5265908,2.66215,1.0,3,2,1.0,6,2,1.0
922005,val,a42_43,3.5359302,2.8607311,1.0,3,3,1.0,2,2,1.0
931172,val,a42_43,3.2276292,2.3561735,1.0,3,3,1.0,2,2,1.0
939032,val,a42_43,4.20861,4.886779,1.0,3,3,1.0,2,2,1.0
958030,val,a42_43,3.4696016,3.0001054,1.0,3,3,1.0,2,2,1.0
958173,val,a42_43,2.5752563,3.188211,1.0,3,3,1.0,2,2,1.0
961005,val,a42_43,3.144437,3.0807095,1.0,3,3,1.0,2,2,1.0
961030,val,a42_43,3.3125348,3.5064607,1.0,3,3,1.0,6,2,1.0
961175,val,a42_43,3.226353,3.858515,1.0,3,3,1.0,2,2,1.0
1051183,val,a42_43,3.7941082,3.4141958,1.0,3,3,1.0,2,2,1.0
1084005,val,a42_43,3.1318312,2.8569546,1.0,3,2,1.0,2,4,1.0
1089003,val,a42_43,3.0755863,3.397333,1.0,3,3,1.0,2,2,1.0
1093003,val,a42_43,1.7841438,0.0,1.0,3,2,1.0,2,2,1.0
1107173,val,a42_43,2.1787648,0.0,1.0,3,2,1.0,2,4,1.0
1109174,val,a42_43,2.0838401,2.241885,1.0,3,3,1.0,2,2,1.0
1121030,val,a42_43,3.297677,3.7256048,1.0,3,3,1.0,2,2,1.0
1121175,val,a42_43,2.3167048,0.0,1.0,3,2,1.0,2,2,1.0
1125172,val,a42_43,2.8381288,2.6918542,1.0,3,3,1.0,2,2,1.0
1126030,val,a42_43,3.308456,2.3410416,1.0,3,3,1.0,2,2,1.0
1126176,val,a42_43,2.1422539,4.2375464,1.0,3,3,1.0,2,2,1.0
1152180,val,a42_43,3.315518,3.382096,1.0,3,3,1.0,2,2,1.0
1164004,val,a42_43,3.4852138,3.6850972,1.0,3,3,1.0,2,2,1.0
1184032,val,a42_43,3.1660194,0.0,0.0,3,-1,0.0,2,-1,0.0
1184033,val,a42_43,1.980718,2.9884706,1.0,3,3,1.0,6,4,1.0
1185003,val,a42_43,3.5376391,0.0,1.0,3,2,1.0,2,2,1.0
1222004,val,a42_43,2.495641,3.1974998,1.0,3,3,1.0,2,2,1.0
1222006,val,a42_43,2.8746228,3.4334857,1.0,3,3,1.0,2,2,1.0
1284170,val,a42_43,3.5242016,0.0,1.0,3,2,1.0,2,2,1.0
1292004,val,a42_43,3.0944335,3.0276508,1.0,3,3,1.0,2,4,1.0
1314172,val,a42_43,3.336052,3.955919,1.0,3,3,1.0,2,2,1.0
1332005,val,a42_43,4.4046907,4.0859733,1.0,3,3,1.0,2,3,1.0
1335010,val,a42_43,3.479941,3.5913725,1.0,3,3,1.0,2,2,1.0
1338003,val,a42_43,3.2047448,0.0,1.0,3,2,1.0,2,2,1.0
1345006,val,a42_43,2.8713703,2.8901737,1.0,3,3,1.0,2,2,1.0
1345007,val,a42_43,2.8672905,3.4974828,1.0,3,3,1.0,6,2,1.0
1346030,val,a42_43,3.3514984,1.209378,1.0,3,2,1.0,6,2,1.0
1391033,val,a42_43,3.4363399,3.9802005,1.0,3,3,1.0,2,4,1.0
1391175,val,a42_43,1.188502,3.1796627,1.0,3,3,1.0,2,4,1.0
1394033,val,a42_43,2.32774,0.0,1.0,3,2,1.0,2,4,1.0
1397005,val,a42_43,3.4901004,3.749749,1.0,3,3,1.0,2,2,1.0
1397172,val,a42_43,1.7993045,3.0798528,1.0,3,3,1.0,2,2,1.0
1426004,val,a42_43,1.8334488,3.4137402,1.0,3,3,1.0,6,6,1.0
1434032,val,a42_43,2.851248,2.134075,1.0,3,3,1.0,2,2,1.0
1434170,val,a42_43,3.1549008,3.2432585,1.0,3,3,1.0,2,2,1.0
1435005,val,a42_43,3.6437564,2.8346472,1.0,3,3,1.0,2,4,1.0
1485171,val,a42_43,3.7179255,3.4779825,1.0,3,3,1.0,2,2,1.0
1520031,val,a42_43,3.4377894,0.0,1.0,3,3,1.0,2,2,1.0
1540005,val,a42_43,4.2152715,3.2980824,1.0,3,3,1.0,6,2,1.0
1559003,val,a42_43,4.0967026,4.455336,1.0,3,3,1.0,2,2,1.0
1559170,val,a42_43,3.4564426,3.46386,1.0,3,3,1.0,2,2,1.0
1565180,val,a42_43,2.9126658,3.7453756,1.0,3,3,1.0,2,2,1.0
1579030,val,a42_43,3.5739233,2.21841,1.0,3,3,1.0,2,2,1.0
1613007,val,a42_43,2.6762626,1.4655625,1.0,3,3,1.0,2,2,1.0
1621171,val,a42_43,3.705542,4.5817747,1.0,3,3,1.0,2,2,1.0
1644004,val,a42_43,3.4508457,3.3623176,1.0,3,3,1.0,2,2,1.0
1652031,val,a42_43,3.0290282,3.6539025,1.0,3,3,1.0,2,2,1.0
1682032,val,a42_43,3.1264062,3.8923383,1.0,3,3,1.0,2,2,1.0
1684173,val,a42_43,3.5910761,3.4133592,1.0,3,3,1.0,2,2,1.0
1687003,val,a42_43,3.5496564,2.1154792,1.0,3,3,1.0,2,2,1.0
1690170,val,a42_43,2.2511046,3.81582,1.0,3,3,1.0,2,2,1.0
1692030,val,a42_43,1.1348306,0.0,1.0,2,2,1.0,2,2,1.0
1695034,val,a42_43,3.0785468,3.7629457,1.0,3,3,1.0,2,2,1.0
1701004,val,a42_43,2.8141677,4.257973,1.0,3,3,1.0,2,2,1.0
1721030,val,a42_43,3.4274035,3.348836,1.0,3,3,1.0,2,2,1.0
1723005,val,a42_43,0.999972,2.2497153,1.0,2,3,1.0,2,2,1.0
1762030,val,a42_43,2.390434,0.0,1.0,3,2,1.0,2,4,1.0
1762031,val,a42_43,3.6032135,3.7924998,1.0,3,3,1.0,2,2,1.0
1762032,val,a42_43,1.8237524,2.2055602,1.0,3,3,1.0,2,4,1.0
1774170,val,a42_43,3.2114115,1.7535818,1.0,3,3,1.0,2,2,1.0
1774171,val,a42_43,3.238048,3.736019,1.0,3,3,1.0,2,2,1.0
1784171,val,a42_43,3.7047172,4.1252284,1.0,3,3,1.0,2,2,1.0
1786191,val,a42_43,3.723971,4.227405,1.0,3,3,1.0,2,2,1.0
1787005,val,a42_43,3.4092693,3.6104138,1.0,3,3,1.0,2,2,1.0
1787174,val,a42_43,2.7514055,3.3523545,1.0,3,3,1.0,2,2,1.0
1802003,val,a42_43,3.0748334,3.4832323,1.0,3,2,1.0,2,4,1.0
1845170,val,a42_43,3.7602563,3.3217459,1.0,3,3,1.0,2,2,1.0
1862171,val,a42_43,3.5380566,3.4461362,1.0,3,3,1.0,2,2,1.0
1898004,val,a42_43,3.0272036,4.3638077,1.0,3,3,1.0,6,6,1.0
1911030,val,a42_43,2.4310489,2.9322286,1.0,3,3,1.0,2,2,1.0
1914003,val,a42_43,1.9544888,3.0930045,1.0,3,3,1.0,2,2,1.0
1919007,val,a42_43,3.7511177,4.8387165,1.0,3,3,1.0,2,4,1.0
1954003,val,a42_43,3.4361877,3.7558146,1.0,3,3,1.0,2,4,1.0
1959005,val,a42_43,3.602578,4.521836,1.0,3,3,1.0,2,2,1.0
1964031,val,a42_43,2.4785619,0.0,1.0,3,2,1.0,4,4,1.0
1972173,val,a42_43,1.4002899,2.3260252,1.0,3,3,1.0,2,3,1.0
1978030,val,a42_43,3.2037811,3.4900744,1.0,3,3,1.0,2,2,1.0
2005030,val,a42_43,2.8887143,3.211439,1.0,3,3,1.0,2,4,1.0
2011174,val,a42_43,2.7938876,3.177646,1.0,3,3,1.0,2,2,1.0
2023030,val,a42_43,3.470106,4.886779,1.0,3,3,1.0,2,6,1.0
2028030,val,a42_43,3.3537536,4.886779,1.0,3,3,1.0,2,4,1.0
2055003,val,a42_43,2.8194735,1.367364,1.0,3,3,1.0,2,2,1.0
2067005,val,a42_43,3.4519536,4.480925,1.0,3,3,1.0,2,2,1.0
2080170,val,a42_43,2.1498277,2.4098656,1.0,3,3,1.0,2,2,1.0
2106171,val,a42_43,1.177184,0.0,1.0,3,2,1.0,2,2,1.0
2109002,val,a42_43,3.0975251,4.472431,1.0,3,3,1.0,2,2,1.0
2129186,val,a42_43,3.0358672,3.851873,1.0,3,3,1.0,2,2,1.0
2181007,val,a42_43,1.302678,2.5885363,1.0,2,3,1.0,6,6,1.0
2181030,val,a42_43,3.2148764,3.6084042,1.0,3,3,1.0,2,2,1.0
2243174,val,a42_43,3.3899102,2.9595175,1.0,3,3,1.0,2,2,1.0
2260173,val,a42_43,3.1513643,0.0,1.0,3,2,1.0,2,2,1.0
2261030,val,a42_43,3.0614724,3.173361,1.0,3,3,1.0,2,2,1.0
2271171,val,a42_43,2.5925357,3.7394035,1.0,3,3,1.0,2,2,1.0
2282005,val,a42_43,3.1332216,3.46386,1.0,3,3,1.0,2,6,1.0
2302195,val,a42_43,1.1540248,0.0,1.0,2,2,1.0,2,6,1.0
2334031,val,a42_43,3.2487488,3.8580909,1.0,3,3,1.0,2,2,1.0
2341172,val,a42_43,3.1177807,2.8802483,1.0,3,3,1.0,2,2,1.0
2354175,val,a42_43,3.5532014,3.651173,1.0,3,3,1.0,2,2,1.0
2355004,val,a42_43,1.8172406,4.1334863,1.0,3,3,1.0,2,2,1.0
2391030,val,a42_43,3.3514693,3.859207,1.0,3,3,1.0,2,2,1.0
2397173,val,a42_43,1.4413579,3.1475887,1.0,3,3,1.0,2,2,1.0
2408170,val,a42_43,2.8087451,2.146546,1.0,3,3,1.0,2,4,1.0
2425003,val,a42_43,2.8085234,0.0,1.0,3,2,1.0,2,2,1.0
2432030,val,a42_43,1.9044331,4.2273545,1.0,2,3,1.0,2,4,1.0
2435172,val,a42_43,1.8927498,0.0,1.0,3,2,1.0,2,2,1.0
2436174,val,a42_43,1.0175744,0.0,1.0,2,2,1.0,2,4,1.0
2436176,val,a42_43,1.8190374,3.0895233,1.0,3,3,1.0,2,2,1.0
2441003,val,a42_43,2.0835145,3.9165187,1.0,3,3,1.0,2,2,1.0
2441173,val,a42_43,3.7021372,4.077138,1.0,3,3,1.0,2,2,1.0
2458031,val,a42_43,4.0865974,4.886779,1.0,3,3,1.0,2,6,1.0
2461004,val,a42_43,1.6268191,2.196764,1.0,3,2,1.0,2,2,1.0
2461030,val,a42_43,3.2723935,4.353723,1.0,3,3,1.0,2,2,1.0
2473004,val,a42_43,3.5899038,3.2980824,1.0,3,3,1.0,2,2,1.0
2483030,val,a42_43,2.7487187,0.0,1.0,3,2,1.0,2,4,1.0
2503030,val,a42_43,3.6403015,3.295633,1.0,3,3,1.0,2,6,1.0
2510005,val,a42_43,3.6770706,3.307799,1.0,3,3,1.0,2,2,1.0
2525003,val,a42_43,3.4697554,4.886779,1.0,3,3,1.0,2,2,1.0
2529030,val,a42_43,3.0274754,0.0,1.0,3,2,1.0,2,4,1.0
2529174,val,a42_43,2.9606264,1.8595463,1.0,3,3,1.0,2,2,1.0
2530003,val,a42_43,2.366044,0.0,1.0,3,2,1.0,2,2,1.0
2530004,val,a42_43,3.135745,3.4409633,1.0,3,3,1.0,2,2,1.0
2569033,val,a42_43,2.7818265,3.469144,1.0,3,3,1.0,6,2,1.0
2601006,val,a42_43,3.4141412,4.845492,1.0,3,3,1.0,6,2,1.0
2608006,val,a42_43,2.985293,2.9372149,1.0,3,3,1.0,2,2,1.0
2615034,val,a42_43,3.0217946,3.4548087,1.0,3,3,1.0,2,2,1.0
2639004,val,a42_43,2.2729573,2.589703,1.0,3,3,1.0,2,4,1.0
2665177,val,a42_43,1.6475877,0.0,1.0,3,2,1.0,2,2,1.0
2672006,val,a42_43,3.367763,4.276182,1.0,3,3,1.0,6,2,1.0
2672171,val,a42_43,2.9179862,4.019886,1.0,3,3,1.0,2,4,1.0
2697003,val,a42_43,3.9191077,3.3189862,1.0,3,3,1.0,2,2,1.0
2704031,val,a42_43,3.3440065,3.6725805,1.0,3,3,1.0,6,4,1.0
2705030,val,a42_43,3.4656072,4.6246047,1.0,3,3,1.0,2,4,1.0
2707007,val,a42_43,2.714337,0.0,1.0,3,3,1.0,2,2,1.0
2712172,val,a42_43,2.4175818,3.1996279,1.0,3,3,1.0,2,2,1.0
2731003,val,a42_43,3.0526686,3.6003644,1.0,3,3,1.0,6,6,1.0
2731005,val,a42_43,3.419325,4.716656,1.0,3,3,1.0,6,6,1.0
2770031,val,a42_43,3.3974934,2.2437658,1.0,3,3,1.0,2,2,1.0
2816004,val,a42_43,1.6107752,3.2776077,1.0,3,3,1.0,2,2,1.0
2910002,val,a42_43,2.7316864,1.7300621,1.0,3,3,1.0,2,2,1.0
3062001,val,a42_43,2.8738356,2.110738,1.0,3,3,1.0,2,2,1.0
3235002,val,a42_43,1.8668504,3.3702624,1.0,3,3,1.0,2,3,1.0
3306001,val,a42_43,4.424468,4.886779,1.0,3,3,1.0,2,3,1.0
5015030,val,a42_43,1.9694349,0.0,1.0,3,2,1.0,3,2,1.0
5048030,val,a42_43,2.7318249,2.967192,1.0,3,3,1.0,6,6,1.0
5052033,val,a42_43,2.171996,3.1251361,1.0,3,3,1.0,6,6,1.0
5057008,val,a42_43,1.0894248,3.3570445,1.0,2,3,1.0,6,6,1.0
5170009,val,a42_43,3.2985938,3.9032092,1.0,3,3,1.0,2,2,1.0
5230008,val,a42_43,2.9634948,4.158148,1.0,3,3,1.0,2,3,1.0
5299010,val,a42_43,2.431487,0.0,1.0,3,2,1.0,6,6,1.0
5336179,val,a42_43,3.090127,3.3871381,1.0,3,3,1.0,2,2,1.0
5364005,val,a42_43,3.1289134,4.009967,1.0,3,3,1.0,2,3,1.0
5379004,val,a42_43,3.443738,4.766838,1.0,3,3,1.0,2,4,1.0
5430173,val,a42_43,2.9682522,1.5333589,1.0,3,3,1.0,4,6,1.0
5488006,val,a42_43,2.929562,3.8038778,1.0,3,3,1.0,6,6,1.0
5493007,val,a42_43,1.3553752,0.0,1.0,3,2,1.0,2,5,1.0
5537009,val,a42_43,2.3418503,3.0807095,1.0,3,3,1.0,2,2,1.0
5537177,val,a42_43,2.1798847,1.6738045,1.0,3,2,1.0,2,2,1.0
5537183,val,a42_43,3.6191697,3.7742858,1.0,3,3,1.0,2,2,1.0
5569010,val,a42_43,2.740842,3.3445346,1.0,3,3,1.0,2,2,1.0
5600005,val,a42_43,1.61044,0.0,1.0,2,2,1.0,6,2,1.0
5615183,val,a42_43,2.9129417,3.8142254,1.0,3,3,1.0,2,2,1.0
5749006,val,a42_43,2.0126143,0.0,1.0,3,2,1.0,4,2,1.0
5822175,val,a42_43,3.1074514,0.0,0.0,3,-1,0.0,2,-1,0.0
5832003,val,a42_43,2.8037846,1.6818666,1.0,3,2,1.0,2,6,1.0
5872005,val,a42_43,1.1658809,0.0,1.0,2,2,1.0,6,6,1.0
5898005,val,a42_43,1.9425324,3.3248508,1.0,3,3,1.0,6,2,1.0
5904033,val,a42_43,2.4166775,3.5165677,1.0,3,3,1.0,2,4,1.0
5987188,val,a42_43,2.8489015,3.0930045,1.0,3,3,1.0,2,2,1.0
6026005,val,a42_43,3.5437992,4.0232816,1.0,3,3,1.0,2,2,1.0
6026172,val,a42_43,3.1633458,4.4520135,1.0,3,3,1.0,2,4,1.0
6054031,val,a42_43,3.436192,0.0,1.0,3,2,1.0,6,6,1.0
6121033,val,a42_43,2.6055384,0.0,0.0,3,-1,0.0,4,-1,0.0
6156008,val,a42_43,3.6300588,4.542774,1.0,3,3,1.0,6,6,1.0
6157003,val,a42_43,2.7587945,3.3940077,1.0,3,3,1.0,2,4,1.0
6210183,val,a42_43,2.744049,3.3445346,1.0,3,3,1.0,2,2,1.0
6262030,val,a42_43,3.3545408,4.125177,1.0,3,3,1.0,2,2,1.0
6368007,val,a42_43,2.639568,0.0,1.0,3,2,1.0,6,6,1.0
6381181,val,a42_43,3.2022903,4.0755825,1.0,3,3,1.0,2,2,1.0
6396003,val,a42_43,1.924087,0.0,1.0,3,2,1.0,2,4,1.0
6431008,val,a42_43,1.7946237,4.776755,1.0,3,3,1.0,2,2,1.0
6475170,val,a42_43,2.4686599,3.0592763,1.0,3,3,1.0,6,6,1.0
6522004,val,a42_43,1.8277123,2.1584442,1.0,3,3,1.0,6,4,1.0
6537032,val,a42_43,2.3117235,2.9880683,1.0,3,3,1.0,2,2,1.0
6541178,val,a42_43,3.2535262,4.145609,1.0,3,3,1.0,2,2,1.0
6545006,val,a42_43,1.9665936,2.389911,1.0,3,3,1.0,6,4,1.0
6547171,val,a42_43,3.0343745,2.5756848,1.0,3,3,1.0,2,2,1.0
6571031,val,a42_43,2.9106877,3.8278039,1.0,3,3,1.0,2,3,1.0
6590008,val,a42_43,3.2495422,3.2681394,1.0,3,3,1.0,2,2,1.0
6616007,val,a42_43,2.3325737,1.9724138,1.0,3,2,1.0,2,2,1.0
6649003,val,a42_43,2.4589396,3.4457722,1.0,3,3,1.0,6,2,1.0
6710030,val,a42_43,1.3896416,3.0664406,1.0,2,2,1.0,6,6,1.0
6745007,val,a42_43,3.207165,3.2379806,1.0,3,3,1.0,4,6,1.0
6750005,val,a42_43,2.429653,3.9043536,1.0,3,3,1.0,2,4,1.0
6765006,val,a42_43,2.0225048,3.0149915,1.0,3,3,1.0,2,2,1.0
6822176,val,a42_43,2.9389877,3.337991,1.0,3,3,1.0,2,4,1.0
6828003,val,a42_43,1.414647,0.0,1.0,3,2,1.0,2,2,1.0
6872003,val,a42_43,2.9888637,3.393006,1.0,3,3,1.0,6,2,1.0
4007,val,a44_45,2.6074314,4.058416,1.0,3,3,1.0,2,4,1.0
6174,val,a44_45,3.6299617,4.491118,1.0,3,3,1.0,2,2,1.0
14004,val,a44_45,3.6189435,0.0,1.0,3,2,1.0,2,2,1.0
14172,val,a44_45,1.4497198,3.481501,1.0,3,3,1.0,2,2,1.0
14173,val,a44_45,2.9598484,3.718973,1.0,3,3,1.0,2,2,1.0
18031,val,a44_45,1.4369996,3.5790346,1.0,3,3,1.0,4,5,1.0
18185,val,a44_45,2.158217,1.3926231,1.0,3,3,1.0,2,4,1.0
23031,val,a44_45,3.321324,0.0,1.0,3,2,1.0,6,2,1.0
40173,val,a44_45,3.609106,0.0,0.0,3,-1,0.0,2,-1,0.0
51171,val,a44_45,3.4638526,3.9082706,1.0,3,3,1.0,2,2,1.0
84005,val,a44_45,3.0230253,4.022493,1.0,3,3,1.0,6,6,1.0
121173,val,a44_45,3.1340003,3.0124674,1.0,3,3,1.0,2,2,1.0
128004,val,a44_45,3.9273639,3.9815128,1.0,3,3,1.0,2,2,1.0
145170,val,a44_45,3.3678734,3.937253,1.0,3,3,1.0,2,2,1.0
161004,val,a44_45,3.4926262,3.0668867,1.0,3,3,1.0,2,4,1.0
172031,val,a44_45,3.615216,3.4983218,1.0,3,3,1.0,2,2,1.0
174175,val,a44_45,2.376316,4.886779,1.0,3,3,1.0,2,2,1.0
221031,val,a44_45,3.949748,3.8177946,1.0,3,3,1.0,2,2,1.0
223030,val,a44_45,3.1960034,3.5600863,1.0,3,3,1.0,2,2,1.0
227003,val,a44_45,3.9607534,3.9815128,1.0,3,3,1.0,2,2,1.0
257175,val,a44_45,4.0386353,0.48750186,1.0,3,3,1.0,2,2,1.0
263182,val,a44_45,3.5387402,3.4627783,1.0,3,3,1.0,2,2,1.0
321005,val,a44_45,2.330255,2.99307,1.0,3,3,1.0,2,2,1.0
361175,val,a44_45,2.566996,2.3818378,1.0,3,2,1.0,2,2,1.0
377170,val,a44_45,3.0598993,4.2520056,1.0,3,3,1.0,2,2,1.0
450030,val,a44_45,3.6368399,3.9245687,1.0,3,3,1.0,2,6,1.0
465030,val,a44_45,2.2893183,3.8660583,1.0,3,3,1.0,2,2,1.0
478030,val,a44_45,2.586063,3.486668,1.0,3,2,1.0,6,3,1.0
503031,val,a44_45,3.436255,4.7228627,1.0,3,3,1.0,2,4,1.0
514172,val,a44_45,4.050567,4.4358616,1.0,3,3,1.0,2,2,1.0
534030,val,a44_45,2.92487,3.402656,1.0,3,3,1.0,2,2,1.0
534171,val,a44_45,3.9487915,3.9701915,1.0,3,3,1.0,2,2,1.0
544170,val,a44_45,3.021893,0.0,0.0,3,-1,0.0,2,-1,0.0
563193,val,a44_45,3.5597696,0.0,1.0,3,2,1.0,2,2,1.0
577174,val,a44_45,3.2147012,3.3248508,1.0,3,3,1.0,2,2,1.0
613006,val,a44_45,3.081197,2.8015413,1.0,3,2,1.0,2,2,1.0
618170,val,a44_45,3.8587368,4.628189,1.0,3,3,1.0,2,2,1.0
631030,val,a44_45,3.045814,4.1159654,1.0,3,3,1.0,2,4,1.0
633031,val,a44_45,3.0321379,3.6920335,1.0,3,3,1.0,6,2,1.0
652173,val,a44_45,2.9125497,3.671648,1.0,3,3,1.0,2,2,1.0
655172,val,a44_45,3.2634437,4.415885,1.0,3,3,1.0,2,2,1.0
656005,val,a44_45,2.6607704,1.9453716,1.0,3,3,1.0,2,2,1.0
691171,val,a44_45,3.1049442,2.8106601,1.0,3,3,1.0,2,4,1.0
738172,val,a44_45,2.7035086,4.459952,1.0,3,3,1.0,2,2,1.0
751030,val,a44_45,2.6646636,2.66215,1.0,3,3,1.0,2,4,1.0
762170,val,a44_45,4.2074018,4.343294,1.0,3,3,1.0,2,2,1.0
783171,val,a44_45,3.3130138,3.6628857,1.0,3,3,1.0,2,2,1.0
863007,val,a44_45,3.2338984,3.2183783,1.0,3,3,1.0,2,3,1.0
893170,val,a44_45,2.9575481,0.0,1.0,3,2,1.0,2,2,1.0
894031,val,a44_45,3.396278,3.4421458,1.0,3,3,1.0,2,2,1.0
898181,val,a44_45,2.4942286,1.5825812,1.0,3,3,1.0,2,2,1.0
899003,val,a44_45,3.550773,3.4738846,1.0,3,3,1.0,2,2,1.0
916032,val,a44_45,2.6293082,3.7278583,1.0,3,3,1.0,6,2,1.0
922005,val,a44_45,3.611981,2.9191911,1.0,3,3,1.0,2,2,1.0
931172,val,a44_45,3.302723,3.1937861,1.0,3,3,1.0,2,2,1.0
939032,val,a44_45,4.2768965,4.886779,1.0,3,3,1.0,2,2,1.0
958030,val,a44_45,3.4276023,3.161957,1.0,3,3,1.0,2,2,1.0
958173,val,a44_45,2.752517,3.2852573,1.0,3,3,1.0,2,2,1.0
961005,val,a44_45,3.2485423,3.5486436,1.0,3,3,1.0,2,2,1.0
961030,val,a44_45,3.4139647,3.8178444,1.0,3,3,1.0,6,2,1.0
961175,val,a44_45,3.297713,3.8142254,1.0,3,3,1.0,2,2,1.0
1051183,val,a44_45,4.0459366,3.8177946,1.0,3,3,1.0,2,2,1.0
1084005,val,a44_45,3.1169329,2.9441254,1.0,3,2,1.0,2,2,1.0
1089003,val,a44_45,3.121407,3.3568435,1.0,3,3,1.0,2,2,1.0
1093003,val,a44_45,2.1472836,0.0,1.0,3,2,1.0,2,2,1.0
1107173,val,a44_45,2.1309335,0.0,1.0,3,2,1.0,2,4,1.0
1109174,val,a44_45,2.1232686,2.7272375,1.0,3,3,1.0,2,2,1.0
1121030,val,a44_45,3.5159287,3.958687,1.0,3,3,1.0,2,2,1.0
1121175,val,a44_45,2.4242873,0.0,1.0,3,2,1.0,2,2,1.0
1125172,val,a44_45,2.8234332,2.6219666,1.0,3,3,1.0,2,2,1.0
1126030,val,a44_45,3.1965623,0.6136192,1.0,3,2,1.0,2,2,1.0
1126176,val,a44_45,2.5302615,0.0,0.0,3,-1,0.0,2,-1,0.0
1152180,val,a44_45,3.4248521,3.4450095,1.0,3,3,1.0,2,2,1.0
1164004,val,a44_45,3.3999186,3.8595586,1.0,3,3,1.0,2,2,1.0
1184032,val,a44_45,3.4072268,3.948575,1.0,3,3,1.0,2,2,1.0
1184033,val,a44_45,2.1058607,2.7982898,1.0,3,3,1.0,6,4,1.0
1185003,val,a44_45,3.637261,0.0,1.0,3,2,1.0,2,2,1.0
1222004,val,a44_45,2.373548,3.388434,1.0,3,3,1.0,2,2,1.0
1222006,val,a44_45,2.7871475,2.0481088,1.0,3,3,1.0,2,2,1.0
1284170,val,a44_45,3.5622969,0.0,1.0,3,2,1.0,2,2,1.0
1292004,val,a44_45,3.0037444,1.4956659,1.0,3,2,1.0,2,4,1.0
1314172,val,a44_45,3.408001,3.7518084,1.0,3,3,1.0,2,2,1.0
1332005,val,a44_45,4.43882,4.2493205,1.0,3,3,1.0,2,3,1.0
1335010,val,a44_45,3.3735604,3.4333792,1.0,3,3,1.0,2,2,1.0
1338003,val,a44_45,3.1254218,3.4137402,1.0,3,3,1.0,2,2,1.0
1345006,val,a44_45,3.106101,2.9125555,1.0,3,3,1.0,2,2,1.0
1345007,val,a44_45,2.9187224,3.8308244,1.0,3,3,1.0,6,2,1.0
1346030,val,a44_45,3.3509374,0.0,0.0,3,-1,0.0,6,-1,0.0
1391033,val,a44_45,3.5950115,4.3236156,1.0,3,3,1.0,6,4,1.0
1391175,val,a44_45,1.4650463,3.4613209,1.0,3,3,1.0,2,4,1.0
1394033,val,a44_45,2.441753,0.0,1.0,3,2,1.0,2,4,1.0
1397005,val,a44_45,3.679719,4.0859733,1.0,3,3,1.0,2,2,1.0
1397172,val,a44_45,1.8075233,3.100371,1.0,3,3,1.0,2,2,1.0
1426004,val,a44_45,2.1006565,3.223611,1.0,3,3,1.0,6,6,1.0
1434032,val,a44_45,3.0478508,2.1239266,1.0,3,3,1.0,2,2,1.0
1434170,val,a44_45,3.3416023,3.4116857,1.0,3,3,1.0,2,2,1.0
1435005,val,a44_45,3.7062209,4.3006,1.0,3,3,1.0,2,2,1.0
1485171,val,a44_45,3.7636743,3.121372,1.0,3,3,1.0,2,2,1.0
1520031,val,a44_45,3.437396,3.9939451,1.0,3,2,1.0,2,2,1.0
1540005,val,a44_45,4.243643,2.9066825,1.0,3,3,1.0,6,2,1.0
1559003,val,a44_45,3.937397,4.886779,1.0,3,3,1.0,2,2,1.0
1559170,val,a44_45,3.495097,2.2020712,1.0,3,3,1.0,2,2,1.0
1565180,val,a44_45,3.0990942,4.1940236,1.0,3,3,1.0,2,2,1.0
1579030,val,a44_45,3.8874674,3.1251361,1.0,3,3,1.0,2,3,1.0
1613007,val,a44_45,2.6836236,2.5992112,1.0,3,3,1.0,2,2,1.0
1621171,val,a44_45,3.6851857,4.706708,1.0,3,3,1.0,2,2,1.0
1644004,val,a44_45,3.826141,3.1415145,1.0,3,3,1.0,2,2,1.0
1652031,val,a44_45,3.2737603,3.4925067,1.0,3,3,1.0,2,2,1.0
1682032,val,a44_45,3.2059584,3.9247546,1.0,3,3,1.0,2,2,1.0
1684173,val,a44_45,3.4686785,3.1698432,1.0,3,3,1.0,2,2,1.0
1687003,val,a44_45,3.5579696,3.295199,1.0,3,3,1.0,2,2,1.0
1690170,val,a44_45,2.5150087,3.8913128,1.0,3,3,1.0,2,2,1.0
1692030,val,a44_45,1.1586351,0.0,1.0,2,2,1.0,2,2,1.0
1695034,val,a44_45,3.2423608,3.8376126,1.0,3,3,1.0,2,2,1.0
1701004,val,a44_45,2.939828,4.343721,1.0,3,3,1.0,2,2,1.0
1721030,val,a44_45,3.5737722,2.8269699,1.0,3,2,1.0,4,2,1.0
1723005,val,a44_45,1.2451583,2.372633,1.0,2,3,1.0,2,2,1.0
1762030,val,a44_45,2.6654127,0.67576194,1.0,3,2,1.0,2,4,1.0
1762031,val,a44_45,3.7456577,3.8211,1.0,3,3,1.0,2,2,1.0
1762032,val,a44_45,2.247953,2.5097702,1.0,3,3,1.0,4,4,1.0
1774170,val,a44_45,3.3078012,0.0,1.0,3,2,1.0,2,2,1.0
1774171,val,a44_45,3.350899,3.608866,1.0,3,3,1.0,2,2,1.0
1784171,val,a44_45,3.696227,4.0109563,1.0,3,3,1.0,2,2,1.0
1786191,val,a44_45,3.9451592,3.9470103,1.0,3,3,1.0,2,2,1.0
1787005,val,a44_45,3.3600874,3.7915301,1.0,3,3,1.0,2,2,1.0
1787174,val,a44_45,2.784778,0.0,0.0,3,-1,0.0,2,-1,0.0
1802003,val,a44_45,3.0319052,3.7913468,1.0,3,2,1.0,2,4,1.0
1845170,val,a44_45,3.7892566,3.5111582,1.0,3,3,1.0,2,2,1.0
1862171,val,a44_45,3.545247,3.5587387,1.0,3,3,1.0,2,2,1.0
1898004,val,a44_45,2.9853263,4.41717,1.0,3,3,1.0,6,6,1.0
1911030,val,a44_45,2.6087189,0.0,1.0,3,2,1.0,2,2,1.0
1914003,val,a44_45,2.2643952,3.0497952,1.0,3,3,1.0,2,2,1.0
1919007,val,a44_45,3.9538186,4.4151845,1.0,3,3,1.0,2,4,1.0
1954003,val,a44_45,3.5565314,3.7009902,1.0,3,2,1.0,2,4,1.0
1959005,val,a44_45,3.756379,4.886779,1.0,3,3,1.0,2,2,1.0
1964031,val,a44_45,2.5881848,0.0,1.0,3,2,1.0,2,4,1.0
1972173,val,a44_45,1.7412224,2.7334437,1.0,3,3,1.0,2,3,1.0
1978030,val,a44_45,3.3945394,3.4785342,1.0,3,3,1.0,2,2,1.0
2005030,val,a44_45,2.8109796,3.2576559,1.0,3,3,1.0,2,4,1.0
2011174,val,a44_45,2.754945,3.363831,1.0,3,3,1.0,2,2,1.0
2023030,val,a44_45,3.3816378,4.886779,1.0,3,3,1.0,2,6,1.0
2028030,val,a44_45,3.4317,4.886779,1.0,3,3,1.0,2,4,1.0
2055003,val,a44_45,2.924933,3.6527476,1.0,3,3,1.0,2,2,1.0
2067005,val,a44_45,3.591754,4.55367,1.0,3,3,1.0,2,2,1.0
2080170,val,a44_45,2.2965508,2.564471,1.0,3,3,1.0,2,2,1.0
2106171,val,a44_45,1.3591603,0.0,1.0,3,2,1.0,2,2,1.0
2109002,val,a44_45,3.2907233,4.4351645,1.0,3,3,1.0,2,2,1.0
2129186,val,a44_45,3.082182,3.486668,1.0,3,3,1.0,2,2,1.0
2181007,val,a44_45,1.3244427,2.0622702,1.0,2,3,1.0,6,6,1.0
2181030,val,a44_45,3.3496695,3.9479043,1.0,3,3,1.0,2,2,1.0
2243174,val,a44_45,3.6488702,3.3215134,1.0,3,3,1.0,2,2,1.0
2260173,val,a44_45,3.291119,3.094222,1.0,3,2,1.0,2,2,1.0
2261030,val,a44_45,3.279326,3.2630742,1.0,3,3,1.0,2,2,1.0
2271171,val,a44_45,2.6465554,3.6277134,1.0,3,3,1.0,2,2,1.0
2282005,val,a44_45,3.0718594,2.2020712,1.0,3,3,1.0,2,6,1.0
2302195,val,a44_45,1.2817799,0.0,1.0,2,2,1.0,2,6,1.0
2334031,val,a44_45,3.35693,4.167855,1.0,3,3,1.0,2,2,1.0
2341172,val,a44_45,3.064542,3.5905602,1.0,3,3,1.0,2,2,1.0
2354175,val,a44_45,3.550521,3.4766757,1.0,3,3,1.0,2,2,1.0
2355004,val,a44_45,2.0764804,3.8594756,1.0,3,3,1.0,2,2,1.0
2391030,val,a44_45,3.5149033,3.7593637,1.0,3,3,1.0,2,2,1.0
2397173,val,a44_45,1.655914,3.5917382,1.0,3,3,1.0,2,3,1.0
2408170,val,a44_45,2.6740668,2.8284745,1.0,3,3,1.0,2,4,1.0
2425003,val,a44_45,2.8948774,0.0,1.0,3,2,1.0,2,2,1.0
2432030,val,a44_45,1.8508989,2.2314599,1.0,3,3,1.0,2,4,1.0
2435172,val,a44_45,1.9150428,0.0,1.0,3,2,1.0,2,2,1.0
2436174,val,a44_45,1.1849775,0.0,1.0,2,2,1.0,2,4,1.0
2436176,val,a44_45,1.9007468,3.174653,1.0,3,3,1.0,2,2,1.0
2441003,val,a44_45,2.213385,3.9449332,1.0,3,3,1.0,2,2,1.0
2441173,val,a44_45,3.7676167,4.1105485,1.0,3,3,1.0,2,2,1.0
2458031,val,a44_45,4.3157954,4.886779,1.0,3,3,1.0,2,6,1.0
2461004,val,a44_45,1.6153347,0.0,1.0,3,2,1.0,2,2,1.0
2461030,val,a44_45,3.466508,4.886779,1.0,3,3,1.0,2,2,1.0
2473004,val,a44_45,3.7829652,4.1026144,1.0,3,3,1.0,2,2,1.0
2483030,val,a44_45,2.823918,0.0,1.0,3,3,1.0,2,4,1.0
2503030,val,a44_45,3.5897276,3.3104484,1.0,3,3,1.0,2,2,1.0
2510005,val,a44_45,3.505674,3.3073823,1.0,3,3,1.0,2,2,1.0
2525003,val,a44_45,3.9202743,4.886779,1.0,3,3,1.0,2,2,1.0
2529030,val,a44_45,3.1532278,0.0,1.0,3,2,1.0,2,4,1.0
2529174,val,a44_45,2.8807483,4.0926714,1.0,3,3,1.0,2,2,1.0
2530003,val,a44_45,2.1163564,0.0,1.0,3,2,1.0,2,2,1.0
2530004,val,a44_45,2.8455958,3.6657484,1.0,3,3,1.0,2,2,1.0
2569033,val,a44_45,3.0292222,3.3814466,1.0,3,3,1.0,6,2,1.0
2601006,val,a44_45,3.1542249,0.0,1.0,3,2,1.0,6,2,1.0
2608006,val,a44_45,2.9212103,2.8357437,1.0,3,3,1.0,2,2,1.0
2615034,val,a44_45,3.0493717,3.5372634,1.0,3,3,1.0,2,2,1.0
2639004,val,a44_45,2.3345013,0.0,0.0,3,-1,0.0,2,-1,0.0
2665177,val,a44_45,1.6523824,0.0,1.0,2,2,1.0,2,2,1.0
2672006,val,a44_45,3.3723903,4.573825,1.0,3,3,1.0,6,5,1.0
2672171,val,a44_45,2.869938,3.6641996,1.0,3,3,1.0,2,4,1.0
2697003,val,a44_45,4.020275,3.3045707,1.0,3,3,1.0,2,2,1.0
2704031,val,a44_45,3.1865852,3.7778184,1.0,3,3,1.0,6,4,1.0
2705030,val,a44_45,3.5151095,4.633699,1.0,3,3,1.0,2,4,1.0
2707007,val,a44_45,2.6754365,2.4932044,1.0,3,3,1.0,2,2,1.0
2712172,val,a44_45,2.7707663,3.188211,1.0,3,3,1.0,2,2,1.0
2731003,val,a44_45,3.1242268,3.858834,1.0,3,3,1.0,6,6,1.0
2731005,val,a44_45,3.3706875,4.6893663,1.0,3,3,1.0,6,6,1.0
2770031,val,a44_45,3.552303,2.47013,1.0,3,3,1.0,2,2,1.0
2816004,val,a44_45,1.8099785,3.3207881,1.0,3,3,1.0,2,2,1.0
2910002,val,a44_45,2.533286,3.7874484,1.0,3,3,1.0,2,2,1.0
3062001,val,a44_45,3.185567,2.2482457,1.0,3,3,1.0,2,3,1.0
3235002,val,a44_45,2.0539765,3.4900744,1.0,3,3,1.0,2,4,1.0
3306001,val,a44_45,4.2782793,4.886779,1.0,3,3,1.0,2,4,1.0
5015030,val,a44_45,2.31762,0.0,1.0,3,2,1.0,2,2,1.0
5048030,val,a44_45,2.7173254,3.156508,1.0,3,3,1.0,4,6,1.0
5052033,val,a44_45,2.2054539,2.6440241,1.0,3,3,1.0,6,6,1.0
5057008,val,a44_45,1.0045228,3.627258,1.0,2,3,1.0,6,6,1.0
5170009,val,a44_45,3.4229777,4.047763,1.0,3,3,1.0,2,2,1.0
5230008,val,a44_45,2.9537992,4.175959,1.0,3,3,1.0,2,3,1.0
5299010,val,a44_45,2.076408,0.0,1.0,3,2,1.0,6,6,1.0
5336179,val,a44_45,2.9734166,3.3914385,1.0,3,3,1.0,2,2,1.0
5364005,val,a44_45,3.1392555,3.7940028,1.0,3,3,1.0,2,2,1.0
5379004,val,a44_45,3.6343803,4.5817747,1.0,3,3,1.0,2,4,1.0
5430173,val,a44_45,2.9459264,1.9704351,1.0,3,3,1.0,4,6,1.0
5488006,val,a44_45,2.978716,3.982054,1.0,3,3,1.0,6,6,1.0
5493007,val,a44_45,1.3775672,0.0,1.0,3,2,1.0,4,5,1.0
5537009,val,a44_45,2.2215462,2.8186514,1.0,3,3,1.0,4,2,1.0
5537177,val,a44_45,2.3313093,1.8782891,1.0,3,2,1.0,2,2,1.0
5537183,val,a44_45,3.674844,4.192416,1.0,3,3,1.0,2,2,1.0
5569010,val,a44_45,2.6990986,1.5302846,1.0,3,3,1.0,2,2,1.0
5600005,val,a44_45,1.5712752,0.0,1.0,2,2,1.0,6,2,1.0
5615183,val,a44_45,2.943306,3.0865474,1.0,3,3,1.0,2,2,1.0
5749006,val,a44_45,1.9746289,1.0628753,1.0,3,3,1.0,4,2,1.0
5822175,val,a44_45,3.194093,3.553619,1.0,3,3,1.0,2,2,1.0
5832003,val,a44_45,2.650403,3.2903967,1.0,3,2,1.0,2,6,1.0
5872005,val,a44_45,1.196783,0.0,1.0,2,2,1.0,6,6,1.0
5898005,val,a44_45,2.1291723,3.433667,1.0,3,3,1.0,6,2,1.0
5904033,val,a44_45,2.548884,3.4421458,1.0,3,3,1.0,2,4,1.0
5987188,val,a44_45,2.7489922,3.0497952,1.0,3,3,1.0,2,2,1.0
6026005,val,a44_45,3.501866,3.9234436,1.0,3,2,1.0,2,2,1.0
6026172,val,a44_45,3.1431215,4.6887918,1.0,3,3,1.0,2,4,1.0
6054031,val,a44_45,3.5846198,0.0,1.0,3,2,1.0,6,6,1.0
6121033,val,a44_45,2.838628,0.0,1.0,3,2,1.0,4,6,1.0
6156008,val,a44_45,3.6393824,3.9220536,1.0,3,3,1.0,6,6,1.0
6157003,val,a44_45,2.9985971,3.3523545,1.0,3,3,1.0,2,4,1.0
6210183,val,a44_45,2.5659373,3.3465555,1.0,3,3,1.0,2,2,1.0
6262030,val,a44_45,3.3486996,4.0141034,1.0,3,3,1.0,2,2,1.0
6368007,val,a44_45,2.5228,0.0,1.0,3,2,1.0,6,6,1.0
6381181,val,a44_45,3.149821,4.2348075,1.0,3,3,1.0,2,2,1.0
6396003,val,a44_45,1.884879,0.0,1.0,3,2,1.0,2,4,1.0
6431008,val,a44_45,1.9341366,4.2303786,1.0,3,3,1.0,2,2,1.0
6475170,val,a44_45,2.3916087,3.4794178,1.0,3,3,1.0,6,6,1.0
6522004,val,a44_45,1.796476,1.8124303,1.0,3,3,1.0,6,4,1.0
6537032,val,a44_45,2.4058156,3.8368883,1.0,3,3,1.0,2,2,1.0
6541178,val,a44_45,3.4233255,4.2320933,1.0,3,3,1.0,2,3,1.0
6545006,val,a44_45,1.9161531,3.1106615,1.0,3,3,1.0,2,4,1.0
6547171,val,a44_45,3.0202918,1.8387105,1.0,3,3,1.0,2,2,1.0
6571031,val,a44_45,2.976017,0.0,1.0,3,2,1.0,2,2,1.0
6590008,val,a44_45,3.2021244,3.5488956,1.0,3,3,1.0,2,2,1.0
6616007,val,a44_45,2.3267727,3.2707531,1.0,3,3,1.0,2,4,1.0
6649003,val,a44_45,2.2790265,3.4194636,1.0,3,3,1.0,6,2,1.0
6710030,val,a44_45,1.4329085,3.5064607,1.0,2,3,1.0,6,6,1.0
6745007,val,a44_45,3.1723688,2.6745934,1.0,3,3,1.0,4,6,1.0
6750005,val,a44_45,2.6932576,3.3510303,1.0,3,3,1.0,2,4,1.0
6765006,val,a44_45,2.1393368,3.0664406,1.0,3,3,1.0,2,2,1.0
6822176,val,a44_45,3.1195283,3.3265107,1.0,3,3,1.0,2,4,1.0
6828003,val,a44_45,1.7869121,0.0,1.0,3,2,1.0,2,2,1.0
6872003,val,a44_45,2.9790032,3.4513288,1.0,3,3,1.0,6,2,1.0
6030,test,a30_31,3.572458,4.0443435,1.0,3,3,1.0,2,2,1.0
10030,test,a30_31,3.985663,4.8131404,1.0,3,3,1.0,6,6,1.0
41008,test,a30_31,2.5554266,0.0,1.0,3,2,1.0,6,2,1.0
68003,test,a30_31,3.4358854,3.6228404,1.0,3,3,1.0,2,2,1.0
127030,test,a30_31,3.588613,3.8933127,1.0,3,3,1.0,6,6,1.0
127031,test,a30_31,3.719952,4.455336,1.0,3,3,1.0,6,6,1.0
129031,test,a30_31,1.1998408,1.159328,1.0,2,3,1.0,6,4,1.0
129196,test,a30_31,2.5286138,2.0602975,1.0,3,2,1.0,2,2,1.0
165030,test,a30_31,3.6009889,3.431768,1.0,3,3,1.0,6,2,1.0
284004,test,a30_31,4.0561204,4.6835566,1.0,3,3,1.0,2,2,1.0
301032,test,a30_31,4.1918736,3.5725698,1.0,3,3,1.0,6,6,1.0
327003,test,a30_31,3.3389006,3.4121542,1.0,3,3,1.0,2,2,1.0
327171,test,a30_31,3.4622877,3.8332024,1.0,3,2,1.0,2,2,1.0
327172,test,a30_31,2.8159208,3.2615511,1.0,3,3,1.0,2,2,1.0
331005,test,a30_31,4.043996,4.5540724,1.0,3,3,1.0,6,6,1.0
344178,test,a30_31,2.9920921,3.154086,1.0,3,3,1.0,2,2,1.0
461030,test,a30_31,3.516148,3.7856972,1.0,3,3,1.0,2,2,1.0
486004,test,a30_31,3.4426732,3.5620697,1.0,3,3,1.0,2,2,1.0
563183,test,a30_31,0.5109856,2.9157038,1.0,2,3,1.0,2,2,1.0
577004,test,a30_31,2.3468351,2.3891363,1.0,3,3,1.0,2,2,1.0
607030,test,a30_31,3.7345526,3.7182508,1.0,3,3,1.0,2,2,1.0
613173,test,a30_31,3.194054,4.11935,1.0,3,3,1.0,2,2,1.0
634008,test,a30_31,3.4727716,3.9311678,1.0,3,3,1.0,2,4,1.0
652005,test,a30_31,3.1744814,3.0010586,1.0,3,3,1.0,2,2,1.0
672003,test,a30_31,0.7320522,0.0,1.0,2,2,1.0,2,2,1.0
691175,test,a30_31,3.6753252,3.7946298,1.0,3,3,1.0,2,2,1.0
699031,test,a30_31,1.5420055,3.1676114,1.0,2,3,1.0,6,6,1.0
722178,test,a30_31,0.27694058,0.0,1.0,2,2,1.0,2,2,1.0
771003,test,a30_31,2.9584718,3.0751624,1.0,3,3,1.0,2,4,1.0
775005,test,a30_31,3.6330335,0.0,0.0,3,-1,0.0,6,-1,0.0
796006,test,a30_31,3.5269415,3.7020767,1.0,3,3,1.0,6,6,1.0
844003,test,a30_31,2.1334496,3.4397702,1.0,3,3,1.0,2,2,1.0
863006,test,a30_31,3.5193684,3.8158545,1.0,3,3,1.0,2,2,1.0
863173,test,a30_31,3.327403,2.555125,1.0,3,3,1.0,2,2,1.0
866172,test,a30_31,3.2390397,3.027694,1.0,3,3,1.0,6,6,1.0
868005,test,a30_31,3.4949336,3.5248713,1.0,3,3,1.0,2,2,1.0
875030,test,a30_31,0.8294209,0.0,1.0,2,2,1.0,2,2,1.0
897006,test,a30_31,2.7444148,2.2707846,1.0,3,2,1.0,2,2,1.0
922171,test,a30_31,3.2710288,3.9658422,1.0,3,3,1.0,2,2,1.0
934030,test,a30_31,3.6434278,4.0753117,1.0,3,3,1.0,2,2,1.0
935005,test,a30_31,1.6048473,2.53768,1.0,2,2,1.0,2,2,1.0
935176,test,a30_31,3.5129316,3.4484873,1.0,3,3,1.0,2,2,1.0
939030,test,a30_31,3.9035254,4.0583153,1.0,3,3,1.0,6,6,1.0
964003,test,a30_31,0.48251367,0.0,1.0,2,2,1.0,6,6,1.0
970004,test,a30_31,3.4267719,3.7108538,1.0,3,3,1.0,2,2,1.0
982004,test,a30_31,3.074615,3.2337272,1.0,3,3,1.0,2,4,1.0
1033030,test,a30_31,3.6105707,3.9603353,1.0,3,3,1.0,2,3,1.0
1036003,test,a30_31,3.8604238,3.820191,1.0,3,3,1.0,2,4,1.0
1048006,test,a30_31,2.4626348,2.5494602,1.0,3,2,1.0,2,3,1.0
1055172,test,a30_31,1.3832834,1.5379702,1.0,3,2,1.0,2,2,1.0
1060175,test,a30_31,3.1798694,3.8012211,1.0,3,3,1.0,2,2,1.0
1064171,test,a30_31,3.6619813,4.467433,1.0,3,3,1.0,2,2,1.0
1072171,test,a30_31,3.4400148,3.5926886,1.0,3,3,1.0,2,2,1.0
1084175,test,a30_31,2.2150927,0.0,1.0,3,2,1.0,2,2,1.0
1100172,test,a30_31,3.0225005,3.2967014,1.0,3,3,1.0,2,2,1.0
1141171,test,a30_31,2.4574018,0.0,0.0,3,-1,0.0,2,-1,0.0
1142030,test,a30_31,3.624648,3.07714,1.0,3,3,1.0,2,4,1.0
1144032,test,a30_31,3.6151729,3.5717494,1.0,3,3,1.0,2,2,1.0
1149171,test,a30_31,3.1015546,3.076803,1.0,3,3,1.0,6,2,1.0
1162030,test,a30_31,3.1509597,3.1995935,1.0,3,3,1.0,2,2,1.0
1167030,test,a30_31,0.4122057,0.42005378,1.0,2,2,1.0,6,6,1.0
1168008,test,a30_31,0.7757902,3.0341482,1.0,2,3,1.0,2,3,1.0
1222179,test,a30_31,2.6297417,1.9917881,1.0,3,3,1.0,2,2,1.0
1260008,test,a30_31,3.0995955,2.880258,1.0,3,3,1.0,2,2,1.0
1269030,test,a30_31,3.3746295,3.6963296,1.0,3,3,1.0,2,2,1.0
1292030,test,a30_31,3.5227518,3.4003475,1.0,3,3,1.0,4,2,1.0
1298005,test,a30_31,2.621102,3.193401,1.0,3,3,1.0,2,2,1.0
1306030,test,a30_31,4.39232,4.886779,1.0,3,3,1.0,2,2,1.0
1335179,test,a30_31,2.8105955,3.4640977,1.0,3,3,1.0,2,2,1.0
1353030,test,a30_31,0.74116766,0.0,1.0,2,2,1.0,2,2,1.0
1384030,test,a30_31,3.424389,3.5397089,1.0,3,3,1.0,2,2,1.0
1399008,test,a30_31,2.0585065,2.1851575,1.0,3,2,1.0,2,2,1.0
1415004,test,a30_31,2.2508273,2.707386,1.0,3,3,1.0,2,2,1.0
1430005,test,a30_31,2.0320306,1.2974701,1.0,3,3,1.0,6,6,1.0
1431003,test,a30_31,3.665505,3.7720938,1.0,3,3,1.0,2,2,1.0
1431004,test,a30_31,2.3344045,0.0,1.0,3,2,1.0,2,2,1.0
1431172,test,a30_31,3.8512816,0.0,0.0,3,-1,0.0,2,-1,0.0
1462004,test,a30_31,2.369122,3.4702528,1.0,3,3,1.0,2,2,1.0
1520173,test,a30_31,3.604621,3.549721,1.0,3,3,1.0,2,2,1.0
1522175,test,a30_31,3.36965,3.9098516,1.0,3,3,1.0,2,2,1.0
1542006,test,a30_31,3.1281934,3.2926252,1.0,3,3,1.0,2,4,1.0
1542177,test,a30_31,3.460526,3.6178148,1.0,3,2,1.0,2,2,1.0
1567031,test,a30_31,3.7339447,3.6645775,1.0,3,3,1.0,6,6,1.0
1608031,test,a30_31,2.6769667,3.3391688,1.0,3,2,1.0,2,2,1.0
1612003,test,a30_31,3.6964548,4.0829945,1.0,3,2,1.0,2,2,1.0
1621003,test,a30_31,1.4117084,2.1435423,1.0,2,3,1.0,2,2,1.0
1648003,test,a30_31,3.2477384,3.0544064,1.0,3,3,1.0,2,2,1.0
1648030,test,a30_31,3.2793086,3.8708656,1.0,3,3,1.0,6,6,1.0
1670172,test,a30_31,2.8945606,2.5325868,1.0,3,3,1.0,2,2,1.0
1684170,test,a30_31,0.11048889,0.0,1.0,2,3,1.0,2,2,1.0
1690030,test,a30_31,3.6350856,3.814594,1.0,3,3,1.0,2,2,1.0
1692176,test,a30_31,3.4883347,3.7050061,1.0,3,3,1.0,2,2,1.0
1695030,test,a30_31,3.2551541,3.3822985,1.0,3,3,1.0,6,6,1.0
1697036,test,a30_31,3.4030142,3.1997752,1.0,3,3,1.0,6,2,1.0
1698170,test,a30_31,2.7672744,1.3173809,1.0,3,2,1.0,2,2,1.0
1700031,test,a30_31,3.17354,3.2681394,1.0,3,3,1.0,2,4,1.0
1701003,test,a30_31,3.5213504,3.1641855,1.0,3,3,1.0,6,6,1.0
1711003,test,a30_31,1.8685031,3.0908527,1.0,3,3,1.0,2,2,1.0
1711171,test,a30_31,3.2231946,3.6934254,1.0,3,2,1.0,2,2,1.0
1732005,test,a30_31,2.801725,0.0,0.0,3,-1,0.0,6,-1,0.0
1762187,test,a30_31,1.8826196,1.8384329,1.0,3,3,1.0,2,2,1.0
1786187,test,a30_31,3.1491804,3.2494287,1.0,3,3,1.0,2,2,1.0
1837006,test,a30_31,3.5981302,3.500706,1.0,3,3,1.0,2,2,1.0
1850172,test,a30_31,1.6099392,2.0709207,1.0,3,3,1.0,2,2,1.0
1878030,test,a30_31,3.5594575,3.2616544,1.0,3,3,1.0,2,2,1.0
1879030,test,a30_31,3.29545,4.1256022,1.0,3,3,1.0,2,3,1.0
1905004,test,a30_31,3.7940946,3.9012198,1.0,3,3,1.0,2,2,1.0
1919009,test,a30_31,3.4673948,3.3816369,1.0,3,3,1.0,2,2,1.0
1935004,test,a30_31,2.6358335,0.0,1.0,3,2,1.0,2,2,1.0
1936030,test,a30_31,2.2023692,0.0,1.0,3,2,1.0,2,2,1.0
1978171,test,a30_31,2.8311331,2.4012594,1.0,3,3,1.0,2,2,1.0
2030031,test,a30_31,2.9597664,0.0,1.0,3,3,1.0,6,2,1.0
2117003,test,a30_31,3.0284967,2.8032591,1.0,3,3,1.0,2,2,1.0
2150172,test,a30_31,1.4942472,1.6647161,1.0,3,2,1.0,2,2,1.0
2199182,test,a30_31,2.3598456,3.7839584,1.0,3,3,1.0,2,2,1.0
2206030,test,a30_31,3.725924,3.820771,1.0,3,3,1.0,2,2,1.0
2212031,test,a30_31,4.1710567,4.352703,1.0,3,3,1.0,6,6,1.0
2238004,test,a30_31,3.3192925,3.473372,1.0,3,3,1.0,2,2,1.0
2238172,test,a30_31,3.2361238,3.6698914,1.0,3,3,1.0,2,2,1.0
2252172,test,a30_31,2.8967571,2.392142,1.0,3,3,1.0,2,2,1.0
2255030,test,a30_31,4.4684563,4.8865457,1.0,3,3,1.0,2,2,1.0
2277008,test,a30_31,2.6656482,2.4704232,1.0,3,3,1.0,2,2,1.0
2311172,test,a30_31,1.6899643,1.7819266,1.0,3,3,1.0,2,3,1.0
2330003,test,a30_31,3.741537,4.546308,1.0,3,3,1.0,6,6,1.0
2338003,test,a30_31,3.6842623,3.5962741,1.0,3,3,1.0,6,6,1.0
2341004,test,a30_31,2.5847926,3.6550374,1.0,3,3,1.0,2,2,1.0
2341005,test,a30_31,2.515431,2.985549,1.0,3,3,1.0,2,2,1.0
2354004,test,a30_31,1.4102218,2.6002262,1.0,2,3,1.0,2,3,1.0
2392004,test,a30_31,2.0197887,2.486088,1.0,3,3,1.0,2,2,1.0
2393005,test,a30_31,4.081254,3.8599086,1.0,3,3,1.0,2,3,1.0
2393171,test,a30_31,2.4431152,3.2835505,1.0,3,3,1.0,2,2,1.0
2409006,test,a30_31,2.2536023,0.0,0.0,3,-1,0.0,2,-1,0.0
2409171,test,a30_31,3.0770066,0.0,0.0,3,-1,0.0,2,-1,0.0
2422178,test,a30_31,3.5501971,3.3685656,1.0,3,3,1.0,2,2,1.0
2459030,test,a30_31,3.2278678,3.289887,1.0,3,3,1.0,3,2,1.0
2474030,test,a30_31,3.4215775,3.5847976,1.0,3,3,1.0,2,2,1.0
2474171,test,a30_31,2.0113313,1.9812955,1.0,3,3,1.0,2,2,1.0
2485173,test,a30_31,2.9539528,1.3737665,1.0,3,2,1.0,2,4,1.0
2496172,test,a30_31,2.0313168,2.6033032,1.0,3,3,1.0,2,4,1.0
2502005,test,a30_31,2.8557885,3.0639424,1.0,3,3,1.0,2,2,1.0
2510171,test,a30_31,3.0980012,3.45875,1.0,3,3,1.0,2,2,1.0
2525174,test,a30_31,3.093132,3.576559,1.0,3,3,1.0,2,2,1.0
2530184,test,a30_31,2.9881759,2.8265765,1.0,3,3,1.0,2,2,1.0
2547171,test,a30_31,3.6865373,3.964761,1.0,3,3,1.0,2,2,1.0
2580030,test,a30_31,4.250634,4.73331,1.0,3,3,1.0,2,2,1.0
2593171,test,a30_31,3.4853845,4.1230373,1.0,3,3,1.0,2,2,1.0
2615031,test,a30_31,3.4688516,3.6966453,1.0,3,3,1.0,2,2,1.0
2642030,test,a30_31,2.6073494,2.6918542,1.0,3,3,1.0,2,2,1.0
2655002,test,a30_31,0.39209247,0.0,1.0,2,2,1.0,2,2,1.0
2705031,test,a30_31,3.817265,3.0183833,1.0,3,3,1.0,2,2,1.0
2707179,test,a30_31,3.0252342,2.888504,1.0,3,3,1.0,2,2,1.0
2714031,test,a30_31,3.518355,3.2921891,1.0,3,3,1.0,2,2,1.0
2717004,test,a30_31,3.4911947,4.0724216,1.0,3,3,1.0,2,2,1.0
2738171,test,a30_31,3.597692,4.41911,1.0,3,3,1.0,2,2,1.0
2794003,test,a30_31,3.8013453,4.088578,1.0,3,3,1.0,6,6,1.0
2845030,test,a30_31,2.7350159,0.80540437,1.0,3,3,1.0,6,6,1.0
2847030,test,a30_31,2.7567053,3.2781074,1.0,3,3,1.0,6,6,1.0
2848174,test,a30_31,1.3777566,0.0,1.0,2,2,1.0,6,6,1.0
2852006,test,a30_31,0.29450226,0.0,1.0,2,2,1.0,2,2,1.0
2852030,test,a30_31,3.4590473,3.1400328,1.0,3,3,1.0,2,2,1.0
2869170,test,a30_31,3.3051655,3.318679,1.0,3,3,1.0,2,2,1.0
2897006,test,a30_31,3.128189,2.5091708,1.0,3,3,1.0,6,6,1.0
2900171,test,a30_31,3.5215266,1.9216049,1.0,3,3,1.0,2,2,1.0
2907006,test,a30_31,2.7807364,2.6151106,1.0,3,3,1.0,2,2,1.0
2920030,test,a30_31,2.6883624,2.973692,1.0,3,3,1.0,6,6,1.0
3107001,test,a30_31,3.4415958,3.501158,1.0,3,3,1.0,2,2,1.0
3137007,test,a30_31,2.375527,2.5756848,1.0,3,3,1.0,6,6,1.0
3283002,test,a30_31,3.8101506,4.300126,1.0,3,3,1.0,2,4,1.0
3492001,test,a30_31,3.4870777,4.1655335,1.0,3,3,1.0,6,6,1.0
5016170,test,a30_31,2.7629497,2.9827757,1.0,3,3,1.0,2,4,1.0
5082003,test,a30_31,3.3791575,3.590824,1.0,3,3,1.0,6,2,1.0
5145032,test,a30_31,3.3930707,3.6708767,1.0,3,3,1.0,6,6,1.0
5163030,test,a30_31,3.3070202,3.7953534,1.0,3,3,1.0,2,3,1.0
5177171,test,a30_31,1.699236,0.0,1.0,3,2,1.0,6,6,1.0
5199178,test,a30_31,2.9123595,3.0284073,1.0,3,3,1.0,2,2,1.0
5241030,test,a30_31,2.2835763,3.463671,1.0,3,3,1.0,6,6,1.0
5264004,test,a30_31,3.1718023,3.254645,1.0,3,3,1.0,2,2,1.0
5294003,test,a30_31,3.497993,3.6888347,1.0,3,3,1.0,2,2,1.0
5299172,test,a30_31,2.8828673,0.0,0.0,3,-1,0.0,2,-1,0.0
5306002,test,a30_31,2.5946414,1.5553043,1.0,3,2,1.0,6,6,1.0
5350030,test,a30_31,2.4472015,1.5019395,1.0,3,3,1.0,2,6,1.0
5364006,test,a30_31,3.2525256,4.02594,1.0,3,3,1.0,6,6,1.0
5366033,test,a30_31,3.1187682,3.2203383,1.0,3,2,1.0,6,6,1.0
5406173,test,a30_31,2.823139,0.0,0.0,3,-1,0.0,2,-1,0.0
5424030,test,a30_31,1.7448657,1.9499075,1.0,2,2,1.0,6,6,1.0
5425003,test,a30_31,1.0430138,0.52543235,1.0,2,3,1.0,2,2,1.0
5430031,test,a30_31,1.5387602,2.1480308,1.0,3,2,1.0,6,6,1.0
5430171,test,a30_31,2.4830313,3.769422,1.0,3,3,1.0,6,6,1.0
5443007,test,a30_31,1.0516796,0.43289578,1.0,3,2,1.0,2,2,1.0
5464032,test,a30_31,2.7327256,2.712402,1.0,3,2,1.0,2,2,1.0
5488007,test,a30_31,2.680836,2.4527671,1.0,3,2,1.0,2,2,1.0
5494005,test,a30_31,2.9732237,2.5930448,1.0,3,3,1.0,6,6,1.0
5513030,test,a30_31,3.2697954,3.6436281,1.0,3,3,1.0,6,6,1.0
5549006,test,a30_31,2.391831,2.3896143,1.0,3,3,1.0,2,2,1.0
5553173,test,a30_31,3.1801865,3.5880518,1.0,3,3,1.0,2,2,1.0
5560186,test,a30_31,3.3737178,3.2274153,1.0,3,3,1.0,2,2,1.0
5569009,test,a30_31,2.850343,1.642214,1.0,3,2,1.0,2,2,1.0
5570010,test,a30_31,3.252908,3.5521383,1.0,3,3,1.0,2,4,1.0
5570012,test,a30_31,2.9346008,2.5876174,1.0,3,3,1.0,2,6,1.0
5570033,test,a30_31,3.3922145,2.8641582,1.0,3,3,1.0,2,2,1.0
5576031,test,a30_31,2.7979708,3.016735,1.0,3,3,1.0,2,2,1.0
5614005,test,a30_31,2.6945043,2.6726115,1.0,3,3,1.0,3,3,1.0
5615010,test,a30_31,3.101071,3.1390646,1.0,3,3,1.0,6,2,1.0
5615181,test,a30_31,3.3218808,3.3987124,1.0,3,3,1.0,2,2,1.0
5621170,test,a30_31,3.0612314,3.0994895,1.0,3,3,1.0,2,2,1.0
5626010,test,a30_31,3.011485,2.9399865,1.0,3,3,1.0,2,2,1.0
5634188,test,a30_31,3.3263443,0.0,0.0,3,-1,0.0,2,-1,0.0
5635031,test,a30_31,3.6074052,2.960809,1.0,3,3,1.0,2,2,1.0
5646006,test,a30_31,0.74162686,0.5639118,1.0,2,3,1.0,6,6,1.0
5660005,test,a30_31,2.9956052,3.541386,1.0,3,3,1.0,2,3,1.0
5664003,test,a30_31,0.70200527,0.10998343,1.0,2,2,1.0,6,6,1.0
5676007,test,a30_31,3.1191692,0.0,0.0,3,-1,0.0,2,-1,0.0
5678030,test,a30_31,1.8413564,2.8913167,1.0,3,2,1.0,6,6,1.0
5684034,test,a30_31,3.466465,4.3079896,1.0,3,3,1.0,2,4,1.0
5784005,test,a30_31,0.45449162,0.0,1.0,2,2,1.0,6,6,1.0
5819005,test,a30_31,0.6882639,1.0981487,1.0,2,3,1.0,6,6,1.0
5821008,test,a30_31,2.7428815,3.01234,1.0,3,3,1.0,2,2,1.0
5863033,test,a30_31,0.7605133,1.3019751,1.0,2,3,1.0,6,6,1.0
5921003,test,a30_31,2.627819,0.0,0.0,3,-1,0.0,6,-1,0.0
5922010,test,a30_31,3.246183,2.721544,1.0,3,3,1.0,6,6,1.0
5938031,test,a30_31,1.9395664,0.0,1.0,3,2,1.0,6,6,1.0
5960033,test,a30_31,2.641393,2.5757463,1.0,3,3,1.0,6,6,1.0
5995005,test,a30_31,1.0163406,0.31933862,1.0,2,2,1.0,6,6,1.0
6028032,test,a30_31,2.4734342,2.8981428,1.0,3,3,1.0,6,6,1.0
6030005,test,a30_31,3.4948575,3.7041867,1.0,3,3,1.0,6,6,1.0
6030008,test,a30_31,3.4497237,3.6057901,1.0,3,3,1.0,6,6,1.0
6093006,test,a30_31,0.49291182,2.0916247,1.0,2,3,1.0,6,6,1.0
6093011,test,a30_31,2.5109591,1.3332126,1.0,3,3,1.0,6,6,1.0
6114182,test,a30_31,2.517599,2.5692537,1.0,3,3,1.0,2,3,1.0
6120195,test,a30_31,1.4132886,0.0,1.0,3,2,1.0,2,2,1.0
6121030,test,a30_31,2.856095,3.769311,1.0,3,3,1.0,6,6,1.0
6179003,test,a30_31,3.4103317,3.361893,1.0,3,3,1.0,2,2,1.0
6179170,test,a30_31,0.2616248,0.0,1.0,2,2,1.0,2,2,1.0
6191006,test,a30_31,2.9755886,3.2669687,1.0,3,3,1.0,6,4,1.0
6200175,test,a30_31,3.5741782,3.180232,1.0,3,3,1.0,2,2,1.0
6210007,test,a30_31,2.8894918,0.0,0.0,3,-1,0.0,6,-1,0.0
6210008,test,a30_31,2.2048516,1.7660555,1.0,3,3,1.0,6,6,1.0
6350007,test,a30_31,2.7672484,2.5048919,1.0,3,3,1.0,6,6,1.0
6365010,test,a30_31,0.38210583,0.47892067,1.0,2,3,1.0,6,6,1.0
6365011,test,a30_31,1.6239018,0.1931983,1.0,3,2,1.0,2,2,1.0
6365177,test,a30_31,2.4405544,3.0710416,1.0,3,3,1.0,2,2,1.0
6381008,test,a30_31,2.1095834,0.0,0.0,3,-1,0.0,2,-1,0.0
6444003,test,a30_31,2.2503006,2.0211048,1.0,3,3,1.0,2,2,1.0
6475006,test,a30_31,0.29201984,0.67106354,1.0,2,3,1.0,6,6,1.0
6475007,test,a30_31,-0.07808924,0.1422398,1.0,2,2,1.0,6,6,1.0
6509004,test,a30_31,2.7705626,3.5568442,1.0,3,3,1.0,6,6,1.0
6545008,test,a30_31,3.5640588,3.18138,1.0,3,3,1.0,6,6,1.0
6571003,test,a30_31,2.7959871,3.4242733,1.0,3,3,1.0,6,6,1.0
6635009,test,a30_31,0.3472724,0.0,1.0,2,2,1.0,6,4,1.0
6663030,test,a30_31,3.9305913,3.6323774,1.0,3,2,1.0,6,6,1.0
6674003,test,a30_31,3.0822277,3.3601112,1.0,3,3,1.0,2,2,1.0
6674005,test,a30_31,3.2116594,3.4521801,1.0,3,3,1.0,2,2,1.0
6736181,test,a30_31,2.6537008,1.9612347,1.0,3,2,1.0,2,2,1.0
6740003,test,a30_31,2.264852,2.7489104,1.0,3,3,1.0,2,2,1.0
6769008,test,a30_31,2.3370814,0.47086632,1.0,3,2,1.0,2,3,1.0
6779033,test,a30_31,1.1940362,1.7719439,1.0,2,3,1.0,6,6,1.0
6820030,test,a30_31,2.8983781,0.0,1.0,3,2,1.0,6,6,1.0
6843006,test,a30_31,0.18144321,0.0,1.0,2,2,1.0,6,2,1.0
6857006,test,a30_31,3.3665128,4.886779,1.0,3,3,1.0,2,3,1.0
6030,test,a32_33,3.7100382,3.632802,1.0,3,3,1.0,2,2,1.0
10030,test,a32_33,3.971075,4.5643663,1.0,3,3,1.0,6,2,1.0
41008,test,a32_33,2.4260154,0.0,1.0,3,2,1.0,2,2,1.0
68003,test,a32_33,3.6382132,3.5880518,1.0,3,3,1.0,2,2,1.0
127030,test,a32_33,3.5876257,3.6983402,1.0,3,3,1.0,6,2,1.0
127031,test,a32_33,3.6385546,4.2671986,1.0,3,3,1.0,6,6,1.0
129031,test,a32_33,1.4252409,1.5868585,1.0,2,2,1.0,6,4,1.0
129196,test,a32_33,2.4158807,1.7348825,1.0,3,3,1.0,2,2,1.0
165030,test,a32_33,3.5704486,3.6426375,1.0,3,3,1.0,6,2,1.0
284004,test,a32_33,3.9882965,4.498754,1.0,3,3,1.0,2,2,1.0
301032,test,a32_33,4.2473383,3.9674697,1.0,3,3,1.0,6,6,1.0
327003,test,a32_33,3.2366621,3.7635956,1.0,3,3,1.0,2,2,1.0
327171,test,a32_33,3.237809,0.0,1.0,3,2,1.0,2,2,1.0
327172,test,a32_33,2.4680648,3.306851,1.0,3,3,1.0,2,2,1.0
331005,test,a32_33,4.0232,4.197571,1.0,3,3,1.0,6,2,1.0
344178,test,a32_33,2.973198,3.281228,1.0,3,3,1.0,2,2,1.0
461030,test,a32_33,3.5524778,3.5299022,1.0,3,3,1.0,2,2,1.0
486004,test,a32_33,3.3739147,3.690261,1.0,3,3,1.0,2,2,1.0
563183,test,a32_33,0.6316712,0.0008918604,1.0,2,3,1.0,2,2,1.0
577004,test,a32_33,2.5874915,2.5712075,1.0,3,3,1.0,2,2,1.0
607030,test,a32_33,3.8575425,3.6452837,1.0,3,3,1.0,2,2,1.0
613173,test,a32_33,3.0948107,4.1078057,1.0,3,3,1.0,2,2,1.0
634008,test,a32_33,3.4482787,3.3915641,1.0,3,2,1.0,2,4,1.0
652005,test,a32_33,3.0096426,3.5727725,1.0,3,3,1.0,2,2,1.0
672003,test,a32_33,0.5027511,3.0547795,1.0,2,3,1.0,2,2,1.0
691175,test,a32_33,3.3739557,0.0,1.0,3,3,1.0,2,2,1.0
699031,test,a32_33,1.8570176,3.1536906,1.0,2,2,1.0,6,6,1.0
722178,test,a32_33,0.40458632,0.5729554,1.0,2,3,1.0,2,2,1.0
771003,test,a32_33,2.7913656,3.360967,1.0,3,3,1.0,2,4,1.0
775005,test,a32_33,3.6878815,3.814005,1.0,3,3,1.0,6,2,1.0
796006,test,a32_33,3.6133392,3.19808,1.0,3,3,1.0,6,6,1.0
844003,test,a32_33,2.4824624,3.7556844,1.0,3,3,1.0,2,2,1.0
863006,test,a32_33,3.4024353,3.7389832,1.0,3,3,1.0,2,2,1.0
863173,test,a32_33,3.1987987,2.8179777,1.0,3,3,1.0,2,2,1.0
866172,test,a32_33,3.4530613,2.6271625,1.0,3,2,1.0,6,6,1.0
868005,test,a32_33,3.4615586,3.4759133,1.0,3,3,1.0,2,2,1.0
875030,test,a32_33,0.84721684,0.0,1.0,2,2,1.0,2,2,1.0
897006,test,a32_33,2.9776926,0.9259037,1.0,3,2,1.0,2,3,1.0
922171,test,a32_33,3.2289917,3.2271986,1.0,3,3,1.0,2,2,1.0
934030,test,a32_33,3.5578957,4.169727,1.0,3,3,1.0,2,2,1.0
935005,test,a32_33,1.6099789,1.9715426,1.0,3,3,1.0,2,2,1.0
935176,test,a32_33,3.4184918,2.686293,1.0,3,3,1.0,2,2,1.0
939030,test,a32_33,4.017063,4.2601495,1.0,3,3,1.0,6,2,1.0
964003,test,a32_33,0.8182162,0.48986647,1.0,2,2,1.0,6,6,1.0
970004,test,a32_33,3.5559955,3.9415355,1.0,3,3,1.0,2,2,1.0
982004,test,a32_33,3.1107092,3.577894,1.0,3,3,1.0,2,4,1.0
1033030,test,a32_33,3.6684117,3.3248508,1.0,3,3,1.0,2,4,1.0
1036003,test,a32_33,3.9046946,3.242958,1.0,3,3,1.0,2,2,1.0
1048006,test,a32_33,2.6290343,2.5528998,1.0,3,3,1.0,2,2,1.0
1055172,test,a32_33,1.3945208,2.4084587,1.0,3,3,1.0,2,2,1.0
1060175,test,a32_33,3.1448069,3.5963154,1.0,3,3,1.0,2,2,1.0
1064171,test,a32_33,3.6610885,4.3601055,1.0,3,3,1.0,2,2,1.0
1072171,test,a32_33,3.4356873,3.6353216,1.0,3,3,1.0,2,2,1.0
1084175,test,a32_33,2.357968,0.0,1.0,3,2,1.0,2,2,1.0
1100172,test,a32_33,2.8669355,3.3882806,1.0,3,3,1.0,2,2,1.0
1141171,test,a32_33,2.4143362,1.0577683,1.0,3,3,1.0,2,4,1.0
1142030,test,a32_33,3.554954,3.4778206,1.0,3,2,1.0,2,2,1.0
1144032,test,a32_33,3.6384945,3.9998453,1.0,3,3,1.0,2,2,1.0
1149171,test,a32_33,3.1620533,3.3627808,1.0,3,3,1.0,6,2,1.0
1162030,test,a32_33,3.1668124,3.2774415,1.0,3,3,1.0,2,2,1.0
1167030,test,a32_33,0.73401976,1.6452125,1.0,2,2,1.0,6,6,1.0
1168008,test,a32_33,1.0484521,3.6681044,1.0,2,3,1.0,2,3,1.0
1222179,test,a32_33,2.5649612,2.62906,1.0,3,3,1.0,2,2,1.0
1260008,test,a32_33,2.9602876,3.0003862,1.0,3,3,1.0,2,2,1.0
1269030,test,a32_33,2.8167608,3.8594756,1.0,3,3,1.0,2,2,1.0
1292030,test,a32_33,3.4312854,3.3685656,1.0,3,3,1.0,2,2,1.0
1298005,test,a32_33,2.468072,3.0073462,1.0,3,3,1.0,2,2,1.0
1306030,test,a32_33,4.4868736,4.845492,1.0,3,3,1.0,2,2,1.0
1335179,test,a32_33,2.6568599,3.2921014,1.0,3,3,1.0,2,2,1.0
1353030,test,a32_33,0.83069134,0.0,1.0,2,2,1.0,2,2,1.0
1384030,test,a32_33,3.3157,3.4832323,1.0,3,3,1.0,2,2,1.0
1399008,test,a32_33,2.2089138,2.609165,1.0,3,2,1.0,2,4,1.0
1415004,test,a32_33,2.1022153,2.7626214,1.0,3,3,1.0,2,2,1.0
1430005,test,a32_33,2.2187595,3.35943,1.0,3,3,1.0,6,6,1.0
1431003,test,a32_33,3.6275415,3.793413,1.0,3,3,1.0,2,2,1.0
1431004,test,a32_33,2.502975,0.0,1.0,3,2,1.0,2,2,1.0
1431172,test,a32_33,3.9032514,4.257112,1.0,3,3,1.0,2,2,1.0
1462004,test,a32_33,2.1172729,4.6827054,1.0,3,3,1.0,2,2,1.0
1520173,test,a32_33,3.5109375,3.8655198,1.0,3,3,1.0,2,2,1.0
1522175,test,a32_33,3.37257,4.128193,1.0,3,3,1.0,2,2,1.0
1542006,test,a32_33,3.0181465,3.1334329,1.0,3,3,1.0,2,2,1.0
1542177,test,a32_33,3.3350632,3.5846753,1.0,3,3,1.0,2,2,1.0
1567031,test,a32_33,3.8705807,3.6204543,1.0,3,3,1.0,6,6,1.0
1608031,test,a32_33,2.497905,3.9165187,1.0,3,3,1.0,2,2,1.0
1612003,test,a32_33,3.55522,3.0623057,1.0,3,3,1.0,2,2,1.0
1621003,test,a32_33,1.7196559,2.9558797,1.0,3,3,1.0,2,2,1.0
1648003,test,a32_33,3.37574,3.4529707,1.0,3,3,1.0,2,2,1.0
1648030,test,a32_33,3.4616363,2.149199,1.0,3,3,1.0,6,6,1.0
1670172,test,a32_33,2.9103808,2.9805765,1.0,3,3,1.0,2,2,1.0
1684170,test,a32_33,0.5371008,1.0173271,1.0,2,2,1.0,2,2,1.0
1690030,test,a32_33,3.546493,4.7354703,1.0,3,3,1.0,2,3,1.0
1692176,test,a32_33,3.4105563,0.0,0.0,3,-1,0.0,2,-1,0.0
1695030,test,a32_33,3.277717,3.6850972,1.0,3,3,1.0,6,2,1.0
1697036,test,a32_33,2.9979799,1.4949695,1.0,3,3,1.0,6,2,1.0
1698170,test,a32_33,2.6898608,1.139272,1.0,3,2,1.0,2,2,1.0
1700031,test,a32_33,3.2743545,4.201887,1.0,3,3,1.0,2,4,1.0
1701003,test,a32_33,3.4740899,3.60501,1.0,3,3,1.0,6,6,1.0
1711003,test,a32_33,1.7918626,2.810277,1.0,3,3,1.0,2,2,1.0
1711171,test,a32_33,3.1505876,3.8577616,1.0,3,3,1.0,2,2,1.0
1732005,test,a32_33,2.7056692,2.342187,1.0,3,3,1.0,6,2,1.0
1762187,test,a32_33,1.9082224,1.8211237,1.0,3,2,1.0,2,2,1.0
1786187,test,a32_33,3.1753492,3.1765072,1.0,3,3,1.0,2,2,1.0
1837006,test,a32_33,3.4493403,3.6559155,1.0,3,3,1.0,2,2,1.0
1850172,test,a32_33,1.6067338,2.5812435,1.0,3,3,1.0,2,2,1.0
1878030,test,a32_33,2.4691858,3.4057453,1.0,3,3,1.0,2,4,1.0
1879030,test,a32_33,3.394837,4.3343844,1.0,3,3,1.0,2,3,1.0
1905004,test,a32_33,3.667396,3.8433187,1.0,3,3,1.0,2,2,1.0
1919009,test,a32_33,3.2428417,3.1504118,1.0,3,3,1.0,2,2,1.0
1935004,test,a32_33,2.3658261,0.0,1.0,3,2,1.0,2,2,1.0
1936030,test,a32_33,1.9775963,0.0,1.0,3,2,1.0,2,2,1.0
1978171,test,a32_33,2.5363767,1.6958811,1.0,3,3,1.0,2,2,1.0
2030031,test,a32_33,3.159041,3.6641996,1.0,3,3,1.0,6,2,1.0
2117003,test,a32_33,2.7875044,2.5893922,1.0,3,2,1.0,2,2,1.0
2150172,test,a32_33,1.5959121,1.3598045,1.0,3,3,1.0,2,2,1.0
2199182,test,a32_33,2.5563812,3.9495156,1.0,3,3,1.0,2,2,1.0
2206030,test,a32_33,3.2087746,4.886779,1.0,3,3,1.0,2,2,1.0
2212031,test,a32_33,4.1418357,4.483134,1.0,3,3,1.0,6,2,1.0
2238004,test,a32_33,3.1688333,3.472241,1.0,3,3,1.0,2,2,1.0
2238172,test,a32_33,3.1225343,3.5254576,1.0,3,3,1.0,2,2,1.0
2252172,test,a32_33,2.936527,2.3470397,1.0,3,3,1.0,2,2,1.0
2255030,test,a32_33,4.575604,4.876434,1.0,3,3,1.0,2,2,1.0
2277008,test,a32_33,2.615558,2.5990877,1.0,3,3,1.0,2,2,1.0
2311172,test,a32_33,1.7094278,1.0779065,1.0,3,2,1.0,2,2,1.0
2330003,test,a32_33,3.8979921,4.301492,1.0,3,3,1.0,6,6,1.0
2338003,test,a32_33,3.7695022,4.023426,1.0,3,3,1.0,6,6,1.0
2341004,test,a32_33,2.7760642,3.4735646,1.0,3,3,1.0,2,2,1.0
2341005,test,a32_33,2.478272,0.8661617,1.0,3,3,1.0,2,2,1.0
2354004,test,a32_33,1.3844216,2.448841,1.0,3,3,1.0,2,2,1.0
2392004,test,a32_33,2.0655441,2.7262917,1.0,3,3,1.0,2,2,1.0
2393005,test,a32_33,4.1696877,4.0622745,1.0,3,3,1.0,2,3,1.0
2393171,test,a32_33,2.6354246,1.606789,1.0,3,3,1.0,2,2,1.0
2409006,test,a32_33,2.5060961,0.0,0.0,3,-1,0.0,2,-1,0.0
2409171,test,a32_33,2.988156,0.0,0.0,3,-1,0.0,2,-1,0.0
2422178,test,a32_33,3.523796,3.2781074,1.0,3,3,1.0,2,2,1.0
2459030,test,a32_33,3.0419724,3.753117,1.0,3,3,1.0,2,4,1.0
2474030,test,a32_33,3.4412267,4.23237,1.0,3,3,1.0,2,2,1.0
2474171,test,a32_33,1.9965067,1.367364,1.0,3,3,1.0,2,2,1.0
2485173,test,a32_33,2.8990226,1.1069015,1.0,3,3,1.0,2,4,1.0
2496172,test,a32_33,2.3172355,3.6005192,1.0,3,3,1.0,2,2,1.0
2502005,test,a32_33,3.0456083,2.9134128,1.0,3,3,1.0,2,2,1.0
2510171,test,a32_33,3.0890682,3.5230017,1.0,3,3,1.0,2,2,1.0
2525174,test,a32_33,3.1101058,3.8745465,1.0,3,3,1.0,2,2,1.0
2530184,test,a32_33,2.8589,2.973692,1.0,3,3,1.0,2,2,1.0
2547171,test,a32_33,3.7129612,4.052104,1.0,3,3,1.0,2,2,1.0
2580030,test,a32_33,4.385225,4.886779,1.0,3,3,1.0,2,2,1.0
2593171,test,a32_33,3.3776927,4.246229,1.0,3,3,1.0,2,2,1.0
2615031,test,a32_33,3.4559224,3.44694,1.0,3,3,1.0,2,2,1.0
2642030,test,a32_33,2.5801935,2.8015413,1.0,3,3,1.0,2,2,1.0
2655002,test,a32_33,0.67976284,0.0,1.0,2,2,1.0,2,2,1.0
2705031,test,a32_33,3.5064683,3.306851,1.0,3,3,1.0,2,4,1.0
2707179,test,a32_33,3.0408852,2.8268414,1.0,3,3,1.0,2,2,1.0
2714031,test,a32_33,3.4208012,0.0,0.0,3,3,1.0,2,2,1.0
2717004,test,a32_33,3.380874,3.742696,1.0,3,3,1.0,2,2,1.0
2738171,test,a32_33,3.458331,4.886779,1.0,3,3,1.0,2,2,1.0
2794003,test,a32_33,3.846717,3.8923466,1.0,3,2,1.0,6,2,1.0
2845030,test,a32_33,2.7916086,3.2903967,1.0,3,3,1.0,6,4,1.0
2847030,test,a32_33,2.9014454,3.456708,1.0,3,3,1.0,4,6,1.0
2848174,test,a32_33,1.6157464,1.0409111,1.0,3,2,1.0,6,6,1.0
2852006,test,a32_33,0.60567975,2.1415117,1.0,2,3,1.0,2,2,1.0
2852030,test,a32_33,3.5322452,2.0998244,1.0,3,3,1.0,2,2,1.0
2869170,test,a32_33,3.2886636,3.6555576,1.0,3,3,1.0,2,2,1.0
2897006,test,a32_33,3.3026621,2.8197732,1.0,3,3,1.0,6,6,1.0
2900171,test,a32_33,3.4157526,3.8746612,1.0,3,3,1.0,2,2,1.0
2907006,test,a32_33,2.8155675,2.623763,1.0,3,3,1.0,2,2,1.0
2920030,test,a32_33,3.14456,3.4575856,1.0,3,3,1.0,6,2,1.0
3107001,test,a32_33,3.371416,3.231012,1.0,3,3,1.0,2,2,1.0
3137007,test,a32_33,2.605637,2.48373,1.0,3,3,1.0,6,6,1.0
3283002,test,a32_33,3.6365266,4.0583324,1.0,3,3,1.0,2,6,1.0
3492001,test,a32_33,3.4341974,4.1102557,1.0,3,3,1.0,6,6,1.0
5016170,test,a32_33,2.8983927,2.6426997,1.0,3,3,1.0,2,4,1.0
5082003,test,a32_33,3.2575564,3.5662766,1.0,3,3,1.0,6,2,1.0
5145032,test,a32_33,3.3735075,3.616172,1.0,3,3,1.0,6,6,1.0
5163030,test,a32_33,3.3192863,2.769646,1.0,3,3,1.0,2,3,1.0
5177171,test,a32_33,1.8389405,0.41334957,1.0,3,3,1.0,6,6,1.0
5199178,test,a32_33,2.7030404,3.096526,1.0,3,3,1.0,2,2,1.0
5241030,test,a32_33,2.6176045,3.5277414,1.0,3,3,1.0,2,6,1.0
5264004,test,a32_33,3.0575733,3.264431,1.0,3,3,1.0,2,2,1.0
5294003,test,a32_33,3.4972005,3.6584685,1.0,3,3,1.0,2,2,1.0
5299172,test,a32_33,3.0200305,2.760259,1.0,3,3,1.0,2,2,1.0
5306002,test,a32_33,2.4206796,0.919919,1.0,3,2,1.0,6,6,1.0
5350030,test,a32_33,2.6135318,2.5756848,1.0,3,3,1.0,2,6,1.0
5364006,test,a32_33,3.3581476,0.0,0.0,3,-1,0.0,6,-1,0.0
5366033,test,a32_33,3.2446554,3.3051815,1.0,3,3,1.0,6,6,1.0
5406173,test,a32_33,2.8115883,3.5137413,1.0,3,3,1.0,2,3,1.0
5424030,test,a32_33,1.6358254,2.0490751,1.0,2,3,1.0,6,6,1.0
5425003,test,a32_33,1.369432,0.72459835,1.0,2,2,1.0,2,2,1.0
5430031,test,a32_33,1.7852726,0.0,1.0,3,2,1.0,6,6,1.0
5430171,test,a32_33,2.5397463,2.512427,1.0,3,3,1.0,6,6,1.0
5443007,test,a32_33,1.2089584,2.1780865,1.0,3,3,1.0,2,2,1.0
5464032,test,a32_33,2.6375983,2.7760577,1.0,3,3,1.0,2,2,1.0
5488007,test,a32_33,2.4892292,2.1782289,1.0,3,3,1.0,2,2,1.0
5494005,test,a32_33,3.2719684,0.63777095,1.0,3,3,1.0,6,6,1.0
5513030,test,a32_33,3.3168612,2.4798064,1.0,3,3,1.0,6,6,1.0
5549006,test,a32_33,2.3363109,2.637893,1.0,3,3,1.0,2,3,1.0
5553173,test,a32_33,3.1444278,3.935453,1.0,3,3,1.0,2,2,1.0
5560186,test,a32_33,3.3919573,3.2524583,1.0,3,3,1.0,2,2,1.0
5569009,test,a32_33,2.8954453,2.2377331,1.0,3,3,1.0,2,2,1.0
5570010,test,a32_33,3.31213,3.5858245,1.0,3,3,1.0,2,4,1.0
5570012,test,a32_33,2.9699054,2.6474972,1.0,3,3,1.0,2,6,1.0
5570033,test,a32_33,3.53167,3.3018157,1.0,3,3,1.0,2,2,1.0
5576031,test,a32_33,2.749528,2.9333522,1.0,3,3,1.0,2,2,1.0
5614005,test,a32_33,1.9323802,2.8111508,1.0,3,3,1.0,4,3,1.0
5615010,test,a32_33,3.2003245,3.3717976,1.0,3,3,1.0,6,2,1.0
5615181,test,a32_33,3.3631973,3.4054897,1.0,3,3,1.0,2,2,1.0
5621170,test,a32_33,3.0736003,3.0953097,1.0,3,3,1.0,2,2,1.0
5626010,test,a32_33,2.8055987,3.139954,1.0,3,3,1.0,2,2,1.0
5634188,test,a32_33,3.3337104,3.7881985,1.0,3,3,1.0,2,5,1.0
5635031,test,a32_33,3.655716,2.7840075,1.0,3,3,1.0,2,2,1.0
5646006,test,a32_33,0.9529635,0.77602905,1.0,2,2,1.0,6,6,1.0
5660005,test,a32_33,2.7433999,3.4027286,1.0,3,3,1.0,2,2,1.0
5664003,test,a32_33,1.0735654,1.7976818,1.0,2,3,1.0,6,6,1.0
5676007,test,a32_33,3.1714475,3.7587788,1.0,3,3,1.0,2,4,1.0
5678030,test,a32_33,2.1971428,2.4192536,1.0,2,2,1.0,6,6,1.0
5684034,test,a32_33,3.7705517,1.4764752,1.0,3,3,1.0,2,2,1.0
5784005,test,a32_33,0.8724073,0.0,1.0,2,2,1.0,6,6,1.0
5819005,test,a32_33,1.09121,1.068429,1.0,2,2,1.0,6,6,1.0
5821008,test,a32_33,2.8140125,2.9484503,1.0,3,3,1.0,2,2,1.0
5863033,test,a32_33,1.1539068,2.2928271,1.0,2,3,1.0,6,6,1.0
5921003,test,a32_33,2.560215,3.0847182,1.0,3,3,1.0,6,6,1.0
5922010,test,a32_33,3.3822234,2.9869597,1.0,3,3,1.0,6,6,1.0
5938031,test,a32_33,2.389248,0.0,1.0,3,2,1.0,6,6,1.0
5960033,test,a32_33,2.8787634,2.8474362,1.0,3,3,1.0,6,3,1.0
5995005,test,a32_33,1.3582265,0.21103315,1.0,2,2,1.0,6,6,1.0
6028032,test,a32_33,2.6174374,2.8268414,1.0,3,3,1.0,6,6,1.0
6030005,test,a32_33,3.559584,3.4111378,1.0,3,3,1.0,6,6,1.0
6030008,test,a32_33,3.469337,3.602513,1.0,3,3,1.0,6,6,1.0
6093006,test,a32_33,0.7083833,1.3977581,1.0,2,2,1.0,6,6,1.0
6093011,test,a32_33,2.5666718,2.5990877,1.0,3,3,1.0,6,6,1.0
6114182,test,a32_33,2.6623132,2.8005123,1.0,3,3,1.0,2,3,1.0
6120195,test,a32_33,1.5250255,0.0,1.0,2,2,1.0,2,2,1.0
6121030,test,a32_33,3.0803845,3.6708767,1.0,3,3,1.0,6,6,1.0
6179003,test,a32_33,3.445119,3.426249,1.0,3,3,1.0,2,2,1.0
6179170,test,a32_33,0.5017674,0.2411282,1.0,2,2,1.0,2,2,1.0
6191006,test,a32_33,3.181696,3.4436505,1.0,3,3,1.0,6,2,1.0
6200175,test,a32_33,3.473402,2.5210872,1.0,3,3,1.0,2,2,1.0
6210007,test,a32_33,3.4379833,0.0,0.0,3,-1,0.0,6,-1,0.0
6210008,test,a32_33,2.83497,1.382737,1.0,3,2,1.0,6,6,1.0
6350007,test,a32_33,2.8182995,1.2189263,1.0,3,2,1.0,6,6,1.0
6365010,test,a32_33,0.5880649,2.0176098,1.0,2,3,1.0,6,6,1.0
6365011,test,a32_33,1.4695783,2.6077433,1.0,3,3,1.0,3,2,1.0
6365177,test,a32_33,2.4038424,2.7674904,1.0,3,3,1.0,2,2,1.0
6381008,test,a32_33,2.6283062,0.0,0.0,3,-1,0.0,2,-1,0.0
6444003,test,a32_33,2.0961616,3.1936855,1.0,3,3,1.0,2,2,1.0
6475006,test,a32_33,0.67458653,1.2301495,1.0,2,3,1.0,6,6,1.0
6475007,test,a32_33,0.5263698,1.8487327,1.0,2,2,1.0,6,6,1.0
6509004,test,a32_33,2.7458327,3.8708656,1.0,3,3,1.0,6,6,1.0
6545008,test,a32_33,3.813264,4.3289056,1.0,3,3,1.0,6,6,1.0
6571003,test,a32_33,3.1122234,3.5926886,1.0,3,3,1.0,6,6,1.0
6635009,test,a32_33,0.6146836,0.0,1.0,2,2,1.0,6,4,1.0
6663030,test,a32_33,3.8972325,3.800088,1.0,3,3,1.0,6,6,1.0
6674003,test,a32_33,3.1658416,3.4202895,1.0,3,3,1.0,2,2,1.0
6674005,test,a32_33,3.1377091,3.4833505,1.0,3,3,1.0,2,2,1.0
6736181,test,a32_33,2.6154869,0.0,0.0,3,-1,0.0,2,-1,0.0
6740003,test,a32_33,2.0882316,2.884239,1.0,3,3,1.0,2,2,1.0
6769008,test,a32_33,2.4190404,0.8178876,1.0,3,3,1.0,2,3,1.0
6779033,test,a32_33,1.1479746,1.8801916,1.0,2,2,1.0,6,6,1.0
6820030,test,a32_33,3.0309522,1.6985121,1.0,3,2,1.0,6,6,1.0
6843006,test,a32_33,0.63682365,0.0,1.0,2,2,1.0,6,6,1.0
6857006,test,a32_33,3.4511719,2.6426997,1.0,3,3,1.0,2,3,1.0
6030,test,a34_35,3.5895357,3.5367897,1.0,3,3,1.0,2,2,1.0
10030,test,a34_35,3.7857962,4.673836,1.0,3,3,1.0,6,2,1.0
41008,test,a34_35,2.0639167,0.0,1.0,3,2,1.0,6,2,1.0
68003,test,a34_35,3.6809013,3.2616544,1.0,3,3,1.0,2,2,1.0
127030,test,a34_35,3.746029,3.1696036,1.0,3,3,1.0,6,2,1.0
127031,test,a34_35,3.7713308,4.0902915,1.0,3,3,1.0,6,2,1.0
129031,test,a34_35,1.293118,1.0162153,1.0,2,3,1.0,6,2,1.0
129196,test,a34_35,2.5138583,3.4254856,1.0,3,3,1.0,2,2,1.0
165030,test,a34_35,3.5273323,3.7463372,1.0,3,3,1.0,6,2,1.0
284004,test,a34_35,3.985672,4.32185,1.0,3,3,1.0,2,2,1.0
301032,test,a34_35,4.1412287,3.9348762,1.0,3,3,1.0,2,6,1.0
327003,test,a34_35,2.859659,3.8840168,1.0,3,3,1.0,2,2,1.0
327171,test,a34_35,3.0338268,0.0,1.0,3,2,1.0,2,2,1.0
327172,test,a34_35,2.4598336,3.5017936,1.0,3,3,1.0,2,2,1.0
331005,test,a34_35,4.0560226,4.082121,1.0,3,2,1.0,6,2,1.0
344178,test,a34_35,2.917568,3.2559896,1.0,3,3,1.0,2,2,1.0
461030,test,a34_35,3.4270995,3.3020296,1.0,3,3,1.0,2,2,1.0
486004,test,a34_35,3.2714245,3.745459,1.0,3,3,1.0,2,2,1.0
563183,test,a34_35,0.81722426,3.2996137,1.0,2,3,1.0,2,2,1.0
577004,test,a34_35,2.476158,2.9370773,1.0,3,3,1.0,2,2,1.0
607030,test,a34_35,3.7918217,3.7506254,1.0,3,3,1.0,2,2,1.0
613173,test,a34_35,3.2674866,4.4183064,1.0,3,3,1.0,2,2,1.0
634008,test,a34_35,3.4399965,3.5026178,1.0,3,3,1.0,2,6,1.0
652005,test,a34_35,2.965258,3.2600136,1.0,3,3,1.0,2,2,1.0
672003,test,a34_35,1.1502944,3.0886452,1.0,2,3,1.0,2,2,1.0
691175,test,a34_35,3.1428096,2.0974402,1.0,3,3,1.0,2,2,1.0
699031,test,a34_35,2.000914,3.2485132,1.0,3,3,1.0,6,6,1.0
722178,test,a34_35,0.80353,0.90117526,1.0,2,2,1.0,2,2,1.0
771003,test,a34_35,2.738621,3.0115244,1.0,3,3,1.0,2,2,1.0
775005,test,a34_35,3.6468115,3.5560908,1.0,3,3,1.0,2,2,1.0
796006,test,a34_35,3.5627894,2.8919485,1.0,3,3,1.0,6,6,1.0
844003,test,a34_35,2.6623924,3.629688,1.0,3,3,1.0,2,2,1.0
863006,test,a34_35,3.0522268,3.2548606,1.0,3,2,1.0,2,2,1.0
863173,test,a34_35,3.2218137,3.5450659,1.0,3,3,1.0,2,2,1.0
866172,test,a34_35,3.6290846,2.3603847,1.0,3,3,1.0,6,6,1.0
868005,test,a34_35,3.5741131,3.578231,1.0,3,3,1.0,2,2,1.0
875030,test,a34_35,1.3219832,0.0,1.0,2,2,1.0,2,2,1.0
897006,test,a34_35,2.9949067,2.946233,1.0,3,3,1.0,2,4,1.0
922171,test,a34_35,3.1746447,3.7955704,1.0,3,3,1.0,2,2,1.0
934030,test,a34_35,3.4938061,4.2341943,1.0,3,3,1.0,2,2,1.0
935005,test,a34_35,1.8339838,2.2448769,1.0,3,3,1.0,2,2,1.0
935176,test,a34_35,3.3195415,3.2378259,1.0,3,3,1.0,2,2,1.0
939030,test,a34_35,3.8088102,0.08555014,1.0,3,2,1.0,2,2,1.0
964003,test,a34_35,0.9175675,0.82413214,1.0,2,2,1.0,6,6,1.0
970004,test,a34_35,3.429619,3.9748664,1.0,3,3,1.0,2,2,1.0
982004,test,a34_35,3.2334607,3.7351284,1.0,3,3,1.0,2,4,1.0
1033030,test,a34_35,3.8021808,3.3329153,1.0,3,3,1.0,2,2,1.0
1036003,test,a34_35,4.0180645,3.2967014,1.0,3,3,1.0,2,2,1.0
1048006,test,a34_35,2.4199617,0.0,1.0,3,2,1.0,2,2,1.0
1055172,test,a34_35,1.6787512,3.521578,1.0,3,3,1.0,2,4,1.0
1060175,test,a34_35,3.020173,3.1174548,1.0,3,3,1.0,2,2,1.0
1064171,test,a34_35,3.5371647,0.0,1.0,3,3,1.0,2,2,1.0
1072171,test,a34_35,3.368886,3.370511,1.0,3,3,1.0,2,2,1.0
1084175,test,a34_35,2.262155,0.0,1.0,3,2,1.0,2,2,1.0
1100172,test,a34_35,2.9527714,3.6426375,1.0,3,3,1.0,2,2,1.0
1141171,test,a34_35,2.2681463,1.1201222,1.0,3,2,1.0,2,4,1.0
1142030,test,a34_35,3.4444294,3.153995,1.0,3,2,1.0,2,2,1.0
1144032,test,a34_35,3.6863887,3.9447289,1.0,3,3,1.0,2,2,1.0
1149171,test,a34_35,3.2329364,3.6550784,1.0,3,3,1.0,2,2,1.0
1162030,test,a34_35,3.0601382,3.4707472,1.0,3,3,1.0,2,4,1.0
1167030,test,a34_35,0.95697296,1.1457466,1.0,2,2,1.0,6,6,1.0
1168008,test,a34_35,1.2913761,3.1447468,1.0,3,3,1.0,2,3,1.0
1222179,test,a34_35,2.522913,2.810277,1.0,3,3,1.0,2,2,1.0
1260008,test,a34_35,3.117127,2.9488564,1.0,3,3,1.0,2,2,1.0
1269030,test,a34_35,3.0052004,4.2420487,1.0,3,3,1.0,2,4,1.0
1292030,test,a34_35,3.5151136,3.1872697,1.0,3,3,1.0,2,3,1.0
1298005,test,a34_35,2.6785893,3.1977408,1.0,3,3,1.0,2,2,1.0
1306030,test,a34_35,4.570715,4.8005466,1.0,3,3,1.0,2,2,1.0
1335179,test,a34_35,2.7625234,3.3347914,1.0,3,3,1.0,2,2,1.0
1353030,test,a34_35,1.5513676,0.0,1.0,3,2,1.0,2,2,1.0
1384030,test,a34_35,3.5771575,3.59953,1.0,3,3,1.0,2,2,1.0
1399008,test,a34_35,2.2428253,2.624538,1.0,3,3,1.0,2,4,1.0
1415004,test,a34_35,2.1909072,2.663206,1.0,3,3,1.0,2,2,1.0
1430005,test,a34_35,2.3475356,2.0200462,1.0,3,3,1.0,6,6,1.0
1431003,test,a34_35,3.4964375,3.7301474,1.0,3,3,1.0,2,2,1.0
1431004,test,a34_35,2.530643,0.0,1.0,3,2,1.0,2,2,1.0
1431172,test,a34_35,3.8078752,4.886779,1.0,3,2,1.0,2,2,1.0
1462004,test,a34_35,2.3428926,3.378522,1.0,3,3,1.0,2,2,1.0
1520173,test,a34_35,3.4013357,3.9266827,1.0,3,3,1.0,2,2,1.0
1522175,test,a34_35,3.2260675,4.5377207,1.0,3,3,1.0,2,2,1.0
1542006,test,a34_35,3.0614915,3.5747643,1.0,3,3,1.0,2,2,1.0
1542177,test,a34_35,3.3399982,3.8778384,1.0,3,3,1.0,2,2,1.0
1567031,test,a34_35,3.8600564,3.6260033,1.0,3,3,1.0,2,6,1.0
1608031,test,a34_35,2.6245084,3.8359485,1.0,3,3,1.0,2,3,1.0
1612003,test,a34_35,3.59344,3.2975547,1.0,3,3,1.0,2,2,1.0
1621003,test,a34_35,1.7678751,3.2045677,1.0,3,3,1.0,2,2,1.0
1648003,test,a34_35,3.347149,3.0027869,1.0,3,3,1.0,2,2,1.0
1648030,test,a34_35,3.4882112,2.0603547,1.0,3,3,1.0,6,6,1.0
1670172,test,a34_35,2.8630803,3.0779936,1.0,3,3,1.0,2,2,1.0
1684170,test,a34_35,0.76045823,0.0,1.0,2,3,1.0,2,2,1.0
1690030,test,a34_35,3.6170611,4.0259957,1.0,3,3,1.0,2,4,1.0
1692176,test,a34_35,3.4479468,0.0,0.0,3,-1,0.0,2,-1,0.0
1695030,test,a34_35,3.1484027,3.2234797,1.0,3,3,1.0,6,2,1.0
1697036,test,a34_35,2.9573834,3.0575554,1.0,3,3,1.0,6,2,1.0
1698170,test,a34_35,2.8289666,2.4663796,1.0,3,3,1.0,2,2,1.0
1700031,test,a34_35,3.3592038,2.600042,1.0,3,2,1.0,2,4,1.0
1701003,test,a34_35,3.3237944,3.7449346,1.0,3,3,1.0,6,6,1.0
1711003,test,a34_35,2.0488033,2.4021344,1.0,3,3,1.0,2,2,1.0
1711171,test,a34_35,3.081012,0.0,0.0,3,-1,0.0,2,-1,0.0
1732005,test,a34_35,2.7709227,2.4728203,1.0,3,2,1.0,6,4,1.0
1762187,test,a34_35,2.0540378,0.0,1.0,3,2,1.0,2,2,1.0
1786187,test,a34_35,3.2480474,3.3312128,1.0,3,3,1.0,2,2,1.0
1837006,test,a34_35,3.4538245,3.3800976,1.0,3,3,1.0,2,2,1.0
1850172,test,a34_35,1.7535343,3.1974778,1.0,3,3,1.0,2,2,1.0
1878030,test,a34_35,2.7697139,3.8423843,1.0,3,3,1.0,2,4,1.0
1879030,test,a34_35,3.7278707,3.960946,1.0,3,3,1.0,2,4,1.0
1905004,test,a34_35,3.6402736,3.6536653,1.0,3,3,1.0,2,2,1.0
1919009,test,a34_35,3.3498359,0.0,1.0,3,2,1.0,2,2,1.0
1935004,test,a34_35,2.2880251,2.810277,1.0,3,3,1.0,2,2,1.0
1936030,test,a34_35,2.0305614,0.0,1.0,3,2,1.0,2,2,1.0
1978171,test,a34_35,2.5235803,2.3303957,1.0,3,3,1.0,2,2,1.0
2030031,test,a34_35,3.2320673,3.929022,1.0,3,3,1.0,2,2,1.0
2117003,test,a34_35,2.766994,0.0,1.0,3,3,1.0,2,2,1.0
2150172,test,a34_35,1.7775364,1.9371668,1.0,3,3,1.0,2,2,1.0
2199182,test,a34_35,2.5657153,4.0530524,1.0,3,3,1.0,2,2,1.0
2206030,test,a34_35,3.101345,3.4664924,1.0,3,3,1.0,2,2,1.0
2212031,test,a34_35,3.9722328,4.7276397,1.0,3,3,1.0,2,2,1.0
2238004,test,a34_35,3.2177854,3.4629118,1.0,3,3,1.0,2,2,1.0
2238172,test,a34_35,2.9912217,0.0,0.0,3,-1,0.0,2,-1,0.0
2252172,test,a34_35,2.9696882,2.8005908,1.0,3,3,1.0,2,2,1.0
2255030,test,a34_35,4.4639106,4.8156514,1.0,3,3,1.0,2,2,1.0
2277008,test,a34_35,2.768984,2.5626314,1.0,3,3,1.0,2,2,1.0
2311172,test,a34_35,1.9019052,1.5610666,1.0,3,2,1.0,2,2,1.0
2330003,test,a34_35,3.847293,4.2113166,1.0,3,3,1.0,2,2,1.0
2338003,test,a34_35,3.6827605,4.046953,1.0,3,3,1.0,2,6,1.0
2341004,test,a34_35,2.6877823,3.563381,1.0,3,2,1.0,2,4,1.0
2341005,test,a34_35,2.5331025,0.0,1.0,3,3,1.0,2,2,1.0
2354004,test,a34_35,1.7492508,2.3899386,1.0,3,3,1.0,2,2,1.0
2392004,test,a34_35,2.1702225,2.9586284,1.0,3,3,1.0,2,2,1.0
2393005,test,a34_35,4.2862,3.8332024,1.0,3,3,1.0,2,2,1.0
2393171,test,a34_35,2.881774,3.5780287,1.0,3,3,1.0,2,2,1.0
2409006,test,a34_35,2.5209975,2.7969706,1.0,3,3,1.0,2,2,1.0
2409171,test,a34_35,2.8201463,2.0512705,1.0,3,2,1.0,2,2,1.0
2422178,test,a34_35,3.4586072,3.4795048,1.0,3,3,1.0,2,2,1.0
2459030,test,a34_35,3.424364,3.9479196,1.0,3,3,1.0,2,4,1.0
2474030,test,a34_35,3.5927238,3.3850226,1.0,3,3,1.0,2,2,1.0
2474171,test,a34_35,2.264806,1.4149004,1.0,3,3,1.0,2,2,1.0
2485173,test,a34_35,2.8076582,2.4313986,1.0,3,3,1.0,2,6,1.0
2496172,test,a34_35,2.4348845,3.916388,1.0,3,3,1.0,2,4,1.0
2502005,test,a34_35,2.969138,3.1504118,1.0,3,3,1.0,2,2,1.0
2510171,test,a34_35,2.9571066,3.625488,1.0,3,3,1.0,2,2,1.0
2525174,test,a34_35,2.9486654,1.6816704,1.0,3,2,1.0,2,2,1.0
2530184,test,a34_35,2.657482,2.9591303,1.0,3,2,1.0,2,2,1.0
2547171,test,a34_35,3.6545637,4.05604,1.0,3,3,1.0,2,2,1.0
2580030,test,a34_35,4.1028543,4.7499347,1.0,3,3,1.0,2,2,1.0
2593171,test,a34_35,3.2558546,4.30575,1.0,3,3,1.0,2,2,1.0
2615031,test,a34_35,3.5278673,3.5979483,1.0,3,3,1.0,2,2,1.0
2642030,test,a34_35,2.6044421,2.8383443,1.0,3,3,1.0,2,2,1.0
2655002,test,a34_35,0.96607876,0.0,1.0,2,2,1.0,2,2,1.0
2705031,test,a34_35,3.723216,3.8038778,1.0,3,3,1.0,2,4,1.0
2707179,test,a34_35,3.1500728,2.844158,1.0,3,3,1.0,2,2,1.0
2714031,test,a34_35,3.4287524,3.611134,1.0,3,3,1.0,2,2,1.0
2717004,test,a34_35,3.4108706,3.3915641,1.0,3,3,1.0,2,2,1.0
2738171,test,a34_35,3.4634972,4.886779,1.0,3,3,1.0,2,2,1.0
2794003,test,a34_35,3.7087297,3.7379057,1.0,3,3,1.0,2,2,1.0
2845030,test,a34_35,2.8755972,3.4714644,1.0,3,2,1.0,6,2,1.0
2847030,test,a34_35,2.549564,3.611134,1.0,3,3,1.0,4,6,1.0
2848174,test,a34_35,1.8113353,0.0,1.0,3,2,1.0,6,6,1.0
2852006,test,a34_35,0.83963776,2.784962,1.0,2,3,1.0,2,2,1.0
2852030,test,a34_35,3.4386864,2.1877906,1.0,3,3,1.0,2,2,1.0
2869170,test,a34_35,3.3387713,3.8547711,1.0,3,3,1.0,2,2,1.0
2897006,test,a34_35,3.1624238,3.2996137,1.0,3,3,1.0,2,6,1.0
2900171,test,a34_35,3.4109817,3.6154544,1.0,3,3,1.0,2,2,1.0
2907006,test,a34_35,2.7320042,2.5451865,1.0,3,3,1.0,2,2,1.0
2920030,test,a34_35,2.8722656,3.68331,1.0,3,2,1.0,2,3,1.0
3107001,test,a34_35,2.9903214,3.5433505,1.0,3,3,1.0,2,2,1.0
3137007,test,a34_35,2.713777,2.4969764,1.0,3,3,1.0,6,6,1.0
3283002,test,a34_35,3.014196,4.138284,1.0,3,2,1.0,2,6,1.0
3492001,test,a34_35,3.3938148,3.8507123,1.0,3,3,1.0,6,2,1.0
5016170,test,a34_35,2.8565366,2.4672387,1.0,3,3,1.0,2,4,1.0
5082003,test,a34_35,3.2513454,3.6362765,1.0,3,3,1.0,6,2,1.0
5145032,test,a34_35,3.343185,3.4762192,1.0,3,3,1.0,6,6,1.0
5163030,test,a34_35,3.7048032,2.9795868,1.0,3,3,1.0,2,3,1.0
5177171,test,a34_35,1.9699373,1.3270341,1.0,3,3,1.0,6,6,1.0
5199178,test,a34_35,2.7779608,2.888504,1.0,3,3,1.0,2,2,1.0
5241030,test,a34_35,2.403841,3.3329153,1.0,3,3,1.0,2,6,1.0
5264004,test,a34_35,3.0802636,3.36784,1.0,3,3,1.0,2,2,1.0
5294003,test,a34_35,3.6349616,3.537279,1.0,3,3,1.0,2,2,1.0
5299172,test,a34_35,3.2328467,2.8502738,1.0,3,3,1.0,2,2,1.0
5306002,test,a34_35,2.1248274,0.45013475,1.0,3,2,1.0,6,6,1.0
5350030,test,a34_35,2.7189984,3.0497952,1.0,3,3,1.0,2,6,1.0
5364006,test,a34_35,3.289526,3.475767,1.0,3,3,1.0,6,6,1.0
5366033,test,a34_35,3.212628,3.5589597,1.0,3,3,1.0,6,6,1.0
5406173,test,a34_35,2.7782936,3.3717976,1.0,3,3,1.0,2,4,1.0
5424030,test,a34_35,2.0010378,2.595237,1.0,3,3,1.0,6,6,1.0
5425003,test,a34_35,1.507698,0.48401323,1.0,3,2,1.0,2,2,1.0
5430031,test,a34_35,1.9649739,0.0,1.0,3,3,1.0,6,6,1.0
5430171,test,a34_35,2.5673594,3.8255706,1.0,3,3,1.0,6,6,1.0
5443007,test,a34_35,1.3339736,2.4250603,1.0,3,3,1.0,2,2,1.0
5464032,test,a34_35,2.682849,2.8707297,1.0,3,3,1.0,2,2,1.0
5488007,test,a34_35,2.5543845,2.7225564,1.0,3,3,1.0,2,2,1.0
5494005,test,a34_35,2.9565108,3.9408863,1.0,3,3,1.0,6,6,1.0
5513030,test,a34_35,3.1610281,3.1696036,1.0,3,3,1.0,6,6,1.0
5549006,test,a34_35,2.4851053,2.8014016,1.0,3,2,1.0,2,3,1.0
5553173,test,a34_35,2.9792478,3.9032092,1.0,3,3,1.0,2,2,1.0
5560186,test,a34_35,3.5742972,3.8197687,1.0,3,3,1.0,2,2,1.0
5569009,test,a34_35,2.7234535,3.4386227,1.0,3,3,1.0,2,2,1.0
5570010,test,a34_35,3.4376025,3.9157524,1.0,3,3,1.0,2,4,1.0
5570012,test,a34_35,2.8251212,3.1862996,1.0,3,3,1.0,2,6,1.0
5570033,test,a34_35,3.701665,3.249376,1.0,3,3,1.0,2,2,1.0
5576031,test,a34_35,2.8771377,3.0570593,1.0,3,3,1.0,2,2,1.0
5614005,test,a34_35,2.2320871,2.9017913,1.0,3,3,1.0,2,3,1.0
5615010,test,a34_35,3.0422926,3.4926202,1.0,3,3,1.0,6,2,1.0
5615181,test,a34_35,3.4076166,2.9341648,1.0,3,3,1.0,2,2,1.0
5621170,test,a34_35,3.2300053,3.1195464,1.0,3,3,1.0,2,2,1.0
5626010,test,a34_35,2.7993543,2.9627197,1.0,3,2,1.0,2,2,1.0
5634188,test,a34_35,3.3596423,3.9144979,1.0,3,3,1.0,2,5,1.0
5635031,test,a34_35,3.5789363,2.974314,1.0,3,3,1.0,2,2,1.0
5646006,test,a34_35,1.0386617,0.3688904,1.0,2,3,1.0,6,6,1.0
5660005,test,a34_35,2.6740472,3.0857325,1.0,3,3,1.0,2,2,1.0
5664003,test,a34_35,1.2028781,1.1182684,1.0,2,3,1.0,6,6,1.0
5676007,test,a34_35,3.1786218,3.820191,1.0,3,3,1.0,2,4,1.0
5678030,test,a34_35,1.9882429,2.51976,1.0,2,2,1.0,6,6,1.0
5684034,test,a34_35,3.6294346,3.496005,1.0,3,3,1.0,2,3,1.0
5784005,test,a34_35,1.1344032,0.0,1.0,2,2,1.0,6,6,1.0
5819005,test,a34_35,1.0592664,1.6023945,1.0,2,2,1.0,6,6,1.0
5821008,test,a34_35,2.700483,2.913222,1.0,3,3,1.0,2,2,1.0
5863033,test,a34_35,1.3299592,1.6256766,1.0,2,2,1.0,6,6,1.0
5921003,test,a34_35,2.5656416,3.6592255,1.0,3,3,1.0,6,6,1.0
5922010,test,a34_35,3.4209394,2.873433,1.0,3,3,1.0,6,6,1.0
5938031,test,a34_35,2.2247694,0.0,1.0,3,2,1.0,2,6,1.0
5960033,test,a34_35,2.9178724,2.8802483,1.0,3,3,1.0,6,3,1.0
5995005,test,a34_35,1.5179317,0.5575978,1.0,3,2,1.0,6,6,1.0
6028032,test,a34_35,2.6178932,2.7959223,1.0,3,3,1.0,6,6,1.0
6030005,test,a34_35,3.4714506,3.6211877,1.0,3,3,1.0,6,6,1.0
6030008,test,a34_35,3.4378345,3.714141,1.0,3,3,1.0,6,6,1.0
6093006,test,a34_35,0.78558254,2.4245872,1.0,2,3,1.0,6,6,1.0
6093011,test,a34_35,2.5665936,2.5032198,1.0,3,3,1.0,6,6,1.0
6114182,test,a34_35,2.797573,3.1132894,1.0,3,3,1.0,2,3,1.0
6120195,test,a34_35,1.6036456,0.83994776,1.0,3,2,1.0,2,2,1.0
6121030,test,a34_35,2.7256334,3.7940028,1.0,3,3,1.0,6,6,1.0
6179003,test,a34_35,3.5238147,3.4774165,1.0,3,3,1.0,2,2,1.0
6179170,test,a34_35,0.9728886,0.3768285,1.0,2,2,1.0,2,2,1.0
6191006,test,a34_35,3.1756115,3.5682108,1.0,3,3,1.0,6,2,1.0
6200175,test,a34_35,3.4772544,3.159689,1.0,3,2,1.0,2,2,1.0
6210007,test,a34_35,3.1738064,3.315958,1.0,3,3,1.0,6,2,1.0
6210008,test,a34_35,2.7271073,1.8576616,1.0,3,2,1.0,6,6,1.0
6350007,test,a34_35,2.6603637,2.6312733,1.0,3,3,1.0,6,6,1.0
6365010,test,a34_35,0.9162426,2.3485115,1.0,2,3,1.0,6,6,1.0
6365011,test,a34_35,2.1034212,1.4984527,1.0,3,2,1.0,3,2,1.0
6365177,test,a34_35,2.773104,3.154596,1.0,3,3,1.0,2,2,1.0
6381008,test,a34_35,2.9271784,4.0242934,1.0,3,3,1.0,2,4,1.0
6444003,test,a34_35,2.5815804,3.0920978,1.0,3,3,1.0,2,2,1.0
6475006,test,a34_35,0.746588,0.88690853,1.0,2,2,1.0,6,6,1.0
6475007,test,a34_35,0.5775449,0.0,1.0,2,2,1.0,6,6,1.0
6509004,test,a34_35,3.1141486,2.9017913,1.0,3,2,1.0,6,2,1.0
6545008,test,a34_35,3.6641946,3.81034,1.0,3,3,1.0,6,2,1.0
6571003,test,a34_35,2.92868,3.97414,1.0,3,3,1.0,6,6,1.0
6635009,test,a34_35,1.0546844,0.0,1.0,3,2,1.0,6,4,1.0
6663030,test,a34_35,3.835733,3.9220536,1.0,3,3,1.0,6,6,1.0
6674003,test,a34_35,3.106021,3.3930228,1.0,3,3,1.0,2,2,1.0
6674005,test,a34_35,3.2152245,3.3309689,1.0,3,3,1.0,2,2,1.0
6736181,test,a34_35,2.7910419,0.95784134,1.0,3,3,1.0,2,2,1.0
6740003,test,a34_35,2.2797508,2.6543815,1.0,3,3,1.0,2,2,1.0
6769008,test,a34_35,2.4416168,1.5597403,1.0,3,2,1.0,2,4,1.0
6779033,test,a34_35,1.4411556,0.0,1.0,2,2,1.0,6,6,1.0
6820030,test,a34_35,2.8204708,0.0,1.0,3,2,1.0,6,6,1.0
6843006,test,a34_35,0.8835498,0.33577913,1.0,2,2,1.0,6,6,1.0
6857006,test,a34_35,3.6746917,3.9554691,1.0,3,3,1.0,2,4,1.0
6030,test,a36_37,3.512413,3.74332,1.0,3,3,1.0,2,2,1.0
10030,test,a36_37,3.6127315,4.447782,1.0,3,3,1.0,6,2,1.0
41008,test,a36_37,2.2238336,0.0,1.0,3,2,1.0,6,2,1.0
68003,test,a36_37,3.504175,4.3019257,1.0,3,3,1.0,2,2,1.0
127030,test,a36_37,3.498929,1.1681,1.0,3,2,1.0,6,2,1.0
127031,test,a36_37,3.4380813,3.8766596,1.0,3,3,1.0,6,2,1.0
129031,test,a36_37,1.5474632,0.0,1.0,2,2,1.0,6,2,1.0
129196,test,a36_37,2.7254996,2.9811652,1.0,3,3,1.0,2,2,1.0
165030,test,a36_37,3.4446177,3.8713226,1.0,3,3,1.0,2,2,1.0
284004,test,a36_37,3.9194708,4.153324,1.0,3,3,1.0,2,2,1.0
301032,test,a36_37,4.141682,4.375446,1.0,3,3,1.0,2,6,1.0
327003,test,a36_37,3.1694627,3.8161197,1.0,3,3,1.0,2,2,1.0
327171,test,a36_37,3.0456214,0.0,1.0,3,2,1.0,2,2,1.0
327172,test,a36_37,2.4516249,3.3073823,1.0,3,3,1.0,2,2,1.0
331005,test,a36_37,3.9249082,4.384486,1.0,3,3,1.0,2,2,1.0
344178,test,a36_37,2.9612796,3.283957,1.0,3,3,1.0,2,2,1.0
461030,test,a36_37,3.5496836,3.416885,1.0,3,3,1.0,2,2,1.0
486004,test,a36_37,3.3769803,3.7570312,1.0,3,3,1.0,2,2,1.0
563183,test,a36_37,1.0699942,3.9435904,1.0,2,3,1.0,2,2,1.0
577004,test,a36_37,2.6571448,3.4728677,1.0,3,3,1.0,2,2,1.0
607030,test,a36_37,3.6898427,3.736019,1.0,3,3,1.0,2,2,1.0
613173,test,a36_37,3.1133127,4.599529,1.0,3,3,1.0,2,2,1.0
634008,test,a36_37,3.3761706,3.2418456,1.0,3,3,1.0,2,6,1.0
652005,test,a36_37,3.1272552,3.4032557,1.0,3,3,1.0,2,2,1.0
672003,test,a36_37,1.5574176,3.3391197,1.0,3,3,1.0,2,4,1.0
691175,test,a36_37,3.16172,2.3309872,1.0,3,3,1.0,2,2,1.0
699031,test,a36_37,2.145147,3.3599384,1.0,3,3,1.0,6,6,1.0
722178,test,a36_37,0.88045335,0.0,1.0,2,2,1.0,2,2,1.0
771003,test,a36_37,2.7193134,2.9920292,1.0,3,3,1.0,2,2,1.0
775005,test,a36_37,3.7053275,3.612571,1.0,3,3,1.0,2,2,1.0
796006,test,a36_37,3.5687947,3.5002303,1.0,3,3,1.0,2,6,1.0
844003,test,a36_37,2.832646,3.4309494,1.0,3,3,1.0,2,2,1.0
863006,test,a36_37,3.3252258,3.216545,1.0,3,3,1.0,2,2,1.0
863173,test,a36_37,3.2558472,3.6074202,1.0,3,3,1.0,2,2,1.0
866172,test,a36_37,3.5936913,2.7199008,1.0,3,3,1.0,6,2,1.0
868005,test,a36_37,3.5016973,3.7930343,1.0,3,3,1.0,2,2,1.0
875030,test,a36_37,1.2562214,0.0,1.0,2,2,1.0,2,2,1.0
897006,test,a36_37,3.3131669,2.712402,1.0,3,2,1.0,2,4,1.0
922171,test,a36_37,3.3668852,4.013992,1.0,3,3,1.0,2,2,1.0
934030,test,a36_37,3.342158,4.2906785,1.0,3,3,1.0,2,2,1.0
935005,test,a36_37,2.108399,1.9161729,1.0,3,3,1.0,2,2,1.0
935176,test,a36_37,3.418477,3.945999,1.0,3,3,1.0,2,2,1.0
939030,test,a36_37,3.7917495,0.0,1.0,3,2,1.0,2,2,1.0
964003,test,a36_37,1.115448,3.0027869,1.0,2,3,1.0,6,6,1.0
970004,test,a36_37,3.5340087,3.9361787,1.0,3,3,1.0,2,2,1.0
982004,test,a36_37,3.2580526,3.7953534,1.0,3,3,1.0,2,4,1.0
1033030,test,a36_37,3.8111672,4.0324144,1.0,3,3,1.0,2,4,1.0
1036003,test,a36_37,3.9500518,2.5812607,1.0,3,3,1.0,2,2,1.0
1048006,test,a36_37,2.6455257,0.3958271,1.0,3,3,1.0,2,2,1.0
1055172,test,a36_37,1.8023458,3.6951494,1.0,3,3,1.0,2,2,1.0
1060175,test,a36_37,2.947697,2.6840017,1.0,3,3,1.0,2,2,1.0
1064171,test,a36_37,3.5504985,4.499283,1.0,3,3,1.0,2,2,1.0
1072171,test,a36_37,3.4175332,3.753342,1.0,3,3,1.0,2,2,1.0
1084175,test,a36_37,2.3367333,1.176917,1.0,3,2,1.0,2,2,1.0
1100172,test,a36_37,2.961785,3.616172,1.0,3,3,1.0,2,2,1.0
1141171,test,a36_37,2.13419,0.0,0.0,3,-1,0.0,2,-1,0.0
1142030,test,a36_37,3.409793,2.9372149,1.0,3,3,1.0,2,2,1.0
1144032,test,a36_37,3.4013453,3.9697835,1.0,3,3,1.0,2,2,1.0
1149171,test,a36_37,3.238511,3.6696174,1.0,3,3,1.0,2,2,1.0
1162030,test,a36_37,2.9369864,3.5584557,1.0,3,3,1.0,2,4,1.0
1167030,test,a36_37,1.1256021,0.0,1.0,2,2,1.0,6,6,1.0
1168008,test,a36_37,1.8087277,3.2307491,1.0,3,3,1.0,2,3,1.0
1222179,test,a36_37,2.6768923,2.6426997,1.0,3,3,1.0,2,2,1.0
1260008,test,a36_37,3.1685047,2.9115193,1.0,3,3,1.0,2,2,1.0
1269030,test,a36_37,3.1004314,4.35901,1.0,3,3,1.0,2,4,1.0
1292030,test,a36_37,3.1422122,3.3329153,1.0,3,2,1.0,2,4,1.0
1298005,test,a36_37,2.695816,3.0895898,1.0,3,3,1.0,2,2,1.0
1306030,test,a36_37,4.321575,4.886779,1.0,3,3,1.0,2,2,1.0
1335179,test,a36_37,2.9770024,3.2806733,1.0,3,3,1.0,2,2,1.0
1353030,test,a36_37,1.5316105,0.0,1.0,3,2,1.0,2,2,1.0
1384030,test,a36_37,3.452235,3.7110548,1.0,3,3,1.0,2,2,1.0
1399008,test,a36_37,2.3306704,4.0375032,1.0,3,3,1.0,2,4,1.0
1415004,test,a36_37,2.0213232,2.5033958,1.0,3,3,1.0,2,2,1.0
1430005,test,a36_37,2.5173364,0.0,1.0,3,3,1.0,6,6,1.0
1431003,test,a36_37,3.573863,3.7768457,1.0,3,3,1.0,2,2,1.0
1431004,test,a36_37,2.4438968,0.0,1.0,3,2,1.0,2,2,1.0
1431172,test,a36_37,3.7684283,4.85698,1.0,3,3,1.0,2,2,1.0
1462004,test,a36_37,2.34261,3.0797172,1.0,3,2,1.0,2,2,1.0
1520173,test,a36_37,3.4323306,3.835209,1.0,3,3,1.0,2,2,1.0
1522175,test,a36_37,3.212383,4.5301976,1.0,3,3,1.0,2,2,1.0
1542006,test,a36_37,3.2774322,4.8355174,1.0,3,3,1.0,2,2,1.0
1542177,test,a36_37,3.3632793,4.1511307,1.0,3,3,1.0,2,2,1.0
1567031,test,a36_37,3.8303375,3.547917,1.0,3,3,1.0,2,6,1.0
1608031,test,a36_37,2.758295,3.8730197,1.0,3,3,1.0,2,4,1.0
1612003,test,a36_37,3.6570992,3.6263752,1.0,3,3,1.0,2,2,1.0
1621003,test,a36_37,1.8893851,3.2996137,1.0,3,3,1.0,2,2,1.0
1648003,test,a36_37,3.4791453,2.9653394,1.0,3,3,1.0,2,2,1.0
1648030,test,a36_37,3.4969673,0.0453653,1.0,3,2,1.0,6,6,1.0
1670172,test,a36_37,2.857237,2.8368268,1.0,3,3,1.0,2,2,1.0
1684170,test,a36_37,0.9822607,0.0,0.0,2,-1,0.0,2,-1,0.0
1690030,test,a36_37,3.5545933,4.1288514,1.0,3,3,1.0,2,4,1.0
1692176,test,a36_37,3.3752716,0.0,0.0,3,-1,0.0,2,-1,0.0
1695030,test,a36_37,2.9713035,3.1334782,1.0,3,3,1.0,6,2,1.0
1697036,test,a36_37,2.947365,3.9229333,1.0,3,3,1.0,6,2,1.0
1698170,test,a36_37,2.877217,3.5876048,1.0,3,3,1.0,2,2,1.0
1700031,test,a36_37,3.2415912,3.2409673,1.0,3,3,1.0,2,4,1.0
1701003,test,a36_37,3.3410068,3.916388,1.0,3,3,1.0,6,6,1.0
1711003,test,a36_37,1.9749107,0.0,1.0,3,3,1.0,2,2,1.0
1711171,test,a36_37,3.2229655,3.416885,1.0,3,3,1.0,2,2,1.0
1732005,test,a36_37,2.3834834,3.1862996,1.0,3,3,1.0,6,4,1.0
1762187,test,a36_37,1.8878262,0.0,1.0,3,2,1.0,2,2,1.0
1786187,test,a36_37,3.3438475,0.0,0.0,3,-1,0.0,2,-1,0.0
1837006,test,a36_37,3.3915918,2.8220248,1.0,3,3,1.0,2,2,1.0
1850172,test,a36_37,1.8309809,3.216545,1.0,3,3,1.0,2,2,1.0
1878030,test,a36_37,2.9499266,3.456708,1.0,3,3,1.0,2,4,1.0
1879030,test,a36_37,3.8163903,4.019886,1.0,3,3,1.0,2,3,1.0
1905004,test,a36_37,3.6932178,3.9048967,1.0,3,3,1.0,2,2,1.0
1919009,test,a36_37,3.17362,0.0,1.0,3,3,1.0,2,2,1.0
1935004,test,a36_37,2.2224693,2.7594547,1.0,3,2,1.0,2,2,1.0
1936030,test,a36_37,2.2710886,0.26956925,1.0,3,3,1.0,2,2,1.0
1978171,test,a36_37,2.5740635,3.1327703,1.0,3,3,1.0,2,2,1.0
2030031,test,a36_37,2.9202971,3.7052534,1.0,3,3,1.0,2,2,1.0
2117003,test,a36_37,2.8590398,2.7586699,1.0,3,3,1.0,2,2,1.0
2150172,test,a36_37,1.9661043,1.9554864,1.0,3,3,1.0,2,2,1.0
2199182,test,a36_37,2.621368,3.717534,1.0,3,3,1.0,2,2,1.0
2206030,test,a36_37,3.1631293,3.1858559,1.0,3,3,1.0,2,2,1.0
2212031,test,a36_37,3.8695784,4.677089,1.0,3,3,1.0,2,2,1.0
2238004,test,a36_37,3.3526843,1.8278397,1.0,3,3,1.0,2,4,1.0
2238172,test,a36_37,3.0118222,3.489942,1.0,3,3,1.0,2,2,1.0
2252172,test,a36_37,3.1504498,3.048963,1.0,3,3,1.0,2,2,1.0
2255030,test,a36_37,4.3694215,4.375135,1.0,3,3,1.0,2,2,1.0
2277008,test,a36_37,2.7103806,2.6412227,1.0,3,3,1.0,2,2,1.0
2311172,test,a36_37,1.7667572,1.7356842,1.0,3,3,1.0,2,2,1.0
2330003,test,a36_37,3.8007174,4.0433564,1.0,3,3,1.0,2,2,1.0
2338003,test,a36_37,3.6427398,4.4704823,1.0,3,3,1.0,2,6,1.0
2341004,test,a36_37,2.9323063,3.4036195,1.0,3,2,1.0,2,4,1.0
2341005,test,a36_37,2.7095397,0.0,1.0,3,3,1.0,2,2,1.0
2354004,test,a36_37,1.8138442,2.4975948,1.0,3,3,1.0,2,2,1.0
2392004,test,a36_37,2.184364,2.7225564,1.0,3,3,1.0,2,2,1.0
2393005,test,a36_37,4.252879,3.951662,1.0,3,3,1.0,2,2,1.0
2393171,test,a36_37,3.0561466,4.04496,1.0,3,3,1.0,2,2,1.0
2409006,test,a36_37,2.7717276,2.6774976,1.0,3,3,1.0,2,2,1.0
2409171,test,a36_37,2.9650686,2.409316,1.0,3,3,1.0,2,2,1.0
2422178,test,a36_37,3.4713566,3.249376,1.0,3,3,1.0,2,2,1.0
2459030,test,a36_37,3.1475885,3.8719819,1.0,3,3,1.0,3,4,1.0
2474030,test,a36_37,3.6207767,3.8730197,1.0,3,3,1.0,2,2,1.0
2474171,test,a36_37,2.296398,1.1140053,1.0,3,2,1.0,2,2,1.0
2485173,test,a36_37,2.8892026,2.508309,1.0,3,3,1.0,2,4,1.0
2496172,test,a36_37,2.6064253,4.096741,1.0,3,3,1.0,2,4,1.0
2502005,test,a36_37,3.0102372,3.166873,1.0,3,3,1.0,2,2,1.0
2510171,test,a36_37,3.032826,3.910636,1.0,3,3,1.0,2,2,1.0
2525174,test,a36_37,2.9135911,2.2554643,1.0,3,3,1.0,2,2,1.0
2530184,test,a36_37,2.611881,2.9075313,1.0,3,3,1.0,2,2,1.0
2547171,test,a36_37,3.6632724,4.1239767,1.0,3,3,1.0,2,2,1.0
2580030,test,a36_37,4.126322,4.800682,1.0,3,3,1.0,2,2,1.0
2593171,test,a36_37,3.1266463,4.3840117,1.0,3,3,1.0,2,4,1.0
2615031,test,a36_37,3.4393268,3.145773,1.0,3,3,1.0,2,2,1.0
2642030,test,a36_37,2.7039084,3.1858559,1.0,3,3,1.0,2,2,1.0
2655002,test,a36_37,1.1254147,0.0,1.0,2,2,1.0,2,2,1.0
2705031,test,a36_37,3.5485291,3.901413,1.0,3,3,1.0,2,4,1.0
2707179,test,a36_37,3.2221236,2.9886043,1.0,3,3,1.0,2,2,1.0
2714031,test,a36_37,3.3365922,3.843872,1.0,3,3,1.0,2,2,1.0
2717004,test,a36_37,3.3675919,3.737305,1.0,3,3,1.0,2,2,1.0
2738171,test,a36_37,3.458639,4.886779,1.0,3,3,1.0,2,2,1.0
2794003,test,a36_37,3.7830596,3.5598774,1.0,3,3,1.0,2,2,1.0
2845030,test,a36_37,2.7231703,2.2176964,1.0,3,2,1.0,2,2,1.0
2847030,test,a36_37,2.7253408,3.5965803,1.0,3,2,1.0,4,6,1.0
2848174,test,a36_37,1.956533,0.0,1.0,3,2,1.0,6,6,1.0
2852006,test,a36_37,1.130321,2.711484,1.0,2,3,1.0,2,2,1.0
2852030,test,a36_37,3.579812,2.4002507,1.0,3,3,1.0,2,2,1.0
2869170,test,a36_37,3.33061,3.9665751,1.0,3,3,1.0,2,2,1.0
2897006,test,a36_37,3.4314346,3.8678546,1.0,3,3,1.0,2,6,1.0
2900171,test,a36_37,3.4494462,0.0,1.0,3,3,1.0,2,2,1.0
2907006,test,a36_37,3.2122211,2.5724497,1.0,3,3,1.0,2,2,1.0
2920030,test,a36_37,2.8386045,3.8583722,1.0,3,3,1.0,2,4,1.0
3107001,test,a36_37,2.9154751,3.456255,1.0,3,3,1.0,2,2,1.0
3137007,test,a36_37,2.608285,2.624188,1.0,3,3,1.0,6,6,1.0
3283002,test,a36_37,2.7803211,3.1844463,1.0,3,3,1.0,2,6,1.0
3492001,test,a36_37,3.2395716,3.896652,1.0,3,3,1.0,6,2,1.0
5016170,test,a36_37,2.780934,2.5121129,1.0,3,3,1.0,2,4,1.0
5082003,test,a36_37,3.107171,3.835146,1.0,3,3,1.0,6,3,1.0
5145032,test,a36_37,3.137069,3.5205016,1.0,3,3,1.0,6,6,1.0
5163030,test,a36_37,3.4361322,3.3018157,1.0,3,3,1.0,2,3,1.0
5177171,test,a36_37,2.5440412,0.8605063,1.0,3,3,1.0,6,6,1.0
5199178,test,a36_37,2.7349606,2.9653394,1.0,3,3,1.0,2,2,1.0
5241030,test,a36_37,2.3624935,3.3667955,1.0,3,3,1.0,2,6,1.0
5264004,test,a36_37,3.0202875,3.4554605,1.0,3,3,1.0,2,2,1.0
5294003,test,a36_37,3.5582175,3.5366516,1.0,3,3,1.0,2,2,1.0
5299172,test,a36_37,3.4921763,1.9603477,1.0,3,3,1.0,2,2,1.0
5306002,test,a36_37,2.355099,0.4569097,1.0,3,2,1.0,6,6,1.0
5350030,test,a36_37,2.6146522,2.4829748,1.0,3,3,1.0,2,6,1.0
5364006,test,a36_37,3.1368692,3.489942,1.0,3,3,1.0,6,6,1.0
5366033,test,a36_37,2.9865513,3.6431746,1.0,3,3,1.0,6,6,1.0
5406173,test,a36_37,2.8461528,3.549721,1.0,3,3,1.0,2,4,1.0
5424030,test,a36_37,1.9336114,3.3871381,1.0,3,3,1.0,6,6,1.0
5425003,test,a36_37,1.8641362,2.222384,1.0,2,3,1.0,2,2,1.0
5430031,test,a36_37,1.7892569,0.7351825,1.0,3,3,1.0,6,6,1.0
5430171,test,a36_37,2.7123618,3.9490166,1.0,3,3,1.0,6,6,1.0
5443007,test,a36_37,1.5050253,2.7594547,1.0,3,3,1.0,2,2,1.0
5464032,test,a36_37,2.5255744,2.973692,1.0,3,3,1.0,2,2,1.0
5488007,test,a36_37,2.5017016,2.6645033,1.0,3,3,1.0,2,2,1.0
5494005,test,a36_37,3.1342096,4.218239,1.0,3,3,1.0,6,6,1.0
5513030,test,a36_37,3.081871,3.4137402,1.0,3,2,1.0,6,6,1.0
5549006,test,a36_37,2.5584862,2.9669845,1.0,3,3,1.0,2,4,1.0
5553173,test,a36_37,2.9020245,3.955009,1.0,3,3,1.0,2,2,1.0
5560186,test,a36_37,3.540895,3.627258,1.0,3,3,1.0,2,2,1.0
5569009,test,a36_37,3.1154418,3.5573397,1.0,3,3,1.0,2,2,1.0
5570010,test,a36_37,3.6875095,3.6598773,1.0,3,3,1.0,2,4,1.0
5570012,test,a36_37,3.0506525,2.9124293,1.0,3,3,1.0,2,6,1.0
5570033,test,a36_37,3.6573617,3.1070757,1.0,3,3,1.0,2,2,1.0
5576031,test,a36_37,2.7502232,3.0814157,1.0,3,3,1.0,2,3,1.0
5614005,test,a36_37,2.2479658,2.844158,1.0,3,3,1.0,4,3,1.0
5615010,test,a36_37,2.9307094,3.3217459,1.0,3,3,1.0,6,2,1.0
5615181,test,a36_37,3.4291961,3.5781584,1.0,3,3,1.0,2,2,1.0
5621170,test,a36_37,3.2397318,0.0,1.0,3,3,1.0,2,2,1.0
5626010,test,a36_37,2.833699,0.0,0.0,3,-1,0.0,2,-1,0.0
5634188,test,a36_37,3.2430766,0.0,0.0,3,-1,0.0,2,-1,0.0
5635031,test,a36_37,3.2555635,2.9446492,1.0,3,3,1.0,2,2,1.0
5646006,test,a36_37,1.365575,2.2722006,1.0,2,2,1.0,6,6,1.0
5660005,test,a36_37,2.7251668,2.2830377,1.0,3,3,1.0,2,2,1.0
5664003,test,a36_37,1.4779024,2.5692537,1.0,2,2,1.0,6,6,1.0
5676007,test,a36_37,3.2731497,3.3618436,1.0,3,3,1.0,2,2,1.0
5678030,test,a36_37,2.1679983,0.0,1.0,3,2,1.0,6,6,1.0
5684034,test,a36_37,3.5821307,4.2188535,1.0,3,3,1.0,2,4,1.0
5784005,test,a36_37,1.1626754,0.0,1.0,3,2,1.0,6,6,1.0
5819005,test,a36_37,1.4944774,0.0,1.0,3,2,1.0,6,6,1.0
5821008,test,a36_37,2.7528727,2.9754534,1.0,3,3,1.0,2,2,1.0
5863033,test,a36_37,1.5932524,1.6931183,1.0,3,3,1.0,6,6,1.0
5921003,test,a36_37,2.379409,2.588116,1.0,3,3,1.0,6,6,1.0
5922010,test,a36_37,3.4681726,2.8533432,1.0,3,3,1.0,6,6,1.0
5938031,test,a36_37,2.146016,0.0,1.0,3,2,1.0,2,6,1.0
5960033,test,a36_37,2.6859095,3.0051901,1.0,3,3,1.0,6,6,1.0
5995005,test,a36_37,1.6701651,2.366327,1.0,2,2,1.0,6,6,1.0
6028032,test,a36_37,2.6467736,3.2584245,1.0,3,3,1.0,6,6,1.0
6030005,test,a36_37,3.4394212,3.3861604,1.0,3,3,1.0,6,6,1.0
6030008,test,a36_37,3.2361758,3.5397089,1.0,3,3,1.0,6,6,1.0
6093006,test,a36_37,1.0803977,2.0376515,1.0,2,3,1.0,6,6,1.0
6093011,test,a36_37,2.3206716,2.5042346,1.0,3,3,1.0,6,6,1.0
6114182,test,a36_37,2.751042,0.0,0.0,3,-1,0.0,2,-1,0.0
6120195,test,a36_37,1.6255068,0.0,1.0,2,2,1.0,2,2,1.0
6121030,test,a36_37,2.8304555,3.6931586,1.0,3,3,1.0,6,6,1.0
6179003,test,a36_37,3.8091784,3.3203936,1.0,3,3,1.0,2,2,1.0
6179170,test,a36_37,1.0399096,0.0,1.0,3,2,1.0,2,2,1.0
6191006,test,a36_37,3.099669,3.7471669,1.0,3,3,1.0,6,2,1.0
6200175,test,a36_37,3.471047,3.1231244,1.0,3,3,1.0,2,2,1.0
6210007,test,a36_37,3.2851295,3.5546792,1.0,3,3,1.0,6,2,1.0
6210008,test,a36_37,2.8517387,0.69897085,1.0,3,2,1.0,6,2,1.0
6350007,test,a36_37,2.564332,1.7350653,1.0,3,3,1.0,6,2,1.0
6365010,test,a36_37,1.0607598,2.727774,1.0,2,3,1.0,6,6,1.0
6365011,test,a36_37,2.237983,2.0153425,1.0,3,3,1.0,4,2,1.0
6365177,test,a36_37,2.8899844,0.0,0.0,3,3,1.0,2,2,1.0
6381008,test,a36_37,2.9171207,4.1826577,1.0,3,3,1.0,2,4,1.0
6444003,test,a36_37,2.6510472,2.9450343,1.0,3,3,1.0,2,2,1.0
6475006,test,a36_37,0.94407105,0.65802634,1.0,2,3,1.0,6,6,1.0
6475007,test,a36_37,0.92247057,1.4497495,1.0,2,3,1.0,6,6,1.0
6509004,test,a36_37,2.9228754,3.0907397,1.0,3,3,1.0,6,2,1.0
6545008,test,a36_37,3.7394235,3.8915806,1.0,3,3,1.0,6,2,1.0
6571003,test,a36_37,2.9223146,3.935453,1.0,3,3,1.0,6,6,1.0
6635009,test,a36_37,1.3585271,0.0,1.0,3,2,1.0,6,4,1.0
6663030,test,a36_37,3.5152674,4.1571207,1.0,3,3,1.0,6,6,1.0
6674003,test,a36_37,3.0959408,4.7621493,1.0,3,3,1.0,2,3,1.0
6674005,test,a36_37,3.1478808,3.4580462,1.0,3,2,1.0,2,3,1.0
6736181,test,a36_37,3.012357,2.5787773,1.0,3,3,1.0,2,2,1.0
6740003,test,a36_37,2.4434233,2.816746,1.0,3,3,1.0,2,2,1.0
6769008,test,a36_37,2.6635888,2.4743154,1.0,3,3,1.0,2,2,1.0
6779033,test,a36_37,1.3686278,0.0,1.0,2,2,1.0,6,6,1.0
6820030,test,a36_37,2.5552764,0.44449985,1.0,3,2,1.0,6,6,1.0
6843006,test,a36_37,0.958496,1.9499075,1.0,2,3,1.0,6,6,1.0
6857006,test,a36_37,3.4902334,3.1834235,1.0,3,3,1.0,2,2,1.0
6030,test,a38_39,3.5375206,3.749288,1.0,3,3,1.0,2,2,1.0
10030,test,a38_39,3.5141897,4.5234475,1.0,3,3,1.0,2,2,1.0
41008,test,a38_39,2.448432,0.0,1.0,3,2,1.0,2,3,1.0
68003,test,a38_39,4.017902,4.141229,1.0,3,3,1.0,2,2,1.0
127030,test,a38_39,3.5679927,1.6800723,1.0,3,2,1.0,6,2,1.0
127031,test,a38_39,3.4296975,1.3273802,1.0,3,3,1.0,6,3,1.0
129031,test,a38_39,1.4864087,2.4149668,1.0,2,2,1.0,6,3,1.0
129196,test,a38_39,2.6700883,0.6038552,1.0,3,2,1.0,2,2,1.0
165030,test,a38_39,3.2138367,3.7935455,1.0,3,3,1.0,2,2,1.0
284004,test,a38_39,3.9523072,4.218239,1.0,3,3,1.0,2,2,1.0
301032,test,a38_39,4.0359316,4.051456,1.0,3,3,1.0,2,6,1.0
327003,test,a38_39,3.0030432,3.8576567,1.0,3,3,1.0,2,2,1.0
327171,test,a38_39,3.101828,1.2899189,1.0,3,3,1.0,2,2,1.0
327172,test,a38_39,2.4274035,3.6687279,1.0,3,3,1.0,2,2,1.0
331005,test,a38_39,4.0860524,4.2639766,1.0,3,3,1.0,2,2,1.0
344178,test,a38_39,3.0454688,3.3562138,1.0,3,3,1.0,2,2,1.0
461030,test,a38_39,3.4319882,3.2707531,1.0,3,3,1.0,2,2,1.0
486004,test,a38_39,3.4643714,4.1858344,1.0,3,3,1.0,2,2,1.0
563183,test,a38_39,1.2073101,4.886779,1.0,2,3,1.0,2,2,1.0
577004,test,a38_39,2.6772544,2.6426997,1.0,3,3,1.0,2,2,1.0
607030,test,a38_39,3.787535,4.340779,1.0,3,3,1.0,2,4,1.0
613173,test,a38_39,3.1544056,4.6204996,1.0,3,3,1.0,2,2,1.0
634008,test,a38_39,3.3965611,3.0124674,1.0,3,3,1.0,2,6,1.0
652005,test,a38_39,3.2642643,3.381554,1.0,3,3,1.0,2,2,1.0
672003,test,a38_39,1.2034562,3.7277038,1.0,2,3,1.0,2,4,1.0
691175,test,a38_39,3.0946288,3.1858559,1.0,3,3,1.0,2,2,1.0
699031,test,a38_39,1.9249598,3.5333405,1.0,2,3,1.0,6,6,1.0
722178,test,a38_39,0.89801407,0.0,1.0,2,2,1.0,2,2,1.0
771003,test,a38_39,2.6563337,3.4782934,1.0,3,3,1.0,2,2,1.0
775005,test,a38_39,3.596683,0.0,1.0,3,2,1.0,2,2,1.0
796006,test,a38_39,3.8883114,2.893335,1.0,3,3,1.0,2,6,1.0
844003,test,a38_39,2.8589232,3.416885,1.0,3,3,1.0,2,2,1.0
863006,test,a38_39,3.299656,0.0,1.0,3,2,1.0,2,2,1.0
863173,test,a38_39,3.1046166,3.672806,1.0,3,3,1.0,2,2,1.0
866172,test,a38_39,3.6070936,2.6793635,1.0,3,3,1.0,2,2,1.0
868005,test,a38_39,3.5919213,3.7266295,1.0,3,3,1.0,2,2,1.0
875030,test,a38_39,1.5604062,0.0,1.0,2,2,1.0,2,2,1.0
897006,test,a38_39,3.3779843,2.9308307,1.0,3,3,1.0,2,4,1.0
922171,test,a38_39,3.4870093,4.109105,1.0,3,3,1.0,2,2,1.0
934030,test,a38_39,3.2680845,4.3578134,1.0,3,3,1.0,2,2,1.0
935005,test,a38_39,2.195391,2.1372967,1.0,3,3,1.0,2,2,1.0
935176,test,a38_39,3.4912252,3.2996137,1.0,3,3,1.0,2,2,1.0
939030,test,a38_39,3.4001598,0.0,1.0,3,2,1.0,2,2,1.0
964003,test,a38_39,1.4002142,3.2050848,1.0,2,3,1.0,6,6,1.0
970004,test,a38_39,3.5002906,2.0805924,1.0,3,3,1.0,2,2,1.0
982004,test,a38_39,3.358994,3.4262018,1.0,3,3,1.0,2,2,1.0
1033030,test,a38_39,3.7035303,3.8766596,1.0,3,3,1.0,2,2,1.0
1036003,test,a38_39,3.8727438,3.149699,1.0,3,3,1.0,2,2,1.0
1048006,test,a38_39,2.5083098,2.4126072,1.0,3,3,1.0,2,2,1.0
1055172,test,a38_39,1.8405914,3.7397017,1.0,3,3,1.0,2,2,1.0
1060175,test,a38_39,3.2327962,2.8523908,1.0,3,3,1.0,2,2,1.0
1064171,test,a38_39,3.5648522,4.4858203,1.0,3,3,1.0,2,2,1.0
1072171,test,a38_39,3.4142547,2.8985991,1.0,3,3,1.0,2,2,1.0
1084175,test,a38_39,2.5258985,1.3963474,1.0,3,2,1.0,2,2,1.0
1100172,test,a38_39,3.1305933,3.8317928,1.0,3,3,1.0,2,2,1.0
1141171,test,a38_39,2.4158008,0.752443,1.0,3,3,1.0,2,2,1.0
1142030,test,a38_39,3.7144918,3.3023171,1.0,3,3,1.0,2,2,1.0
1144032,test,a38_39,3.5925317,3.9551072,1.0,3,3,1.0,2,2,1.0
1149171,test,a38_39,3.1225917,2.588116,1.0,3,2,1.0,2,2,1.0
1162030,test,a38_39,2.8065264,3.4081893,1.0,3,3,1.0,2,2,1.0
1167030,test,a38_39,1.1767473,0.0,1.0,2,2,1.0,6,6,1.0
1168008,test,a38_39,1.7171915,3.1106615,1.0,3,3,1.0,2,3,1.0
1222179,test,a38_39,2.7547245,2.342743,1.0,3,3,1.0,2,2,1.0
1260008,test,a38_39,3.3599339,2.241885,1.0,3,3,1.0,2,2,1.0
1269030,test,a38_39,2.928338,3.9591064,1.0,3,3,1.0,2,4,1.0
1292030,test,a38_39,3.0989177,2.9246223,1.0,3,2,1.0,2,4,1.0
1298005,test,a38_39,2.5929852,3.2996137,1.0,3,3,1.0,2,2,1.0
1306030,test,a38_39,4.42334,4.886779,1.0,3,3,1.0,2,2,1.0
1335179,test,a38_39,2.827347,3.2282774,1.0,3,3,1.0,2,2,1.0
1353030,test,a38_39,1.6063596,0.0,1.0,3,2,1.0,2,2,1.0
1384030,test,a38_39,3.38069,3.8597128,1.0,3,3,1.0,2,2,1.0
1399008,test,a38_39,2.3756604,3.9200065,1.0,3,3,1.0,2,4,1.0
1415004,test,a38_39,2.5600376,2.7496648,1.0,3,3,1.0,2,2,1.0
1430005,test,a38_39,2.549593,0.0,1.0,3,3,1.0,6,6,1.0
1431003,test,a38_39,3.786892,3.8332024,1.0,3,3,1.0,2,2,1.0
1431004,test,a38_39,2.9906716,1.9831173,1.0,3,3,1.0,2,2,1.0
1431172,test,a38_39,3.7839923,4.455336,1.0,3,3,1.0,2,2,1.0
1462004,test,a38_39,2.4010363,0.0,1.0,3,2,1.0,2,2,1.0
1520173,test,a38_39,3.4306648,3.9155073,1.0,3,3,1.0,2,2,1.0
1522175,test,a38_39,3.3073375,4.768415,1.0,3,3,1.0,2,2,1.0
1542006,test,a38_39,3.216971,4.418266,1.0,3,3,1.0,2,2,1.0
1542177,test,a38_39,3.2600138,4.1952477,1.0,3,3,1.0,2,2,1.0
1567031,test,a38_39,3.6138623,3.7168667,1.0,3,3,1.0,2,6,1.0
1608031,test,a38_39,2.8366675,0.0,0.0,3,-1,0.0,2,-1,0.0
1612003,test,a38_39,3.7073326,3.242958,1.0,3,3,1.0,2,4,1.0
1621003,test,a38_39,1.861367,3.437568,1.0,3,3,1.0,2,2,1.0
1648003,test,a38_39,3.3749087,2.8707297,1.0,3,3,1.0,2,2,1.0
1648030,test,a38_39,3.3631682,3.2510931,1.0,3,3,1.0,2,6,1.0
1670172,test,a38_39,3.0498202,3.1246448,1.0,3,3,1.0,2,2,1.0
1684170,test,a38_39,1.194456,2.5787773,1.0,2,3,1.0,2,2,1.0
1690030,test,a38_39,3.670516,3.6570308,1.0,3,3,1.0,2,2,1.0
1692176,test,a38_39,3.3150618,3.5729935,1.0,3,3,1.0,2,2,1.0
1695030,test,a38_39,2.9111915,2.9226713,1.0,3,3,1.0,6,2,1.0
1697036,test,a38_39,2.7265577,1.4840773,1.0,3,3,1.0,6,2,1.0
1698170,test,a38_39,2.710087,0.00086969405,1.0,3,3,1.0,2,2,1.0
1700031,test,a38_39,3.3522696,3.282534,1.0,3,3,1.0,2,4,1.0
1701003,test,a38_39,3.4753308,3.8529587,1.0,3,3,1.0,2,6,1.0
1711003,test,a38_39,2.120894,0.0,0.0,3,-1,0.0,2,-1,0.0
1711171,test,a38_39,3.2085433,3.6634784,1.0,3,3,1.0,2,2,1.0
1732005,test,a38_39,3.0331392,3.150554,1.0,3,3,1.0,6,4,1.0
1762187,test,a38_39,2.0743604,0.0,1.0,3,2,1.0,2,3,1.0
1786187,test,a38_39,3.4438915,3.3020296,1.0,3,3,1.0,2,2,1.0
1837006,test,a38_39,3.4838395,2.8639922,1.0,3,3,1.0,2,2,1.0
1850172,test,a38_39,2.23999,3.312707,1.0,3,3,1.0,2,2,1.0
1878030,test,a38_39,2.3844252,4.103497,1.0,3,2,1.0,2,4,1.0
1879030,test,a38_39,3.53691,4.0583324,1.0,3,3,1.0,2,2,1.0
1905004,test,a38_39,3.7056804,4.316903,1.0,3,3,1.0,2,2,1.0
1919009,test,a38_39,3.2966037,1.6758715,1.0,3,3,1.0,2,2,1.0
1935004,test,a38_39,2.622188,2.953849,1.0,3,3,1.0,2,2,1.0
1936030,test,a38_39,2.0665731,1.0134155,1.0,3,3,1.0,2,2,1.0
1978171,test,a38_39,2.5726972,2.7871172,1.0,3,3,1.0,2,2,1.0
2030031,test,a38_39,2.9748065,3.1751428,1.0,3,3,1.0,2,2,1.0
2117003,test,a38_39,2.8147442,2.6426997,1.0,3,3,1.0,2,2,1.0
2150172,test,a38_39,2.076562,2.1172922,1.0,3,3,1.0,2,2,1.0
2199182,test,a38_39,2.6018684,3.7052534,1.0,3,2,1.0,2,2,1.0
2206030,test,a38_39,3.170544,1.7450649,1.0,3,3,1.0,2,2,1.0
2212031,test,a38_39,3.5223832,4.496284,1.0,3,3,1.0,2,2,1.0
2238004,test,a38_39,3.3199646,2.8751705,1.0,3,3,1.0,2,4,1.0
2238172,test,a38_39,3.1198585,3.9032092,1.0,3,3,1.0,2,2,1.0
2252172,test,a38_39,3.1592598,2.8751705,1.0,3,3,1.0,2,2,1.0
2255030,test,a38_39,4.1040025,4.374246,1.0,3,3,1.0,2,2,1.0
2277008,test,a38_39,3.1003914,2.8474362,1.0,3,3,1.0,2,2,1.0
2311172,test,a38_39,1.873904,2.7029045,1.0,3,3,1.0,2,2,1.0
2330003,test,a38_39,3.671189,3.9039345,1.0,3,3,1.0,2,2,1.0
2338003,test,a38_39,3.5941355,4.347552,1.0,3,3,1.0,2,2,1.0
2341004,test,a38_39,3.1341276,3.5010288,1.0,3,3,1.0,2,4,1.0
2341005,test,a38_39,2.909823,0.0,1.0,3,3,1.0,2,2,1.0
2354004,test,a38_39,2.057328,2.3049343,1.0,3,3,1.0,2,2,1.0
2392004,test,a38_39,2.282431,2.9341648,1.0,3,3,1.0,2,2,1.0
2393005,test,a38_39,4.115541,3.507782,1.0,3,3,1.0,2,2,1.0
2393171,test,a38_39,3.148592,4.208233,1.0,3,3,1.0,2,2,1.0
2409006,test,a38_39,2.950012,0.0,0.0,3,-1,0.0,2,-1,0.0
2409171,test,a38_39,3.0707915,2.6426997,1.0,3,3,1.0,2,3,1.0
2422178,test,a38_39,3.4968033,3.3621042,1.0,3,3,1.0,2,2,1.0
2459030,test,a38_39,3.2414327,3.924717,1.0,3,3,1.0,2,2,1.0
2474030,test,a38_39,3.3938193,4.0688195,1.0,3,3,1.0,2,2,1.0
2474171,test,a38_39,2.518978,0.0,1.0,3,2,1.0,2,2,1.0
2485173,test,a38_39,2.9477854,2.1378505,1.0,3,2,1.0,2,6,1.0
2496172,test,a38_39,2.7477326,3.3488646,1.0,3,3,1.0,2,2,1.0
2502005,test,a38_39,3.487996,3.390585,1.0,3,3,1.0,2,2,1.0
2510171,test,a38_39,3.4579136,4.289796,1.0,3,3,1.0,2,2,1.0
2525174,test,a38_39,3.0827506,1.9848303,1.0,3,2,1.0,2,2,1.0
2530184,test,a38_39,2.7186053,1.403595,1.0,3,2,1.0,2,2,1.0
2547171,test,a38_39,3.7253172,4.568962,1.0,3,3,1.0,2,2,1.0
2580030,test,a38_39,4.071102,4.819106,1.0,3,3,1.0,2,2,1.0
2593171,test,a38_39,3.162231,4.559393,1.0,3,3,1.0,2,4,1.0
2615031,test,a38_39,3.3351026,3.192419,1.0,3,3,1.0,2,2,1.0
2642030,test,a38_39,2.6265972,3.8566759,1.0,3,3,1.0,2,4,1.0
2655002,test,a38_39,1.5215051,0.0,0.0,3,-1,0.0,2,-1,0.0
2705031,test,a38_39,3.4381702,4.0177207,1.0,3,3,1.0,2,4,1.0
2707179,test,a38_39,3.232377,3.1407087,1.0,3,3,1.0,2,2,1.0
2714031,test,a38_39,3.2635999,3.5910182,1.0,3,3,1.0,2,2,1.0
2717004,test,a38_39,3.4089715,3.7156205,1.0,3,3,1.0,2,2,1.0
2738171,test,a38_39,3.423742,4.1992106,1.0,3,3,1.0,2,2,1.0
2794003,test,a38_39,3.8438182,3.6167965,1.0,3,3,1.0,2,2,1.0
2845030,test,a38_39,2.4897618,3.32431,1.0,3,3,1.0,2,2,1.0
2847030,test,a38_39,2.8483922,3.4514334,1.0,3,3,1.0,4,4,1.0
2848174,test,a38_39,2.0072668,0.0,1.0,3,2,1.0,6,2,1.0
2852006,test,a38_39,1.4562666,2.8745651,1.0,3,2,1.0,2,2,1.0
2852030,test,a38_39,3.4390254,1.7578189,1.0,3,3,1.0,2,2,1.0
2869170,test,a38_39,3.3315122,4.296681,1.0,3,3,1.0,2,2,1.0
2897006,test,a38_39,3.1289766,2.8997164,1.0,3,3,1.0,2,2,1.0
2900171,test,a38_39,3.426079,3.857261,1.0,3,3,1.0,2,2,1.0
2907006,test,a38_39,3.0635598,2.8441474,1.0,3,3,1.0,2,2,1.0
2920030,test,a38_39,3.0640712,3.5910182,1.0,3,2,1.0,2,4,1.0
3107001,test,a38_39,2.867978,3.660574,1.0,3,3,1.0,2,2,1.0
3137007,test,a38_39,2.447957,2.908521,1.0,3,3,1.0,6,6,1.0
3283002,test,a38_39,2.8330605,3.2907898,1.0,3,3,1.0,2,6,1.0
3492001,test,a38_39,3.2184632,0.3199841,1.0,3,2,1.0,2,2,1.0
5016170,test,a38_39,2.8980594,1.8830991,1.0,3,3,1.0,2,4,1.0
5082003,test,a38_39,3.4242039,3.916388,1.0,3,3,1.0,6,4,1.0
5145032,test,a38_39,3.138095,0.0,1.0,3,2,1.0,6,6,1.0
5163030,test,a38_39,3.45473,2.874842,1.0,3,3,1.0,2,4,1.0
5177171,test,a38_39,2.0526042,0.5026926,1.0,3,3,1.0,6,6,1.0
5199178,test,a38_39,2.6612535,3.016735,1.0,3,3,1.0,2,2,1.0
5241030,test,a38_39,2.4396324,3.3928792,1.0,3,3,1.0,2,6,1.0
5264004,test,a38_39,3.0689404,3.4920115,1.0,3,3,1.0,2,2,1.0
5294003,test,a38_39,3.8726957,3.5534267,1.0,3,3,1.0,2,2,1.0
5299172,test,a38_39,3.479445,2.7591305,1.0,3,3,1.0,2,2,1.0
5306002,test,a38_39,2.5101404,0.5325506,1.0,3,2,1.0,2,6,1.0
5350030,test,a38_39,2.739646,3.4463062,1.0,3,3,1.0,2,6,1.0
5364006,test,a38_39,3.367433,3.6436281,1.0,3,2,1.0,6,6,1.0
5366033,test,a38_39,3.0898066,3.6539025,1.0,3,3,1.0,6,4,1.0
5406173,test,a38_39,2.9396405,3.4896688,1.0,3,3,1.0,2,4,1.0
5424030,test,a38_39,1.9693037,3.3914385,1.0,3,3,1.0,6,6,1.0
5425003,test,a38_39,1.716043,2.986773,1.0,2,3,1.0,2,2,1.0
5430031,test,a38_39,1.9321898,0.0,1.0,2,2,1.0,6,6,1.0
5430171,test,a38_39,2.562865,3.2527912,1.0,3,3,1.0,6,6,1.0
5443007,test,a38_39,1.6374049,0.0,1.0,3,2,1.0,2,2,1.0
5464032,test,a38_39,2.6330073,3.0959985,1.0,3,3,1.0,2,2,1.0
5488007,test,a38_39,2.5423794,2.388837,1.0,3,3,1.0,2,2,1.0
5494005,test,a38_39,3.189823,2.6712263,1.0,3,3,1.0,6,6,1.0
5513030,test,a38_39,2.96295,1.8739514,1.0,3,3,1.0,6,6,1.0
5549006,test,a38_39,2.6982956,3.2625797,1.0,3,3,1.0,2,3,1.0
5553173,test,a38_39,2.8808703,4.113696,1.0,3,3,1.0,2,2,1.0
5560186,test,a38_39,3.6433144,3.4533525,1.0,3,3,1.0,2,2,1.0
5569009,test,a38_39,2.9872124,1.8774947,1.0,3,3,1.0,2,2,1.0
5570010,test,a38_39,3.792311,3.7856972,1.0,3,3,1.0,2,4,1.0
5570012,test,a38_39,3.1114378,3.5299022,1.0,3,3,1.0,2,2,1.0
5570033,test,a38_39,3.5455308,3.4081893,1.0,3,3,1.0,2,2,1.0
5576031,test,a38_39,2.6132562,2.8607311,1.0,3,3,1.0,2,2,1.0
5614005,test,a38_39,2.3908737,3.0700378,1.0,3,3,1.0,4,4,1.0
5615010,test,a38_39,2.9398217,3.3347914,1.0,3,3,1.0,6,2,1.0
5615181,test,a38_39,3.454152,3.64069,1.0,3,3,1.0,2,2,1.0
5621170,test,a38_39,3.3724084,2.8751972,1.0,3,3,1.0,2,2,1.0
5626010,test,a38_39,2.781645,3.6983402,1.0,3,3,1.0,2,4,1.0
5634188,test,a38_39,3.1452389,3.7130666,1.0,3,3,1.0,2,5,1.0
5635031,test,a38_39,3.4278069,3.0341442,1.0,3,3,1.0,2,2,1.0
5646006,test,a38_39,1.4999815,1.4691843,1.0,2,2,1.0,6,6,1.0
5660005,test,a38_39,2.9494789,3.3618436,1.0,3,3,1.0,2,2,1.0
5664003,test,a38_39,1.5214833,2.5328875,1.0,3,3,1.0,6,6,1.0
5676007,test,a38_39,3.504078,3.2290735,1.0,3,3,1.0,2,2,1.0
5678030,test,a38_39,2.2290158,2.5460799,1.0,3,2,1.0,6,6,1.0
5684034,test,a38_39,3.2377317,4.285655,1.0,3,3,1.0,2,4,1.0
5784005,test,a38_39,1.485674,0.98314327,1.0,2,2,1.0,6,6,1.0
5819005,test,a38_39,1.4421359,0.0,1.0,3,2,1.0,6,6,1.0
5821008,test,a38_39,2.918311,2.9653394,1.0,3,3,1.0,2,2,1.0
5863033,test,a38_39,1.7088262,2.2691305,1.0,2,3,1.0,6,6,1.0
5921003,test,a38_39,2.7021165,2.8987672,1.0,3,3,1.0,6,6,1.0
5922010,test,a38_39,3.6187325,3.0221944,1.0,3,3,1.0,6,6,1.0
5938031,test,a38_39,2.3234596,0.0,1.0,3,2,1.0,2,6,1.0
5960033,test,a38_39,2.5949085,2.9610908,1.0,3,3,1.0,6,6,1.0
5995005,test,a38_39,1.7942731,3.1931083,1.0,3,3,1.0,6,6,1.0
6028032,test,a38_39,2.8122973,3.2903967,1.0,3,3,1.0,6,6,1.0
6030005,test,a38_39,3.9019017,3.3618436,1.0,3,3,1.0,6,6,1.0
6030008,test,a38_39,3.6841302,3.4057453,1.0,3,3,1.0,6,6,1.0
6093006,test,a38_39,1.1868699,2.8947754,1.0,2,3,1.0,6,6,1.0
6093011,test,a38_39,2.610001,2.4029288,1.0,3,3,1.0,6,6,1.0
6114182,test,a38_39,2.6659477,0.0,1.0,3,-1,0.0,2,4,1.0
6120195,test,a38_39,1.8121471,0.0,1.0,3,2,1.0,2,2,1.0
6121030,test,a38_39,2.7508664,3.990114,1.0,3,3,1.0,6,6,1.0
6179003,test,a38_39,3.779803,3.4187503,1.0,3,3,1.0,2,2,1.0
6179170,test,a38_39,1.4325833,0.0,1.0,3,2,1.0,2,2,1.0
6191006,test,a38_39,3.3370264,3.497985,1.0,3,3,1.0,6,2,1.0
6200175,test,a38_39,3.5324376,0.0,0.0,3,-1,0.0,2,-1,0.0
6210007,test,a38_39,3.5581818,3.3717976,1.0,3,3,1.0,6,2,1.0
6210008,test,a38_39,3.026311,2.1378505,1.0,3,2,1.0,6,2,1.0
6350007,test,a38_39,2.909167,3.0180361,1.0,3,3,1.0,6,2,1.0
6365010,test,a38_39,1.1834327,2.5992112,1.0,2,3,1.0,6,6,1.0
6365011,test,a38_39,2.3336635,0.0,1.0,3,2,1.0,2,2,1.0
6365177,test,a38_39,2.7881877,3.1111588,1.0,3,3,1.0,2,2,1.0
6381008,test,a38_39,2.9797208,4.452307,1.0,3,2,1.0,2,4,1.0
6444003,test,a38_39,2.65792,3.2238517,1.0,3,3,1.0,2,2,1.0
6475006,test,a38_39,1.1774673,1.6452125,1.0,2,3,1.0,6,6,1.0
6475007,test,a38_39,1.0855398,2.188878,1.0,2,3,1.0,6,6,1.0
6509004,test,a38_39,2.6678917,3.403105,1.0,3,3,1.0,6,2,1.0
6545008,test,a38_39,3.6522338,3.8777459,1.0,3,3,1.0,2,2,1.0
6571003,test,a38_39,2.7911701,3.6925054,1.0,3,3,1.0,6,6,1.0
6635009,test,a38_39,1.4690201,0.0,1.0,3,2,1.0,6,6,1.0
6663030,test,a38_39,3.742732,3.9113111,1.0,3,3,1.0,6,6,1.0
6674003,test,a38_39,3.5396,4.0220346,1.0,3,3,1.0,2,3,1.0
6674005,test,a38_39,3.46699,0.0,1.0,3,2,1.0,2,4,1.0
6736181,test,a38_39,2.934598,2.6061158,1.0,3,3,1.0,2,2,1.0
6740003,test,a38_39,2.5376573,2.8639922,1.0,3,3,1.0,2,2,1.0
6769008,test,a38_39,2.6861475,0.0,0.0,3,-1,0.0,2,-1,0.0
6779033,test,a38_39,1.2848034,0.0,1.0,2,2,1.0,6,6,1.0
6820030,test,a38_39,2.9121654,0.0,1.0,3,2,1.0,6,6,1.0
6843006,test,a38_39,1.1247083,1.9161729,1.0,2,3,1.0,6,6,1.0
6857006,test,a38_39,3.6623402,4.07775,1.0,3,3,1.0,2,2,1.0
6030,test,a40_41,3.5479667,3.7499423,1.0,3,3,1.0,2,2,1.0
10030,test,a40_41,3.5729764,4.559393,1.0,3,3,1.0,2,2,1.0
41008,test,a40_41,2.4038253,0.0,1.0,3,2,1.0,2,3,1.0
68003,test,a40_41,4.0174103,4.0359044,1.0,3,3,1.0,2,2,1.0
127030,test,a40_41,3.5462759,1.9284004,1.0,3,3,1.0,6,2,1.0
127031,test,a40_41,3.3910887,2.6091545,1.0,3,3,1.0,6,4,1.0
129031,test,a40_41,1.4956896,2.0290809,1.0,2,3,1.0,6,6,1.0
129196,test,a40_41,2.6894767,0.0,1.0,3,2,1.0,2,2,1.0
165030,test,a40_41,3.3750253,3.9474757,1.0,3,3,1.0,2,2,1.0
284004,test,a40_41,3.994801,4.279761,1.0,3,3,1.0,2,2,1.0
301032,test,a40_41,4.02174,4.00551,1.0,3,3,1.0,2,2,1.0
327003,test,a40_41,3.0405314,3.8113515,1.0,3,3,1.0,2,2,1.0
327171,test,a40_41,3.1374102,1.4956659,1.0,3,3,1.0,2,2,1.0
327172,test,a40_41,2.4947832,2.1790605,1.0,3,3,1.0,2,2,1.0
331005,test,a40_41,4.2684693,4.282937,1.0,3,3,1.0,2,2,1.0
344178,test,a40_41,3.1114569,3.44694,1.0,3,3,1.0,2,2,1.0
461030,test,a40_41,3.3554265,2.8327258,1.0,3,3,1.0,2,2,1.0
486004,test,a40_41,3.356134,3.858834,1.0,3,3,1.0,2,2,1.0
563183,test,a40_41,1.3628316,0.0,1.0,2,2,1.0,2,2,1.0
577004,test,a40_41,2.717384,3.18551,1.0,3,3,1.0,2,2,1.0
607030,test,a40_41,3.7692828,4.129383,1.0,3,3,1.0,2,2,1.0
613173,test,a40_41,3.2287765,4.710525,1.0,3,3,1.0,2,2,1.0
634008,test,a40_41,3.427942,0.0,1.0,3,2,1.0,2,2,1.0
652005,test,a40_41,3.1047902,3.578778,1.0,3,3,1.0,2,2,1.0
672003,test,a40_41,1.4397229,3.6452837,1.0,2,3,1.0,2,4,1.0
691175,test,a40_41,3.1199193,3.0671463,1.0,3,3,1.0,2,2,1.0
699031,test,a40_41,1.8043737,3.5188198,1.0,2,3,1.0,6,6,1.0
722178,test,a40_41,0.85697603,2.6435707,1.0,2,2,1.0,2,2,1.0
771003,test,a40_41,2.61624,3.6737127,1.0,3,3,1.0,2,2,1.0
775005,test,a40_41,3.432737,0.7834087,1.0,3,2,1.0,2,2,1.0
796006,test,a40_41,3.8406084,3.935453,1.0,3,3,1.0,2,6,1.0
844003,test,a40_41,2.984838,3.3626049,1.0,3,3,1.0,2,2,1.0
863006,test,a40_41,3.321895,1.3168756,1.0,3,2,1.0,2,2,1.0
863173,test,a40_41,3.1401029,3.9154449,1.0,3,3,1.0,2,2,1.0
866172,test,a40_41,3.5176249,2.6542404,1.0,3,3,1.0,6,2,1.0
868005,test,a40_41,3.631321,0.0,0.0,3,-1,0.0,2,-1,0.0
875030,test,a40_41,1.513066,0.0,1.0,2,2,1.0,2,2,1.0
897006,test,a40_41,3.3101566,2.0627527,1.0,3,2,1.0,2,4,1.0
922171,test,a40_41,3.445076,4.4280105,1.0,3,3,1.0,2,2,1.0
934030,test,a40_41,3.1460288,4.2702847,1.0,3,3,1.0,2,2,1.0
935005,test,a40_41,2.510643,2.9372149,1.0,3,3,1.0,2,2,1.0
935176,test,a40_41,3.4552884,3.1244323,1.0,3,3,1.0,2,2,1.0
939030,test,a40_41,3.6834607,1.1140053,1.0,3,3,1.0,2,2,1.0
964003,test,a40_41,1.5799828,2.2928271,1.0,3,3,1.0,6,6,1.0
970004,test,a40_41,3.4535518,1.595321,1.0,3,3,1.0,2,2,1.0
982004,test,a40_41,3.289488,3.5209594,1.0,3,3,1.0,2,2,1.0
1033030,test,a40_41,3.7194612,4.8614855,1.0,3,3,1.0,2,2,1.0
1036003,test,a40_41,3.9206266,2.884099,1.0,3,3,1.0,2,2,1.0
1048006,test,a40_41,2.65127,2.782191,1.0,3,3,1.0,2,2,1.0
1055172,test,a40_41,1.9352355,3.6848996,1.0,3,3,1.0,2,2,1.0
1060175,test,a40_41,3.1633542,2.5155134,1.0,3,3,1.0,2,2,1.0
1064171,test,a40_41,3.5942326,3.8597128,1.0,3,3,1.0,2,2,1.0
1072171,test,a40_41,3.448243,3.5870097,1.0,3,3,1.0,2,2,1.0
1084175,test,a40_41,2.6985164,0.12959567,1.0,3,2,1.0,2,2,1.0
1100172,test,a40_41,3.24113,3.9865384,1.0,3,3,1.0,2,2,1.0
1141171,test,a40_41,2.2209756,2.8288498,1.0,3,3,1.0,2,2,1.0
1142030,test,a40_41,3.6940641,3.49205,1.0,3,3,1.0,2,3,1.0
1144032,test,a40_41,3.484402,4.25247,1.0,3,3,1.0,2,2,1.0
1149171,test,a40_41,3.1946154,3.7665071,1.0,3,3,1.0,2,2,1.0
1162030,test,a40_41,2.8198888,3.5748012,1.0,3,3,1.0,2,2,1.0
1167030,test,a40_41,1.2414217,0.0,1.0,2,2,1.0,6,6,1.0
1168008,test,a40_41,1.9602172,3.210248,1.0,3,3,1.0,2,3,1.0
1222179,test,a40_41,2.880809,2.767858,1.0,3,3,1.0,2,2,1.0
1260008,test,a40_41,3.3956306,2.63554,1.0,3,3,1.0,2,2,1.0
1269030,test,a40_41,2.993194,4.243668,1.0,3,3,1.0,2,2,1.0
1292030,test,a40_41,3.0953228,0.8605063,1.0,3,2,1.0,2,4,1.0
1298005,test,a40_41,2.714334,3.515135,1.0,3,3,1.0,2,2,1.0
1306030,test,a40_41,4.398466,4.886779,1.0,3,3,1.0,2,2,1.0
1335179,test,a40_41,3.1706257,3.2139137,1.0,3,3,1.0,2,2,1.0
1353030,test,a40_41,1.7741203,0.0,1.0,3,2,1.0,2,2,1.0
1384030,test,a40_41,3.4089282,3.8051383,1.0,3,3,1.0,2,2,1.0
1399008,test,a40_41,2.7037804,4.0544734,1.0,3,2,1.0,2,4,1.0
1415004,test,a40_41,2.4313254,2.0535257,1.0,3,2,1.0,2,2,1.0
1430005,test,a40_41,2.6543875,0.0,1.0,3,2,1.0,2,6,1.0
1431003,test,a40_41,3.6225843,4.008891,1.0,3,3,1.0,2,2,1.0
1431004,test,a40_41,3.0309184,0.0,1.0,3,2,1.0,2,2,1.0
1431172,test,a40_41,3.777365,4.6023507,1.0,3,3,1.0,2,2,1.0
1462004,test,a40_41,2.4151802,1.7540548,1.0,3,3,1.0,2,2,1.0
1520173,test,a40_41,3.3154643,3.8882296,1.0,3,3,1.0,2,2,1.0
1522175,test,a40_41,3.336227,4.5083756,1.0,3,3,1.0,2,2,1.0
1542006,test,a40_41,3.4063418,4.433782,1.0,3,3,1.0,2,2,1.0
1542177,test,a40_41,3.2809832,4.2022185,1.0,3,3,1.0,2,2,1.0
1567031,test,a40_41,3.6600308,3.8071828,1.0,3,3,1.0,2,6,1.0
1608031,test,a40_41,2.8751895,3.1444824,1.0,3,3,1.0,2,4,1.0
1612003,test,a40_41,3.5707932,4.1677203,1.0,3,3,1.0,2,4,1.0
1621003,test,a40_41,1.9664482,3.2300382,1.0,3,3,1.0,2,2,1.0
1648003,test,a40_41,3.341865,2.9066825,1.0,3,3,1.0,2,2,1.0
1648030,test,a40_41,3.320558,3.3073823,1.0,3,2,1.0,2,6,1.0
1670172,test,a40_41,3.0124497,2.9212708,1.0,3,3,1.0,2,2,1.0
1684170,test,a40_41,1.3309411,0.0,0.0,2,-1,0.0,2,-1,0.0
1690030,test,a40_41,3.5062528,3.6953304,1.0,3,3,1.0,2,2,1.0
1692176,test,a40_41,3.3762226,3.8142254,1.0,3,3,1.0,2,2,1.0
1695030,test,a40_41,2.991481,2.9304814,1.0,3,3,1.0,2,2,1.0
1697036,test,a40_41,2.6909795,0.0,1.0,3,3,1.0,6,2,1.0
1698170,test,a40_41,2.7205226,2.7524128,1.0,3,3,1.0,2,2,1.0
1700031,test,a40_41,3.2485652,3.4132857,1.0,3,3,1.0,2,4,1.0
1701003,test,a40_41,3.6269026,4.083866,1.0,3,3,1.0,2,6,1.0
1711003,test,a40_41,2.1584764,2.6030054,1.0,3,3,1.0,2,2,1.0
1711171,test,a40_41,3.199211,1.7564632,1.0,3,3,1.0,2,2,1.0
1732005,test,a40_41,2.9168954,3.6597633,1.0,3,3,1.0,4,4,1.0
1762187,test,a40_41,1.9562595,2.3030276,1.0,3,3,1.0,2,3,1.0
1786187,test,a40_41,3.501923,3.3871381,1.0,3,3,1.0,2,2,1.0
1837006,test,a40_41,3.4907918,2.9212708,1.0,3,3,1.0,2,2,1.0
1850172,test,a40_41,2.3452382,3.478806,1.0,3,3,1.0,2,2,1.0
1878030,test,a40_41,2.6631465,0.0,1.0,3,2,1.0,2,4,1.0
1879030,test,a40_41,3.646687,4.0048003,1.0,3,3,1.0,2,2,1.0
1905004,test,a40_41,3.712987,3.8047087,1.0,3,3,1.0,2,2,1.0
1919009,test,a40_41,3.1728249,2.2302382,1.0,3,3,1.0,2,2,1.0
1935004,test,a40_41,2.5952153,3.016735,1.0,3,3,1.0,2,2,1.0
1936030,test,a40_41,2.3630683,1.4956659,1.0,3,3,1.0,2,2,1.0
1978171,test,a40_41,2.6228833,2.6840017,1.0,3,3,1.0,2,2,1.0
2030031,test,a40_41,3.0252347,3.3526871,1.0,3,3,1.0,2,2,1.0
2117003,test,a40_41,2.8711662,2.4012594,1.0,3,3,1.0,2,2,1.0
2150172,test,a40_41,2.1708958,2.8005123,1.0,3,2,1.0,2,2,1.0
2199182,test,a40_41,2.7230895,4.0846477,1.0,3,3,1.0,2,2,1.0
2206030,test,a40_41,3.3318744,2.9928195,1.0,3,3,1.0,2,2,1.0
2212031,test,a40_41,3.6231933,4.4331484,1.0,3,3,1.0,2,2,1.0
2238004,test,a40_41,3.3236794,3.9032092,1.0,3,3,1.0,2,4,1.0
2238172,test,a40_41,3.2133248,4.278098,1.0,3,3,1.0,2,3,1.0
2252172,test,a40_41,3.20877,3.153995,1.0,3,3,1.0,2,2,1.0
2255030,test,a40_41,4.2365522,4.886779,1.0,3,3,1.0,2,2,1.0
2277008,test,a40_41,3.1529913,2.7901263,1.0,3,3,1.0,2,2,1.0
2311172,test,a40_41,1.8969662,0.74044657,1.0,3,3,1.0,2,2,1.0
2330003,test,a40_41,3.6394863,3.858834,1.0,3,3,1.0,2,2,1.0
2338003,test,a40_41,3.6354733,4.6548495,1.0,3,3,1.0,2,2,1.0
2341004,test,a40_41,3.0656705,3.0886452,1.0,3,3,1.0,2,4,1.0
2341005,test,a40_41,2.9551716,2.4084687,1.0,3,3,1.0,2,2,1.0
2354004,test,a40_41,1.9592469,2.5044913,1.0,3,3,1.0,2,2,1.0
2392004,test,a40_41,2.2462826,0.0,0.0,3,-1,0.0,2,-1,0.0
2393005,test,a40_41,4.1370406,3.6807222,1.0,3,3,1.0,2,2,1.0
2393171,test,a40_41,3.0823247,3.9681766,1.0,3,3,1.0,2,2,1.0
2409006,test,a40_41,2.990313,0.0,0.0,3,-1,0.0,2,-1,0.0
2409171,test,a40_41,3.1630194,3.0480464,1.0,3,3,1.0,2,4,1.0
2422178,test,a40_41,3.5165823,3.4296312,1.0,3,3,1.0,2,2,1.0
2459030,test,a40_41,3.261518,3.9497616,1.0,3,3,1.0,2,2,1.0
2474030,test,a40_41,3.5090578,4.079769,1.0,3,3,1.0,2,2,1.0
2474171,test,a40_41,2.6553276,0.0,1.0,3,2,1.0,2,2,1.0
2485173,test,a40_41,3.0520184,2.5871267,1.0,3,3,1.0,2,4,1.0
2496172,test,a40_41,2.855155,3.3445346,1.0,3,3,1.0,2,2,1.0
2502005,test,a40_41,3.3652382,3.3588138,1.0,3,3,1.0,2,2,1.0
2510171,test,a40_41,3.5081785,4.455336,1.0,3,3,1.0,2,2,1.0
2525174,test,a40_41,3.2981052,0.0,1.0,3,2,1.0,2,2,1.0
2530184,test,a40_41,2.7594838,0.0,1.0,3,2,1.0,2,2,1.0
2547171,test,a40_41,3.7790341,4.540295,1.0,3,3,1.0,2,2,1.0
2580030,test,a40_41,4.027378,4.8289323,1.0,3,3,1.0,2,2,1.0
2593171,test,a40_41,3.2657487,4.5567827,1.0,3,3,1.0,2,4,1.0
2615031,test,a40_41,3.3433127,3.1635318,1.0,3,3,1.0,2,2,1.0
2642030,test,a40_41,2.6909592,3.5686162,1.0,3,3,1.0,2,2,1.0
2655002,test,a40_41,1.6501092,0.0,1.0,3,2,1.0,2,2,1.0
2705031,test,a40_41,3.338003,3.5910182,1.0,3,3,1.0,2,4,1.0
2707179,test,a40_41,3.2648373,3.1097243,1.0,3,3,1.0,2,2,1.0
2714031,test,a40_41,3.2138228,4.4998927,1.0,3,3,1.0,2,3,1.0
2717004,test,a40_41,3.2625928,3.5781584,1.0,3,3,1.0,2,2,1.0
2738171,test,a40_41,3.4221673,4.0232816,1.0,3,3,1.0,2,2,1.0
2794003,test,a40_41,3.8086722,3.718102,1.0,3,3,1.0,2,2,1.0
2845030,test,a40_41,2.657659,3.4900744,1.0,3,3,1.0,2,2,1.0
2847030,test,a40_41,2.9589977,3.4371748,1.0,3,3,1.0,4,4,1.0
2848174,test,a40_41,2.1855896,0.0,1.0,3,3,1.0,6,2,1.0
2852006,test,a40_41,1.6359153,1.7842062,1.0,3,3,1.0,2,2,1.0
2852030,test,a40_41,3.4291654,3.4605064,1.0,3,3,1.0,2,4,1.0
2869170,test,a40_41,3.3628097,4.2101345,1.0,3,3,1.0,2,2,1.0
2897006,test,a40_41,3.1391673,0.0,1.0,3,3,1.0,2,2,1.0
2900171,test,a40_41,3.4321568,3.6409497,1.0,3,3,1.0,2,2,1.0
2907006,test,a40_41,3.0695777,2.6187103,1.0,3,3,1.0,2,2,1.0
2920030,test,a40_41,3.1229043,0.0,0.0,3,-1,0.0,6,-1,0.0
3107001,test,a40_41,3.150811,3.2733867,1.0,3,3,1.0,2,2,1.0
3137007,test,a40_41,2.5231016,2.5467622,1.0,3,3,1.0,6,6,1.0
3283002,test,a40_41,3.1978893,3.921005,1.0,3,3,1.0,2,6,1.0
3492001,test,a40_41,3.2805748,0.0,1.0,3,2,1.0,2,2,1.0
5016170,test,a40_41,3.0853932,2.2421632,1.0,3,3,1.0,2,4,1.0
5082003,test,a40_41,3.3823233,3.9932265,1.0,3,3,1.0,2,4,1.0
5145032,test,a40_41,3.1708076,3.1170058,1.0,3,3,1.0,6,6,1.0
5163030,test,a40_41,3.4451447,2.9642875,1.0,3,3,1.0,2,4,1.0
5177171,test,a40_41,2.0353014,0.49211225,1.0,3,2,1.0,6,6,1.0
5199178,test,a40_41,2.768773,3.59953,1.0,3,3,1.0,2,2,1.0
5241030,test,a40_41,2.6477952,3.5749753,1.0,3,3,1.0,2,6,1.0
5264004,test,a40_41,3.0626175,3.5120373,1.0,3,3,1.0,2,2,1.0
5294003,test,a40_41,3.726487,3.654262,1.0,3,3,1.0,2,2,1.0
5299172,test,a40_41,3.649096,3.1953952,1.0,3,3,1.0,2,2,1.0
5306002,test,a40_41,2.547004,0.3266577,1.0,3,2,1.0,2,6,1.0
5350030,test,a40_41,2.7625313,3.3050623,1.0,3,3,1.0,4,6,1.0
5364006,test,a40_41,3.4990828,4.7806487,1.0,3,3,1.0,6,6,1.0
5366033,test,a40_41,3.2774413,3.8141546,1.0,3,3,1.0,6,4,1.0
5406173,test,a40_41,3.0662165,3.6509905,1.0,3,3,1.0,2,4,1.0
5424030,test,a40_41,1.8619533,1.3657057,1.0,3,3,1.0,6,6,1.0
5425003,test,a40_41,1.797272,2.8280425,1.0,3,3,1.0,2,2,1.0
5430031,test,a40_41,1.9232781,0.6298249,1.0,2,2,1.0,6,6,1.0
5430171,test,a40_41,2.6198049,2.7871172,1.0,3,3,1.0,6,6,1.0
5443007,test,a40_41,1.6280105,3.016735,1.0,3,3,1.0,2,2,1.0
5464032,test,a40_41,2.5696616,1.6090235,1.0,3,2,1.0,2,2,1.0
5488007,test,a40_41,2.4422264,2.6505947,1.0,3,3,1.0,2,2,1.0
5494005,test,a40_41,3.1608675,3.4877887,1.0,3,3,1.0,6,2,1.0
5513030,test,a40_41,2.977271,0.0,1.0,3,3,1.0,6,6,1.0
5549006,test,a40_41,2.5224316,3.1447468,1.0,3,2,1.0,2,3,1.0
5553173,test,a40_41,2.926674,4.0601115,1.0,3,3,1.0,2,2,1.0
5560186,test,a40_41,3.6704187,3.5258186,1.0,3,3,1.0,2,2,1.0
5569009,test,a40_41,2.8280344,3.5397089,1.0,3,3,1.0,2,3,1.0
5570010,test,a40_41,3.8750873,3.7746825,1.0,3,3,1.0,2,4,1.0
5570012,test,a40_41,3.1287906,3.5320323,1.0,3,3,1.0,2,2,1.0
5570033,test,a40_41,3.523473,3.0667183,1.0,3,3,1.0,2,2,1.0
5576031,test,a40_41,2.4506893,2.7843602,1.0,3,3,1.0,2,2,1.0
5614005,test,a40_41,2.3927312,1.4687297,1.0,3,2,1.0,3,4,1.0
5615010,test,a40_41,3.067702,3.456708,1.0,3,3,1.0,6,2,1.0
5615181,test,a40_41,3.4810548,3.760343,1.0,3,3,1.0,2,2,1.0
5621170,test,a40_41,3.4821434,2.9801733,1.0,3,3,1.0,2,2,1.0
5626010,test,a40_41,2.848331,3.3771255,1.0,3,3,1.0,2,4,1.0
5634188,test,a40_41,3.0907867,4.2273045,1.0,3,3,1.0,2,5,1.0
5635031,test,a40_41,3.329328,2.0191162,1.0,3,2,1.0,2,2,1.0
5646006,test,a40_41,1.5532917,0.6864259,1.0,3,2,1.0,6,6,1.0
5660005,test,a40_41,2.8925579,1.360323,1.0,3,3,1.0,2,3,1.0
5664003,test,a40_41,1.6526638,2.423047,1.0,3,2,1.0,6,6,1.0
5676007,test,a40_41,3.3361256,3.4555361,1.0,3,3,1.0,2,2,1.0
5678030,test,a40_41,2.1732812,0.0,1.0,3,2,1.0,6,6,1.0
5684034,test,a40_41,3.113171,3.965506,1.0,3,3,1.0,2,2,1.0
5784005,test,a40_41,1.4060603,0.544594,1.0,2,3,1.0,6,6,1.0
5819005,test,a40_41,1.4327707,0.0,1.0,3,3,1.0,6,6,1.0
5821008,test,a40_41,2.777065,3.1290631,1.0,3,3,1.0,2,2,1.0
5863033,test,a40_41,1.819886,2.174519,1.0,3,3,1.0,6,6,1.0
5921003,test,a40_41,2.5606604,3.4085956,1.0,3,3,1.0,6,6,1.0
5922010,test,a40_41,3.482005,4.886779,1.0,3,3,1.0,6,6,1.0
5938031,test,a40_41,2.3898327,0.0,1.0,3,2,1.0,4,6,1.0
5960033,test,a40_41,2.5523736,3.553619,1.0,3,3,1.0,6,6,1.0
5995005,test,a40_41,1.9218214,0.0,1.0,3,2,1.0,6,6,1.0
6028032,test,a40_41,2.8383453,3.255347,1.0,3,3,1.0,6,6,1.0
6030005,test,a40_41,3.742375,3.3395429,1.0,3,3,1.0,6,2,1.0
6030008,test,a40_41,3.5085354,3.1301715,1.0,3,3,1.0,6,2,1.0
6093006,test,a40_41,1.307683,3.1447468,1.0,2,3,1.0,6,6,1.0
6093011,test,a40_41,2.5532303,3.3018157,1.0,3,3,1.0,6,6,1.0
6114182,test,a40_41,2.7476854,0.0,1.0,3,2,1.0,2,4,1.0
6120195,test,a40_41,2.0891857,0.0,1.0,3,3,1.0,2,3,1.0
6121030,test,a40_41,2.5003617,3.929484,1.0,3,3,1.0,4,6,1.0
6179003,test,a40_41,3.8609247,3.4392455,1.0,3,3,1.0,2,2,1.0
6179170,test,a40_41,1.5251682,0.0,1.0,3,2,1.0,2,2,1.0
6191006,test,a40_41,3.412656,3.8172607,1.0,3,3,1.0,2,2,1.0
6200175,test,a40_41,3.4832253,3.2527912,1.0,3,3,1.0,2,2,1.0
6210007,test,a40_41,3.5921726,3.212376,1.0,3,3,1.0,6,2,1.0
6210008,test,a40_41,3.0851305,0.0,1.0,3,2,1.0,6,4,1.0
6350007,test,a40_41,2.8878362,3.1544933,1.0,3,3,1.0,6,2,1.0
6365010,test,a40_41,1.2433438,3.0165422,1.0,2,3,1.0,6,6,1.0
6365011,test,a40_41,2.284702,0.0,1.0,3,2,1.0,4,2,1.0
6365177,test,a40_41,2.8756223,3.6634784,1.0,3,3,1.0,2,2,1.0
6381008,test,a40_41,2.8687553,0.0,1.0,3,2,1.0,2,4,1.0
6444003,test,a40_41,2.5704675,2.9807694,1.0,3,3,1.0,2,2,1.0
6475006,test,a40_41,1.0065137,0.0,1.0,2,2,1.0,6,6,1.0
6475007,test,a40_41,0.8723581,3.4318714,1.0,2,3,1.0,6,6,1.0
6509004,test,a40_41,2.7873638,3.3419354,1.0,3,3,1.0,6,2,1.0
6545008,test,a40_41,3.5298085,0.0,1.0,3,3,1.0,2,2,1.0
6571003,test,a40_41,2.6993647,4.2124395,1.0,3,3,1.0,6,6,1.0
6635009,test,a40_41,1.4261639,0.0,1.0,3,2,1.0,6,6,1.0
6663030,test,a40_41,3.6087956,4.0755825,1.0,3,3,1.0,6,6,1.0
6674003,test,a40_41,3.499452,4.3560786,1.0,3,3,1.0,2,4,1.0
6674005,test,a40_41,3.503514,0.0,1.0,3,2,1.0,2,4,1.0
6736181,test,a40_41,2.9416137,2.6303368,1.0,3,3,1.0,2,2,1.0
6740003,test,a40_41,2.4322386,2.6061158,1.0,3,3,1.0,2,2,1.0
6769008,test,a40_41,2.6958096,2.2111993,1.0,3,3,1.0,2,3,1.0
6779033,test,a40_41,1.2585554,0.0,1.0,2,2,1.0,6,6,1.0
6820030,test,a40_41,2.9530687,0.0,1.0,3,2,1.0,6,6,1.0
6843006,test,a40_41,1.063195,1.8969418,1.0,2,2,1.0,6,2,1.0
6857006,test,a40_41,3.6077073,3.766271,1.0,3,3,1.0,2,3,1.0
6030,test,a42_43,3.398151,4.018007,1.0,3,3,1.0,2,2,1.0
10030,test,a42_43,3.5144033,4.516398,1.0,3,3,1.0,2,2,1.0
41008,test,a42_43,2.4776819,0.0,1.0,3,2,1.0,2,4,1.0
68003,test,a42_43,3.927884,3.703213,1.0,3,3,1.0,2,2,1.0
127030,test,a42_43,3.4485729,0.0,0.0,3,-1,0.0,6,-1,0.0
127031,test,a42_43,3.349063,3.1822217,1.0,3,3,1.0,6,4,1.0
129031,test,a42_43,1.5864484,2.110738,1.0,2,3,1.0,6,6,1.0
129196,test,a42_43,2.6987293,0.0,1.0,3,2,1.0,2,2,1.0
165030,test,a42_43,3.1866598,4.0063634,1.0,3,3,1.0,2,2,1.0
284004,test,a42_43,3.8467722,4.437202,1.0,3,3,1.0,2,2,1.0
301032,test,a42_43,3.9155183,3.9811094,1.0,3,3,1.0,2,2,1.0
327003,test,a42_43,3.0659242,3.8643053,1.0,3,3,1.0,2,2,1.0
327171,test,a42_43,3.164598,2.8548763,1.0,3,3,1.0,2,2,1.0
327172,test,a42_43,2.5120409,3.2091634,1.0,3,3,1.0,2,2,1.0
331005,test,a42_43,4.0216575,4.2756553,1.0,3,3,1.0,2,2,1.0
344178,test,a42_43,3.109307,3.4481115,1.0,3,3,1.0,2,2,1.0
461030,test,a42_43,3.3939278,3.3523545,1.0,3,3,1.0,2,2,1.0
486004,test,a42_43,3.3265462,3.933598,1.0,3,3,1.0,2,2,1.0
563183,test,a42_43,1.3775175,0.0,1.0,3,2,1.0,2,2,1.0
577004,test,a42_43,2.5530355,2.9315493,1.0,3,3,1.0,2,2,1.0
607030,test,a42_43,3.7101395,3.9962149,1.0,3,3,1.0,2,2,1.0
613173,test,a42_43,3.2111878,4.227375,1.0,3,3,1.0,2,2,1.0
634008,test,a42_43,3.4066477,0.0,1.0,3,2,1.0,2,2,1.0
652005,test,a42_43,3.168364,3.6719475,1.0,3,3,1.0,2,2,1.0
672003,test,a42_43,1.7260046,3.808172,1.0,3,3,1.0,2,4,1.0
691175,test,a42_43,3.0493617,3.1299195,1.0,3,3,1.0,2,2,1.0
699031,test,a42_43,1.8894668,3.583789,1.0,2,3,1.0,6,6,1.0
722178,test,a42_43,0.90834796,2.521224,1.0,2,3,1.0,2,2,1.0
771003,test,a42_43,2.628775,3.6820703,1.0,3,3,1.0,2,2,1.0
775005,test,a42_43,3.6020427,0.8922645,1.0,3,2,1.0,2,2,1.0
796006,test,a42_43,3.7594533,3.7072225,1.0,3,3,1.0,2,6,1.0
844003,test,a42_43,3.0115714,3.515213,1.0,3,3,1.0,2,2,1.0
863006,test,a42_43,3.2284164,1.3962052,1.0,3,3,1.0,2,2,1.0
863173,test,a42_43,3.2140937,4.0801353,1.0,3,3,1.0,2,2,1.0
866172,test,a42_43,3.3184137,3.1822217,1.0,3,3,1.0,2,2,1.0
868005,test,a42_43,3.5154977,4.123802,1.0,3,3,1.0,2,2,1.0
875030,test,a42_43,1.4914967,0.0,1.0,2,2,1.0,2,2,1.0
897006,test,a42_43,3.1542451,0.0,1.0,3,2,1.0,2,4,1.0
922171,test,a42_43,3.4086785,4.564996,1.0,3,3,1.0,2,2,1.0
934030,test,a42_43,3.1514406,4.243668,1.0,3,3,1.0,2,2,1.0
935005,test,a42_43,2.593147,2.483961,1.0,3,3,1.0,2,2,1.0
935176,test,a42_43,3.4653149,3.3922262,1.0,3,3,1.0,2,2,1.0
939030,test,a42_43,3.6074448,0.0,1.0,3,2,1.0,2,2,1.0
964003,test,a42_43,1.417799,2.023317,1.0,3,3,1.0,6,6,1.0
970004,test,a42_43,3.534265,3.4467251,1.0,3,3,1.0,2,2,1.0
982004,test,a42_43,3.2030077,3.616172,1.0,3,3,1.0,2,2,1.0
1033030,test,a42_43,3.658104,4.886779,1.0,3,3,1.0,2,2,1.0
1036003,test,a42_43,3.9783003,3.3667955,1.0,3,3,1.0,2,2,1.0
1048006,test,a42_43,2.7282133,2.895511,1.0,3,3,1.0,2,2,1.0
1055172,test,a42_43,1.8859782,3.6527476,1.0,3,3,1.0,2,2,1.0
1060175,test,a42_43,3.0638888,2.5045755,1.0,3,3,1.0,2,2,1.0
1064171,test,a42_43,3.597865,4.023821,1.0,3,3,1.0,2,2,1.0
1072171,test,a42_43,3.4436104,2.8696802,1.0,3,3,1.0,2,2,1.0
1084175,test,a42_43,2.7478752,0.0,1.0,3,2,1.0,2,2,1.0
1100172,test,a42_43,3.199581,3.9111626,1.0,3,3,1.0,2,2,1.0
1141171,test,a42_43,2.3788674,3.0497952,1.0,3,3,1.0,2,4,1.0
1142030,test,a42_43,3.7216656,3.3326652,1.0,3,3,1.0,2,4,1.0
1144032,test,a42_43,3.4824712,4.289485,1.0,3,3,1.0,2,2,1.0
1149171,test,a42_43,3.278851,3.9254675,1.0,3,3,1.0,2,2,1.0
1162030,test,a42_43,2.8989992,3.525854,1.0,3,3,1.0,2,2,1.0
1167030,test,a42_43,1.2077911,0.0,1.0,2,3,1.0,6,6,1.0
1168008,test,a42_43,1.858352,3.535023,1.0,3,3,1.0,2,3,1.0
1222179,test,a42_43,2.843135,2.8725085,1.0,3,3,1.0,2,2,1.0
1260008,test,a42_43,3.1371744,2.7313974,1.0,3,3,1.0,2,2,1.0
1269030,test,a42_43,3.2168725,4.3682094,1.0,3,3,1.0,2,2,1.0
1292030,test,a42_43,3.2172809,0.0,1.0,3,2,1.0,2,4,1.0
1298005,test,a42_43,2.8220644,3.5551443,1.0,3,3,1.0,2,2,1.0
1306030,test,a42_43,4.2163167,4.886779,1.0,3,3,1.0,2,2,1.0
1335179,test,a42_43,3.021264,3.439407,1.0,3,3,1.0,2,2,1.0
1353030,test,a42_43,1.6913857,0.0,1.0,3,2,1.0,2,2,1.0
1384030,test,a42_43,3.4648266,3.6010532,1.0,3,3,1.0,2,2,1.0
1399008,test,a42_43,2.5649588,4.2632937,1.0,3,2,1.0,2,4,1.0
1415004,test,a42_43,2.5081465,1.6088175,1.0,3,3,1.0,2,2,1.0
1430005,test,a42_43,2.7772994,0.0,1.0,3,2,1.0,2,6,1.0
1431003,test,a42_43,3.5377586,4.011046,1.0,3,3,1.0,2,2,1.0
1431004,test,a42_43,2.952434,1.4956659,1.0,3,3,1.0,2,2,1.0
1431172,test,a42_43,3.8027527,4.584402,1.0,3,3,1.0,2,2,1.0
1462004,test,a42_43,2.3352678,3.3424077,1.0,3,3,1.0,2,2,1.0
1520173,test,a42_43,3.2652707,3.747171,1.0,3,3,1.0,2,2,1.0
1522175,test,a42_43,3.3497455,4.696712,1.0,3,3,1.0,2,2,1.0
1542006,test,a42_43,3.5159056,4.3451347,1.0,3,3,1.0,2,2,1.0
1542177,test,a42_43,3.3341157,4.0403357,1.0,3,3,1.0,2,2,1.0
1567031,test,a42_43,3.619028,3.7483754,1.0,3,3,1.0,2,6,1.0
1608031,test,a42_43,3.0510197,3.5092788,1.0,3,3,1.0,2,4,1.0
1612003,test,a42_43,3.7566934,4.0259957,1.0,3,3,1.0,2,4,1.0
1621003,test,a42_43,2.1188817,0.0,1.0,3,3,1.0,2,2,1.0
1648003,test,a42_43,3.4091084,2.5321536,1.0,3,3,1.0,2,2,1.0
1648030,test,a42_43,3.3306282,0.6704159,1.0,3,2,1.0,2,6,1.0
1670172,test,a42_43,3.0871787,3.1949477,1.0,3,3,1.0,2,2,1.0
1684170,test,a42_43,1.2413874,3.265041,1.0,2,3,1.0,2,2,1.0
1690030,test,a42_43,3.5290928,3.680744,1.0,3,3,1.0,2,2,1.0
1692176,test,a42_43,3.4045544,3.9474757,1.0,3,3,1.0,2,2,1.0
1695030,test,a42_43,2.9180336,3.1937861,1.0,3,3,1.0,6,2,1.0
1697036,test,a42_43,3.0438013,1.541289,1.0,3,3,1.0,6,2,1.0
1698170,test,a42_43,2.7473576,2.7459342,1.0,3,3,1.0,2,2,1.0
1700031,test,a42_43,3.335611,3.5983753,1.0,3,3,1.0,2,4,1.0
1701003,test,a42_43,3.4760973,4.1992106,1.0,3,3,1.0,2,6,1.0
1711003,test,a42_43,2.224013,0.0,1.0,3,2,1.0,2,2,1.0
1711171,test,a42_43,3.2249465,0.0,1.0,3,2,1.0,2,2,1.0
1732005,test,a42_43,3.1230874,4.4446826,1.0,3,3,1.0,2,4,1.0
1762187,test,a42_43,1.9109197,1.674252,1.0,3,3,1.0,2,3,1.0
1786187,test,a42_43,3.466072,3.3329153,1.0,3,3,1.0,2,2,1.0
1837006,test,a42_43,3.7888386,2.976302,1.0,3,3,1.0,2,2,1.0
1850172,test,a42_43,2.2248323,3.4697297,1.0,3,3,1.0,2,2,1.0
1878030,test,a42_43,2.9070816,2.5655892,1.0,3,3,1.0,2,4,1.0
1879030,test,a42_43,3.6954274,4.0755825,1.0,3,3,1.0,2,2,1.0
1905004,test,a42_43,3.7788205,4.7210507,1.0,3,3,1.0,2,2,1.0
1919009,test,a42_43,3.2619276,2.1802564,1.0,3,3,1.0,2,2,1.0
1935004,test,a42_43,2.5608451,1.0762821,1.0,3,3,1.0,2,2,1.0
1936030,test,a42_43,2.5727882,1.3160636,1.0,3,3,1.0,2,2,1.0
1978171,test,a42_43,2.6146512,2.9928195,1.0,3,3,1.0,2,2,1.0
2030031,test,a42_43,3.075698,3.3705976,1.0,3,3,1.0,2,2,1.0
2117003,test,a42_43,2.9220552,2.3713877,1.0,3,3,1.0,2,2,1.0
2150172,test,a42_43,2.0772107,3.0265424,1.0,3,3,1.0,2,4,1.0
2199182,test,a42_43,2.8355074,4.1060762,1.0,3,3,1.0,2,2,1.0
2206030,test,a42_43,3.4944417,2.9993773,1.0,3,3,1.0,2,2,1.0
2212031,test,a42_43,3.7451916,4.3677416,1.0,3,3,1.0,2,2,1.0
2238004,test,a42_43,3.354816,4.0907726,1.0,3,3,1.0,2,4,1.0
2238172,test,a42_43,3.1690204,4.4151845,1.0,3,3,1.0,2,4,1.0
2252172,test,a42_43,3.1835191,3.0762377,1.0,3,3,1.0,2,2,1.0
2255030,test,a42_43,4.3303437,4.6077914,1.0,3,3,1.0,2,2,1.0
2277008,test,a42_43,2.9991422,2.9075313,1.0,3,3,1.0,2,2,1.0
2311172,test,a42_43,1.9745319,2.0253,1.0,3,3,1.0,2,2,1.0
2330003,test,a42_43,3.6522346,4.706708,1.0,3,3,1.0,2,2,1.0
2338003,test,a42_43,3.7468152,4.748924,1.0,3,3,1.0,2,2,1.0
2341004,test,a42_43,3.011014,3.5317435,1.0,3,2,1.0,2,2,1.0
2341005,test,a42_43,3.0139809,4.5817747,1.0,3,3,1.0,2,2,1.0
2354004,test,a42_43,1.9532127,2.3713877,1.0,3,3,1.0,2,2,1.0
2392004,test,a42_43,2.190496,3.3104866,1.0,3,3,1.0,2,3,1.0
2393005,test,a42_43,4.0570717,3.3018157,1.0,3,3,1.0,2,2,1.0
2393171,test,a42_43,2.9669838,4.596202,1.0,3,3,1.0,2,2,1.0
2409006,test,a42_43,3.0382545,3.8550358,1.0,3,3,1.0,2,4,1.0
2409171,test,a42_43,3.0842466,2.9554553,1.0,3,3,1.0,2,4,1.0
2422178,test,a42_43,3.4796605,3.470292,1.0,3,3,1.0,2,2,1.0
2459030,test,a42_43,3.1604364,4.0590634,1.0,3,3,1.0,2,2,1.0
2474030,test,a42_43,3.608976,4.110122,1.0,3,3,1.0,2,2,1.0
2474171,test,a42_43,2.4381092,0.0,1.0,3,3,1.0,2,2,1.0
2485173,test,a42_43,3.0274863,2.700981,1.0,3,3,1.0,2,2,1.0
2496172,test,a42_43,2.9134889,3.4664924,1.0,3,3,1.0,2,2,1.0
2502005,test,a42_43,3.3402183,4.0467095,1.0,3,3,1.0,2,2,1.0
2510171,test,a42_43,3.3759341,4.201887,1.0,3,3,1.0,2,2,1.0
2525174,test,a42_43,3.339917,0.0,1.0,3,2,1.0,2,2,1.0
2530184,test,a42_43,2.7370512,2.1477582,1.0,3,3,1.0,2,2,1.0
2547171,test,a42_43,3.7969923,4.3276353,1.0,3,3,1.0,2,2,1.0
2580030,test,a42_43,3.897681,4.7627664,1.0,3,3,1.0,2,2,1.0
2593171,test,a42_43,3.2618341,4.5300713,1.0,3,3,1.0,2,4,1.0
2615031,test,a42_43,3.4275315,3.1693892,1.0,3,3,1.0,2,2,1.0
2642030,test,a42_43,2.5707517,3.7204437,1.0,3,3,1.0,2,2,1.0
2655002,test,a42_43,1.521681,0.0,1.0,3,2,1.0,2,2,1.0
2705031,test,a42_43,3.4386353,3.8177946,1.0,3,3,1.0,2,4,1.0
2707179,test,a42_43,3.2437954,2.8142757,1.0,3,3,1.0,2,2,1.0
2714031,test,a42_43,3.2135642,4.569471,1.0,3,3,1.0,2,4,1.0
2717004,test,a42_43,3.236701,3.5017936,1.0,3,3,1.0,2,2,1.0
2738171,test,a42_43,3.4219327,3.9697835,1.0,3,3,1.0,2,2,1.0
2794003,test,a42_43,3.7207675,3.6463413,1.0,3,3,1.0,2,2,1.0
2845030,test,a42_43,2.7485387,3.6226897,1.0,3,3,1.0,2,2,1.0
2847030,test,a42_43,3.0235043,3.4256546,1.0,3,3,1.0,4,4,1.0
2848174,test,a42_43,2.2314053,2.3689122,1.0,3,3,1.0,2,2,1.0
2852006,test,a42_43,1.6692604,3.0007699,1.0,3,2,1.0,2,3,1.0
2852030,test,a42_43,3.5581222,2.2156281,1.0,3,2,1.0,2,4,1.0
2869170,test,a42_43,3.370608,4.379163,1.0,3,3,1.0,2,2,1.0
2897006,test,a42_43,3.2082293,3.6260033,1.0,3,3,1.0,2,2,1.0
2900171,test,a42_43,3.4451997,3.7188902,1.0,3,3,1.0,2,2,1.0
2907006,test,a42_43,3.0447855,2.8249462,1.0,3,3,1.0,2,2,1.0
2920030,test,a42_43,3.241025,3.3265107,1.0,3,3,1.0,6,4,1.0
3107001,test,a42_43,2.769023,1.9854654,1.0,3,3,1.0,2,4,1.0
3137007,test,a42_43,2.3900971,2.4228272,1.0,3,2,1.0,6,6,1.0
3283002,test,a42_43,2.9094522,3.9443512,1.0,3,3,1.0,2,6,1.0
3492001,test,a42_43,3.2158442,0.118359506,1.0,3,2,1.0,2,2,1.0
5016170,test,a42_43,2.9752643,2.743526,1.0,3,3,1.0,2,4,1.0
5082003,test,a42_43,3.4873571,3.938906,1.0,3,3,1.0,6,4,1.0
5145032,test,a42_43,3.0172293,3.1056306,1.0,3,3,1.0,6,6,1.0
5163030,test,a42_43,3.3669963,3.1932871,1.0,3,3,1.0,2,4,1.0
5177171,test,a42_43,2.0106587,0.9682884,1.0,3,2,1.0,6,6,1.0
5199178,test,a42_43,2.790143,3.7188902,1.0,3,3,1.0,2,2,1.0
5241030,test,a42_43,2.5950296,3.4132857,1.0,3,3,1.0,2,6,1.0
5264004,test,a42_43,3.0459013,3.606141,1.0,3,3,1.0,2,2,1.0
5294003,test,a42_43,3.5782487,3.6645775,1.0,3,3,1.0,2,2,1.0
5299172,test,a42_43,3.5372214,3.3685656,1.0,3,3,1.0,2,2,1.0
5306002,test,a42_43,2.6081238,0.0,1.0,3,2,1.0,4,6,1.0
5350030,test,a42_43,2.6795049,3.5163884,1.0,3,3,1.0,2,2,1.0
5364006,test,a42_43,3.2764692,4.2447352,1.0,3,3,1.0,6,6,1.0
5366033,test,a42_43,3.40021,3.8660583,1.0,3,3,1.0,6,4,1.0
5406173,test,a42_43,3.037635,3.5017936,1.0,3,3,1.0,2,4,1.0
5424030,test,a42_43,1.8357428,2.9297807,1.0,2,3,1.0,6,6,1.0
5425003,test,a42_43,1.9384973,2.960796,1.0,3,3,1.0,2,2,1.0
5430031,test,a42_43,1.8603492,0.0,1.0,3,2,1.0,6,6,1.0
5430171,test,a42_43,2.4935546,3.5347836,1.0,3,3,1.0,6,6,1.0
5443007,test,a42_43,1.8201572,1.5825812,1.0,3,3,1.0,2,2,1.0
5464032,test,a42_43,2.6867464,3.1379235,1.0,3,3,1.0,2,2,1.0
5488007,test,a42_43,2.4157526,2.7536736,1.0,3,3,1.0,2,2,1.0
5494005,test,a42_43,3.049292,3.4795048,1.0,3,3,1.0,6,2,1.0
5513030,test,a42_43,2.8198323,3.0000806,1.0,3,3,1.0,6,6,1.0
5549006,test,a42_43,2.4488742,3.335851,1.0,3,3,1.0,2,4,1.0
5553173,test,a42_43,2.9679646,3.8834674,1.0,3,3,1.0,2,2,1.0
5560186,test,a42_43,3.6558197,3.7111013,1.0,3,3,1.0,2,2,1.0
5569009,test,a42_43,2.889641,0.0,1.0,3,2,1.0,2,3,1.0
5570010,test,a42_43,3.8951309,3.7150583,1.0,3,3,1.0,2,2,1.0
5570012,test,a42_43,3.2592773,3.6708767,1.0,3,3,1.0,2,2,1.0
5570033,test,a42_43,3.5779092,3.5471745,1.0,3,3,1.0,2,2,1.0
5576031,test,a42_43,2.3752146,2.7944415,1.0,3,3,1.0,2,2,1.0
5614005,test,a42_43,2.5976515,0.0,1.0,3,2,1.0,4,4,1.0
5615010,test,a42_43,3.0022974,3.4707472,1.0,3,3,1.0,6,2,1.0
5615181,test,a42_43,3.445949,3.3615167,1.0,3,3,1.0,2,2,1.0
5621170,test,a42_43,3.4437933,3.3248508,1.0,3,3,1.0,2,2,1.0
5626010,test,a42_43,2.805563,3.3940077,1.0,3,2,1.0,2,4,1.0
5634188,test,a42_43,3.15241,4.25247,1.0,3,2,1.0,2,5,1.0
5635031,test,a42_43,3.2933552,3.5281215,1.0,3,3,1.0,2,2,1.0
5646006,test,a42_43,1.5419443,0.0,1.0,3,2,1.0,6,4,1.0
5660005,test,a42_43,2.82039,3.265041,1.0,3,3,1.0,2,4,1.0
5664003,test,a42_43,1.8429973,1.9812955,1.0,3,3,1.0,6,6,1.0
5676007,test,a42_43,3.4354515,3.488077,1.0,3,3,1.0,2,2,1.0
5678030,test,a42_43,2.3735743,2.3447468,1.0,3,2,1.0,6,6,1.0
5684034,test,a42_43,3.191965,4.056188,1.0,3,3,1.0,2,2,1.0
5784005,test,a42_43,1.3230233,1.765224,1.0,2,3,1.0,6,6,1.0
5819005,test,a42_43,1.635592,0.0,1.0,3,2,1.0,6,6,1.0
5821008,test,a42_43,2.8593874,2.9437988,1.0,3,3,1.0,2,2,1.0
5863033,test,a42_43,1.7013221,2.1360953,1.0,3,3,1.0,6,6,1.0
5921003,test,a42_43,2.6257894,3.4678156,1.0,3,3,1.0,6,6,1.0
5922010,test,a42_43,3.4422836,3.1974998,1.0,3,3,1.0,6,6,1.0
5938031,test,a42_43,2.4265776,0.0,1.0,3,2,1.0,4,6,1.0
5960033,test,a42_43,2.6483734,3.5281215,1.0,3,3,1.0,6,6,1.0
5995005,test,a42_43,2.0176475,0.0,1.0,3,2,1.0,6,6,1.0
6028032,test,a42_43,2.5362163,3.5965803,1.0,3,3,1.0,6,6,1.0
6030005,test,a42_43,3.7498336,3.335851,1.0,3,3,1.0,6,2,1.0
6030008,test,a42_43,3.504305,3.1676285,1.0,3,3,1.0,6,2,1.0
6093006,test,a42_43,1.2466447,3.3020296,1.0,2,3,1.0,6,6,1.0
6093011,test,a42_43,2.4386737,2.8392694,1.0,3,2,1.0,6,6,1.0
6114182,test,a42_43,2.7433584,0.0,1.0,3,2,1.0,2,2,1.0
6120195,test,a42_43,2.0797257,2.568642,1.0,3,2,1.0,2,4,1.0
6121030,test,a42_43,2.6066968,4.395766,1.0,3,3,1.0,6,4,1.0
6179003,test,a42_43,4.091117,3.4805162,1.0,3,3,1.0,2,2,1.0
6179170,test,a42_43,1.5397391,0.0,1.0,3,2,1.0,2,2,1.0
6191006,test,a42_43,3.5386908,1.2621803,1.0,3,3,1.0,2,2,1.0
6200175,test,a42_43,3.4711199,3.5848198,1.0,3,2,1.0,2,2,1.0
6210007,test,a42_43,3.6498332,2.7452414,1.0,3,3,1.0,6,2,1.0
6210008,test,a42_43,3.0763924,0.0,1.0,3,2,1.0,6,4,1.0
6350007,test,a42_43,2.9205585,3.4393446,1.0,3,3,1.0,6,2,1.0
6365010,test,a42_43,1.1886528,3.062897,1.0,2,3,1.0,6,6,1.0
6365011,test,a42_43,2.1737702,0.0,1.0,3,2,1.0,2,2,1.0
6365177,test,a42_43,2.8951156,3.49205,1.0,3,3,1.0,2,2,1.0
6381008,test,a42_43,3.0349267,3.0664406,1.0,3,3,1.0,2,4,1.0
6444003,test,a42_43,2.7218091,2.7671056,1.0,3,2,1.0,2,2,1.0
6475006,test,a42_43,1.1725181,0.9349168,1.0,2,2,1.0,6,6,1.0
6475007,test,a42_43,0.9902799,3.544934,1.0,2,3,1.0,6,6,1.0
6509004,test,a42_43,2.9580884,3.4451652,1.0,3,3,1.0,6,2,1.0
6545008,test,a42_43,3.64651,3.8012211,1.0,3,3,1.0,2,2,1.0
6571003,test,a42_43,2.8294728,4.1571207,1.0,3,3,1.0,6,6,1.0
6635009,test,a42_43,1.3486686,0.0,1.0,3,2,1.0,6,6,1.0
6663030,test,a42_43,3.6789646,4.886779,1.0,3,3,1.0,6,6,1.0
6674003,test,a42_43,3.4602504,3.7940161,1.0,3,3,1.0,2,2,1.0
6674005,test,a42_43,3.3663607,0.0,1.0,3,2,1.0,2,4,1.0
6736181,test,a42_43,2.872535,2.6496801,1.0,3,3,1.0,2,2,1.0
6740003,test,a42_43,2.3348906,2.6917005,1.0,3,3,1.0,2,2,1.0
6769008,test,a42_43,2.6886482,0.0,1.0,3,2,1.0,2,4,1.0
6779033,test,a42_43,1.2272737,0.0,1.0,2,2,1.0,6,6,1.0
6820030,test,a42_43,2.9101226,0.0,1.0,3,2,1.0,6,6,1.0
6843006,test,a42_43,1.0404285,1.5200922,1.0,2,3,1.0,6,2,1.0
6857006,test,a42_43,3.4749694,3.7407627,1.0,3,3,1.0,2,5,1.0
6030,test,a44_45,3.4373326,3.6545084,1.0,3,3,1.0,2,2,1.0
10030,test,a44_45,3.563007,4.4896984,1.0,3,3,1.0,2,2,1.0
41008,test,a44_45,2.3006713,0.0,1.0,3,2,1.0,2,4,1.0
68003,test,a44_45,4.3018055,3.819024,1.0,3,3,1.0,2,2,1.0
127030,test,a44_45,3.5474124,2.281914,1.0,3,3,1.0,6,2,1.0
127031,test,a44_45,3.5318303,3.5618536,1.0,3,3,1.0,6,4,1.0
129031,test,a44_45,1.7846364,1.9444773,1.0,3,3,1.0,6,6,1.0
129196,test,a44_45,2.7344608,0.0,1.0,3,2,1.0,2,2,1.0
165030,test,a44_45,3.2598505,4.1461926,1.0,3,3,1.0,2,2,1.0
284004,test,a44_45,3.9396286,4.4692044,1.0,3,3,1.0,2,2,1.0
301032,test,a44_45,4.0572777,4.127631,1.0,3,3,1.0,2,2,1.0
327003,test,a44_45,2.9864123,3.8237772,1.0,3,3,1.0,2,2,1.0
327171,test,a44_45,3.2625484,2.8139703,1.0,3,3,1.0,2,2,1.0
327172,test,a44_45,2.6758735,3.7345612,1.0,3,3,1.0,2,2,1.0
331005,test,a44_45,4.094957,4.2899485,1.0,3,3,1.0,2,2,1.0
344178,test,a44_45,3.135387,3.544934,1.0,3,3,1.0,2,2,1.0
461030,test,a44_45,3.4193835,0.0,1.0,3,3,1.0,2,2,1.0
486004,test,a44_45,3.2680361,3.929022,1.0,3,3,1.0,2,2,1.0
563183,test,a44_45,1.5787748,0.0,1.0,3,2,1.0,2,2,1.0
577004,test,a44_45,2.3573155,3.6034977,1.0,3,3,1.0,2,2,1.0
607030,test,a44_45,3.7618666,4.0534096,1.0,3,3,1.0,2,2,1.0
613173,test,a44_45,3.1371431,4.65822,1.0,3,3,1.0,2,2,1.0
634008,test,a44_45,3.56689,2.6840017,1.0,3,3,1.0,2,2,1.0
652005,test,a44_45,3.300336,3.8279805,1.0,3,3,1.0,2,2,1.0
672003,test,a44_45,2.0841289,3.7935455,1.0,3,3,1.0,2,4,1.0
691175,test,a44_45,3.1853657,3.3115778,1.0,3,3,1.0,2,2,1.0
699031,test,a44_45,2.1521506,3.51425,1.0,3,3,1.0,6,6,1.0
722178,test,a44_45,1.2854458,3.2750242,1.0,2,3,1.0,2,2,1.0
771003,test,a44_45,2.6326773,4.1771755,1.0,3,3,1.0,2,3,1.0
775005,test,a44_45,3.801387,0.0,1.0,3,2,1.0,2,2,1.0
796006,test,a44_45,3.7463973,4.141229,1.0,3,3,1.0,2,6,1.0
844003,test,a44_45,3.0532298,3.8602035,1.0,3,3,1.0,2,2,1.0
863006,test,a44_45,3.2955928,2.9276514,1.0,3,3,1.0,2,2,1.0
863173,test,a44_45,3.078419,4.001547,1.0,3,3,1.0,2,2,1.0
866172,test,a44_45,3.474167,3.182386,1.0,3,3,1.0,2,2,1.0
868005,test,a44_45,3.6454296,3.982054,1.0,3,3,1.0,2,2,1.0
875030,test,a44_45,1.6705431,0.0,1.0,2,2,1.0,2,2,1.0
897006,test,a44_45,3.1861734,0.0,1.0,3,2,1.0,2,4,1.0
922171,test,a44_45,3.4183373,4.464358,1.0,3,3,1.0,2,2,1.0
934030,test,a44_45,3.4225764,4.293851,1.0,3,3,1.0,2,2,1.0
935005,test,a44_45,2.803139,2.7943528,1.0,3,3,1.0,2,2,1.0
935176,test,a44_45,3.434666,3.7913468,1.0,3,3,1.0,2,2,1.0
939030,test,a44_45,3.6214144,0.0,0.0,3,-1,0.0,2,-1,0.0
964003,test,a44_45,1.7067863,2.5959773,1.0,3,2,1.0,4,6,1.0
970004,test,a44_45,3.5318122,0.0,0.0,3,-1,0.0,2,-1,0.0
982004,test,a44_45,3.2917728,3.535023,1.0,3,3,1.0,2,2,1.0
1033030,test,a44_45,3.868792,4.886779,1.0,3,3,1.0,2,2,1.0
1036003,test,a44_45,4.1163883,3.1379235,1.0,3,3,1.0,2,2,1.0
1048006,test,a44_45,2.6852255,2.830591,1.0,3,3,1.0,2,2,1.0
1055172,test,a44_45,1.8952358,0.0,0.0,3,-1,0.0,2,-1,0.0
1060175,test,a44_45,3.2958865,3.12007,1.0,3,3,1.0,2,2,1.0
1064171,test,a44_45,3.6738489,4.769345,1.0,3,3,1.0,2,2,1.0
1072171,test,a44_45,3.5184722,2.855574,1.0,3,3,1.0,2,2,1.0
1084175,test,a44_45,2.9314704,0.0,1.0,3,2,1.0,2,2,1.0
1100172,test,a44_45,3.3590674,3.1936357,1.0,3,3,1.0,2,2,1.0
1141171,test,a44_45,2.2993598,1.0692143,1.0,3,3,1.0,2,4,1.0
1142030,test,a44_45,3.8006358,3.2907898,1.0,3,3,1.0,2,4,1.0
1144032,test,a44_45,3.5943813,4.1940236,1.0,3,3,1.0,2,2,1.0
1149171,test,a44_45,3.1018512,3.959156,1.0,3,3,1.0,2,2,1.0
1162030,test,a44_45,2.919956,3.4265366,1.0,3,3,1.0,2,2,1.0
1167030,test,a44_45,1.1165888,1.8126447,1.0,2,3,1.0,6,6,1.0
1168008,test,a44_45,2.0736675,3.010371,1.0,3,3,1.0,4,3,1.0
1222179,test,a44_45,2.8144672,2.674835,1.0,3,3,1.0,2,2,1.0
1260008,test,a44_45,3.10073,2.8787093,1.0,3,3,1.0,2,2,1.0
1269030,test,a44_45,3.471792,4.6615767,1.0,3,3,1.0,2,2,1.0
1292030,test,a44_45,3.1618881,0.0,1.0,3,2,1.0,2,4,1.0
1298005,test,a44_45,3.0717864,3.5781584,1.0,3,3,1.0,2,2,1.0
1306030,test,a44_45,4.3922725,4.886779,1.0,3,3,1.0,2,2,1.0
1335179,test,a44_45,3.328591,3.6099567,1.0,3,3,1.0,2,2,1.0
1353030,test,a44_45,1.9324509,0.0,1.0,3,2,1.0,2,2,1.0
1384030,test,a44_45,3.845086,3.5587387,1.0,3,3,1.0,2,2,1.0
1399008,test,a44_45,2.4432075,3.9132397,1.0,3,3,1.0,2,4,1.0
1415004,test,a44_45,2.4326854,1.8165611,1.0,3,3,1.0,2,2,1.0
1430005,test,a44_45,2.9048324,0.0,1.0,3,3,1.0,2,6,1.0
1431003,test,a44_45,3.59363,4.032044,1.0,3,3,1.0,2,2,1.0
1431004,test,a44_45,3.2532191,2.5601785,1.0,3,3,1.0,2,2,1.0
1431172,test,a44_45,3.9466815,4.583634,1.0,3,3,1.0,2,2,1.0
1462004,test,a44_45,2.3799016,3.4766757,1.0,3,3,1.0,2,2,1.0
1520173,test,a44_45,3.533793,3.8397665,1.0,3,3,1.0,2,2,1.0
1522175,test,a44_45,3.3836045,4.651825,1.0,3,3,1.0,2,2,1.0
1542006,test,a44_45,3.6993945,3.2005377,1.0,3,3,1.0,2,2,1.0
1542177,test,a44_45,3.222576,4.3412447,1.0,3,3,1.0,2,2,1.0
1567031,test,a44_45,3.6690128,3.8337054,1.0,3,3,1.0,2,6,1.0
1608031,test,a44_45,3.1081407,3.5350552,1.0,3,3,1.0,2,2,1.0
1612003,test,a44_45,4.04101,3.4995418,1.0,3,3,1.0,2,4,1.0
1621003,test,a44_45,2.1635585,3.456708,1.0,3,3,1.0,2,2,1.0
1648003,test,a44_45,3.4365108,2.9091923,1.0,3,3,1.0,2,2,1.0
1648030,test,a44_45,3.2501903,0.553295,1.0,3,2,1.0,2,6,1.0
1670172,test,a44_45,2.888046,3.416885,1.0,3,3,1.0,2,2,1.0
1684170,test,a44_45,1.3881788,3.3823977,1.0,2,3,1.0,2,2,1.0
1690030,test,a44_45,3.6182532,4.214547,1.0,3,3,1.0,2,2,1.0
1692176,test,a44_45,3.6258192,3.6672997,1.0,3,3,1.0,2,2,1.0
1695030,test,a44_45,2.9663024,3.1983416,1.0,3,3,1.0,6,2,1.0
1697036,test,a44_45,2.9475112,1.6775823,1.0,3,3,1.0,6,2,1.0
1698170,test,a44_45,2.6277745,2.58183,1.0,3,3,1.0,2,2,1.0
1700031,test,a44_45,3.4245892,3.881782,1.0,3,2,1.0,2,2,1.0
1701003,test,a44_45,3.6164305,4.0716443,1.0,3,3,1.0,2,6,1.0
1711003,test,a44_45,2.17777,0.0,1.0,3,2,1.0,2,2,1.0
1711171,test,a44_45,3.292242,0.0,0.0,3,-1,0.0,2,-1,0.0
1732005,test,a44_45,3.0271153,3.738171,1.0,3,3,1.0,4,4,1.0
1762187,test,a44_45,2.2778797,2.7413988,1.0,3,3,1.0,2,3,1.0
1786187,test,a44_45,3.4974322,3.563177,1.0,3,3,1.0,2,2,1.0
1837006,test,a44_45,4.027787,2.9535642,1.0,3,3,1.0,2,2,1.0
1850172,test,a44_45,2.411731,3.6509905,1.0,3,3,1.0,2,2,1.0
1878030,test,a44_45,2.968216,2.485891,1.0,3,3,1.0,2,4,1.0
1879030,test,a44_45,3.85943,4.1844926,1.0,3,3,1.0,2,2,1.0
1905004,test,a44_45,4.0443077,3.937253,1.0,3,3,1.0,2,2,1.0
1919009,test,a44_45,3.5644507,2.5942936,1.0,3,3,1.0,2,2,1.0
1935004,test,a44_45,2.3854818,2.5154653,1.0,3,3,1.0,2,2,1.0
1936030,test,a44_45,2.5263538,3.025048,1.0,3,3,1.0,2,2,1.0
1978171,test,a44_45,2.8219717,2.7982898,1.0,3,3,1.0,2,2,1.0
2030031,test,a44_45,3.1400948,3.12007,1.0,3,3,1.0,2,2,1.0
2117003,test,a44_45,3.0883667,2.533896,1.0,3,3,1.0,2,2,1.0
2150172,test,a44_45,2.1564102,2.4029288,1.0,3,3,1.0,2,4,1.0
2199182,test,a44_45,3.068744,4.1311436,1.0,3,3,1.0,2,2,1.0
2206030,test,a44_45,3.5426373,3.6876562,1.0,3,3,1.0,2,2,1.0
2212031,test,a44_45,3.933803,0.0,0.0,3,-1,0.0,2,-1,0.0
2238004,test,a44_45,3.4061365,3.7364755,1.0,3,3,1.0,2,4,1.0
2238172,test,a44_45,3.2881587,4.594401,1.0,3,3,1.0,2,4,1.0
2252172,test,a44_45,3.1386566,2.9569104,1.0,3,3,1.0,2,2,1.0
2255030,test,a44_45,4.670086,4.886779,1.0,3,3,1.0,2,2,1.0
2277008,test,a44_45,3.0280776,2.8933933,1.0,3,3,1.0,2,2,1.0
2311172,test,a44_45,2.1175137,2.0815432,1.0,3,3,1.0,2,2,1.0
2330003,test,a44_45,3.6127515,4.0919957,1.0,3,3,1.0,2,2,1.0
2338003,test,a44_45,3.8751142,4.671329,1.0,3,3,1.0,2,2,1.0
2341004,test,a44_45,3.1240902,3.8012211,1.0,3,2,1.0,2,2,1.0
2341005,test,a44_45,3.0738196,4.886779,1.0,3,3,1.0,2,2,1.0
2354004,test,a44_45,2.2277389,2.4985237,1.0,3,3,1.0,2,2,1.0
2392004,test,a44_45,2.3476105,2.3108797,1.0,3,3,1.0,2,4,1.0
2393005,test,a44_45,4.235183,3.1619115,1.0,3,3,1.0,2,2,1.0
2393171,test,a44_45,2.9753203,4.4380894,1.0,3,3,1.0,2,2,1.0
2409006,test,a44_45,3.194558,3.8615713,1.0,3,3,1.0,2,4,1.0
2409171,test,a44_45,2.9929676,2.973692,1.0,3,3,1.0,2,4,1.0
2422178,test,a44_45,3.7021065,3.6084042,1.0,3,3,1.0,2,2,1.0
2459030,test,a44_45,3.3419788,4.065095,1.0,3,3,1.0,2,2,1.0
2474030,test,a44_45,3.9112587,3.6439416,1.0,3,3,1.0,2,2,1.0
2474171,test,a44_45,2.8804386,0.0,0.0,3,-1,0.0,2,-1,0.0
2485173,test,a44_45,2.976407,2.4565563,1.0,3,3,1.0,2,2,1.0
2496172,test,a44_45,2.9116673,3.4912474,1.0,3,3,1.0,2,2,1.0
2502005,test,a44_45,3.5150824,3.0863564,1.0,3,3,1.0,2,2,1.0
2510171,test,a44_45,3.4057155,4.201461,1.0,3,3,1.0,2,2,1.0
2525174,test,a44_45,3.3766763,3.460082,1.0,3,2,1.0,2,2,1.0
2530184,test,a44_45,3.0084333,2.852689,1.0,3,3,1.0,2,2,1.0
2547171,test,a44_45,3.8137624,4.379028,1.0,3,3,1.0,2,2,1.0
2580030,test,a44_45,3.977355,4.831237,1.0,3,3,1.0,2,2,1.0
2593171,test,a44_45,3.4591005,4.5944476,1.0,3,3,1.0,2,4,1.0
2615031,test,a44_45,3.5786414,3.4200091,1.0,3,3,1.0,2,2,1.0
2642030,test,a44_45,2.5751674,3.7259781,1.0,3,3,1.0,2,2,1.0
2655002,test,a44_45,1.887392,0.0,1.0,3,2,1.0,2,2,1.0
2705031,test,a44_45,3.6696758,3.9369006,1.0,3,3,1.0,2,4,1.0
2707179,test,a44_45,3.3776114,2.8540463,1.0,3,3,1.0,2,2,1.0
2714031,test,a44_45,3.456878,4.123183,1.0,3,3,1.0,2,4,1.0
2717004,test,a44_45,3.2105656,3.1718357,1.0,3,3,1.0,2,2,1.0
2738171,test,a44_45,3.477333,4.800682,1.0,3,3,1.0,2,2,1.0
2794003,test,a44_45,3.5987368,3.5488956,1.0,3,3,1.0,2,2,1.0
2845030,test,a44_45,2.9330502,3.4421458,1.0,3,3,1.0,2,2,1.0
2847030,test,a44_45,2.6826296,3.435388,1.0,3,3,1.0,4,4,1.0
2848174,test,a44_45,2.211071,1.870879,1.0,3,3,1.0,2,2,1.0
2852006,test,a44_45,1.8431135,1.8338429,1.0,3,2,1.0,2,4,1.0
2852030,test,a44_45,3.4699364,2.9869761,1.0,3,3,1.0,2,4,1.0
2869170,test,a44_45,3.4825513,4.5567827,1.0,3,3,1.0,2,2,1.0
2897006,test,a44_45,3.226182,2.697948,1.0,3,3,1.0,2,2,1.0
2900171,test,a44_45,3.3703573,2.600042,1.0,3,3,1.0,2,2,1.0
2907006,test,a44_45,3.0101523,0.0,0.0,3,-1,0.0,2,-1,0.0
2920030,test,a44_45,3.2792842,3.6819823,1.0,3,3,1.0,6,4,1.0
3107001,test,a44_45,2.9964423,4.01561,1.0,3,3,1.0,2,4,1.0
3137007,test,a44_45,2.5694284,1.9174321,1.0,3,3,1.0,6,6,1.0
3283002,test,a44_45,3.3145003,4.065468,1.0,3,2,1.0,2,2,1.0
3492001,test,a44_45,3.285943,0.21674845,1.0,3,2,1.0,2,2,1.0
5016170,test,a44_45,3.1140547,2.8075144,1.0,3,3,1.0,2,4,1.0
5082003,test,a44_45,3.484371,4.077138,1.0,3,3,1.0,6,4,1.0
5145032,test,a44_45,3.1956017,3.7119908,1.0,3,3,1.0,6,6,1.0
5163030,test,a44_45,3.5688477,3.60013,1.0,3,3,1.0,2,4,1.0
5177171,test,a44_45,2.1233284,0.8536134,1.0,3,3,1.0,6,6,1.0
5199178,test,a44_45,2.8039274,3.813694,1.0,3,3,1.0,2,2,1.0
5241030,test,a44_45,2.8256984,3.9443512,1.0,3,3,1.0,2,6,1.0
5264004,test,a44_45,3.066935,3.6067438,1.0,3,3,1.0,2,2,1.0
5294003,test,a44_45,3.7514768,3.7558146,1.0,3,3,1.0,2,2,1.0
5299172,test,a44_45,3.536932,3.3873496,1.0,3,3,1.0,2,2,1.0
5306002,test,a44_45,2.5624287,1.4095232,1.0,3,3,1.0,4,6,1.0
5350030,test,a44_45,2.8520398,3.545665,1.0,3,3,1.0,2,2,1.0
5364006,test,a44_45,3.3450446,3.901413,1.0,3,2,1.0,6,6,1.0
5366033,test,a44_45,3.3761902,3.978181,1.0,3,3,1.0,6,4,1.0
5406173,test,a44_45,2.9967194,3.4039729,1.0,3,3,1.0,2,4,1.0
5424030,test,a44_45,1.8542078,3.5287027,1.0,2,3,1.0,6,6,1.0
5425003,test,a44_45,2.0891337,3.2001226,1.0,3,3,1.0,2,2,1.0
5430031,test,a44_45,2.1569533,0.94651103,1.0,3,3,1.0,6,6,1.0
5430171,test,a44_45,2.580358,3.6887305,1.0,3,3,1.0,6,6,1.0
5443007,test,a44_45,1.8432207,2.8802483,1.0,3,3,1.0,2,2,1.0
5464032,test,a44_45,2.5822337,3.486668,1.0,3,3,1.0,2,2,1.0
5488007,test,a44_45,2.3187203,2.703032,1.0,3,3,1.0,2,2,1.0
5494005,test,a44_45,3.0120916,3.3568435,1.0,3,3,1.0,6,2,1.0
5513030,test,a44_45,2.9480782,3.2729912,1.0,3,2,1.0,6,6,1.0
5549006,test,a44_45,2.5952775,3.2234797,1.0,3,3,1.0,2,4,1.0
5553173,test,a44_45,3.091088,3.7351592,1.0,3,3,1.0,2,2,1.0
5560186,test,a44_45,3.7779593,3.9101806,1.0,3,3,1.0,2,2,1.0
5569009,test,a44_45,2.872818,0.1438407,1.0,3,2,1.0,2,3,1.0
5570010,test,a44_45,4.050613,3.6708767,1.0,3,3,1.0,2,2,1.0
5570012,test,a44_45,3.2536197,3.6192079,1.0,3,3,1.0,2,2,1.0
5570033,test,a44_45,3.8391623,3.7694345,1.0,3,3,1.0,2,2,1.0
5576031,test,a44_45,2.3619046,2.7479036,1.0,3,3,1.0,2,2,1.0
5614005,test,a44_45,2.5507636,2.8548763,1.0,3,3,1.0,4,4,1.0
5615010,test,a44_45,2.8342166,3.5584557,1.0,3,3,1.0,6,2,1.0
5615181,test,a44_45,3.5328948,3.1251588,1.0,3,3,1.0,2,2,1.0
5621170,test,a44_45,3.436083,3.3329153,1.0,3,3,1.0,2,2,1.0
5626010,test,a44_45,2.8745518,3.1379235,1.0,3,3,1.0,2,4,1.0
5634188,test,a44_45,3.4047205,0.0,1.0,3,2,1.0,2,5,1.0
5635031,test,a44_45,3.1658885,3.6718059,1.0,3,3,1.0,2,2,1.0
5646006,test,a44_45,1.5190591,1.4624746,1.0,3,3,1.0,6,4,1.0
5660005,test,a44_45,2.8588407,3.4188793,1.0,3,3,1.0,2,4,1.0
5664003,test,a44_45,1.733549,1.9542142,1.0,3,2,1.0,6,6,1.0
5676007,test,a44_45,3.3450809,3.5589597,1.0,3,3,1.0,2,2,1.0
5678030,test,a44_45,2.6005757,0.0,1.0,3,3,1.0,6,6,1.0
5684034,test,a44_45,3.3366034,4.304901,1.0,3,3,1.0,2,2,1.0
5784005,test,a44_45,1.4855317,0.0,1.0,2,2,1.0,6,6,1.0
5819005,test,a44_45,1.7048092,0.0,1.0,3,2,1.0,6,6,1.0
5821008,test,a44_45,2.6705256,3.1327703,1.0,3,3,1.0,2,2,1.0
5863033,test,a44_45,2.0292485,2.1044023,1.0,3,3,1.0,6,6,1.0
5921003,test,a44_45,2.5593586,3.2579508,1.0,3,2,1.0,4,6,1.0
5922010,test,a44_45,3.4111574,3.2839227,1.0,3,3,1.0,6,6,1.0
5938031,test,a44_45,2.52367,1.6732749,1.0,3,2,1.0,4,6,1.0
5960033,test,a44_45,2.7615676,3.0626745,1.0,3,3,1.0,2,6,1.0
5995005,test,a44_45,1.8740001,0.0,1.0,3,2,1.0,6,6,1.0
6028032,test,a44_45,2.5871615,3.4766757,1.0,3,3,1.0,6,6,1.0
6030005,test,a44_45,3.6440845,3.6509905,1.0,3,3,1.0,6,2,1.0
6030008,test,a44_45,3.3019636,3.1529975,1.0,3,3,1.0,6,2,1.0
6093006,test,a44_45,0.8884845,3.331553,1.0,2,3,1.0,6,6,1.0
6093011,test,a44_45,2.2732491,2.8645954,1.0,3,3,1.0,6,6,1.0
6114182,test,a44_45,2.8207455,0.0,1.0,3,2,1.0,2,4,1.0
6120195,test,a44_45,2.1691875,0.0,1.0,3,2,1.0,2,4,1.0
6121030,test,a44_45,2.3684192,4.007859,1.0,3,3,1.0,6,4,1.0
6179003,test,a44_45,4.346546,3.4366326,1.0,3,3,1.0,2,2,1.0
6179170,test,a44_45,1.5970342,0.0,1.0,3,2,1.0,2,2,1.0
6191006,test,a44_45,3.3608685,3.7130666,1.0,3,3,1.0,2,2,1.0
6200175,test,a44_45,3.5672884,3.2409673,1.0,3,3,1.0,2,2,1.0
6210007,test,a44_45,3.669862,2.7840075,1.0,3,3,1.0,6,2,1.0
6210008,test,a44_45,3.2298825,2.4192536,1.0,3,3,1.0,6,4,1.0
6350007,test,a44_45,2.8317065,3.3488512,1.0,3,3,1.0,2,2,1.0
6365010,test,a44_45,1.1582158,2.966243,1.0,2,3,1.0,6,6,1.0
6365011,test,a44_45,2.2630315,0.0,1.0,3,2,1.0,2,2,1.0
6365177,test,a44_45,2.8043475,4.579592,1.0,3,2,1.0,2,2,1.0
6381008,test,a44_45,2.9518354,4.0907545,1.0,3,3,1.0,2,4,1.0
6444003,test,a44_45,2.9596837,3.5554013,1.0,3,3,1.0,2,2,1.0
6475006,test,a44_45,1.2350109,2.2798254,1.0,2,3,1.0,6,6,1.0
6475007,test,a44_45,0.9011917,3.49205,1.0,2,3,1.0,6,6,1.0
6509004,test,a44_45,3.0150042,3.5773633,1.0,3,3,1.0,6,2,1.0
6545008,test,a44_45,3.6136966,3.809728,1.0,3,3,1.0,2,2,1.0
6571003,test,a44_45,2.7366958,4.2117763,1.0,3,3,1.0,6,6,1.0
6635009,test,a44_45,1.5034515,0.0,1.0,3,2,1.0,6,6,1.0
6663030,test,a44_45,3.5053494,4.527755,1.0,3,3,1.0,6,6,1.0
6674003,test,a44_45,3.5193028,3.7786224,1.0,3,3,1.0,2,2,1.0
6674005,test,a44_45,3.3640964,0.0,0.0,3,-1,0.0,2,-1,0.0
6736181,test,a44_45,2.8164535,2.8547702,1.0,3,3,1.0,2,2,1.0
6740003,test,a44_45,2.394345,3.5209594,1.0,3,3,1.0,2,2,1.0
6769008,test,a44_45,2.7341404,0.0,1.0,3,2,1.0,2,4,1.0
6779033,test,a44_45,1.2326436,0.0,1.0,2,2,1.0,6,6,1.0
6820030,test,a44_45,3.1098745,0.0,1.0,3,2,1.0,6,6,1.0
6843006,test,a44_45,0.7909951,0.0,1.0,2,2,1.0,6,2,1.0
6857006,test,a44_45,3.5059092,4.0956507,1.0,3,3,1.0,2,5,1.0
