ID,split,target_bin,ablation,pred_earn,true_earn,mask_earn,pred_emp,true_emp,mask_emp,pred_mar,true_mar,mask_mar
4007,val,a30_31,no_static,2.8194828,1.2333428,1.0,3,2,1.0,2,2,1.0
6174,val,a30_31,no_static,3.2511985,3.5177844,1.0,3,3,1.0,2,2,1.0
14004,val,a30_31,no_static,3.3507006,3.7227888,1.0,3,3,1.0,2,2,1.0
14172,val,a30_31,no_static,0.7514943,0.0,1.0,2,2,1.0,2,2,1.0
14173,val,a30_31,no_static,2.7444177,3.7706354,1.0,3,3,1.0,6,2,1.0
18031,val,a30_31,no_static,0.7520771,0.81838655,1.0,2,2,1.0,2,2,1.0
18185,val,a30_31,no_static,2.2044656,0.0,1.0,3,3,1.0,2,3,1.0
23031,val,a30_31,no_static,2.6355138,2.8751705,1.0,3,3,1.0,6,6,1.0
40173,val,a30_31,no_static,3.3386714,4.076673,1.0,3,3,1.0,2,4,1.0
51171,val,a30_31,no_static,2.9771833,3.2225082,1.0,3,3,1.0,2,2,1.0
84005,val,a30_31,no_static,3.260879,4.049696,1.0,3,3,1.0,6,6,1.0
121173,val,a30_31,no_static,3.3364732,4.0438795,1.0,3,3,1.0,2,2,1.0
128004,val,a30_31,no_static,3.53732,3.8195267,1.0,3,3,1.0,2,2,1.0
145170,val,a30_31,no_static,2.9287357,3.3709557,1.0,3,3,1.0,2,2,1.0
161004,val,a30_31,no_static,3.3910384,4.204043,1.0,3,3,1.0,6,6,1.0
172031,val,a30_31,no_static,3.2047966,3.4236188,1.0,3,3,1.0,2,2,1.0
174175,val,a30_31,no_static,1.7796121,3.4206977,1.0,3,3,1.0,2,2,1.0
221031,val,a30_31,no_static,3.5688667,3.6323774,1.0,3,3,1.0,2,2,1.0
223030,val,a30_31,no_static,2.985978,3.2050848,1.0,3,2,1.0,2,2,1.0
227003,val,a30_31,no_static,4.0332007,3.901564,1.0,3,3,1.0,6,2,1.0
257175,val,a30_31,no_static,2.9702969,3.1132894,1.0,3,3,1.0,2,2,1.0
263182,val,a30_31,no_static,3.076731,3.5551443,1.0,3,3,1.0,2,2,1.0
321005,val,a30_31,no_static,1.8189805,0.0,0.0,3,-1,0.0,4,-1,0.0
361175,val,a30_31,no_static,2.4258542,2.389918,1.0,3,3,1.0,4,4,1.0
377170,val,a30_31,no_static,3.0452049,3.303338,1.0,3,3,1.0,2,2,1.0
450030,val,a30_31,no_static,3.7157347,4.141229,1.0,3,3,1.0,6,6,1.0
465030,val,a30_31,no_static,2.406593,2.9653394,1.0,3,3,1.0,4,4,1.0
478030,val,a30_31,no_static,2.3963912,2.9689102,1.0,3,2,1.0,6,2,1.0
503031,val,a30_31,no_static,2.5523143,3.7946298,1.0,3,3,1.0,2,2,1.0
514172,val,a30_31,no_static,3.5177426,3.7249148,1.0,3,3,1.0,2,2,1.0
534030,val,a30_31,no_static,3.1239781,3.3445346,1.0,3,3,1.0,2,2,1.0
534171,val,a30_31,no_static,3.498651,3.6154544,1.0,3,3,1.0,2,2,1.0
544170,val,a30_31,no_static,2.7243166,2.5946815,1.0,3,3,1.0,2,2,1.0
563193,val,a30_31,no_static,2.8936288,2.9333522,1.0,3,3,1.0,2,2,1.0
577174,val,a30_31,no_static,2.7088342,2.6081264,1.0,3,2,1.0,2,2,1.0
613006,val,a30_31,no_static,2.7444177,4.2846055,1.0,3,3,1.0,6,6,1.0
618170,val,a30_31,no_static,3.743154,4.2050204,1.0,3,3,1.0,2,2,1.0
631030,val,a30_31,no_static,2.524725,0.0,0.0,3,3,1.0,2,2,1.0
633031,val,a30_31,no_static,2.8942661,3.3445346,1.0,3,3,1.0,6,2,1.0
652173,val,a30_31,no_static,3.3201993,3.6388054,1.0,3,3,1.0,2,2,1.0
655172,val,a30_31,no_static,3.5153484,3.6167312,1.0,3,3,1.0,2,2,1.0
656005,val,a30_31,no_static,2.3506172,1.7369525,1.0,3,3,1.0,2,2,1.0
691171,val,a30_31,no_static,2.8199456,0.0,0.0,3,-1,0.0,2,-1,0.0
738172,val,a30_31,no_static,2.281429,2.6902387,1.0,3,3,1.0,2,2,1.0
751030,val,a30_31,no_static,2.0937614,0.0,1.0,3,2,1.0,2,2,1.0
762170,val,a30_31,no_static,3.8960338,4.4477153,1.0,3,3,1.0,2,2,1.0
783171,val,a30_31,no_static,3.314165,3.4384992,1.0,3,3,1.0,2,2,1.0
863007,val,a30_31,no_static,2.4652202,2.2456512,1.0,3,3,1.0,2,2,1.0
893170,val,a30_31,no_static,2.8054395,2.9455593,1.0,3,3,1.0,2,2,1.0
894031,val,a30_31,no_static,3.2321157,2.461121,1.0,3,3,1.0,2,2,1.0
898181,val,a30_31,no_static,2.7444177,3.0409112,1.0,3,2,1.0,6,2,1.0
899003,val,a30_31,no_static,3.0100996,3.0307395,1.0,3,3,1.0,4,4,1.0
916032,val,a30_31,no_static,2.4807165,3.3619723,1.0,3,3,1.0,6,6,1.0
922005,val,a30_31,no_static,3.677554,3.2996137,1.0,3,3,1.0,2,2,1.0
931172,val,a30_31,no_static,2.9251416,3.1621735,1.0,3,3,1.0,2,2,1.0
939032,val,a30_31,no_static,3.934297,0.0,1.0,3,3,1.0,2,2,1.0
958030,val,a30_31,no_static,3.0681262,3.497985,1.0,3,3,1.0,2,2,1.0
958173,val,a30_31,no_static,2.704434,2.9178963,1.0,3,3,1.0,2,2,1.0
961005,val,a30_31,no_static,2.687158,2.9415638,1.0,3,3,1.0,4,4,1.0
961030,val,a30_31,no_static,2.5656002,3.5397089,1.0,3,3,1.0,6,6,1.0
961175,val,a30_31,no_static,2.948217,3.023627,1.0,3,3,1.0,2,2,1.0
1051183,val,a30_31,no_static,3.7924597,4.358222,1.0,3,3,1.0,2,2,1.0
1084005,val,a30_31,no_static,3.024348,2.8418088,1.0,3,2,1.0,2,2,1.0
1089003,val,a30_31,no_static,3.0199928,3.3856127,1.0,3,3,1.0,2,2,1.0
1093003,val,a30_31,no_static,0.72473335,0.0,1.0,2,2,1.0,2,2,1.0
1107173,val,a30_31,no_static,1.4594938,1.0235457,1.0,3,3,1.0,2,2,1.0
1109174,val,a30_31,no_static,1.6358541,0.6388453,1.0,3,2,1.0,2,2,1.0
1121030,val,a30_31,no_static,3.0479422,3.028002,1.0,3,3,1.0,2,2,1.0
1121175,val,a30_31,no_static,2.1184855,1.7948437,1.0,3,3,1.0,2,2,1.0
1125172,val,a30_31,no_static,2.6634986,2.3413634,1.0,3,3,1.0,2,2,1.0
1126030,val,a30_31,no_static,2.910405,0.8757976,1.0,3,2,1.0,2,2,1.0
1126176,val,a30_31,no_static,1.0438012,4.886779,1.0,2,3,1.0,2,2,1.0
1152180,val,a30_31,no_static,3.2520561,3.4580646,1.0,3,3,1.0,2,2,1.0
1164004,val,a30_31,no_static,3.0948067,3.0181873,1.0,3,3,1.0,2,2,1.0
1184032,val,a30_31,no_static,3.2129233,3.2616544,1.0,3,3,1.0,2,2,1.0
1184033,val,a30_31,no_static,1.65746,3.2050848,1.0,3,3,1.0,6,6,1.0
1185003,val,a30_31,no_static,3.5460138,3.8515978,1.0,3,2,1.0,2,2,1.0
1222004,val,a30_31,no_static,2.2786345,2.0934732,1.0,3,2,1.0,2,2,1.0
1222006,val,a30_31,no_static,2.4987583,3.177607,1.0,3,3,1.0,2,2,1.0
1284170,val,a30_31,no_static,3.677702,3.9491403,1.0,3,3,1.0,2,2,1.0
1292004,val,a30_31,no_static,2.6193159,1.9329143,1.0,3,2,1.0,2,2,1.0
1314172,val,a30_31,no_static,2.873725,0.0,1.0,3,2,1.0,2,2,1.0
1332005,val,a30_31,no_static,3.9372742,4.41165,1.0,3,2,1.0,2,4,1.0
1335010,val,a30_31,no_static,2.9636555,2.8107677,1.0,3,3,1.0,2,2,1.0
1338003,val,a30_31,no_static,3.3125777,3.6048794,1.0,3,3,1.0,6,6,1.0
1345006,val,a30_31,no_static,2.8596907,3.5205963,1.0,3,2,1.0,2,4,1.0
1345007,val,a30_31,no_static,2.7326612,3.6249468,1.0,3,3,1.0,6,6,1.0
1346030,val,a30_31,no_static,3.6788878,0.0,1.0,3,2,1.0,6,2,1.0
1391033,val,a30_31,no_static,3.4885023,3.6421258,1.0,3,3,1.0,6,2,1.0
1391175,val,a30_31,no_static,0.60326135,0.0,1.0,2,2,1.0,2,2,1.0
1394033,val,a30_31,no_static,2.048721,0.0,1.0,3,2,1.0,4,4,1.0
1397005,val,a30_31,no_static,3.0433207,3.6570578,1.0,3,3,1.0,2,2,1.0
1397172,val,a30_31,no_static,1.0734832,0.0,1.0,3,2,1.0,2,2,1.0
1426004,val,a30_31,no_static,1.4459524,1.5148215,1.0,3,3,1.0,6,2,1.0
1434032,val,a30_31,no_static,2.810232,2.5882483,1.0,3,2,1.0,2,2,1.0
1434170,val,a30_31,no_static,2.9890032,2.7760577,1.0,3,3,1.0,2,2,1.0
1435005,val,a30_31,no_static,3.567816,3.8998532,1.0,3,3,1.0,6,6,1.0
1485171,val,a30_31,no_static,3.1571631,3.5806315,1.0,3,3,1.0,2,2,1.0
1520031,val,a30_31,no_static,3.2767954,3.6576927,1.0,3,3,1.0,4,4,1.0
1540005,val,a30_31,no_static,3.9735909,4.493356,1.0,3,3,1.0,6,6,1.0
1559003,val,a30_31,no_static,3.8856716,4.33515,1.0,3,3,1.0,2,2,1.0
1559170,val,a30_31,no_static,3.4971647,3.7329192,1.0,3,3,1.0,2,2,1.0
1565180,val,a30_31,no_static,3.08343,2.850009,1.0,3,3,1.0,2,2,1.0
1579030,val,a30_31,no_static,2.9100552,3.539721,1.0,3,3,1.0,2,2,1.0
1613007,val,a30_31,no_static,2.7444177,3.3296845,1.0,3,2,1.0,6,2,1.0
1621171,val,a30_31,no_static,3.7341537,4.0290737,1.0,3,3,1.0,2,2,1.0
1644004,val,a30_31,no_static,3.4786415,3.1041627,1.0,3,2,1.0,2,2,1.0
1652031,val,a30_31,no_static,2.9328759,3.7628198,1.0,3,3,1.0,2,2,1.0
1682032,val,a30_31,no_static,2.9811108,4.232157,1.0,3,3,1.0,6,6,1.0
1684173,val,a30_31,no_static,2.880467,3.0831435,1.0,3,3,1.0,2,2,1.0
1687003,val,a30_31,no_static,2.9764197,3.0770123,1.0,3,3,1.0,2,2,1.0
1690170,val,a30_31,no_static,2.143649,2.9952161,1.0,3,3,1.0,2,2,1.0
1692030,val,a30_31,no_static,0.61253154,0.0,1.0,2,2,1.0,2,2,1.0
1695034,val,a30_31,no_static,3.2846222,3.154082,1.0,3,3,1.0,2,2,1.0
1701004,val,a30_31,no_static,2.5256593,2.9586496,1.0,3,3,1.0,2,2,1.0
1721030,val,a30_31,no_static,3.5684137,4.218239,1.0,3,3,1.0,4,4,1.0
1723005,val,a30_31,no_static,0.6683091,0.0,1.0,2,2,1.0,2,2,1.0
1762030,val,a30_31,no_static,2.3567114,1.8541794,1.0,3,3,1.0,2,2,1.0
1762031,val,a30_31,no_static,3.1249049,3.4748342,1.0,3,3,1.0,2,2,1.0
1762032,val,a30_31,no_static,1.7419469,0.8422866,1.0,3,3,1.0,2,2,1.0
1774170,val,a30_31,no_static,3.4694052,3.530886,1.0,3,3,1.0,2,2,1.0
1774171,val,a30_31,no_static,3.404752,3.757377,1.0,3,3,1.0,2,2,1.0
1784171,val,a30_31,no_static,3.6440444,4.354948,1.0,3,3,1.0,2,2,1.0
1786191,val,a30_31,no_static,3.540815,4.0242934,1.0,3,3,1.0,2,2,1.0
1787005,val,a30_31,no_static,3.3037071,3.5573397,1.0,3,3,1.0,4,2,1.0
1787174,val,a30_31,no_static,2.9992754,3.4187503,1.0,3,3,1.0,2,2,1.0
1802003,val,a30_31,no_static,2.7657986,2.8268056,1.0,3,3,1.0,2,2,1.0
1845170,val,a30_31,no_static,3.5697713,3.5920963,1.0,3,3,1.0,2,2,1.0
1862171,val,a30_31,no_static,2.91391,1.0280056,1.0,3,3,1.0,2,2,1.0
1898004,val,a30_31,no_static,3.2130644,4.0346365,1.0,3,3,1.0,6,6,1.0
1911030,val,a30_31,no_static,2.2477233,3.1301715,1.0,3,3,1.0,4,3,1.0
1914003,val,a30_31,no_static,0.9665109,0.13113108,1.0,2,3,1.0,2,2,1.0
1919007,val,a30_31,no_static,3.775846,3.7895627,1.0,3,3,1.0,2,2,1.0
1954003,val,a30_31,no_static,3.2624674,3.2025814,1.0,3,3,1.0,2,2,1.0
1959005,val,a30_31,no_static,3.6799736,4.0288734,1.0,3,3,1.0,6,6,1.0
1964031,val,a30_31,no_static,2.1765633,0.0,0.0,3,-1,0.0,4,-1,0.0
1972173,val,a30_31,no_static,0.86006105,0.0,1.0,2,2,1.0,2,2,1.0
1978030,val,a30_31,no_static,3.2928934,3.5649583,1.0,3,3,1.0,2,2,1.0
2005030,val,a30_31,no_static,2.7532942,2.9669423,1.0,3,3,1.0,6,6,1.0
2011174,val,a30_31,no_static,2.5909252,2.6167932,1.0,3,3,1.0,2,2,1.0
2023030,val,a30_31,no_static,3.7369437,4.596575,1.0,3,3,1.0,6,6,1.0
2028030,val,a30_31,no_static,3.2930963,3.7856972,1.0,3,3,1.0,4,4,1.0
2055003,val,a30_31,no_static,2.4773636,2.474848,1.0,3,3,1.0,2,2,1.0
2067005,val,a30_31,no_static,3.4478836,3.8257277,1.0,3,3,1.0,2,2,1.0
2080170,val,a30_31,no_static,1.9530265,0.7748619,1.0,3,3,1.0,2,2,1.0
2106171,val,a30_31,no_static,0.69034255,0.0,1.0,2,2,1.0,2,2,1.0
2109002,val,a30_31,no_static,3.5206447,4.0631533,1.0,3,3,1.0,2,2,1.0
2129186,val,a30_31,no_static,2.7319438,3.000162,1.0,3,3,1.0,2,2,1.0
2181007,val,a30_31,no_static,0.6767956,0.0,1.0,2,2,1.0,6,6,1.0
2181030,val,a30_31,no_static,2.9553378,3.2536054,1.0,3,3,1.0,4,4,1.0
2243174,val,a30_31,no_static,3.8573327,4.1554103,1.0,3,3,1.0,2,2,1.0
2260173,val,a30_31,no_static,2.6271305,1.88501,1.0,3,2,1.0,2,2,1.0
2261030,val,a30_31,no_static,3.0117235,2.6918542,1.0,3,3,1.0,2,2,1.0
2271171,val,a30_31,no_static,2.6677725,2.9267282,1.0,3,3,1.0,2,2,1.0
2282005,val,a30_31,no_static,2.881077,3.3026655,1.0,3,3,1.0,6,4,1.0
2302195,val,a30_31,no_static,0.60326135,0.0,1.0,2,2,1.0,2,2,1.0
2334031,val,a30_31,no_static,3.6437893,4.190539,1.0,3,3,1.0,2,2,1.0
2341172,val,a30_31,no_static,3.035892,1.6821941,1.0,3,2,1.0,2,2,1.0
2354175,val,a30_31,no_static,3.3227496,0.02431143,1.0,3,3,1.0,6,2,1.0
2355004,val,a30_31,no_static,1.4707136,2.3455245,1.0,3,3,1.0,4,4,1.0
2391030,val,a30_31,no_static,3.1721952,3.3619723,1.0,3,3,1.0,2,2,1.0
2397173,val,a30_31,no_static,0.722826,0.0,1.0,2,2,1.0,2,3,1.0
2408170,val,a30_31,no_static,2.7088354,2.1372008,1.0,3,3,1.0,6,2,1.0
2425003,val,a30_31,no_static,2.5405948,1.4242183,1.0,3,3,1.0,2,2,1.0
2432030,val,a30_31,no_static,0.7894256,0.0,1.0,2,2,1.0,4,4,1.0
2435172,val,a30_31,no_static,1.013282,1.2739747,1.0,2,3,1.0,2,2,1.0
2436174,val,a30_31,no_static,0.6317862,0.0,1.0,2,2,1.0,2,2,1.0
2436176,val,a30_31,no_static,1.1985321,1.6717893,1.0,2,3,1.0,2,2,1.0
2441003,val,a30_31,no_static,1.8894811,2.0608215,1.0,3,3,1.0,2,2,1.0
2441173,val,a30_31,no_static,3.1131783,3.6020598,1.0,3,3,1.0,2,2,1.0
2458031,val,a30_31,no_static,4.0304,4.507845,1.0,3,3,1.0,6,6,1.0
2461004,val,a30_31,no_static,0.82196736,1.2221372,1.0,2,2,1.0,2,2,1.0
2461030,val,a30_31,no_static,3.446346,4.886779,1.0,3,3,1.0,2,2,1.0
2473004,val,a30_31,no_static,3.2426217,3.5453892,1.0,3,3,1.0,2,2,1.0
2483030,val,a30_31,no_static,2.9864945,1.4439538,1.0,3,2,1.0,2,2,1.0
2503030,val,a30_31,no_static,3.4853125,4.153324,1.0,3,3,1.0,6,6,1.0
2510005,val,a30_31,no_static,3.1088173,3.681525,1.0,3,3,1.0,2,2,1.0
2525003,val,a30_31,no_static,3.2281795,1.0911466,1.0,3,2,1.0,2,2,1.0
2529030,val,a30_31,no_static,2.9635086,3.6850972,1.0,3,3,1.0,2,2,1.0
2529174,val,a30_31,no_static,3.2328024,3.8850634,1.0,3,3,1.0,2,2,1.0
2530003,val,a30_31,no_static,1.947787,2.4984546,1.0,3,3,1.0,2,2,1.0
2530004,val,a30_31,no_static,2.8852177,3.1229002,1.0,3,3,1.0,2,2,1.0
2569033,val,a30_31,no_static,2.7150478,3.1590667,1.0,3,3,1.0,6,2,1.0
2601006,val,a30_31,no_static,3.3388417,4.568841,1.0,3,3,1.0,6,2,1.0
2608006,val,a30_31,no_static,2.5631022,3.104259,1.0,3,3,1.0,2,2,1.0
2615034,val,a30_31,no_static,3.6779776,4.351215,1.0,3,3,1.0,2,2,1.0
2639004,val,a30_31,no_static,0.9301301,3.4125912,1.0,2,3,1.0,2,6,1.0
2665177,val,a30_31,no_static,0.80639756,0.50427806,1.0,2,2,1.0,6,6,1.0
2672006,val,a30_31,no_static,3.1921523,3.8187668,1.0,3,3,1.0,6,6,1.0
2672171,val,a30_31,no_static,2.3571296,4.456984,1.0,3,3,1.0,4,4,1.0
2697003,val,a30_31,no_static,3.2905524,3.9311678,1.0,3,3,1.0,2,4,1.0
2704031,val,a30_31,no_static,3.0914454,3.4627373,1.0,3,3,1.0,6,2,1.0
2705030,val,a30_31,no_static,3.4277177,3.8132377,1.0,3,3,1.0,2,2,1.0
2707007,val,a30_31,no_static,2.6672754,2.7866313,1.0,3,3,1.0,2,2,1.0
2712172,val,a30_31,no_static,2.2729516,2.5026433,1.0,3,3,1.0,2,2,1.0
2731003,val,a30_31,no_static,2.8935993,3.2932556,1.0,3,3,1.0,6,6,1.0
2731005,val,a30_31,no_static,3.9575593,4.5509243,1.0,3,3,1.0,6,6,1.0
2770031,val,a30_31,no_static,3.3385448,3.598622,1.0,3,3,1.0,2,2,1.0
2816004,val,a30_31,no_static,0.72716534,0.0,1.0,2,2,1.0,2,2,1.0
2910002,val,a30_31,no_static,2.9474509,2.9302201,1.0,3,3,1.0,2,2,1.0
3062001,val,a30_31,no_static,3.3765378,3.2921891,1.0,3,3,1.0,2,2,1.0
3235002,val,a30_31,no_static,2.6101959,2.637326,1.0,3,3,1.0,2,2,1.0
3306001,val,a30_31,no_static,3.839765,4.2639766,1.0,3,3,1.0,2,2,1.0
5015030,val,a30_31,no_static,1.9242796,3.053964,1.0,3,3,1.0,2,2,1.0
5048030,val,a30_31,no_static,2.5212274,0.9035515,1.0,3,3,1.0,6,6,1.0
5052033,val,a30_31,no_static,2.2776458,2.1652112,1.0,3,3,1.0,6,6,1.0
5057008,val,a30_31,no_static,0.7091515,0.0,1.0,2,2,1.0,6,6,1.0
5170009,val,a30_31,no_static,3.5372992,3.6723797,1.0,3,3,1.0,2,2,1.0
5230008,val,a30_31,no_static,3.1580403,3.3242893,1.0,3,3,1.0,2,2,1.0
5299010,val,a30_31,no_static,2.3794568,1.4410384,1.0,3,3,1.0,6,6,1.0
5336179,val,a30_31,no_static,2.5438805,2.2973404,1.0,3,2,1.0,2,2,1.0
5364005,val,a30_31,no_static,2.8501039,3.2058682,1.0,3,3,1.0,4,3,1.0
5379004,val,a30_31,no_static,2.994842,2.9469423,1.0,3,3,1.0,4,4,1.0
5430173,val,a30_31,no_static,2.857996,0.0,0.0,3,-1,0.0,6,-1,0.0
5488006,val,a30_31,no_static,3.3713775,3.6987822,1.0,3,3,1.0,6,6,1.0
5493007,val,a30_31,no_static,0.6199217,0.0,1.0,2,2,1.0,5,5,1.0
5537009,val,a30_31,no_static,2.5585234,2.2175868,1.0,3,3,1.0,2,2,1.0
5537177,val,a30_31,no_static,0.75864077,0.0,1.0,2,2,1.0,2,2,1.0
5537183,val,a30_31,no_static,3.3373475,0.0,1.0,3,2,1.0,2,2,1.0
5569010,val,a30_31,no_static,2.8617325,3.477633,1.0,3,3,1.0,2,2,1.0
5600005,val,a30_31,no_static,1.341879,2.3809192,1.0,3,2,1.0,6,6,1.0
5615183,val,a30_31,no_static,2.380115,4.037687,1.0,3,3,1.0,2,2,1.0
5749006,val,a30_31,no_static,1.804286,2.652741,1.0,3,3,1.0,4,2,1.0
5822175,val,a30_31,no_static,2.5128825,2.9794602,1.0,3,3,1.0,2,2,1.0
5832003,val,a30_31,no_static,3.0812147,0.0,0.0,3,-1,0.0,4,-1,0.0
5872005,val,a30_31,no_static,0.6767956,0.0,1.0,2,2,1.0,6,6,1.0
5898005,val,a30_31,no_static,1.8984139,0.0,1.0,3,2,1.0,6,4,1.0
5904033,val,a30_31,no_static,2.5845995,2.6030054,1.0,3,3,1.0,2,3,1.0
5987188,val,a30_31,no_static,2.8977215,3.0227742,1.0,3,3,1.0,2,2,1.0
6026005,val,a30_31,no_static,3.193441,3.6704879,1.0,3,3,1.0,6,6,1.0
6026172,val,a30_31,no_static,3.3047729,3.7018018,1.0,3,3,1.0,6,6,1.0
6054031,val,a30_31,no_static,3.7708561,4.3773117,1.0,3,3,1.0,6,6,1.0
6121033,val,a30_31,no_static,2.1936057,0.0,0.0,3,2,1.0,6,6,1.0
6156008,val,a30_31,no_static,3.2567067,3.766229,1.0,3,3,1.0,6,6,1.0
6157003,val,a30_31,no_static,2.7468662,2.724433,1.0,3,3,1.0,2,2,1.0
6210183,val,a30_31,no_static,2.7444177,3.5983658,1.0,3,3,1.0,6,2,1.0
6262030,val,a30_31,no_static,3.233361,3.6729314,1.0,3,3,1.0,2,2,1.0
6368007,val,a30_31,no_static,1.8882937,1.520187,1.0,3,2,1.0,6,6,1.0
6381181,val,a30_31,no_static,3.1301386,3.8400397,1.0,3,3,1.0,6,6,1.0
6396003,val,a30_31,no_static,1.8628329,1.6638994,1.0,3,3,1.0,4,2,1.0
6431008,val,a30_31,no_static,2.4992895,3.2574513,1.0,3,3,1.0,2,2,1.0
6475170,val,a30_31,no_static,2.2446516,2.6670494,1.0,3,3,1.0,6,6,1.0
6522004,val,a30_31,no_static,0.8462192,0.0,1.0,2,2,1.0,6,6,1.0
6537032,val,a30_31,no_static,2.7127163,2.6992998,1.0,3,2,1.0,2,2,1.0
6541178,val,a30_31,no_static,3.660511,4.0980587,1.0,3,3,1.0,2,2,1.0
6545006,val,a30_31,no_static,1.4260845,0.0,0.0,3,-1,0.0,2,-1,0.0
6547171,val,a30_31,no_static,2.88234,2.844415,1.0,3,3,1.0,2,2,1.0
6571031,val,a30_31,no_static,2.6050317,0.0,0.0,3,-1,0.0,2,-1,0.0
6590008,val,a30_31,no_static,2.7066293,3.052779,1.0,3,3,1.0,2,2,1.0
6616007,val,a30_31,no_static,2.1115332,2.4154687,1.0,3,2,1.0,2,2,1.0
6649003,val,a30_31,no_static,2.1280656,3.1905797,1.0,3,2,1.0,6,6,1.0
6710030,val,a30_31,no_static,0.79601693,3.334712,1.0,2,3,1.0,6,6,1.0
6745007,val,a30_31,no_static,2.877765,0.0,0.0,3,-1,0.0,6,-1,0.0
6750005,val,a30_31,no_static,2.2885857,0.0,1.0,3,3,1.0,2,3,1.0
6765006,val,a30_31,no_static,1.5228713,0.0,1.0,3,3,1.0,2,2,1.0
6822176,val,a30_31,no_static,3.129558,3.7020907,1.0,3,3,1.0,2,3,1.0
4007,val,a32_33,no_static,2.8413584,1.0867418,1.0,3,3,1.0,2,2,1.0
6174,val,a32_33,no_static,3.2304795,3.4142132,1.0,3,3,1.0,2,2,1.0
14004,val,a32_33,no_static,3.3495874,3.97576,1.0,3,3,1.0,2,2,1.0
14172,val,a32_33,no_static,0.92026377,0.0,1.0,2,2,1.0,2,2,1.0
14173,val,a32_33,no_static,2.7756195,3.566897,1.0,3,3,1.0,2,2,1.0
18031,val,a32_33,no_static,0.9357376,0.0,1.0,2,2,1.0,2,2,1.0
18185,val,a32_33,no_static,2.2722251,3.419789,1.0,3,3,1.0,2,4,1.0
23031,val,a32_33,no_static,2.6454346,2.7639472,1.0,3,3,1.0,6,6,1.0
40173,val,a32_33,no_static,3.3206449,4.1959877,1.0,3,3,1.0,2,2,1.0
51171,val,a32_33,no_static,2.9754436,3.4484794,1.0,3,3,1.0,2,2,1.0
84005,val,a32_33,no_static,3.2365966,3.628354,1.0,3,3,1.0,6,6,1.0
121173,val,a32_33,no_static,3.3149981,4.8089485,1.0,3,3,1.0,2,2,1.0
128004,val,a32_33,no_static,3.5161633,3.699267,1.0,3,3,1.0,2,2,1.0
145170,val,a32_33,no_static,2.935416,3.7859023,1.0,3,3,1.0,2,2,1.0
161004,val,a32_33,no_static,3.3568592,4.144882,1.0,3,3,1.0,6,6,1.0
172031,val,a32_33,no_static,3.2099195,3.4698775,1.0,3,3,1.0,2,2,1.0
174175,val,a32_33,no_static,1.8892996,3.505085,1.0,3,3,1.0,2,2,1.0
221031,val,a32_33,no_static,3.5591455,3.6850972,1.0,3,3,1.0,2,2,1.0
223030,val,a32_33,no_static,2.9767432,3.5649583,1.0,3,3,1.0,2,2,1.0
227003,val,a32_33,no_static,3.9896965,1.4325641,1.0,3,3,1.0,6,4,1.0
257175,val,a32_33,no_static,2.9780807,2.9559011,1.0,3,3,1.0,2,2,1.0
263182,val,a32_33,no_static,3.075381,3.1111588,1.0,3,3,1.0,2,2,1.0
321005,val,a32_33,no_static,1.9168544,0.0,1.0,3,3,1.0,4,2,1.0
361175,val,a32_33,no_static,2.4641562,2.4523063,1.0,3,2,1.0,4,2,1.0
377170,val,a32_33,no_static,3.046955,4.1439614,1.0,3,3,1.0,2,2,1.0
450030,val,a32_33,no_static,3.6633492,3.9492195,1.0,3,3,1.0,6,6,1.0
465030,val,a32_33,no_static,2.4448123,3.4057453,1.0,3,3,1.0,4,2,1.0
478030,val,a32_33,no_static,2.4291165,2.441683,1.0,3,2,1.0,6,5,1.0
503031,val,a32_33,no_static,2.6163256,4.011046,1.0,3,3,1.0,2,2,1.0
514172,val,a32_33,no_static,3.488664,4.8569217,1.0,3,3,1.0,2,2,1.0
534030,val,a32_33,no_static,3.107821,3.5290773,1.0,3,3,1.0,2,2,1.0
534171,val,a32_33,no_static,3.4888594,3.4207587,1.0,3,3,1.0,2,2,1.0
544170,val,a32_33,no_static,2.7564309,2.4005008,1.0,3,3,1.0,2,2,1.0
563193,val,a32_33,no_static,2.8870838,1.2695827,1.0,3,2,1.0,2,2,1.0
577174,val,a32_33,no_static,2.7287855,1.7688432,1.0,3,3,1.0,2,2,1.0
613006,val,a32_33,no_static,2.7756195,4.381024,1.0,3,3,1.0,2,6,1.0
618170,val,a32_33,no_static,3.7037365,4.21746,1.0,3,3,1.0,2,2,1.0
631030,val,a32_33,no_static,2.5648844,3.6409497,1.0,3,2,1.0,2,4,1.0
633031,val,a32_33,no_static,2.9052813,3.587975,1.0,3,3,1.0,6,2,1.0
652173,val,a32_33,no_static,3.30406,3.7014766,1.0,3,3,1.0,2,2,1.0
655172,val,a32_33,no_static,3.4943185,2.5599382,1.0,3,3,1.0,2,2,1.0
656005,val,a32_33,no_static,2.4148633,1.6182599,1.0,3,2,1.0,2,2,1.0
691171,val,a32_33,no_static,2.8362963,2.3093877,1.0,3,3,1.0,2,4,1.0
738172,val,a32_33,no_static,2.3411045,3.3051815,1.0,3,3,1.0,2,2,1.0
751030,val,a32_33,no_static,2.1763139,2.7029045,1.0,3,3,1.0,2,2,1.0
762170,val,a32_33,no_static,3.8632603,4.7859936,1.0,3,3,1.0,2,2,1.0
783171,val,a32_33,no_static,3.2921371,0.0,1.0,3,2,1.0,2,2,1.0
863007,val,a32_33,no_static,2.5205898,2.0965526,1.0,3,3,1.0,2,2,1.0
893170,val,a32_33,no_static,2.832268,1.1484697,1.0,3,2,1.0,2,2,1.0
894031,val,a32_33,no_static,3.2098691,2.920467,1.0,3,3,1.0,2,2,1.0
898181,val,a32_33,no_static,2.7756195,2.303382,1.0,3,2,1.0,2,2,1.0
899003,val,a32_33,no_static,3.0158823,3.1265504,1.0,3,3,1.0,4,4,1.0
916032,val,a32_33,no_static,2.5146568,3.433667,1.0,3,3,1.0,6,6,1.0
922005,val,a32_33,no_static,3.6506972,2.0455058,1.0,3,3,1.0,2,2,1.0
931172,val,a32_33,no_static,2.9409173,2.9653394,1.0,3,3,1.0,2,2,1.0
939032,val,a32_33,no_static,3.903576,4.886779,1.0,3,3,1.0,2,2,1.0
958030,val,a32_33,no_static,3.08079,3.514469,1.0,3,3,1.0,2,2,1.0
958173,val,a32_33,no_static,2.7259376,3.0765197,1.0,3,3,1.0,2,2,1.0
961005,val,a32_33,no_static,2.7147322,2.9124293,1.0,3,2,1.0,4,2,1.0
961030,val,a32_33,no_static,2.6028674,3.8700032,1.0,3,3,1.0,6,6,1.0
961175,val,a32_33,no_static,2.9592247,3.3337398,1.0,3,3,1.0,2,2,1.0
1051183,val,a32_33,no_static,3.7626991,3.8180304,1.0,3,3,1.0,2,2,1.0
1084005,val,a32_33,no_static,3.028741,0.0,1.0,3,2,1.0,2,2,1.0
1089003,val,a32_33,no_static,3.0212488,3.267166,1.0,3,3,1.0,2,2,1.0
1093003,val,a32_33,no_static,0.9330522,0.0,1.0,2,2,1.0,2,2,1.0
1107173,val,a32_33,no_static,1.6133031,2.8713987,1.0,3,3,1.0,2,2,1.0
1109174,val,a32_33,no_static,1.7545283,1.7994808,1.0,3,2,1.0,2,2,1.0
1121030,val,a32_33,no_static,3.0660915,3.2479649,1.0,3,3,1.0,2,2,1.0
1121175,val,a32_33,no_static,2.1802895,2.7939436,1.0,3,3,1.0,2,2,1.0
1125172,val,a32_33,no_static,2.6971679,2.505347,1.0,3,3,1.0,2,2,1.0
1126030,val,a32_33,no_static,2.9261358,3.0186512,1.0,3,3,1.0,2,2,1.0
1126176,val,a32_33,no_static,1.341966,4.886779,1.0,2,3,1.0,2,2,1.0
1152180,val,a32_33,no_static,3.241294,3.2781074,1.0,3,3,1.0,2,2,1.0
1164004,val,a32_33,no_static,3.1298537,3.232986,1.0,3,3,1.0,2,2,1.0
1184032,val,a32_33,no_static,3.2123356,3.3217459,1.0,3,3,1.0,2,2,1.0
1184033,val,a32_33,no_static,1.8068631,0.0,1.0,3,2,1.0,6,2,1.0
1185003,val,a32_33,no_static,3.5294394,2.8616178,1.0,3,2,1.0,2,2,1.0
1222004,val,a32_33,no_static,2.3439662,0.0,1.0,3,2,1.0,2,2,1.0
1222006,val,a32_33,no_static,2.5478039,3.2669837,1.0,3,3,1.0,2,2,1.0
1284170,val,a32_33,no_static,3.6389809,3.8794374,1.0,3,3,1.0,2,2,1.0
1292004,val,a32_33,no_static,2.647657,1.8490136,1.0,3,3,1.0,2,2,1.0
1314172,val,a32_33,no_static,2.8892279,1.2554071,1.0,3,3,1.0,2,2,1.0
1332005,val,a32_33,no_static,3.921534,1.8490136,1.0,3,3,1.0,2,4,1.0
1335010,val,a32_33,no_static,2.9938972,2.8287268,1.0,3,3,1.0,2,2,1.0
1338003,val,a32_33,no_static,3.2734447,3.5806177,1.0,3,3,1.0,6,6,1.0
1345006,val,a32_33,no_static,2.8640962,3.5201502,1.0,3,3,1.0,2,4,1.0
1345007,val,a32_33,no_static,2.7261345,3.3856368,1.0,3,3,1.0,6,6,1.0
1346030,val,a32_33,no_static,3.6340814,0.0,1.0,3,2,1.0,6,2,1.0
1391033,val,a32_33,no_static,3.446133,3.8577616,1.0,3,3,1.0,6,2,1.0
1391175,val,a32_33,no_static,0.7686963,2.1802564,1.0,2,3,1.0,2,2,1.0
1394033,val,a32_33,no_static,2.0759912,0.0,1.0,3,2,1.0,4,4,1.0
1397005,val,a32_33,no_static,3.0432978,3.384829,1.0,3,3,1.0,2,2,1.0
1397172,val,a32_33,no_static,1.2823684,0.6637555,1.0,3,2,1.0,2,2,1.0
1426004,val,a32_33,no_static,1.530016,1.2936131,1.0,3,2,1.0,6,3,1.0
1434032,val,a32_33,no_static,2.8321097,1.6391988,1.0,3,3,1.0,2,2,1.0
1434170,val,a32_33,no_static,2.9902291,2.9495683,1.0,3,3,1.0,2,2,1.0
1435005,val,a32_33,no_static,3.5126781,3.904213,1.0,3,3,1.0,6,2,1.0
1485171,val,a32_33,no_static,3.1680186,1.6021421,1.0,3,3,1.0,2,2,1.0
1520031,val,a32_33,no_static,3.2840424,3.9380646,1.0,3,3,1.0,4,2,1.0
1540005,val,a32_33,no_static,3.941867,2.2967575,1.0,3,3,1.0,6,2,1.0
1559003,val,a32_33,no_static,3.8489711,4.4298196,1.0,3,3,1.0,2,2,1.0
1559170,val,a32_33,no_static,3.4685285,3.635588,1.0,3,3,1.0,2,2,1.0
1565180,val,a32_33,no_static,3.0789537,3.4698775,1.0,3,3,1.0,2,2,1.0
1579030,val,a32_33,no_static,2.9256668,3.4738486,1.0,3,3,1.0,2,2,1.0
1613007,val,a32_33,no_static,2.7756195,0.38016513,1.0,3,2,1.0,2,2,1.0
1621171,val,a32_33,no_static,3.7002296,4.339688,1.0,3,3,1.0,2,2,1.0
1644004,val,a32_33,no_static,3.448235,1.2289442,1.0,3,3,1.0,2,2,1.0
1652031,val,a32_33,no_static,2.939092,0.0,1.0,3,2,1.0,2,2,1.0
1682032,val,a32_33,no_static,2.9813375,4.266328,1.0,3,3,1.0,6,6,1.0
1684173,val,a32_33,no_static,2.911695,3.2957816,1.0,3,3,1.0,2,2,1.0
1687003,val,a32_33,no_static,3.0031443,3.19179,1.0,3,3,1.0,2,2,1.0
1690170,val,a32_33,no_static,2.2007504,3.3861604,1.0,3,3,1.0,2,2,1.0
1692030,val,a32_33,no_static,0.7814051,1.5561625,1.0,2,3,1.0,2,2,1.0
1695034,val,a32_33,no_static,3.2800937,3.4795048,1.0,3,3,1.0,2,2,1.0
1701004,val,a32_33,no_static,2.5740933,3.2293725,1.0,3,3,1.0,2,2,1.0
1721030,val,a32_33,no_static,3.5380027,3.8455408,1.0,3,3,1.0,4,2,1.0
1723005,val,a32_33,no_static,0.82692313,0.82886904,1.0,2,2,1.0,2,2,1.0
1762030,val,a32_33,no_static,2.411652,1.9757252,1.0,3,3,1.0,2,2,1.0
1762031,val,a32_33,no_static,3.1271427,3.5925455,1.0,3,3,1.0,2,2,1.0
1762032,val,a32_33,no_static,1.8329897,1.6391988,1.0,3,3,1.0,2,3,1.0
1774170,val,a32_33,no_static,3.4421842,3.9912028,1.0,3,3,1.0,2,2,1.0
1774171,val,a32_33,no_static,3.381446,3.549721,1.0,3,3,1.0,2,2,1.0
1784171,val,a32_33,no_static,3.612866,4.220819,1.0,3,3,1.0,2,2,1.0
1786191,val,a32_33,no_static,3.5283446,3.9380646,1.0,3,3,1.0,2,2,1.0
1787005,val,a32_33,no_static,3.297045,3.6982102,1.0,3,3,1.0,4,2,1.0
1787174,val,a32_33,no_static,2.9865959,3.4946194,1.0,3,3,1.0,2,2,1.0
1802003,val,a32_33,no_static,2.7885482,2.9506648,1.0,3,3,1.0,2,2,1.0
1845170,val,a32_33,no_static,3.5496187,3.4964852,1.0,3,3,1.0,2,2,1.0
1862171,val,a32_33,no_static,2.935568,3.7249148,1.0,3,3,1.0,2,2,1.0
1898004,val,a32_33,no_static,3.1594136,3.97414,1.0,3,3,1.0,6,6,1.0
1911030,val,a32_33,no_static,2.3108115,3.1334782,1.0,3,3,1.0,4,2,1.0
1914003,val,a32_33,no_static,1.1590414,1.1835238,1.0,2,3,1.0,2,2,1.0
1919007,val,a32_33,no_static,3.7246652,3.963373,1.0,3,3,1.0,2,2,1.0
1954003,val,a32_33,no_static,3.2596154,3.3071876,1.0,3,3,1.0,2,2,1.0
1959005,val,a32_33,no_static,3.6429381,4.227319,1.0,3,3,1.0,6,6,1.0
1964031,val,a32_33,no_static,2.2246253,0.0,0.0,3,-1,0.0,4,-1,0.0
1972173,val,a32_33,no_static,1.0743626,3.2300382,1.0,2,3,1.0,2,3,1.0
1978030,val,a32_33,no_static,3.2939909,3.9380646,1.0,3,3,1.0,2,2,1.0
2005030,val,a32_33,no_static,2.7793155,3.6323774,1.0,3,3,1.0,6,6,1.0
2011174,val,a32_33,no_static,2.6187866,3.1610117,1.0,3,3,1.0,2,2,1.0
2023030,val,a32_33,no_static,3.7000518,4.676276,1.0,3,3,1.0,6,6,1.0
2028030,val,a32_33,no_static,3.2862878,3.8275414,1.0,3,3,1.0,4,4,1.0
2055003,val,a32_33,no_static,2.5303874,2.436415,1.0,3,3,1.0,2,2,1.0
2067005,val,a32_33,no_static,3.4210548,3.8835647,1.0,3,3,1.0,2,2,1.0
2080170,val,a32_33,no_static,2.0486643,1.5193015,1.0,3,3,1.0,2,2,1.0
2106171,val,a32_33,no_static,0.84288096,1.9249718,1.0,2,3,1.0,2,2,1.0
2109002,val,a32_33,no_static,3.475872,4.320229,1.0,3,3,1.0,2,3,1.0
2129186,val,a32_33,no_static,2.756244,3.4382844,1.0,3,3,1.0,2,2,1.0
2181007,val,a32_33,no_static,0.7860985,0.0,1.0,2,2,1.0,6,6,1.0
2181030,val,a32_33,no_static,2.9540412,3.2005377,1.0,3,3,1.0,4,4,1.0
2243174,val,a32_33,no_static,3.818171,4.3128266,1.0,3,3,1.0,2,2,1.0
2260173,val,a32_33,no_static,2.657196,1.8636948,1.0,3,3,1.0,2,2,1.0
2261030,val,a32_33,no_static,3.0321589,3.46386,1.0,3,3,1.0,2,2,1.0
2271171,val,a32_33,no_static,2.6783059,2.8805687,1.0,3,3,1.0,2,2,1.0
2282005,val,a32_33,no_static,2.900304,2.6999228,1.0,3,3,1.0,4,4,1.0
2302195,val,a32_33,no_static,0.7686963,0.0,1.0,2,2,1.0,2,3,1.0
2334031,val,a32_33,no_static,3.61378,4.3227935,1.0,3,3,1.0,2,2,1.0
2341172,val,a32_33,no_static,3.0489583,1.4055939,1.0,3,3,1.0,2,2,1.0
2354175,val,a32_33,no_static,3.2854786,3.5770934,1.0,3,3,1.0,6,2,1.0
2355004,val,a32_33,no_static,1.5717981,3.1516616,1.0,3,3,1.0,4,4,1.0
2391030,val,a32_33,no_static,3.1610508,3.3850226,1.0,3,3,1.0,2,2,1.0
2397173,val,a32_33,no_static,0.9265169,1.5610666,1.0,2,2,1.0,2,4,1.0
2408170,val,a32_33,no_static,2.7037005,1.7504245,1.0,3,3,1.0,6,2,1.0
2425003,val,a32_33,no_static,2.5748584,1.0458099,1.0,3,3,1.0,2,2,1.0
2432030,val,a32_33,no_static,0.9419576,3.1244323,1.0,2,3,1.0,4,4,1.0
2435172,val,a32_33,no_static,1.261322,2.6671154,1.0,3,3,1.0,2,2,1.0
2436174,val,a32_33,no_static,0.80994403,0.0,1.0,2,2,1.0,2,2,1.0
2436176,val,a32_33,no_static,1.3512034,2.3387928,1.0,3,3,1.0,2,2,1.0
2441003,val,a32_33,no_static,1.9475362,2.767564,1.0,3,3,1.0,2,2,1.0
2441173,val,a32_33,no_static,3.1085935,3.35304,1.0,3,2,1.0,2,2,1.0
2458031,val,a32_33,no_static,3.9758835,4.4858203,1.0,3,3,1.0,6,6,1.0
2461004,val,a32_33,no_static,1.0028418,0.0,1.0,2,2,1.0,2,2,1.0
2461030,val,a32_33,no_static,3.4267862,4.886779,1.0,3,3,1.0,2,2,1.0
2473004,val,a32_33,no_static,3.2456748,3.5253677,1.0,3,3,1.0,2,2,1.0
2483030,val,a32_33,no_static,2.981786,2.811228,1.0,3,3,1.0,2,3,1.0
2503030,val,a32_33,no_static,3.4484565,3.3822985,1.0,3,2,1.0,6,6,1.0
2510005,val,a32_33,no_static,3.1195471,3.1491687,1.0,3,3,1.0,2,2,1.0
2525003,val,a32_33,no_static,3.2108307,1.4930412,1.0,3,2,1.0,2,2,1.0
2529030,val,a32_33,no_static,2.9856956,2.3032491,1.0,3,3,1.0,2,2,1.0
2529174,val,a32_33,no_static,3.22222,4.1124773,1.0,3,3,1.0,2,2,1.0
2530003,val,a32_33,no_static,2.0175204,0.0,0.0,3,-1,0.0,2,-1,0.0
2530004,val,a32_33,no_static,2.9002945,3.012737,1.0,3,3,1.0,2,2,1.0
2569033,val,a32_33,no_static,2.7196834,3.4540765,1.0,3,3,1.0,6,2,1.0
2601006,val,a32_33,no_static,3.295844,4.6354756,1.0,3,3,1.0,6,2,1.0
2608006,val,a32_33,no_static,2.59818,3.1019585,1.0,3,3,1.0,2,2,1.0
2615034,val,a32_33,no_static,3.642454,4.0760427,1.0,3,3,1.0,2,2,1.0
2639004,val,a32_33,no_static,1.1042532,3.5780287,1.0,2,3,1.0,2,4,1.0
2665177,val,a32_33,no_static,0.9736531,0.0,1.0,2,2,1.0,6,6,1.0
2672006,val,a32_33,no_static,3.1923337,3.845893,1.0,3,3,1.0,6,2,1.0
2672171,val,a32_33,no_static,2.4099329,3.2094243,1.0,3,3,1.0,4,4,1.0
2697003,val,a32_33,no_static,3.2917168,4.1256022,1.0,3,3,1.0,2,4,1.0
2704031,val,a32_33,no_static,3.0455432,3.3051815,1.0,3,3,1.0,6,2,1.0
2705030,val,a32_33,no_static,3.410233,4.1353226,1.0,3,3,1.0,2,2,1.0
2707007,val,a32_33,no_static,2.693839,2.9212708,1.0,3,3,1.0,2,2,1.0
2712172,val,a32_33,no_static,2.329737,2.9834774,1.0,3,3,1.0,2,2,1.0
2731003,val,a32_33,no_static,2.903072,3.4424026,1.0,3,3,1.0,6,6,1.0
2731005,val,a32_33,no_static,3.9186637,4.657845,1.0,3,3,1.0,6,6,1.0
2770031,val,a32_33,no_static,3.3334029,3.5017936,1.0,3,3,1.0,2,2,1.0
2816004,val,a32_33,no_static,0.93803084,0.99481934,1.0,2,3,1.0,2,2,1.0
2910002,val,a32_33,no_static,2.9557738,2.9570043,1.0,3,2,1.0,2,2,1.0
3062001,val,a32_33,no_static,3.3672247,3.0165422,1.0,3,3,1.0,2,2,1.0
3235002,val,a32_33,no_static,2.639526,3.067396,1.0,3,3,1.0,2,2,1.0
3306001,val,a32_33,no_static,3.7979448,4.5033164,1.0,3,3,1.0,2,2,1.0
5015030,val,a32_33,no_static,2.005764,3.1231244,1.0,3,3,1.0,2,2,1.0
5048030,val,a32_33,no_static,2.5450194,0.85221577,1.0,3,3,1.0,6,6,1.0
5052033,val,a32_33,no_static,2.3287868,2.1177578,1.0,3,3,1.0,6,6,1.0
5057008,val,a32_33,no_static,0.826265,0.0,1.0,2,2,1.0,6,6,1.0
5170009,val,a32_33,no_static,3.508919,3.754378,1.0,3,3,1.0,2,2,1.0
5230008,val,a32_33,no_static,3.1464348,3.23986,1.0,3,3,1.0,2,2,1.0
5299010,val,a32_33,no_static,2.400446,0.0,1.0,3,2,1.0,6,6,1.0
5336179,val,a32_33,no_static,2.580358,2.1424496,1.0,3,3,1.0,2,2,1.0
5364005,val,a32_33,no_static,2.8730445,3.1292195,1.0,3,3,1.0,4,3,1.0
5379004,val,a32_33,no_static,2.9896216,3.4401562,1.0,3,3,1.0,4,4,1.0
5430173,val,a32_33,no_static,2.8514144,0.0,1.0,3,2,1.0,6,6,1.0
5488006,val,a32_33,no_static,3.3380742,3.6953425,1.0,3,3,1.0,6,6,1.0
5493007,val,a32_33,no_static,0.7219516,0.0,1.0,2,2,1.0,5,6,1.0
5537009,val,a32_33,no_static,2.581956,0.0,0.0,3,-1,0.0,2,-1,0.0
5537177,val,a32_33,no_static,0.9598602,0.0,1.0,2,2,1.0,2,2,1.0
5537183,val,a32_33,no_static,3.3251085,3.904599,1.0,3,3,1.0,2,2,1.0
5569010,val,a32_33,no_static,2.8772802,3.7087364,1.0,3,3,1.0,2,2,1.0
5600005,val,a32_33,no_static,1.4409078,2.8738692,1.0,3,3,1.0,6,6,1.0
5615183,val,a32_33,no_static,2.410064,3.4054897,1.0,3,3,1.0,2,2,1.0
5749006,val,a32_33,no_static,1.8556561,2.906099,1.0,3,3,1.0,4,2,1.0
5822175,val,a32_33,no_static,2.5434532,3.410315,1.0,3,3,1.0,2,2,1.0
5832003,val,a32_33,no_static,3.075177,3.3075924,1.0,3,2,1.0,4,6,1.0
5872005,val,a32_33,no_static,0.7860985,0.0,1.0,2,2,1.0,6,6,1.0
5898005,val,a32_33,no_static,1.9653014,1.7823017,1.0,3,3,1.0,6,4,1.0
5904033,val,a32_33,no_static,2.6044555,0.84036845,1.0,3,3,1.0,2,3,1.0
5987188,val,a32_33,no_static,2.9094186,2.9850528,1.0,3,3,1.0,2,2,1.0
6026005,val,a32_33,no_static,3.1652231,3.9760501,1.0,3,3,1.0,6,2,1.0
6026172,val,a32_33,no_static,3.2699375,3.810312,1.0,3,3,1.0,6,2,1.0
6054031,val,a32_33,no_static,3.71559,3.938906,1.0,3,3,1.0,6,6,1.0
6121033,val,a32_33,no_static,2.2318764,0.0,0.0,3,-1,0.0,6,-1,0.0
6156008,val,a32_33,no_static,3.2457817,3.793373,1.0,3,3,1.0,6,6,1.0
6157003,val,a32_33,no_static,2.7708547,2.9488564,1.0,3,3,1.0,2,2,1.0
6210183,val,a32_33,no_static,2.7756195,3.3647535,1.0,3,3,1.0,2,2,1.0
6262030,val,a32_33,no_static,3.2290897,4.031533,1.0,3,3,1.0,2,2,1.0
6368007,val,a32_33,no_static,1.9609355,0.41118228,1.0,3,2,1.0,6,6,1.0
6381181,val,a32_33,no_static,3.1270418,4.056612,1.0,3,3,1.0,6,2,1.0
6396003,val,a32_33,no_static,1.929479,1.5197067,1.0,3,3,1.0,4,2,1.0
6431008,val,a32_33,no_static,2.5499933,3.2996137,1.0,3,3,1.0,2,2,1.0
6475170,val,a32_33,no_static,2.2856278,2.8357437,1.0,3,3,1.0,6,6,1.0
6522004,val,a32_33,no_static,1.0236216,0.0,1.0,2,2,1.0,6,6,1.0
6537032,val,a32_33,no_static,2.719836,0.0,1.0,3,2,1.0,2,2,1.0
6541178,val,a32_33,no_static,3.6376061,4.160322,1.0,3,3,1.0,2,2,1.0
6545006,val,a32_33,no_static,1.4778088,0.0,0.0,3,-1,0.0,4,-1,0.0
6547171,val,a32_33,no_static,2.8883057,2.8279142,1.0,3,3,1.0,2,2,1.0
6571031,val,a32_33,no_static,2.6404846,3.3175473,1.0,3,3,1.0,2,3,1.0
6590008,val,a32_33,no_static,2.7339785,3.1238058,1.0,3,3,1.0,2,2,1.0
6616007,val,a32_33,no_static,2.198883,2.2041533,1.0,3,3,1.0,2,3,1.0
6649003,val,a32_33,no_static,2.172922,2.9051325,1.0,3,3,1.0,6,6,1.0
6710030,val,a32_33,no_static,0.9229096,0.0,0.0,2,-1,0.0,6,-1,0.0
6745007,val,a32_33,no_static,2.8770943,0.0,0.0,3,-1,0.0,6,-1,0.0
6750005,val,a32_33,no_static,2.3442574,3.182522,1.0,3,3,1.0,2,4,1.0
6765006,val,a32_33,no_static,1.6637225,2.837602,1.0,3,3,1.0,2,2,1.0
6822176,val,a32_33,no_static,3.120841,3.8595586,1.0,3,3,1.0,2,4,1.0
4007,val,a34_35,no_static,2.8602917,2.800409,1.0,3,3,1.0,2,2,1.0
6174,val,a34_35,no_static,3.2070491,3.436764,1.0,3,3,1.0,2,2,1.0
14004,val,a34_35,no_static,3.3457923,3.998868,1.0,3,3,1.0,2,2,1.0
14172,val,a34_35,no_static,1.11056,0.0,1.0,2,2,1.0,2,2,1.0
14173,val,a34_35,no_static,2.7982178,3.6810904,1.0,3,3,1.0,2,2,1.0
18031,val,a34_35,no_static,1.1815732,0.68363804,1.0,2,2,1.0,2,2,1.0
18185,val,a34_35,no_static,2.3494635,0.9108581,1.0,3,2,1.0,2,2,1.0
23031,val,a34_35,no_static,2.6529024,3.4142132,1.0,3,3,1.0,6,6,1.0
40173,val,a34_35,no_static,3.2983418,3.7375634,1.0,3,3,1.0,2,2,1.0
51171,val,a34_35,no_static,2.9717042,3.6482122,1.0,3,3,1.0,2,2,1.0
84005,val,a34_35,no_static,3.2051787,3.8661423,1.0,3,3,1.0,6,6,1.0
121173,val,a34_35,no_static,3.289261,4.4823527,1.0,3,3,1.0,2,2,1.0
128004,val,a34_35,no_static,3.4830744,3.7695422,1.0,3,3,1.0,2,2,1.0
145170,val,a34_35,no_static,2.9364522,3.050315,1.0,3,3,1.0,2,2,1.0
161004,val,a34_35,no_static,3.309519,4.29205,1.0,3,3,1.0,6,6,1.0
172031,val,a34_35,no_static,3.2102888,3.0302796,1.0,3,3,1.0,2,2,1.0
174175,val,a34_35,no_static,2.011111,3.4826064,1.0,3,3,1.0,2,2,1.0
221031,val,a34_35,no_static,3.5448356,4.00667,1.0,3,3,1.0,2,2,1.0
223030,val,a34_35,no_static,2.9551842,4.1992106,1.0,3,3,1.0,2,2,1.0
227003,val,a34_35,no_static,3.9284742,3.9942298,1.0,3,3,1.0,6,4,1.0
257175,val,a34_35,no_static,2.9842901,1.5653204,1.0,3,3,1.0,2,2,1.0
263182,val,a34_35,no_static,3.0710886,3.226835,1.0,3,3,1.0,2,2,1.0
321005,val,a34_35,no_static,2.0219643,1.8506196,1.0,3,3,1.0,4,2,1.0
361175,val,a34_35,no_static,2.4972422,0.5806059,1.0,3,2,1.0,4,2,1.0
377170,val,a34_35,no_static,3.042063,4.052736,1.0,3,3,1.0,2,2,1.0
450030,val,a34_35,no_static,3.5905638,3.535023,1.0,3,3,1.0,6,6,1.0
465030,val,a34_35,no_static,2.4773042,3.46386,1.0,3,3,1.0,4,2,1.0
478030,val,a34_35,no_static,2.454067,0.0,1.0,3,3,1.0,6,5,1.0
503031,val,a34_35,no_static,2.6951165,4.179109,1.0,3,3,1.0,2,2,1.0
514172,val,a34_35,no_static,3.453558,4.4858203,1.0,3,3,1.0,2,2,1.0
534030,val,a34_35,no_static,3.0775142,1.7294579,1.0,3,3,1.0,2,2,1.0
534171,val,a34_35,no_static,3.4741957,3.2709668,1.0,3,3,1.0,2,2,1.0
544170,val,a34_35,no_static,2.7912488,2.6415782,1.0,3,3,1.0,2,2,1.0
563193,val,a34_35,no_static,2.8802793,0.0,1.0,3,2,1.0,2,2,1.0
577174,val,a34_35,no_static,2.7464716,2.117311,1.0,3,3,1.0,2,2,1.0
613006,val,a34_35,no_static,2.7982178,3.412913,1.0,3,2,1.0,2,6,1.0
618170,val,a34_35,no_static,3.6568234,4.139663,1.0,3,3,1.0,2,2,1.0
631030,val,a34_35,no_static,2.5985107,4.0355644,1.0,3,3,1.0,2,4,1.0
633031,val,a34_35,no_static,2.9125583,3.806156,1.0,3,3,1.0,6,2,1.0
652173,val,a34_35,no_static,3.2810304,3.5265098,1.0,3,3,1.0,2,2,1.0
655172,val,a34_35,no_static,3.466526,3.625488,1.0,3,2,1.0,2,2,1.0
656005,val,a34_35,no_static,2.4758406,2.2859914,1.0,3,3,1.0,2,2,1.0
691171,val,a34_35,no_static,2.8525167,2.9259071,1.0,3,3,1.0,2,4,1.0
738172,val,a34_35,no_static,2.4001713,2.920467,1.0,3,3,1.0,2,2,1.0
751030,val,a34_35,no_static,2.265551,2.1802564,1.0,3,3,1.0,2,2,1.0
762170,val,a34_35,no_static,3.8230824,4.451708,1.0,3,3,1.0,2,2,1.0
783171,val,a34_35,no_static,3.2605388,0.0,1.0,3,2,1.0,2,2,1.0
863007,val,a34_35,no_static,2.5786624,2.018303,1.0,3,3,1.0,2,2,1.0
893170,val,a34_35,no_static,2.8574698,0.0,1.0,3,2,1.0,2,2,1.0
894031,val,a34_35,no_static,3.1761217,3.045166,1.0,3,3,1.0,2,2,1.0
898181,val,a34_35,no_static,2.7982178,2.2668793,1.0,3,3,1.0,2,2,1.0
899003,val,a34_35,no_static,3.0194669,3.2250204,1.0,3,3,1.0,4,4,1.0
916032,val,a34_35,no_static,2.5454392,0.97904295,1.0,3,3,1.0,6,6,1.0
922005,val,a34_35,no_static,3.616242,2.986773,1.0,3,3,1.0,2,2,1.0
931172,val,a34_35,no_static,2.9534688,2.7452414,1.0,3,3,1.0,2,2,1.0
939032,val,a34_35,no_static,3.8645515,4.8055015,1.0,3,3,1.0,2,2,1.0
958030,val,a34_35,no_static,3.0877154,3.643596,1.0,3,3,1.0,2,2,1.0
958173,val,a34_35,no_static,2.745904,3.051619,1.0,3,3,1.0,2,2,1.0
961005,val,a34_35,no_static,2.738045,2.7400177,1.0,3,3,1.0,4,4,1.0
961030,val,a34_35,no_static,2.6364152,4.009967,1.0,3,3,1.0,6,2,1.0
961175,val,a34_35,no_static,2.9670677,3.5397089,1.0,3,3,1.0,2,2,1.0
1051183,val,a34_35,no_static,3.725346,3.5068526,1.0,3,3,1.0,2,2,1.0
1084005,val,a34_35,no_static,3.0267892,1.2412424,1.0,3,3,1.0,2,2,1.0
1089003,val,a34_35,no_static,3.0163782,3.223352,1.0,3,3,1.0,2,2,1.0
1093003,val,a34_35,no_static,1.2076485,0.0,1.0,2,2,1.0,2,2,1.0
1107173,val,a34_35,no_static,1.8195876,0.0,1.0,3,2,1.0,2,2,1.0
1109174,val,a34_35,no_static,1.8873436,1.7912925,1.0,3,3,1.0,2,2,1.0
1121030,val,a34_35,no_static,3.0810006,3.3347914,1.0,3,3,1.0,2,2,1.0
1121175,val,a34_35,no_static,2.2417753,2.8474362,1.0,3,3,1.0,2,2,1.0
1125172,val,a34_35,no_static,2.730119,2.8422003,1.0,3,3,1.0,2,2,1.0
1126030,val,a34_35,no_static,2.940883,3.5079842,1.0,3,3,1.0,2,2,1.0
1126176,val,a34_35,no_static,1.6769285,4.886779,1.0,3,3,1.0,2,2,1.0
1152180,val,a34_35,no_static,3.2225113,3.3841953,1.0,3,3,1.0,2,2,1.0
1164004,val,a34_35,no_static,3.1651778,3.3247015,1.0,3,3,1.0,2,2,1.0
1184032,val,a34_35,no_static,3.2065325,3.718973,1.0,3,3,1.0,2,2,1.0
1184033,val,a34_35,no_static,2.0097046,0.0,1.0,3,2,1.0,6,2,1.0
1185003,val,a34_35,no_static,3.5048795,0.1392965,1.0,3,2,1.0,2,2,1.0
1222004,val,a34_35,no_static,2.414634,0.6502385,1.0,3,3,1.0,2,2,1.0
1222006,val,a34_35,no_static,2.5934746,0.0,1.0,3,3,1.0,2,2,1.0
1284170,val,a34_35,no_static,3.5919237,2.9825165,1.0,3,3,1.0,2,2,1.0
1292004,val,a34_35,no_static,2.6804059,2.6426997,1.0,3,3,1.0,2,2,1.0
1314172,val,a34_35,no_static,2.900478,3.6161854,1.0,3,3,1.0,2,2,1.0
1332005,val,a34_35,no_static,3.9032474,3.4484794,1.0,3,3,1.0,2,2,1.0
1335010,val,a34_35,no_static,3.02542,2.9968593,1.0,3,3,1.0,2,2,1.0
1338003,val,a34_35,no_static,3.2157793,3.7758262,1.0,3,3,1.0,6,6,1.0
1345006,val,a34_35,no_static,2.8576407,2.5475004,1.0,3,3,1.0,2,2,1.0
1345007,val,a34_35,no_static,2.7118192,4.046768,1.0,3,3,1.0,6,6,1.0
1346030,val,a34_35,no_static,3.5737352,0.0,1.0,3,2,1.0,6,2,1.0
1391033,val,a34_35,no_static,3.3884754,3.6222303,1.0,3,3,1.0,6,2,1.0
1391175,val,a34_35,no_static,0.9618093,3.1423733,1.0,2,3,1.0,2,4,1.0
1394033,val,a34_35,no_static,2.0994668,0.0,1.0,3,2,1.0,4,4,1.0
1397005,val,a34_35,no_static,3.0414085,3.6320806,1.0,3,3,1.0,2,2,1.0
1397172,val,a34_35,no_static,1.5339799,0.0,1.0,3,2,1.0,2,2,1.0
1426004,val,a34_35,no_static,1.6147469,2.7400177,1.0,3,3,1.0,6,6,1.0
1434032,val,a34_35,no_static,2.8537002,1.6446948,1.0,3,3,1.0,2,2,1.0
1434170,val,a34_35,no_static,2.9883437,3.3065176,1.0,3,3,1.0,2,2,1.0
1435005,val,a34_35,no_static,3.441425,4.083877,1.0,3,3,1.0,6,2,1.0
1485171,val,a34_35,no_static,3.176631,3.1599016,1.0,3,3,1.0,2,2,1.0
1520031,val,a34_35,no_static,3.2885299,4.223541,1.0,3,3,1.0,4,3,1.0
1540005,val,a34_35,no_static,3.9010525,1.1484697,1.0,3,3,1.0,6,2,1.0
1559003,val,a34_35,no_static,3.8015296,4.581772,1.0,3,3,1.0,2,2,1.0
1559170,val,a34_35,no_static,3.434187,3.1855898,1.0,3,3,1.0,2,2,1.0
1565180,val,a34_35,no_static,3.071016,3.8731043,1.0,3,3,1.0,2,2,1.0
1579030,val,a34_35,no_static,2.9387076,3.2707531,1.0,3,3,1.0,2,2,1.0
1613007,val,a34_35,no_static,2.7982178,1.1782345,1.0,3,3,1.0,2,2,1.0
1621171,val,a34_35,no_static,3.657855,4.233549,1.0,3,3,1.0,2,2,1.0
1644004,val,a34_35,no_static,3.4103,3.4810104,1.0,3,3,1.0,2,2,1.0
1652031,val,a34_35,no_static,2.9391356,1.224851,1.0,3,3,1.0,2,2,1.0
1682032,val,a34_35,no_static,2.9637175,4.058486,1.0,3,3,1.0,6,2,1.0
1684173,val,a34_35,no_static,2.944424,3.449071,1.0,3,3,1.0,2,2,1.0
1687003,val,a34_35,no_static,3.0307012,3.3014047,1.0,3,3,1.0,2,2,1.0
1690170,val,a34_35,no_static,2.25491,3.3312128,1.0,3,3,1.0,2,2,1.0
1692030,val,a34_35,no_static,0.9782717,2.5444038,1.0,2,3,1.0,2,4,1.0
1695034,val,a34_35,no_static,3.2750921,3.5729935,1.0,3,2,1.0,2,2,1.0
1701004,val,a34_35,no_static,2.6288655,3.4728677,1.0,3,3,1.0,2,2,1.0
1721030,val,a34_35,no_static,3.4979522,3.6708767,1.0,3,3,1.0,4,2,1.0
1723005,val,a34_35,no_static,1.0016073,1.1481966,1.0,2,2,1.0,2,2,1.0
1762030,val,a34_35,no_static,2.471176,2.3319604,1.0,3,2,1.0,2,3,1.0
1762031,val,a34_35,no_static,3.1221604,3.7397017,1.0,3,3,1.0,2,2,1.0
1762032,val,a34_35,no_static,1.9242877,2.5473228,1.0,3,3,1.0,2,3,1.0
1774170,val,a34_35,no_static,3.4094477,3.9032092,1.0,3,2,1.0,2,2,1.0
1774171,val,a34_35,no_static,3.3529055,3.6229506,1.0,3,3,1.0,2,2,1.0
1784171,val,a34_35,no_static,3.5737455,4.4212785,1.0,3,3,1.0,2,2,1.0
1786191,val,a34_35,no_static,3.5106466,3.9449332,1.0,3,3,1.0,2,2,1.0
1787005,val,a34_35,no_static,3.287688,4.0148044,1.0,3,3,1.0,2,2,1.0
1787174,val,a34_35,no_static,2.9710507,3.3078308,1.0,3,3,1.0,2,2,1.0
1802003,val,a34_35,no_static,2.8093052,2.8173234,1.0,3,3,1.0,2,2,1.0
1845170,val,a34_35,no_static,3.5224032,3.315087,1.0,3,3,1.0,2,2,1.0
1862171,val,a34_35,no_static,2.959231,3.937253,1.0,3,3,1.0,2,2,1.0
1898004,val,a34_35,no_static,3.1095164,0.0,1.0,3,3,1.0,6,6,1.0
1911030,val,a34_35,no_static,2.3784866,3.0814157,1.0,3,3,1.0,4,2,1.0
1914003,val,a34_35,no_static,1.4068584,1.988769,1.0,3,3,1.0,2,2,1.0
1919007,val,a34_35,no_static,3.6560206,4.069468,1.0,3,3,1.0,2,2,1.0
1954003,val,a34_35,no_static,3.2521055,3.410345,1.0,3,3,1.0,2,2,1.0
1959005,val,a34_35,no_static,3.59013,3.8789423,1.0,3,3,1.0,6,2,1.0
1964031,val,a34_35,no_static,2.2654788,2.4798064,1.0,3,3,1.0,4,4,1.0
1972173,val,a34_35,no_static,1.3229791,1.5825812,1.0,3,3,1.0,2,2,1.0
1978030,val,a34_35,no_static,3.2902193,3.8594756,1.0,3,3,1.0,2,2,1.0
2005030,val,a34_35,no_static,2.8020723,3.584206,1.0,3,3,1.0,6,6,1.0
2011174,val,a34_35,no_static,2.6441684,3.2372046,1.0,3,3,1.0,2,2,1.0
2023030,val,a34_35,no_static,3.649564,4.71018,1.0,3,3,1.0,6,6,1.0
2028030,val,a34_35,no_static,3.2756422,4.2104487,1.0,3,3,1.0,4,4,1.0
2055003,val,a34_35,no_static,2.584373,2.3580952,1.0,3,3,1.0,2,2,1.0
2067005,val,a34_35,no_static,3.3890648,3.8198578,1.0,3,3,1.0,2,2,1.0
2080170,val,a34_35,no_static,2.1461654,1.8996137,1.0,3,3,1.0,2,2,1.0
2106171,val,a34_35,no_static,1.0125729,0.0,1.0,2,2,1.0,2,2,1.0
2109002,val,a34_35,no_static,3.4287179,4.7713423,1.0,3,3,1.0,2,3,1.0
2129186,val,a34_35,no_static,2.7783072,3.3685656,1.0,3,3,1.0,2,2,1.0
2181007,val,a34_35,no_static,0.90313244,1.3514186,1.0,2,3,1.0,6,6,1.0
2181030,val,a34_35,no_static,2.9506328,3.4647295,1.0,3,3,1.0,4,4,1.0
2243174,val,a34_35,no_static,3.772958,4.886779,1.0,3,3,1.0,2,2,1.0
2260173,val,a34_35,no_static,2.6883047,2.816037,1.0,3,3,1.0,2,2,1.0
2261030,val,a34_35,no_static,3.0486379,3.1945803,1.0,3,3,1.0,2,2,1.0
2271171,val,a34_35,no_static,2.6876812,3.3082037,1.0,3,3,1.0,2,2,1.0
2282005,val,a34_35,no_static,2.9158225,2.147233,1.0,3,3,1.0,4,6,1.0
2302195,val,a34_35,no_static,0.9618093,0.0,1.0,2,2,1.0,2,3,1.0
2334031,val,a34_35,no_static,3.5702543,4.4581056,1.0,3,3,1.0,2,2,1.0
2341172,val,a34_35,no_static,3.0643072,3.2996137,1.0,3,2,1.0,2,2,1.0
2354175,val,a34_35,no_static,3.238933,0.29350135,1.0,3,3,1.0,6,2,1.0
2355004,val,a34_35,no_static,1.6829975,3.3921888,1.0,3,3,1.0,4,4,1.0
2391030,val,a34_35,no_static,3.1463523,3.4039729,1.0,3,3,1.0,2,2,1.0
2397173,val,a34_35,no_static,1.1903416,2.5756848,1.0,3,3,1.0,2,4,1.0
2408170,val,a34_35,no_static,2.6920452,3.1023672,1.0,3,2,1.0,6,2,1.0
2425003,val,a34_35,no_static,2.6065447,2.1094406,1.0,3,3,1.0,2,2,1.0
2432030,val,a34_35,no_static,1.1212075,2.844158,1.0,2,3,1.0,4,4,1.0
2435172,val,a34_35,no_static,1.5966359,2.4191318,1.0,3,3,1.0,2,2,1.0
2436174,val,a34_35,no_static,1.0183481,0.0,1.0,2,3,1.0,2,4,1.0
2436176,val,a34_35,no_static,1.5226554,2.1727228,1.0,3,3,1.0,2,2,1.0
2441003,val,a34_35,no_static,1.997112,3.1773481,1.0,3,3,1.0,2,2,1.0
2441173,val,a34_35,no_static,3.0995018,3.4186516,1.0,3,2,1.0,2,2,1.0
2458031,val,a34_35,no_static,3.8996105,4.2520056,1.0,3,3,1.0,6,6,1.0
2461004,val,a34_35,no_static,1.2147017,0.0,1.0,2,2,1.0,2,2,1.0
2461030,val,a34_35,no_static,3.4109251,4.886779,1.0,3,3,1.0,2,2,1.0
2473004,val,a34_35,no_static,3.2430017,3.5252342,1.0,3,3,1.0,2,2,1.0
2483030,val,a34_35,no_static,2.96234,2.1516867,1.0,3,3,1.0,2,4,1.0
2503030,val,a34_35,no_static,3.396538,3.2300382,1.0,3,3,1.0,6,6,1.0
2510005,val,a34_35,no_static,3.1234117,3.0696194,1.0,3,3,1.0,2,2,1.0
2525003,val,a34_35,no_static,3.1834683,4.3761644,1.0,3,3,1.0,2,2,1.0
2529030,val,a34_35,no_static,3.0062246,1.2899189,1.0,3,3,1.0,2,2,1.0
2529174,val,a34_35,no_static,3.20481,4.05028,1.0,3,3,1.0,2,2,1.0
2530003,val,a34_35,no_static,2.0839548,2.347849,1.0,3,3,1.0,2,2,1.0
2530004,val,a34_35,no_static,2.9097714,3.3155382,1.0,3,3,1.0,2,2,1.0
2569033,val,a34_35,no_static,2.7192495,3.3997273,1.0,3,3,1.0,6,2,1.0
2601006,val,a34_35,no_static,3.238855,4.6199427,1.0,3,3,1.0,6,2,1.0
2608006,val,a34_35,no_static,2.627787,3.3245888,1.0,3,3,1.0,2,2,1.0
2615034,val,a34_35,no_static,3.5898433,4.264327,1.0,3,3,1.0,2,2,1.0
2639004,val,a34_35,no_static,1.3058263,3.1244323,1.0,3,3,1.0,2,4,1.0
2665177,val,a34_35,no_static,1.1704808,0.0,1.0,2,2,1.0,6,6,1.0
2672006,val,a34_35,no_static,3.188853,4.088642,1.0,3,3,1.0,6,2,1.0
2672171,val,a34_35,no_static,2.4639676,3.5206954,1.0,3,3,1.0,4,4,1.0
2697003,val,a34_35,no_static,3.2906737,3.654262,1.0,3,3,1.0,2,4,1.0
2704031,val,a34_35,no_static,2.98277,3.5243149,1.0,3,3,1.0,6,2,1.0
2705030,val,a34_35,no_static,3.3818355,4.117977,1.0,3,3,1.0,2,2,1.0
2707007,val,a34_35,no_static,2.7206755,2.8901737,1.0,3,3,1.0,2,2,1.0
2712172,val,a34_35,no_static,2.3952663,3.0806043,1.0,3,3,1.0,2,2,1.0
2731003,val,a34_35,no_static,2.9085035,3.4291623,1.0,3,3,1.0,6,6,1.0
2731005,val,a34_35,no_static,3.8635342,4.602144,1.0,3,3,1.0,6,6,1.0
2770031,val,a34_35,no_static,3.3202047,3.2963169,1.0,3,3,1.0,2,2,1.0
2816004,val,a34_35,no_static,1.2215611,2.8679018,1.0,3,3,1.0,2,2,1.0
2910002,val,a34_35,no_static,2.9575987,1.33938,1.0,3,2,1.0,2,2,1.0
3062001,val,a34_35,no_static,3.3508046,3.044029,1.0,3,2,1.0,2,2,1.0
3235002,val,a34_35,no_static,2.6663585,3.1709757,1.0,3,3,1.0,2,2,1.0
3306001,val,a34_35,no_static,3.7475715,4.4437504,1.0,3,3,1.0,2,2,1.0
5015030,val,a34_35,no_static,2.0908108,3.3798187,1.0,3,3,1.0,2,2,1.0
5048030,val,a34_35,no_static,2.565856,2.0504565,1.0,3,3,1.0,6,6,1.0
5052033,val,a34_35,no_static,2.3731925,1.8831539,1.0,3,2,1.0,6,6,1.0
5057008,val,a34_35,no_static,0.9531479,0.0,1.0,2,2,1.0,6,6,1.0
5170009,val,a34_35,no_static,3.4738064,3.381349,1.0,3,3,1.0,2,2,1.0
5230008,val,a34_35,no_static,3.1316905,3.4894347,1.0,3,3,1.0,2,2,1.0
5299010,val,a34_35,no_static,2.409658,1.8428315,1.0,3,2,1.0,6,6,1.0
5336179,val,a34_35,no_static,2.6114361,2.7212331,1.0,3,3,1.0,2,2,1.0
5364005,val,a34_35,no_static,2.8938758,3.4310503,1.0,3,3,1.0,4,3,1.0
5379004,val,a34_35,no_static,2.9807365,3.8497841,1.0,3,2,1.0,4,4,1.0
5430173,val,a34_35,no_static,2.8324401,0.0,1.0,3,3,1.0,6,6,1.0
5488006,val,a34_35,no_static,3.2912068,3.6707966,1.0,3,3,1.0,6,6,1.0
5493007,val,a34_35,no_static,0.82359624,0.0,1.0,2,2,1.0,5,5,1.0
5537009,val,a34_35,no_static,2.605099,2.8268414,1.0,3,3,1.0,2,2,1.0
5537177,val,a34_35,no_static,1.2188263,0.0,1.0,3,2,1.0,2,2,1.0
5537183,val,a34_35,no_static,3.312502,4.8345804,1.0,3,3,1.0,2,2,1.0
5569010,val,a34_35,no_static,2.8866935,3.5150862,1.0,3,3,1.0,2,2,1.0
5600005,val,a34_35,no_static,1.5522144,2.8289354,1.0,3,3,1.0,6,2,1.0
5615183,val,a34_35,no_static,2.4335458,3.2685068,1.0,3,2,1.0,2,2,1.0
5749006,val,a34_35,no_static,1.9083912,3.0684395,1.0,3,3,1.0,4,2,1.0
5822175,val,a34_35,no_static,2.573276,3.432247,1.0,3,3,1.0,2,2,1.0
5832003,val,a34_35,no_static,3.0544837,2.955636,1.0,3,2,1.0,4,6,1.0
5872005,val,a34_35,no_static,0.90313244,0.0,1.0,2,2,1.0,6,6,1.0
5898005,val,a34_35,no_static,2.0335596,0.0,0.0,3,-1,0.0,6,-1,0.0
5904033,val,a34_35,no_static,2.6174247,2.9226713,1.0,3,3,1.0,2,4,1.0
5987188,val,a34_35,no_static,2.9147065,2.993095,1.0,3,3,1.0,2,2,1.0
6026005,val,a34_35,no_static,3.1235235,4.1942463,1.0,3,3,1.0,6,2,1.0
6026172,val,a34_35,no_static,3.2235858,3.5880518,1.0,3,2,1.0,6,2,1.0
6054031,val,a34_35,no_static,3.640637,3.894498,1.0,3,3,1.0,6,6,1.0
6121033,val,a34_35,no_static,2.2614636,0.0,1.0,3,2,1.0,6,6,1.0
6156008,val,a34_35,no_static,3.228316,3.6999114,1.0,3,3,1.0,6,6,1.0
6157003,val,a34_35,no_static,2.7957668,3.2246761,1.0,3,3,1.0,2,2,1.0
6210183,val,a34_35,no_static,2.7982178,3.1390646,1.0,3,3,1.0,2,2,1.0
6262030,val,a34_35,no_static,3.2154489,3.820049,1.0,3,3,1.0,2,2,1.0
6368007,val,a34_35,no_static,2.039582,2.02827,1.0,3,3,1.0,6,6,1.0
6381181,val,a34_35,no_static,3.1189241,4.0212197,1.0,3,3,1.0,6,2,1.0
6396003,val,a34_35,no_static,1.9957712,2.1782289,1.0,3,3,1.0,4,2,1.0
6431008,val,a34_35,no_static,2.5982857,3.717182,1.0,3,3,1.0,2,2,1.0
6475170,val,a34_35,no_static,2.32561,2.4331408,1.0,3,3,1.0,6,6,1.0
6522004,val,a34_35,no_static,1.2242469,0.0,1.0,2,2,1.0,6,6,1.0
6537032,val,a34_35,no_static,2.7191584,2.8025348,1.0,3,2,1.0,2,2,1.0
6541178,val,a34_35,no_static,3.60779,4.1634727,1.0,3,3,1.0,2,2,1.0
6545006,val,a34_35,no_static,1.511208,2.961514,1.0,3,3,1.0,2,4,1.0
6547171,val,a34_35,no_static,2.8914182,2.1509397,1.0,3,2,1.0,2,2,1.0
6571031,val,a34_35,no_static,2.6737833,2.9221067,1.0,3,3,1.0,2,3,1.0
6590008,val,a34_35,no_static,2.7620008,3.3649793,1.0,3,3,1.0,2,2,1.0
6616007,val,a34_35,no_static,2.2953312,2.1483917,1.0,3,3,1.0,2,4,1.0
6649003,val,a34_35,no_static,2.2207615,3.5800602,1.0,3,3,1.0,6,2,1.0
6710030,val,a34_35,no_static,1.0635241,3.2300382,1.0,2,3,1.0,6,6,1.0
6745007,val,a34_35,no_static,2.8673897,3.248457,1.0,3,3,1.0,6,6,1.0
6750005,val,a34_35,no_static,2.399465,3.0114257,1.0,3,3,1.0,2,4,1.0
6765006,val,a34_35,no_static,1.8076029,2.7225564,1.0,3,3,1.0,2,2,1.0
6822176,val,a34_35,no_static,3.1088192,3.2707531,1.0,3,3,1.0,2,4,1.0
4007,val,a36_37,no_static,2.8846328,3.4327393,1.0,3,3,1.0,2,4,1.0
6174,val,a36_37,no_static,3.204482,3.778162,1.0,3,3,1.0,2,2,1.0
14004,val,a36_37,no_static,3.3494625,4.02684,1.0,3,3,1.0,2,2,1.0
14172,val,a36_37,no_static,1.2634255,2.8672464,1.0,3,3,1.0,2,2,1.0
14173,val,a36_37,no_static,2.819317,3.4728956,1.0,3,3,1.0,2,2,1.0
18031,val,a36_37,no_static,1.4739648,0.0,1.0,2,3,1.0,2,2,1.0
18185,val,a36_37,no_static,2.4221401,0.0,1.0,3,2,1.0,2,2,1.0
23031,val,a36_37,no_static,2.6662316,3.5235963,1.0,3,2,1.0,6,6,1.0
40173,val,a36_37,no_static,3.2946982,3.8670228,1.0,3,3,1.0,2,2,1.0
51171,val,a36_37,no_static,2.9827678,3.705001,1.0,3,3,1.0,2,2,1.0
84005,val,a36_37,no_static,3.1933334,3.92555,1.0,3,3,1.0,6,6,1.0
121173,val,a36_37,no_static,3.2834783,0.0,1.0,3,2,1.0,2,2,1.0
128004,val,a36_37,no_static,3.4563112,3.8585868,1.0,3,3,1.0,2,2,1.0
145170,val,a36_37,no_static,2.947956,3.5600896,1.0,3,3,1.0,2,2,1.0
161004,val,a36_37,no_static,3.286813,1.0080107,1.0,3,2,1.0,6,4,1.0
172031,val,a36_37,no_static,3.2170594,3.3619175,1.0,3,3,1.0,2,2,1.0
174175,val,a36_37,no_static,2.1131022,3.392162,1.0,3,3,1.0,2,2,1.0
221031,val,a36_37,no_static,3.542211,4.201887,1.0,3,3,1.0,2,2,1.0
223030,val,a36_37,no_static,2.9414,4.0583324,1.0,3,3,1.0,2,2,1.0
227003,val,a36_37,no_static,3.884203,4.205097,1.0,3,3,1.0,2,4,1.0
257175,val,a36_37,no_static,3.0017638,3.3451939,1.0,3,3,1.0,2,2,1.0
263182,val,a36_37,no_static,3.080317,3.2001226,1.0,3,3,1.0,2,2,1.0
321005,val,a36_37,no_static,2.1110065,1.8774471,1.0,3,2,1.0,4,2,1.0
361175,val,a36_37,no_static,2.5286343,0.0,1.0,3,2,1.0,4,2,1.0
377170,val,a36_37,no_static,3.0493839,4.0868087,1.0,3,3,1.0,2,2,1.0
450030,val,a36_37,no_static,3.5506887,3.7491298,1.0,3,3,1.0,6,6,1.0
465030,val,a36_37,no_static,2.5038204,3.3018157,1.0,3,3,1.0,4,2,1.0
478030,val,a36_37,no_static,2.4761333,0.0,1.0,3,3,1.0,6,5,1.0
503031,val,a36_37,no_static,2.7617137,4.3654175,1.0,3,3,1.0,2,2,1.0
514172,val,a36_37,no_static,3.4394503,4.2520056,1.0,3,3,1.0,2,2,1.0
534030,val,a36_37,no_static,3.0617602,1.7535818,1.0,3,3,1.0,2,2,1.0
534171,val,a36_37,no_static,3.4734628,3.0798528,1.0,3,3,1.0,2,2,1.0
544170,val,a36_37,no_static,2.8283906,2.6569633,1.0,3,3,1.0,2,2,1.0
563193,val,a36_37,no_static,2.8936098,0.0,1.0,3,2,1.0,2,2,1.0
577174,val,a36_37,no_static,2.7712746,2.7346222,1.0,3,3,1.0,2,2,1.0
613006,val,a36_37,no_static,2.819317,3.5822034,1.0,3,3,1.0,2,6,1.0
618170,val,a36_37,no_static,3.6325812,4.2245264,1.0,3,3,1.0,2,2,1.0
631030,val,a36_37,no_static,2.6292517,4.2520056,1.0,3,2,1.0,2,4,1.0
633031,val,a36_37,no_static,2.9274282,3.678776,1.0,3,3,1.0,4,2,1.0
652173,val,a36_37,no_static,3.2749336,3.7556844,1.0,3,3,1.0,2,2,1.0
655172,val,a36_37,no_static,3.4566388,3.5016189,1.0,3,3,1.0,2,2,1.0
656005,val,a36_37,no_static,2.5275025,0.57833385,1.0,3,3,1.0,2,2,1.0
691171,val,a36_37,no_static,2.8755271,2.144181,1.0,3,3,1.0,2,4,1.0
738172,val,a36_37,no_static,2.4499624,3.4647295,1.0,3,3,1.0,2,2,1.0
751030,val,a36_37,no_static,2.3417556,2.331206,1.0,3,3,1.0,2,2,1.0
762170,val,a36_37,no_static,3.8017201,4.6750684,1.0,3,3,1.0,2,2,1.0
783171,val,a36_37,no_static,3.2469473,0.0,1.0,3,2,1.0,2,2,1.0
863007,val,a36_37,no_static,2.6306763,2.4012594,1.0,3,3,1.0,2,2,1.0
893170,val,a36_37,no_static,2.8857386,0.0,1.0,3,2,1.0,2,2,1.0
894031,val,a36_37,no_static,3.1578443,3.3179958,1.0,3,3,1.0,2,2,1.0
898181,val,a36_37,no_static,2.819317,2.4601953,1.0,3,3,1.0,2,2,1.0
899003,val,a36_37,no_static,3.035479,3.4753656,1.0,3,3,1.0,4,4,1.0
916032,val,a36_37,no_static,2.5750296,1.3594984,1.0,3,3,1.0,6,6,1.0
922005,val,a36_37,no_static,3.6004162,2.5992112,1.0,3,3,1.0,2,2,1.0
931172,val,a36_37,no_static,2.9735098,3.2485132,1.0,3,3,1.0,2,2,1.0
939032,val,a36_37,no_static,3.8380527,4.237259,1.0,3,3,1.0,2,2,1.0
958030,val,a36_37,no_static,3.0920253,3.1858559,1.0,3,3,1.0,2,2,1.0
958173,val,a36_37,no_static,2.7717245,3.2416787,1.0,3,3,1.0,2,2,1.0
961005,val,a36_37,no_static,2.7594633,2.5763686,1.0,3,3,1.0,4,4,1.0
961030,val,a36_37,no_static,2.6685464,3.616172,1.0,3,3,1.0,6,2,1.0
961175,val,a36_37,no_static,2.9839966,3.9032092,1.0,3,3,1.0,2,2,1.0
1051183,val,a36_37,no_static,3.7063346,3.3599384,1.0,3,3,1.0,2,2,1.0
1084005,val,a36_37,no_static,3.0309565,2.5692537,1.0,3,3,1.0,2,2,1.0
1089003,val,a36_37,no_static,3.0228999,2.474308,1.0,3,3,1.0,2,2,1.0
1093003,val,a36_37,no_static,1.4708992,0.0,1.0,3,2,1.0,2,2,1.0
1107173,val,a36_37,no_static,2.0316432,3.6353216,1.0,3,3,1.0,2,4,1.0
1109174,val,a36_37,no_static,1.9991848,2.245844,1.0,3,2,1.0,2,2,1.0
1121030,val,a36_37,no_static,3.095797,3.456708,1.0,3,3,1.0,2,2,1.0
1121175,val,a36_37,no_static,2.2912343,0.0,1.0,3,2,1.0,2,2,1.0
1125172,val,a36_37,no_static,2.7640867,2.4460173,1.0,3,2,1.0,2,2,1.0
1126030,val,a36_37,no_static,2.9630494,2.8064811,1.0,3,3,1.0,2,2,1.0
1126176,val,a36_37,no_static,1.9032941,4.886779,1.0,3,3,1.0,2,2,1.0
1152180,val,a36_37,no_static,3.2174401,3.4601078,1.0,3,3,1.0,2,2,1.0
1164004,val,a36_37,no_static,3.1996686,3.4775372,1.0,3,2,1.0,2,2,1.0
1184032,val,a36_37,no_static,3.212903,3.7188902,1.0,3,3,1.0,2,2,1.0
1184033,val,a36_37,no_static,2.192067,2.8802483,1.0,3,3,1.0,6,4,1.0
1185003,val,a36_37,no_static,3.4894774,0.0,1.0,3,2,1.0,2,2,1.0
1222004,val,a36_37,no_static,2.476519,2.876907,1.0,3,3,1.0,2,2,1.0
1222006,val,a36_37,no_static,2.6349058,3.2434895,1.0,3,3,1.0,2,2,1.0
1284170,val,a36_37,no_static,3.569304,1.6771642,1.0,3,3,1.0,2,2,1.0
1292004,val,a36_37,no_static,2.7176309,2.7496648,1.0,3,3,1.0,2,2,1.0
1314172,val,a36_37,no_static,2.9195015,3.6824348,1.0,3,3,1.0,2,2,1.0
1332005,val,a36_37,no_static,3.8968987,0.0,0.0,3,-1,0.0,2,3,1.0
1335010,val,a36_37,no_static,3.0583389,3.1051395,1.0,3,3,1.0,2,2,1.0
1338003,val,a36_37,no_static,3.188079,4.1280828,1.0,3,3,1.0,6,6,1.0
1345006,val,a36_37,no_static,2.854086,2.9832191,1.0,3,3,1.0,2,2,1.0
1345007,val,a36_37,no_static,2.7155063,3.8132377,1.0,3,3,1.0,6,6,1.0
1346030,val,a36_37,no_static,3.5400684,0.0,1.0,3,2,1.0,6,2,1.0
1391033,val,a36_37,no_static,3.3576193,3.811287,1.0,3,3,1.0,6,2,1.0
1391175,val,a36_37,no_static,1.1429142,3.079403,1.0,2,3,1.0,2,4,1.0
1394033,val,a36_37,no_static,2.1242855,0.0,1.0,3,2,1.0,4,4,1.0
1397005,val,a36_37,no_static,3.0501664,3.7173688,1.0,3,3,1.0,2,2,1.0
1397172,val,a36_37,no_static,1.7210892,0.6802275,1.0,3,3,1.0,2,2,1.0
1426004,val,a36_37,no_static,1.6803502,2.8489583,1.0,3,3,1.0,6,6,1.0
1434032,val,a36_37,no_static,2.8787127,2.180618,1.0,3,3,1.0,2,2,1.0
1434170,val,a36_37,no_static,2.997561,2.939788,1.0,3,3,1.0,2,2,1.0
1435005,val,a36_37,no_static,3.4065294,4.7467794,1.0,3,3,1.0,6,3,1.0
1485171,val,a36_37,no_static,3.1939988,3.4317987,1.0,3,3,1.0,2,2,1.0
1520031,val,a36_37,no_static,3.3036947,4.363858,1.0,3,3,1.0,4,2,1.0
1540005,val,a36_37,no_static,3.8786337,2.37132,1.0,3,3,1.0,2,2,1.0
1559003,val,a36_37,no_static,3.773271,4.417404,1.0,3,3,1.0,2,2,1.0
1559170,val,a36_37,no_static,3.4209714,4.11546,1.0,3,3,1.0,2,2,1.0
1565180,val,a36_37,no_static,3.0779095,3.4647295,1.0,3,2,1.0,2,2,1.0
1579030,val,a36_37,no_static,2.9566069,3.3667955,1.0,3,3,1.0,2,2,1.0
1613007,val,a36_37,no_static,2.819317,1.3834741,1.0,3,3,1.0,2,2,1.0
1621171,val,a36_37,no_static,3.6362739,4.886779,1.0,3,3,1.0,2,2,1.0
1644004,val,a36_37,no_static,3.3941436,3.3606308,1.0,3,3,1.0,2,2,1.0
1652031,val,a36_37,no_static,2.9394288,3.1768782,1.0,3,3,1.0,2,2,1.0
1682032,val,a36_37,no_static,2.9535003,3.8405538,1.0,3,3,1.0,6,2,1.0
1684173,val,a36_37,no_static,2.978446,3.4290798,1.0,3,3,1.0,2,2,1.0
1687003,val,a36_37,no_static,3.0607235,3.3888075,1.0,3,3,1.0,2,2,1.0
1690170,val,a36_37,no_static,2.3010309,3.0869684,1.0,3,3,1.0,2,2,1.0
1692030,val,a36_37,no_static,1.160629,2.6670494,1.0,2,3,1.0,2,4,1.0
1695034,val,a36_37,no_static,3.2846007,3.3662376,1.0,3,3,1.0,2,2,1.0
1701004,val,a36_37,no_static,2.6821585,3.5780287,1.0,3,3,1.0,2,2,1.0
1721030,val,a36_37,no_static,3.4822571,0.0,1.0,3,2,1.0,4,2,1.0
1723005,val,a36_37,no_static,1.1526872,1.8636948,1.0,2,2,1.0,2,2,1.0
1762030,val,a36_37,no_static,2.5292988,1.9106654,1.0,3,3,1.0,2,3,1.0
1762031,val,a36_37,no_static,3.12104,3.641588,1.0,3,3,1.0,2,2,1.0
1762032,val,a36_37,no_static,1.9906135,1.7876599,1.0,3,3,1.0,2,3,1.0
1774170,val,a36_37,no_static,3.3975475,0.0,1.0,3,2,1.0,2,2,1.0
1774171,val,a36_37,no_static,3.3441808,3.3619723,1.0,3,3,1.0,2,2,1.0
1784171,val,a36_37,no_static,3.5552459,4.5877905,1.0,3,3,1.0,2,2,1.0
1786191,val,a36_37,no_static,3.504511,3.8410935,1.0,3,3,1.0,2,2,1.0
1787005,val,a36_37,no_static,3.2956135,3.9825108,1.0,3,3,1.0,2,2,1.0
1787174,val,a36_37,no_static,2.9733975,3.1686609,1.0,3,3,1.0,2,2,1.0
1802003,val,a36_37,no_static,2.832665,2.7790923,1.0,3,3,1.0,2,2,1.0
1845170,val,a36_37,no_static,3.5122008,3.0690727,1.0,3,3,1.0,2,2,1.0
1862171,val,a36_37,no_static,2.9904733,3.7537568,1.0,3,3,1.0,2,2,1.0
1898004,val,a36_37,no_static,3.1064022,3.7632077,1.0,3,3,1.0,6,6,1.0
1911030,val,a36_37,no_static,2.4315925,3.295633,1.0,3,3,1.0,4,2,1.0
1914003,val,a36_37,no_static,1.6610382,1.980423,1.0,3,3,1.0,2,2,1.0
1919007,val,a36_37,no_static,3.6172147,4.8790894,1.0,3,3,1.0,2,3,1.0
1954003,val,a36_37,no_static,3.2577157,3.254356,1.0,3,3,1.0,2,2,1.0
1959005,val,a36_37,no_static,3.5603304,4.18122,1.0,3,3,1.0,6,2,1.0
1964031,val,a36_37,no_static,2.3021889,2.7394176,1.0,3,3,1.0,4,4,1.0
1972173,val,a36_37,no_static,1.5227971,0.0,0.0,3,-1,0.0,2,-1,0.0
1978030,val,a36_37,no_static,3.2907293,4.1103644,1.0,3,3,1.0,2,2,1.0
2005030,val,a36_37,no_static,2.8258786,2.6480696,1.0,3,3,1.0,6,4,1.0
2011174,val,a36_37,no_static,2.6759024,3.2482402,1.0,3,3,1.0,2,2,1.0
2023030,val,a36_37,no_static,3.618423,4.862917,1.0,3,3,1.0,6,6,1.0
2028030,val,a36_37,no_static,3.2826712,4.247286,1.0,3,3,1.0,4,4,1.0
2055003,val,a36_37,no_static,2.6289756,2.5747566,1.0,3,3,1.0,2,2,1.0
2067005,val,a36_37,no_static,3.3780718,3.9193912,1.0,3,3,1.0,2,2,1.0
2080170,val,a36_37,no_static,2.225905,2.2188706,1.0,3,3,1.0,2,2,1.0
2106171,val,a36_37,no_static,1.1493759,0.0,1.0,2,2,1.0,2,2,1.0
2109002,val,a36_37,no_static,3.411233,4.713481,1.0,3,3,1.0,2,2,1.0
2129186,val,a36_37,no_static,2.8050704,3.3345084,1.0,3,3,1.0,2,2,1.0
2181007,val,a36_37,no_static,1.002234,0.96344346,1.0,2,2,1.0,6,6,1.0
2181030,val,a36_37,no_static,2.9629211,3.6312973,1.0,3,3,1.0,4,2,1.0
2243174,val,a36_37,no_static,3.7506285,4.30575,1.0,3,3,1.0,2,2,1.0
2260173,val,a36_37,no_static,2.7213957,0.0,1.0,3,3,1.0,2,2,1.0
2261030,val,a36_37,no_static,3.0665157,2.9075313,1.0,3,3,1.0,2,2,1.0
2271171,val,a36_37,no_static,2.7061718,3.3811612,1.0,3,3,1.0,2,2,1.0
2282005,val,a36_37,no_static,2.9356194,2.9124293,1.0,3,3,1.0,4,6,1.0
2302195,val,a36_37,no_static,1.1429142,0.0,1.0,2,2,1.0,2,3,1.0
2334031,val,a36_37,no_static,3.5396783,4.3349156,1.0,3,3,1.0,2,2,1.0
2341172,val,a36_37,no_static,3.087572,1.6123989,1.0,3,3,1.0,2,2,1.0
2354175,val,a36_37,no_static,3.220574,3.8595586,1.0,3,3,1.0,6,2,1.0
2355004,val,a36_37,no_static,1.779839,3.6927035,1.0,3,3,1.0,4,2,1.0
2391030,val,a36_37,no_static,3.1486678,3.6864588,1.0,3,3,1.0,2,2,1.0
2397173,val,a36_37,no_static,1.4380603,2.470555,1.0,3,3,1.0,2,4,1.0
2408170,val,a36_37,no_static,2.6973324,2.883854,1.0,3,3,1.0,6,2,1.0
2425003,val,a36_37,no_static,2.64025,1.7356842,1.0,3,3,1.0,2,2,1.0
2432030,val,a36_37,no_static,1.2832024,3.029656,1.0,2,2,1.0,4,4,1.0
2435172,val,a36_37,no_static,1.8526423,2.2948132,1.0,3,3,1.0,2,2,1.0
2436174,val,a36_37,no_static,1.2064973,1.5490171,1.0,2,3,1.0,2,4,1.0
2436176,val,a36_37,no_static,1.6652646,2.7887027,1.0,3,3,1.0,2,2,1.0
2441003,val,a36_37,no_static,2.0319927,3.1246448,1.0,3,3,1.0,2,2,1.0
2441173,val,a36_37,no_static,3.1007316,3.7351284,1.0,3,2,1.0,2,2,1.0
2458031,val,a36_37,no_static,3.8532631,4.41717,1.0,3,3,1.0,2,6,1.0
2461004,val,a36_37,no_static,1.394243,1.6316046,1.0,2,3,1.0,2,2,1.0
2461030,val,a36_37,no_static,3.4110384,4.886779,1.0,3,3,1.0,2,2,1.0
2473004,val,a36_37,no_static,3.245369,3.620147,1.0,3,3,1.0,2,2,1.0
2483030,val,a36_37,no_static,2.943231,2.4331408,1.0,3,2,1.0,2,4,1.0
2503030,val,a36_37,no_static,3.3691077,3.1709757,1.0,3,3,1.0,6,6,1.0
2510005,val,a36_37,no_static,3.1276846,3.445601,1.0,3,3,1.0,2,2,1.0
2525003,val,a36_37,no_static,3.1703272,4.7141504,1.0,3,3,1.0,2,2,1.0
2529030,val,a36_37,no_static,3.0268219,0.0,1.0,3,2,1.0,2,2,1.0
2529174,val,a36_37,no_static,3.2029326,3.9753668,1.0,3,3,1.0,2,2,1.0
2530003,val,a36_37,no_static,2.1334574,3.4057453,1.0,3,2,1.0,2,4,1.0
2530004,val,a36_37,no_static,2.9230318,3.170426,1.0,3,3,1.0,2,2,1.0
2569033,val,a36_37,no_static,2.7262228,3.3809729,1.0,3,3,1.0,6,2,1.0
2601006,val,a36_37,no_static,3.2058206,4.845638,1.0,3,3,1.0,6,2,1.0
2608006,val,a36_37,no_static,2.6596417,3.223352,1.0,3,3,1.0,2,2,1.0
2615034,val,a36_37,no_static,3.5494046,3.896652,1.0,3,3,1.0,2,2,1.0
2639004,val,a36_37,no_static,1.4754937,3.2300382,1.0,3,3,1.0,2,4,1.0
2665177,val,a36_37,no_static,1.344256,0.0,1.0,2,2,1.0,6,6,1.0
2672006,val,a36_37,no_static,3.1951377,4.056694,1.0,3,3,1.0,6,2,1.0
2672171,val,a36_37,no_static,2.5127985,3.7282312,1.0,3,3,1.0,4,4,1.0
2697003,val,a36_37,no_static,3.301301,3.5551443,1.0,3,3,1.0,2,4,1.0
2704031,val,a36_37,no_static,2.9478846,0.0,0.0,3,-1,0.0,6,-1,0.0
2705030,val,a36_37,no_static,3.359545,4.279099,1.0,3,3,1.0,2,2,1.0
2707007,val,a36_37,no_static,2.7523034,1.9724138,1.0,3,3,1.0,2,2,1.0
2712172,val,a36_37,no_static,2.46213,3.2804124,1.0,3,3,1.0,2,2,1.0
2731003,val,a36_37,no_static,2.9206944,3.2931156,1.0,3,3,1.0,6,6,1.0
2731005,val,a36_37,no_static,3.8294635,4.5862164,1.0,3,3,1.0,2,6,1.0
2770031,val,a36_37,no_static,3.3125565,2.668859,1.0,3,2,1.0,2,2,1.0
2816004,val,a36_37,no_static,1.5060446,3.182522,1.0,3,3,1.0,2,2,1.0
2910002,val,a36_37,no_static,2.9697661,2.7591305,1.0,3,3,1.0,2,2,1.0
3062001,val,a36_37,no_static,3.3421264,1.9881068,1.0,3,3,1.0,2,2,1.0
3235002,val,a36_37,no_static,2.6963758,3.2806733,1.0,3,3,1.0,2,3,1.0
3306001,val,a36_37,no_static,3.7167258,4.5110793,1.0,3,3,1.0,2,2,1.0
5015030,val,a36_37,no_static,2.1649508,3.3488512,1.0,3,2,1.0,2,2,1.0
5048030,val,a36_37,no_static,2.588233,2.4680142,1.0,3,3,1.0,6,6,1.0
5052033,val,a36_37,no_static,2.4108114,2.2469683,1.0,3,3,1.0,6,6,1.0
5057008,val,a36_37,no_static,1.0598195,0.0,0.0,2,-1,0.0,6,-1,0.0
5170009,val,a36_37,no_static,3.4589167,3.788717,1.0,3,3,1.0,2,2,1.0
5230008,val,a36_37,no_static,3.1343932,3.5082257,1.0,3,3,1.0,2,2,1.0
5299010,val,a36_37,no_static,2.4280338,0.303701,1.0,3,3,1.0,6,6,1.0
5336179,val,a36_37,no_static,2.6443274,2.7841861,1.0,3,3,1.0,2,2,1.0
5364005,val,a36_37,no_static,2.9158268,3.3207188,1.0,3,3,1.0,4,3,1.0
5379004,val,a36_37,no_static,2.9883368,3.8999038,1.0,3,3,1.0,4,4,1.0
5430173,val,a36_37,no_static,2.824572,1.7842062,1.0,3,2,1.0,6,6,1.0
5488006,val,a36_37,no_static,3.2684824,3.7725368,1.0,3,3,1.0,6,6,1.0
5493007,val,a36_37,no_static,0.9009112,0.0,1.0,2,2,1.0,5,5,1.0
5537009,val,a36_37,no_static,2.6343937,2.7819886,1.0,3,3,1.0,2,2,1.0
5537177,val,a36_37,no_static,1.4582754,2.0426283,1.0,3,3,1.0,2,2,1.0
5537183,val,a36_37,no_static,3.3182194,3.67495,1.0,3,3,1.0,2,2,1.0
5569010,val,a36_37,no_static,2.8967159,3.5010288,1.0,3,3,1.0,2,2,1.0
5600005,val,a36_37,no_static,1.654392,0.0,1.0,3,2,1.0,6,2,1.0
5615183,val,a36_37,no_static,2.4605744,3.2485132,1.0,3,3,1.0,2,2,1.0
5749006,val,a36_37,no_static,1.9499708,2.3568232,1.0,3,3,1.0,4,2,1.0
5822175,val,a36_37,no_static,2.6074016,3.4142132,1.0,3,3,1.0,2,2,1.0
5832003,val,a36_37,no_static,3.0437326,2.3835883,1.0,3,3,1.0,4,6,1.0
5872005,val,a36_37,no_static,1.002234,0.0,1.0,2,2,1.0,6,6,1.0
5898005,val,a36_37,no_static,2.097862,0.0,0.0,3,-1,0.0,6,-1,0.0
5904033,val,a36_37,no_static,2.634451,3.029786,1.0,3,3,1.0,2,4,1.0
5987188,val,a36_37,no_static,2.929354,2.8467143,1.0,3,3,1.0,2,2,1.0
6026005,val,a36_37,no_static,3.104053,4.496649,1.0,3,2,1.0,6,4,1.0
6026172,val,a36_37,no_static,3.2031498,0.0,0.0,3,-1,0.0,6,-1,0.0
6054031,val,a36_37,no_static,3.599721,3.8914962,1.0,3,3,1.0,6,6,1.0
6121033,val,a36_37,no_static,2.2853725,0.0,1.0,3,2,1.0,6,6,1.0
6156008,val,a36_37,no_static,3.2229166,4.005205,1.0,3,3,1.0,6,6,1.0
6157003,val,a36_37,no_static,2.8262982,3.432247,1.0,3,3,1.0,2,2,1.0
6210183,val,a36_37,no_static,2.819317,3.218641,1.0,3,3,1.0,2,2,1.0
6262030,val,a36_37,no_static,3.2101026,3.9705956,1.0,3,3,1.0,2,2,1.0
6368007,val,a36_37,no_static,2.1170282,1.9674397,1.0,3,2,1.0,6,6,1.0
6381181,val,a36_37,no_static,3.1209514,3.98491,1.0,3,3,1.0,6,2,1.0
6396003,val,a36_37,no_static,2.0560842,2.8208497,1.0,3,2,1.0,4,3,1.0
6431008,val,a36_37,no_static,2.6417828,4.5862164,1.0,3,3,1.0,2,3,1.0
6475170,val,a36_37,no_static,2.3658738,3.029786,1.0,3,3,1.0,6,6,1.0
6522004,val,a36_37,no_static,1.3934708,0.0,1.0,2,2,1.0,6,6,1.0
6537032,val,a36_37,no_static,2.7253027,3.0605385,1.0,3,3,1.0,2,2,1.0
6541178,val,a36_37,no_static,3.5948694,4.302973,1.0,3,3,1.0,2,2,1.0
6545006,val,a36_37,no_static,1.5350688,2.5066333,1.0,3,3,1.0,2,4,1.0
6547171,val,a36_37,no_static,2.9058776,1.2300977,1.0,3,3,1.0,2,2,1.0
6571031,val,a36_37,no_static,2.7079296,3.68331,1.0,3,3,1.0,2,3,1.0
6590008,val,a36_37,no_static,2.7920876,3.3406534,1.0,3,3,1.0,2,2,1.0
6616007,val,a36_37,no_static,2.375995,2.9124293,1.0,3,3,1.0,2,4,1.0
6649003,val,a36_37,no_static,2.2677596,3.8332024,1.0,3,3,1.0,6,2,1.0
6710030,val,a36_37,no_static,1.1839628,3.2485132,1.0,2,3,1.0,6,6,1.0
6745007,val,a36_37,no_static,2.8675385,3.5649583,1.0,3,3,1.0,6,6,1.0
6750005,val,a36_37,no_static,2.444003,3.1132894,1.0,3,3,1.0,2,4,1.0
6765006,val,a36_37,no_static,1.9200034,2.7347896,1.0,3,3,1.0,2,2,1.0
6822176,val,a36_37,no_static,3.113157,3.6318047,1.0,3,2,1.0,2,4,1.0
4007,val,a38_39,no_static,2.9127986,3.6353216,1.0,3,3,1.0,2,4,1.0
6174,val,a38_39,no_static,3.2173214,3.9045892,1.0,3,3,1.0,2,2,1.0
14004,val,a38_39,no_static,3.3707979,3.9676125,1.0,3,3,1.0,2,2,1.0
14172,val,a38_39,no_static,1.3469883,3.149699,1.0,3,3,1.0,2,2,1.0
14173,val,a38_39,no_static,2.848304,3.5534267,1.0,3,3,1.0,2,2,1.0
18031,val,a38_39,no_static,1.6626766,3.4983966,1.0,3,3,1.0,2,5,1.0
18185,val,a38_39,no_static,2.476088,0.0,1.0,3,2,1.0,2,2,1.0
23031,val,a38_39,no_static,2.6932957,0.0,1.0,3,2,1.0,6,6,1.0
40173,val,a38_39,no_static,3.3079667,3.2282774,1.0,3,2,1.0,2,2,1.0
51171,val,a38_39,no_static,3.002934,3.708396,1.0,3,3,1.0,2,2,1.0
84005,val,a38_39,no_static,3.1990638,3.9163692,1.0,3,3,1.0,6,6,1.0
121173,val,a38_39,no_static,3.2939515,0.0,1.0,3,2,1.0,2,2,1.0
128004,val,a38_39,no_static,3.4614592,3.97414,1.0,3,3,1.0,2,2,1.0
145170,val,a38_39,no_static,2.971357,3.2996137,1.0,3,3,1.0,2,2,1.0
161004,val,a38_39,no_static,3.2795434,3.4987814,1.0,3,3,1.0,6,4,1.0
172031,val,a38_39,no_static,3.2334814,3.1943314,1.0,3,3,1.0,2,2,1.0
174175,val,a38_39,no_static,2.1762843,4.3165617,1.0,3,3,1.0,2,2,1.0
221031,val,a38_39,no_static,3.554498,4.1482253,1.0,3,3,1.0,2,2,1.0
223030,val,a38_39,no_static,2.9545643,4.169046,1.0,3,3,1.0,2,2,1.0
227003,val,a38_39,no_static,3.864914,4.074686,1.0,3,3,1.0,2,4,1.0
257175,val,a38_39,no_static,3.0272396,2.8933933,1.0,3,3,1.0,2,2,1.0
263182,val,a38_39,no_static,3.100919,3.3483999,1.0,3,3,1.0,2,2,1.0
321005,val,a38_39,no_static,2.1875303,2.7218363,1.0,3,3,1.0,4,2,1.0
361175,val,a38_39,no_static,2.5607631,0.23207553,1.0,3,3,1.0,4,2,1.0
377170,val,a38_39,no_static,3.066214,4.0544734,1.0,3,3,1.0,2,2,1.0
450030,val,a38_39,no_static,3.5294306,3.854094,1.0,3,3,1.0,2,6,1.0
465030,val,a38_39,no_static,2.536836,3.5433505,1.0,3,3,1.0,4,4,1.0
478030,val,a38_39,no_static,2.5007265,2.8278043,1.0,3,2,1.0,4,2,1.0
503031,val,a38_39,no_static,2.806027,4.2451234,1.0,3,3,1.0,2,2,1.0
514172,val,a38_39,no_static,3.4445841,4.3578134,1.0,3,3,1.0,2,2,1.0
534030,val,a38_39,no_static,3.0613022,1.9284004,1.0,3,3,1.0,2,2,1.0
534171,val,a38_39,no_static,3.487453,3.300611,1.0,3,3,1.0,2,2,1.0
544170,val,a38_39,no_static,2.8649175,3.0027869,1.0,3,3,1.0,2,2,1.0
563193,val,a38_39,no_static,2.9149027,0.0,1.0,3,2,1.0,2,2,1.0
577174,val,a38_39,no_static,2.7984,0.0,1.0,3,3,1.0,2,2,1.0
613006,val,a38_39,no_static,2.848304,3.558165,1.0,3,3,1.0,2,6,1.0
618170,val,a38_39,no_static,3.631073,4.457448,1.0,3,3,1.0,2,2,1.0
631030,val,a38_39,no_static,2.6620235,0.0,1.0,3,3,1.0,2,4,1.0
633031,val,a38_39,no_static,2.951294,3.6561131,1.0,3,3,1.0,4,2,1.0
652173,val,a38_39,no_static,3.2847493,3.5541687,1.0,3,3,1.0,2,2,1.0
655172,val,a38_39,no_static,3.4648335,3.5138078,1.0,3,3,1.0,2,2,1.0
656005,val,a38_39,no_static,2.5687356,0.0,1.0,3,2,1.0,2,2,1.0
691171,val,a38_39,no_static,2.9055986,3.772668,1.0,3,3,1.0,2,4,1.0
738172,val,a38_39,no_static,2.4926677,3.2605875,1.0,3,3,1.0,2,2,1.0
751030,val,a38_39,no_static,2.396347,3.029786,1.0,3,3,1.0,2,4,1.0
762170,val,a38_39,no_static,3.8020518,4.375797,1.0,3,3,1.0,2,2,1.0
783171,val,a38_39,no_static,3.2523131,0.0,1.0,3,2,1.0,2,2,1.0
863007,val,a38_39,no_static,2.6752968,2.5121129,1.0,3,3,1.0,2,2,1.0
893170,val,a38_39,no_static,2.9173305,0.0,1.0,3,2,1.0,2,2,1.0
894031,val,a38_39,no_static,3.1654394,3.4273427,1.0,3,3,1.0,2,2,1.0
898181,val,a38_39,no_static,2.848304,2.437192,1.0,3,2,1.0,2,2,1.0
899003,val,a38_39,no_static,3.0584257,3.5736656,1.0,3,3,1.0,4,4,1.0
916032,val,a38_39,no_static,2.6089044,2.3076265,1.0,3,2,1.0,6,2,1.0
922005,val,a38_39,no_static,3.6039546,2.0202856,1.0,3,3,1.0,2,2,1.0
931172,val,a38_39,no_static,2.9993393,3.1641526,1.0,3,3,1.0,2,2,1.0
939032,val,a38_39,no_static,3.8352063,4.886779,1.0,3,3,1.0,2,2,1.0
958030,val,a38_39,no_static,3.1216922,3.2040205,1.0,3,3,1.0,2,2,1.0
958173,val,a38_39,no_static,2.8012075,3.2682788,1.0,3,3,1.0,2,2,1.0
961005,val,a38_39,no_static,2.7904518,0.0,0.0,3,-1,0.0,4,-1,0.0
961030,val,a38_39,no_static,2.703985,3.668479,1.0,3,3,1.0,6,2,1.0
961175,val,a38_39,no_static,3.0083866,4.009967,1.0,3,3,1.0,2,2,1.0
1051183,val,a38_39,no_static,3.7089782,3.3806858,1.0,3,3,1.0,2,2,1.0
1084005,val,a38_39,no_static,3.0517378,3.1447468,1.0,3,3,1.0,2,2,1.0
1089003,val,a38_39,no_static,3.0370502,2.1620421,1.0,3,3,1.0,2,2,1.0
1093003,val,a38_39,no_static,1.6126403,0.0,1.0,3,2,1.0,2,2,1.0
1107173,val,a38_39,no_static,2.1570876,4.035927,1.0,3,3,1.0,2,4,1.0
1109174,val,a38_39,no_static,2.0676231,0.0,1.0,3,2,1.0,2,2,1.0
1121030,val,a38_39,no_static,3.1225774,3.1423733,1.0,3,3,1.0,2,2,1.0
1121175,val,a38_39,no_static,2.3352299,0.0,1.0,3,2,1.0,2,2,1.0
1125172,val,a38_39,no_static,2.7988758,2.3582149,1.0,3,3,1.0,2,2,1.0
1126030,val,a38_39,no_static,2.99206,1.7614238,1.0,3,3,1.0,2,2,1.0
1126176,val,a38_39,no_static,2.0073123,4.886779,1.0,3,3,1.0,2,2,1.0
1152180,val,a38_39,no_static,3.2258413,3.542661,1.0,3,3,1.0,2,2,1.0
1164004,val,a38_39,no_static,3.2323155,1.9587568,1.0,3,3,1.0,2,2,1.0
1184032,val,a38_39,no_static,3.2307405,3.901413,1.0,3,3,1.0,2,2,1.0
1184033,val,a38_39,no_static,2.288751,2.153746,1.0,3,3,1.0,6,4,1.0
1185003,val,a38_39,no_static,3.4970684,0.0,1.0,3,2,1.0,2,2,1.0
1222004,val,a38_39,no_static,2.5252714,3.1263244,1.0,3,3,1.0,2,2,1.0
1222006,val,a38_39,no_static,2.6713297,4.346328,1.0,3,3,1.0,2,2,1.0
1284170,val,a38_39,no_static,3.5693097,0.0,1.0,3,2,1.0,2,2,1.0
1292004,val,a38_39,no_static,2.7565935,2.7189043,1.0,3,3,1.0,2,2,1.0
1314172,val,a38_39,no_static,2.943349,4.0920806,1.0,3,3,1.0,2,2,1.0
1332005,val,a38_39,no_static,3.9106636,3.6850972,1.0,3,3,1.0,2,3,1.0
1335010,val,a38_39,no_static,3.0914528,0.0,1.0,3,3,1.0,2,2,1.0
1338003,val,a38_39,no_static,3.1760235,3.9032092,1.0,3,3,1.0,6,6,1.0
1345006,val,a38_39,no_static,2.8773756,0.9750868,1.0,3,3,1.0,2,2,1.0
1345007,val,a38_39,no_static,2.7308662,3.6275852,1.0,3,3,1.0,6,2,1.0
1346030,val,a38_39,no_static,3.5251327,0.0,1.0,3,2,1.0,6,2,1.0
1391033,val,a38_39,no_static,3.3464122,3.5923295,1.0,3,3,1.0,6,2,1.0
1391175,val,a38_39,no_static,1.2507943,3.037984,1.0,2,3,1.0,2,4,1.0
1394033,val,a38_39,no_static,2.1541426,0.0,1.0,3,2,1.0,4,4,1.0
1397005,val,a38_39,no_static,3.0747843,3.7930343,1.0,3,3,1.0,2,2,1.0
1397172,val,a38_39,no_static,1.8090758,2.722233,1.0,3,3,1.0,2,2,1.0
1426004,val,a38_39,no_static,1.7257175,2.7029045,1.0,3,3,1.0,6,6,1.0
1434032,val,a38_39,no_static,2.909346,2.5541692,1.0,3,3,1.0,2,2,1.0
1434170,val,a38_39,no_static,3.020292,3.1573586,1.0,3,3,1.0,2,2,1.0
1435005,val,a38_39,no_static,3.390636,4.657845,1.0,3,3,1.0,2,4,1.0
1485171,val,a38_39,no_static,3.2191415,3.566306,1.0,3,3,1.0,2,2,1.0
1520031,val,a38_39,no_static,3.3270042,4.2071943,1.0,3,3,1.0,4,2,1.0
1540005,val,a38_39,no_static,3.870154,2.7591305,1.0,3,3,1.0,2,2,1.0
1559003,val,a38_39,no_static,3.7662568,4.306588,1.0,3,3,1.0,2,2,1.0
1559170,val,a38_39,no_static,3.4267476,2.9866662,1.0,3,3,1.0,2,2,1.0
1565180,val,a38_39,no_static,3.0954416,4.457509,1.0,3,3,1.0,2,2,1.0
1579030,val,a38_39,no_static,2.9820137,3.2040205,1.0,3,2,1.0,2,2,1.0
1613007,val,a38_39,no_static,2.848304,1.5874135,1.0,3,2,1.0,2,2,1.0
1621171,val,a38_39,no_static,3.6371083,4.886779,1.0,3,3,1.0,2,2,1.0
1644004,val,a38_39,no_static,3.4004455,3.6033251,1.0,3,3,1.0,2,2,1.0
1652031,val,a38_39,no_static,2.9661484,3.4982743,1.0,3,3,1.0,2,2,1.0
1682032,val,a38_39,no_static,2.9515338,3.8038778,1.0,3,3,1.0,6,2,1.0
1684173,val,a38_39,no_static,3.0126162,3.254356,1.0,3,3,1.0,2,2,1.0
1687003,val,a38_39,no_static,3.092589,3.154596,1.0,3,3,1.0,2,2,1.0
1690170,val,a38_39,no_static,2.3437476,3.4580646,1.0,3,3,1.0,2,2,1.0
1692030,val,a38_39,no_static,1.2683052,2.5415993,1.0,2,3,1.0,2,4,1.0
1695034,val,a38_39,no_static,3.306689,3.0865474,1.0,3,3,1.0,2,2,1.0
1701004,val,a38_39,no_static,2.7262,3.5397089,1.0,3,2,1.0,2,2,1.0
1721030,val,a38_39,no_static,3.4832997,0.0,1.0,3,2,1.0,4,2,1.0
1723005,val,a38_39,no_static,1.2440748,2.2601643,1.0,2,3,1.0,2,2,1.0
1762030,val,a38_39,no_static,2.5775003,1.5906423,1.0,3,2,1.0,2,3,1.0
1762031,val,a38_39,no_static,3.1379924,3.7323906,1.0,3,3,1.0,2,2,1.0
1762032,val,a38_39,no_static,2.0402696,3.2139137,1.0,3,3,1.0,2,4,1.0
1774170,val,a38_39,no_static,3.4041421,0.0,1.0,3,2,1.0,2,2,1.0
1774171,val,a38_39,no_static,3.3526578,3.4094932,1.0,3,3,1.0,2,2,1.0
1784171,val,a38_39,no_static,3.55858,4.120623,1.0,3,3,1.0,2,2,1.0
1786191,val,a38_39,no_static,3.5163064,4.2188535,1.0,3,3,1.0,2,2,1.0
1787005,val,a38_39,no_static,3.3129437,3.6963296,1.0,3,3,1.0,2,2,1.0
1787174,val,a38_39,no_static,2.9923532,3.2707531,1.0,3,3,1.0,2,2,1.0
1802003,val,a38_39,no_static,2.8627696,0.0,0.0,3,-1,0.0,2,-1,0.0
1845170,val,a38_39,no_static,3.5192747,0.0,0.0,3,-1,0.0,2,-1,0.0
1862171,val,a38_39,no_static,3.0244806,3.9098039,1.0,3,3,1.0,2,2,1.0
1898004,val,a38_39,no_static,3.119711,4.498319,1.0,3,3,1.0,6,6,1.0
1911030,val,a38_39,no_static,2.4684124,3.324597,1.0,3,3,1.0,4,2,1.0
1914003,val,a38_39,no_static,1.815225,2.0297983,1.0,3,3,1.0,2,2,1.0
1919007,val,a38_39,no_static,3.602132,4.878869,1.0,3,3,1.0,2,3,1.0
1954003,val,a38_39,no_static,3.2748938,3.2460208,1.0,3,2,1.0,2,2,1.0
1959005,val,a38_39,no_static,3.5451825,4.291962,1.0,3,3,1.0,6,2,1.0
1964031,val,a38_39,no_static,2.3383725,1.9279978,1.0,3,2,1.0,4,4,1.0
1972173,val,a38_39,no_static,1.621932,0.0,1.0,3,2,1.0,2,2,1.0
1978030,val,a38_39,no_static,3.3112445,4.0177207,1.0,3,3,1.0,2,2,1.0
2005030,val,a38_39,no_static,2.856623,2.9945555,1.0,3,3,1.0,6,2,1.0
2011174,val,a38_39,no_static,2.7042544,3.233253,1.0,3,3,1.0,2,2,1.0
2023030,val,a38_39,no_static,3.6091104,4.886779,1.0,3,3,1.0,2,6,1.0
2028030,val,a38_39,no_static,3.2987864,4.309778,1.0,3,3,1.0,4,4,1.0
2055003,val,a38_39,no_static,2.6688905,3.507782,1.0,3,3,1.0,2,2,1.0
2067005,val,a38_39,no_static,3.3853223,4.193517,1.0,3,3,1.0,2,2,1.0
2080170,val,a38_39,no_static,2.2826657,3.0143547,1.0,3,3,1.0,2,2,1.0
2106171,val,a38_39,no_static,1.2244949,0.0,1.0,2,2,1.0,2,2,1.0
2109002,val,a38_39,no_static,3.4165826,4.4848623,1.0,3,3,1.0,2,2,1.0
2129186,val,a38_39,no_static,2.834713,0.0,0.0,3,-1,0.0,2,-1,0.0
2181007,val,a38_39,no_static,1.0558219,1.8672017,1.0,2,3,1.0,6,6,1.0
2181030,val,a38_39,no_static,2.9889057,3.4467623,1.0,3,3,1.0,4,2,1.0
2243174,val,a38_39,no_static,3.752502,0.0,1.0,3,2,1.0,2,2,1.0
2260173,val,a38_39,no_static,2.7571795,1.9724138,1.0,3,3,1.0,2,2,1.0
2261030,val,a38_39,no_static,3.091669,2.8148165,1.0,3,3,1.0,2,2,1.0
2271171,val,a38_39,no_static,2.7345967,3.4070678,1.0,3,3,1.0,2,2,1.0
2282005,val,a38_39,no_static,2.9632642,3.1244323,1.0,3,3,1.0,4,6,1.0
2302195,val,a38_39,no_static,1.2507943,0.0,1.0,2,2,1.0,2,3,1.0
2334031,val,a38_39,no_static,3.5370984,3.9690573,1.0,3,3,1.0,2,2,1.0
2341172,val,a38_39,no_static,3.1169348,2.2928271,1.0,3,3,1.0,2,2,1.0
2354175,val,a38_39,no_static,3.217982,2.859516,1.0,3,3,1.0,6,2,1.0
2355004,val,a38_39,no_static,1.8480662,4.0868087,1.0,3,3,1.0,4,2,1.0
2391030,val,a38_39,no_static,3.1637425,3.4141958,1.0,3,2,1.0,2,2,1.0
2397173,val,a38_39,no_static,1.5641392,2.4192536,1.0,3,3,1.0,2,4,1.0
2408170,val,a38_39,no_static,2.710048,3.2554533,1.0,3,3,1.0,6,4,1.0
2425003,val,a38_39,no_static,2.671818,1.4095232,1.0,3,3,1.0,2,2,1.0
2432030,val,a38_39,no_static,1.3731052,1.0048428,1.0,2,3,1.0,4,4,1.0
2435172,val,a38_39,no_static,1.9613407,0.0,1.0,3,2,1.0,2,2,1.0
2436174,val,a38_39,no_static,1.3151802,0.0,1.0,2,2,1.0,2,4,1.0
2436176,val,a38_39,no_static,1.746681,3.0837762,1.0,3,3,1.0,2,2,1.0
2441003,val,a38_39,no_static,2.0715184,3.437568,1.0,3,3,1.0,2,2,1.0
2441173,val,a38_39,no_static,3.1203084,3.8851874,1.0,3,3,1.0,2,2,1.0
2458031,val,a38_39,no_static,3.825924,4.775503,1.0,3,3,1.0,2,6,1.0
2461004,val,a38_39,no_static,1.487884,0.0,1.0,3,2,1.0,2,2,1.0
2461030,val,a38_39,no_static,3.4381127,4.597478,1.0,3,3,1.0,2,2,1.0
2473004,val,a38_39,no_static,3.2636023,4.1472106,1.0,3,3,1.0,2,2,1.0
2483030,val,a38_39,no_static,2.956255,2.5445042,1.0,3,3,1.0,2,4,1.0
2503030,val,a38_39,no_static,3.358315,3.0326545,1.0,3,3,1.0,6,6,1.0
2510005,val,a38_39,no_static,3.1555507,3.0930045,1.0,3,3,1.0,2,2,1.0
2525003,val,a38_39,no_static,3.1846006,4.7362037,1.0,3,3,1.0,2,2,1.0
2529030,val,a38_39,no_static,3.0556536,0.0,1.0,3,2,1.0,2,4,1.0
2529174,val,a38_39,no_static,3.2149796,4.315193,1.0,3,3,1.0,2,2,1.0
2530003,val,a38_39,no_static,2.1766183,0.0,0.0,3,-1,0.0,2,-1,0.0
2530004,val,a38_39,no_static,2.9480584,3.0504405,1.0,3,3,1.0,2,2,1.0
2569033,val,a38_39,no_static,2.7483034,3.3326652,1.0,3,3,1.0,6,2,1.0
2601006,val,a38_39,no_static,3.2024477,4.8403034,1.0,3,3,1.0,6,2,1.0
2608006,val,a38_39,no_static,2.6891448,3.18551,1.0,3,3,1.0,2,2,1.0
2615034,val,a38_39,no_static,3.5406475,3.7510855,1.0,3,3,1.0,2,2,1.0
2639004,val,a38_39,no_static,1.5658803,3.59953,1.0,3,2,1.0,2,4,1.0
2665177,val,a38_39,no_static,1.4340487,0.0,1.0,2,2,1.0,6,6,1.0
2672006,val,a38_39,no_static,3.2168188,0.0,1.0,3,3,1.0,6,4,1.0
2672171,val,a38_39,no_static,2.5622957,3.8403308,1.0,3,3,1.0,4,4,1.0
2697003,val,a38_39,no_static,3.322424,3.4481115,1.0,3,3,1.0,2,2,1.0
2704031,val,a38_39,no_static,2.9531424,2.7730844,1.0,3,3,1.0,6,4,1.0
2705030,val,a38_39,no_static,3.3679261,4.222725,1.0,3,3,1.0,2,2,1.0
2707007,val,a38_39,no_static,2.7872987,1.7174486,1.0,3,3,1.0,2,2,1.0
2712172,val,a38_39,no_static,2.5163124,3.1861079,1.0,3,3,1.0,2,2,1.0
2731003,val,a38_39,no_static,2.9460564,3.048963,1.0,3,3,1.0,6,6,1.0
2731005,val,a38_39,no_static,3.808693,4.507845,1.0,3,3,1.0,2,6,1.0
2770031,val,a38_39,no_static,3.3248153,1.3663594,1.0,3,3,1.0,2,2,1.0
2816004,val,a38_39,no_static,1.6625012,3.2435856,1.0,3,3,1.0,2,2,1.0
2910002,val,a38_39,no_static,2.9890957,2.9807694,1.0,3,3,1.0,2,2,1.0
3062001,val,a38_39,no_static,3.3566823,2.4661696,1.0,3,3,1.0,2,2,1.0
3235002,val,a38_39,no_static,2.7261717,3.5533636,1.0,3,3,1.0,2,3,1.0
3306001,val,a38_39,no_static,3.7159073,4.496284,1.0,3,3,1.0,2,2,1.0
5015030,val,a38_39,no_static,2.2183044,0.35408652,1.0,3,2,1.0,2,2,1.0
5048030,val,a38_39,no_static,2.6187212,2.7750175,1.0,3,3,1.0,6,6,1.0
5052033,val,a38_39,no_static,2.4413335,2.1022828,1.0,3,2,1.0,6,6,1.0
5057008,val,a38_39,no_static,1.1180043,3.3816826,1.0,2,3,1.0,6,6,1.0
5170009,val,a38_39,no_static,3.463321,3.8525667,1.0,3,3,1.0,2,2,1.0
5230008,val,a38_39,no_static,3.1498182,3.8347166,1.0,3,3,1.0,2,2,1.0
5299010,val,a38_39,no_static,2.4443696,0.0,1.0,3,2,1.0,6,6,1.0
5336179,val,a38_39,no_static,2.674367,3.4054897,1.0,3,3,1.0,2,2,1.0
5364005,val,a38_39,no_static,2.9448493,3.6897547,1.0,3,3,1.0,2,3,1.0
5379004,val,a38_39,no_static,3.0043645,4.1776333,1.0,3,3,1.0,4,4,1.0
5430173,val,a38_39,no_static,2.8345194,0.0,1.0,3,2,1.0,6,6,1.0
5488006,val,a38_39,no_static,3.2612665,3.6850972,1.0,3,3,1.0,6,6,1.0
5493007,val,a38_39,no_static,0.9460876,0.0,1.0,2,2,1.0,4,5,1.0
5537009,val,a38_39,no_static,2.6670506,2.9333522,1.0,3,3,1.0,2,2,1.0
5537177,val,a38_39,no_static,1.5915895,1.8505303,1.0,3,2,1.0,2,2,1.0
5537183,val,a38_39,no_static,3.3373313,3.955919,1.0,3,3,1.0,2,2,1.0
5569010,val,a38_39,no_static,2.924336,3.5969393,1.0,3,3,1.0,2,2,1.0
5600005,val,a38_39,no_static,1.7212801,3.1264517,1.0,3,2,1.0,6,3,1.0
5615183,val,a38_39,no_static,2.4827123,0.070574746,1.0,3,3,1.0,2,2,1.0
5749006,val,a38_39,no_static,1.986141,1.8636948,1.0,3,2,1.0,4,2,1.0
5822175,val,a38_39,no_static,2.6396008,3.6260033,1.0,3,3,1.0,2,2,1.0
5832003,val,a38_39,no_static,3.0561745,0.0,0.0,3,-1,0.0,4,-1,0.0
5872005,val,a38_39,no_static,1.0558219,0.0,1.0,2,2,1.0,6,6,1.0
5898005,val,a38_39,no_static,2.1437063,0.0,0.0,3,-1,0.0,6,-1,0.0
5904033,val,a38_39,no_static,2.6578717,3.0257523,1.0,3,3,1.0,2,4,1.0
5987188,val,a38_39,no_static,2.9499614,3.1053386,1.0,3,3,1.0,2,2,1.0
6026005,val,a38_39,no_static,3.100349,3.1735432,1.0,3,2,1.0,6,4,1.0
6026172,val,a38_39,no_static,3.198766,1.3209659,1.0,3,3,1.0,6,4,1.0
6054031,val,a38_39,no_static,3.5779343,3.9497616,1.0,3,3,1.0,2,6,1.0
6121033,val,a38_39,no_static,2.3149335,0.0,1.0,3,2,1.0,6,6,1.0
6156008,val,a38_39,no_static,3.2384682,3.3272858,1.0,3,3,1.0,6,6,1.0
6157003,val,a38_39,no_static,2.8605394,3.3871381,1.0,3,3,1.0,2,3,1.0
6210183,val,a38_39,no_static,2.848304,3.2967014,1.0,3,-1,0.0,2,2,1.0
6262030,val,a38_39,no_static,3.2194533,4.0377684,1.0,3,3,1.0,2,2,1.0
6368007,val,a38_39,no_static,2.1665134,1.7459805,1.0,3,2,1.0,6,6,1.0
6381181,val,a38_39,no_static,3.1408348,3.9647489,1.0,3,3,1.0,6,2,1.0
6396003,val,a38_39,no_static,2.1020794,0.0,1.0,3,2,1.0,4,4,1.0
6431008,val,a38_39,no_static,2.679674,4.63572,1.0,3,3,1.0,2,4,1.0
6475170,val,a38_39,no_static,2.401602,3.2242525,1.0,3,3,1.0,6,6,1.0
6522004,val,a38_39,no_static,1.479899,0.9147846,1.0,2,2,1.0,6,6,1.0
6537032,val,a38_39,no_static,2.753429,1.2648275,1.0,3,2,1.0,2,2,1.0
6541178,val,a38_39,no_static,3.6017003,4.122309,1.0,3,2,1.0,2,2,1.0
6545006,val,a38_39,no_static,1.5641509,3.1551504,1.0,3,3,1.0,4,4,1.0
6547171,val,a38_39,no_static,2.9295878,2.7027802,1.0,3,3,1.0,2,2,1.0
6571031,val,a38_39,no_static,2.7411735,1.7769312,1.0,3,2,1.0,2,3,1.0
6590008,val,a38_39,no_static,2.8257835,3.329783,1.0,3,3,1.0,2,2,1.0
6616007,val,a38_39,no_static,2.4299068,3.7570312,1.0,3,3,1.0,2,4,1.0
6649003,val,a38_39,no_static,2.3078701,3.3337348,1.0,3,3,1.0,6,2,1.0
6710030,val,a38_39,no_static,1.2529562,3.2527912,1.0,2,3,1.0,6,6,1.0
6745007,val,a38_39,no_static,2.8897853,3.583648,1.0,3,3,1.0,2,6,1.0
6750005,val,a38_39,no_static,2.477542,3.578878,1.0,3,3,1.0,2,4,1.0
6765006,val,a38_39,no_static,1.9930711,2.8015413,1.0,3,3,1.0,2,2,1.0
6822176,val,a38_39,no_static,3.1293864,2.0905557,1.0,3,3,1.0,2,4,1.0
4007,val,a40_41,no_static,2.9308665,4.096741,1.0,3,3,1.0,2,4,1.0
6174,val,a40_41,no_static,3.2307363,3.9414282,1.0,3,3,1.0,2,2,1.0
14004,val,a40_41,no_static,3.3832963,3.9032092,1.0,3,3,1.0,2,2,1.0
14172,val,a40_41,no_static,1.3911103,3.3626049,1.0,3,3,1.0,2,2,1.0
14173,val,a40_41,no_static,2.8681574,3.737305,1.0,3,3,1.0,2,2,1.0
18031,val,a40_41,no_static,1.7592018,3.4141958,1.0,3,3,1.0,2,5,1.0
18185,val,a40_41,no_static,2.5038838,0.0,1.0,3,2,1.0,2,2,1.0
23031,val,a40_41,no_static,2.711371,0.0,1.0,3,2,1.0,6,6,1.0
40173,val,a40_41,no_static,3.3184955,3.426771,1.0,3,3,1.0,2,2,1.0
51171,val,a40_41,no_static,3.0204477,3.886613,1.0,3,3,1.0,2,2,1.0
84005,val,a40_41,no_static,3.213451,4.077138,1.0,3,3,1.0,6,6,1.0
121173,val,a40_41,no_static,3.305338,0.0,1.0,3,2,1.0,2,2,1.0
128004,val,a40_41,no_static,3.4564517,4.218239,1.0,3,3,1.0,2,2,1.0
145170,val,a40_41,no_static,2.9892268,3.8678546,1.0,3,3,1.0,2,2,1.0
161004,val,a40_41,no_static,3.2949154,3.0361922,1.0,3,2,1.0,6,4,1.0
172031,val,a40_41,no_static,3.2466664,3.2188306,1.0,3,3,1.0,2,2,1.0
174175,val,a40_41,no_static,2.210368,4.886779,1.0,3,3,1.0,2,2,1.0
221031,val,a40_41,no_static,3.5635853,4.1335025,1.0,3,3,1.0,2,2,1.0
223030,val,a40_41,no_static,2.9610305,3.6286082,1.0,3,2,1.0,2,2,1.0
227003,val,a40_41,no_static,3.864368,4.008891,1.0,3,3,1.0,2,2,1.0
257175,val,a40_41,no_static,3.046793,0.42037553,1.0,3,2,1.0,2,2,1.0
263182,val,a40_41,no_static,3.115426,3.4826956,1.0,3,3,1.0,2,2,1.0
321005,val,a40_41,no_static,2.225393,2.8158593,1.0,3,3,1.0,4,2,1.0
361175,val,a40_41,no_static,2.5835993,1.7118756,1.0,3,2,1.0,4,2,1.0
377170,val,a40_41,no_static,3.0847082,4.2009177,1.0,3,3,1.0,2,2,1.0
450030,val,a40_41,no_static,3.543492,3.847051,1.0,3,3,1.0,2,6,1.0
465030,val,a40_41,no_static,2.560689,3.7935455,1.0,3,3,1.0,4,4,1.0
478030,val,a40_41,no_static,2.5201132,2.907154,1.0,3,2,1.0,4,3,1.0
503031,val,a40_41,no_static,2.830748,4.475371,1.0,3,3,1.0,2,4,1.0
514172,val,a40_41,no_static,3.4525123,4.04607,1.0,3,3,1.0,2,2,1.0
534030,val,a40_41,no_static,3.0715587,1.9053723,1.0,3,3,1.0,2,2,1.0
534171,val,a40_41,no_static,3.498346,3.7922242,1.0,3,3,1.0,2,2,1.0
544170,val,a40_41,no_static,2.8883002,3.178121,1.0,3,3,1.0,2,2,1.0
563193,val,a40_41,no_static,2.9341178,0.0,1.0,3,2,1.0,2,2,1.0
577174,val,a40_41,no_static,2.8191972,3.0114257,1.0,3,3,1.0,2,2,1.0
613006,val,a40_41,no_static,2.8681574,3.7471669,1.0,3,3,1.0,2,2,1.0
618170,val,a40_41,no_static,3.635398,4.5326686,1.0,3,3,1.0,2,2,1.0
631030,val,a40_41,no_static,2.682817,3.3098624,1.0,3,3,1.0,2,4,1.0
633031,val,a40_41,no_static,2.970301,3.6491034,1.0,3,3,1.0,4,2,1.0
652173,val,a40_41,no_static,3.29885,3.5666425,1.0,3,3,1.0,2,2,1.0
655172,val,a40_41,no_static,3.4721243,3.749749,1.0,3,3,1.0,2,2,1.0
656005,val,a40_41,no_static,2.592691,0.9626811,1.0,3,3,1.0,2,2,1.0
691171,val,a40_41,no_static,2.9255435,2.3365629,1.0,3,3,1.0,2,4,1.0
738172,val,a40_41,no_static,2.5142787,3.8163328,1.0,3,3,1.0,2,2,1.0
751030,val,a40_41,no_static,2.4285412,2.7778397,1.0,3,3,1.0,2,4,1.0
762170,val,a40_41,no_static,3.8065963,4.3971753,1.0,3,3,1.0,2,2,1.0
783171,val,a40_41,no_static,3.2622519,3.7198489,1.0,3,3,1.0,2,2,1.0
863007,val,a40_41,no_static,2.7039318,2.8474362,1.0,3,3,1.0,2,2,1.0
893170,val,a40_41,no_static,2.9366715,0.0,1.0,3,2,1.0,2,2,1.0
894031,val,a40_41,no_static,3.1673665,3.2252226,1.0,3,3,1.0,2,2,1.0
898181,val,a40_41,no_static,2.8681574,1.1858279,1.0,3,3,1.0,2,2,1.0
899003,val,a40_41,no_static,3.0773926,3.5209594,1.0,3,3,1.0,4,2,1.0
916032,val,a40_41,no_static,2.6320882,3.1679091,1.0,3,3,1.0,6,2,1.0
922005,val,a40_41,no_static,3.6088061,2.5942936,1.0,3,3,1.0,2,2,1.0
931172,val,a40_41,no_static,3.0160582,3.1120167,1.0,3,2,1.0,2,2,1.0
939032,val,a40_41,no_static,3.833816,4.886779,1.0,3,3,1.0,2,2,1.0
958030,val,a40_41,no_static,3.1285071,3.1199777,1.0,3,3,1.0,2,2,1.0
958173,val,a40_41,no_static,2.8207104,3.1463857,1.0,3,3,1.0,2,2,1.0
961005,val,a40_41,no_static,2.8070345,3.1784346,1.0,3,3,1.0,4,2,1.0
961030,val,a40_41,no_static,2.7295973,3.4617243,1.0,3,3,1.0,6,2,1.0
961175,val,a40_41,no_static,3.0246203,4.0225544,1.0,3,3,1.0,2,2,1.0
1051183,val,a40_41,no_static,3.7143614,3.3424077,1.0,3,3,1.0,2,2,1.0
1084005,val,a40_41,no_static,3.0608444,3.6850972,1.0,3,2,1.0,2,3,1.0
1089003,val,a40_41,no_static,3.0514598,3.3619723,1.0,3,3,1.0,2,2,1.0
1093003,val,a40_41,no_static,1.6772674,0.0,1.0,3,2,1.0,2,2,1.0
1107173,val,a40_41,no_static,2.2157545,4.0036206,1.0,3,3,1.0,2,4,1.0
1109174,val,a40_41,no_static,2.104174,2.1663687,1.0,3,3,1.0,2,2,1.0
1121030,val,a40_41,no_static,3.1369908,3.615111,1.0,3,3,1.0,2,2,1.0
1121175,val,a40_41,no_static,2.3626568,0.0,1.0,3,2,1.0,2,2,1.0
1125172,val,a40_41,no_static,2.819859,0.0,0.0,3,-1,0.0,2,-1,0.0
1126030,val,a40_41,no_static,3.0103247,2.3645113,1.0,3,3,1.0,2,2,1.0
1126176,val,a40_41,no_static,2.053659,4.886184,1.0,3,3,1.0,2,2,1.0
1152180,val,a40_41,no_static,3.23596,3.4620757,1.0,3,3,1.0,2,2,1.0
1164004,val,a40_41,no_static,3.2542868,3.5871162,1.0,3,3,1.0,2,2,1.0
1184032,val,a40_41,no_static,3.2428472,3.843872,1.0,3,3,1.0,2,2,1.0
1184033,val,a40_41,no_static,2.3334959,1.4233128,1.0,3,3,1.0,6,4,1.0
1185003,val,a40_41,no_static,3.5005903,0.0,1.0,3,2,1.0,2,2,1.0
1222004,val,a40_41,no_static,2.5526743,3.154596,1.0,3,3,1.0,2,2,1.0
1222006,val,a40_41,no_static,2.6932147,2.026318,1.0,3,3,1.0,2,2,1.0
1284170,val,a40_41,no_static,3.573995,0.0,1.0,3,2,1.0,2,2,1.0
1292004,val,a40_41,no_static,2.7815092,3.105974,1.0,3,3,1.0,2,4,1.0
1314172,val,a40_41,no_static,2.9608316,3.949036,1.0,3,3,1.0,2,2,1.0
1332005,val,a40_41,no_static,3.917685,3.6204543,1.0,3,3,1.0,2,3,1.0
1335010,val,a40_41,no_static,3.1132727,3.0401068,1.0,3,3,1.0,2,2,1.0
1338003,val,a40_41,no_static,3.1953206,3.5987248,1.0,3,3,1.0,6,2,1.0
1345006,val,a40_41,no_static,2.8865712,2.9212708,1.0,3,3,1.0,2,2,1.0
1345007,val,a40_41,no_static,2.7517612,3.57801,1.0,3,3,1.0,2,2,1.0
1346030,val,a40_41,no_static,3.5361285,0.0,1.0,3,2,1.0,2,2,1.0
1391033,val,a40_41,no_static,3.3590693,3.647873,1.0,3,3,1.0,6,4,1.0
1391175,val,a40_41,no_static,1.3069215,0.0,0.0,2,-1,0.0,2,-1,0.0
1394033,val,a40_41,no_static,2.1733027,0.0,1.0,3,2,1.0,4,4,1.0
1397005,val,a40_41,no_static,3.0866098,3.7439065,1.0,3,3,1.0,2,2,1.0
1397172,val,a40_41,no_static,1.8491595,3.0469735,1.0,3,3,1.0,2,2,1.0
1426004,val,a40_41,no_static,1.750555,2.9762707,1.0,3,3,1.0,6,6,1.0
1434032,val,a40_41,no_static,2.9289417,2.0527534,1.0,3,3,1.0,2,2,1.0
1434170,val,a40_41,no_static,3.0349047,3.1865816,1.0,3,3,1.0,2,2,1.0
1435005,val,a40_41,no_static,3.4100668,4.6204996,1.0,3,2,1.0,2,4,1.0
1485171,val,a40_41,no_static,3.2355034,3.2274153,1.0,3,3,1.0,2,2,1.0
1520031,val,a40_41,no_static,3.344773,3.9851773,1.0,3,3,1.0,4,2,1.0
1540005,val,a40_41,no_static,3.8782234,2.3726282,1.0,3,3,1.0,2,2,1.0
1559003,val,a40_41,no_static,3.7676964,4.472791,1.0,3,3,1.0,2,2,1.0
1559170,val,a40_41,no_static,3.4351425,3.2300382,1.0,3,3,1.0,2,2,1.0
1565180,val,a40_41,no_static,3.110728,4.194441,1.0,3,3,1.0,2,2,1.0
1579030,val,a40_41,no_static,2.9995208,3.0597289,1.0,3,3,1.0,2,2,1.0
1613007,val,a40_41,no_static,2.8681574,0.6793294,1.0,3,3,1.0,2,2,1.0
1621171,val,a40_41,no_static,3.6408665,4.886779,1.0,3,3,1.0,2,2,1.0
1644004,val,a40_41,no_static,3.4083185,3.496418,1.0,3,3,1.0,2,2,1.0
1652031,val,a40_41,no_static,2.9681935,3.3802066,1.0,3,3,1.0,2,2,1.0
1682032,val,a40_41,no_static,2.959854,3.8730197,1.0,3,3,1.0,6,2,1.0
1684173,val,a40_41,no_static,3.0345235,3.6152012,1.0,3,2,1.0,2,2,1.0
1687003,val,a40_41,no_static,3.113694,3.3729873,1.0,3,3,1.0,2,2,1.0
1690170,val,a40_41,no_static,2.3705842,3.5111582,1.0,3,3,1.0,2,2,1.0
1692030,val,a40_41,no_static,1.3238754,0.0,1.0,2,2,1.0,2,2,1.0
1695034,val,a40_41,no_static,3.322764,3.6491034,1.0,3,3,1.0,2,2,1.0
1701004,val,a40_41,no_static,2.7525728,3.9664857,1.0,3,3,1.0,2,2,1.0
1721030,val,a40_41,no_static,3.4915273,3.6687279,1.0,3,3,1.0,4,2,1.0
1723005,val,a40_41,no_static,1.2943503,2.2075644,1.0,2,3,1.0,2,2,1.0
1762030,val,a40_41,no_static,2.6051028,0.0,1.0,3,2,1.0,2,4,1.0
1762031,val,a40_41,no_static,3.1474078,3.7650766,1.0,3,3,1.0,2,2,1.0
1762032,val,a40_41,no_static,2.065799,1.9069004,1.0,3,3,1.0,2,4,1.0
1774170,val,a40_41,no_static,3.4130096,1.3671789,1.0,3,2,1.0,2,2,1.0
1774171,val,a40_41,no_static,3.362537,3.3073823,1.0,3,3,1.0,2,2,1.0
1784171,val,a40_41,no_static,3.5636144,4.1698217,1.0,3,3,1.0,2,2,1.0
1786191,val,a40_41,no_static,3.5238805,3.9422066,1.0,3,3,1.0,2,2,1.0
1787005,val,a40_41,no_static,3.3273258,3.6848996,1.0,3,3,1.0,2,2,1.0
1787174,val,a40_41,no_static,3.0049329,3.3667955,1.0,3,3,1.0,2,2,1.0
1802003,val,a40_41,no_static,2.8805833,3.489942,1.0,3,2,1.0,2,4,1.0
1845170,val,a40_41,no_static,3.5257883,3.0869684,1.0,3,3,1.0,2,2,1.0
1862171,val,a40_41,no_static,3.045372,3.5262845,1.0,3,3,1.0,2,2,1.0
1898004,val,a40_41,no_static,3.1364808,3.4094932,1.0,3,3,1.0,6,6,1.0
1911030,val,a40_41,no_static,2.4922316,0.0,0.0,3,-1,0.0,4,-1,0.0
1914003,val,a40_41,no_static,1.8883725,2.8751705,1.0,3,3,1.0,2,2,1.0
1919007,val,a40_41,no_static,3.6076212,4.886779,1.0,3,3,1.0,2,4,1.0
1954003,val,a40_41,no_static,3.2867045,2.9361172,1.0,3,3,1.0,2,2,1.0
1959005,val,a40_41,no_static,3.556023,4.3370132,1.0,3,3,1.0,2,2,1.0
1964031,val,a40_41,no_static,2.3631968,0.0,1.0,3,2,1.0,4,4,1.0
1972173,val,a40_41,no_static,1.669807,0.0,0.0,3,-1,0.0,2,-1,0.0
1978030,val,a40_41,no_static,3.3203654,3.693618,1.0,3,3,1.0,2,2,1.0
2005030,val,a40_41,no_static,2.8761768,3.1062326,1.0,3,3,1.0,6,4,1.0
2011174,val,a40_41,no_static,2.7279449,3.3237946,1.0,3,3,1.0,2,2,1.0
2023030,val,a40_41,no_static,3.61523,4.886779,1.0,3,3,1.0,2,6,1.0
2028030,val,a40_41,no_static,3.3157325,4.421971,1.0,3,3,1.0,4,4,1.0
2055003,val,a40_41,no_static,2.691504,1.7300621,1.0,3,3,1.0,2,2,1.0
2067005,val,a40_41,no_static,3.3946915,4.1546817,1.0,3,3,1.0,2,2,1.0
2080170,val,a40_41,no_static,2.3140607,2.3160753,1.0,3,3,1.0,2,2,1.0
2106171,val,a40_41,no_static,1.2662044,0.0,1.0,3,2,1.0,2,2,1.0
2109002,val,a40_41,no_static,3.4268274,4.482823,1.0,3,3,1.0,2,2,1.0
2129186,val,a40_41,no_static,2.8539133,3.496005,1.0,3,3,1.0,2,2,1.0
2181007,val,a40_41,no_static,1.0889376,1.966612,1.0,2,2,1.0,6,6,1.0
2181030,val,a40_41,no_static,3.0031424,3.3319657,1.0,3,3,1.0,4,2,1.0
2243174,val,a40_41,no_static,3.7579799,3.0664406,1.0,3,3,1.0,2,2,1.0
2260173,val,a40_41,no_static,2.7803226,0.40987092,1.0,3,2,1.0,2,2,1.0
2261030,val,a40_41,no_static,3.1072376,2.5095816,1.0,3,3,1.0,2,2,1.0
2271171,val,a40_41,no_static,2.7510781,3.6543715,1.0,3,3,1.0,2,2,1.0
2282005,val,a40_41,no_static,2.9831736,0.0,1.0,3,3,1.0,4,6,1.0
2302195,val,a40_41,no_static,1.3069215,0.39853728,1.0,2,2,1.0,2,3,1.0
2334031,val,a40_41,no_static,3.5373974,3.8142254,1.0,3,3,1.0,2,2,1.0
2341172,val,a40_41,no_static,3.1367373,2.8913167,1.0,3,3,1.0,2,2,1.0
2354175,val,a40_41,no_static,3.235448,3.3073823,1.0,3,3,1.0,6,2,1.0
2355004,val,a40_41,no_static,1.8837128,3.7249148,1.0,3,3,1.0,4,2,1.0
2391030,val,a40_41,no_static,3.1777706,3.1996279,1.0,3,3,1.0,2,2,1.0
2397173,val,a40_41,no_static,1.6194831,2.7536736,1.0,3,3,1.0,2,2,1.0
2408170,val,a40_41,no_static,2.7334535,2.2054408,1.0,3,2,1.0,6,4,1.0
2425003,val,a40_41,no_static,2.694425,1.1611937,1.0,3,3,1.0,2,2,1.0
2432030,val,a40_41,no_static,1.4231998,2.766588,1.0,3,3,1.0,4,4,1.0
2435172,val,a40_41,no_static,2.0073555,0.5612031,1.0,3,3,1.0,2,2,1.0
2436174,val,a40_41,no_static,1.3699437,0.0,1.0,2,2,1.0,2,4,1.0
2436176,val,a40_41,no_static,1.7858245,3.0665076,1.0,3,3,1.0,2,2,1.0
2441003,val,a40_41,no_static,2.0938811,3.1931083,1.0,3,3,1.0,2,2,1.0
2441173,val,a40_41,no_static,3.1335537,4.1230373,1.0,3,3,1.0,2,2,1.0
2458031,val,a40_41,no_static,3.8342369,4.7487354,1.0,3,3,1.0,2,6,1.0
2461004,val,a40_41,no_static,1.5343684,2.4098656,1.0,3,3,1.0,2,2,1.0
2461030,val,a40_41,no_static,3.4446826,0.0,1.0,3,3,1.0,2,4,1.0
2473004,val,a40_41,no_static,3.2724786,3.8582711,1.0,3,3,1.0,2,2,1.0
2483030,val,a40_41,no_static,2.9614604,1.7093322,1.0,3,3,1.0,2,4,1.0
2503030,val,a40_41,no_static,3.3715072,3.0149915,1.0,3,3,1.0,6,6,1.0
2510005,val,a40_41,no_static,3.1617966,3.0679493,1.0,3,3,1.0,2,2,1.0
2525003,val,a40_41,no_static,3.191077,4.886779,1.0,3,3,1.0,2,2,1.0
2529030,val,a40_41,no_static,3.073062,0.0,1.0,3,2,1.0,2,4,1.0
2529174,val,a40_41,no_static,3.2305167,3.9823928,1.0,3,3,1.0,2,2,1.0
2530003,val,a40_41,no_static,2.198833,2.8040938,1.0,3,3,1.0,2,2,1.0
2530004,val,a40_41,no_static,2.9637427,3.0475352,1.0,3,3,1.0,2,2,1.0
2569033,val,a40_41,no_static,2.7611861,3.3889637,1.0,3,3,1.0,6,2,1.0
2601006,val,a40_41,no_static,3.2078013,0.0,0.0,3,-1,0.0,6,-1,0.0
2608006,val,a40_41,no_static,2.7138982,3.153995,1.0,3,3,1.0,2,2,1.0
2615034,val,a40_41,no_static,3.5343814,3.5209804,1.0,3,3,1.0,2,2,1.0
2639004,val,a40_41,no_static,1.6103053,2.0256755,1.0,3,2,1.0,2,4,1.0
2665177,val,a40_41,no_static,1.4839036,0.0,1.0,2,2,1.0,6,2,1.0
2672006,val,a40_41,no_static,3.2324593,4.190539,1.0,3,3,1.0,6,4,1.0
2672171,val,a40_41,no_static,2.5900192,4.158148,1.0,3,3,1.0,4,4,1.0
2697003,val,a40_41,no_static,3.3383925,3.3715646,1.0,3,3,1.0,2,2,1.0
2704031,val,a40_41,no_static,2.9630222,2.5460799,1.0,3,3,1.0,6,4,1.0
2705030,val,a40_41,no_static,3.3664126,4.6122894,1.0,3,3,1.0,2,3,1.0
2707007,val,a40_41,no_static,2.807971,2.015335,1.0,3,3,1.0,2,2,1.0
2712172,val,a40_41,no_static,2.5460227,3.172238,1.0,3,3,1.0,2,2,1.0
2731003,val,a40_41,no_static,2.961538,3.1447468,1.0,3,3,1.0,6,6,1.0
2731005,val,a40_41,no_static,3.8158326,4.564996,1.0,3,3,1.0,2,6,1.0
2770031,val,a40_41,no_static,3.3310373,1.7136508,1.0,3,3,1.0,2,2,1.0
2816004,val,a40_41,no_static,1.7326579,3.4309494,1.0,3,3,1.0,2,2,1.0
2910002,val,a40_41,no_static,3.0090284,3.1706843,1.0,3,2,1.0,2,2,1.0
3062001,val,a40_41,no_static,3.3605278,3.958687,1.0,3,3,1.0,2,2,1.0
3235002,val,a40_41,no_static,2.7479517,3.6333046,1.0,3,3,1.0,2,3,1.0
3306001,val,a40_41,no_static,3.7146845,4.594867,1.0,3,3,1.0,2,2,1.0
5015030,val,a40_41,no_static,2.2491212,0.0,1.0,3,2,1.0,2,2,1.0
5048030,val,a40_41,no_static,2.6366837,2.79805,1.0,3,3,1.0,6,6,1.0
5052033,val,a40_41,no_static,2.4646492,2.355517,1.0,3,3,1.0,6,6,1.0
5057008,val,a40_41,no_static,1.152965,3.5037935,1.0,2,3,1.0,6,6,1.0
5170009,val,a40_41,no_static,3.4705448,3.8322608,1.0,3,3,1.0,2,2,1.0
5230008,val,a40_41,no_static,3.1642766,3.7570312,1.0,3,3,1.0,2,2,1.0
5299010,val,a40_41,no_static,2.4717202,0.0,1.0,3,2,1.0,6,6,1.0
5336179,val,a40_41,no_static,2.6993322,3.3685656,1.0,3,3,1.0,2,2,1.0
5364005,val,a40_41,no_static,2.962637,3.3224595,1.0,3,3,1.0,2,3,1.0
5379004,val,a40_41,no_static,3.025161,4.8131404,1.0,3,3,1.0,4,4,1.0
5430173,val,a40_41,no_static,2.8509357,0.0,1.0,3,2,1.0,6,6,1.0
5488006,val,a40_41,no_static,3.2765257,3.6807222,1.0,3,3,1.0,6,6,1.0
5493007,val,a40_41,no_static,0.97124743,0.0,1.0,2,2,1.0,4,5,1.0
5537009,val,a40_41,no_static,2.6902149,2.9591303,1.0,3,3,1.0,2,2,1.0
5537177,val,a40_41,no_static,1.6553967,1.2297416,1.0,3,2,1.0,2,2,1.0
5537183,val,a40_41,no_static,3.353304,3.031698,1.0,3,3,1.0,2,2,1.0
5569010,val,a40_41,no_static,2.9290497,3.265041,1.0,3,3,1.0,2,2,1.0
5600005,val,a40_41,no_static,1.7597198,2.2039053,1.0,3,2,1.0,6,2,1.0
5615183,val,a40_41,no_static,2.5049791,2.9662764,1.0,3,3,1.0,2,2,1.0
5749006,val,a40_41,no_static,2.00538,0.37078482,1.0,3,2,1.0,4,2,1.0
5822175,val,a40_41,no_static,2.6634636,3.7130666,1.0,3,3,1.0,2,2,1.0
5832003,val,a40_41,no_static,3.070866,2.3181431,1.0,3,2,1.0,4,6,1.0
5872005,val,a40_41,no_static,1.0889376,0.0,0.0,2,-1,0.0,6,-1,0.0
5898005,val,a40_41,no_static,2.172431,0.0,0.0,3,-1,0.0,6,-1,0.0
5904033,val,a40_41,no_static,2.6768548,1.9870218,1.0,3,3,1.0,2,4,1.0
5987188,val,a40_41,no_static,2.9705927,3.0869684,1.0,3,3,1.0,2,2,1.0
6026005,val,a40_41,no_static,3.1173801,3.3871381,1.0,3,2,1.0,6,4,1.0
6026172,val,a40_41,no_static,3.215652,3.6983402,1.0,3,3,1.0,6,4,1.0
6054031,val,a40_41,no_static,3.5918288,3.9765851,1.0,3,3,1.0,2,6,1.0
6121033,val,a40_41,no_static,2.3340764,0.0,1.0,3,2,1.0,6,6,1.0
6156008,val,a40_41,no_static,3.2494004,3.7570312,1.0,3,3,1.0,6,6,1.0
6157003,val,a40_41,no_static,2.8810842,3.2381604,1.0,3,3,1.0,2,3,1.0
6210183,val,a40_41,no_static,2.8681574,3.3488646,1.0,3,3,1.0,2,2,1.0
6262030,val,a40_41,no_static,3.2302146,4.052318,1.0,3,3,1.0,2,2,1.0
6368007,val,a40_41,no_static,2.2019374,0.0,1.0,3,2,1.0,6,6,1.0
6381181,val,a40_41,no_static,3.1545906,4.0398784,1.0,3,3,1.0,6,2,1.0
6396003,val,a40_41,no_static,2.1336298,0.0,1.0,3,2,1.0,4,4,1.0
6431008,val,a40_41,no_static,2.701995,4.745581,1.0,3,3,1.0,2,4,1.0
6475170,val,a40_41,no_static,2.4291062,3.0000806,1.0,3,3,1.0,6,6,1.0
6522004,val,a40_41,no_static,1.528358,0.0,0.0,2,2,1.0,6,4,1.0
6537032,val,a40_41,no_static,2.759232,2.9993773,1.0,3,3,1.0,2,2,1.0
6541178,val,a40_41,no_static,3.6089644,4.1655335,1.0,3,3,1.0,2,2,1.0
6545006,val,a40_41,no_static,1.5875716,2.3224509,1.0,3,3,1.0,4,4,1.0
6547171,val,a40_41,no_static,2.9479897,3.0869684,1.0,3,3,1.0,2,2,1.0
6571031,val,a40_41,no_static,2.762036,0.0,0.0,3,-1,0.0,2,-1,0.0
6590008,val,a40_41,no_static,2.8461251,0.0,1.0,3,3,1.0,2,2,1.0
6616007,val,a40_41,no_static,2.4561896,3.6222303,1.0,3,3,1.0,2,4,1.0
6649003,val,a40_41,no_static,2.3247776,3.6229506,1.0,3,3,1.0,6,2,1.0
6710030,val,a40_41,no_static,1.2926751,3.2437427,1.0,2,3,1.0,6,6,1.0
6745007,val,a40_41,no_static,2.9070218,3.587975,1.0,3,3,1.0,2,6,1.0
6750005,val,a40_41,no_static,2.4969327,3.9030106,1.0,3,3,1.0,2,4,1.0
6765006,val,a40_41,no_static,2.0246513,2.6505947,1.0,3,3,1.0,2,2,1.0
6822176,val,a40_41,no_static,3.14414,3.546035,1.0,3,3,1.0,2,4,1.0
4007,val,a42_43,no_static,2.9375799,0.0,0.0,3,-1,0.0,2,-1,0.0
6174,val,a42_43,no_static,3.227618,4.3904777,1.0,3,3,1.0,2,2,1.0
14004,val,a42_43,no_static,3.3845716,3.7619069,1.0,3,3,1.0,2,2,1.0
14172,val,a42_43,no_static,1.4386165,3.7323906,1.0,3,3,1.0,2,2,1.0
14173,val,a42_43,no_static,2.8726404,4.0403357,1.0,3,3,1.0,2,2,1.0
18031,val,a42_43,no_static,1.8753107,3.5281215,1.0,3,3,1.0,2,5,1.0
18185,val,a42_43,no_static,2.529565,0.0,1.0,3,2,1.0,2,3,1.0
23031,val,a42_43,no_static,2.7159746,0.0,1.0,3,2,1.0,6,6,1.0
40173,val,a42_43,no_static,3.3169641,3.5162604,1.0,3,3,1.0,2,2,1.0
51171,val,a42_43,no_static,3.0213423,3.9461741,1.0,3,3,1.0,2,2,1.0
84005,val,a42_43,no_static,3.203347,3.9647489,1.0,3,3,1.0,6,6,1.0
121173,val,a42_43,no_static,3.3008797,3.016735,1.0,3,3,1.0,2,2,1.0
128004,val,a42_43,no_static,3.451826,4.198069,1.0,3,3,1.0,2,2,1.0
145170,val,a42_43,no_static,2.9902108,3.507782,1.0,3,3,1.0,2,2,1.0
161004,val,a42_43,no_static,3.2758455,3.1872697,1.0,3,3,1.0,6,4,1.0
172031,val,a42_43,no_static,3.2442846,3.126861,1.0,3,3,1.0,2,2,1.0
174175,val,a42_43,no_static,2.2417738,4.886779,1.0,3,3,1.0,2,2,1.0
221031,val,a42_43,no_static,3.5593455,3.9811552,1.0,3,3,1.0,2,2,1.0
223030,val,a42_43,no_static,2.9606361,3.4196575,1.0,3,3,1.0,2,2,1.0
227003,val,a42_43,no_static,3.8430839,3.9589236,1.0,3,3,1.0,2,2,1.0
257175,val,a42_43,no_static,3.0494707,0.56697226,1.0,3,3,1.0,2,2,1.0
263182,val,a42_43,no_static,3.1178823,3.456537,1.0,3,3,1.0,2,2,1.0
321005,val,a42_43,no_static,2.2620306,3.067396,1.0,3,3,1.0,4,2,1.0
361175,val,a42_43,no_static,2.5917048,2.6412401,1.0,3,3,1.0,4,2,1.0
377170,val,a42_43,no_static,3.0807176,4.30575,1.0,3,3,1.0,2,2,1.0
450030,val,a42_43,no_static,3.5164323,4.0109034,1.0,3,2,1.0,2,6,1.0
465030,val,a42_43,no_static,2.5647776,3.854094,1.0,3,3,1.0,4,4,1.0
478030,val,a42_43,no_static,2.5249164,3.0282621,1.0,3,3,1.0,4,3,1.0
503031,val,a42_43,no_static,2.845496,4.717123,1.0,3,3,1.0,2,4,1.0
514172,val,a42_43,no_static,3.445463,4.2617564,1.0,3,3,1.0,2,2,1.0
534030,val,a42_43,no_static,3.0605583,3.2387373,1.0,3,3,1.0,2,2,1.0
534171,val,a42_43,no_static,3.4957924,3.8186266,1.0,3,3,1.0,2,2,1.0
544170,val,a42_43,no_static,2.898162,3.378522,1.0,3,3,1.0,2,2,1.0
563193,val,a42_43,no_static,2.9375072,0.0,1.0,3,2,1.0,2,2,1.0
577174,val,a42_43,no_static,2.8244913,3.1931083,1.0,3,3,1.0,2,2,1.0
613006,val,a42_43,no_static,2.8726404,3.4896688,1.0,3,3,1.0,2,2,1.0
618170,val,a42_43,no_static,3.6254292,4.7028666,1.0,3,3,1.0,2,2,1.0
631030,val,a42_43,no_static,2.6926742,3.7247293,1.0,3,3,1.0,2,4,1.0
633031,val,a42_43,no_static,2.973045,3.6932049,1.0,3,3,1.0,4,2,1.0
652173,val,a42_43,no_static,3.291436,3.6409497,1.0,3,3,1.0,2,2,1.0
655172,val,a42_43,no_static,3.4674716,4.2897096,1.0,3,3,1.0,2,2,1.0
656005,val,a42_43,no_static,2.6081865,1.5825812,1.0,3,3,1.0,2,2,1.0
691171,val,a42_43,no_static,2.9341638,2.422265,1.0,3,3,1.0,2,4,1.0
738172,val,a42_43,no_static,2.5312123,4.6475396,1.0,3,3,1.0,2,2,1.0
751030,val,a42_43,no_static,2.4490147,3.128094,1.0,3,2,1.0,2,4,1.0
762170,val,a42_43,no_static,3.7974823,4.3866534,1.0,3,3,1.0,2,2,1.0
783171,val,a42_43,no_static,3.2537313,3.627258,1.0,3,3,1.0,2,2,1.0
863007,val,a42_43,no_static,2.718475,3.0570593,1.0,3,3,1.0,2,2,1.0
893170,val,a42_43,no_static,2.945506,0.0,1.0,3,2,1.0,2,2,1.0
894031,val,a42_43,no_static,3.1671653,3.4939215,1.0,3,3,1.0,2,2,1.0
898181,val,a42_43,no_static,2.8726404,2.0642657,1.0,3,3,1.0,2,2,1.0
899003,val,a42_43,no_static,3.0808218,3.5290773,1.0,3,3,1.0,4,2,1.0
916032,val,a42_43,no_static,2.6399493,2.66215,1.0,3,2,1.0,6,2,1.0
922005,val,a42_43,no_static,3.601518,2.8607311,1.0,3,3,1.0,2,2,1.0
931172,val,a42_43,no_static,3.0211954,2.3561735,1.0,3,3,1.0,2,2,1.0
939032,val,a42_43,no_static,3.8229637,4.886779,1.0,3,3,1.0,2,2,1.0
958030,val,a42_43,no_static,3.1396608,3.0001054,1.0,3,3,1.0,2,2,1.0
958173,val,a42_43,no_static,2.828921,3.188211,1.0,3,3,1.0,2,2,1.0
961005,val,a42_43,no_static,2.8168228,3.0807095,1.0,3,3,1.0,4,2,1.0
961030,val,a42_43,no_static,2.7361567,3.5064607,1.0,3,3,1.0,6,2,1.0
961175,val,a42_43,no_static,3.0290792,3.858515,1.0,3,3,1.0,2,2,1.0
1051183,val,a42_43,no_static,3.7065234,3.4141958,1.0,3,3,1.0,2,2,1.0
1084005,val,a42_43,no_static,3.0660453,2.8569546,1.0,3,2,1.0,2,4,1.0
1089003,val,a42_43,no_static,3.0491316,3.397333,1.0,3,3,1.0,2,2,1.0
1093003,val,a42_43,no_static,1.7545457,0.0,1.0,3,2,1.0,2,2,1.0
1107173,val,a42_43,no_static,2.2809403,0.0,1.0,3,2,1.0,2,4,1.0
1109174,val,a42_43,no_static,2.1399193,2.241885,1.0,3,3,1.0,2,2,1.0
1121030,val,a42_43,no_static,3.140803,3.7256048,1.0,3,3,1.0,2,2,1.0
1121175,val,a42_43,no_static,2.377364,0.0,1.0,3,2,1.0,2,2,1.0
1125172,val,a42_43,no_static,2.831262,2.6918542,1.0,3,3,1.0,2,2,1.0
1126030,val,a42_43,no_static,3.017901,2.3410416,1.0,3,3,1.0,2,2,1.0
1126176,val,a42_43,no_static,2.0948937,4.2375464,1.0,3,3,1.0,2,2,1.0
1152180,val,a42_43,no_static,3.2301834,3.382096,1.0,3,3,1.0,2,2,1.0
1164004,val,a42_43,no_static,3.260271,3.6850972,1.0,3,3,1.0,2,2,1.0
1184032,val,a42_43,no_static,3.2431295,0.0,0.0,3,-1,0.0,2,-1,0.0
1184033,val,a42_43,no_static,2.3801875,2.9884706,1.0,3,3,1.0,6,4,1.0
1185003,val,a42_43,no_static,3.4949117,0.0,1.0,3,2,1.0,2,2,1.0
1222004,val,a42_43,no_static,2.5740438,3.1974998,1.0,3,3,1.0,2,2,1.0
1222006,val,a42_43,no_static,2.7054505,3.4334857,1.0,3,3,1.0,2,2,1.0
1284170,val,a42_43,no_static,3.5658603,0.0,1.0,3,2,1.0,2,2,1.0
1292004,val,a42_43,no_static,2.794004,3.0276508,1.0,3,3,1.0,2,4,1.0
1314172,val,a42_43,no_static,2.9639337,3.955919,1.0,3,3,1.0,2,2,1.0
1332005,val,a42_43,no_static,3.916987,4.0859733,1.0,3,3,1.0,2,3,1.0
1335010,val,a42_43,no_static,3.1211455,3.5913725,1.0,3,3,1.0,2,2,1.0
1338003,val,a42_43,no_static,3.1703796,0.0,1.0,3,2,1.0,6,2,1.0
1345006,val,a42_43,no_static,2.8940134,2.8901737,1.0,3,3,1.0,2,2,1.0
1345007,val,a42_43,no_static,2.7489045,3.4974828,1.0,3,3,1.0,2,2,1.0
1346030,val,a42_43,no_static,3.514419,1.209378,1.0,3,2,1.0,2,2,1.0
1391033,val,a42_43,no_static,3.338839,3.9802005,1.0,3,3,1.0,6,4,1.0
1391175,val,a42_43,no_static,1.3831261,3.1796627,1.0,3,3,1.0,2,4,1.0
1394033,val,a42_43,no_static,2.1854699,0.0,1.0,3,2,1.0,4,4,1.0
1397005,val,a42_43,no_static,3.0939903,3.749749,1.0,3,3,1.0,2,2,1.0
1397172,val,a42_43,no_static,1.8936579,3.0798528,1.0,3,3,1.0,2,2,1.0
1426004,val,a42_43,no_static,1.7749317,3.4137402,1.0,3,3,1.0,6,6,1.0
1434032,val,a42_43,no_static,2.9356768,2.134075,1.0,3,3,1.0,2,2,1.0
1434170,val,a42_43,no_static,3.039643,3.2432585,1.0,3,3,1.0,2,2,1.0
1435005,val,a42_43,no_static,3.3803356,2.8346472,1.0,3,3,1.0,2,4,1.0
1485171,val,a42_43,no_static,3.2394462,3.4779825,1.0,3,3,1.0,2,2,1.0
1520031,val,a42_43,no_static,3.347629,0.0,1.0,3,3,1.0,4,2,1.0
1540005,val,a42_43,no_static,3.861032,3.2980824,1.0,3,3,1.0,2,2,1.0
1559003,val,a42_43,no_static,3.7556353,4.455336,1.0,3,3,1.0,2,2,1.0
1559170,val,a42_43,no_static,3.4284039,3.46386,1.0,3,3,1.0,2,2,1.0
1565180,val,a42_43,no_static,3.109957,3.7453756,1.0,3,3,1.0,2,2,1.0
1579030,val,a42_43,no_static,3.0020666,2.21841,1.0,3,3,1.0,2,2,1.0
1613007,val,a42_43,no_static,2.8726404,1.4655625,1.0,3,3,1.0,2,2,1.0
1621171,val,a42_43,no_static,3.6329136,4.5817747,1.0,3,3,1.0,2,2,1.0
1644004,val,a42_43,no_static,3.4035008,3.3623176,1.0,3,3,1.0,2,2,1.0
1652031,val,a42_43,no_static,2.9790258,3.6539025,1.0,3,3,1.0,2,2,1.0
1682032,val,a42_43,no_static,2.949562,3.8923383,1.0,3,3,1.0,6,2,1.0
1684173,val,a42_43,no_static,3.0438879,3.4133592,1.0,3,3,1.0,2,2,1.0
1687003,val,a42_43,no_static,3.1211126,2.1154792,1.0,3,3,1.0,2,2,1.0
1690170,val,a42_43,no_static,2.3860917,3.81582,1.0,3,3,1.0,2,2,1.0
1692030,val,a42_43,no_static,1.3985666,0.0,1.0,3,2,1.0,2,2,1.0
1695034,val,a42_43,no_static,3.324111,3.7629457,1.0,3,3,1.0,2,2,1.0
1701004,val,a42_43,no_static,2.767521,4.257973,1.0,3,3,1.0,2,2,1.0
1721030,val,a42_43,no_static,3.4845674,3.348836,1.0,3,3,1.0,4,2,1.0
1723005,val,a42_43,no_static,1.359929,2.2497153,1.0,3,3,1.0,2,2,1.0
1762030,val,a42_43,no_static,2.624723,0.0,1.0,3,2,1.0,2,4,1.0
1762031,val,a42_43,no_static,3.1470387,3.7924998,1.0,3,3,1.0,2,2,1.0
1762032,val,a42_43,no_static,2.086698,2.2055602,1.0,3,3,1.0,2,4,1.0
1774170,val,a42_43,no_static,3.406653,1.7535818,1.0,3,3,1.0,2,2,1.0
1774171,val,a42_43,no_static,3.3570652,3.736019,1.0,3,3,1.0,2,2,1.0
1784171,val,a42_43,no_static,3.5569966,4.1252284,1.0,3,3,1.0,2,2,1.0
1786191,val,a42_43,no_static,3.5197978,4.227405,1.0,3,3,1.0,2,2,1.0
1787005,val,a42_43,no_static,3.3281898,3.6104138,1.0,3,3,1.0,2,2,1.0
1787174,val,a42_43,no_static,3.0097222,3.3523545,1.0,3,3,1.0,2,2,1.0
1802003,val,a42_43,no_static,2.8900995,3.4832323,1.0,3,2,1.0,2,4,1.0
1845170,val,a42_43,no_static,3.5201042,3.3217459,1.0,3,3,1.0,2,2,1.0
1862171,val,a42_43,no_static,3.0558283,3.4461362,1.0,3,3,1.0,2,2,1.0
1898004,val,a42_43,no_static,3.139742,4.3638077,1.0,3,3,1.0,6,6,1.0
1911030,val,a42_43,no_static,2.497186,2.9322286,1.0,3,3,1.0,4,2,1.0
1914003,val,a42_43,no_static,1.9821584,3.0930045,1.0,3,3,1.0,2,2,1.0
1919007,val,a42_43,no_static,3.5902224,4.8387165,1.0,3,3,1.0,2,4,1.0
1954003,val,a42_43,no_static,3.2864318,3.7558146,1.0,3,3,1.0,2,4,1.0
1959005,val,a42_43,no_static,3.5339546,4.521836,1.0,3,3,1.0,2,2,1.0
1964031,val,a42_43,no_static,2.3752124,0.0,1.0,3,2,1.0,4,4,1.0
1972173,val,a42_43,no_static,1.7216169,2.3260252,1.0,3,3,1.0,2,3,1.0
1978030,val,a42_43,no_static,3.3211248,3.4900744,1.0,3,3,1.0,2,2,1.0
2005030,val,a42_43,no_static,2.8834167,3.211439,1.0,3,3,1.0,6,4,1.0
2011174,val,a42_43,no_static,2.7343452,3.177646,1.0,3,3,1.0,2,2,1.0
2023030,val,a42_43,no_static,3.5976472,4.886779,1.0,3,3,1.0,2,6,1.0
2028030,val,a42_43,no_static,3.31304,4.886779,1.0,3,3,1.0,4,4,1.0
2055003,val,a42_43,no_static,2.7046032,1.367364,1.0,3,3,1.0,2,2,1.0
2067005,val,a42_43,no_static,3.3886595,4.480925,1.0,3,3,1.0,2,2,1.0
2080170,val,a42_43,no_static,2.3392072,2.4098656,1.0,3,3,1.0,2,2,1.0
2106171,val,a42_43,no_static,1.3107916,0.0,1.0,3,2,1.0,2,2,1.0
2109002,val,a42_43,no_static,3.420397,4.472431,1.0,3,3,1.0,2,2,1.0
2129186,val,a42_43,no_static,2.8618484,3.851873,1.0,3,3,1.0,2,2,1.0
2181007,val,a42_43,no_static,1.125982,2.5885363,1.0,2,3,1.0,6,6,1.0
2181030,val,a42_43,no_static,3.0120554,3.6084042,1.0,3,3,1.0,4,2,1.0
2243174,val,a42_43,no_static,3.7506404,2.9595175,1.0,3,3,1.0,2,2,1.0
2260173,val,a42_43,no_static,2.7907116,0.0,1.0,3,2,1.0,2,2,1.0
2261030,val,a42_43,no_static,3.1108608,3.173361,1.0,3,3,1.0,2,2,1.0
2271171,val,a42_43,no_static,2.7621508,3.7394035,1.0,3,3,1.0,2,2,1.0
2282005,val,a42_43,no_static,2.9880028,3.46386,1.0,3,3,1.0,4,6,1.0
2302195,val,a42_43,no_static,1.3831261,0.0,1.0,3,2,1.0,2,6,1.0
2334031,val,a42_43,no_static,3.5259995,3.8580909,1.0,3,3,1.0,2,2,1.0
2341172,val,a42_43,no_static,3.14252,2.8802483,1.0,3,3,1.0,2,2,1.0
2354175,val,a42_43,no_static,3.2193036,3.651173,1.0,3,3,1.0,6,2,1.0
2355004,val,a42_43,no_static,1.9263697,4.1334863,1.0,3,3,1.0,4,2,1.0
2391030,val,a42_43,no_static,3.175668,3.859207,1.0,3,3,1.0,2,2,1.0
2397173,val,a42_43,no_static,1.6898541,3.1475887,1.0,3,3,1.0,2,2,1.0
2408170,val,a42_43,no_static,2.7259998,2.146546,1.0,3,3,1.0,6,4,1.0
2425003,val,a42_43,no_static,2.702896,0.0,1.0,3,2,1.0,2,2,1.0
2432030,val,a42_43,no_static,1.4842198,4.2273545,1.0,3,3,1.0,4,4,1.0
2435172,val,a42_43,no_static,2.0572922,0.0,1.0,3,2,1.0,2,2,1.0
2436174,val,a42_43,no_static,1.4416026,0.0,1.0,3,2,1.0,2,4,1.0
2436176,val,a42_43,no_static,1.8333205,3.0895233,1.0,3,3,1.0,2,2,1.0
2441003,val,a42_43,no_static,2.1082544,3.9165187,1.0,3,3,1.0,2,2,1.0
2441173,val,a42_43,no_static,3.1346073,4.077138,1.0,3,3,1.0,2,2,1.0
2458031,val,a42_43,no_static,3.8081467,4.886779,1.0,3,3,1.0,2,6,1.0
2461004,val,a42_43,no_static,1.5910197,2.196764,1.0,3,2,1.0,2,2,1.0
2461030,val,a42_43,no_static,3.4558866,4.353723,1.0,3,3,1.0,2,2,1.0
2473004,val,a42_43,no_static,3.2714455,3.2980824,1.0,3,3,1.0,2,2,1.0
2483030,val,a42_43,no_static,2.9593804,0.0,1.0,3,2,1.0,2,4,1.0
2503030,val,a42_43,no_static,3.3511138,3.295633,1.0,3,3,1.0,6,6,1.0
2510005,val,a42_43,no_static,3.1727412,3.307799,1.0,3,3,1.0,2,2,1.0
2525003,val,a42_43,no_static,3.1922588,4.886779,1.0,3,3,1.0,2,2,1.0
2529030,val,a42_43,no_static,3.078273,0.0,1.0,3,2,1.0,2,4,1.0
2529174,val,a42_43,no_static,3.224104,1.8595463,1.0,3,3,1.0,2,2,1.0
2530003,val,a42_43,no_static,2.218115,0.0,1.0,3,2,1.0,2,2,1.0
2530004,val,a42_43,no_static,2.9694629,3.4409633,1.0,3,3,1.0,2,2,1.0
2569033,val,a42_43,no_static,2.7659836,3.469144,1.0,3,3,1.0,6,2,1.0
2601006,val,a42_43,no_static,3.196525,4.845492,1.0,3,3,1.0,6,2,1.0
2608006,val,a42_43,no_static,2.7184324,2.9372149,1.0,3,3,1.0,2,2,1.0
2615034,val,a42_43,no_static,3.5214615,3.4548087,1.0,3,3,1.0,2,2,1.0
2639004,val,a42_43,no_static,1.6644008,2.589703,1.0,3,3,1.0,2,4,1.0
2665177,val,a42_43,no_static,1.5387886,0.0,1.0,3,2,1.0,6,2,1.0
2672006,val,a42_43,no_static,3.2334132,4.276182,1.0,3,3,1.0,6,2,1.0
2672171,val,a42_43,no_static,2.6082294,4.019886,1.0,3,3,1.0,4,4,1.0
2697003,val,a42_43,no_static,3.341119,3.3189862,1.0,3,3,1.0,2,2,1.0
2704031,val,a42_43,no_static,2.9550529,3.6725805,1.0,3,3,1.0,6,4,1.0
2705030,val,a42_43,no_static,3.3630466,4.6246047,1.0,3,3,1.0,2,4,1.0
2707007,val,a42_43,no_static,2.8213089,0.0,1.0,3,3,1.0,2,2,1.0
2712172,val,a42_43,no_static,2.5690243,3.1996279,1.0,3,3,1.0,2,2,1.0
2731003,val,a42_43,no_static,2.9667425,3.6003644,1.0,3,3,1.0,6,6,1.0
2731005,val,a42_43,no_static,3.7924929,4.716656,1.0,3,3,1.0,2,6,1.0
2770031,val,a42_43,no_static,3.3274946,2.2437658,1.0,3,3,1.0,2,2,1.0
2816004,val,a42_43,no_static,1.8206842,3.2776077,1.0,3,3,1.0,2,2,1.0
2910002,val,a42_43,no_static,3.006475,1.7300621,1.0,3,3,1.0,2,2,1.0
3062001,val,a42_43,no_static,3.3587916,2.110738,1.0,3,3,1.0,2,2,1.0
3235002,val,a42_43,no_static,2.7550285,3.3702624,1.0,3,3,1.0,2,3,1.0
3306001,val,a42_43,no_static,3.7073026,4.886779,1.0,3,3,1.0,2,3,1.0
5015030,val,a42_43,no_static,2.2738776,0.0,1.0,3,2,1.0,2,2,1.0
5048030,val,a42_43,no_static,2.6467488,2.967192,1.0,3,3,1.0,6,6,1.0
5052033,val,a42_43,no_static,2.4713748,3.1251361,1.0,3,3,1.0,6,6,1.0
5057008,val,a42_43,no_static,1.1917533,3.3570445,1.0,2,3,1.0,6,6,1.0
5170009,val,a42_43,no_static,3.4631162,3.9032092,1.0,3,3,1.0,2,2,1.0
5230008,val,a42_43,no_static,3.1623964,4.158148,1.0,3,3,1.0,2,3,1.0
5299010,val,a42_43,no_static,2.4652019,0.0,1.0,3,2,1.0,6,6,1.0
5336179,val,a42_43,no_static,2.7042851,3.3871381,1.0,3,3,1.0,2,2,1.0
5364005,val,a42_43,no_static,2.9693532,4.009967,1.0,3,3,1.0,2,3,1.0
5379004,val,a42_43,no_static,3.0207012,4.766838,1.0,3,3,1.0,4,4,1.0
5430173,val,a42_43,no_static,2.8415904,1.5333589,1.0,3,3,1.0,6,6,1.0
5488006,val,a42_43,no_static,3.2575092,3.8038778,1.0,3,3,1.0,6,6,1.0
5493007,val,a42_43,no_static,1.0064517,0.0,1.0,2,2,1.0,4,5,1.0
5537009,val,a42_43,no_static,2.699199,3.0807095,1.0,3,3,1.0,2,2,1.0
5537177,val,a42_43,no_static,1.7320572,1.6738045,1.0,3,2,1.0,2,2,1.0
5537183,val,a42_43,no_static,3.3538628,3.7742858,1.0,3,3,1.0,2,2,1.0
5569010,val,a42_43,no_static,2.9409618,3.3445346,1.0,3,3,1.0,2,2,1.0
5600005,val,a42_43,no_static,1.8045623,0.0,1.0,3,2,1.0,6,2,1.0
5615183,val,a42_43,no_static,2.5068214,3.8142254,1.0,3,3,1.0,2,2,1.0
5749006,val,a42_43,no_static,2.0251377,0.0,1.0,3,2,1.0,4,2,1.0
5822175,val,a42_43,no_static,2.6727355,0.0,0.0,3,-1,0.0,2,-1,0.0
5832003,val,a42_43,no_static,3.0641856,1.6818666,1.0,3,2,1.0,4,6,1.0
5872005,val,a42_43,no_static,1.125982,0.0,1.0,2,2,1.0,6,6,1.0
5898005,val,a42_43,no_static,2.1978757,3.3248508,1.0,3,3,1.0,6,2,1.0
5904033,val,a42_43,no_static,2.6809354,3.5165677,1.0,3,3,1.0,2,4,1.0
5987188,val,a42_43,no_static,2.968823,3.0930045,1.0,3,3,1.0,2,2,1.0
6026005,val,a42_43,no_static,3.0986423,4.0232816,1.0,3,3,1.0,6,2,1.0
6026172,val,a42_43,no_static,3.19796,4.4520135,1.0,3,3,1.0,6,4,1.0
6054031,val,a42_43,no_static,3.5646844,0.0,1.0,3,2,1.0,2,6,1.0
6121033,val,a42_43,no_static,2.338829,0.0,0.0,3,-1,0.0,6,-1,0.0
6156008,val,a42_43,no_static,3.2478223,4.542774,1.0,3,3,1.0,6,6,1.0
6157003,val,a42_43,no_static,2.8910484,3.3940077,1.0,3,3,1.0,2,4,1.0
6210183,val,a42_43,no_static,2.8726404,3.3445346,1.0,3,3,1.0,2,2,1.0
6262030,val,a42_43,no_static,3.223352,4.125177,1.0,3,3,1.0,2,2,1.0
6368007,val,a42_43,no_static,2.2246656,0.0,1.0,3,2,1.0,6,6,1.0
6381181,val,a42_43,no_static,3.1553485,4.0755825,1.0,3,3,1.0,6,2,1.0
6396003,val,a42_43,no_static,2.153726,0.0,1.0,3,2,1.0,4,4,1.0
6431008,val,a42_43,no_static,2.715066,4.776755,1.0,3,3,1.0,2,2,1.0
6475170,val,a42_43,no_static,2.437997,3.0592763,1.0,3,3,1.0,6,6,1.0
6522004,val,a42_43,no_static,1.5783184,2.1584442,1.0,3,3,1.0,6,4,1.0
6537032,val,a42_43,no_static,2.7735903,2.9880683,1.0,3,3,1.0,2,2,1.0
6541178,val,a42_43,no_static,3.6031423,4.145609,1.0,3,3,1.0,2,2,1.0
6545006,val,a42_43,no_static,1.6033564,2.389911,1.0,3,3,1.0,4,4,1.0
6547171,val,a42_43,no_static,2.9503112,2.5756848,1.0,3,3,1.0,2,2,1.0
6571031,val,a42_43,no_static,2.7723186,3.8278039,1.0,3,3,1.0,2,3,1.0
6590008,val,a42_43,no_static,2.8573048,3.2681394,1.0,3,3,1.0,2,2,1.0
6616007,val,a42_43,no_static,2.482292,1.9724138,1.0,3,2,1.0,2,2,1.0
6649003,val,a42_43,no_static,2.3494728,3.4457722,1.0,3,3,1.0,6,2,1.0
6710030,val,a42_43,no_static,1.3385926,3.0664406,1.0,2,2,1.0,6,6,1.0
6745007,val,a42_43,no_static,2.907267,3.2379806,1.0,3,3,1.0,2,6,1.0
6750005,val,a42_43,no_static,2.506506,3.9043536,1.0,3,3,1.0,2,4,1.0
6765006,val,a42_43,no_static,2.0640056,3.0149915,1.0,3,3,1.0,2,2,1.0
6822176,val,a42_43,no_static,3.1426687,3.337991,1.0,3,3,1.0,2,4,1.0
4007,val,a44_45,no_static,2.983212,4.058416,1.0,3,3,1.0,2,4,1.0
6174,val,a44_45,no_static,3.2685342,4.491118,1.0,3,3,1.0,2,2,1.0
14004,val,a44_45,no_static,3.4284134,0.0,1.0,3,2,1.0,2,2,1.0
14172,val,a44_45,no_static,1.4985905,3.481501,1.0,3,3,1.0,2,2,1.0
14173,val,a44_45,no_static,2.9196568,3.718973,1.0,3,3,1.0,2,2,1.0
18031,val,a44_45,no_static,2.0021458,3.5790346,1.0,3,3,1.0,2,5,1.0
18185,val,a44_45,no_static,2.588267,1.3926231,1.0,3,3,1.0,2,4,1.0
23031,val,a44_45,no_static,2.759196,0.0,1.0,3,2,1.0,6,2,1.0
40173,val,a44_45,no_static,3.358219,0.0,0.0,3,-1,0.0,2,-1,0.0
51171,val,a44_45,no_static,3.0642357,3.9082706,1.0,3,3,1.0,2,2,1.0
84005,val,a44_45,no_static,3.240244,4.022493,1.0,3,3,1.0,6,6,1.0
121173,val,a44_45,no_static,3.340397,3.0124674,1.0,3,3,1.0,2,2,1.0
128004,val,a44_45,no_static,3.4868715,3.9815128,1.0,3,3,1.0,2,2,1.0
145170,val,a44_45,no_static,3.0353057,3.937253,1.0,3,3,1.0,2,2,1.0
161004,val,a44_45,no_static,3.309729,3.0668867,1.0,3,3,1.0,6,4,1.0
172031,val,a44_45,no_static,3.2851002,3.4983218,1.0,3,3,1.0,2,2,1.0
174175,val,a44_45,no_static,2.2990997,4.886779,1.0,3,3,1.0,2,2,1.0
221031,val,a44_45,no_static,3.5995445,3.8177946,1.0,3,3,1.0,2,2,1.0
223030,val,a44_45,no_static,2.999046,3.5600863,1.0,3,3,1.0,2,2,1.0
227003,val,a44_45,no_static,3.865346,3.9815128,1.0,3,3,1.0,2,2,1.0
257175,val,a44_45,no_static,3.096293,0.48750186,1.0,3,3,1.0,2,2,1.0
263182,val,a44_45,no_static,3.1615417,3.4627783,1.0,3,3,1.0,2,2,1.0
321005,val,a44_45,no_static,2.3371482,2.99307,1.0,3,3,1.0,4,2,1.0
361175,val,a44_45,no_static,2.6381345,2.3818378,1.0,3,2,1.0,4,2,1.0
377170,val,a44_45,no_static,3.1219814,4.2520056,1.0,3,3,1.0,2,2,1.0
450030,val,a44_45,no_static,3.5469637,3.9245687,1.0,3,3,1.0,2,6,1.0
465030,val,a44_45,no_static,2.6147568,3.8660583,1.0,3,3,1.0,4,2,1.0
478030,val,a44_45,no_static,2.5645318,3.486668,1.0,3,2,1.0,4,3,1.0
503031,val,a44_45,no_static,2.898263,4.7228627,1.0,3,3,1.0,2,4,1.0
514172,val,a44_45,no_static,3.4826608,4.4358616,1.0,3,3,1.0,2,2,1.0
534030,val,a44_45,no_static,3.093622,3.402656,1.0,3,3,1.0,2,2,1.0
534171,val,a44_45,no_static,3.5364144,3.9701915,1.0,3,3,1.0,2,2,1.0
544170,val,a44_45,no_static,2.9470544,0.0,0.0,3,-1,0.0,2,-1,0.0
563193,val,a44_45,no_static,2.9825785,0.0,1.0,3,2,1.0,2,2,1.0
577174,val,a44_45,no_static,2.868823,3.3248508,1.0,3,3,1.0,2,2,1.0
613006,val,a44_45,no_static,2.9196568,2.8015413,1.0,3,2,1.0,2,2,1.0
618170,val,a44_45,no_static,3.6597967,4.628189,1.0,3,3,1.0,2,2,1.0
631030,val,a44_45,no_static,2.739389,4.1159654,1.0,3,3,1.0,2,4,1.0
633031,val,a44_45,no_static,3.017696,3.6920335,1.0,3,3,1.0,4,2,1.0
652173,val,a44_45,no_static,3.3307471,3.671648,1.0,3,3,1.0,2,2,1.0
655172,val,a44_45,no_static,3.5058203,4.415885,1.0,3,3,1.0,2,2,1.0
656005,val,a44_45,no_static,2.6573706,1.9453716,1.0,3,3,1.0,2,2,1.0
691171,val,a44_45,no_static,2.9816675,2.8106601,1.0,3,3,1.0,2,4,1.0
738172,val,a44_45,no_static,2.5807867,4.459952,1.0,3,3,1.0,2,2,1.0
751030,val,a44_45,no_static,2.5060437,2.66215,1.0,3,3,1.0,2,4,1.0
762170,val,a44_45,no_static,3.830917,4.343294,1.0,3,3,1.0,2,2,1.0
783171,val,a44_45,no_static,3.2923818,3.6628857,1.0,3,3,1.0,2,2,1.0
863007,val,a44_45,no_static,2.7717562,3.2183783,1.0,3,3,1.0,2,3,1.0
893170,val,a44_45,no_static,2.9928303,0.0,1.0,3,2,1.0,2,2,1.0
894031,val,a44_45,no_static,3.2054482,3.4421458,1.0,3,3,1.0,2,2,1.0
898181,val,a44_45,no_static,2.9196568,1.5825812,1.0,3,3,1.0,2,2,1.0
899003,val,a44_45,no_static,3.1264482,3.4738846,1.0,3,3,1.0,4,2,1.0
916032,val,a44_45,no_static,2.687239,3.7278583,1.0,3,3,1.0,6,2,1.0
922005,val,a44_45,no_static,3.6372728,2.9191911,1.0,3,3,1.0,2,2,1.0
931172,val,a44_45,no_static,3.066283,3.1937861,1.0,3,3,1.0,2,2,1.0
939032,val,a44_45,no_static,3.854465,4.886779,1.0,3,3,1.0,2,2,1.0
958030,val,a44_45,no_static,3.1880012,3.161957,1.0,3,3,1.0,2,2,1.0
958173,val,a44_45,no_static,2.8748705,3.2852573,1.0,3,3,1.0,2,2,1.0
961005,val,a44_45,no_static,2.861755,3.5486436,1.0,3,3,1.0,4,2,1.0
961030,val,a44_45,no_static,2.7863274,3.8178444,1.0,3,3,1.0,6,2,1.0
961175,val,a44_45,no_static,3.0736117,3.8142254,1.0,3,3,1.0,2,2,1.0
1051183,val,a44_45,no_static,3.7414517,3.8177946,1.0,3,3,1.0,2,2,1.0
1084005,val,a44_45,no_static,3.107915,2.9441254,1.0,3,2,1.0,2,2,1.0
1089003,val,a44_45,no_static,3.0881784,3.3568435,1.0,3,3,1.0,2,2,1.0
1093003,val,a44_45,no_static,1.8441229,0.0,1.0,3,2,1.0,2,2,1.0
1107173,val,a44_45,no_static,2.3685677,0.0,1.0,3,2,1.0,2,4,1.0
1109174,val,a44_45,no_static,2.1994512,2.7272375,1.0,3,3,1.0,2,2,1.0
1121030,val,a44_45,no_static,3.1841536,3.958687,1.0,3,3,1.0,2,2,1.0
1121175,val,a44_45,no_static,2.4261575,0.0,1.0,3,2,1.0,2,2,1.0
1125172,val,a44_45,no_static,2.8797376,2.6219666,1.0,3,3,1.0,2,2,1.0
1126030,val,a44_45,no_static,3.0651054,0.6136192,1.0,3,2,1.0,2,2,1.0
1126176,val,a44_45,no_static,2.163338,0.0,0.0,3,-1,0.0,2,-1,0.0
1152180,val,a44_45,no_static,3.2673998,3.4450095,1.0,3,3,1.0,2,2,1.0
1164004,val,a44_45,no_static,3.308133,3.8595586,1.0,3,3,1.0,2,2,1.0
1184032,val,a44_45,no_static,3.2852542,3.948575,1.0,3,3,1.0,2,2,1.0
1184033,val,a44_45,no_static,2.4530954,2.7982898,1.0,3,3,1.0,6,4,1.0
1185003,val,a44_45,no_static,3.532395,0.0,1.0,3,2,1.0,2,2,1.0
1222004,val,a44_45,no_static,2.6275885,3.388434,1.0,3,3,1.0,2,2,1.0
1222006,val,a44_45,no_static,2.752986,2.0481088,1.0,3,3,1.0,2,2,1.0
1284170,val,a44_45,no_static,3.6012583,0.0,1.0,3,2,1.0,2,2,1.0
1292004,val,a44_45,no_static,2.8458126,1.4956659,1.0,3,2,1.0,2,4,1.0
1314172,val,a44_45,no_static,3.0071013,3.7518084,1.0,3,3,1.0,2,2,1.0
1332005,val,a44_45,no_static,3.959035,4.2493205,1.0,3,3,1.0,2,3,1.0
1335010,val,a44_45,no_static,3.1690085,3.4333792,1.0,3,3,1.0,2,2,1.0
1338003,val,a44_45,no_static,3.2034192,3.4137402,1.0,3,3,1.0,6,2,1.0
1345006,val,a44_45,no_static,2.9391265,2.9125555,1.0,3,3,1.0,2,2,1.0
1345007,val,a44_45,no_static,2.7921636,3.8308244,1.0,3,3,1.0,2,2,1.0
1346030,val,a44_45,no_static,3.5453596,0.0,0.0,3,-1,0.0,2,-1,0.0
1391033,val,a44_45,no_static,3.371232,4.3236156,1.0,3,3,1.0,6,4,1.0
1391175,val,a44_45,no_static,1.4647219,3.4613209,1.0,3,3,1.0,2,4,1.0
1394033,val,a44_45,no_static,2.2252073,0.0,1.0,3,2,1.0,4,4,1.0
1397005,val,a44_45,no_static,3.139754,4.0859733,1.0,3,3,1.0,2,2,1.0
1397172,val,a44_45,no_static,1.9528263,3.100371,1.0,3,3,1.0,2,2,1.0
1426004,val,a44_45,no_static,1.8165097,3.223611,1.0,3,3,1.0,6,6,1.0
1434032,val,a44_45,no_static,2.9815326,2.1239266,1.0,3,3,1.0,2,2,1.0
1434170,val,a44_45,no_static,3.0835528,3.4116857,1.0,3,3,1.0,2,2,1.0
1435005,val,a44_45,no_static,3.4125268,4.3006,1.0,3,3,1.0,2,2,1.0
1485171,val,a44_45,no_static,3.2854176,3.121372,1.0,3,3,1.0,2,2,1.0
1520031,val,a44_45,no_static,3.3926702,3.9939451,1.0,3,2,1.0,4,2,1.0
1540005,val,a44_45,no_static,3.8896413,2.9066825,1.0,3,3,1.0,2,2,1.0
1559003,val,a44_45,no_static,3.787874,4.886779,1.0,3,3,1.0,2,2,1.0
1559170,val,a44_45,no_static,3.4659462,2.2020712,1.0,3,3,1.0,2,2,1.0
1565180,val,a44_45,no_static,3.151585,4.1940236,1.0,3,3,1.0,2,2,1.0
1579030,val,a44_45,no_static,3.0508652,3.1251361,1.0,3,3,1.0,2,3,1.0
1613007,val,a44_45,no_static,2.9196568,2.5992112,1.0,3,3,1.0,2,2,1.0
1621171,val,a44_45,no_static,3.6681275,4.706708,1.0,3,3,1.0,2,2,1.0
1644004,val,a44_45,no_static,3.4414928,3.1415145,1.0,3,3,1.0,2,2,1.0
1652031,val,a44_45,no_static,3.02078,3.4925067,1.0,3,3,1.0,2,2,1.0
1682032,val,a44_45,no_static,2.9791462,3.9247546,1.0,3,3,1.0,6,2,1.0
1684173,val,a44_45,no_static,3.0920596,3.1698432,1.0,3,3,1.0,2,2,1.0
1687003,val,a44_45,no_static,3.1684296,3.295199,1.0,3,3,1.0,2,2,1.0
1690170,val,a44_45,no_static,2.4374392,3.8913128,1.0,3,3,1.0,2,2,1.0
1692030,val,a44_45,no_static,1.4789972,0.0,1.0,3,2,1.0,2,2,1.0
1695034,val,a44_45,no_static,3.3704271,3.8376126,1.0,3,3,1.0,2,2,1.0
1701004,val,a44_45,no_static,2.8190587,4.343721,1.0,3,3,1.0,2,2,1.0
1721030,val,a44_45,no_static,3.5196643,2.8269699,1.0,3,2,1.0,4,2,1.0
1723005,val,a44_45,no_static,1.4395205,2.372633,1.0,3,3,1.0,2,2,1.0
1762030,val,a44_45,no_static,2.680455,0.67576194,1.0,3,2,1.0,2,4,1.0
1762031,val,a44_45,no_static,3.18764,3.8211,1.0,3,3,1.0,2,2,1.0
1762032,val,a44_45,no_static,2.1338735,2.5097702,1.0,3,3,1.0,2,4,1.0
1774170,val,a44_45,no_static,3.444518,0.0,1.0,3,2,1.0,2,2,1.0
1774171,val,a44_45,no_static,3.395584,3.608866,1.0,3,3,1.0,2,2,1.0
1784171,val,a44_45,no_static,3.5936038,4.0109563,1.0,3,3,1.0,2,2,1.0
1786191,val,a44_45,no_static,3.55952,3.9470103,1.0,3,3,1.0,2,2,1.0
1787005,val,a44_45,no_static,3.3723354,3.7915301,1.0,3,3,1.0,2,2,1.0
1787174,val,a44_45,no_static,3.053878,0.0,0.0,3,-1,0.0,2,-1,0.0
1802003,val,a44_45,no_static,2.9354644,3.7913468,1.0,3,2,1.0,2,4,1.0
1845170,val,a44_45,no_static,3.557416,3.5111582,1.0,3,3,1.0,2,2,1.0
1862171,val,a44_45,no_static,3.1071796,3.5587387,1.0,3,3,1.0,2,2,1.0
1898004,val,a44_45,no_static,3.1922493,4.41717,1.0,3,3,1.0,6,6,1.0
1911030,val,a44_45,no_static,2.540972,0.0,1.0,3,2,1.0,4,2,1.0
1914003,val,a44_45,no_static,2.0948381,3.0497952,1.0,3,3,1.0,2,2,1.0
1919007,val,a44_45,no_static,3.622437,4.4151845,1.0,3,3,1.0,2,4,1.0
1954003,val,a44_45,no_static,3.3284879,3.7009902,1.0,3,2,1.0,2,4,1.0
1959005,val,a44_45,no_static,3.563724,4.886779,1.0,3,3,1.0,2,2,1.0
1964031,val,a44_45,no_static,2.4245744,0.0,1.0,3,2,1.0,4,4,1.0
1972173,val,a44_45,no_static,1.7856193,2.7334437,1.0,3,3,1.0,2,3,1.0
1978030,val,a44_45,no_static,3.3621728,3.4785342,1.0,3,3,1.0,2,2,1.0
2005030,val,a44_45,no_static,2.9296677,3.2576559,1.0,3,3,1.0,6,4,1.0
2011174,val,a44_45,no_static,2.779645,3.363831,1.0,3,3,1.0,2,2,1.0
2023030,val,a44_45,no_static,3.6265588,4.886779,1.0,3,3,1.0,2,6,1.0
2028030,val,a44_45,no_static,3.3577726,4.886779,1.0,3,3,1.0,4,4,1.0
2055003,val,a44_45,no_static,2.7517178,3.6527476,1.0,3,3,1.0,2,2,1.0
2067005,val,a44_45,no_static,3.426884,4.55367,1.0,3,3,1.0,2,2,1.0
2080170,val,a44_45,no_static,2.3963277,2.564471,1.0,3,3,1.0,2,2,1.0
2106171,val,a44_45,no_static,1.3658948,0.0,1.0,3,2,1.0,2,2,1.0
2109002,val,a44_45,no_static,3.4601774,4.4351645,1.0,3,3,1.0,2,2,1.0
2129186,val,a44_45,no_static,2.9078135,3.486668,1.0,3,3,1.0,2,2,1.0
2181007,val,a44_45,no_static,1.1701431,2.0622702,1.0,2,3,1.0,6,6,1.0
2181030,val,a44_45,no_static,3.061628,3.9479043,1.0,3,3,1.0,4,2,1.0
2243174,val,a44_45,no_static,3.786601,3.3215134,1.0,3,3,1.0,2,2,1.0
2260173,val,a44_45,no_static,2.8398957,3.094222,1.0,3,2,1.0,2,2,1.0
2261030,val,a44_45,no_static,3.1528332,3.2630742,1.0,3,3,1.0,2,2,1.0
2271171,val,a44_45,no_static,2.8099415,3.6277134,1.0,3,3,1.0,2,2,1.0
2282005,val,a44_45,no_static,3.0345216,2.2020712,1.0,3,3,1.0,4,6,1.0
2302195,val,a44_45,no_static,1.4647219,0.0,1.0,3,2,1.0,2,6,1.0
2334031,val,a44_45,no_static,3.5591154,4.167855,1.0,3,3,1.0,2,2,1.0
2341172,val,a44_45,no_static,3.1897705,3.5905602,1.0,3,3,1.0,2,2,1.0
2354175,val,a44_45,no_static,3.2567263,3.4766757,1.0,3,3,1.0,6,2,1.0
2355004,val,a44_45,no_static,1.9958984,3.8594756,1.0,3,3,1.0,4,2,1.0
2391030,val,a44_45,no_static,3.2166557,3.7593637,1.0,3,3,1.0,2,2,1.0
2397173,val,a44_45,no_static,1.7658911,3.5917382,1.0,3,3,1.0,2,3,1.0
2408170,val,a44_45,no_static,2.7660985,2.8284745,1.0,3,3,1.0,6,4,1.0
2425003,val,a44_45,no_static,2.748209,0.0,1.0,3,2,1.0,2,2,1.0
2432030,val,a44_45,no_static,1.5587401,2.2314599,1.0,3,3,1.0,4,4,1.0
2435172,val,a44_45,no_static,2.124886,0.0,1.0,3,2,1.0,2,2,1.0
2436174,val,a44_45,no_static,1.519971,0.0,1.0,3,2,1.0,2,4,1.0
2436176,val,a44_45,no_static,1.8952839,3.174653,1.0,3,3,1.0,2,2,1.0
2441003,val,a44_45,no_static,2.1551695,3.9449332,1.0,3,3,1.0,2,2,1.0
2441173,val,a44_45,no_static,3.176937,4.1105485,1.0,3,3,1.0,2,2,1.0
2458031,val,a44_45,no_static,3.834947,4.886779,1.0,3,3,1.0,2,6,1.0
2461004,val,a44_45,no_static,1.6559484,0.0,1.0,3,2,1.0,2,2,1.0
2461030,val,a44_45,no_static,3.509894,4.886779,1.0,3,3,1.0,2,2,1.0
2473004,val,a44_45,no_static,3.3117433,4.1026144,1.0,3,3,1.0,2,2,1.0
2483030,val,a44_45,no_static,2.999568,0.0,1.0,3,3,1.0,2,4,1.0
2503030,val,a44_45,no_static,3.3832402,3.3104484,1.0,3,3,1.0,6,2,1.0
2510005,val,a44_45,no_static,3.2206511,3.3073823,1.0,3,3,1.0,2,2,1.0
2525003,val,a44_45,no_static,3.2370296,4.886779,1.0,3,3,1.0,2,2,1.0
2529030,val,a44_45,no_static,3.1231556,0.0,1.0,3,2,1.0,2,4,1.0
2529174,val,a44_45,no_static,3.264069,4.0926714,1.0,3,3,1.0,2,2,1.0
2530003,val,a44_45,no_static,2.26307,0.0,1.0,3,2,1.0,2,2,1.0
2530004,val,a44_45,no_static,3.0147882,3.6657484,1.0,3,3,1.0,2,2,1.0
2569033,val,a44_45,no_static,2.8062449,3.3814466,1.0,3,3,1.0,6,2,1.0
2601006,val,a44_45,no_static,3.2293222,0.0,1.0,3,2,1.0,6,2,1.0
2608006,val,a44_45,no_static,2.762966,2.8357437,1.0,3,3,1.0,2,2,1.0
2615034,val,a44_45,no_static,3.5501196,3.5372634,1.0,3,3,1.0,2,2,1.0
2639004,val,a44_45,no_static,1.728581,0.0,0.0,3,-1,0.0,2,-1,0.0
2665177,val,a44_45,no_static,1.6100476,0.0,1.0,3,2,1.0,6,2,1.0
2672006,val,a44_45,no_static,3.2774165,4.573825,1.0,3,3,1.0,6,5,1.0
2672171,val,a44_45,no_static,2.666918,3.6641996,1.0,3,3,1.0,4,4,1.0
2697003,val,a44_45,no_static,3.3852177,3.3045707,1.0,3,3,1.0,2,2,1.0
2704031,val,a44_45,no_static,2.9934826,3.7778184,1.0,3,3,1.0,6,4,1.0
2705030,val,a44_45,no_static,3.3998804,4.633699,1.0,3,3,1.0,2,4,1.0
2707007,val,a44_45,no_static,2.8718925,2.4932044,1.0,3,3,1.0,2,2,1.0
2712172,val,a44_45,no_static,2.6290112,3.188211,1.0,3,3,1.0,2,2,1.0
2731003,val,a44_45,no_static,3.011408,3.858834,1.0,3,3,1.0,6,6,1.0
2731005,val,a44_45,no_static,3.818344,4.6893663,1.0,3,3,1.0,2,6,1.0
2770031,val,a44_45,no_static,3.3662524,2.47013,1.0,3,3,1.0,2,2,1.0
2816004,val,a44_45,no_static,1.9207766,3.3207881,1.0,3,3,1.0,2,2,1.0
2910002,val,a44_45,no_static,3.0483797,3.7874484,1.0,3,3,1.0,2,2,1.0
3062001,val,a44_45,no_static,3.397957,2.2482457,1.0,3,3,1.0,2,3,1.0
3235002,val,a44_45,no_static,2.7996144,3.4900744,1.0,3,3,1.0,2,4,1.0
3306001,val,a44_45,no_static,3.7439065,4.886779,1.0,3,3,1.0,2,4,1.0
5015030,val,a44_45,no_static,2.3274865,0.0,1.0,3,2,1.0,2,2,1.0
5048030,val,a44_45,no_static,2.690922,3.156508,1.0,3,3,1.0,6,6,1.0
5052033,val,a44_45,no_static,2.5132244,2.6440241,1.0,3,3,1.0,6,6,1.0
5057008,val,a44_45,no_static,1.2389761,3.627258,1.0,2,3,1.0,6,6,1.0
5170009,val,a44_45,no_static,3.4997737,4.047763,1.0,3,3,1.0,2,2,1.0
5230008,val,a44_45,no_static,3.203661,4.175959,1.0,3,3,1.0,2,3,1.0
5299010,val,a44_45,no_static,2.5041215,0.0,1.0,3,2,1.0,6,6,1.0
5336179,val,a44_45,no_static,2.748968,3.3914385,1.0,3,3,1.0,2,2,1.0
5364005,val,a44_45,no_static,3.013115,3.7940028,1.0,3,3,1.0,2,2,1.0
5379004,val,a44_45,no_static,3.0632713,4.5817747,1.0,3,3,1.0,4,4,1.0
5430173,val,a44_45,no_static,2.878719,1.9704351,1.0,3,3,1.0,2,6,1.0
5488006,val,a44_45,no_static,3.291174,3.982054,1.0,3,3,1.0,6,6,1.0
5493007,val,a44_45,no_static,1.0423442,0.0,1.0,2,2,1.0,4,5,1.0
5537009,val,a44_45,no_static,2.747536,2.8186514,1.0,3,3,1.0,2,2,1.0
5537177,val,a44_45,no_static,1.8255203,1.8782891,1.0,3,2,1.0,2,2,1.0
5537183,val,a44_45,no_static,3.399462,4.192416,1.0,3,3,1.0,2,2,1.0
5569010,val,a44_45,no_static,2.984832,1.5302846,1.0,3,3,1.0,2,2,1.0
5600005,val,a44_45,no_static,1.8758564,0.0,1.0,3,2,1.0,6,2,1.0
5615183,val,a44_45,no_static,2.5438163,3.0865474,1.0,3,3,1.0,2,2,1.0
5749006,val,a44_45,no_static,2.065198,1.0628753,1.0,3,3,1.0,4,2,1.0
5822175,val,a44_45,no_static,2.7191236,3.553619,1.0,3,3,1.0,2,2,1.0
5832003,val,a44_45,no_static,3.1055648,3.2903967,1.0,3,2,1.0,4,6,1.0
5872005,val,a44_45,no_static,1.1701431,0.0,1.0,2,2,1.0,6,6,1.0
5898005,val,a44_45,no_static,2.2535954,3.433667,1.0,3,3,1.0,6,2,1.0
5904033,val,a44_45,no_static,2.7234697,3.4421458,1.0,3,3,1.0,2,4,1.0
5987188,val,a44_45,no_static,3.0110507,3.0497952,1.0,3,3,1.0,2,2,1.0
6026005,val,a44_45,no_static,3.1323237,3.9234436,1.0,3,2,1.0,6,2,1.0
6026172,val,a44_45,no_static,3.2333913,4.6887918,1.0,3,3,1.0,6,4,1.0
6054031,val,a44_45,no_static,3.5953147,0.0,1.0,3,2,1.0,2,6,1.0
6121033,val,a44_45,no_static,2.3799193,0.0,1.0,3,2,1.0,6,6,1.0
6156008,val,a44_45,no_static,3.28804,3.9220536,1.0,3,3,1.0,6,6,1.0
6157003,val,a44_45,no_static,2.9416184,3.3523545,1.0,3,3,1.0,2,4,1.0
6210183,val,a44_45,no_static,2.9196568,3.3465555,1.0,3,3,1.0,2,2,1.0
6262030,val,a44_45,no_static,3.2606275,4.0141034,1.0,3,3,1.0,2,2,1.0
6368007,val,a44_45,no_static,2.2835228,0.0,1.0,3,2,1.0,6,6,1.0
6381181,val,a44_45,no_static,3.1976237,4.2348075,1.0,3,3,1.0,6,2,1.0
6396003,val,a44_45,no_static,2.20655,0.0,1.0,3,2,1.0,4,4,1.0
6431008,val,a44_45,no_static,2.7635427,4.2303786,1.0,3,3,1.0,2,2,1.0
6475170,val,a44_45,no_static,2.4870746,3.4794178,1.0,3,3,1.0,6,6,1.0
6522004,val,a44_45,no_static,1.6459491,1.8124303,1.0,3,3,1.0,6,4,1.0
6537032,val,a44_45,no_static,2.8211324,3.8368883,1.0,3,3,1.0,2,2,1.0
6541178,val,a44_45,no_static,3.6402297,4.2320933,1.0,3,3,1.0,2,3,1.0
6545006,val,a44_45,no_static,1.6386021,3.1106615,1.0,3,3,1.0,4,4,1.0
6547171,val,a44_45,no_static,2.994789,1.8387105,1.0,3,3,1.0,2,2,1.0
6571031,val,a44_45,no_static,2.8192704,0.0,1.0,3,2,1.0,2,2,1.0
6590008,val,a44_45,no_static,2.9045055,3.5488956,1.0,3,3,1.0,2,2,1.0
6616007,val,a44_45,no_static,2.5386155,3.2707531,1.0,3,3,1.0,2,4,1.0
6649003,val,a44_45,no_static,2.398663,3.4194636,1.0,3,3,1.0,6,2,1.0
6710030,val,a44_45,no_static,1.3976501,3.5064607,1.0,2,3,1.0,6,6,1.0
6745007,val,a44_45,no_static,2.9528859,2.6745934,1.0,3,3,1.0,4,6,1.0
6750005,val,a44_45,no_static,2.549279,3.3510303,1.0,3,3,1.0,2,4,1.0
6765006,val,a44_45,no_static,2.1243813,3.0664406,1.0,3,3,1.0,2,2,1.0
6822176,val,a44_45,no_static,3.1840458,3.3265107,1.0,3,3,1.0,2,4,1.0
6828003,val,a30_31,no_static,0.99722207,0.00086969405,1.0,2,3,1.0,2,2,1.0
6872003,val,a30_31,no_static,2.7032862,3.403978,1.0,3,3,1.0,6,2,1.0
6828003,val,a32_33,no_static,1.1675278,0.0,1.0,2,2,1.0,2,2,1.0
6872003,val,a32_33,no_static,2.6921396,3.5754573,1.0,3,3,1.0,6,2,1.0
6828003,val,a34_35,no_static,1.3523486,2.461633,1.0,3,3,1.0,2,2,1.0
6872003,val,a34_35,no_static,2.674252,3.5162253,1.0,3,3,1.0,6,2,1.0
6828003,val,a36_37,no_static,1.505755,0.0,1.0,3,2,1.0,2,2,1.0
6872003,val,a36_37,no_static,2.681623,3.5643752,1.0,3,3,1.0,6,2,1.0
6828003,val,a38_39,no_static,1.6000922,0.0,1.0,3,3,1.0,2,2,1.0
6872003,val,a38_39,no_static,2.6930115,3.3542435,1.0,3,3,1.0,6,2,1.0
6828003,val,a40_41,no_static,1.6479652,0.29730862,1.0,3,2,1.0,2,2,1.0
6872003,val,a40_41,no_static,2.7220995,3.611991,1.0,3,3,1.0,6,2,1.0
6828003,val,a42_43,no_static,1.7047565,0.0,1.0,3,2,1.0,2,2,1.0
6872003,val,a42_43,no_static,2.7101977,3.393006,1.0,3,3,1.0,6,2,1.0
6828003,val,a44_45,no_static,1.782513,0.0,1.0,3,2,1.0,2,2,1.0
6872003,val,a44_45,no_static,2.7527876,3.4513288,1.0,3,3,1.0,6,2,1.0
6030,test,a30_31,no_static,3.6686454,4.0443435,1.0,3,3,1.0,2,2,1.0
10030,test,a30_31,no_static,3.9644246,4.8131404,1.0,3,3,1.0,6,6,1.0
41008,test,a30_31,no_static,2.7444177,0.0,1.0,3,2,1.0,6,2,1.0
68003,test,a30_31,no_static,3.2255049,3.6228404,1.0,3,3,1.0,2,2,1.0
127030,test,a30_31,no_static,3.4537501,3.8933127,1.0,3,3,1.0,6,6,1.0
127031,test,a30_31,no_static,3.7358656,4.455336,1.0,3,3,1.0,6,6,1.0
129031,test,a30_31,no_static,1.0815629,1.159328,1.0,2,3,1.0,6,4,1.0
129196,test,a30_31,no_static,2.1506462,2.0602975,1.0,3,2,1.0,2,2,1.0
165030,test,a30_31,no_static,3.322237,3.431768,1.0,3,3,1.0,6,2,1.0
284004,test,a30_31,no_static,3.8881931,4.6835566,1.0,3,3,1.0,2,2,1.0
301032,test,a30_31,no_static,3.8260741,3.5725698,1.0,3,3,1.0,6,6,1.0
327003,test,a30_31,no_static,3.242837,3.4121542,1.0,3,3,1.0,2,2,1.0
327171,test,a30_31,no_static,3.5773582,3.8332024,1.0,3,2,1.0,2,2,1.0
327172,test,a30_31,no_static,2.6019604,3.2615511,1.0,3,3,1.0,2,2,1.0
331005,test,a30_31,no_static,3.9628441,4.5540724,1.0,3,3,1.0,6,6,1.0
344178,test,a30_31,no_static,3.0059352,3.154086,1.0,3,3,1.0,2,2,1.0
461030,test,a30_31,no_static,3.4122472,3.7856972,1.0,3,3,1.0,2,2,1.0
486004,test,a30_31,no_static,3.205587,3.5620697,1.0,3,3,1.0,2,2,1.0
563183,test,a30_31,no_static,0.6517674,2.9157038,1.0,2,3,1.0,2,2,1.0
577004,test,a30_31,no_static,2.5331614,2.3891363,1.0,3,3,1.0,2,2,1.0
607030,test,a30_31,no_static,3.4386818,3.7182508,1.0,3,3,1.0,2,2,1.0
613173,test,a30_31,no_static,3.7468548,4.11935,1.0,3,3,1.0,2,2,1.0
634008,test,a30_31,no_static,3.3543458,3.9311678,1.0,3,3,1.0,4,4,1.0
652005,test,a30_31,no_static,2.871605,3.0010586,1.0,3,3,1.0,2,2,1.0
672003,test,a30_31,no_static,0.58756065,0.0,1.0,2,2,1.0,2,2,1.0
691175,test,a30_31,no_static,3.640173,3.7946298,1.0,3,3,1.0,2,2,1.0
699031,test,a30_31,no_static,1.6504095,3.1676114,1.0,3,3,1.0,6,6,1.0
722178,test,a30_31,no_static,0.66155636,0.0,1.0,2,2,1.0,2,2,1.0
771003,test,a30_31,no_static,2.8627286,3.0751624,1.0,3,3,1.0,4,4,1.0
775005,test,a30_31,no_static,3.2512958,0.0,0.0,3,-1,0.0,6,-1,0.0
796006,test,a30_31,no_static,3.286123,3.7020767,1.0,3,3,1.0,6,6,1.0
844003,test,a30_31,no_static,2.2105758,3.4397702,1.0,3,3,1.0,2,2,1.0
863006,test,a30_31,no_static,3.3507347,3.8158545,1.0,3,3,1.0,2,2,1.0
863173,test,a30_31,no_static,3.2842274,2.555125,1.0,3,3,1.0,2,2,1.0
866172,test,a30_31,no_static,2.6760266,3.027694,1.0,3,3,1.0,6,6,1.0
868005,test,a30_31,no_static,3.373579,3.5248713,1.0,3,3,1.0,2,2,1.0
875030,test,a30_31,no_static,0.85197365,0.0,1.0,2,2,1.0,2,2,1.0
897006,test,a30_31,no_static,2.6099877,2.2707846,1.0,3,2,1.0,2,2,1.0
922171,test,a30_31,no_static,2.910037,3.9658422,1.0,3,3,1.0,2,2,1.0
934030,test,a30_31,no_static,3.6650658,4.0753117,1.0,3,3,1.0,2,2,1.0
935005,test,a30_31,no_static,1.7197282,2.53768,1.0,3,2,1.0,2,2,1.0
935176,test,a30_31,no_static,3.2967257,3.4484873,1.0,3,3,1.0,2,2,1.0
939030,test,a30_31,no_static,3.68983,4.0583153,1.0,3,3,1.0,6,6,1.0
964003,test,a30_31,no_static,0.9650985,0.0,1.0,2,2,1.0,6,6,1.0
970004,test,a30_31,no_static,3.469073,3.7108538,1.0,3,3,1.0,2,2,1.0
982004,test,a30_31,no_static,2.8530843,3.2337272,1.0,3,3,1.0,2,4,1.0
1033030,test,a30_31,no_static,3.1279893,3.9603353,1.0,3,3,1.0,2,3,1.0
1036003,test,a30_31,no_static,3.4784033,3.820191,1.0,3,3,1.0,4,4,1.0
1048006,test,a30_31,no_static,2.6122828,2.5494602,1.0,3,2,1.0,2,3,1.0
1055172,test,a30_31,no_static,1.5389675,1.5379702,1.0,3,2,1.0,2,2,1.0
1060175,test,a30_31,no_static,3.161241,3.8012211,1.0,3,3,1.0,2,2,1.0
1064171,test,a30_31,no_static,3.5665092,4.467433,1.0,3,3,1.0,2,2,1.0
1072171,test,a30_31,no_static,3.225945,3.5926886,1.0,3,3,1.0,2,2,1.0
1084175,test,a30_31,no_static,2.3646111,0.0,1.0,3,2,1.0,2,2,1.0
1100172,test,a30_31,no_static,2.9499257,3.2967014,1.0,3,3,1.0,2,2,1.0
1141171,test,a30_31,no_static,2.1948934,0.0,0.0,3,-1,0.0,4,-1,0.0
1142030,test,a30_31,no_static,3.358275,3.07714,1.0,3,3,1.0,2,4,1.0
1144032,test,a30_31,no_static,3.3713944,3.5717494,1.0,3,3,1.0,2,2,1.0
1149171,test,a30_31,no_static,2.9323354,3.076803,1.0,3,3,1.0,6,2,1.0
1162030,test,a30_31,no_static,2.9883263,3.1995935,1.0,3,3,1.0,2,2,1.0
1167030,test,a30_31,no_static,0.6953727,0.42005378,1.0,2,2,1.0,6,6,1.0
1168008,test,a30_31,no_static,1.6852901,3.0341482,1.0,3,3,1.0,3,3,1.0
1222179,test,a30_31,no_static,2.5781138,1.9917881,1.0,3,3,1.0,2,2,1.0
1260008,test,a30_31,no_static,2.8152022,2.880258,1.0,3,3,1.0,2,2,1.0
1269030,test,a30_31,no_static,3.3640184,3.6963296,1.0,3,3,1.0,2,2,1.0
1292030,test,a30_31,no_static,3.1713886,3.4003475,1.0,3,3,1.0,4,2,1.0
1298005,test,a30_31,no_static,2.399667,3.193401,1.0,3,3,1.0,2,2,1.0
1306030,test,a30_31,no_static,4.1961074,4.886779,1.0,3,3,1.0,2,2,1.0
1335179,test,a30_31,no_static,2.6101334,3.4640977,1.0,3,3,1.0,2,2,1.0
1353030,test,a30_31,no_static,0.9019878,0.0,1.0,2,2,1.0,2,2,1.0
1384030,test,a30_31,no_static,3.0227654,3.5397089,1.0,3,3,1.0,2,2,1.0
1399008,test,a30_31,no_static,2.0956447,2.1851575,1.0,3,2,1.0,2,2,1.0
1415004,test,a30_31,no_static,2.4166064,2.707386,1.0,3,3,1.0,2,2,1.0
1430005,test,a30_31,no_static,1.727226,1.2974701,1.0,3,3,1.0,6,6,1.0
1431003,test,a30_31,no_static,3.7359705,3.7720938,1.0,3,3,1.0,2,2,1.0
1431004,test,a30_31,no_static,2.7752957,0.0,1.0,3,2,1.0,2,2,1.0
1431172,test,a30_31,no_static,3.7642984,0.0,0.0,3,-1,0.0,2,-1,0.0
1462004,test,a30_31,no_static,1.8198165,3.4702528,1.0,3,3,1.0,2,2,1.0
1520173,test,a30_31,no_static,3.1663787,3.549721,1.0,3,3,1.0,2,2,1.0
1522175,test,a30_31,no_static,3.5446324,3.9098516,1.0,3,3,1.0,2,2,1.0
1542006,test,a30_31,no_static,2.9742835,3.2926252,1.0,3,3,1.0,4,4,1.0
1542177,test,a30_31,no_static,3.4872537,3.6178148,1.0,3,2,1.0,2,2,1.0
1567031,test,a30_31,no_static,3.1380472,3.6645775,1.0,3,3,1.0,6,6,1.0
1608031,test,a30_31,no_static,2.6909697,3.3391688,1.0,3,2,1.0,2,2,1.0
1612003,test,a30_31,no_static,3.5136008,4.0829945,1.0,3,2,1.0,2,2,1.0
1621003,test,a30_31,no_static,1.6690993,2.1435423,1.0,3,3,1.0,2,2,1.0
1648003,test,a30_31,no_static,3.1197023,3.0544064,1.0,3,3,1.0,2,2,1.0
1648030,test,a30_31,no_static,2.788107,3.8708656,1.0,3,3,1.0,6,6,1.0
1670172,test,a30_31,no_static,2.7444177,2.5325868,1.0,3,3,1.0,6,2,1.0
1684170,test,a30_31,no_static,0.6720941,0.0,1.0,2,3,1.0,2,2,1.0
1690030,test,a30_31,no_static,3.4753973,3.814594,1.0,3,3,1.0,2,2,1.0
1692176,test,a30_31,no_static,3.1692553,3.7050061,1.0,3,3,1.0,2,2,1.0
1695030,test,a30_31,no_static,2.8489225,3.3822985,1.0,3,3,1.0,6,6,1.0
1697036,test,a30_31,no_static,3.2547386,3.1997752,1.0,3,3,1.0,6,2,1.0
1698170,test,a30_31,no_static,2.664454,1.3173809,1.0,3,2,1.0,2,2,1.0
1700031,test,a30_31,no_static,2.8742318,3.2681394,1.0,3,3,1.0,4,4,1.0
1701003,test,a30_31,no_static,3.3725092,3.1641855,1.0,3,3,1.0,6,6,1.0
1711003,test,a30_31,no_static,2.041305,3.0908527,1.0,3,3,1.0,2,2,1.0
1711171,test,a30_31,no_static,2.8948803,3.6934254,1.0,3,2,1.0,2,2,1.0
1732005,test,a30_31,no_static,2.7842112,0.0,0.0,3,-1,0.0,6,-1,0.0
1762187,test,a30_31,no_static,1.7128148,1.8384329,1.0,3,3,1.0,3,2,1.0
1786187,test,a30_31,no_static,2.8130543,3.2494287,1.0,3,3,1.0,2,2,1.0
1837006,test,a30_31,no_static,3.2210913,3.500706,1.0,3,3,1.0,2,2,1.0
1850172,test,a30_31,no_static,1.717235,2.0709207,1.0,3,3,1.0,2,2,1.0
1878030,test,a30_31,no_static,2.9080205,3.2616544,1.0,3,3,1.0,2,2,1.0
1879030,test,a30_31,no_static,2.951584,4.1256022,1.0,3,3,1.0,2,3,1.0
1905004,test,a30_31,no_static,3.3135061,3.9012198,1.0,3,3,1.0,4,2,1.0
1919009,test,a30_31,no_static,3.402812,3.3816369,1.0,3,3,1.0,2,2,1.0
1935004,test,a30_31,no_static,2.8435264,0.0,1.0,3,2,1.0,2,2,1.0
1936030,test,a30_31,no_static,2.2530837,0.0,1.0,3,2,1.0,2,2,1.0
1978171,test,a30_31,no_static,2.619035,2.4012594,1.0,3,3,1.0,2,2,1.0
2030031,test,a30_31,no_static,2.799807,0.0,1.0,3,3,1.0,6,2,1.0
2117003,test,a30_31,no_static,3.0705442,2.8032591,1.0,3,3,1.0,2,2,1.0
2150172,test,a30_31,no_static,1.554919,1.6647161,1.0,3,2,1.0,2,2,1.0
2199182,test,a30_31,no_static,2.226058,3.7839584,1.0,3,3,1.0,2,2,1.0
2206030,test,a30_31,no_static,3.3852744,3.820771,1.0,3,3,1.0,4,2,1.0
2212031,test,a30_31,no_static,4.1031146,4.352703,1.0,3,3,1.0,6,6,1.0
2238004,test,a30_31,no_static,3.0475612,3.473372,1.0,3,3,1.0,2,2,1.0
2238172,test,a30_31,no_static,3.280892,3.6698914,1.0,3,3,1.0,2,2,1.0
2252172,test,a30_31,no_static,2.583567,2.392142,1.0,3,3,1.0,2,2,1.0
2255030,test,a30_31,no_static,4.2650642,4.8865457,1.0,3,3,1.0,2,2,1.0
2277008,test,a30_31,no_static,2.6468635,2.4704232,1.0,3,3,1.0,2,2,1.0
2311172,test,a30_31,no_static,1.9047086,1.7819266,1.0,3,3,1.0,2,3,1.0
2330003,test,a30_31,no_static,3.6327581,4.546308,1.0,3,3,1.0,6,6,1.0
2338003,test,a30_31,no_static,3.2286959,3.5962741,1.0,3,3,1.0,6,6,1.0
2341004,test,a30_31,no_static,2.6751144,3.6550374,1.0,3,3,1.0,2,2,1.0
2341005,test,a30_31,no_static,2.4150743,2.985549,1.0,3,3,1.0,2,2,1.0
2354004,test,a30_31,no_static,1.700628,2.6002262,1.0,3,3,1.0,2,3,1.0
2392004,test,a30_31,no_static,2.1748805,2.486088,1.0,3,3,1.0,2,2,1.0
2393005,test,a30_31,no_static,3.8826602,3.8599086,1.0,3,3,1.0,2,3,1.0
2393171,test,a30_31,no_static,2.2625406,3.2835505,1.0,3,3,1.0,2,2,1.0
2409006,test,a30_31,no_static,2.2073822,0.0,0.0,3,-1,0.0,2,-1,0.0
2409171,test,a30_31,no_static,2.9799895,0.0,0.0,3,-1,0.0,2,-1,0.0
2422178,test,a30_31,no_static,3.224967,3.3685656,1.0,3,3,1.0,2,2,1.0
2459030,test,a30_31,no_static,3.0013022,3.289887,1.0,3,3,1.0,2,2,1.0
2474030,test,a30_31,no_static,3.1403384,3.5847976,1.0,3,3,1.0,2,2,1.0
2474171,test,a30_31,no_static,2.078225,1.9812955,1.0,3,3,1.0,2,2,1.0
2485173,test,a30_31,no_static,2.911725,1.3737665,1.0,3,2,1.0,4,4,1.0
2496172,test,a30_31,no_static,1.834435,2.6033032,1.0,3,3,1.0,4,4,1.0
2502005,test,a30_31,no_static,2.8456907,3.0639424,1.0,3,3,1.0,2,2,1.0
2510171,test,a30_31,no_static,3.2291367,3.45875,1.0,3,3,1.0,2,2,1.0
2525174,test,a30_31,no_static,3.2378583,3.576559,1.0,3,3,1.0,2,2,1.0
2530184,test,a30_31,no_static,2.8064084,2.8265765,1.0,3,3,1.0,2,2,1.0
2547171,test,a30_31,no_static,3.6277995,3.964761,1.0,3,3,1.0,2,2,1.0
2580030,test,a30_31,no_static,4.151932,4.73331,1.0,3,3,1.0,2,2,1.0
2593171,test,a30_31,no_static,3.7100291,4.1230373,1.0,3,3,1.0,2,2,1.0
2615031,test,a30_31,no_static,3.2910333,3.6966453,1.0,3,3,1.0,2,2,1.0
2642030,test,a30_31,no_static,2.6104145,2.6918542,1.0,3,3,1.0,2,2,1.0
2655002,test,a30_31,no_static,0.8496473,0.0,1.0,2,2,1.0,2,2,1.0
2705031,test,a30_31,no_static,3.4354472,3.0183833,1.0,3,3,1.0,2,2,1.0
2707179,test,a30_31,no_static,2.6271062,2.888504,1.0,3,3,1.0,2,2,1.0
2714031,test,a30_31,no_static,3.161054,3.2921891,1.0,3,3,1.0,2,2,1.0
2717004,test,a30_31,no_static,3.468758,4.0724216,1.0,3,3,1.0,2,2,1.0
2738171,test,a30_31,no_static,3.4869032,4.41911,1.0,3,3,1.0,2,2,1.0
2794003,test,a30_31,no_static,3.4073915,4.088578,1.0,3,3,1.0,6,6,1.0
2845030,test,a30_31,no_static,2.6302168,0.80540437,1.0,3,3,1.0,6,6,1.0
2847030,test,a30_31,no_static,3.0348442,3.2781074,1.0,3,3,1.0,4,6,1.0
2848174,test,a30_31,no_static,1.7967777,0.0,1.0,3,2,1.0,6,6,1.0
2852006,test,a30_31,no_static,0.76380336,0.0,1.0,2,2,1.0,2,2,1.0
2852030,test,a30_31,no_static,3.0522497,3.1400328,1.0,3,3,1.0,2,2,1.0
2869170,test,a30_31,no_static,2.9660192,3.318679,1.0,3,3,1.0,2,2,1.0
2897006,test,a30_31,no_static,2.849049,2.5091708,1.0,3,3,1.0,6,6,1.0
2900171,test,a30_31,no_static,3.5001001,1.9216049,1.0,3,3,1.0,2,2,1.0
2907006,test,a30_31,no_static,2.623909,2.6151106,1.0,3,3,1.0,2,2,1.0
2920030,test,a30_31,no_static,3.2557163,2.973692,1.0,3,3,1.0,6,6,1.0
3107001,test,a30_31,no_static,3.0387852,3.501158,1.0,3,3,1.0,2,2,1.0
3137007,test,a30_31,no_static,2.4897194,2.5756848,1.0,3,3,1.0,6,6,1.0
3283002,test,a30_31,no_static,3.7012615,4.300126,1.0,3,3,1.0,2,4,1.0
3492001,test,a30_31,no_static,3.421041,4.1655335,1.0,3,3,1.0,6,6,1.0
5016170,test,a30_31,no_static,2.8709626,2.9827757,1.0,3,3,1.0,4,4,1.0
5082003,test,a30_31,no_static,3.5604358,3.590824,1.0,3,3,1.0,6,2,1.0
5145032,test,a30_31,no_static,3.2724504,3.6708767,1.0,3,3,1.0,6,6,1.0
5163030,test,a30_31,no_static,2.9178152,3.7953534,1.0,3,3,1.0,2,3,1.0
5177171,test,a30_31,no_static,1.490686,0.0,1.0,3,2,1.0,6,6,1.0
5199178,test,a30_31,no_static,2.932967,3.0284073,1.0,3,3,1.0,2,2,1.0
5241030,test,a30_31,no_static,2.9311967,3.463671,1.0,3,3,1.0,6,6,1.0
5264004,test,a30_31,no_static,3.3344188,3.254645,1.0,3,3,1.0,2,2,1.0
5294003,test,a30_31,no_static,3.5215416,3.6888347,1.0,3,3,1.0,2,2,1.0
5299172,test,a30_31,no_static,2.6283226,0.0,0.0,3,-1,0.0,2,-1,0.0
5306002,test,a30_31,no_static,2.7203796,1.5553043,1.0,3,2,1.0,6,6,1.0
5350030,test,a30_31,no_static,2.362002,1.5019395,1.0,3,3,1.0,4,6,1.0
5364006,test,a30_31,no_static,3.3402877,4.02594,1.0,3,3,1.0,6,6,1.0
5366033,test,a30_31,no_static,2.9701285,3.2203383,1.0,3,2,1.0,6,6,1.0
5406173,test,a30_31,no_static,2.9015305,0.0,0.0,3,-1,0.0,2,-1,0.0
5424030,test,a30_31,no_static,1.5357895,1.9499075,1.0,3,2,1.0,6,6,1.0
5425003,test,a30_31,no_static,1.328276,0.52543235,1.0,2,3,1.0,2,2,1.0
5430031,test,a30_31,no_static,1.6889071,2.1480308,1.0,3,2,1.0,6,6,1.0
5430171,test,a30_31,no_static,2.623587,3.769422,1.0,3,3,1.0,6,6,1.0
5443007,test,a30_31,no_static,1.5818694,0.43289578,1.0,3,2,1.0,2,2,1.0
5464032,test,a30_31,no_static,2.557242,2.712402,1.0,3,2,1.0,3,2,1.0
5488007,test,a30_31,no_static,2.630171,2.4527671,1.0,3,2,1.0,2,2,1.0
5494005,test,a30_31,no_static,2.4446733,2.5930448,1.0,3,3,1.0,6,6,1.0
5513030,test,a30_31,no_static,3.045136,3.6436281,1.0,3,3,1.0,6,6,1.0
5549006,test,a30_31,no_static,2.5383682,2.3896143,1.0,3,3,1.0,2,2,1.0
5553173,test,a30_31,no_static,3.4843702,3.5880518,1.0,3,3,1.0,2,2,1.0
5560186,test,a30_31,no_static,3.142346,3.2274153,1.0,3,3,1.0,2,2,1.0
5569009,test,a30_31,no_static,2.7813249,1.642214,1.0,3,2,1.0,2,2,1.0
5570010,test,a30_31,no_static,2.9649734,3.5521383,1.0,3,3,1.0,4,4,1.0
5570012,test,a30_31,no_static,2.7444177,2.5876174,1.0,3,3,1.0,6,6,1.0
5570033,test,a30_31,no_static,3.232392,2.8641582,1.0,3,3,1.0,2,2,1.0
5576031,test,a30_31,no_static,2.376416,3.016735,1.0,3,3,1.0,4,2,1.0
5614005,test,a30_31,no_static,2.5056236,2.6726115,1.0,3,3,1.0,3,3,1.0
5615010,test,a30_31,no_static,3.1745777,3.1390646,1.0,3,3,1.0,6,2,1.0
5615181,test,a30_31,no_static,3.1125736,3.3987124,1.0,3,3,1.0,2,2,1.0
5621170,test,a30_31,no_static,2.7543104,3.0994895,1.0,3,3,1.0,2,2,1.0
5626010,test,a30_31,no_static,3.0094137,2.9399865,1.0,3,3,1.0,2,2,1.0
5634188,test,a30_31,no_static,3.136261,0.0,0.0,3,-1,0.0,2,-1,0.0
5635031,test,a30_31,no_static,2.5991988,2.960809,1.0,3,3,1.0,2,2,1.0
5646006,test,a30_31,no_static,0.7795464,0.5639118,1.0,2,3,1.0,6,6,1.0
5660005,test,a30_31,no_static,3.0317016,3.541386,1.0,3,3,1.0,4,3,1.0
5664003,test,a30_31,no_static,0.8462192,0.10998343,1.0,2,2,1.0,6,6,1.0
5676007,test,a30_31,no_static,2.9063876,0.0,0.0,3,-1,0.0,2,-1,0.0
5678030,test,a30_31,no_static,2.2749214,2.8913167,1.0,3,2,1.0,6,6,1.0
5684034,test,a30_31,no_static,3.758936,4.3079896,1.0,3,3,1.0,2,4,1.0
5784005,test,a30_31,no_static,0.78021264,0.0,1.0,2,2,1.0,6,6,1.0
5819005,test,a30_31,no_static,1.0660906,1.0981487,1.0,2,3,1.0,6,6,1.0
5821008,test,a30_31,no_static,2.7444177,3.01234,1.0,3,3,1.0,6,2,1.0
5863033,test,a30_31,no_static,0.7154199,1.3019751,1.0,2,3,1.0,6,6,1.0
5921003,test,a30_31,no_static,2.6043653,0.0,0.0,3,-1,0.0,6,-1,0.0
5922010,test,a30_31,no_static,2.841625,2.721544,1.0,3,3,1.0,6,6,1.0
5938031,test,a30_31,no_static,2.494078,0.0,1.0,3,2,1.0,6,6,1.0
5960033,test,a30_31,no_static,2.3829007,2.5757463,1.0,3,3,1.0,6,6,1.0
5995005,test,a30_31,no_static,1.0865535,0.31933862,1.0,2,2,1.0,6,6,1.0
6028032,test,a30_31,no_static,2.0940616,2.8981428,1.0,3,3,1.0,6,6,1.0
6030005,test,a30_31,no_static,3.4744265,3.7041867,1.0,3,3,1.0,6,6,1.0
6030008,test,a30_31,no_static,3.15342,3.6057901,1.0,3,3,1.0,6,6,1.0
6093006,test,a30_31,no_static,0.63363576,2.0916247,1.0,2,3,1.0,6,6,1.0
6093011,test,a30_31,no_static,1.9750515,1.3332126,1.0,3,3,1.0,6,6,1.0
6114182,test,a30_31,no_static,2.597521,2.5692537,1.0,3,3,1.0,3,3,1.0
6120195,test,a30_31,no_static,1.0564469,0.0,1.0,2,2,1.0,2,2,1.0
6121030,test,a30_31,no_static,3.092084,3.769311,1.0,3,3,1.0,6,6,1.0
6179003,test,a30_31,no_static,3.2593644,3.361893,1.0,3,3,1.0,2,2,1.0
6179170,test,a30_31,no_static,0.6977006,0.0,1.0,2,2,1.0,2,2,1.0
6191006,test,a30_31,no_static,2.849426,3.2669687,1.0,3,3,1.0,3,4,1.0
6200175,test,a30_31,no_static,3.3767662,3.180232,1.0,3,3,1.0,2,2,1.0
6210007,test,a30_31,no_static,3.5759606,0.0,0.0,3,-1,0.0,6,-1,0.0
6210008,test,a30_31,no_static,2.4540272,1.7660555,1.0,3,3,1.0,6,6,1.0
6350007,test,a30_31,no_static,2.6883912,2.5048919,1.0,3,3,1.0,6,6,1.0
6365010,test,a30_31,no_static,0.6514374,0.47892067,1.0,2,3,1.0,6,6,1.0
6365011,test,a30_31,no_static,1.9161093,0.1931983,1.0,3,2,1.0,2,2,1.0
6365177,test,a30_31,no_static,2.1101081,3.0710416,1.0,3,3,1.0,2,2,1.0
6381008,test,a30_31,no_static,2.3496063,0.0,0.0,3,-1,0.0,2,-1,0.0
6444003,test,a30_31,no_static,2.135457,2.0211048,1.0,3,3,1.0,2,2,1.0
6475006,test,a30_31,no_static,0.7530966,0.67106354,1.0,2,3,1.0,6,6,1.0
6475007,test,a30_31,no_static,0.64295554,0.1422398,1.0,2,2,1.0,6,6,1.0
6509004,test,a30_31,no_static,2.836591,3.5568442,1.0,3,3,1.0,6,6,1.0
6545008,test,a30_31,no_static,3.6109724,3.18138,1.0,3,3,1.0,6,6,1.0
6571003,test,a30_31,no_static,2.8335266,3.4242733,1.0,3,3,1.0,6,6,1.0
6635009,test,a30_31,no_static,0.67599404,0.0,1.0,2,2,1.0,6,4,1.0
6663030,test,a30_31,no_static,3.4876108,3.6323774,1.0,3,2,1.0,6,6,1.0
6674003,test,a30_31,no_static,3.3294466,3.3601112,1.0,3,3,1.0,4,2,1.0
6674005,test,a30_31,no_static,3.3901458,3.4521801,1.0,3,3,1.0,4,2,1.0
6736181,test,a30_31,no_static,2.3033578,1.9612347,1.0,3,2,1.0,2,2,1.0
6740003,test,a30_31,no_static,2.4199243,2.7489104,1.0,3,3,1.0,2,2,1.0
6769008,test,a30_31,no_static,2.478052,0.47086632,1.0,3,2,1.0,3,3,1.0
6779033,test,a30_31,no_static,1.1589756,1.7719439,1.0,2,3,1.0,6,6,1.0
6030,test,a32_33,no_static,3.647808,3.632802,1.0,3,3,1.0,2,2,1.0
10030,test,a32_33,no_static,3.901709,4.5643663,1.0,3,3,1.0,6,2,1.0
41008,test,a32_33,no_static,2.7756195,0.0,1.0,3,2,1.0,2,2,1.0
68003,test,a32_33,no_static,3.2231033,3.5880518,1.0,3,3,1.0,2,2,1.0
127030,test,a32_33,no_static,3.4267662,3.6983402,1.0,3,3,1.0,6,2,1.0
127031,test,a32_33,no_static,3.677296,4.2671986,1.0,3,3,1.0,6,6,1.0
129031,test,a32_33,no_static,1.180057,1.5868585,1.0,2,2,1.0,6,4,1.0
129196,test,a32_33,no_static,2.239586,1.7348825,1.0,3,3,1.0,2,2,1.0
165030,test,a32_33,no_static,3.2923074,3.6426375,1.0,3,3,1.0,6,2,1.0
284004,test,a32_33,no_static,3.84864,4.498754,1.0,3,3,1.0,2,2,1.0
301032,test,a32_33,no_static,3.7848954,3.9674697,1.0,3,3,1.0,6,6,1.0
327003,test,a32_33,no_static,3.2254524,3.7635956,1.0,3,3,1.0,2,2,1.0
327171,test,a32_33,no_static,3.5522072,0.0,1.0,3,2,1.0,2,2,1.0
327172,test,a32_33,no_static,2.6317163,3.306851,1.0,3,3,1.0,2,2,1.0
331005,test,a32_33,no_static,3.927106,4.197571,1.0,3,3,1.0,6,2,1.0
344178,test,a32_33,no_static,3.0205722,3.281228,1.0,3,3,1.0,2,2,1.0
461030,test,a32_33,no_static,3.3967724,3.5299022,1.0,3,3,1.0,2,2,1.0
486004,test,a32_33,no_static,3.1993961,3.690261,1.0,3,3,1.0,2,2,1.0
563183,test,a32_33,no_static,0.84296966,0.0008918604,1.0,2,3,1.0,2,2,1.0
577004,test,a32_33,no_static,2.5796282,2.5712075,1.0,3,3,1.0,2,2,1.0
607030,test,a32_33,no_static,3.439348,3.6452837,1.0,3,3,1.0,2,2,1.0
613173,test,a32_33,no_static,3.7071016,4.1078057,1.0,3,3,1.0,2,2,1.0
634008,test,a32_33,no_static,3.348431,3.3915641,1.0,3,2,1.0,4,4,1.0
652005,test,a32_33,no_static,2.8900368,3.5727725,1.0,3,3,1.0,2,2,1.0
672003,test,a32_33,no_static,0.7638774,3.0547795,1.0,2,3,1.0,2,2,1.0
691175,test,a32_33,no_static,3.6027064,0.0,1.0,3,3,1.0,2,2,1.0
699031,test,a32_33,no_static,1.7613492,3.1536906,1.0,3,2,1.0,6,6,1.0
722178,test,a32_33,no_static,0.8321142,0.5729554,1.0,2,3,1.0,2,2,1.0
771003,test,a32_33,no_static,2.8719733,3.360967,1.0,3,3,1.0,4,4,1.0
775005,test,a32_33,no_static,3.2133617,3.814005,1.0,3,3,1.0,6,2,1.0
796006,test,a32_33,no_static,3.2944126,3.19808,1.0,3,3,1.0,6,6,1.0
844003,test,a32_33,no_static,2.2910268,3.7556844,1.0,3,3,1.0,2,2,1.0
863006,test,a32_33,no_static,3.3278928,3.7389832,1.0,3,3,1.0,2,2,1.0
863173,test,a32_33,no_static,3.2703567,2.8179777,1.0,3,3,1.0,2,2,1.0
866172,test,a32_33,no_static,2.6873806,2.6271625,1.0,3,2,1.0,6,6,1.0
868005,test,a32_33,no_static,3.3696184,3.4759133,1.0,3,3,1.0,2,2,1.0
875030,test,a32_33,no_static,1.0197896,0.0,1.0,2,2,1.0,2,2,1.0
897006,test,a32_33,no_static,2.6522636,0.9259037,1.0,3,2,1.0,2,3,1.0
922171,test,a32_33,no_static,2.9294753,3.2271986,1.0,3,3,1.0,2,2,1.0
934030,test,a32_33,no_static,3.6269543,4.169727,1.0,3,3,1.0,2,2,1.0
935005,test,a32_33,no_static,1.899215,1.9715426,1.0,3,3,1.0,2,2,1.0
935176,test,a32_33,no_static,3.2817755,2.686293,1.0,3,3,1.0,2,2,1.0
939030,test,a32_33,no_static,3.6593637,4.2601495,1.0,3,3,1.0,6,2,1.0
964003,test,a32_33,no_static,1.0884687,0.48986647,1.0,2,2,1.0,6,6,1.0
970004,test,a32_33,no_static,3.4526622,3.9415355,1.0,3,3,1.0,2,2,1.0
982004,test,a32_33,no_static,2.8807817,3.577894,1.0,3,3,1.0,2,4,1.0
1033030,test,a32_33,no_static,3.1197884,3.3248508,1.0,3,3,1.0,2,4,1.0
1036003,test,a32_33,no_static,3.4698448,3.242958,1.0,3,3,1.0,4,2,1.0
1048006,test,a32_33,no_static,2.632361,2.5528998,1.0,3,3,1.0,2,2,1.0
1055172,test,a32_33,no_static,1.6679436,2.4084587,1.0,3,3,1.0,2,2,1.0
1060175,test,a32_33,no_static,3.1596885,3.5963154,1.0,3,3,1.0,2,2,1.0
1064171,test,a32_33,no_static,3.5345876,4.3601055,1.0,3,3,1.0,2,2,1.0
1072171,test,a32_33,no_static,3.2115366,3.6353216,1.0,3,3,1.0,2,2,1.0
1084175,test,a32_33,no_static,2.4247909,0.0,1.0,3,2,1.0,2,2,1.0
1100172,test,a32_33,no_static,2.9773977,3.3882806,1.0,3,3,1.0,2,2,1.0
1141171,test,a32_33,no_static,2.2605,1.0577683,1.0,3,3,1.0,4,4,1.0
1142030,test,a32_33,no_static,3.3650904,3.4778206,1.0,3,2,1.0,2,2,1.0
1144032,test,a32_33,no_static,3.3705206,3.9998453,1.0,3,3,1.0,2,2,1.0
1149171,test,a32_33,no_static,2.9162061,3.3627808,1.0,3,3,1.0,6,2,1.0
1162030,test,a32_33,no_static,2.9977865,3.2774415,1.0,3,3,1.0,2,2,1.0
1167030,test,a32_33,no_static,0.8274021,1.6452125,1.0,2,2,1.0,6,6,1.0
1168008,test,a32_33,no_static,1.8868191,3.6681044,1.0,3,3,1.0,3,3,1.0
1222179,test,a32_33,no_static,2.609192,2.62906,1.0,3,3,1.0,2,2,1.0
1260008,test,a32_33,no_static,2.8300345,3.0003862,1.0,3,3,1.0,2,2,1.0
1269030,test,a32_33,no_static,3.3552275,3.8594756,1.0,3,3,1.0,2,2,1.0
1292030,test,a32_33,no_static,3.1719053,3.3685656,1.0,3,3,1.0,4,2,1.0
1298005,test,a32_33,no_static,2.4512198,3.0073462,1.0,3,3,1.0,2,2,1.0
1306030,test,a32_33,no_static,4.155644,4.845492,1.0,3,3,1.0,2,2,1.0
1335179,test,a32_33,no_static,2.646571,3.2921014,1.0,3,3,1.0,2,2,1.0
1353030,test,a32_33,no_static,1.1115917,0.0,1.0,2,2,1.0,2,2,1.0
1384030,test,a32_33,no_static,2.9979475,3.4832323,1.0,3,3,1.0,2,2,1.0
1399008,test,a32_33,no_static,2.1580873,2.609165,1.0,3,2,1.0,2,4,1.0
1415004,test,a32_33,no_static,2.4602458,2.7626214,1.0,3,3,1.0,2,2,1.0
1430005,test,a32_33,no_static,1.8127327,3.35943,1.0,3,3,1.0,6,6,1.0
1431003,test,a32_33,no_static,3.706677,3.793413,1.0,3,3,1.0,2,2,1.0
1431004,test,a32_33,no_static,2.8065853,0.0,1.0,3,2,1.0,2,2,1.0
1431172,test,a32_33,no_static,3.730978,4.257112,1.0,3,3,1.0,2,2,1.0
1462004,test,a32_33,no_static,1.8929332,4.6827054,1.0,3,3,1.0,2,2,1.0
1520173,test,a32_33,no_static,3.1590507,3.8655198,1.0,3,3,1.0,2,2,1.0
1522175,test,a32_33,no_static,3.5201135,4.128193,1.0,3,3,1.0,2,2,1.0
1542006,test,a32_33,no_static,2.9915342,3.1334329,1.0,3,3,1.0,4,2,1.0
1542177,test,a32_33,no_static,3.4610236,3.5846753,1.0,3,3,1.0,2,2,1.0
1567031,test,a32_33,no_static,3.1070304,3.6204543,1.0,3,3,1.0,6,6,1.0
1608031,test,a32_33,no_static,2.7459211,3.9165187,1.0,3,3,1.0,2,2,1.0
1612003,test,a32_33,no_static,3.4955828,3.0623057,1.0,3,3,1.0,2,2,1.0
1621003,test,a32_33,no_static,1.8192691,2.9558797,1.0,3,3,1.0,2,2,1.0
1648003,test,a32_33,no_static,3.1101465,3.4529707,1.0,3,3,1.0,2,2,1.0
1648030,test,a32_33,no_static,2.8033864,2.149199,1.0,3,3,1.0,6,6,1.0
1670172,test,a32_33,no_static,2.7756195,2.9805765,1.0,3,3,1.0,2,2,1.0
1684170,test,a32_33,no_static,0.8211224,1.0173271,1.0,2,2,1.0,2,2,1.0
1690030,test,a32_33,no_static,3.4508595,4.7354703,1.0,3,3,1.0,2,3,1.0
1692176,test,a32_33,no_static,3.1713305,0.0,0.0,3,-1,0.0,2,-1,0.0
1695030,test,a32_33,no_static,2.854062,3.6850972,1.0,3,3,1.0,6,2,1.0
1697036,test,a32_33,no_static,3.2190795,1.4949695,1.0,3,3,1.0,6,2,1.0
1698170,test,a32_33,no_static,2.6801994,1.139272,1.0,3,2,1.0,2,2,1.0
1700031,test,a32_33,no_static,2.8977962,4.201887,1.0,3,3,1.0,4,4,1.0
1701003,test,a32_33,no_static,3.3567553,3.60501,1.0,3,3,1.0,6,6,1.0
1711003,test,a32_33,no_static,2.1226118,2.810277,1.0,3,3,1.0,2,2,1.0
1711171,test,a32_33,no_static,2.9233725,3.8577616,1.0,3,3,1.0,2,2,1.0
1732005,test,a32_33,no_static,2.801707,2.342187,1.0,3,3,1.0,6,2,1.0
1762187,test,a32_33,no_static,1.7955518,1.8211237,1.0,3,2,1.0,4,2,1.0
1786187,test,a32_33,no_static,2.8433585,3.1765072,1.0,3,3,1.0,2,2,1.0
1837006,test,a32_33,no_static,3.2318473,3.6559155,1.0,3,3,1.0,2,2,1.0
1850172,test,a32_33,no_static,1.8316834,2.5812435,1.0,3,3,1.0,2,2,1.0
1878030,test,a32_33,no_static,2.9059434,3.4057453,1.0,3,3,1.0,2,4,1.0
1879030,test,a32_33,no_static,2.9694207,4.3343844,1.0,3,3,1.0,2,3,1.0
1905004,test,a32_33,no_static,3.2980535,3.8433187,1.0,3,3,1.0,4,2,1.0
1919009,test,a32_33,no_static,3.389026,3.1504118,1.0,3,3,1.0,2,2,1.0
1935004,test,a32_33,no_static,2.8727403,0.0,1.0,3,2,1.0,2,2,1.0
1936030,test,a32_33,no_static,2.3157697,0.0,1.0,3,2,1.0,2,2,1.0
1978171,test,a32_33,no_static,2.6549954,1.6958811,1.0,3,3,1.0,2,2,1.0
2030031,test,a32_33,no_static,2.798635,3.6641996,1.0,3,3,1.0,6,2,1.0
2117003,test,a32_33,no_static,3.0706043,2.5893922,1.0,3,2,1.0,2,2,1.0
2150172,test,a32_33,no_static,1.6961522,1.3598045,1.0,3,3,1.0,2,2,1.0
2199182,test,a32_33,no_static,2.3013375,3.9495156,1.0,3,3,1.0,2,2,1.0
2206030,test,a32_33,no_static,3.3848543,4.886779,1.0,3,3,1.0,4,2,1.0
2212031,test,a32_33,no_static,4.0612397,4.483134,1.0,3,3,1.0,6,2,1.0
2238004,test,a32_33,no_static,3.0491536,3.472241,1.0,3,3,1.0,2,2,1.0
2238172,test,a32_33,no_static,3.260831,3.5254576,1.0,3,3,1.0,2,2,1.0
2252172,test,a32_33,no_static,2.6123302,2.3470397,1.0,3,3,1.0,2,2,1.0
2255030,test,a32_33,no_static,4.2152314,4.876434,1.0,3,3,1.0,2,2,1.0
2277008,test,a32_33,no_static,2.6780157,2.5990877,1.0,3,3,1.0,2,2,1.0
2311172,test,a32_33,no_static,1.9590889,1.0779065,1.0,3,2,1.0,2,2,1.0
2330003,test,a32_33,no_static,3.583129,4.301492,1.0,3,3,1.0,6,6,1.0
2338003,test,a32_33,no_static,3.2005632,4.023426,1.0,3,3,1.0,6,6,1.0
2341004,test,a32_33,no_static,2.712585,3.4735646,1.0,3,3,1.0,2,2,1.0
2341005,test,a32_33,no_static,2.5167449,0.8661617,1.0,3,3,1.0,2,2,1.0
2354004,test,a32_33,no_static,1.7963088,2.448841,1.0,3,3,1.0,2,2,1.0
2392004,test,a32_33,no_static,2.2574577,2.7262917,1.0,3,3,1.0,2,2,1.0
2393005,test,a32_33,no_static,3.8441277,4.0622745,1.0,3,3,1.0,2,3,1.0
2393171,test,a32_33,no_static,2.334164,1.606789,1.0,3,3,1.0,2,2,1.0
2409006,test,a32_33,no_static,2.2690175,0.0,0.0,3,-1,0.0,2,-1,0.0
2409171,test,a32_33,no_static,2.9821913,0.0,0.0,3,-1,0.0,2,-1,0.0
2422178,test,a32_33,no_static,3.2111936,3.2781074,1.0,3,3,1.0,2,2,1.0
2459030,test,a32_33,no_static,2.9975674,3.753117,1.0,3,3,1.0,2,4,1.0
2474030,test,a32_33,no_static,3.141768,4.23237,1.0,3,3,1.0,2,2,1.0
2474171,test,a32_33,no_static,2.1611614,1.367364,1.0,3,3,1.0,2,2,1.0
2485173,test,a32_33,no_static,2.9135497,1.1069015,1.0,3,3,1.0,4,4,1.0
2496172,test,a32_33,no_static,1.9180486,3.6005192,1.0,3,3,1.0,4,2,1.0
2502005,test,a32_33,no_static,2.8586326,2.9134128,1.0,3,3,1.0,2,2,1.0
2510171,test,a32_33,no_static,3.2239256,3.5230017,1.0,3,3,1.0,2,2,1.0
2525174,test,a32_33,no_static,3.2287993,3.8745465,1.0,3,3,1.0,2,2,1.0
2530184,test,a32_33,no_static,2.819058,2.973692,1.0,3,3,1.0,2,2,1.0
2547171,test,a32_33,no_static,3.6014848,4.052104,1.0,3,3,1.0,2,2,1.0
2580030,test,a32_33,no_static,4.110183,4.886779,1.0,3,3,1.0,2,2,1.0
2593171,test,a32_33,no_static,3.6732755,4.246229,1.0,3,3,1.0,2,2,1.0
2615031,test,a32_33,no_static,3.2903419,3.44694,1.0,3,3,1.0,2,2,1.0
2642030,test,a32_33,no_static,2.6366515,2.8015413,1.0,3,3,1.0,2,2,1.0
2655002,test,a32_33,no_static,1.0187967,0.0,1.0,2,2,1.0,2,2,1.0
2705031,test,a32_33,no_static,3.4200451,3.306851,1.0,3,3,1.0,2,4,1.0
2707179,test,a32_33,no_static,2.6723273,2.8268414,1.0,3,3,1.0,2,2,1.0
2714031,test,a32_33,no_static,3.1604304,0.0,0.0,3,3,1.0,2,2,1.0
2717004,test,a32_33,no_static,3.4436028,3.742696,1.0,3,3,1.0,2,2,1.0
2738171,test,a32_33,no_static,3.4606934,4.886779,1.0,3,3,1.0,2,2,1.0
2794003,test,a32_33,no_static,3.3626325,3.8923466,1.0,3,2,1.0,6,2,1.0
2845030,test,a32_33,no_static,2.6019607,3.2903967,1.0,3,3,1.0,6,4,1.0
2847030,test,a32_33,no_static,3.0708313,3.456708,1.0,3,3,1.0,4,6,1.0
2848174,test,a32_33,no_static,1.8856258,1.0409111,1.0,3,2,1.0,6,6,1.0
2852006,test,a32_33,no_static,0.94400287,2.1415117,1.0,2,3,1.0,2,2,1.0
2852030,test,a32_33,no_static,3.0599773,2.0998244,1.0,3,3,1.0,2,2,1.0
2869170,test,a32_33,no_static,2.9792511,3.6555576,1.0,3,3,1.0,2,2,1.0
2897006,test,a32_33,no_static,2.8324618,2.8197732,1.0,3,3,1.0,6,6,1.0
2900171,test,a32_33,no_static,3.4731305,3.8746612,1.0,3,3,1.0,2,2,1.0
2907006,test,a32_33,no_static,2.649493,2.623763,1.0,3,3,1.0,2,2,1.0
2920030,test,a32_33,no_static,3.282301,3.4575856,1.0,3,3,1.0,6,2,1.0
3107001,test,a32_33,no_static,3.0400026,3.231012,1.0,3,3,1.0,2,2,1.0
3137007,test,a32_33,no_static,2.5110343,2.48373,1.0,3,3,1.0,6,6,1.0
3283002,test,a32_33,no_static,3.6693802,4.0583324,1.0,3,3,1.0,2,6,1.0
3492001,test,a32_33,no_static,3.3828995,4.1102557,1.0,3,3,1.0,6,6,1.0
5016170,test,a32_33,no_static,2.8929095,2.6426997,1.0,3,3,1.0,4,4,1.0
5082003,test,a32_33,no_static,3.5471292,3.5662766,1.0,3,3,1.0,6,2,1.0
5145032,test,a32_33,no_static,3.244296,3.616172,1.0,3,3,1.0,6,6,1.0
5163030,test,a32_33,no_static,2.9346228,2.769646,1.0,3,3,1.0,2,3,1.0
5177171,test,a32_33,no_static,1.6034858,0.41334957,1.0,3,3,1.0,6,6,1.0
5199178,test,a32_33,no_static,2.9422708,3.096526,1.0,3,3,1.0,2,2,1.0
5241030,test,a32_33,no_static,2.9154975,3.5277414,1.0,3,3,1.0,6,6,1.0
5264004,test,a32_33,no_static,3.3226216,3.264431,1.0,3,3,1.0,2,2,1.0
5294003,test,a32_33,no_static,3.485806,3.6584685,1.0,3,3,1.0,2,2,1.0
5299172,test,a32_33,no_static,2.6718078,2.760259,1.0,3,3,1.0,2,2,1.0
5306002,test,a32_33,no_static,2.7348468,0.919919,1.0,3,2,1.0,6,6,1.0
5350030,test,a32_33,no_static,2.3937392,2.5756848,1.0,3,3,1.0,4,6,1.0
5364006,test,a32_33,no_static,3.3049328,0.0,0.0,3,-1,0.0,6,-1,0.0
5366033,test,a32_33,no_static,2.9614654,3.3051815,1.0,3,3,1.0,6,6,1.0
5406173,test,a32_33,no_static,2.9129465,3.5137413,1.0,3,3,1.0,2,3,1.0
5424030,test,a32_33,no_static,1.6191318,2.0490751,1.0,3,3,1.0,6,6,1.0
5425003,test,a32_33,no_static,1.4618205,0.72459835,1.0,3,2,1.0,2,2,1.0
5430031,test,a32_33,no_static,1.7467215,0.0,1.0,3,2,1.0,6,6,1.0
5430171,test,a32_33,no_static,2.6236584,2.512427,1.0,3,3,1.0,6,6,1.0
5443007,test,a32_33,no_static,1.6951075,2.1780865,1.0,3,3,1.0,2,2,1.0
5464032,test,a32_33,no_static,2.5918405,2.7760577,1.0,3,3,1.0,3,2,1.0
5488007,test,a32_33,no_static,2.6542852,2.1782289,1.0,3,3,1.0,2,2,1.0
5494005,test,a32_33,no_static,2.471575,0.63777095,1.0,3,3,1.0,6,6,1.0
5513030,test,a32_33,no_static,3.0266,2.4798064,1.0,3,3,1.0,6,6,1.0
5549006,test,a32_33,no_static,2.5772672,2.637893,1.0,3,3,1.0,2,3,1.0
5553173,test,a32_33,no_static,3.4632244,3.935453,1.0,3,3,1.0,2,2,1.0
5560186,test,a32_33,no_static,3.1551273,3.2524583,1.0,3,3,1.0,2,2,1.0
5569009,test,a32_33,no_static,2.7810647,2.2377331,1.0,3,3,1.0,2,2,1.0
5570010,test,a32_33,no_static,2.985695,3.5858245,1.0,3,3,1.0,4,4,1.0
5570012,test,a32_33,no_static,2.7756195,2.6474972,1.0,3,3,1.0,2,6,1.0
5570033,test,a32_33,no_static,3.237999,3.3018157,1.0,3,3,1.0,2,2,1.0
5576031,test,a32_33,no_static,2.4090962,2.9333522,1.0,3,3,1.0,4,2,1.0
5614005,test,a32_33,no_static,2.531068,2.8111508,1.0,3,3,1.0,3,3,1.0
5615010,test,a32_33,no_static,3.1400468,3.3717976,1.0,3,3,1.0,6,2,1.0
5615181,test,a32_33,no_static,3.1030476,3.4054897,1.0,3,3,1.0,2,2,1.0
5621170,test,a32_33,no_static,2.7875102,3.0953097,1.0,3,3,1.0,2,2,1.0
5626010,test,a32_33,no_static,2.994663,3.139954,1.0,3,3,1.0,2,2,1.0
5634188,test,a32_33,no_static,3.1289072,3.7881985,1.0,3,3,1.0,2,5,1.0
5635031,test,a32_33,no_static,2.6130803,2.7840075,1.0,3,3,1.0,2,2,1.0
5646006,test,a32_33,no_static,0.91271865,0.77602905,1.0,2,2,1.0,6,6,1.0
5660005,test,a32_33,no_static,3.0259047,3.4027286,1.0,3,3,1.0,4,2,1.0
5664003,test,a32_33,no_static,1.0236216,1.7976818,1.0,2,3,1.0,6,6,1.0
5676007,test,a32_33,no_static,2.927412,3.7587788,1.0,3,3,1.0,2,4,1.0
5678030,test,a32_33,no_static,2.3092344,2.4192536,1.0,3,2,1.0,6,6,1.0
5684034,test,a32_33,no_static,3.725846,1.4764752,1.0,3,3,1.0,2,2,1.0
5784005,test,a32_33,no_static,0.894632,0.0,1.0,2,2,1.0,6,6,1.0
5819005,test,a32_33,no_static,1.2584517,1.068429,1.0,2,2,1.0,6,6,1.0
5821008,test,a32_33,no_static,2.7756195,2.9484503,1.0,3,3,1.0,2,2,1.0
5863033,test,a32_33,no_static,0.8752955,2.2928271,1.0,2,3,1.0,6,6,1.0
5921003,test,a32_33,no_static,2.6069567,3.0847182,1.0,3,3,1.0,6,6,1.0
5922010,test,a32_33,no_static,2.8592918,2.9869597,1.0,3,3,1.0,6,6,1.0
5938031,test,a32_33,no_static,2.5361946,0.0,1.0,3,2,1.0,6,6,1.0
5960033,test,a32_33,no_static,2.41589,2.8474362,1.0,3,3,1.0,6,3,1.0
5995005,test,a32_33,no_static,1.2487975,0.21103315,1.0,2,2,1.0,6,6,1.0
6028032,test,a32_33,no_static,2.1378899,2.8268414,1.0,3,3,1.0,6,6,1.0
6030005,test,a32_33,no_static,3.4701014,3.4111378,1.0,3,3,1.0,6,6,1.0
6030008,test,a32_33,no_static,3.1599064,3.602513,1.0,3,3,1.0,6,6,1.0
6093006,test,a32_33,no_static,0.7676468,1.3977581,1.0,2,2,1.0,6,6,1.0
6093011,test,a32_33,no_static,2.019225,2.5990877,1.0,3,3,1.0,6,6,1.0
6114182,test,a32_33,no_static,2.6095066,2.8005123,1.0,3,3,1.0,3,3,1.0
6120195,test,a32_33,no_static,1.1912123,0.0,1.0,2,2,1.0,2,2,1.0
6121030,test,a32_33,no_static,3.0951347,3.6708767,1.0,3,3,1.0,6,6,1.0
6179003,test,a32_33,no_static,3.26548,3.426249,1.0,3,3,1.0,2,2,1.0
6179170,test,a32_33,no_static,0.86224854,0.2411282,1.0,2,2,1.0,2,2,1.0
6191006,test,a32_33,no_static,2.8391666,3.4436505,1.0,3,3,1.0,3,2,1.0
6200175,test,a32_33,no_static,3.3527362,2.5210872,1.0,3,3,1.0,2,2,1.0
6210007,test,a32_33,no_static,3.5534918,0.0,0.0,3,-1,0.0,6,-1,0.0
6210008,test,a32_33,no_static,2.4733229,1.382737,1.0,3,2,1.0,6,6,1.0
6350007,test,a32_33,no_static,2.7263985,1.2189263,1.0,3,2,1.0,6,6,1.0
6365010,test,a32_33,no_static,0.7900393,2.0176098,1.0,2,3,1.0,6,6,1.0
6365011,test,a32_33,no_static,1.9843292,2.6077433,1.0,3,3,1.0,2,2,1.0
6365177,test,a32_33,no_static,2.2063627,2.7674904,1.0,3,3,1.0,2,2,1.0
6381008,test,a32_33,no_static,2.42635,0.0,0.0,3,-1,0.0,2,-1,0.0
6444003,test,a32_33,no_static,2.2293024,3.1936855,1.0,3,3,1.0,2,2,1.0
6475006,test,a32_33,no_static,0.85916877,1.2301495,1.0,2,3,1.0,6,6,1.0
6475007,test,a32_33,no_static,0.76295483,1.8487327,1.0,2,2,1.0,6,6,1.0
6509004,test,a32_33,no_static,2.8274913,3.8708656,1.0,3,3,1.0,6,6,1.0
6545008,test,a32_33,no_static,3.562325,4.3289056,1.0,3,3,1.0,6,6,1.0
6571003,test,a32_33,no_static,2.8195288,3.5926886,1.0,3,3,1.0,6,6,1.0
6635009,test,a32_33,no_static,0.83086586,0.0,1.0,2,2,1.0,6,4,1.0
6663030,test,a32_33,no_static,3.4700716,3.800088,1.0,3,3,1.0,6,6,1.0
6674003,test,a32_33,no_static,3.3393786,3.4202895,1.0,3,3,1.0,4,2,1.0
6674005,test,a32_33,no_static,3.3881814,3.4833505,1.0,3,3,1.0,4,2,1.0
6736181,test,a32_33,no_static,2.3400617,0.0,0.0,3,-1,0.0,2,-1,0.0
6740003,test,a32_33,no_static,2.4404056,2.884239,1.0,3,3,1.0,2,2,1.0
6769008,test,a32_33,no_static,2.5032794,0.8178876,1.0,3,3,1.0,4,3,1.0
6779033,test,a32_33,no_static,1.2502424,1.8801916,1.0,2,2,1.0,6,6,1.0
6030,test,a34_35,no_static,3.6176274,3.5367897,1.0,3,3,1.0,2,2,1.0
10030,test,a34_35,no_static,3.816711,4.673836,1.0,3,3,1.0,6,2,1.0
41008,test,a34_35,no_static,2.7982178,0.0,1.0,3,2,1.0,2,2,1.0
68003,test,a34_35,no_static,3.2176301,3.2616544,1.0,3,3,1.0,2,2,1.0
127030,test,a34_35,no_static,3.3903587,3.1696036,1.0,3,3,1.0,6,2,1.0
127031,test,a34_35,no_static,3.6005445,4.0902915,1.0,3,3,1.0,6,2,1.0
129031,test,a34_35,no_static,1.2805833,1.0162153,1.0,2,3,1.0,6,2,1.0
129196,test,a34_35,no_static,2.324278,3.4254856,1.0,3,3,1.0,2,2,1.0
165030,test,a34_35,no_static,3.2486076,3.7463372,1.0,3,3,1.0,6,2,1.0
284004,test,a34_35,no_static,3.7984471,4.32185,1.0,3,3,1.0,2,2,1.0
301032,test,a34_35,no_static,3.728314,3.9348762,1.0,3,3,1.0,6,6,1.0
327003,test,a34_35,no_static,3.1935985,3.8840168,1.0,3,3,1.0,2,2,1.0
327171,test,a34_35,no_static,3.5201516,0.0,1.0,3,2,1.0,2,2,1.0
327172,test,a34_35,no_static,2.65924,3.5017936,1.0,3,3,1.0,2,2,1.0
331005,test,a34_35,no_static,3.8784957,4.082121,1.0,3,2,1.0,6,2,1.0
344178,test,a34_35,no_static,3.0310917,3.2559896,1.0,3,3,1.0,2,2,1.0
461030,test,a34_35,no_static,3.3752673,3.3020296,1.0,3,3,1.0,2,2,1.0
486004,test,a34_35,no_static,3.1890774,3.745459,1.0,3,3,1.0,2,2,1.0
563183,test,a34_35,no_static,1.0709805,3.2996137,1.0,2,3,1.0,2,2,1.0
577004,test,a34_35,no_static,2.6238637,2.9370773,1.0,3,3,1.0,2,2,1.0
607030,test,a34_35,no_static,3.4341414,3.7506254,1.0,3,3,1.0,2,2,1.0
613173,test,a34_35,no_static,3.6601498,4.4183064,1.0,3,3,1.0,2,2,1.0
634008,test,a34_35,no_static,3.3385096,3.5026178,1.0,3,3,1.0,4,6,1.0
652005,test,a34_35,no_static,2.9055324,3.2600136,1.0,3,3,1.0,2,2,1.0
672003,test,a34_35,no_static,0.98028564,3.0886452,1.0,2,3,1.0,2,2,1.0
691175,test,a34_35,no_static,3.5504274,2.0974402,1.0,3,3,1.0,2,2,1.0
699031,test,a34_35,no_static,1.8818915,3.2485132,1.0,3,3,1.0,6,6,1.0
722178,test,a34_35,no_static,1.0345601,0.90117526,1.0,2,2,1.0,2,2,1.0
771003,test,a34_35,no_static,2.8796926,3.0115244,1.0,3,3,1.0,4,2,1.0
775005,test,a34_35,no_static,3.1621609,3.5560908,1.0,3,3,1.0,6,2,1.0
796006,test,a34_35,no_static,3.2993321,2.8919485,1.0,3,3,1.0,6,6,1.0
844003,test,a34_35,no_static,2.385201,3.629688,1.0,3,3,1.0,2,2,1.0
863006,test,a34_35,no_static,3.289418,3.2548606,1.0,3,2,1.0,2,2,1.0
863173,test,a34_35,no_static,3.2496202,3.5450659,1.0,3,3,1.0,2,2,1.0
866172,test,a34_35,no_static,2.6869411,2.3603847,1.0,3,3,1.0,6,6,1.0
868005,test,a34_35,no_static,3.36206,3.578231,1.0,3,3,1.0,2,2,1.0
875030,test,a34_35,no_static,1.2379048,0.0,1.0,2,2,1.0,2,2,1.0
897006,test,a34_35,no_static,2.698301,2.946233,1.0,3,3,1.0,2,4,1.0
922171,test,a34_35,no_static,2.9461498,3.7955704,1.0,3,3,1.0,2,2,1.0
934030,test,a34_35,no_static,3.5843596,4.2341943,1.0,3,3,1.0,2,2,1.0
935005,test,a34_35,no_static,2.136637,2.2448769,1.0,3,3,1.0,2,2,1.0
935176,test,a34_35,no_static,3.2624106,3.2378259,1.0,3,3,1.0,2,2,1.0
939030,test,a34_35,no_static,3.6165752,0.08555014,1.0,3,2,1.0,6,2,1.0
964003,test,a34_35,no_static,1.233347,0.82413214,1.0,2,2,1.0,6,6,1.0
970004,test,a34_35,no_static,3.4319253,3.9748664,1.0,3,3,1.0,2,2,1.0
982004,test,a34_35,no_static,2.9075541,3.7351284,1.0,3,3,1.0,2,4,1.0
1033030,test,a34_35,no_static,3.1036525,3.3329153,1.0,3,3,1.0,2,2,1.0
1036003,test,a34_35,no_static,3.4561505,3.2967014,1.0,3,3,1.0,4,2,1.0
1048006,test,a34_35,no_static,2.648532,0.0,1.0,3,2,1.0,2,2,1.0
1055172,test,a34_35,no_static,1.8301744,3.521578,1.0,3,3,1.0,2,4,1.0
1060175,test,a34_35,no_static,3.149706,3.1174548,1.0,3,3,1.0,2,2,1.0
1064171,test,a34_35,no_static,3.4964442,0.0,1.0,3,3,1.0,2,2,1.0
1072171,test,a34_35,no_static,3.1933107,3.370511,1.0,3,3,1.0,2,2,1.0
1084175,test,a34_35,no_static,2.4848764,0.0,1.0,3,2,1.0,2,2,1.0
1100172,test,a34_35,no_static,3.0072794,3.6426375,1.0,3,3,1.0,2,2,1.0
1141171,test,a34_35,no_static,2.3298917,1.1201222,1.0,3,2,1.0,4,4,1.0
1142030,test,a34_35,no_static,3.3668008,3.153995,1.0,3,2,1.0,2,2,1.0
1144032,test,a34_35,no_static,3.366146,3.9447289,1.0,3,3,1.0,2,2,1.0
1149171,test,a34_35,no_static,2.8851147,3.6550784,1.0,3,3,1.0,6,2,1.0
1162030,test,a34_35,no_static,2.9929404,3.4707472,1.0,3,3,1.0,2,4,1.0
1167030,test,a34_35,no_static,0.99447393,1.1457466,1.0,2,2,1.0,6,6,1.0
1168008,test,a34_35,no_static,2.1193194,3.1447468,1.0,3,3,1.0,4,3,1.0
1222179,test,a34_35,no_static,2.6377513,2.810277,1.0,3,3,1.0,2,2,1.0
1260008,test,a34_35,no_static,2.8364322,2.9488564,1.0,3,3,1.0,2,2,1.0
1269030,test,a34_35,no_static,3.3461897,4.2420487,1.0,3,3,1.0,2,4,1.0
1292030,test,a34_35,no_static,3.1690817,3.1872697,1.0,3,3,1.0,4,3,1.0
1298005,test,a34_35,no_static,2.505989,3.1977408,1.0,3,3,1.0,2,2,1.0
1306030,test,a34_35,no_static,4.106194,4.8005466,1.0,3,3,1.0,2,2,1.0
1335179,test,a34_35,no_static,2.6840882,3.3347914,1.0,3,3,1.0,2,2,1.0
1353030,test,a34_35,no_static,1.3922521,0.0,1.0,3,2,1.0,2,2,1.0
1384030,test,a34_35,no_static,2.977777,3.59953,1.0,3,3,1.0,2,2,1.0
1399008,test,a34_35,no_static,2.2166333,2.624538,1.0,3,3,1.0,2,4,1.0
1415004,test,a34_35,no_static,2.504733,2.663206,1.0,3,3,1.0,2,2,1.0
1430005,test,a34_35,no_static,1.8959339,2.0200462,1.0,3,3,1.0,6,6,1.0
1431003,test,a34_35,no_static,3.6663826,3.7301474,1.0,3,3,1.0,2,2,1.0
1431004,test,a34_35,no_static,2.834621,0.0,1.0,3,2,1.0,2,2,1.0
1431172,test,a34_35,no_static,3.687263,4.886779,1.0,3,2,1.0,2,2,1.0
1462004,test,a34_35,no_static,1.9676293,3.378522,1.0,3,3,1.0,2,2,1.0
1520173,test,a34_35,no_static,3.1483634,3.9266827,1.0,3,3,1.0,2,2,1.0
1522175,test,a34_35,no_static,3.4856133,4.5377207,1.0,3,3,1.0,2,2,1.0
1542006,test,a34_35,no_static,3.005991,3.5747643,1.0,3,3,1.0,4,2,1.0
1542177,test,a34_35,no_static,3.427791,3.8778384,1.0,3,3,1.0,2,2,1.0
1567031,test,a34_35,no_static,3.0685425,3.6260033,1.0,3,3,1.0,6,6,1.0
1608031,test,a34_35,no_static,2.816021,3.8359485,1.0,3,3,1.0,2,3,1.0
1612003,test,a34_35,no_static,3.4703312,3.2975547,1.0,3,3,1.0,2,2,1.0
1621003,test,a34_35,no_static,1.9922967,3.2045677,1.0,3,3,1.0,2,2,1.0
1648003,test,a34_35,no_static,3.0977073,3.0027869,1.0,3,3,1.0,2,2,1.0
1648030,test,a34_35,no_static,2.8156788,2.0603547,1.0,3,3,1.0,6,6,1.0
1670172,test,a34_35,no_static,2.7982178,3.0779936,1.0,3,3,1.0,2,2,1.0
1684170,test,a34_35,no_static,0.98515165,0.0,1.0,2,3,1.0,2,2,1.0
1690030,test,a34_35,no_static,3.4193356,4.0259957,1.0,3,3,1.0,2,4,1.0
1692176,test,a34_35,no_static,3.1707342,0.0,0.0,3,-1,0.0,2,-1,0.0
1695030,test,a34_35,no_static,2.851916,3.2234797,1.0,3,3,1.0,6,2,1.0
1697036,test,a34_35,no_static,3.1706555,3.0575554,1.0,3,3,1.0,6,2,1.0
1698170,test,a34_35,no_static,2.6935637,2.4663796,1.0,3,3,1.0,2,2,1.0
1700031,test,a34_35,no_static,2.9180338,2.600042,1.0,3,2,1.0,2,4,1.0
1701003,test,a34_35,no_static,3.3329747,3.7449346,1.0,3,3,1.0,6,6,1.0
1711003,test,a34_35,no_static,2.2057717,2.4021344,1.0,3,3,1.0,2,2,1.0
1711171,test,a34_35,no_static,2.9468114,0.0,0.0,3,-1,0.0,2,-1,0.0
1732005,test,a34_35,no_static,2.8144438,2.4728203,1.0,3,2,1.0,6,4,1.0
1762187,test,a34_35,no_static,1.8768137,0.0,1.0,3,2,1.0,4,2,1.0
1786187,test,a34_35,no_static,2.8740044,3.3312128,1.0,3,3,1.0,2,2,1.0
1837006,test,a34_35,no_static,3.2418547,3.3800976,1.0,3,3,1.0,2,2,1.0
1850172,test,a34_35,no_static,1.9575405,3.1974778,1.0,3,3,1.0,2,2,1.0
1878030,test,a34_35,no_static,2.8916268,3.8423843,1.0,3,3,1.0,2,4,1.0
1879030,test,a34_35,no_static,2.9838586,3.960946,1.0,3,3,1.0,2,4,1.0
1905004,test,a34_35,no_static,3.2799804,3.6536653,1.0,3,3,1.0,2,2,1.0
1919009,test,a34_35,no_static,3.36947,0.0,1.0,3,2,1.0,2,2,1.0
1935004,test,a34_35,no_static,2.8952026,2.810277,1.0,3,3,1.0,2,2,1.0
1936030,test,a34_35,no_static,2.378143,0.0,1.0,3,2,1.0,2,2,1.0
1978171,test,a34_35,no_static,2.6895876,2.3303957,1.0,3,3,1.0,2,2,1.0
2030031,test,a34_35,no_static,2.7795372,3.929022,1.0,3,3,1.0,6,2,1.0
2117003,test,a34_35,no_static,3.063991,0.0,1.0,3,3,1.0,2,2,1.0
2150172,test,a34_35,no_static,1.858144,1.9371668,1.0,3,3,1.0,2,2,1.0
2199182,test,a34_35,no_static,2.3781426,4.0530524,1.0,3,3,1.0,2,2,1.0
2206030,test,a34_35,no_static,3.3823607,3.4664924,1.0,3,3,1.0,4,2,1.0
2212031,test,a34_35,no_static,4.003817,4.7276397,1.0,3,3,1.0,6,2,1.0
2238004,test,a34_35,no_static,3.0441012,3.4629118,1.0,3,3,1.0,2,2,1.0
2238172,test,a34_35,no_static,3.2372923,0.0,0.0,3,-1,0.0,2,-1,0.0
2252172,test,a34_35,no_static,2.6390612,2.8005908,1.0,3,3,1.0,2,2,1.0
2255030,test,a34_35,no_static,4.153556,4.8156514,1.0,3,3,1.0,2,2,1.0
2277008,test,a34_35,no_static,2.7093678,2.5626314,1.0,3,3,1.0,2,2,1.0
2311172,test,a34_35,no_static,2.0128558,1.5610666,1.0,3,2,1.0,2,2,1.0
2330003,test,a34_35,no_static,3.5129342,4.2113166,1.0,3,3,1.0,6,2,1.0
2338003,test,a34_35,no_static,3.1590307,4.046953,1.0,3,3,1.0,6,6,1.0
2341004,test,a34_35,no_static,2.7457788,3.563381,1.0,3,2,1.0,2,4,1.0
2341005,test,a34_35,no_static,2.624184,0.0,1.0,3,3,1.0,2,2,1.0
2354004,test,a34_35,no_static,1.9012836,2.3899386,1.0,3,3,1.0,2,2,1.0
2392004,test,a34_35,no_static,2.3463516,2.9586284,1.0,3,3,1.0,2,2,1.0
2393005,test,a34_35,no_static,3.7949424,3.8332024,1.0,3,3,1.0,2,2,1.0
2393171,test,a34_35,no_static,2.4049711,3.5780287,1.0,3,3,1.0,2,2,1.0
2409006,test,a34_35,no_static,2.331134,2.7969706,1.0,3,3,1.0,2,2,1.0
2409171,test,a34_35,no_static,2.9770854,2.0512705,1.0,3,2,1.0,2,2,1.0
2422178,test,a34_35,no_static,3.1934516,3.4795048,1.0,3,3,1.0,2,2,1.0
2459030,test,a34_35,no_static,2.9872377,3.9479196,1.0,3,3,1.0,2,4,1.0
2474030,test,a34_35,no_static,3.142225,3.3850226,1.0,3,3,1.0,2,2,1.0
2474171,test,a34_35,no_static,2.2531672,1.4149004,1.0,3,3,1.0,2,2,1.0
2485173,test,a34_35,no_static,2.911008,2.4313986,1.0,3,3,1.0,4,6,1.0
2496172,test,a34_35,no_static,2.0019815,3.916388,1.0,3,3,1.0,4,4,1.0
2502005,test,a34_35,no_static,2.8683279,3.1504118,1.0,3,3,1.0,2,2,1.0
2510171,test,a34_35,no_static,3.2112968,3.625488,1.0,3,3,1.0,2,2,1.0
2525174,test,a34_35,no_static,3.2183032,1.6816704,1.0,3,2,1.0,2,2,1.0
2530184,test,a34_35,no_static,2.8278165,2.9591303,1.0,3,2,1.0,2,2,1.0
2547171,test,a34_35,no_static,3.5690799,4.05604,1.0,3,3,1.0,2,2,1.0
2580030,test,a34_35,no_static,4.0577507,4.7499347,1.0,3,3,1.0,2,2,1.0
2593171,test,a34_35,no_static,3.6287758,4.30575,1.0,3,3,1.0,2,2,1.0
2615031,test,a34_35,no_static,3.2862484,3.5979483,1.0,3,3,1.0,2,2,1.0
2642030,test,a34_35,no_static,2.6572301,2.8383443,1.0,3,3,1.0,2,2,1.0
2655002,test,a34_35,no_static,1.2282593,0.0,1.0,3,2,1.0,2,2,1.0
2705031,test,a34_35,no_static,3.3979,3.8038778,1.0,3,3,1.0,2,4,1.0
2707179,test,a34_35,no_static,2.7175665,2.844158,1.0,3,3,1.0,2,2,1.0
2714031,test,a34_35,no_static,3.1553588,3.611134,1.0,3,3,1.0,2,2,1.0
2717004,test,a34_35,no_static,3.4114575,3.3915641,1.0,3,3,1.0,2,2,1.0
2738171,test,a34_35,no_static,3.4274814,4.886779,1.0,3,3,1.0,2,2,1.0
2794003,test,a34_35,no_static,3.306098,3.7379057,1.0,3,3,1.0,6,2,1.0
2845030,test,a34_35,no_static,2.561604,3.4714644,1.0,3,2,1.0,6,2,1.0
2847030,test,a34_35,no_static,3.1088965,3.611134,1.0,3,3,1.0,4,6,1.0
2848174,test,a34_35,no_static,1.9661188,0.0,1.0,3,2,1.0,6,6,1.0
2852006,test,a34_35,no_static,1.1821324,2.784962,1.0,2,3,1.0,2,2,1.0
2852030,test,a34_35,no_static,3.0657535,2.1877906,1.0,3,3,1.0,2,2,1.0
2869170,test,a34_35,no_static,2.990224,3.8547711,1.0,3,3,1.0,2,2,1.0
2897006,test,a34_35,no_static,2.8019497,3.2996137,1.0,3,3,1.0,6,6,1.0
2900171,test,a34_35,no_static,3.4391499,3.6154544,1.0,3,3,1.0,2,2,1.0
2907006,test,a34_35,no_static,2.6730554,2.5451865,1.0,3,3,1.0,2,2,1.0
2920030,test,a34_35,no_static,3.3127794,3.68331,1.0,3,2,1.0,6,3,1.0
3107001,test,a34_35,no_static,3.032484,3.5433505,1.0,3,3,1.0,2,2,1.0
3137007,test,a34_35,no_static,2.5214067,2.4969764,1.0,3,3,1.0,6,6,1.0
3283002,test,a34_35,no_static,3.6303911,4.138284,1.0,3,2,1.0,2,6,1.0
3492001,test,a34_35,no_static,3.3296204,3.8507123,1.0,3,3,1.0,6,2,1.0
5016170,test,a34_35,no_static,2.9141784,2.4672387,1.0,3,3,1.0,2,4,1.0
5082003,test,a34_35,no_static,3.530589,3.6362765,1.0,3,3,1.0,6,2,1.0
5145032,test,a34_35,no_static,3.2027476,3.4762192,1.0,3,3,1.0,6,6,1.0
5163030,test,a34_35,no_static,2.9515066,2.9795868,1.0,3,3,1.0,2,3,1.0
5177171,test,a34_35,no_static,1.7240666,1.3270341,1.0,3,3,1.0,6,6,1.0
5199178,test,a34_35,no_static,2.9451008,2.888504,1.0,3,3,1.0,2,2,1.0
5241030,test,a34_35,no_static,2.88019,3.3329153,1.0,3,3,1.0,6,6,1.0
5264004,test,a34_35,no_static,3.30558,3.36784,1.0,3,3,1.0,2,2,1.0
5294003,test,a34_35,no_static,3.445739,3.537279,1.0,3,3,1.0,2,2,1.0
5299172,test,a34_35,no_static,2.7141838,2.8502738,1.0,3,3,1.0,2,2,1.0
5306002,test,a34_35,no_static,2.7346034,0.45013475,1.0,3,2,1.0,2,6,1.0
5350030,test,a34_35,no_static,2.426264,3.0497952,1.0,3,3,1.0,4,6,1.0
5364006,test,a34_35,no_static,3.2671752,3.475767,1.0,3,3,1.0,6,6,1.0
5366033,test,a34_35,no_static,2.945682,3.5589597,1.0,3,3,1.0,6,6,1.0
5406173,test,a34_35,no_static,2.9205346,3.3717976,1.0,3,3,1.0,2,4,1.0
5424030,test,a34_35,no_static,1.712071,2.595237,1.0,3,3,1.0,6,6,1.0
5425003,test,a34_35,no_static,1.6113691,0.48401323,1.0,3,2,1.0,2,2,1.0
5430031,test,a34_35,no_static,1.8012071,0.0,1.0,3,3,1.0,6,6,1.0
5430171,test,a34_35,no_static,2.6210794,3.8255706,1.0,3,3,1.0,6,6,1.0
5443007,test,a34_35,no_static,1.8233864,2.4250603,1.0,3,3,1.0,2,2,1.0
5464032,test,a34_35,no_static,2.626493,2.8707297,1.0,3,3,1.0,4,2,1.0
5488007,test,a34_35,no_static,2.6761441,2.7225564,1.0,3,3,1.0,2,2,1.0
5494005,test,a34_35,no_static,2.4890897,3.9408863,1.0,3,3,1.0,6,6,1.0
5513030,test,a34_35,no_static,2.9943874,3.1696036,1.0,3,3,1.0,6,6,1.0
5549006,test,a34_35,no_static,2.6148207,2.8014016,1.0,3,2,1.0,2,3,1.0
5553173,test,a34_35,no_static,3.4358015,3.9032092,1.0,3,3,1.0,2,2,1.0
5560186,test,a34_35,no_static,3.1672375,3.8197687,1.0,3,3,1.0,2,2,1.0
5569009,test,a34_35,no_static,2.771791,3.4386227,1.0,3,3,1.0,2,2,1.0
5570010,test,a34_35,no_static,3.0053465,3.9157524,1.0,3,3,1.0,4,4,1.0
5570012,test,a34_35,no_static,2.7982178,3.1862996,1.0,3,3,1.0,2,6,1.0
5570033,test,a34_35,no_static,3.2390928,3.249376,1.0,3,3,1.0,2,2,1.0
5576031,test,a34_35,no_static,2.4419274,3.0570593,1.0,3,3,1.0,4,2,1.0
5614005,test,a34_35,no_static,2.5547256,2.9017913,1.0,3,3,1.0,3,3,1.0
5615010,test,a34_35,no_static,3.0887866,3.4926202,1.0,3,3,1.0,6,2,1.0
5615181,test,a34_35,no_static,3.090777,2.9341648,1.0,3,3,1.0,2,2,1.0
5621170,test,a34_35,no_static,2.8208315,3.1195464,1.0,3,3,1.0,2,2,1.0
5626010,test,a34_35,no_static,2.9691803,2.9627197,1.0,3,2,1.0,2,2,1.0
5634188,test,a34_35,no_static,3.1187296,3.9144979,1.0,3,3,1.0,2,5,1.0
5635031,test,a34_35,no_static,2.6227922,2.974314,1.0,3,3,1.0,2,2,1.0
5646006,test,a34_35,no_static,1.0797887,0.3688904,1.0,2,3,1.0,6,6,1.0
5660005,test,a34_35,no_static,3.0150216,3.0857325,1.0,3,3,1.0,4,2,1.0
5664003,test,a34_35,no_static,1.2242469,1.1182684,1.0,2,3,1.0,6,6,1.0
5676007,test,a34_35,no_static,2.9472568,3.820191,1.0,3,3,1.0,2,4,1.0
5678030,test,a34_35,no_static,2.3391623,2.51976,1.0,3,2,1.0,6,6,1.0
5684034,test,a34_35,no_static,3.6801395,3.496005,1.0,3,3,1.0,2,3,1.0
5784005,test,a34_35,no_static,1.0159659,0.0,1.0,2,2,1.0,6,6,1.0
5819005,test,a34_35,no_static,1.4624931,1.6023945,1.0,2,2,1.0,6,6,1.0
5821008,test,a34_35,no_static,2.7982178,2.913222,1.0,3,3,1.0,2,2,1.0
5863033,test,a34_35,no_static,1.0757115,1.6256766,1.0,2,2,1.0,6,6,1.0
5921003,test,a34_35,no_static,2.5866947,3.6592255,1.0,3,3,1.0,6,6,1.0
5922010,test,a34_35,no_static,2.8721805,2.873433,1.0,3,3,1.0,6,6,1.0
5938031,test,a34_35,no_static,2.5813305,0.0,1.0,3,2,1.0,6,6,1.0
5960033,test,a34_35,no_static,2.454038,2.8802483,1.0,3,3,1.0,6,3,1.0
5995005,test,a34_35,no_static,1.4252036,0.5575978,1.0,2,2,1.0,6,6,1.0
6028032,test,a34_35,no_static,2.1777368,2.7959223,1.0,3,3,1.0,6,6,1.0
6030005,test,a34_35,no_static,3.4613373,3.6211877,1.0,3,3,1.0,6,6,1.0
6030008,test,a34_35,no_static,3.1646752,3.714141,1.0,3,3,1.0,6,6,1.0
6093006,test,a34_35,no_static,0.936816,2.4245872,1.0,2,3,1.0,6,6,1.0
6093011,test,a34_35,no_static,2.0635207,2.5032198,1.0,3,3,1.0,6,6,1.0
6114182,test,a34_35,no_static,2.6151764,3.1132894,1.0,3,3,1.0,4,3,1.0
6120195,test,a34_35,no_static,1.3412992,0.83994776,1.0,2,2,1.0,2,2,1.0
6121030,test,a34_35,no_static,3.0925052,3.7940028,1.0,3,3,1.0,6,6,1.0
6179003,test,a34_35,no_static,3.2685447,3.4774165,1.0,3,3,1.0,2,2,1.0
6179170,test,a34_35,no_static,1.056819,0.3768285,1.0,2,2,1.0,2,2,1.0
6191006,test,a34_35,no_static,2.8179939,3.5682108,1.0,3,3,1.0,4,2,1.0
6200175,test,a34_35,no_static,3.3247452,3.159689,1.0,3,2,1.0,2,2,1.0
6210007,test,a34_35,no_static,3.5181327,3.315958,1.0,3,3,1.0,6,2,1.0
6210008,test,a34_35,no_static,2.4777281,1.8576616,1.0,3,2,1.0,6,6,1.0
6350007,test,a34_35,no_static,2.754231,2.6312733,1.0,3,3,1.0,2,6,1.0
6365010,test,a34_35,no_static,0.96338964,2.3485115,1.0,2,3,1.0,6,6,1.0
6365011,test,a34_35,no_static,2.0531886,1.4984527,1.0,3,2,1.0,2,2,1.0
6365177,test,a34_35,no_static,2.31347,3.154596,1.0,3,3,1.0,2,2,1.0
6381008,test,a34_35,no_static,2.5164957,4.0242934,1.0,3,3,1.0,2,4,1.0
6444003,test,a34_35,no_static,2.3284428,3.0920978,1.0,3,3,1.0,2,2,1.0
6475006,test,a34_35,no_static,0.97239506,0.88690853,1.0,2,2,1.0,6,6,1.0
6475007,test,a34_35,no_static,0.9032506,0.0,1.0,2,2,1.0,6,6,1.0
6509004,test,a34_35,no_static,2.803841,2.9017913,1.0,3,2,1.0,6,2,1.0
6545008,test,a34_35,no_static,3.4929488,3.81034,1.0,3,3,1.0,6,2,1.0
6571003,test,a34_35,no_static,2.7982223,3.97414,1.0,3,3,1.0,6,6,1.0
6635009,test,a34_35,no_static,1.0295714,0.0,1.0,2,2,1.0,6,4,1.0
6663030,test,a34_35,no_static,3.449657,3.9220536,1.0,3,3,1.0,6,6,1.0
6674003,test,a34_35,no_static,3.344211,3.3930228,1.0,3,3,1.0,4,2,1.0
6674005,test,a34_35,no_static,3.3820434,3.3309689,1.0,3,3,1.0,4,2,1.0
6736181,test,a34_35,no_static,2.3709533,0.95784134,1.0,3,3,1.0,2,2,1.0
6740003,test,a34_35,no_static,2.4606655,2.6543815,1.0,3,3,1.0,2,2,1.0
6769008,test,a34_35,no_static,2.5237403,1.5597403,1.0,3,2,1.0,4,4,1.0
6779033,test,a34_35,no_static,1.3428621,0.0,1.0,3,2,1.0,6,6,1.0
6030,test,a36_37,no_static,3.596272,3.74332,1.0,3,3,1.0,2,2,1.0
10030,test,a36_37,no_static,3.7612705,4.447782,1.0,3,3,1.0,2,2,1.0
41008,test,a36_37,no_static,2.819317,0.0,1.0,3,2,1.0,2,2,1.0
68003,test,a36_37,no_static,3.221739,4.3019257,1.0,3,3,1.0,2,2,1.0
127030,test,a36_37,no_static,3.3730838,1.1681,1.0,3,2,1.0,6,2,1.0
127031,test,a36_37,no_static,3.5601556,3.8766596,1.0,3,3,1.0,6,2,1.0
129031,test,a36_37,no_static,1.3625584,0.0,1.0,2,2,1.0,6,2,1.0
129196,test,a36_37,no_static,2.3908632,2.9811652,1.0,3,3,1.0,2,2,1.0
165030,test,a36_37,no_static,3.2277257,3.8713226,1.0,3,3,1.0,6,2,1.0
284004,test,a36_37,no_static,3.7672832,4.153324,1.0,3,3,1.0,2,2,1.0
301032,test,a36_37,no_static,3.6956654,4.375446,1.0,3,3,1.0,6,6,1.0
327003,test,a36_37,no_static,3.1767957,3.8161197,1.0,3,3,1.0,2,2,1.0
327171,test,a36_37,no_static,3.5071747,0.0,1.0,3,2,1.0,2,2,1.0
327172,test,a36_37,no_static,2.6892955,3.3073823,1.0,3,3,1.0,2,2,1.0
331005,test,a36_37,no_static,3.8475533,4.384486,1.0,3,3,1.0,2,2,1.0
344178,test,a36_37,no_static,3.0472693,3.283957,1.0,3,3,1.0,2,2,1.0
461030,test,a36_37,no_static,3.3703861,3.416885,1.0,3,3,1.0,2,2,1.0
486004,test,a36_37,no_static,3.1933894,3.7570312,1.0,3,3,1.0,2,2,1.0
563183,test,a36_37,no_static,1.2732115,3.9435904,1.0,2,3,1.0,2,2,1.0
577004,test,a36_37,no_static,2.6598873,3.4728677,1.0,3,3,1.0,2,2,1.0
607030,test,a36_37,no_static,3.4315524,3.736019,1.0,3,3,1.0,2,2,1.0
613173,test,a36_37,no_static,3.6350574,4.599529,1.0,3,3,1.0,2,2,1.0
634008,test,a36_37,no_static,3.3446407,3.2418456,1.0,3,3,1.0,4,6,1.0
652005,test,a36_37,no_static,2.9276767,3.4032557,1.0,3,3,1.0,2,2,1.0
672003,test,a36_37,no_static,1.1846238,3.3391197,1.0,2,3,1.0,2,4,1.0
691175,test,a36_37,no_static,3.5186489,2.3309872,1.0,3,3,1.0,2,2,1.0
699031,test,a36_37,no_static,1.9860909,3.3599384,1.0,3,3,1.0,6,6,1.0
722178,test,a36_37,no_static,1.2129687,0.0,1.0,2,2,1.0,2,2,1.0
771003,test,a36_37,no_static,2.9007323,2.9920292,1.0,3,3,1.0,4,2,1.0
775005,test,a36_37,no_static,3.1421633,3.612571,1.0,3,3,1.0,6,2,1.0
796006,test,a36_37,no_static,3.3117485,3.5002303,1.0,3,3,1.0,6,6,1.0
844003,test,a36_37,no_static,2.463507,3.4309494,1.0,3,3,1.0,2,2,1.0
863006,test,a36_37,no_static,3.2677836,3.216545,1.0,3,3,1.0,2,2,1.0
863173,test,a36_37,no_static,3.2452533,3.6074202,1.0,3,3,1.0,2,2,1.0
866172,test,a36_37,no_static,2.6956804,2.7199008,1.0,3,3,1.0,6,2,1.0
868005,test,a36_37,no_static,3.3674858,3.7930343,1.0,3,3,1.0,2,2,1.0
875030,test,a36_37,no_static,1.4636083,0.0,1.0,2,2,1.0,2,2,1.0
897006,test,a36_37,no_static,2.7441275,2.712402,1.0,3,2,1.0,2,4,1.0
922171,test,a36_37,no_static,2.9693942,4.013992,1.0,3,3,1.0,2,2,1.0
934030,test,a36_37,no_static,3.565216,4.2906785,1.0,3,3,1.0,2,2,1.0
935005,test,a36_37,no_static,2.3140783,1.9161729,1.0,3,3,1.0,2,2,1.0
935176,test,a36_37,no_static,3.2605789,3.945999,1.0,3,3,1.0,2,2,1.0
939030,test,a36_37,no_static,3.5914023,0.0,1.0,3,2,1.0,6,2,1.0
964003,test,a36_37,no_static,1.3634475,3.0027869,1.0,2,3,1.0,6,6,1.0
970004,test,a36_37,no_static,3.4279299,3.9361787,1.0,3,3,1.0,2,2,1.0
982004,test,a36_37,no_static,2.9377313,3.7953534,1.0,3,3,1.0,2,4,1.0
1033030,test,a36_37,no_static,3.0981185,4.0324144,1.0,3,3,1.0,2,4,1.0
1036003,test,a36_37,no_static,3.4564285,2.5812607,1.0,3,3,1.0,4,2,1.0
1048006,test,a36_37,no_static,2.663168,0.3958271,1.0,3,3,1.0,2,2,1.0
1055172,test,a36_37,no_static,1.9906814,3.6951494,1.0,3,3,1.0,2,2,1.0
1060175,test,a36_37,no_static,3.1447873,2.6840017,1.0,3,3,1.0,2,2,1.0
1064171,test,a36_37,no_static,3.480003,4.499283,1.0,3,3,1.0,2,2,1.0
1072171,test,a36_37,no_static,3.1930127,3.753342,1.0,3,3,1.0,2,2,1.0
1084175,test,a36_37,no_static,2.5343163,1.176917,1.0,3,2,1.0,2,2,1.0
1100172,test,a36_37,no_static,3.0399935,3.616172,1.0,3,3,1.0,2,2,1.0
1141171,test,a36_37,no_static,2.3924494,0.0,0.0,3,-1,0.0,4,-1,0.0
1142030,test,a36_37,no_static,3.369125,2.9372149,1.0,3,3,1.0,2,2,1.0
1144032,test,a36_37,no_static,3.3686347,3.9697835,1.0,3,3,1.0,2,2,1.0
1149171,test,a36_37,no_static,2.8771517,3.6696174,1.0,3,3,1.0,6,2,1.0
1162030,test,a36_37,no_static,2.9823022,3.5584557,1.0,3,3,1.0,2,4,1.0
1167030,test,a36_37,no_static,1.1652982,0.0,1.0,2,2,1.0,6,6,1.0
1168008,test,a36_37,no_static,2.2903252,3.2307491,1.0,3,3,1.0,4,3,1.0
1222179,test,a36_37,no_static,2.6694536,2.6426997,1.0,3,3,1.0,2,2,1.0
1260008,test,a36_37,no_static,2.8466454,2.9115193,1.0,3,3,1.0,2,2,1.0
1269030,test,a36_37,no_static,3.3508806,4.35901,1.0,3,3,1.0,2,4,1.0
1292030,test,a36_37,no_static,3.1802294,3.3329153,1.0,3,2,1.0,4,4,1.0
1298005,test,a36_37,no_static,2.557887,3.0895898,1.0,3,3,1.0,2,2,1.0
1306030,test,a36_37,no_static,4.070245,4.886779,1.0,3,3,1.0,2,2,1.0
1335179,test,a36_37,no_static,2.7216673,3.2806733,1.0,3,3,1.0,2,2,1.0
1353030,test,a36_37,no_static,1.6587377,0.0,1.0,3,2,1.0,2,2,1.0
1384030,test,a36_37,no_static,2.9846342,3.7110548,1.0,3,3,1.0,2,2,1.0
1399008,test,a36_37,no_static,2.2623322,4.0375032,1.0,3,3,1.0,2,4,1.0
1415004,test,a36_37,no_static,2.5460012,2.5033958,1.0,3,3,1.0,2,2,1.0
1430005,test,a36_37,no_static,1.9586167,0.0,1.0,3,3,1.0,6,6,1.0
1431003,test,a36_37,no_static,3.6439745,3.7768457,1.0,3,3,1.0,2,2,1.0
1431004,test,a36_37,no_static,2.8622293,0.0,1.0,3,2,1.0,2,2,1.0
1431172,test,a36_37,no_static,3.6610477,4.85698,1.0,3,3,1.0,2,2,1.0
1462004,test,a36_37,no_static,2.0236123,3.0797172,1.0,3,2,1.0,2,2,1.0
1520173,test,a36_37,no_static,3.1527429,3.835209,1.0,3,3,1.0,2,2,1.0
1522175,test,a36_37,no_static,3.4662817,4.5301976,1.0,3,3,1.0,2,2,1.0
1542006,test,a36_37,no_static,3.0241075,4.8355174,1.0,3,3,1.0,4,2,1.0
1542177,test,a36_37,no_static,3.4138417,4.1511307,1.0,3,3,1.0,2,2,1.0
1567031,test,a36_37,no_static,3.0533624,3.547917,1.0,3,3,1.0,6,6,1.0
1608031,test,a36_37,no_static,2.8775551,3.8730197,1.0,3,3,1.0,2,4,1.0
1612003,test,a36_37,no_static,3.4616077,3.6263752,1.0,3,3,1.0,2,2,1.0
1621003,test,a36_37,no_static,2.1156003,3.2996137,1.0,3,3,1.0,2,2,1.0
1648003,test,a36_37,no_static,3.1021888,2.9653394,1.0,3,3,1.0,2,2,1.0
1648030,test,a36_37,no_static,2.832591,0.0453653,1.0,3,2,1.0,6,6,1.0
1670172,test,a36_37,no_static,2.819317,2.8368268,1.0,3,3,1.0,2,2,1.0
1684170,test,a36_37,no_static,1.1197181,0.0,0.0,2,-1,0.0,2,-1,0.0
1690030,test,a36_37,no_static,3.4072099,4.1288514,1.0,3,3,1.0,2,4,1.0
1692176,test,a36_37,no_static,3.181603,0.0,0.0,3,-1,0.0,2,-1,0.0
1695030,test,a36_37,no_static,2.8561044,3.1334782,1.0,3,3,1.0,6,2,1.0
1697036,test,a36_37,no_static,3.1475997,3.9229333,1.0,3,3,1.0,6,2,1.0
1698170,test,a36_37,no_static,2.711547,3.5876048,1.0,3,3,1.0,2,2,1.0
1700031,test,a36_37,no_static,2.9381557,3.2409673,1.0,3,3,1.0,2,4,1.0
1701003,test,a36_37,no_static,3.3219113,3.916388,1.0,3,3,1.0,6,6,1.0
1711003,test,a36_37,no_static,2.2676368,0.0,1.0,3,3,1.0,2,2,1.0
1711171,test,a36_37,no_static,2.9729645,3.416885,1.0,3,3,1.0,2,2,1.0
1732005,test,a36_37,no_static,2.8305683,3.1862996,1.0,3,3,1.0,6,4,1.0
1762187,test,a36_37,no_static,1.9356818,0.0,1.0,3,2,1.0,4,2,1.0
1786187,test,a36_37,no_static,2.9078364,0.0,0.0,3,-1,0.0,2,-1,0.0
1837006,test,a36_37,no_static,3.2564847,2.8220248,1.0,3,3,1.0,2,2,1.0
1850172,test,a36_37,no_static,2.0649974,3.216545,1.0,3,3,1.0,2,2,1.0
1878030,test,a36_37,no_static,2.8870618,3.456708,1.0,3,3,1.0,2,4,1.0
1879030,test,a36_37,no_static,3.0009162,4.019886,1.0,3,3,1.0,2,3,1.0
1905004,test,a36_37,no_static,3.2825866,3.9048967,1.0,3,3,1.0,2,2,1.0
1919009,test,a36_37,no_static,3.3660488,0.0,1.0,3,3,1.0,2,2,1.0
1935004,test,a36_37,no_static,2.9124248,2.7594547,1.0,3,2,1.0,2,2,1.0
1936030,test,a36_37,no_static,2.4301648,0.26956925,1.0,3,3,1.0,2,2,1.0
1978171,test,a36_37,no_static,2.7253962,3.1327703,1.0,3,3,1.0,2,2,1.0
2030031,test,a36_37,no_static,2.7692065,3.7052534,1.0,3,3,1.0,6,2,1.0
2117003,test,a36_37,no_static,3.0700614,2.7586699,1.0,3,3,1.0,2,2,1.0
2150172,test,a36_37,no_static,1.9971697,1.9554864,1.0,3,3,1.0,2,2,1.0
2199182,test,a36_37,no_static,2.4389274,3.717534,1.0,3,3,1.0,2,2,1.0
2206030,test,a36_37,no_static,3.3917856,3.1858559,1.0,3,3,1.0,4,2,1.0
2212031,test,a36_37,no_static,3.9677925,4.677089,1.0,3,3,1.0,2,2,1.0
2238004,test,a36_37,no_static,3.0513058,1.8278397,1.0,3,3,1.0,2,4,1.0
2238172,test,a36_37,no_static,3.233819,3.489942,1.0,3,3,1.0,2,2,1.0
2252172,test,a36_37,no_static,2.6699631,3.048963,1.0,3,3,1.0,2,2,1.0
2255030,test,a36_37,no_static,4.1115937,4.375135,1.0,3,3,1.0,2,2,1.0
2277008,test,a36_37,no_static,2.7409868,2.6412227,1.0,3,3,1.0,2,2,1.0
2311172,test,a36_37,no_static,2.0645094,1.7356842,1.0,3,3,1.0,2,2,1.0
2330003,test,a36_37,no_static,3.474972,4.0433564,1.0,3,3,1.0,6,2,1.0
2338003,test,a36_37,no_static,3.1424353,4.4704823,1.0,3,3,1.0,6,6,1.0
2341004,test,a36_37,no_static,2.7773442,3.4036195,1.0,3,2,1.0,2,4,1.0
2341005,test,a36_37,no_static,2.7065456,0.0,1.0,3,3,1.0,2,2,1.0
2354004,test,a36_37,no_static,1.9948404,2.4975948,1.0,3,3,1.0,2,2,1.0
2392004,test,a36_37,no_static,2.4256532,2.7225564,1.0,3,3,1.0,2,2,1.0
2393005,test,a36_37,no_static,3.7711744,3.951662,1.0,3,3,1.0,2,2,1.0
2393171,test,a36_37,no_static,2.4673572,4.04496,1.0,3,3,1.0,2,2,1.0
2409006,test,a36_37,no_static,2.3785362,2.6774976,1.0,3,3,1.0,2,2,1.0
2409171,test,a36_37,no_static,2.9797509,2.409316,1.0,3,3,1.0,2,2,1.0
2422178,test,a36_37,no_static,3.1933243,3.249376,1.0,3,3,1.0,2,2,1.0
2459030,test,a36_37,no_static,2.9870045,3.8719819,1.0,3,3,1.0,2,4,1.0
2474030,test,a36_37,no_static,3.155437,3.8730197,1.0,3,3,1.0,2,2,1.0
2474171,test,a36_37,no_static,2.3327491,1.1140053,1.0,3,2,1.0,2,2,1.0
2485173,test,a36_37,no_static,2.9267054,2.508309,1.0,3,3,1.0,4,4,1.0
2496172,test,a36_37,no_static,2.0747812,4.096741,1.0,3,3,1.0,4,4,1.0
2502005,test,a36_37,no_static,2.8859499,3.166873,1.0,3,3,1.0,2,2,1.0
2510171,test,a36_37,no_static,3.2058382,3.910636,1.0,3,3,1.0,2,2,1.0
2525174,test,a36_37,no_static,3.2251186,2.2554643,1.0,3,3,1.0,2,2,1.0
2530184,test,a36_37,no_static,2.844574,2.9075313,1.0,3,3,1.0,2,2,1.0
2547171,test,a36_37,no_static,3.5555243,4.1239767,1.0,3,3,1.0,2,2,1.0
2580030,test,a36_37,no_static,4.0247645,4.800682,1.0,3,3,1.0,2,2,1.0
2593171,test,a36_37,no_static,3.6059866,4.3840117,1.0,3,3,1.0,2,4,1.0
2615031,test,a36_37,no_static,3.294369,3.145773,1.0,3,3,1.0,2,2,1.0
2642030,test,a36_37,no_static,2.6742673,3.1858559,1.0,3,3,1.0,2,2,1.0
2655002,test,a36_37,no_static,1.4324676,0.0,1.0,3,2,1.0,2,2,1.0
2705031,test,a36_37,no_static,3.3919454,3.901413,1.0,3,3,1.0,2,4,1.0
2707179,test,a36_37,no_static,2.7602391,2.9886043,1.0,3,3,1.0,2,2,1.0
2714031,test,a36_37,no_static,3.1628551,3.843872,1.0,3,3,1.0,2,2,1.0
2717004,test,a36_37,no_static,3.398359,3.737305,1.0,3,3,1.0,2,2,1.0
2738171,test,a36_37,no_static,3.413548,4.886779,1.0,3,3,1.0,2,2,1.0
2794003,test,a36_37,no_static,3.2792315,3.5598774,1.0,3,3,1.0,6,2,1.0
2845030,test,a36_37,no_static,2.5507958,2.2176964,1.0,3,2,1.0,6,2,1.0
2847030,test,a36_37,no_static,3.1413631,3.5965803,1.0,3,2,1.0,4,6,1.0
2848174,test,a36_37,no_static,2.0299654,0.0,1.0,3,2,1.0,6,6,1.0
2852006,test,a36_37,no_static,1.4336776,2.711484,1.0,3,3,1.0,2,2,1.0
2852030,test,a36_37,no_static,3.0801597,2.4002507,1.0,3,3,1.0,2,2,1.0
2869170,test,a36_37,no_static,3.0087023,3.9665751,1.0,3,3,1.0,2,2,1.0
2897006,test,a36_37,no_static,2.7944872,3.8678546,1.0,3,3,1.0,6,6,1.0
2900171,test,a36_37,no_static,3.4246128,0.0,1.0,3,3,1.0,2,2,1.0
2907006,test,a36_37,no_static,2.7019007,2.5724497,1.0,3,3,1.0,2,2,1.0
2920030,test,a36_37,no_static,3.3422294,3.8583722,1.0,3,3,1.0,6,4,1.0
3107001,test,a36_37,no_static,3.0271842,3.456255,1.0,3,3,1.0,2,2,1.0
3137007,test,a36_37,no_static,2.542696,2.624188,1.0,3,3,1.0,6,6,1.0
3283002,test,a36_37,no_static,3.6138809,3.1844463,1.0,3,3,1.0,2,6,1.0
3492001,test,a36_37,no_static,3.3016608,3.896652,1.0,3,3,1.0,6,2,1.0
5016170,test,a36_37,no_static,2.941978,2.5121129,1.0,3,3,1.0,2,4,1.0
5082003,test,a36_37,no_static,3.5282302,3.835146,1.0,3,3,1.0,6,3,1.0
5145032,test,a36_37,no_static,3.1836035,3.5205016,1.0,3,3,1.0,6,6,1.0
5163030,test,a36_37,no_static,2.9762383,3.3018157,1.0,3,3,1.0,2,3,1.0
5177171,test,a36_37,no_static,1.8298707,0.8605063,1.0,3,3,1.0,6,6,1.0
5199178,test,a36_37,no_static,2.9579897,2.9653394,1.0,3,3,1.0,2,2,1.0
5241030,test,a36_37,no_static,2.86419,3.3667955,1.0,3,3,1.0,6,6,1.0
5264004,test,a36_37,no_static,3.3044267,3.4554605,1.0,3,3,1.0,2,2,1.0
5294003,test,a36_37,no_static,3.43031,3.5366516,1.0,3,3,1.0,2,2,1.0
5299172,test,a36_37,no_static,2.7519019,1.9603477,1.0,3,3,1.0,2,2,1.0
5306002,test,a36_37,no_static,2.7335243,0.4569097,1.0,3,2,1.0,2,6,1.0
5350030,test,a36_37,no_static,2.4625263,2.4829748,1.0,3,3,1.0,4,6,1.0
5364006,test,a36_37,no_static,3.2574234,3.489942,1.0,3,3,1.0,6,6,1.0
5366033,test,a36_37,no_static,2.9461234,3.6431746,1.0,3,3,1.0,6,6,1.0
5406173,test,a36_37,no_static,2.9374266,3.549721,1.0,3,3,1.0,2,4,1.0
5424030,test,a36_37,no_static,1.7997767,3.3871381,1.0,3,3,1.0,6,6,1.0
5425003,test,a36_37,no_static,1.7438258,2.222384,1.0,3,3,1.0,2,2,1.0
5430031,test,a36_37,no_static,1.8451376,0.7351825,1.0,3,3,1.0,6,6,1.0
5430171,test,a36_37,no_static,2.643151,3.9490166,1.0,3,3,1.0,6,6,1.0
5443007,test,a36_37,no_static,1.9314351,2.7594547,1.0,3,3,1.0,2,2,1.0
5464032,test,a36_37,no_static,2.659601,2.973692,1.0,3,3,1.0,4,2,1.0
5488007,test,a36_37,no_static,2.7008343,2.6645033,1.0,3,3,1.0,2,2,1.0
5494005,test,a36_37,no_static,2.5134237,4.218239,1.0,3,3,1.0,6,6,1.0
5513030,test,a36_37,no_static,2.9809995,3.4137402,1.0,3,2,1.0,6,6,1.0
5549006,test,a36_37,no_static,2.646365,2.9669845,1.0,3,3,1.0,2,4,1.0
5553173,test,a36_37,no_static,3.4267244,3.955009,1.0,3,3,1.0,2,2,1.0
5560186,test,a36_37,no_static,3.185761,3.627258,1.0,3,3,1.0,2,2,1.0
5569009,test,a36_37,no_static,2.7763445,3.5573397,1.0,3,3,1.0,2,2,1.0
5570010,test,a36_37,no_static,3.028007,3.6598773,1.0,3,3,1.0,2,4,1.0
5570012,test,a36_37,no_static,2.819317,2.9124293,1.0,3,3,1.0,2,6,1.0
5570033,test,a36_37,no_static,3.2489195,3.1070757,1.0,3,3,1.0,2,2,1.0
5576031,test,a36_37,no_static,2.4748318,3.0814157,1.0,3,3,1.0,4,3,1.0
5614005,test,a36_37,no_static,2.5788243,2.844158,1.0,3,3,1.0,4,3,1.0
5615010,test,a36_37,no_static,3.066509,3.3217459,1.0,3,3,1.0,6,2,1.0
5615181,test,a36_37,no_static,3.0955083,3.5781584,1.0,3,3,1.0,2,2,1.0
5621170,test,a36_37,no_static,2.8569965,0.0,1.0,3,3,1.0,2,2,1.0
5626010,test,a36_37,no_static,2.962632,0.0,0.0,3,-1,0.0,2,-1,0.0
5634188,test,a36_37,no_static,3.1242661,0.0,0.0,3,-1,0.0,2,-1,0.0
5635031,test,a36_37,no_static,2.6322324,2.9446492,1.0,3,3,1.0,2,2,1.0
5646006,test,a36_37,no_static,1.2484796,2.2722006,1.0,2,2,1.0,6,6,1.0
5660005,test,a36_37,no_static,3.018088,2.2830377,1.0,3,3,1.0,4,2,1.0
5664003,test,a36_37,no_static,1.3934708,2.5692537,1.0,2,2,1.0,6,6,1.0
5676007,test,a36_37,no_static,2.9725626,3.3618436,1.0,3,3,1.0,2,2,1.0
5678030,test,a36_37,no_static,2.371862,0.0,1.0,3,2,1.0,6,6,1.0
5684034,test,a36_37,no_static,3.6451101,4.2188535,1.0,3,3,1.0,2,4,1.0
5784005,test,a36_37,no_static,1.1161915,0.0,1.0,2,2,1.0,6,6,1.0
5819005,test,a36_37,no_static,1.6206095,0.0,1.0,3,2,1.0,6,6,1.0
5821008,test,a36_37,no_static,2.819317,2.9754534,1.0,3,3,1.0,2,2,1.0
5863033,test,a36_37,no_static,1.2610022,1.6931183,1.0,2,3,1.0,6,6,1.0
5921003,test,a36_37,no_static,2.5701385,2.588116,1.0,3,3,1.0,6,6,1.0
5922010,test,a36_37,no_static,2.8884354,2.8533432,1.0,3,3,1.0,6,6,1.0
5938031,test,a36_37,no_static,2.626757,0.0,1.0,3,2,1.0,6,6,1.0
5960033,test,a36_37,no_static,2.501258,3.0051901,1.0,3,3,1.0,6,6,1.0
5995005,test,a36_37,no_static,1.5728445,2.366327,1.0,3,2,1.0,6,6,1.0
6028032,test,a36_37,no_static,2.210977,3.2584245,1.0,3,3,1.0,6,6,1.0
6030005,test,a36_37,no_static,3.4633017,3.3861604,1.0,3,3,1.0,6,6,1.0
6030008,test,a36_37,no_static,3.1784282,3.5397089,1.0,3,3,1.0,6,6,1.0
6093006,test,a36_37,no_static,1.1082416,2.0376515,1.0,2,3,1.0,6,6,1.0
6093011,test,a36_37,no_static,2.1020756,2.5042346,1.0,3,3,1.0,6,6,1.0
6114182,test,a36_37,no_static,2.6286435,0.0,0.0,3,-1,0.0,4,-1,0.0
6120195,test,a36_37,no_static,1.4830062,0.0,1.0,3,2,1.0,2,2,1.0
6121030,test,a36_37,no_static,3.0990906,3.6931586,1.0,3,3,1.0,6,6,1.0
6179003,test,a36_37,no_static,3.2787411,3.3203936,1.0,3,3,1.0,2,2,1.0
6179170,test,a36_37,no_static,1.2271278,0.0,1.0,2,2,1.0,2,2,1.0
6191006,test,a36_37,no_static,2.8128912,3.7471669,1.0,3,3,1.0,4,2,1.0
6200175,test,a36_37,no_static,3.317771,3.1231244,1.0,3,3,1.0,2,2,1.0
6210007,test,a36_37,no_static,3.4931571,3.5546792,1.0,3,3,1.0,2,2,1.0
6210008,test,a36_37,no_static,2.4896502,0.69897085,1.0,3,2,1.0,6,2,1.0
6350007,test,a36_37,no_static,2.775537,1.7350653,1.0,3,3,1.0,2,2,1.0
6365010,test,a36_37,no_static,1.1349211,2.727774,1.0,2,3,1.0,6,6,1.0
6365011,test,a36_37,no_static,2.1086237,2.0153425,1.0,3,3,1.0,2,2,1.0
6365177,test,a36_37,no_static,2.4028962,0.0,0.0,3,3,1.0,2,2,1.0
6381008,test,a36_37,no_static,2.591643,4.1826577,1.0,3,3,1.0,2,4,1.0
6444003,test,a36_37,no_static,2.4109068,2.9450343,1.0,3,3,1.0,2,2,1.0
6475006,test,a36_37,no_static,1.0684402,0.65802634,1.0,2,3,1.0,6,6,1.0
6475007,test,a36_37,no_static,1.0380023,1.4497495,1.0,2,3,1.0,6,6,1.0
6509004,test,a36_37,no_static,2.8009071,3.0907397,1.0,3,3,1.0,6,2,1.0
6545008,test,a36_37,no_static,3.4554608,3.8915806,1.0,3,3,1.0,6,2,1.0
6571003,test,a36_37,no_static,2.7938104,3.935453,1.0,3,3,1.0,6,6,1.0
6635009,test,a36_37,no_static,1.2203784,0.0,1.0,2,2,1.0,6,4,1.0
6663030,test,a36_37,no_static,3.4472957,4.1571207,1.0,3,3,1.0,6,6,1.0
6674003,test,a36_37,no_static,3.3560147,4.7621493,1.0,3,3,1.0,4,3,1.0
6674005,test,a36_37,no_static,3.3890133,3.4580462,1.0,3,2,1.0,4,3,1.0
6736181,test,a36_37,no_static,2.4025245,2.5787773,1.0,3,3,1.0,2,2,1.0
6740003,test,a36_37,no_static,2.4830794,2.816746,1.0,3,3,1.0,2,2,1.0
6769008,test,a36_37,no_static,2.5493064,2.4743154,1.0,3,3,1.0,4,2,1.0
6779033,test,a36_37,no_static,1.414885,0.0,1.0,3,2,1.0,6,6,1.0
6030,test,a38_39,no_static,3.5992515,3.749288,1.0,3,3,1.0,2,2,1.0
10030,test,a38_39,no_static,3.7371063,4.5234475,1.0,3,3,1.0,2,2,1.0
41008,test,a38_39,no_static,2.848304,0.0,1.0,3,2,1.0,2,3,1.0
68003,test,a38_39,no_static,3.2416193,4.141229,1.0,3,3,1.0,2,2,1.0
127030,test,a38_39,no_static,3.373553,1.6800723,1.0,3,2,1.0,6,2,1.0
127031,test,a38_39,no_static,3.5398202,1.3273802,1.0,3,3,1.0,2,3,1.0
129031,test,a38_39,no_static,1.412016,2.4149668,1.0,2,2,1.0,6,3,1.0
129196,test,a38_39,no_static,2.4385383,0.6038552,1.0,3,2,1.0,2,2,1.0
165030,test,a38_39,no_static,3.2214699,3.7935455,1.0,3,3,1.0,6,2,1.0
284004,test,a38_39,no_static,3.76122,4.218239,1.0,3,3,1.0,2,2,1.0
301032,test,a38_39,no_static,3.6781495,4.051456,1.0,3,3,1.0,2,6,1.0
327003,test,a38_39,no_static,3.174627,3.8576567,1.0,3,3,1.0,2,2,1.0
327171,test,a38_39,no_static,3.513491,1.2899189,1.0,3,3,1.0,2,2,1.0
327172,test,a38_39,no_static,2.720656,3.6687279,1.0,3,3,1.0,2,2,1.0
331005,test,a38_39,no_static,3.8350005,4.2639766,1.0,3,3,1.0,2,2,1.0
344178,test,a38_39,no_static,3.0718107,3.3562138,1.0,3,3,1.0,2,2,1.0
461030,test,a38_39,no_static,3.381804,3.2707531,1.0,3,3,1.0,2,2,1.0
486004,test,a38_39,no_static,3.210803,4.1858344,1.0,3,3,1.0,2,2,1.0
563183,test,a38_39,no_static,1.3868722,4.886779,1.0,2,3,1.0,2,2,1.0
577004,test,a38_39,no_static,2.698292,2.6426997,1.0,3,3,1.0,2,2,1.0
607030,test,a38_39,no_static,3.4543393,4.340779,1.0,3,3,1.0,2,4,1.0
613173,test,a38_39,no_static,3.6340976,4.6204996,1.0,3,3,1.0,2,2,1.0
634008,test,a38_39,no_static,3.3608587,3.0124674,1.0,3,3,1.0,2,6,1.0
652005,test,a38_39,no_static,2.9547033,3.381554,1.0,3,3,1.0,2,2,1.0
672003,test,a38_39,no_static,1.2964064,3.7277038,1.0,2,3,1.0,2,4,1.0
691175,test,a38_39,no_static,3.510154,3.1858559,1.0,3,3,1.0,2,2,1.0
699031,test,a38_39,no_static,2.0463786,3.5333405,1.0,3,3,1.0,6,6,1.0
722178,test,a38_39,no_static,1.3115786,0.0,1.0,3,2,1.0,2,2,1.0
771003,test,a38_39,no_static,2.9247024,3.4782934,1.0,3,3,1.0,4,2,1.0
775005,test,a38_39,no_static,3.1362548,0.0,1.0,3,2,1.0,6,2,1.0
796006,test,a38_39,no_static,3.335464,2.893335,1.0,3,3,1.0,6,6,1.0
844003,test,a38_39,no_static,2.5158575,3.416885,1.0,3,3,1.0,2,2,1.0
863006,test,a38_39,no_static,3.2611146,0.0,1.0,3,2,1.0,2,2,1.0
863173,test,a38_39,no_static,3.2559876,3.672806,1.0,3,3,1.0,2,2,1.0
866172,test,a38_39,no_static,2.7072368,2.6793635,1.0,3,3,1.0,6,2,1.0
868005,test,a38_39,no_static,3.3857067,3.7266295,1.0,3,3,1.0,2,2,1.0
875030,test,a38_39,no_static,1.5731425,0.0,1.0,2,2,1.0,2,2,1.0
897006,test,a38_39,no_static,2.7847266,2.9308307,1.0,3,3,1.0,2,4,1.0
922171,test,a38_39,no_static,2.996825,4.109105,1.0,3,3,1.0,2,2,1.0
934030,test,a38_39,no_static,3.5703392,4.3578134,1.0,3,3,1.0,2,2,1.0
935005,test,a38_39,no_static,2.394321,2.1372967,1.0,3,3,1.0,2,2,1.0
935176,test,a38_39,no_static,3.2748356,3.2996137,1.0,3,3,1.0,2,2,1.0
939030,test,a38_39,no_static,3.5844269,0.0,1.0,3,2,1.0,6,2,1.0
964003,test,a38_39,no_static,1.4373199,3.2050848,1.0,2,3,1.0,6,6,1.0
970004,test,a38_39,no_static,3.441428,2.0805924,1.0,3,3,1.0,2,2,1.0
982004,test,a38_39,no_static,2.970212,3.4262018,1.0,3,3,1.0,2,2,1.0
1033030,test,a38_39,no_static,3.110043,3.8766596,1.0,3,3,1.0,2,2,1.0
1036003,test,a38_39,no_static,3.471016,3.149699,1.0,3,3,1.0,4,2,1.0
1048006,test,a38_39,no_static,2.691544,2.4126072,1.0,3,3,1.0,2,2,1.0
1055172,test,a38_39,no_static,2.0914943,3.7397017,1.0,3,3,1.0,2,2,1.0
1060175,test,a38_39,no_static,3.1659641,2.8523908,1.0,3,3,1.0,2,2,1.0
1064171,test,a38_39,no_static,3.4837198,4.4858203,1.0,3,3,1.0,2,2,1.0
1072171,test,a38_39,no_static,3.2066028,2.8985991,1.0,3,3,1.0,2,2,1.0
1084175,test,a38_39,no_static,2.576768,1.3963474,1.0,3,2,1.0,2,2,1.0
1100172,test,a38_39,no_static,3.0735242,3.8317928,1.0,3,3,1.0,2,2,1.0
1141171,test,a38_39,no_static,2.448005,0.752443,1.0,3,3,1.0,4,2,1.0
1142030,test,a38_39,no_static,3.3935053,3.3023171,1.0,3,3,1.0,2,2,1.0
1144032,test,a38_39,no_static,3.3881745,3.9551072,1.0,3,3,1.0,2,2,1.0
1149171,test,a38_39,no_static,2.8773224,2.588116,1.0,3,2,1.0,6,2,1.0
1162030,test,a38_39,no_static,3.0101738,3.4081893,1.0,3,3,1.0,2,2,1.0
1167030,test,a38_39,no_static,1.2661202,0.0,1.0,2,2,1.0,6,6,1.0
1168008,test,a38_39,no_static,2.3802004,3.1106615,1.0,3,3,1.0,4,3,1.0
1222179,test,a38_39,no_static,2.7000241,2.342743,1.0,3,3,1.0,2,2,1.0
1260008,test,a38_39,no_static,2.8738961,2.241885,1.0,3,3,1.0,2,2,1.0
1269030,test,a38_39,no_static,3.3702745,3.9591064,1.0,3,3,1.0,2,4,1.0
1292030,test,a38_39,no_static,3.1997058,2.9246223,1.0,3,2,1.0,4,4,1.0
1298005,test,a38_39,no_static,2.6024506,3.2996137,1.0,3,3,1.0,2,2,1.0
1306030,test,a38_39,no_static,4.061654,4.886779,1.0,3,3,1.0,2,2,1.0
1335179,test,a38_39,no_static,2.7599592,3.2282774,1.0,3,3,1.0,2,2,1.0
1353030,test,a38_39,no_static,1.7908926,0.0,1.0,3,2,1.0,2,2,1.0
1384030,test,a38_39,no_static,3.0081375,3.8597128,1.0,3,3,1.0,2,2,1.0
1399008,test,a38_39,no_static,2.303982,3.9200065,1.0,3,3,1.0,2,4,1.0
1415004,test,a38_39,no_static,2.5850894,2.7496648,1.0,3,3,1.0,2,2,1.0
1430005,test,a38_39,no_static,2.0065317,0.0,1.0,3,3,1.0,6,6,1.0
1431003,test,a38_39,no_static,3.6393213,3.8332024,1.0,3,3,1.0,2,2,1.0
1431004,test,a38_39,no_static,2.8957553,1.9831173,1.0,3,3,1.0,2,2,1.0
1431172,test,a38_39,no_static,3.6596103,4.455336,1.0,3,3,1.0,2,2,1.0
1462004,test,a38_39,no_static,2.074404,0.0,1.0,3,2,1.0,2,2,1.0
1520173,test,a38_39,no_static,3.1719964,3.9155073,1.0,3,3,1.0,2,2,1.0
1522175,test,a38_39,no_static,3.4700823,4.768415,1.0,3,3,1.0,2,2,1.0
1542006,test,a38_39,no_static,3.051898,4.418266,1.0,3,3,1.0,4,2,1.0
1542177,test,a38_39,no_static,3.4193926,4.1952477,1.0,3,3,1.0,2,2,1.0
1567031,test,a38_39,no_static,3.0608468,3.7168667,1.0,3,3,1.0,6,6,1.0
1608031,test,a38_39,no_static,2.9193969,0.0,0.0,3,-1,0.0,2,-1,0.0
1612003,test,a38_39,no_static,3.4699895,3.242958,1.0,3,3,1.0,2,4,1.0
1621003,test,a38_39,no_static,2.178671,3.437568,1.0,3,3,1.0,2,2,1.0
1648003,test,a38_39,no_static,3.118639,2.8707297,1.0,3,3,1.0,2,2,1.0
1648030,test,a38_39,no_static,2.8605437,3.2510931,1.0,3,3,1.0,6,6,1.0
1670172,test,a38_39,no_static,2.848304,3.1246448,1.0,3,3,1.0,2,2,1.0
1684170,test,a38_39,no_static,1.1973186,2.5787773,1.0,2,3,1.0,2,2,1.0
1690030,test,a38_39,no_static,3.4151378,3.6570308,1.0,3,3,1.0,2,2,1.0
1692176,test,a38_39,no_static,3.2039912,3.5729935,1.0,3,3,1.0,2,2,1.0
1695030,test,a38_39,no_static,2.8769503,2.9226713,1.0,3,3,1.0,6,2,1.0
1697036,test,a38_39,no_static,3.1432872,1.4840773,1.0,3,3,1.0,6,2,1.0
1698170,test,a38_39,no_static,2.7392178,0.00086969405,1.0,3,3,1.0,2,2,1.0
1700031,test,a38_39,no_static,2.9700568,3.282534,1.0,3,3,1.0,2,4,1.0
1701003,test,a38_39,no_static,3.3335853,3.8529587,1.0,3,3,1.0,6,6,1.0
1711003,test,a38_39,no_static,2.310874,0.0,0.0,3,-1,0.0,2,-1,0.0
1711171,test,a38_39,no_static,3.0013664,3.6634784,1.0,3,3,1.0,2,2,1.0
1732005,test,a38_39,no_static,2.860306,3.150554,1.0,3,3,1.0,6,4,1.0
1762187,test,a38_39,no_static,1.9776318,0.0,1.0,3,2,1.0,4,3,1.0
1786187,test,a38_39,no_static,2.9424486,3.3020296,1.0,3,3,1.0,2,2,1.0
1837006,test,a38_39,no_static,3.282895,2.8639922,1.0,3,3,1.0,2,2,1.0
1850172,test,a38_39,no_static,2.140363,3.312707,1.0,3,3,1.0,2,2,1.0
1878030,test,a38_39,no_static,2.8946116,4.103497,1.0,3,2,1.0,2,4,1.0
1879030,test,a38_39,no_static,3.026393,4.0583324,1.0,3,3,1.0,2,2,1.0
1905004,test,a38_39,no_static,3.2969751,4.316903,1.0,3,3,1.0,2,2,1.0
1919009,test,a38_39,no_static,3.3781433,1.6758715,1.0,3,3,1.0,2,2,1.0
1935004,test,a38_39,no_static,2.9400864,2.953849,1.0,3,3,1.0,2,2,1.0
1936030,test,a38_39,no_static,2.4736865,1.0134155,1.0,3,3,1.0,2,2,1.0
1978171,test,a38_39,no_static,2.75963,2.7871172,1.0,3,3,1.0,2,2,1.0
2030031,test,a38_39,no_static,2.7703097,3.1751428,1.0,3,3,1.0,6,2,1.0
2117003,test,a38_39,no_static,3.086245,2.6426997,1.0,3,3,1.0,2,2,1.0
2150172,test,a38_39,no_static,2.0835419,2.1172922,1.0,3,3,1.0,2,2,1.0
2199182,test,a38_39,no_static,2.485429,3.7052534,1.0,3,2,1.0,2,2,1.0
2206030,test,a38_39,no_static,3.4150035,1.7450649,1.0,3,3,1.0,4,2,1.0
2212031,test,a38_39,no_static,3.945553,4.496284,1.0,3,3,1.0,2,2,1.0
2238004,test,a38_39,no_static,3.0680757,2.8751705,1.0,3,3,1.0,2,4,1.0
2238172,test,a38_39,no_static,3.2458515,3.9032092,1.0,3,3,1.0,2,2,1.0
2252172,test,a38_39,no_static,2.7002323,2.8751705,1.0,3,3,1.0,2,2,1.0
2255030,test,a38_39,no_static,4.097087,4.374246,1.0,3,3,1.0,2,2,1.0
2277008,test,a38_39,no_static,2.774955,2.8474362,1.0,3,3,1.0,2,2,1.0
2311172,test,a38_39,no_static,2.110905,2.7029045,1.0,3,3,1.0,2,2,1.0
2330003,test,a38_39,no_static,3.4551528,3.9039345,1.0,3,3,1.0,2,2,1.0
2338003,test,a38_39,no_static,3.1393194,4.347552,1.0,3,3,1.0,6,2,1.0
2341004,test,a38_39,no_static,2.805854,3.5010288,1.0,3,3,1.0,2,4,1.0
2341005,test,a38_39,no_static,2.7617934,0.0,1.0,3,3,1.0,2,2,1.0
2354004,test,a38_39,no_static,2.0634158,2.3049343,1.0,3,3,1.0,2,2,1.0
2392004,test,a38_39,no_static,2.483851,2.9341648,1.0,3,3,1.0,2,2,1.0
2393005,test,a38_39,no_static,3.76202,3.507782,1.0,3,3,1.0,2,2,1.0
2393171,test,a38_39,no_static,2.515973,4.208233,1.0,3,3,1.0,2,2,1.0
2409006,test,a38_39,no_static,2.4149032,0.0,0.0,3,-1,0.0,2,-1,0.0
2409171,test,a38_39,no_static,2.9948618,2.6426997,1.0,3,3,1.0,2,3,1.0
2422178,test,a38_39,no_static,3.2069528,3.3621042,1.0,3,3,1.0,2,2,1.0
2459030,test,a38_39,no_static,3.0015743,3.924717,1.0,3,3,1.0,2,2,1.0
2474030,test,a38_39,no_static,3.1797206,4.0688195,1.0,3,3,1.0,2,2,1.0
2474171,test,a38_39,no_static,2.3909857,0.0,1.0,3,2,1.0,2,2,1.0
2485173,test,a38_39,no_static,2.9428744,2.1378505,1.0,3,2,1.0,4,6,1.0
2496172,test,a38_39,no_static,2.1229804,3.3488646,1.0,3,3,1.0,4,2,1.0
2502005,test,a38_39,no_static,2.9120114,3.390585,1.0,3,3,1.0,2,2,1.0
2510171,test,a38_39,no_static,3.2226515,4.289796,1.0,3,3,1.0,2,2,1.0
2525174,test,a38_39,no_static,3.2455058,1.9848303,1.0,3,2,1.0,2,2,1.0
2530184,test,a38_39,no_static,2.8708963,1.403595,1.0,3,2,1.0,2,2,1.0
2547171,test,a38_39,no_static,3.5630598,4.568962,1.0,3,3,1.0,2,2,1.0
2580030,test,a38_39,no_static,4.01174,4.819106,1.0,3,3,1.0,2,2,1.0
2593171,test,a38_39,no_static,3.605255,4.559393,1.0,3,3,1.0,2,4,1.0
2615031,test,a38_39,no_static,3.314581,3.192419,1.0,3,3,1.0,2,2,1.0
2642030,test,a38_39,no_static,2.6999037,3.8566759,1.0,3,3,1.0,2,4,1.0
2655002,test,a38_39,no_static,1.5570401,0.0,0.0,3,-1,0.0,2,-1,0.0
2705031,test,a38_39,no_static,3.4024806,4.0177207,1.0,3,3,1.0,2,4,1.0
2707179,test,a38_39,no_static,2.7988372,3.1407087,1.0,3,3,1.0,2,2,1.0
2714031,test,a38_39,no_static,3.1817632,3.5910182,1.0,3,3,1.0,2,2,1.0
2717004,test,a38_39,no_static,3.4043813,3.7156205,1.0,3,3,1.0,2,2,1.0
2738171,test,a38_39,no_static,3.419108,4.1992106,1.0,3,3,1.0,2,2,1.0
2794003,test,a38_39,no_static,3.2721643,3.6167965,1.0,3,3,1.0,6,2,1.0
2845030,test,a38_39,no_static,2.5605938,3.32431,1.0,3,3,1.0,6,2,1.0
2847030,test,a38_39,no_static,3.1739812,3.4514334,1.0,3,3,1.0,4,4,1.0
2848174,test,a38_39,no_static,2.0652003,0.0,1.0,3,2,1.0,6,2,1.0
2852006,test,a38_39,no_static,1.5894339,2.8745651,1.0,3,2,1.0,2,2,1.0
2852030,test,a38_39,no_static,3.1036768,1.7578189,1.0,3,3,1.0,2,2,1.0
2869170,test,a38_39,no_static,3.0353777,4.296681,1.0,3,3,1.0,2,2,1.0
2897006,test,a38_39,no_static,2.7961268,2.8997164,1.0,3,3,1.0,6,2,1.0
2900171,test,a38_39,no_static,3.4298365,3.857261,1.0,3,3,1.0,2,2,1.0
2907006,test,a38_39,no_static,2.731133,2.8441474,1.0,3,3,1.0,2,2,1.0
2920030,test,a38_39,no_static,3.3743205,3.5910182,1.0,3,2,1.0,6,4,1.0
3107001,test,a38_39,no_static,3.0467486,3.660574,1.0,3,3,1.0,2,2,1.0
3137007,test,a38_39,no_static,2.5593204,2.908521,1.0,3,3,1.0,6,6,1.0
3283002,test,a38_39,no_static,3.6171486,3.2907898,1.0,3,3,1.0,2,6,1.0
3492001,test,a38_39,no_static,3.29196,0.3199841,1.0,3,2,1.0,6,2,1.0
5016170,test,a38_39,no_static,2.972924,1.8830991,1.0,3,3,1.0,2,4,1.0
5082003,test,a38_39,no_static,3.5437253,3.916388,1.0,3,3,1.0,6,4,1.0
5145032,test,a38_39,no_static,3.1787083,0.0,1.0,3,2,1.0,6,6,1.0
5163030,test,a38_39,no_static,3.0067477,2.874842,1.0,3,3,1.0,2,4,1.0
5177171,test,a38_39,no_static,1.889632,0.5026926,1.0,3,3,1.0,6,6,1.0
5199178,test,a38_39,no_static,2.9776907,3.016735,1.0,3,3,1.0,2,2,1.0
5241030,test,a38_39,no_static,2.8626711,3.3928792,1.0,3,3,1.0,6,6,1.0
5264004,test,a38_39,no_static,3.3182743,3.4920115,1.0,3,3,1.0,2,2,1.0
5294003,test,a38_39,no_static,3.4355445,3.5534267,1.0,3,3,1.0,2,2,1.0
5299172,test,a38_39,no_static,2.78815,2.7591305,1.0,3,3,1.0,2,2,1.0
5306002,test,a38_39,no_static,2.7449324,0.5325506,1.0,3,2,1.0,2,6,1.0
5350030,test,a38_39,no_static,2.4961455,3.4463062,1.0,3,3,1.0,4,6,1.0
5364006,test,a38_39,no_static,3.2658954,3.6436281,1.0,3,2,1.0,6,6,1.0
5366033,test,a38_39,no_static,2.9666166,3.6539025,1.0,3,3,1.0,6,4,1.0
5406173,test,a38_39,no_static,2.9601789,3.4896688,1.0,3,3,1.0,2,4,1.0
5424030,test,a38_39,no_static,1.8598003,3.3914385,1.0,3,3,1.0,6,6,1.0
5425003,test,a38_39,no_static,1.8271396,2.986773,1.0,3,3,1.0,2,2,1.0
5430031,test,a38_39,no_static,1.8803086,0.0,1.0,3,2,1.0,6,6,1.0
5430171,test,a38_39,no_static,2.6623583,3.2527912,1.0,3,3,1.0,6,6,1.0
5443007,test,a38_39,no_static,1.9988127,0.0,1.0,3,2,1.0,2,2,1.0
5464032,test,a38_39,no_static,2.6975808,3.0959985,1.0,3,3,1.0,4,2,1.0
5488007,test,a38_39,no_static,2.7312388,2.388837,1.0,3,3,1.0,2,2,1.0
5494005,test,a38_39,no_static,2.5345435,2.6712263,1.0,3,3,1.0,6,6,1.0
5513030,test,a38_39,no_static,2.9807577,1.8739514,1.0,3,3,1.0,6,6,1.0
5549006,test,a38_39,no_static,2.6789758,3.2625797,1.0,3,3,1.0,2,3,1.0
5553173,test,a38_39,no_static,3.4357805,4.113696,1.0,3,3,1.0,2,2,1.0
5560186,test,a38_39,no_static,3.2115648,3.4533525,1.0,3,3,1.0,2,2,1.0
5569009,test,a38_39,no_static,2.789211,1.8774947,1.0,3,3,1.0,2,2,1.0
5570010,test,a38_39,no_static,3.0573206,3.7856972,1.0,3,3,1.0,2,4,1.0
5570012,test,a38_39,no_static,2.848304,3.5299022,1.0,3,3,1.0,2,2,1.0
5570033,test,a38_39,no_static,3.2691965,3.4081893,1.0,3,3,1.0,2,2,1.0
5576031,test,a38_39,no_static,2.508647,2.8607311,1.0,3,3,1.0,4,2,1.0
5614005,test,a38_39,no_static,2.6098604,3.0700378,1.0,3,3,1.0,4,4,1.0
5615010,test,a38_39,no_static,3.0584898,3.3347914,1.0,3,3,1.0,6,2,1.0
5615181,test,a38_39,no_static,3.1121383,3.64069,1.0,3,3,1.0,2,2,1.0
5621170,test,a38_39,no_static,2.8933458,2.8751972,1.0,3,3,1.0,2,2,1.0
5626010,test,a38_39,no_static,2.969504,3.6983402,1.0,3,3,1.0,2,4,1.0
5634188,test,a38_39,no_static,3.1430855,3.7130666,1.0,3,3,1.0,2,5,1.0
5635031,test,a38_39,no_static,2.663001,3.0341442,1.0,3,3,1.0,2,2,1.0
5646006,test,a38_39,no_static,1.3472686,1.4691843,1.0,2,2,1.0,6,6,1.0
5660005,test,a38_39,no_static,3.0345376,3.3618436,1.0,3,3,1.0,4,2,1.0
5664003,test,a38_39,no_static,1.479899,2.5328875,1.0,2,3,1.0,6,6,1.0
5676007,test,a38_39,no_static,3.002676,3.2290735,1.0,3,3,1.0,2,2,1.0
5678030,test,a38_39,no_static,2.400774,2.5460799,1.0,3,2,1.0,6,6,1.0
5684034,test,a38_39,no_static,3.6472218,4.285655,1.0,3,3,1.0,2,4,1.0
5784005,test,a38_39,no_static,1.1711674,0.98314327,1.0,2,2,1.0,6,6,1.0
5819005,test,a38_39,no_static,1.6967115,0.0,1.0,3,2,1.0,6,6,1.0
5821008,test,a38_39,no_static,2.848304,2.9653394,1.0,3,3,1.0,2,2,1.0
5863033,test,a38_39,no_static,1.3599195,2.2691305,1.0,2,3,1.0,6,6,1.0
5921003,test,a38_39,no_static,2.583432,2.8987672,1.0,3,3,1.0,4,6,1.0
5922010,test,a38_39,no_static,2.9155436,3.0221944,1.0,3,3,1.0,6,6,1.0
5938031,test,a38_39,no_static,2.6663616,0.0,1.0,3,2,1.0,6,6,1.0
5960033,test,a38_39,no_static,2.5382688,2.9610908,1.0,3,3,1.0,6,6,1.0
5995005,test,a38_39,no_static,1.649649,3.1931083,1.0,3,3,1.0,6,6,1.0
6028032,test,a38_39,no_static,2.2449083,3.2903967,1.0,3,3,1.0,6,6,1.0
6030005,test,a38_39,no_static,3.4807222,3.3618436,1.0,3,3,1.0,6,6,1.0
6030008,test,a38_39,no_static,3.204428,3.4057453,1.0,3,3,1.0,6,6,1.0
6093006,test,a38_39,no_static,1.2086964,2.8947754,1.0,2,3,1.0,6,6,1.0
6093011,test,a38_39,no_static,2.137965,2.4029288,1.0,3,3,1.0,6,6,1.0
6114182,test,a38_39,no_static,2.6484458,0.0,1.0,3,-1,0.0,4,4,1.0
6120195,test,a38_39,no_static,1.5768712,0.0,1.0,3,2,1.0,2,2,1.0
6121030,test,a38_39,no_static,3.12146,3.990114,1.0,3,3,1.0,6,6,1.0
6179003,test,a38_39,no_static,3.2995906,3.4187503,1.0,3,3,1.0,2,2,1.0
6179170,test,a38_39,no_static,1.3293326,0.0,1.0,2,2,1.0,2,2,1.0
6191006,test,a38_39,no_static,2.8285577,3.497985,1.0,3,3,1.0,4,2,1.0
6200175,test,a38_39,no_static,3.3296423,0.0,0.0,3,-1,0.0,2,-1,0.0
6210007,test,a38_39,no_static,3.4860315,3.3717976,1.0,3,3,1.0,2,2,1.0
6210008,test,a38_39,no_static,2.5013206,2.1378505,1.0,3,2,1.0,6,2,1.0
6350007,test,a38_39,no_static,2.8021743,3.0180361,1.0,3,3,1.0,2,2,1.0
6365010,test,a38_39,no_static,1.233615,2.5992112,1.0,2,3,1.0,6,6,1.0
6365011,test,a38_39,no_static,2.156518,0.0,1.0,3,2,1.0,2,2,1.0
6365177,test,a38_39,no_static,2.464452,3.1111588,1.0,3,3,1.0,2,2,1.0
6381008,test,a38_39,no_static,2.6426365,4.452307,1.0,3,2,1.0,2,4,1.0
6444003,test,a38_39,no_static,2.4685261,3.2238517,1.0,3,3,1.0,2,2,1.0
6475006,test,a38_39,no_static,1.1217638,1.6452125,1.0,2,3,1.0,6,6,1.0
6475007,test,a38_39,no_static,1.1187775,2.188878,1.0,2,3,1.0,6,6,1.0
6509004,test,a38_39,no_static,2.8041005,3.403105,1.0,3,3,1.0,6,2,1.0
6545008,test,a38_39,no_static,3.4359703,3.8777459,1.0,3,3,1.0,2,2,1.0
6571003,test,a38_39,no_static,2.8060992,3.6925054,1.0,3,3,1.0,6,6,1.0
6635009,test,a38_39,no_static,1.3223671,0.0,1.0,2,2,1.0,6,6,1.0
6663030,test,a38_39,no_static,3.461459,3.9113111,1.0,3,3,1.0,6,6,1.0
6674003,test,a38_39,no_static,3.3807735,4.0220346,1.0,3,3,1.0,4,3,1.0
6674005,test,a38_39,no_static,3.4069407,0.0,1.0,3,2,1.0,4,4,1.0
6736181,test,a38_39,no_static,2.430101,2.6061158,1.0,3,3,1.0,2,2,1.0
6740003,test,a38_39,no_static,2.513785,2.8639922,1.0,3,3,1.0,2,2,1.0
6769008,test,a38_39,no_static,2.5729885,0.0,0.0,3,-1,0.0,4,-1,0.0
6779033,test,a38_39,no_static,1.4611875,0.0,1.0,3,2,1.0,6,6,1.0
6030,test,a40_41,no_static,3.5990567,3.7499423,1.0,3,3,1.0,2,2,1.0
10030,test,a40_41,no_static,3.737899,4.559393,1.0,3,3,1.0,2,2,1.0
41008,test,a40_41,no_static,2.8681574,0.0,1.0,3,2,1.0,2,3,1.0
68003,test,a40_41,no_static,3.253388,4.0359044,1.0,3,3,1.0,2,2,1.0
127030,test,a40_41,no_static,3.385513,1.9284004,1.0,3,3,1.0,6,2,1.0
127031,test,a40_41,no_static,3.5550656,2.6091545,1.0,3,3,1.0,2,4,1.0
129031,test,a40_41,no_static,1.4420342,2.0290809,1.0,2,3,1.0,6,6,1.0
129196,test,a40_41,no_static,2.4650402,0.0,1.0,3,2,1.0,2,2,1.0
165030,test,a40_41,no_static,3.2370005,3.9474757,1.0,3,3,1.0,6,2,1.0
284004,test,a40_41,no_static,3.7612624,4.279761,1.0,3,3,1.0,2,2,1.0
301032,test,a40_41,no_static,3.6876867,4.00551,1.0,3,3,1.0,2,2,1.0
327003,test,a40_41,no_static,3.1845803,3.8113515,1.0,3,3,1.0,2,2,1.0
327171,test,a40_41,no_static,3.5199096,1.4956659,1.0,3,3,1.0,2,2,1.0
327172,test,a40_41,no_static,2.740996,2.1790605,1.0,3,3,1.0,2,2,1.0
331005,test,a40_41,no_static,3.8400898,4.282937,1.0,3,3,1.0,2,2,1.0
344178,test,a40_41,no_static,3.086923,3.44694,1.0,3,3,1.0,2,2,1.0
461030,test,a40_41,no_static,3.390783,2.8327258,1.0,3,3,1.0,2,2,1.0
486004,test,a40_41,no_static,3.2232823,3.858834,1.0,3,3,1.0,2,2,1.0
563183,test,a40_41,no_static,1.4420567,0.0,1.0,2,2,1.0,2,2,1.0
577004,test,a40_41,no_static,2.715666,3.18551,1.0,3,3,1.0,2,2,1.0
607030,test,a40_41,no_static,3.4625034,4.129383,1.0,3,3,1.0,2,2,1.0
613173,test,a40_41,no_static,3.6413321,4.710525,1.0,3,3,1.0,2,2,1.0
634008,test,a40_41,no_static,3.3754144,0.0,1.0,3,2,1.0,2,2,1.0
652005,test,a40_41,no_static,2.9721646,3.578778,1.0,3,3,1.0,2,2,1.0
672003,test,a40_41,no_static,1.3513669,3.6452837,1.0,2,3,1.0,2,4,1.0
691175,test,a40_41,no_static,3.5147972,3.0671463,1.0,3,3,1.0,2,2,1.0
699031,test,a40_41,no_static,2.0803707,3.5188198,1.0,3,3,1.0,6,6,1.0
722178,test,a40_41,no_static,1.3625602,2.6435707,1.0,3,2,1.0,2,2,1.0
771003,test,a40_41,no_static,2.946402,3.6737127,1.0,3,3,1.0,4,2,1.0
775005,test,a40_41,no_static,3.15653,0.7834087,1.0,3,2,1.0,6,2,1.0
796006,test,a40_41,no_static,3.3527718,3.935453,1.0,3,3,1.0,6,6,1.0
844003,test,a40_41,no_static,2.543873,3.3626049,1.0,3,3,1.0,2,2,1.0
863006,test,a40_41,no_static,3.2691677,1.3168756,1.0,3,2,1.0,2,2,1.0
863173,test,a40_41,no_static,3.2706826,3.9154449,1.0,3,3,1.0,2,2,1.0
866172,test,a40_41,no_static,2.729773,2.6542404,1.0,3,3,1.0,6,2,1.0
868005,test,a40_41,no_static,3.3987446,0.0,0.0,3,-1,0.0,2,-1,0.0
875030,test,a40_41,no_static,1.6281452,0.0,1.0,3,2,1.0,2,2,1.0
897006,test,a40_41,no_static,2.8101397,2.0627527,1.0,3,2,1.0,2,4,1.0
922171,test,a40_41,no_static,3.0141501,4.4280105,1.0,3,3,1.0,2,2,1.0
934030,test,a40_41,no_static,3.5756779,4.2702847,1.0,3,3,1.0,2,2,1.0
935005,test,a40_41,no_static,2.4302154,2.9372149,1.0,3,3,1.0,2,2,1.0
935176,test,a40_41,no_static,3.2858288,3.1244323,1.0,3,3,1.0,2,2,1.0
939030,test,a40_41,no_static,3.5922396,1.1140053,1.0,3,3,1.0,2,2,1.0
964003,test,a40_41,no_static,1.4797318,2.2928271,1.0,3,3,1.0,6,6,1.0
970004,test,a40_41,no_static,3.4520593,1.595321,1.0,3,3,1.0,2,2,1.0
982004,test,a40_41,no_static,2.990078,3.5209594,1.0,3,3,1.0,2,2,1.0
1033030,test,a40_41,no_static,3.1189709,4.8614855,1.0,3,3,1.0,2,2,1.0
1036003,test,a40_41,no_static,3.4829273,2.884099,1.0,3,3,1.0,4,2,1.0
1048006,test,a40_41,no_static,2.705871,2.782191,1.0,3,3,1.0,2,2,1.0
1055172,test,a40_41,no_static,2.1415846,3.6848996,1.0,3,3,1.0,2,2,1.0
1060175,test,a40_41,no_static,3.1635985,2.5155134,1.0,3,3,1.0,2,2,1.0
1064171,test,a40_41,no_static,3.4909222,3.8597128,1.0,3,3,1.0,2,2,1.0
1072171,test,a40_41,no_static,3.2197442,3.5870097,1.0,3,3,1.0,2,2,1.0
1084175,test,a40_41,no_static,2.5961447,0.12959567,1.0,3,2,1.0,2,2,1.0
1100172,test,a40_41,no_static,3.095446,3.9865384,1.0,3,3,1.0,2,2,1.0
1141171,test,a40_41,no_static,2.4761038,2.8288498,1.0,3,3,1.0,4,2,1.0
1142030,test,a40_41,no_static,3.402615,3.49205,1.0,3,3,1.0,2,3,1.0
1144032,test,a40_41,no_static,3.4004874,4.25247,1.0,3,3,1.0,2,2,1.0
1149171,test,a40_41,no_static,2.903615,3.7665071,1.0,3,3,1.0,6,2,1.0
1162030,test,a40_41,no_static,3.0098343,3.5748012,1.0,3,3,1.0,2,2,1.0
1167030,test,a40_41,no_static,1.3214905,0.0,1.0,2,2,1.0,6,6,1.0
1168008,test,a40_41,no_static,2.4163373,3.210248,1.0,3,3,1.0,4,3,1.0
1222179,test,a40_41,no_static,2.7222283,2.767858,1.0,3,3,1.0,2,2,1.0
1260008,test,a40_41,no_static,2.8879688,2.63554,1.0,3,3,1.0,2,2,1.0
1269030,test,a40_41,no_static,3.3855524,4.243668,1.0,3,3,1.0,2,2,1.0
1292030,test,a40_41,no_static,3.21714,0.8605063,1.0,3,2,1.0,4,4,1.0
1298005,test,a40_41,no_static,2.6281972,3.515135,1.0,3,3,1.0,2,2,1.0
1306030,test,a40_41,no_static,4.056216,4.886779,1.0,3,3,1.0,2,2,1.0
1335179,test,a40_41,no_static,2.7810981,3.2139137,1.0,3,3,1.0,2,2,1.0
1353030,test,a40_41,no_static,1.8501904,0.0,1.0,3,2,1.0,2,2,1.0
1384030,test,a40_41,no_static,3.0254745,3.8051383,1.0,3,3,1.0,2,2,1.0
1399008,test,a40_41,no_static,2.3305202,4.0544734,1.0,3,2,1.0,2,4,1.0
1415004,test,a40_41,no_static,2.610914,2.0535257,1.0,3,2,1.0,2,2,1.0
1430005,test,a40_41,no_static,2.0353181,0.0,1.0,3,2,1.0,6,6,1.0
1431003,test,a40_41,no_static,3.642736,4.008891,1.0,3,3,1.0,2,2,1.0
1431004,test,a40_41,no_static,2.9146664,0.0,1.0,3,2,1.0,2,2,1.0
1431172,test,a40_41,no_static,3.6618624,4.6023507,1.0,3,3,1.0,2,2,1.0
1462004,test,a40_41,no_static,2.098335,1.7540548,1.0,3,3,1.0,2,2,1.0
1520173,test,a40_41,no_static,3.1851943,3.8882296,1.0,3,3,1.0,2,2,1.0
1522175,test,a40_41,no_static,3.4738173,4.5083756,1.0,3,3,1.0,2,2,1.0
1542006,test,a40_41,no_static,3.0687356,4.433782,1.0,3,3,1.0,4,2,1.0
1542177,test,a40_41,no_static,3.4307225,4.2022185,1.0,3,3,1.0,2,2,1.0
1567031,test,a40_41,no_static,3.073097,3.8071828,1.0,3,3,1.0,6,6,1.0
1608031,test,a40_41,no_static,2.9422123,3.1444824,1.0,3,3,1.0,2,4,1.0
1612003,test,a40_41,no_static,3.4771314,4.1677203,1.0,3,3,1.0,2,4,1.0
1621003,test,a40_41,no_static,2.2084308,3.2300382,1.0,3,3,1.0,2,2,1.0
1648003,test,a40_41,no_static,3.1337624,2.9066825,1.0,3,3,1.0,2,2,1.0
1648030,test,a40_41,no_static,2.878241,3.3073823,1.0,3,2,1.0,6,6,1.0
1670172,test,a40_41,no_static,2.8681574,2.9212708,1.0,3,3,1.0,2,2,1.0
1684170,test,a40_41,no_static,1.2408,0.0,0.0,2,-1,0.0,2,-1,0.0
1690030,test,a40_41,no_static,3.422555,3.6953304,1.0,3,3,1.0,2,2,1.0
1692176,test,a40_41,no_static,3.2189612,3.8142254,1.0,3,3,1.0,2,2,1.0
1695030,test,a40_41,no_static,2.8889613,2.9304814,1.0,3,3,1.0,6,2,1.0
1697036,test,a40_41,no_static,3.164115,0.0,1.0,3,3,1.0,6,2,1.0
1698170,test,a40_41,no_static,2.753893,2.7524128,1.0,3,3,1.0,2,2,1.0
1700031,test,a40_41,no_static,2.9858828,3.4132857,1.0,3,3,1.0,2,4,1.0
1701003,test,a40_41,no_static,3.3416266,4.083866,1.0,3,3,1.0,6,6,1.0
1711003,test,a40_41,no_static,2.3367903,2.6030054,1.0,3,3,1.0,2,2,1.0
1711171,test,a40_41,no_static,3.0179734,1.7564632,1.0,3,3,1.0,2,2,1.0
1732005,test,a40_41,no_static,2.8825927,3.6597633,1.0,3,3,1.0,6,4,1.0
1762187,test,a40_41,no_static,2.0057714,2.3030276,1.0,3,3,1.0,4,3,1.0
1786187,test,a40_41,no_static,2.9634278,3.3871381,1.0,3,3,1.0,2,2,1.0
1837006,test,a40_41,no_static,3.2991297,2.9212708,1.0,3,3,1.0,2,2,1.0
1850172,test,a40_41,no_static,2.181428,3.478806,1.0,3,3,1.0,2,2,1.0
1878030,test,a40_41,no_static,2.9084947,0.0,1.0,3,2,1.0,2,4,1.0
1879030,test,a40_41,no_static,3.0421567,4.0048003,1.0,3,3,1.0,2,2,1.0
1905004,test,a40_41,no_static,3.31247,3.8047087,1.0,3,3,1.0,2,2,1.0
1919009,test,a40_41,no_static,3.3874269,2.2302382,1.0,3,3,1.0,2,2,1.0
1935004,test,a40_41,no_static,2.9564283,3.016735,1.0,3,3,1.0,4,2,1.0
1936030,test,a40_41,no_static,2.4955857,1.4956659,1.0,3,3,1.0,2,2,1.0
1978171,test,a40_41,no_static,2.7808564,2.6840017,1.0,3,3,1.0,2,2,1.0
2030031,test,a40_41,no_static,2.7801943,3.3526871,1.0,3,3,1.0,6,2,1.0
2117003,test,a40_41,no_static,3.104354,2.4012594,1.0,3,3,1.0,2,2,1.0
2150172,test,a40_41,no_static,2.1274498,2.8005123,1.0,3,2,1.0,2,2,1.0
2199182,test,a40_41,no_static,2.5064762,4.0846477,1.0,3,3,1.0,2,2,1.0
2206030,test,a40_41,no_static,3.4331317,2.9928195,1.0,3,3,1.0,4,2,1.0
2212031,test,a40_41,no_static,3.951538,4.4331484,1.0,3,3,1.0,2,2,1.0
2238004,test,a40_41,no_static,3.0865345,3.9032092,1.0,3,3,1.0,2,4,1.0
2238172,test,a40_41,no_static,3.2584443,4.278098,1.0,3,3,1.0,2,3,1.0
2252172,test,a40_41,no_static,2.7226138,3.153995,1.0,3,3,1.0,2,2,1.0
2255030,test,a40_41,no_static,4.095228,4.886779,1.0,3,3,1.0,2,2,1.0
2277008,test,a40_41,no_static,2.797704,2.7901263,1.0,3,3,1.0,2,2,1.0
2311172,test,a40_41,no_static,2.1401289,0.74044657,1.0,3,3,1.0,2,2,1.0
2330003,test,a40_41,no_static,3.4700403,3.858834,1.0,3,3,1.0,2,2,1.0
2338003,test,a40_41,no_static,3.156783,4.6548495,1.0,3,3,1.0,6,2,1.0
2341004,test,a40_41,no_static,2.8251772,3.0886452,1.0,3,3,1.0,2,4,1.0
2341005,test,a40_41,no_static,2.790974,2.4084687,1.0,3,3,1.0,2,2,1.0
2354004,test,a40_41,no_static,2.1014876,2.5044913,1.0,3,3,1.0,2,2,1.0
2392004,test,a40_41,no_static,2.5157611,0.0,0.0,3,-1,0.0,2,-1,0.0
2393005,test,a40_41,no_static,3.772111,3.6807222,1.0,3,3,1.0,2,2,1.0
2393171,test,a40_41,no_static,2.5435214,3.9681766,1.0,3,3,1.0,2,2,1.0
2409006,test,a40_41,no_static,2.4366772,0.0,0.0,3,-1,0.0,2,-1,0.0
2409171,test,a40_41,no_static,3.0067363,3.0480464,1.0,3,3,1.0,2,4,1.0
2422178,test,a40_41,no_static,3.2200165,3.4296312,1.0,3,3,1.0,2,2,1.0
2459030,test,a40_41,no_static,3.0131426,3.9497616,1.0,3,3,1.0,2,2,1.0
2474030,test,a40_41,no_static,3.1958332,4.079769,1.0,3,3,1.0,2,2,1.0
2474171,test,a40_41,no_static,2.422928,0.0,1.0,3,2,1.0,2,2,1.0
2485173,test,a40_41,no_static,2.9690254,2.5871267,1.0,3,3,1.0,4,4,1.0
2496172,test,a40_41,no_static,2.1538508,3.3445346,1.0,3,3,1.0,4,2,1.0
2502005,test,a40_41,no_static,2.9328024,3.3588138,1.0,3,3,1.0,2,2,1.0
2510171,test,a40_41,no_static,3.2268658,4.455336,1.0,3,3,1.0,2,2,1.0
2525174,test,a40_41,no_static,3.2618365,0.0,1.0,3,2,1.0,2,2,1.0
2530184,test,a40_41,no_static,2.8897026,0.0,1.0,3,2,1.0,2,2,1.0
2547171,test,a40_41,no_static,3.5706863,4.540295,1.0,3,3,1.0,2,2,1.0
2580030,test,a40_41,no_static,4.0114193,4.8289323,1.0,3,3,1.0,2,2,1.0
2593171,test,a40_41,no_static,3.6097763,4.5567827,1.0,3,3,1.0,2,4,1.0
2615031,test,a40_41,no_static,3.3285518,3.1635318,1.0,3,3,1.0,2,2,1.0
2642030,test,a40_41,no_static,2.7155225,3.5686162,1.0,3,3,1.0,2,2,1.0
2655002,test,a40_41,no_static,1.6200526,0.0,1.0,3,2,1.0,2,2,1.0
2705031,test,a40_41,no_static,3.4108288,3.5910182,1.0,3,3,1.0,2,4,1.0
2707179,test,a40_41,no_static,2.8213599,3.1097243,1.0,3,3,1.0,2,2,1.0
2714031,test,a40_41,no_static,3.194785,4.4998927,1.0,3,3,1.0,2,3,1.0
2717004,test,a40_41,no_static,3.4160168,3.5781584,1.0,3,3,1.0,2,2,1.0
2738171,test,a40_41,no_static,3.4304438,4.0232816,1.0,3,3,1.0,2,2,1.0
2794003,test,a40_41,no_static,3.287643,3.718102,1.0,3,3,1.0,6,2,1.0
2845030,test,a40_41,no_static,2.5842214,3.4900744,1.0,3,3,1.0,6,2,1.0
2847030,test,a40_41,no_static,3.1928532,3.4371748,1.0,3,3,1.0,4,4,1.0
2848174,test,a40_41,no_static,2.0930817,0.0,1.0,3,3,1.0,6,2,1.0
2852006,test,a40_41,no_static,1.6652792,1.7842062,1.0,3,3,1.0,2,2,1.0
2852030,test,a40_41,no_static,3.121436,3.4605064,1.0,3,3,1.0,2,4,1.0
2869170,test,a40_41,no_static,3.052309,4.2101345,1.0,3,3,1.0,2,2,1.0
2897006,test,a40_41,no_static,2.820833,0.0,1.0,3,3,1.0,6,2,1.0
2900171,test,a40_41,no_static,3.4409552,3.6409497,1.0,3,3,1.0,2,2,1.0
2907006,test,a40_41,no_static,2.7530575,2.6187103,1.0,3,3,1.0,2,2,1.0
2920030,test,a40_41,no_static,3.3917508,0.0,0.0,3,-1,0.0,6,-1,0.0
3107001,test,a40_41,no_static,3.0526028,3.2733867,1.0,3,3,1.0,2,2,1.0
3137007,test,a40_41,no_static,2.5880718,2.5467622,1.0,3,3,1.0,6,6,1.0
3283002,test,a40_41,no_static,3.625088,3.921005,1.0,3,3,1.0,2,6,1.0
3492001,test,a40_41,no_static,3.305367,0.0,1.0,3,2,1.0,6,2,1.0
5016170,test,a40_41,no_static,2.9922898,2.2421632,1.0,3,3,1.0,2,4,1.0
5082003,test,a40_41,no_static,3.5576215,3.9932265,1.0,3,3,1.0,6,4,1.0
5145032,test,a40_41,no_static,3.194873,3.1170058,1.0,3,3,1.0,6,6,1.0
5163030,test,a40_41,no_static,3.0258799,2.9642875,1.0,3,3,1.0,2,4,1.0
5177171,test,a40_41,no_static,1.9314814,0.49211225,1.0,3,2,1.0,6,6,1.0
5199178,test,a40_41,no_static,2.9978292,3.59953,1.0,3,3,1.0,2,2,1.0
5241030,test,a40_41,no_static,2.8729608,3.5749753,1.0,3,3,1.0,6,6,1.0
5264004,test,a40_41,no_static,3.328633,3.5120373,1.0,3,3,1.0,2,2,1.0
5294003,test,a40_41,no_static,3.4445348,3.654262,1.0,3,3,1.0,2,2,1.0
5299172,test,a40_41,no_static,2.809053,3.1953952,1.0,3,3,1.0,2,2,1.0
5306002,test,a40_41,no_static,2.7641776,0.3266577,1.0,3,2,1.0,2,6,1.0
5350030,test,a40_41,no_static,2.5206137,3.3050623,1.0,3,3,1.0,4,6,1.0
5364006,test,a40_41,no_static,3.2824247,4.7806487,1.0,3,3,1.0,6,6,1.0
5366033,test,a40_41,no_static,2.988475,3.8141546,1.0,3,3,1.0,6,4,1.0
5406173,test,a40_41,no_static,2.977621,3.6509905,1.0,3,3,1.0,2,4,1.0
5424030,test,a40_41,no_static,1.8951924,1.3657057,1.0,3,3,1.0,6,6,1.0
5425003,test,a40_41,no_static,1.8653003,2.8280425,1.0,3,3,1.0,2,2,1.0
5430031,test,a40_41,no_static,1.9015279,0.6298249,1.0,3,2,1.0,6,6,1.0
5430171,test,a40_41,no_static,2.6942375,2.7871172,1.0,3,3,1.0,6,6,1.0
5443007,test,a40_41,no_static,2.0349894,3.016735,1.0,3,3,1.0,2,2,1.0
5464032,test,a40_41,no_static,2.7180393,1.6090235,1.0,3,2,1.0,4,2,1.0
5488007,test,a40_41,no_static,2.749773,2.6505947,1.0,3,3,1.0,2,2,1.0
5494005,test,a40_41,no_static,2.5617757,3.4877887,1.0,3,3,1.0,6,2,1.0
5513030,test,a40_41,no_static,2.999405,0.0,1.0,3,3,1.0,6,6,1.0
5549006,test,a40_41,no_static,2.6964428,3.1447468,1.0,3,2,1.0,2,3,1.0
5553173,test,a40_41,no_static,3.4436593,4.0601115,1.0,3,3,1.0,2,2,1.0
5560186,test,a40_41,no_static,3.2298822,3.5258186,1.0,3,3,1.0,2,2,1.0
5569009,test,a40_41,no_static,2.8081245,3.5397089,1.0,3,3,1.0,2,3,1.0
5570010,test,a40_41,no_static,3.0758603,3.7746825,1.0,3,3,1.0,2,4,1.0
5570012,test,a40_41,no_static,2.8681574,3.5320323,1.0,3,3,1.0,2,2,1.0
5570033,test,a40_41,no_static,3.2824996,3.0667183,1.0,3,3,1.0,2,2,1.0
5576031,test,a40_41,no_static,2.5249174,2.7843602,1.0,3,3,1.0,4,2,1.0
5614005,test,a40_41,no_static,2.6306567,1.4687297,1.0,3,2,1.0,4,4,1.0
5615010,test,a40_41,no_static,3.0799177,3.456708,1.0,3,3,1.0,6,2,1.0
5615181,test,a40_41,no_static,3.1274335,3.760343,1.0,3,3,1.0,2,2,1.0
5621170,test,a40_41,no_static,2.9149547,2.9801733,1.0,3,3,1.0,2,2,1.0
5626010,test,a40_41,no_static,2.9857078,3.3771255,1.0,3,3,1.0,2,4,1.0
5634188,test,a40_41,no_static,3.1567714,4.2273045,1.0,3,3,1.0,2,5,1.0
5635031,test,a40_41,no_static,2.6670167,2.0191162,1.0,3,2,1.0,2,2,1.0
5646006,test,a40_41,no_static,1.4018192,0.6864259,1.0,2,2,1.0,6,6,1.0
5660005,test,a40_41,no_static,3.0488303,1.360323,1.0,3,3,1.0,4,3,1.0
5664003,test,a40_41,no_static,1.528358,2.423047,1.0,2,2,1.0,6,6,1.0
5676007,test,a40_41,no_static,3.021409,3.4555361,1.0,3,3,1.0,2,2,1.0
5678030,test,a40_41,no_static,2.4204285,0.0,1.0,3,2,1.0,6,6,1.0
5684034,test,a40_41,no_static,3.6322298,3.965506,1.0,3,3,1.0,2,2,1.0
5784005,test,a40_41,no_static,1.204478,0.544594,1.0,2,3,1.0,6,6,1.0
5819005,test,a40_41,no_static,1.7407038,0.0,1.0,3,3,1.0,6,6,1.0
5821008,test,a40_41,no_static,2.8681574,3.1290631,1.0,3,3,1.0,2,2,1.0
5863033,test,a40_41,no_static,1.4131533,2.174519,1.0,2,3,1.0,6,6,1.0
5921003,test,a40_41,no_static,2.601858,3.4085956,1.0,3,3,1.0,4,6,1.0
5922010,test,a40_41,no_static,2.9326642,4.886779,1.0,3,3,1.0,6,6,1.0
5938031,test,a40_41,no_static,2.685195,0.0,1.0,3,2,1.0,6,6,1.0
5960033,test,a40_41,no_static,2.5598288,3.553619,1.0,3,3,1.0,6,6,1.0
5995005,test,a40_41,no_static,1.6946234,0.0,1.0,3,2,1.0,6,6,1.0
6028032,test,a40_41,no_static,2.266205,3.255347,1.0,3,3,1.0,6,6,1.0
6030005,test,a40_41,no_static,3.4950256,3.3395429,1.0,3,3,1.0,6,2,1.0
6030008,test,a40_41,no_static,3.2228112,3.1301715,1.0,3,3,1.0,6,2,1.0
6093006,test,a40_41,no_static,1.2636232,3.1447468,1.0,2,3,1.0,6,6,1.0
6093011,test,a40_41,no_static,2.155817,3.3018157,1.0,3,3,1.0,6,6,1.0
6114182,test,a40_41,no_static,2.6717672,0.0,1.0,3,2,1.0,4,4,1.0
6120195,test,a40_41,no_static,1.6219716,0.0,1.0,3,3,1.0,2,3,1.0
6121030,test,a40_41,no_static,3.1339223,3.929484,1.0,3,3,1.0,6,6,1.0
6179003,test,a40_41,no_static,3.3148482,3.4392455,1.0,3,3,1.0,2,2,1.0
6179170,test,a40_41,no_static,1.3835297,0.0,1.0,2,2,1.0,2,2,1.0
6191006,test,a40_41,no_static,2.846824,3.8172607,1.0,3,3,1.0,4,2,1.0
6200175,test,a40_41,no_static,3.339683,3.2527912,1.0,3,3,1.0,2,2,1.0
6210007,test,a40_41,no_static,3.48936,3.212376,1.0,3,3,1.0,2,2,1.0
6210008,test,a40_41,no_static,2.5214157,0.0,1.0,3,2,1.0,6,4,1.0
6350007,test,a40_41,no_static,2.8222651,3.1544933,1.0,3,3,1.0,2,2,1.0
6365010,test,a40_41,no_static,1.2875159,3.0165422,1.0,2,3,1.0,6,6,1.0
6365011,test,a40_41,no_static,2.1858215,0.0,1.0,3,2,1.0,2,2,1.0
6365177,test,a40_41,no_static,2.496843,3.6634784,1.0,3,3,1.0,2,2,1.0
6381008,test,a40_41,no_static,2.669623,0.0,1.0,3,2,1.0,2,4,1.0
6444003,test,a40_41,no_static,2.4993558,2.9807694,1.0,3,3,1.0,2,2,1.0
6475006,test,a40_41,no_static,1.1546229,0.0,1.0,2,2,1.0,6,6,1.0
6475007,test,a40_41,no_static,1.1651467,3.4318714,1.0,2,3,1.0,6,6,1.0
6509004,test,a40_41,no_static,2.831225,3.3419354,1.0,3,3,1.0,6,2,1.0
6545008,test,a40_41,no_static,3.450951,0.0,1.0,3,3,1.0,2,2,1.0
6571003,test,a40_41,no_static,2.821394,4.2124395,1.0,3,3,1.0,6,6,1.0
6635009,test,a40_41,no_static,1.377451,0.0,1.0,2,2,1.0,6,6,1.0
6663030,test,a40_41,no_static,3.4762087,4.0755825,1.0,3,3,1.0,6,6,1.0
6674003,test,a40_41,no_static,3.3951933,4.3560786,1.0,3,3,1.0,4,4,1.0
6674005,test,a40_41,no_static,3.4217997,0.0,1.0,3,2,1.0,4,4,1.0
6736181,test,a40_41,no_static,2.454412,2.6303368,1.0,3,3,1.0,2,2,1.0
6740003,test,a40_41,no_static,2.5321617,2.6061158,1.0,3,3,1.0,2,2,1.0
6769008,test,a40_41,no_static,2.5983753,2.2111993,1.0,3,3,1.0,4,3,1.0
6779033,test,a40_41,no_static,1.4883372,0.0,1.0,3,2,1.0,6,6,1.0
6030,test,a42_43,no_static,3.5908556,4.018007,1.0,3,3,1.0,2,2,1.0
10030,test,a42_43,no_static,3.7165337,4.516398,1.0,3,3,1.0,2,2,1.0
41008,test,a42_43,no_static,2.8726404,0.0,1.0,3,2,1.0,2,4,1.0
68003,test,a42_43,no_static,3.2545452,3.703213,1.0,3,3,1.0,2,2,1.0
127030,test,a42_43,no_static,3.37229,0.0,0.0,3,-1,0.0,6,-1,0.0
127031,test,a42_43,no_static,3.5278525,3.1822217,1.0,3,3,1.0,2,4,1.0
129031,test,a42_43,no_static,1.4721056,2.110738,1.0,2,3,1.0,6,6,1.0
129196,test,a42_43,no_static,2.4847574,0.0,1.0,3,2,1.0,2,2,1.0
165030,test,a42_43,no_static,3.2184832,4.0063634,1.0,3,3,1.0,6,2,1.0
284004,test,a42_43,no_static,3.7499928,4.437202,1.0,3,3,1.0,2,2,1.0
301032,test,a42_43,no_static,3.665135,3.9811094,1.0,3,3,1.0,2,2,1.0
327003,test,a42_43,no_static,3.1721525,3.8643053,1.0,3,3,1.0,2,2,1.0
327171,test,a42_43,no_static,3.5143805,2.8548763,1.0,3,3,1.0,2,2,1.0
327172,test,a42_43,no_static,2.7505136,3.2091634,1.0,3,3,1.0,2,2,1.0
331005,test,a42_43,no_static,3.8210554,4.2756553,1.0,3,3,1.0,2,2,1.0
344178,test,a42_43,no_static,3.0910022,3.4481115,1.0,3,3,1.0,2,2,1.0
461030,test,a42_43,no_static,3.387793,3.3523545,1.0,3,3,1.0,2,2,1.0
486004,test,a42_43,no_static,3.2237089,3.933598,1.0,3,3,1.0,2,2,1.0
563183,test,a42_43,no_static,1.5116861,0.0,1.0,3,2,1.0,2,2,1.0
577004,test,a42_43,no_static,2.7294564,2.9315493,1.0,3,3,1.0,2,2,1.0
607030,test,a42_43,no_static,3.4668674,3.9962149,1.0,3,3,1.0,2,2,1.0
613173,test,a42_43,no_static,3.6299062,4.227375,1.0,3,3,1.0,2,2,1.0
634008,test,a42_43,no_static,3.375183,0.0,1.0,3,2,1.0,2,2,1.0
652005,test,a42_43,no_static,2.9781199,3.6719475,1.0,3,3,1.0,2,2,1.0
672003,test,a42_43,no_static,1.4240745,3.808172,1.0,3,3,1.0,2,4,1.0
691175,test,a42_43,no_static,3.4998493,3.1299195,1.0,3,3,1.0,2,2,1.0
699031,test,a42_43,no_static,2.111279,3.583789,1.0,3,3,1.0,6,6,1.0
722178,test,a42_43,no_static,1.4254496,2.521224,1.0,3,3,1.0,2,2,1.0
771003,test,a42_43,no_static,2.9496098,3.6820703,1.0,3,3,1.0,4,2,1.0
775005,test,a42_43,no_static,3.1355267,0.8922645,1.0,3,2,1.0,6,2,1.0
796006,test,a42_43,no_static,3.3537235,3.7072225,1.0,3,3,1.0,6,6,1.0
844003,test,a42_43,no_static,2.5649967,3.515213,1.0,3,3,1.0,2,2,1.0
863006,test,a42_43,no_static,3.25462,1.3962052,1.0,3,3,1.0,2,2,1.0
863173,test,a42_43,no_static,3.2636719,4.0801353,1.0,3,3,1.0,2,2,1.0
866172,test,a42_43,no_static,2.7207162,3.1822217,1.0,3,3,1.0,6,2,1.0
868005,test,a42_43,no_static,3.398765,4.123802,1.0,3,3,1.0,2,2,1.0
875030,test,a42_43,no_static,1.6851844,0.0,1.0,3,2,1.0,2,2,1.0
897006,test,a42_43,no_static,2.822262,0.0,1.0,3,2,1.0,2,4,1.0
922171,test,a42_43,no_static,3.0201344,4.564996,1.0,3,3,1.0,2,2,1.0
934030,test,a42_43,no_static,3.5701368,4.243668,1.0,3,3,1.0,2,2,1.0
935005,test,a42_43,no_static,2.462774,2.483961,1.0,3,3,1.0,2,2,1.0
935176,test,a42_43,no_static,3.284801,3.3922262,1.0,3,3,1.0,2,2,1.0
939030,test,a42_43,no_static,3.5750804,0.0,1.0,3,2,1.0,2,2,1.0
964003,test,a42_43,no_static,1.5280778,2.023317,1.0,3,3,1.0,6,6,1.0
970004,test,a42_43,no_static,3.450131,3.4467251,1.0,3,3,1.0,2,2,1.0
982004,test,a42_43,no_static,2.9990757,3.616172,1.0,3,3,1.0,2,2,1.0
1033030,test,a42_43,no_static,3.1152306,4.886779,1.0,3,3,1.0,2,2,1.0
1036003,test,a42_43,no_static,3.4804323,3.3667955,1.0,3,3,1.0,4,2,1.0
1048006,test,a42_43,no_static,2.7119005,2.895511,1.0,3,3,1.0,2,2,1.0
1055172,test,a42_43,no_static,2.1975458,3.6527476,1.0,3,3,1.0,2,2,1.0
1060175,test,a42_43,no_static,3.1732805,2.5045755,1.0,3,3,1.0,2,2,1.0
1064171,test,a42_43,no_static,3.4832382,4.023821,1.0,3,3,1.0,2,2,1.0
1072171,test,a42_43,no_static,3.216856,2.8696802,1.0,3,3,1.0,2,2,1.0
1084175,test,a42_43,no_static,2.613085,0.0,1.0,3,2,1.0,2,2,1.0
1100172,test,a42_43,no_static,3.1039028,3.9111626,1.0,3,3,1.0,2,2,1.0
1141171,test,a42_43,no_static,2.5011766,3.0497952,1.0,3,3,1.0,4,4,1.0
1142030,test,a42_43,no_static,3.4067016,3.3326652,1.0,3,3,1.0,2,4,1.0
1144032,test,a42_43,no_static,3.4003356,4.289485,1.0,3,3,1.0,2,2,1.0
1149171,test,a42_43,no_static,2.8806648,3.9254675,1.0,3,3,1.0,6,2,1.0
1162030,test,a42_43,no_static,3.0231872,3.525854,1.0,3,3,1.0,2,2,1.0
1167030,test,a42_43,no_static,1.3950901,0.0,1.0,3,3,1.0,6,6,1.0
1168008,test,a42_43,no_static,2.4609606,3.535023,1.0,3,3,1.0,4,3,1.0
1222179,test,a42_43,no_static,2.729964,2.8725085,1.0,3,3,1.0,2,2,1.0
1260008,test,a42_43,no_static,2.8971486,2.7313974,1.0,3,3,1.0,2,2,1.0
1269030,test,a42_43,no_static,3.385789,4.3682094,1.0,3,3,1.0,2,2,1.0
1292030,test,a42_43,no_static,3.2184958,0.0,1.0,3,2,1.0,4,4,1.0
1298005,test,a42_43,no_static,2.6470768,3.5551443,1.0,3,3,1.0,2,2,1.0
1306030,test,a42_43,no_static,4.0444655,4.886779,1.0,3,3,1.0,2,2,1.0
1335179,test,a42_43,no_static,2.7962434,3.439407,1.0,3,3,1.0,2,2,1.0
1353030,test,a42_43,no_static,1.9184055,0.0,1.0,3,2,1.0,2,2,1.0
1384030,test,a42_43,no_static,3.0319676,3.6010532,1.0,3,3,1.0,2,2,1.0
1399008,test,a42_43,no_static,2.3427718,4.2632937,1.0,3,2,1.0,2,4,1.0
1415004,test,a42_43,no_static,2.6224694,1.6088175,1.0,3,3,1.0,2,2,1.0
1430005,test,a42_43,no_static,2.0545776,0.0,1.0,3,2,1.0,6,6,1.0
1431003,test,a42_43,no_static,3.6310425,4.011046,1.0,3,3,1.0,2,2,1.0
1431004,test,a42_43,no_static,2.9225564,1.4956659,1.0,3,3,1.0,2,2,1.0
1431172,test,a42_43,no_static,3.652132,4.584402,1.0,3,3,1.0,2,2,1.0
1462004,test,a42_43,no_static,2.1249375,3.3424077,1.0,3,3,1.0,2,2,1.0
1520173,test,a42_43,no_static,3.1858099,3.747171,1.0,3,3,1.0,2,2,1.0
1522175,test,a42_43,no_static,3.467016,4.696712,1.0,3,3,1.0,2,2,1.0
1542006,test,a42_43,no_static,3.07403,4.3451347,1.0,3,3,1.0,4,2,1.0
1542177,test,a42_43,no_static,3.421577,4.0403357,1.0,3,3,1.0,2,2,1.0
1567031,test,a42_43,no_static,3.0675178,3.7483754,1.0,3,3,1.0,6,6,1.0
1608031,test,a42_43,no_static,2.9549475,3.5092788,1.0,3,3,1.0,2,4,1.0
1612003,test,a42_43,no_static,3.4723058,4.0259957,1.0,3,3,1.0,2,4,1.0
1621003,test,a42_43,no_static,2.2356544,0.0,1.0,3,3,1.0,2,2,1.0
1648003,test,a42_43,no_static,3.1324537,2.5321536,1.0,3,3,1.0,2,2,1.0
1648030,test,a42_43,no_static,2.88461,0.6704159,1.0,3,2,1.0,6,6,1.0
1670172,test,a42_43,no_static,2.8726404,3.1949477,1.0,3,3,1.0,2,2,1.0
1684170,test,a42_43,no_static,1.289427,3.265041,1.0,3,3,1.0,2,2,1.0
1690030,test,a42_43,no_static,3.418397,3.680744,1.0,3,3,1.0,2,2,1.0
1692176,test,a42_43,no_static,3.2220771,3.9474757,1.0,3,3,1.0,2,2,1.0
1695030,test,a42_43,no_static,2.8922532,3.1937861,1.0,3,3,1.0,6,2,1.0
1697036,test,a42_43,no_static,3.140066,1.541289,1.0,3,3,1.0,2,2,1.0
1698170,test,a42_43,no_static,2.763201,2.7459342,1.0,3,3,1.0,2,2,1.0
1700031,test,a42_43,no_static,2.9961634,3.5983753,1.0,3,3,1.0,2,4,1.0
1701003,test,a42_43,no_static,3.3378758,4.1992106,1.0,3,3,1.0,6,6,1.0
1711003,test,a42_43,no_static,2.3517652,0.0,1.0,3,2,1.0,2,2,1.0
1711171,test,a42_43,no_static,3.0243638,0.0,1.0,3,2,1.0,2,2,1.0
1732005,test,a42_43,no_static,2.885015,4.4446826,1.0,3,3,1.0,2,4,1.0
1762187,test,a42_43,no_static,2.0216246,1.674252,1.0,3,3,1.0,4,3,1.0
1786187,test,a42_43,no_static,2.9738564,3.3329153,1.0,3,3,1.0,2,2,1.0
1837006,test,a42_43,no_static,3.302471,2.976302,1.0,3,3,1.0,2,2,1.0
1850172,test,a42_43,no_static,2.2183912,3.4697297,1.0,3,3,1.0,2,2,1.0
1878030,test,a42_43,no_static,2.9016147,2.5655892,1.0,3,3,1.0,2,4,1.0
1879030,test,a42_43,no_static,3.046693,4.0755825,1.0,3,3,1.0,2,2,1.0
1905004,test,a42_43,no_static,3.31141,4.7210507,1.0,3,3,1.0,2,2,1.0
1919009,test,a42_43,no_static,3.38465,2.1802564,1.0,3,3,1.0,2,2,1.0
1935004,test,a42_43,no_static,2.9586499,1.0762821,1.0,3,3,1.0,4,2,1.0
1936030,test,a42_43,no_static,2.513147,1.3160636,1.0,3,3,1.0,2,2,1.0
1978171,test,a42_43,no_static,2.7917106,2.9928195,1.0,3,3,1.0,2,2,1.0
2030031,test,a42_43,no_static,2.772392,3.3705976,1.0,3,3,1.0,6,2,1.0
2117003,test,a42_43,no_static,3.1000113,2.3713877,1.0,3,3,1.0,2,2,1.0
2150172,test,a42_43,no_static,2.1711836,3.0265424,1.0,3,3,1.0,2,4,1.0
2199182,test,a42_43,no_static,2.5262513,4.1060762,1.0,3,3,1.0,2,2,1.0
2206030,test,a42_43,no_static,3.4340794,2.9993773,1.0,3,3,1.0,4,2,1.0
2212031,test,a42_43,no_static,3.9287362,4.3677416,1.0,3,3,1.0,2,2,1.0
2238004,test,a42_43,no_static,3.0825107,4.0907726,1.0,3,3,1.0,2,4,1.0
2238172,test,a42_43,no_static,3.2548177,4.4151845,1.0,3,3,1.0,2,4,1.0
2252172,test,a42_43,no_static,2.7302098,3.0762377,1.0,3,3,1.0,2,2,1.0
2255030,test,a42_43,no_static,4.08038,4.6077914,1.0,3,3,1.0,2,2,1.0
2277008,test,a42_43,no_static,2.8062727,2.9075313,1.0,3,3,1.0,2,2,1.0
2311172,test,a42_43,no_static,2.1632545,2.0253,1.0,3,3,1.0,2,2,1.0
2330003,test,a42_43,no_static,3.4431977,4.706708,1.0,3,3,1.0,2,2,1.0
2338003,test,a42_43,no_static,3.140188,4.748924,1.0,3,3,1.0,6,2,1.0
2341004,test,a42_43,no_static,2.8284051,3.5317435,1.0,3,2,1.0,2,2,1.0
2341005,test,a42_43,no_static,2.8097427,4.5817747,1.0,3,3,1.0,2,2,1.0
2354004,test,a42_43,no_static,2.139933,2.3713877,1.0,3,3,1.0,2,2,1.0
2392004,test,a42_43,no_static,2.5409858,3.3104866,1.0,3,3,1.0,2,3,1.0
2393005,test,a42_43,no_static,3.755298,3.3018157,1.0,3,3,1.0,2,2,1.0
2393171,test,a42_43,no_static,2.5616083,4.596202,1.0,3,3,1.0,2,2,1.0
2409006,test,a42_43,no_static,2.4483278,3.8550358,1.0,3,3,1.0,2,4,1.0
2409171,test,a42_43,no_static,3.0044403,2.9554553,1.0,3,3,1.0,2,4,1.0
2422178,test,a42_43,no_static,3.217138,3.470292,1.0,3,3,1.0,2,2,1.0
2459030,test,a42_43,no_static,3.0108893,4.0590634,1.0,3,3,1.0,2,2,1.0
2474030,test,a42_43,no_static,3.2003984,4.110122,1.0,3,3,1.0,2,2,1.0
2474171,test,a42_43,no_static,2.447968,0.0,1.0,3,3,1.0,2,2,1.0
2485173,test,a42_43,no_static,2.9629295,2.700981,1.0,3,3,1.0,4,2,1.0
2496172,test,a42_43,no_static,2.1756558,3.4664924,1.0,3,3,1.0,4,2,1.0
2502005,test,a42_43,no_static,2.9344969,4.0467095,1.0,3,3,1.0,2,2,1.0
2510171,test,a42_43,no_static,3.22902,4.201887,1.0,3,3,1.0,2,2,1.0
2525174,test,a42_43,no_static,3.2627592,0.0,1.0,3,2,1.0,2,2,1.0
2530184,test,a42_43,no_static,2.892593,2.1477582,1.0,3,3,1.0,2,2,1.0
2547171,test,a42_43,no_static,3.5657697,4.3276353,1.0,3,3,1.0,2,2,1.0
2580030,test,a42_43,no_static,3.9976153,4.7627664,1.0,3,3,1.0,2,2,1.0
2593171,test,a42_43,no_static,3.6000767,4.5300713,1.0,3,3,1.0,2,4,1.0
2615031,test,a42_43,no_static,3.3300388,3.1693892,1.0,3,3,1.0,2,2,1.0
2642030,test,a42_43,no_static,2.721418,3.7204437,1.0,3,3,1.0,2,2,1.0
2655002,test,a42_43,no_static,1.7003733,0.0,1.0,3,2,1.0,2,2,1.0
2705031,test,a42_43,no_static,3.4073079,3.8177946,1.0,3,3,1.0,2,4,1.0
2707179,test,a42_43,no_static,2.8343315,2.8142757,1.0,3,3,1.0,2,2,1.0
2714031,test,a42_43,no_static,3.1958814,4.569471,1.0,3,3,1.0,2,4,1.0
2717004,test,a42_43,no_static,3.407052,3.5017936,1.0,3,3,1.0,2,2,1.0
2738171,test,a42_43,no_static,3.4213014,3.9697835,1.0,3,3,1.0,2,2,1.0
2794003,test,a42_43,no_static,3.2689614,3.6463413,1.0,3,3,1.0,6,2,1.0
2845030,test,a42_43,no_static,2.5760033,3.6226897,1.0,3,3,1.0,6,2,1.0
2847030,test,a42_43,no_static,3.1995153,3.4256546,1.0,3,3,1.0,4,4,1.0
2848174,test,a42_43,no_static,2.10454,2.3689122,1.0,3,3,1.0,6,2,1.0
2852006,test,a42_43,no_static,1.7659947,3.0007699,1.0,3,2,1.0,2,3,1.0
2852030,test,a42_43,no_static,3.1242864,2.2156281,1.0,3,2,1.0,2,4,1.0
2869170,test,a42_43,no_static,3.0582001,4.379163,1.0,3,3,1.0,2,2,1.0
2897006,test,a42_43,no_static,2.802753,3.6260033,1.0,3,3,1.0,6,2,1.0
2900171,test,a42_43,no_static,3.4316852,3.7188902,1.0,3,3,1.0,2,2,1.0
2907006,test,a42_43,no_static,2.7598925,2.8249462,1.0,3,3,1.0,2,2,1.0
2920030,test,a42_43,no_static,3.399019,3.3265107,1.0,3,3,1.0,2,4,1.0
3107001,test,a42_43,no_static,3.055791,1.9854654,1.0,3,3,1.0,2,4,1.0
3137007,test,a42_43,no_static,2.5806074,2.4228272,1.0,3,2,1.0,6,6,1.0
3283002,test,a42_43,no_static,3.6194713,3.9443512,1.0,3,3,1.0,2,6,1.0
3492001,test,a42_43,no_static,3.2856789,0.118359506,1.0,3,2,1.0,6,2,1.0
5016170,test,a42_43,no_static,3.0015197,2.743526,1.0,3,3,1.0,2,4,1.0
5082003,test,a42_43,no_static,3.5543818,3.938906,1.0,3,3,1.0,6,4,1.0
5145032,test,a42_43,no_static,3.1770027,3.1056306,1.0,3,3,1.0,6,6,1.0
5163030,test,a42_43,no_static,3.0343485,3.1932871,1.0,3,3,1.0,2,4,1.0
5177171,test,a42_43,no_static,1.9589014,0.9682884,1.0,3,2,1.0,6,6,1.0
5199178,test,a42_43,no_static,2.9955003,3.7188902,1.0,3,3,1.0,2,2,1.0
5241030,test,a42_43,no_static,2.8653598,3.4132857,1.0,3,3,1.0,6,6,1.0
5264004,test,a42_43,no_static,3.3269694,3.606141,1.0,3,3,1.0,2,2,1.0
5294003,test,a42_43,no_static,3.4376981,3.6645775,1.0,3,3,1.0,2,2,1.0
5299172,test,a42_43,no_static,2.820799,3.3685656,1.0,3,3,1.0,2,2,1.0
5306002,test,a42_43,no_static,2.7491179,0.0,1.0,3,2,1.0,2,6,1.0
5350030,test,a42_43,no_static,2.5333338,3.5163884,1.0,3,3,1.0,4,2,1.0
5364006,test,a42_43,no_static,3.2752123,4.2447352,1.0,3,3,1.0,6,6,1.0
5366033,test,a42_43,no_static,2.9853387,3.8660583,1.0,3,3,1.0,6,4,1.0
5406173,test,a42_43,no_static,2.9799657,3.5017936,1.0,3,3,1.0,2,4,1.0
5424030,test,a42_43,no_static,1.9339006,2.9297807,1.0,3,3,1.0,6,6,1.0
5425003,test,a42_43,no_static,1.9148229,2.960796,1.0,3,3,1.0,2,2,1.0
5430031,test,a42_43,no_static,1.9190209,0.0,1.0,3,2,1.0,6,6,1.0
5430171,test,a42_43,no_static,2.6877768,3.5347836,1.0,3,3,1.0,6,6,1.0
5443007,test,a42_43,no_static,2.071185,1.5825812,1.0,3,3,1.0,2,2,1.0
5464032,test,a42_43,no_static,2.732095,3.1379235,1.0,3,3,1.0,4,2,1.0
5488007,test,a42_43,no_static,2.759502,2.7536736,1.0,3,3,1.0,2,2,1.0
5494005,test,a42_43,no_static,2.559135,3.4795048,1.0,3,3,1.0,6,2,1.0
5513030,test,a42_43,no_static,2.9822335,3.0000806,1.0,3,3,1.0,6,6,1.0
5549006,test,a42_43,no_static,2.7040827,3.335851,1.0,3,3,1.0,2,4,1.0
5553173,test,a42_43,no_static,3.4395945,3.8834674,1.0,3,3,1.0,2,2,1.0
5560186,test,a42_43,no_static,3.233622,3.7111013,1.0,3,3,1.0,2,2,1.0
5569009,test,a42_43,no_static,2.802274,0.0,1.0,3,2,1.0,2,3,1.0
5570010,test,a42_43,no_static,3.0824816,3.7150583,1.0,3,3,1.0,2,2,1.0
5570012,test,a42_43,no_static,2.8726404,3.6708767,1.0,3,3,1.0,2,2,1.0
5570033,test,a42_43,no_static,3.283356,3.5471745,1.0,3,3,1.0,2,2,1.0
5576031,test,a42_43,no_static,2.5414495,2.7944415,1.0,3,3,1.0,4,2,1.0
5614005,test,a42_43,no_static,2.638407,0.0,1.0,3,2,1.0,4,4,1.0
5615010,test,a42_43,no_static,3.0563328,3.4707472,1.0,3,3,1.0,6,2,1.0
5615181,test,a42_43,no_static,3.1262393,3.3615167,1.0,3,3,1.0,2,2,1.0
5621170,test,a42_43,no_static,2.927561,3.3248508,1.0,3,3,1.0,2,2,1.0
5626010,test,a42_43,no_static,2.976254,3.3940077,1.0,3,2,1.0,2,4,1.0
5634188,test,a42_43,no_static,3.1583743,4.25247,1.0,3,2,1.0,2,5,1.0
5635031,test,a42_43,no_static,2.6843963,3.5281215,1.0,3,3,1.0,2,2,1.0
5646006,test,a42_43,no_static,1.4720815,0.0,1.0,3,2,1.0,6,4,1.0
5660005,test,a42_43,no_static,3.0482159,3.265041,1.0,3,3,1.0,4,4,1.0
5664003,test,a42_43,no_static,1.5783184,1.9812955,1.0,3,3,1.0,6,6,1.0
5676007,test,a42_43,no_static,3.0290885,3.488077,1.0,3,3,1.0,2,2,1.0
5678030,test,a42_43,no_static,2.4315188,2.3447468,1.0,3,2,1.0,6,6,1.0
5684034,test,a42_43,no_static,3.6314409,4.056188,1.0,3,3,1.0,2,2,1.0
5784005,test,a42_43,no_static,1.2402426,1.765224,1.0,2,3,1.0,6,6,1.0
5819005,test,a42_43,no_static,1.7803035,0.0,1.0,3,2,1.0,6,6,1.0
5821008,test,a42_43,no_static,2.8726404,2.9437988,1.0,3,3,1.0,2,2,1.0
5863033,test,a42_43,no_static,1.4753178,2.1360953,1.0,3,3,1.0,6,6,1.0
5921003,test,a42_43,no_static,2.5960374,3.4678156,1.0,3,3,1.0,4,6,1.0
5922010,test,a42_43,no_static,2.938111,3.1974998,1.0,3,3,1.0,6,6,1.0
5938031,test,a42_43,no_static,2.7027318,0.0,1.0,3,2,1.0,6,6,1.0
5960033,test,a42_43,no_static,2.579567,3.5281215,1.0,3,3,1.0,6,6,1.0
5995005,test,a42_43,no_static,1.7367456,0.0,1.0,3,2,1.0,6,6,1.0
6028032,test,a42_43,no_static,2.2779033,3.5965803,1.0,3,3,1.0,6,6,1.0
6030005,test,a42_43,no_static,3.4923468,3.335851,1.0,3,3,1.0,6,2,1.0
6030008,test,a42_43,no_static,3.2262743,3.1676285,1.0,3,3,1.0,6,2,1.0
6093006,test,a42_43,no_static,1.3373697,3.3020296,1.0,2,3,1.0,6,6,1.0
6093011,test,a42_43,no_static,2.1743786,2.8392694,1.0,3,2,1.0,6,6,1.0
6114182,test,a42_43,no_static,2.6681497,0.0,1.0,3,2,1.0,4,2,1.0
6120195,test,a42_43,no_static,1.6889243,2.568642,1.0,3,2,1.0,2,4,1.0
6121030,test,a42_43,no_static,3.138228,4.395766,1.0,3,3,1.0,6,4,1.0
6179003,test,a42_43,no_static,3.315415,3.4805162,1.0,3,3,1.0,2,2,1.0
6179170,test,a42_43,no_static,1.4481953,0.0,1.0,3,2,1.0,2,2,1.0
6191006,test,a42_43,no_static,2.8443303,1.2621803,1.0,3,3,1.0,4,2,1.0
6200175,test,a42_43,no_static,3.3377187,3.5848198,1.0,3,2,1.0,2,2,1.0
6210007,test,a42_43,no_static,3.472158,2.7452414,1.0,3,3,1.0,2,2,1.0
6210008,test,a42_43,no_static,2.5163922,0.0,1.0,3,2,1.0,6,4,1.0
6350007,test,a42_43,no_static,2.823269,3.4393446,1.0,3,3,1.0,2,2,1.0
6365010,test,a42_43,no_static,1.3582149,3.062897,1.0,2,3,1.0,6,6,1.0
6365011,test,a42_43,no_static,2.2050915,0.0,1.0,3,2,1.0,2,2,1.0
6365177,test,a42_43,no_static,2.5225215,3.49205,1.0,3,3,1.0,2,2,1.0
6381008,test,a42_43,no_static,2.6897478,3.0664406,1.0,3,3,1.0,2,4,1.0
6444003,test,a42_43,no_static,2.525298,2.7671056,1.0,3,2,1.0,2,2,1.0
6475006,test,a42_43,no_static,1.1911837,0.9349168,1.0,2,2,1.0,6,6,1.0
6475007,test,a42_43,no_static,1.2295107,3.544934,1.0,2,3,1.0,6,6,1.0
6509004,test,a42_43,no_static,2.8103688,3.4451652,1.0,3,3,1.0,6,2,1.0
6545008,test,a42_43,no_static,3.4242413,3.8012211,1.0,3,3,1.0,2,2,1.0
6571003,test,a42_43,no_static,2.8172576,4.1571207,1.0,3,3,1.0,6,6,1.0
6635009,test,a42_43,no_static,1.4429314,0.0,1.0,3,2,1.0,6,6,1.0
6663030,test,a42_43,no_static,3.4729495,4.886779,1.0,3,3,1.0,6,6,1.0
6674003,test,a42_43,no_static,3.3988938,3.7940161,1.0,3,3,1.0,4,2,1.0
6674005,test,a42_43,no_static,3.4208236,0.0,1.0,3,2,1.0,4,4,1.0
6736181,test,a42_43,no_static,2.4591146,2.6496801,1.0,3,3,1.0,2,2,1.0
6740003,test,a42_43,no_static,2.5420048,2.6917005,1.0,3,3,1.0,2,2,1.0
6769008,test,a42_43,no_static,2.5982788,0.0,1.0,3,2,1.0,4,4,1.0
6779033,test,a42_43,no_static,1.5150651,0.0,1.0,3,2,1.0,6,6,1.0
6030,test,a44_45,no_static,3.6249847,3.6545084,1.0,3,3,1.0,2,2,1.0
10030,test,a44_45,no_static,3.74405,4.4896984,1.0,3,3,1.0,2,2,1.0
41008,test,a44_45,no_static,2.9196568,0.0,1.0,3,2,1.0,2,4,1.0
68003,test,a44_45,no_static,3.2969599,3.819024,1.0,3,3,1.0,2,2,1.0
127030,test,a44_45,no_static,3.4065857,2.281914,1.0,3,3,1.0,6,2,1.0
127031,test,a44_45,no_static,3.5596843,3.5618536,1.0,3,3,1.0,2,4,1.0
129031,test,a44_45,no_static,1.516268,1.9444773,1.0,2,3,1.0,6,6,1.0
129196,test,a44_45,no_static,2.535807,0.0,1.0,3,2,1.0,2,2,1.0
165030,test,a44_45,no_static,3.252166,4.1461926,1.0,3,3,1.0,6,2,1.0
284004,test,a44_45,no_static,3.7831762,4.4692044,1.0,3,3,1.0,2,2,1.0
301032,test,a44_45,no_static,3.6939359,4.127631,1.0,3,3,1.0,2,2,1.0
327003,test,a44_45,no_static,3.205599,3.8237772,1.0,3,3,1.0,2,2,1.0
327171,test,a44_45,no_static,3.552001,2.8139703,1.0,3,3,1.0,2,2,1.0
327172,test,a44_45,no_static,2.7963858,3.7345612,1.0,3,3,1.0,2,2,1.0
331005,test,a44_45,no_static,3.8473573,4.2899485,1.0,3,3,1.0,2,2,1.0
344178,test,a44_45,no_static,3.1345596,3.544934,1.0,3,3,1.0,2,2,1.0
461030,test,a44_45,no_static,3.4275634,0.0,1.0,3,3,1.0,2,2,1.0
486004,test,a44_45,no_static,3.2661119,3.929022,1.0,3,3,1.0,2,2,1.0
563183,test,a44_45,no_static,1.5896063,0.0,1.0,3,2,1.0,2,2,1.0
577004,test,a44_45,no_static,2.7761104,3.6034977,1.0,3,3,1.0,2,2,1.0
607030,test,a44_45,no_static,3.5142848,4.0534096,1.0,3,3,1.0,2,2,1.0
613173,test,a44_45,no_static,3.6653895,4.65822,1.0,3,3,1.0,2,2,1.0
634008,test,a44_45,no_static,3.41824,2.6840017,1.0,3,3,1.0,2,2,1.0
652005,test,a44_45,no_static,3.0235453,3.8279805,1.0,3,3,1.0,2,2,1.0
672003,test,a44_45,no_static,1.498337,3.7935455,1.0,3,3,1.0,2,4,1.0
691175,test,a44_45,no_static,3.5337315,3.3115778,1.0,3,3,1.0,2,2,1.0
699031,test,a44_45,no_static,2.1686842,3.51425,1.0,3,3,1.0,6,6,1.0
722178,test,a44_45,no_static,1.4973218,3.2750242,1.0,3,3,1.0,2,2,1.0
771003,test,a44_45,no_static,2.9958684,4.1771755,1.0,3,3,1.0,4,3,1.0
775005,test,a44_45,no_static,3.1706772,0.0,1.0,3,2,1.0,6,2,1.0
796006,test,a44_45,no_static,3.3993206,4.141229,1.0,3,3,1.0,6,6,1.0
844003,test,a44_45,no_static,2.6189532,3.8602035,1.0,3,3,1.0,2,2,1.0
863006,test,a44_45,no_static,3.2860408,2.9276514,1.0,3,3,1.0,2,2,1.0
863173,test,a44_45,no_static,3.3032568,4.001547,1.0,3,3,1.0,2,2,1.0
866172,test,a44_45,no_static,2.7582703,3.182386,1.0,3,3,1.0,6,2,1.0
868005,test,a44_45,no_static,3.4417875,3.982054,1.0,3,3,1.0,2,2,1.0
875030,test,a44_45,no_static,1.7489438,0.0,1.0,3,2,1.0,2,2,1.0
897006,test,a44_45,no_static,2.8724566,0.0,1.0,3,2,1.0,2,4,1.0
922171,test,a44_45,no_static,3.0661676,4.464358,1.0,3,3,1.0,2,2,1.0
934030,test,a44_45,no_static,3.6089756,4.293851,1.0,3,3,1.0,2,2,1.0
935005,test,a44_45,no_static,2.5223968,2.7943528,1.0,3,3,1.0,2,2,1.0
935176,test,a44_45,no_static,3.3262587,3.7913468,1.0,3,3,1.0,2,2,1.0
939030,test,a44_45,no_static,3.604611,0.0,0.0,3,-1,0.0,2,-1,0.0
964003,test,a44_45,no_static,1.5900815,2.5959773,1.0,3,2,1.0,6,6,1.0
970004,test,a44_45,no_static,3.4911857,0.0,0.0,3,-1,0.0,2,-1,0.0
982004,test,a44_45,no_static,3.047503,3.535023,1.0,3,3,1.0,2,2,1.0
1033030,test,a44_45,no_static,3.1524644,4.886779,1.0,3,3,1.0,2,2,1.0
1036003,test,a44_45,no_static,3.5232162,3.1379235,1.0,3,3,1.0,4,2,1.0
1048006,test,a44_45,no_static,2.7537808,2.830591,1.0,3,3,1.0,2,2,1.0
1055172,test,a44_45,no_static,2.2783208,0.0,0.0,3,-1,0.0,2,-1,0.0
1060175,test,a44_45,no_static,3.215925,3.12007,1.0,3,3,1.0,2,2,1.0
1064171,test,a44_45,no_static,3.5199254,4.769345,1.0,3,3,1.0,2,2,1.0
1072171,test,a44_45,no_static,3.2573607,2.855574,1.0,3,3,1.0,2,2,1.0
1084175,test,a44_45,no_static,2.6627498,0.0,1.0,3,2,1.0,2,2,1.0
1100172,test,a44_45,no_static,3.1522484,3.1936357,1.0,3,3,1.0,2,2,1.0
1141171,test,a44_45,no_static,2.5617743,1.0692143,1.0,3,3,1.0,4,4,1.0
1142030,test,a44_45,no_static,3.4536586,3.2907898,1.0,3,3,1.0,2,4,1.0
1144032,test,a44_45,no_static,3.4428124,4.1940236,1.0,3,3,1.0,2,2,1.0
1149171,test,a44_45,no_static,2.9159849,3.959156,1.0,3,3,1.0,6,2,1.0
1162030,test,a44_45,no_static,3.070189,3.4265366,1.0,3,3,1.0,2,2,1.0
1167030,test,a44_45,no_static,1.4845544,1.8126447,1.0,3,3,1.0,6,6,1.0
1168008,test,a44_45,no_static,2.5295806,3.010371,1.0,3,3,1.0,4,3,1.0
1222179,test,a44_45,no_static,2.7750416,2.674835,1.0,3,3,1.0,2,2,1.0
1260008,test,a44_45,no_static,2.9437675,2.8787093,1.0,3,3,1.0,2,2,1.0
1269030,test,a44_45,no_static,3.42939,4.6615767,1.0,3,3,1.0,2,2,1.0
1292030,test,a44_45,no_static,3.2631912,0.0,1.0,3,2,1.0,4,4,1.0
1298005,test,a44_45,no_static,2.7009606,3.5781584,1.0,3,3,1.0,2,2,1.0
1306030,test,a44_45,no_static,4.073447,4.886779,1.0,3,3,1.0,2,2,1.0
1335179,test,a44_45,no_static,2.84736,3.6099567,1.0,3,3,1.0,2,2,1.0
1353030,test,a44_45,no_static,2.000606,0.0,1.0,3,2,1.0,2,2,1.0
1384030,test,a44_45,no_static,3.0819116,3.5587387,1.0,3,3,1.0,2,2,1.0
1399008,test,a44_45,no_static,2.3908222,3.9132397,1.0,3,3,1.0,2,4,1.0
1415004,test,a44_45,no_static,2.6730173,1.8165611,1.0,3,3,1.0,2,2,1.0
1430005,test,a44_45,no_static,2.1019447,0.0,1.0,3,3,1.0,6,6,1.0
1431003,test,a44_45,no_static,3.6635485,4.032044,1.0,3,3,1.0,2,2,1.0
1431004,test,a44_45,no_static,2.9728503,2.5601785,1.0,3,3,1.0,2,2,1.0
1431172,test,a44_45,no_static,3.684009,4.583634,1.0,3,3,1.0,2,2,1.0
1462004,test,a44_45,no_static,2.1741762,3.4766757,1.0,3,3,1.0,2,2,1.0
1520173,test,a44_45,no_static,3.2298584,3.8397665,1.0,3,3,1.0,2,2,1.0
1522175,test,a44_45,no_static,3.5009596,4.651825,1.0,3,3,1.0,2,2,1.0
1542006,test,a44_45,no_static,3.1188455,3.2005377,1.0,3,3,1.0,4,2,1.0
1542177,test,a44_45,no_static,3.4595242,4.3412447,1.0,3,3,1.0,2,2,1.0
1567031,test,a44_45,no_static,3.1064532,3.8337054,1.0,3,3,1.0,6,6,1.0
1608031,test,a44_45,no_static,3.0067892,3.5350552,1.0,3,3,1.0,2,2,1.0
1612003,test,a44_45,no_static,3.5103571,3.4995418,1.0,3,3,1.0,2,4,1.0
1621003,test,a44_45,no_static,2.2876258,3.456708,1.0,3,3,1.0,2,2,1.0
1648003,test,a44_45,no_static,3.1740785,2.9091923,1.0,3,3,1.0,2,2,1.0
1648030,test,a44_45,no_static,2.9295657,0.553295,1.0,3,2,1.0,6,6,1.0
1670172,test,a44_45,no_static,2.9196568,3.416885,1.0,3,3,1.0,2,2,1.0
1684170,test,a44_45,no_static,1.3526356,3.3823977,1.0,3,3,1.0,2,2,1.0
1690030,test,a44_45,no_static,3.457138,4.214547,1.0,3,3,1.0,2,2,1.0
1692176,test,a44_45,no_static,3.266821,3.6672997,1.0,3,3,1.0,2,2,1.0
1695030,test,a44_45,no_static,2.9323502,3.1983416,1.0,3,3,1.0,6,2,1.0
1697036,test,a44_45,no_static,3.17629,1.6775823,1.0,3,3,1.0,2,2,1.0
1698170,test,a44_45,no_static,2.8067234,2.58183,1.0,3,3,1.0,2,2,1.0
1700031,test,a44_45,no_static,3.044506,3.881782,1.0,3,2,1.0,2,2,1.0
1701003,test,a44_45,no_static,3.3757825,4.0716443,1.0,3,3,1.0,6,6,1.0
1711003,test,a44_45,no_static,2.398738,0.0,1.0,3,2,1.0,2,2,1.0
1711171,test,a44_45,no_static,3.0701895,0.0,0.0,3,-1,0.0,2,-1,0.0
1732005,test,a44_45,no_static,2.9347422,3.738171,1.0,3,3,1.0,2,4,1.0
1762187,test,a44_45,no_static,2.0690536,2.7413988,1.0,3,3,1.0,4,3,1.0
1786187,test,a44_45,no_static,3.0236309,3.563177,1.0,3,3,1.0,2,2,1.0
1837006,test,a44_45,no_static,3.3485236,2.9535642,1.0,3,3,1.0,2,2,1.0
1850172,test,a44_45,no_static,2.289951,3.6509905,1.0,3,3,1.0,2,2,1.0
1878030,test,a44_45,no_static,2.937326,2.485891,1.0,3,3,1.0,2,4,1.0
1879030,test,a44_45,no_static,3.088832,4.1844926,1.0,3,3,1.0,2,2,1.0
1905004,test,a44_45,no_static,3.3553889,3.937253,1.0,3,3,1.0,2,2,1.0
1919009,test,a44_45,no_static,3.4246392,2.5942936,1.0,3,3,1.0,2,2,1.0
1935004,test,a44_45,no_static,3.003353,2.5154653,1.0,3,3,1.0,4,2,1.0
1936030,test,a44_45,no_static,2.5628154,3.025048,1.0,3,3,1.0,2,2,1.0
1978171,test,a44_45,no_static,2.8397067,2.7982898,1.0,3,3,1.0,2,2,1.0
2030031,test,a44_45,no_static,2.8035717,3.12007,1.0,3,3,1.0,6,2,1.0
2117003,test,a44_45,no_static,3.1411061,2.533896,1.0,3,3,1.0,2,2,1.0
2150172,test,a44_45,no_static,2.2431216,2.4029288,1.0,3,3,1.0,2,4,1.0
2199182,test,a44_45,no_static,2.5764563,4.1311436,1.0,3,3,1.0,2,2,1.0
2206030,test,a44_45,no_static,3.4821787,3.6876562,1.0,3,3,1.0,4,2,1.0
2212031,test,a44_45,no_static,3.9536114,0.0,0.0,3,-1,0.0,2,-1,0.0
2238004,test,a44_45,no_static,3.1237588,3.7364755,1.0,3,3,1.0,2,4,1.0
2238172,test,a44_45,no_static,3.2951205,4.594401,1.0,3,3,1.0,2,4,1.0
2252172,test,a44_45,no_static,2.7753794,2.9569104,1.0,3,3,1.0,2,2,1.0
2255030,test,a44_45,no_static,4.1054215,4.886779,1.0,3,3,1.0,2,2,1.0
2277008,test,a44_45,no_static,2.8531973,2.8933933,1.0,3,3,1.0,2,2,1.0
2311172,test,a44_45,no_static,2.2182636,2.0815432,1.0,3,3,1.0,2,2,1.0
2330003,test,a44_45,no_static,3.474099,4.0919957,1.0,3,3,1.0,2,2,1.0
2338003,test,a44_45,no_static,3.1758447,4.671329,1.0,3,3,1.0,6,2,1.0
2341004,test,a44_45,no_static,2.875674,3.8012211,1.0,3,2,1.0,2,2,1.0
2341005,test,a44_45,no_static,2.8650272,4.886779,1.0,3,3,1.0,2,2,1.0
2354004,test,a44_45,no_static,2.20984,2.4985237,1.0,3,3,1.0,2,2,1.0
2392004,test,a44_45,no_static,2.6020494,2.3108797,1.0,3,3,1.0,2,4,1.0
2393005,test,a44_45,no_static,3.7882085,3.1619115,1.0,3,3,1.0,2,2,1.0
2393171,test,a44_45,no_static,2.6156235,4.4380894,1.0,3,3,1.0,2,2,1.0
2409006,test,a44_45,no_static,2.49313,3.8615713,1.0,3,3,1.0,2,4,1.0
2409171,test,a44_45,no_static,3.0420923,2.973692,1.0,3,3,1.0,2,4,1.0
2422178,test,a44_45,no_static,3.257584,3.6084042,1.0,3,3,1.0,2,2,1.0
2459030,test,a44_45,no_static,3.048858,4.065095,1.0,3,3,1.0,2,2,1.0
2474030,test,a44_45,no_static,3.2468057,3.6439416,1.0,3,3,1.0,2,2,1.0
2474171,test,a44_45,no_static,2.5085144,0.0,0.0,3,-1,0.0,2,-1,0.0
2485173,test,a44_45,no_static,3.0068262,2.4565563,1.0,3,3,1.0,4,2,1.0
2496172,test,a44_45,no_static,2.2268324,3.4912474,1.0,3,3,1.0,4,2,1.0
2502005,test,a44_45,no_static,2.9801686,3.0863564,1.0,3,3,1.0,2,2,1.0
2510171,test,a44_45,no_static,3.2694004,4.201461,1.0,3,3,1.0,2,2,1.0
2525174,test,a44_45,no_static,3.3084543,3.460082,1.0,3,2,1.0,2,2,1.0
2530184,test,a44_45,no_static,2.938155,2.852689,1.0,3,3,1.0,2,2,1.0
2547171,test,a44_45,no_static,3.6038532,4.379028,1.0,3,3,1.0,2,2,1.0
2580030,test,a44_45,no_static,4.0263953,4.831237,1.0,3,3,1.0,2,2,1.0
2593171,test,a44_45,no_static,3.6345878,4.5944476,1.0,3,3,1.0,2,4,1.0
2615031,test,a44_45,no_static,3.3741124,3.4200091,1.0,3,3,1.0,2,2,1.0
2642030,test,a44_45,no_static,2.7622144,3.7259781,1.0,3,3,1.0,2,2,1.0
2655002,test,a44_45,no_static,1.7992294,0.0,1.0,3,2,1.0,2,2,1.0
2705031,test,a44_45,no_static,3.4465117,3.9369006,1.0,3,3,1.0,2,4,1.0
2707179,test,a44_45,no_static,2.8843987,2.8540463,1.0,3,3,1.0,2,2,1.0
2714031,test,a44_45,no_static,3.2385883,4.123183,1.0,3,3,1.0,2,4,1.0
2717004,test,a44_45,no_static,3.4451587,3.1718357,1.0,3,3,1.0,2,2,1.0
2738171,test,a44_45,no_static,3.4592519,4.800682,1.0,3,3,1.0,2,2,1.0
2794003,test,a44_45,no_static,3.304047,3.5488956,1.0,3,3,1.0,6,2,1.0
2845030,test,a44_45,no_static,2.6184826,3.4421458,1.0,3,3,1.0,6,2,1.0
2847030,test,a44_45,no_static,3.246902,3.435388,1.0,3,3,1.0,4,4,1.0
2848174,test,a44_45,no_static,2.1449516,1.870879,1.0,3,3,1.0,6,2,1.0
2852006,test,a44_45,no_static,1.8826764,1.8338429,1.0,3,2,1.0,2,4,1.0
2852030,test,a44_45,no_static,3.167812,2.9869761,1.0,3,3,1.0,2,4,1.0
2869170,test,a44_45,no_static,3.1038756,4.5567827,1.0,3,3,1.0,2,2,1.0
2897006,test,a44_45,no_static,2.8388953,2.697948,1.0,3,3,1.0,6,2,1.0
2900171,test,a44_45,no_static,3.4695208,2.600042,1.0,3,3,1.0,2,2,1.0
2907006,test,a44_45,no_static,2.804817,0.0,0.0,3,-1,0.0,2,-1,0.0
2920030,test,a44_45,no_static,3.4485345,3.6819823,1.0,3,3,1.0,2,4,1.0
3107001,test,a44_45,no_static,3.0972826,4.01561,1.0,3,3,1.0,2,4,1.0
3137007,test,a44_45,no_static,2.62174,1.9174321,1.0,3,3,1.0,6,6,1.0
3283002,test,a44_45,no_static,3.6569893,4.065468,1.0,3,2,1.0,2,2,1.0
3492001,test,a44_45,no_static,3.3182847,0.21674845,1.0,3,2,1.0,6,2,1.0
5016170,test,a44_45,no_static,3.0496337,2.8075144,1.0,3,3,1.0,2,4,1.0
5082003,test,a44_45,no_static,3.5963917,4.077138,1.0,3,3,1.0,6,4,1.0
5145032,test,a44_45,no_static,3.2111325,3.7119908,1.0,3,3,1.0,6,6,1.0
5163030,test,a44_45,no_static,3.0829644,3.60013,1.0,3,3,1.0,2,4,1.0
5177171,test,a44_45,no_static,2.0190256,0.8536134,1.0,3,3,1.0,6,6,1.0
5199178,test,a44_45,no_static,3.0374992,3.813694,1.0,3,3,1.0,2,2,1.0
5241030,test,a44_45,no_static,2.8983881,3.9443512,1.0,3,3,1.0,6,6,1.0
5264004,test,a44_45,no_static,3.3678498,3.6067438,1.0,3,3,1.0,2,2,1.0
5294003,test,a44_45,no_static,3.4759285,3.7558146,1.0,3,3,1.0,2,2,1.0
5299172,test,a44_45,no_static,2.8680587,3.3873496,1.0,3,3,1.0,2,2,1.0
5306002,test,a44_45,no_static,2.7845778,1.4095232,1.0,3,3,1.0,2,6,1.0
5350030,test,a44_45,no_static,2.5836117,3.545665,1.0,3,3,1.0,4,2,1.0
5364006,test,a44_45,no_static,3.3176413,3.901413,1.0,3,2,1.0,6,6,1.0
5366033,test,a44_45,no_static,3.0329444,3.978181,1.0,3,3,1.0,6,4,1.0
5406173,test,a44_45,no_static,3.0228472,3.4039729,1.0,3,3,1.0,2,4,1.0
5424030,test,a44_45,no_static,2.0015898,3.5287027,1.0,3,3,1.0,6,6,1.0
5425003,test,a44_45,no_static,1.9800184,3.2001226,1.0,3,3,1.0,2,2,1.0
5430031,test,a44_45,no_static,1.9569846,0.94651103,1.0,3,3,1.0,6,6,1.0
5430171,test,a44_45,no_static,2.735598,3.6887305,1.0,3,3,1.0,6,6,1.0
5443007,test,a44_45,no_static,2.1329908,2.8802483,1.0,3,3,1.0,2,2,1.0
5464032,test,a44_45,no_static,2.782793,3.486668,1.0,3,3,1.0,4,2,1.0
5488007,test,a44_45,no_static,2.8048077,2.703032,1.0,3,3,1.0,2,2,1.0
5494005,test,a44_45,no_static,2.602408,3.3568435,1.0,3,3,1.0,6,2,1.0
5513030,test,a44_45,no_static,3.016458,3.2729912,1.0,3,2,1.0,6,6,1.0
5549006,test,a44_45,no_static,2.7473574,3.2234797,1.0,3,3,1.0,2,4,1.0
5553173,test,a44_45,no_static,3.4785466,3.7351592,1.0,3,3,1.0,2,2,1.0
5560186,test,a44_45,no_static,3.278212,3.9101806,1.0,3,3,1.0,2,2,1.0
5569009,test,a44_45,no_static,2.8393204,0.1438407,1.0,3,2,1.0,2,3,1.0
5570010,test,a44_45,no_static,3.1278484,3.6708767,1.0,3,3,1.0,2,2,1.0
5570012,test,a44_45,no_static,2.9196568,3.6192079,1.0,3,3,1.0,2,2,1.0
5570033,test,a44_45,no_static,3.3257527,3.7694345,1.0,3,3,1.0,2,2,1.0
5576031,test,a44_45,no_static,2.588202,2.7479036,1.0,3,3,1.0,4,2,1.0
5614005,test,a44_45,no_static,2.6841514,2.8548763,1.0,3,3,1.0,4,4,1.0
5615010,test,a44_45,no_static,3.090469,3.5584557,1.0,3,3,1.0,6,2,1.0
5615181,test,a44_45,no_static,3.1679733,3.1251588,1.0,3,3,1.0,2,2,1.0
5621170,test,a44_45,no_static,2.9790375,3.3329153,1.0,3,3,1.0,2,2,1.0
5626010,test,a44_45,no_static,3.0127487,3.1379235,1.0,3,3,1.0,2,4,1.0
5634188,test,a44_45,no_static,3.2016656,0.0,1.0,3,2,1.0,2,5,1.0
5635031,test,a44_45,no_static,2.7275827,3.6718059,1.0,3,3,1.0,2,2,1.0
5646006,test,a44_45,no_static,1.5597597,1.4624746,1.0,3,3,1.0,6,4,1.0
5660005,test,a44_45,no_static,3.0891623,3.4188793,1.0,3,3,1.0,4,4,1.0
5664003,test,a44_45,no_static,1.6459491,1.9542142,1.0,3,2,1.0,6,6,1.0
5676007,test,a44_45,no_static,3.0764892,3.5589597,1.0,3,3,1.0,2,2,1.0
5678030,test,a44_45,no_static,2.475583,0.0,1.0,3,3,1.0,6,6,1.0
5684034,test,a44_45,no_static,3.6669958,4.304901,1.0,3,3,1.0,2,2,1.0
5784005,test,a44_45,no_static,1.2851198,0.0,1.0,2,2,1.0,6,6,1.0
5819005,test,a44_45,no_static,1.8420057,0.0,1.0,3,2,1.0,6,6,1.0
5821008,test,a44_45,no_static,2.9196568,3.1327703,1.0,3,3,1.0,2,2,1.0
5863033,test,a44_45,no_static,1.5517406,2.1044023,1.0,3,3,1.0,6,6,1.0
5921003,test,a44_45,no_static,2.6368186,3.2579508,1.0,3,2,1.0,4,6,1.0
5922010,test,a44_45,no_static,2.9825864,3.2839227,1.0,3,3,1.0,6,6,1.0
5938031,test,a44_45,no_static,2.7530437,1.6732749,1.0,3,2,1.0,6,6,1.0
5960033,test,a44_45,no_static,2.6344879,3.0626745,1.0,3,3,1.0,6,6,1.0
5995005,test,a44_45,no_static,1.8009864,0.0,1.0,3,2,1.0,6,6,1.0
6028032,test,a44_45,no_static,2.3200426,3.4766757,1.0,3,3,1.0,6,6,1.0
6030005,test,a44_45,no_static,3.5345185,3.6509905,1.0,3,3,1.0,6,2,1.0
6030008,test,a44_45,no_static,3.2735016,3.1529975,1.0,3,3,1.0,6,2,1.0
6093006,test,a44_45,no_static,1.4254507,3.331553,1.0,2,3,1.0,6,6,1.0
6093011,test,a44_45,no_static,2.2164652,2.8645954,1.0,3,3,1.0,6,6,1.0
6114182,test,a44_45,no_static,2.7086515,0.0,1.0,3,2,1.0,4,4,1.0
6120195,test,a44_45,no_static,1.770085,0.0,1.0,3,2,1.0,2,4,1.0
6121030,test,a44_45,no_static,3.1826131,4.007859,1.0,3,3,1.0,6,4,1.0
6179003,test,a44_45,no_static,3.3570986,3.4366326,1.0,3,3,1.0,2,2,1.0
6179170,test,a44_45,no_static,1.5329162,0.0,1.0,3,2,1.0,2,2,1.0
6191006,test,a44_45,no_static,2.8868906,3.7130666,1.0,3,3,1.0,4,2,1.0
6200175,test,a44_45,no_static,3.378854,3.2409673,1.0,3,3,1.0,2,2,1.0
6210007,test,a44_45,no_static,3.4977047,2.7840075,1.0,3,3,1.0,2,2,1.0
6210008,test,a44_45,no_static,2.5507708,2.4192536,1.0,3,3,1.0,6,4,1.0
6350007,test,a44_45,no_static,2.8679616,3.3488512,1.0,3,3,1.0,2,2,1.0
6365010,test,a44_45,no_static,1.443111,2.966243,1.0,2,3,1.0,6,6,1.0
6365011,test,a44_45,no_static,2.2566528,0.0,1.0,3,2,1.0,2,2,1.0
6365177,test,a44_45,no_static,2.5799382,4.579592,1.0,3,2,1.0,2,2,1.0
6381008,test,a44_45,no_static,2.744399,4.0907545,1.0,3,3,1.0,2,4,1.0
6444003,test,a44_45,no_static,2.5836296,3.5554013,1.0,3,3,1.0,2,2,1.0
6475006,test,a44_45,no_static,1.2362689,2.2798254,1.0,2,3,1.0,6,6,1.0
6475007,test,a44_45,no_static,1.3093398,3.49205,1.0,2,3,1.0,6,6,1.0
6509004,test,a44_45,no_static,2.8465004,3.5773633,1.0,3,3,1.0,6,2,1.0
6545008,test,a44_45,no_static,3.455172,3.809728,1.0,3,3,1.0,2,2,1.0
6571003,test,a44_45,no_static,2.8561761,4.2117763,1.0,3,3,1.0,6,6,1.0
6635009,test,a44_45,no_static,1.5222291,0.0,1.0,3,2,1.0,6,6,1.0
6663030,test,a44_45,no_static,3.5159225,4.527755,1.0,3,3,1.0,6,6,1.0
6674003,test,a44_45,no_static,3.4476097,3.7786224,1.0,3,3,1.0,4,2,1.0
6674005,test,a44_45,no_static,3.4659762,0.0,0.0,3,-1,0.0,4,-1,0.0
6736181,test,a44_45,no_static,2.499711,2.8547702,1.0,3,3,1.0,2,2,1.0
6740003,test,a44_45,no_static,2.5854282,3.5209594,1.0,3,3,1.0,2,2,1.0
6769008,test,a44_45,no_static,2.6390915,0.0,1.0,3,2,1.0,4,4,1.0
6779033,test,a44_45,no_static,1.5548944,0.0,1.0,3,2,1.0,6,6,1.0
6820030,test,a30_31,no_static,2.852337,0.0,1.0,3,2,1.0,6,6,1.0
6843006,test,a30_31,no_static,0.63160384,0.0,1.0,2,2,1.0,6,2,1.0
6857006,test,a30_31,no_static,2.9933326,4.886779,1.0,3,3,1.0,2,3,1.0
6820030,test,a32_33,no_static,2.8670688,1.6985121,1.0,3,2,1.0,6,6,1.0
6843006,test,a32_33,no_static,0.75211525,0.0,1.0,2,2,1.0,6,6,1.0
6857006,test,a32_33,no_static,2.9799411,2.6426997,1.0,3,3,1.0,2,3,1.0
6820030,test,a34_35,no_static,2.8809326,0.0,1.0,3,2,1.0,6,6,1.0
6843006,test,a34_35,no_static,0.89300656,0.33577913,1.0,2,2,1.0,6,6,1.0
6857006,test,a34_35,no_static,2.9678211,3.9554691,1.0,3,3,1.0,2,4,1.0
6820030,test,a36_37,no_static,2.9033296,0.44449985,1.0,3,2,1.0,6,6,1.0
6843006,test,a36_37,no_static,1.0280833,1.9499075,1.0,2,3,1.0,6,6,1.0
6857006,test,a36_37,no_static,2.976983,3.1834235,1.0,3,3,1.0,2,2,1.0
6820030,test,a38_39,no_static,2.934486,0.0,1.0,3,2,1.0,6,6,1.0
6843006,test,a38_39,no_static,1.1088073,1.9161729,1.0,2,3,1.0,6,6,1.0
6857006,test,a38_39,no_static,2.9975553,4.07775,1.0,3,3,1.0,2,2,1.0
6820030,test,a40_41,no_static,2.9571095,0.0,1.0,3,2,1.0,6,6,1.0
6843006,test,a40_41,no_static,1.1551118,1.8969418,1.0,2,2,1.0,6,2,1.0
6857006,test,a40_41,no_static,3.01611,3.766271,1.0,3,3,1.0,2,3,1.0
6820030,test,a42_43,no_static,2.9629023,0.0,1.0,3,2,1.0,6,6,1.0
6843006,test,a42_43,no_static,1.2193857,1.5200922,1.0,2,3,1.0,6,2,1.0
6857006,test,a42_43,no_static,3.0183299,3.7407627,1.0,3,3,1.0,2,5,1.0
6820030,test,a44_45,no_static,3.0141792,0.0,1.0,3,2,1.0,6,6,1.0
6843006,test,a44_45,no_static,1.2987756,0.0,1.0,2,2,1.0,6,2,1.0
6857006,test,a44_45,no_static,3.0636268,4.0956507,1.0,3,3,1.0,2,5,1.0
4007,val,a30_31,no_history,2.4031696,1.2333428,1.0,3,2,1.0,2,2,1.0
6174,val,a30_31,no_history,3.345534,3.5177844,1.0,3,3,1.0,2,2,1.0
14004,val,a30_31,no_history,3.4307508,3.7227888,1.0,3,3,1.0,2,2,1.0
14172,val,a30_31,no_history,2.6021369,0.0,1.0,3,2,1.0,2,2,1.0
14173,val,a30_31,no_history,3.2293406,3.7706354,1.0,3,3,1.0,2,2,1.0
18031,val,a30_31,no_history,2.56808,0.81838655,1.0,3,2,1.0,2,2,1.0
18185,val,a30_31,no_history,2.4046953,0.0,1.0,3,3,1.0,2,3,1.0
23031,val,a30_31,no_history,3.5314174,2.8751705,1.0,3,3,1.0,2,6,1.0
40173,val,a30_31,no_history,3.345534,4.076673,1.0,3,3,1.0,2,4,1.0
51171,val,a30_31,no_history,3.459958,3.2225082,1.0,3,3,1.0,2,2,1.0
84005,val,a30_31,no_history,2.923255,4.049696,1.0,3,3,1.0,2,6,1.0
121173,val,a30_31,no_history,2.4860933,4.0438795,1.0,3,3,1.0,2,2,1.0
128004,val,a30_31,no_history,3.46734,3.8195267,1.0,3,3,1.0,2,2,1.0
145170,val,a30_31,no_history,3.4719095,3.3709557,1.0,3,3,1.0,2,2,1.0
161004,val,a30_31,no_history,3.390002,4.204043,1.0,3,3,1.0,2,6,1.0
172031,val,a30_31,no_history,3.2659783,3.4236188,1.0,3,3,1.0,2,2,1.0
174175,val,a30_31,no_history,2.4606206,3.4206977,1.0,3,3,1.0,2,2,1.0
221031,val,a30_31,no_history,3.448682,3.6323774,1.0,3,3,1.0,2,2,1.0
223030,val,a30_31,no_history,3.6039903,3.2050848,1.0,3,2,1.0,2,2,1.0
227003,val,a30_31,no_history,2.9946194,3.901564,1.0,3,3,1.0,2,2,1.0
257175,val,a30_31,no_history,3.1446753,3.1132894,1.0,3,3,1.0,2,2,1.0
263182,val,a30_31,no_history,3.3902464,3.5551443,1.0,3,3,1.0,2,2,1.0
321005,val,a30_31,no_history,2.218369,0.0,0.0,3,-1,0.0,2,-1,0.0
361175,val,a30_31,no_history,2.4860933,2.389918,1.0,3,3,1.0,2,4,1.0
377170,val,a30_31,no_history,3.3487568,3.303338,1.0,3,3,1.0,2,2,1.0
450030,val,a30_31,no_history,2.8170083,4.141229,1.0,3,3,1.0,2,6,1.0
465030,val,a30_31,no_history,2.5943465,2.9653394,1.0,3,3,1.0,2,4,1.0
478030,val,a30_31,no_history,2.5556543,2.9689102,1.0,3,2,1.0,2,2,1.0
503031,val,a30_31,no_history,2.6921062,3.7946298,1.0,3,3,1.0,2,2,1.0
514172,val,a30_31,no_history,2.9604535,3.7249148,1.0,3,3,1.0,2,2,1.0
534030,val,a30_31,no_history,2.6273096,3.3445346,1.0,3,3,1.0,2,2,1.0
534171,val,a30_31,no_history,3.4491901,3.6154544,1.0,3,3,1.0,2,2,1.0
544170,val,a30_31,no_history,2.4873252,2.5946815,1.0,3,3,1.0,2,2,1.0
563193,val,a30_31,no_history,3.349503,2.9333522,1.0,3,3,1.0,2,2,1.0
577174,val,a30_31,no_history,3.4223084,2.6081264,1.0,3,2,1.0,2,2,1.0
613006,val,a30_31,no_history,3.4369798,4.2846055,1.0,3,3,1.0,2,6,1.0
618170,val,a30_31,no_history,3.4719095,4.2050204,1.0,3,3,1.0,2,2,1.0
631030,val,a30_31,no_history,3.3812232,0.0,0.0,3,3,1.0,2,2,1.0
633031,val,a30_31,no_history,2.290542,3.3445346,1.0,3,3,1.0,2,2,1.0
652173,val,a30_31,no_history,2.4873252,3.6388054,1.0,3,3,1.0,2,2,1.0
655172,val,a30_31,no_history,2.4873252,3.6167312,1.0,3,3,1.0,2,2,1.0
656005,val,a30_31,no_history,2.8478253,1.7369525,1.0,3,3,1.0,2,2,1.0
691171,val,a30_31,no_history,2.4873252,0.0,0.0,3,-1,0.0,2,-1,0.0
738172,val,a30_31,no_history,2.4046953,2.6902387,1.0,3,3,1.0,2,2,1.0
751030,val,a30_31,no_history,2.576579,0.0,1.0,3,2,1.0,2,2,1.0
762170,val,a30_31,no_history,3.4363596,4.4477153,1.0,3,3,1.0,2,2,1.0
783171,val,a30_31,no_history,2.6599443,3.4384992,1.0,3,3,1.0,2,2,1.0
863007,val,a30_31,no_history,2.8703773,2.2456512,1.0,3,3,1.0,2,2,1.0
893170,val,a30_31,no_history,2.4860933,2.9455593,1.0,3,3,1.0,2,2,1.0
894031,val,a30_31,no_history,2.700937,2.461121,1.0,3,3,1.0,2,2,1.0
898181,val,a30_31,no_history,2.4873252,3.0409112,1.0,3,2,1.0,2,2,1.0
899003,val,a30_31,no_history,3.5072339,3.0307395,1.0,3,3,1.0,2,4,1.0
916032,val,a30_31,no_history,2.4047627,3.3619723,1.0,3,3,1.0,2,6,1.0
922005,val,a30_31,no_history,3.1361206,3.2996137,1.0,3,3,1.0,2,2,1.0
931172,val,a30_31,no_history,3.4491901,3.1621735,1.0,3,3,1.0,2,2,1.0
939032,val,a30_31,no_history,3.6685104,0.0,1.0,3,3,1.0,2,2,1.0
958030,val,a30_31,no_history,3.3861508,3.497985,1.0,3,3,1.0,2,2,1.0
958173,val,a30_31,no_history,2.4190698,2.9178963,1.0,3,3,1.0,2,2,1.0
961005,val,a30_31,no_history,2.8080544,2.9415638,1.0,3,3,1.0,2,4,1.0
961030,val,a30_31,no_history,3.4446795,3.5397089,1.0,3,3,1.0,2,6,1.0
961175,val,a30_31,no_history,3.4491901,3.023627,1.0,3,3,1.0,2,2,1.0
1051183,val,a30_31,no_history,3.2585168,4.358222,1.0,3,3,1.0,2,2,1.0
1084005,val,a30_31,no_history,2.4877713,2.8418088,1.0,3,2,1.0,2,2,1.0
1089003,val,a30_31,no_history,2.6156242,3.3856127,1.0,3,3,1.0,2,2,1.0
1093003,val,a30_31,no_history,2.8956451,0.0,1.0,3,2,1.0,2,2,1.0
1107173,val,a30_31,no_history,2.5864217,1.0235457,1.0,3,3,1.0,2,2,1.0
1109174,val,a30_31,no_history,2.4873252,0.6388453,1.0,3,2,1.0,2,2,1.0
1121030,val,a30_31,no_history,3.399141,3.028002,1.0,3,3,1.0,2,2,1.0
1121175,val,a30_31,no_history,2.4225953,1.7948437,1.0,3,3,1.0,2,2,1.0
1125172,val,a30_31,no_history,2.4860933,2.3413634,1.0,3,3,1.0,2,2,1.0
1126030,val,a30_31,no_history,2.717519,0.8757976,1.0,3,2,1.0,2,2,1.0
1126176,val,a30_31,no_history,3.3301842,4.886779,1.0,3,3,1.0,2,2,1.0
1152180,val,a30_31,no_history,2.517799,3.4580646,1.0,3,3,1.0,2,2,1.0
1164004,val,a30_31,no_history,3.4325714,3.0181873,1.0,3,3,1.0,2,2,1.0
1184032,val,a30_31,no_history,3.0631766,3.2616544,1.0,3,3,1.0,2,2,1.0
1184033,val,a30_31,no_history,3.0779393,3.2050848,1.0,3,3,1.0,2,6,1.0
1185003,val,a30_31,no_history,2.689462,3.8515978,1.0,3,2,1.0,2,2,1.0
1222004,val,a30_31,no_history,2.4678428,2.0934732,1.0,3,2,1.0,2,2,1.0
1222006,val,a30_31,no_history,3.592534,3.177607,1.0,3,3,1.0,2,2,1.0
1284170,val,a30_31,no_history,2.5864217,3.9491403,1.0,3,3,1.0,2,2,1.0
1292004,val,a30_31,no_history,2.6278865,1.9329143,1.0,3,2,1.0,2,2,1.0
1314172,val,a30_31,no_history,3.459958,0.0,1.0,3,2,1.0,2,2,1.0
1332005,val,a30_31,no_history,3.5612254,4.41165,1.0,3,2,1.0,2,4,1.0
1335010,val,a30_31,no_history,3.243834,2.8107677,1.0,3,3,1.0,2,2,1.0
1338003,val,a30_31,no_history,2.4873252,3.6048794,1.0,3,3,1.0,2,6,1.0
1345006,val,a30_31,no_history,2.646409,3.5205963,1.0,3,2,1.0,2,4,1.0
1345007,val,a30_31,no_history,2.7509847,3.6249468,1.0,3,3,1.0,2,6,1.0
1346030,val,a30_31,no_history,2.3732522,0.0,1.0,3,2,1.0,2,2,1.0
1391033,val,a30_31,no_history,3.551296,3.6421258,1.0,3,3,1.0,2,2,1.0
1391175,val,a30_31,no_history,2.5176263,0.0,1.0,3,2,1.0,2,2,1.0
1394033,val,a30_31,no_history,2.5376139,0.0,1.0,3,2,1.0,2,4,1.0
1397005,val,a30_31,no_history,3.6271574,3.6570578,1.0,3,3,1.0,2,2,1.0
1397172,val,a30_31,no_history,2.4873252,0.0,1.0,3,2,1.0,2,2,1.0
1426004,val,a30_31,no_history,2.529677,1.5148215,1.0,3,3,1.0,2,2,1.0
1434032,val,a30_31,no_history,2.5660517,2.5882483,1.0,3,2,1.0,2,2,1.0
1434170,val,a30_31,no_history,3.2585168,2.7760577,1.0,3,3,1.0,2,2,1.0
1435005,val,a30_31,no_history,3.678095,3.8998532,1.0,3,3,1.0,2,6,1.0
1485171,val,a30_31,no_history,3.4363596,3.5806315,1.0,3,3,1.0,2,2,1.0
1520031,val,a30_31,no_history,2.5933967,3.6576927,1.0,3,3,1.0,2,4,1.0
1540005,val,a30_31,no_history,3.6688163,4.493356,1.0,3,3,1.0,2,6,1.0
1559003,val,a30_31,no_history,3.6212192,4.33515,1.0,3,3,1.0,2,2,1.0
1559170,val,a30_31,no_history,2.495433,3.7329192,1.0,3,3,1.0,2,2,1.0
1565180,val,a30_31,no_history,2.4190698,2.850009,1.0,3,3,1.0,2,2,1.0
1579030,val,a30_31,no_history,3.522344,3.539721,1.0,3,3,1.0,2,2,1.0
1613007,val,a30_31,no_history,2.636539,3.3296845,1.0,3,2,1.0,2,2,1.0
1621171,val,a30_31,no_history,3.4223084,4.0290737,1.0,3,3,1.0,2,2,1.0
1644004,val,a30_31,no_history,2.5695724,3.1041627,1.0,3,2,1.0,2,2,1.0
1652031,val,a30_31,no_history,2.9555902,3.7628198,1.0,3,3,1.0,2,2,1.0
1682032,val,a30_31,no_history,3.5625625,4.232157,1.0,3,3,1.0,2,6,1.0
1684173,val,a30_31,no_history,3.4363596,3.0831435,1.0,3,3,1.0,2,2,1.0
1687003,val,a30_31,no_history,3.4389062,3.0770123,1.0,3,3,1.0,2,2,1.0
1690170,val,a30_31,no_history,2.6599443,2.9952161,1.0,3,3,1.0,2,2,1.0
1692030,val,a30_31,no_history,2.630294,0.0,1.0,3,2,1.0,2,2,1.0
1695034,val,a30_31,no_history,2.6812804,3.154082,1.0,3,3,1.0,2,2,1.0
1701004,val,a30_31,no_history,2.7037442,2.9586496,1.0,3,3,1.0,2,2,1.0
1721030,val,a30_31,no_history,2.4906335,4.218239,1.0,3,3,1.0,2,4,1.0
1723005,val,a30_31,no_history,2.4582727,0.0,1.0,3,2,1.0,2,2,1.0
1762030,val,a30_31,no_history,2.654819,1.8541794,1.0,3,3,1.0,2,2,1.0
1762031,val,a30_31,no_history,3.3902464,3.4748342,1.0,3,3,1.0,2,2,1.0
1762032,val,a30_31,no_history,2.6760125,0.8422866,1.0,3,3,1.0,2,2,1.0
1774170,val,a30_31,no_history,2.6156242,3.530886,1.0,3,3,1.0,2,2,1.0
1774171,val,a30_31,no_history,2.6599443,3.757377,1.0,3,3,1.0,2,2,1.0
1784171,val,a30_31,no_history,3.4363596,4.354948,1.0,3,3,1.0,2,2,1.0
1786191,val,a30_31,no_history,3.345534,4.0242934,1.0,3,3,1.0,2,2,1.0
1787005,val,a30_31,no_history,3.4386768,3.5573397,1.0,3,3,1.0,2,2,1.0
1787174,val,a30_31,no_history,2.6156242,3.4187503,1.0,3,3,1.0,2,2,1.0
1802003,val,a30_31,no_history,3.3554811,2.8268056,1.0,3,3,1.0,2,2,1.0
1845170,val,a30_31,no_history,3.4719095,3.5920963,1.0,3,3,1.0,2,2,1.0
1862171,val,a30_31,no_history,3.0688543,1.0280056,1.0,3,3,1.0,2,2,1.0
1898004,val,a30_31,no_history,2.935215,4.0346365,1.0,3,3,1.0,2,6,1.0
1911030,val,a30_31,no_history,2.5991473,3.1301715,1.0,3,3,1.0,2,3,1.0
1914003,val,a30_31,no_history,2.3456368,0.13113108,1.0,3,3,1.0,2,2,1.0
1919007,val,a30_31,no_history,3.5859172,3.7895627,1.0,3,3,1.0,2,2,1.0
1954003,val,a30_31,no_history,3.040225,3.2025814,1.0,3,3,1.0,2,2,1.0
1959005,val,a30_31,no_history,3.060193,4.0288734,1.0,3,3,1.0,2,6,1.0
1964031,val,a30_31,no_history,2.7295406,0.0,0.0,3,-1,0.0,2,-1,0.0
1972173,val,a30_31,no_history,2.4190698,0.0,1.0,3,2,1.0,2,2,1.0
1978030,val,a30_31,no_history,2.6913953,3.5649583,1.0,3,3,1.0,2,2,1.0
2005030,val,a30_31,no_history,2.6021369,2.9669423,1.0,3,3,1.0,2,6,1.0
2011174,val,a30_31,no_history,2.4873252,2.6167932,1.0,3,3,1.0,2,2,1.0
2023030,val,a30_31,no_history,2.8811316,4.596575,1.0,3,3,1.0,2,6,1.0
2028030,val,a30_31,no_history,2.8206468,3.7856972,1.0,3,3,1.0,2,4,1.0
2055003,val,a30_31,no_history,2.7404332,2.474848,1.0,3,3,1.0,2,2,1.0
2067005,val,a30_31,no_history,3.5165854,3.8257277,1.0,3,3,1.0,2,2,1.0
2080170,val,a30_31,no_history,2.6156242,0.7748619,1.0,3,3,1.0,2,2,1.0
2106171,val,a30_31,no_history,2.6227863,0.0,1.0,3,2,1.0,2,2,1.0
2109002,val,a30_31,no_history,2.7494292,4.0631533,1.0,3,3,1.0,2,2,1.0
2129186,val,a30_31,no_history,3.378033,3.000162,1.0,3,3,1.0,2,2,1.0
2181007,val,a30_31,no_history,2.4149153,0.0,1.0,3,2,1.0,2,6,1.0
2181030,val,a30_31,no_history,2.2774556,3.2536054,1.0,3,3,1.0,6,4,1.0
2243174,val,a30_31,no_history,2.4046953,4.1554103,1.0,3,3,1.0,2,2,1.0
2260173,val,a30_31,no_history,2.6156242,1.88501,1.0,3,2,1.0,2,2,1.0
2261030,val,a30_31,no_history,2.5124583,2.6918542,1.0,3,3,1.0,2,2,1.0
2271171,val,a30_31,no_history,2.4873252,2.9267282,1.0,3,3,1.0,2,2,1.0
2282005,val,a30_31,no_history,2.5476213,3.3026655,1.0,3,3,1.0,2,4,1.0
2302195,val,a30_31,no_history,2.6227863,0.0,1.0,3,2,1.0,2,2,1.0
2334031,val,a30_31,no_history,2.802762,4.190539,1.0,3,3,1.0,2,2,1.0
2341172,val,a30_31,no_history,2.4693596,1.6821941,1.0,3,2,1.0,2,2,1.0
2354175,val,a30_31,no_history,3.459958,0.02431143,1.0,3,3,1.0,2,2,1.0
2355004,val,a30_31,no_history,2.8309138,2.3455245,1.0,3,3,1.0,2,4,1.0
2391030,val,a30_31,no_history,3.4444494,3.3619723,1.0,3,3,1.0,2,2,1.0
2397173,val,a30_31,no_history,2.6599443,0.0,1.0,3,2,1.0,2,3,1.0
2408170,val,a30_31,no_history,2.3291583,2.1372008,1.0,3,3,1.0,2,2,1.0
2425003,val,a30_31,no_history,2.9374213,1.4242183,1.0,3,3,1.0,2,2,1.0
2432030,val,a30_31,no_history,3.3066385,0.0,1.0,3,2,1.0,2,4,1.0
2435172,val,a30_31,no_history,2.4693596,1.2739747,1.0,3,3,1.0,2,2,1.0
2436174,val,a30_31,no_history,2.5401978,0.0,1.0,3,2,1.0,2,2,1.0
2436176,val,a30_31,no_history,2.5041428,1.6717893,1.0,3,3,1.0,2,2,1.0
2441003,val,a30_31,no_history,2.398552,2.0608215,1.0,3,3,1.0,2,2,1.0
2441173,val,a30_31,no_history,3.054362,3.6020598,1.0,3,3,1.0,2,2,1.0
2458031,val,a30_31,no_history,3.581387,4.507845,1.0,3,3,1.0,2,6,1.0
2461004,val,a30_31,no_history,2.8788629,1.2221372,1.0,3,2,1.0,2,2,1.0
2461030,val,a30_31,no_history,3.511602,4.886779,1.0,3,3,1.0,2,2,1.0
2473004,val,a30_31,no_history,2.999863,3.5453892,1.0,3,3,1.0,2,2,1.0
2483030,val,a30_31,no_history,2.3401904,1.4439538,1.0,3,2,1.0,2,2,1.0
2503030,val,a30_31,no_history,3.522881,4.153324,1.0,3,3,1.0,2,6,1.0
2510005,val,a30_31,no_history,3.506091,3.681525,1.0,3,3,1.0,2,2,1.0
2525003,val,a30_31,no_history,3.582728,1.0911466,1.0,3,2,1.0,2,2,1.0
2529030,val,a30_31,no_history,3.4102693,3.6850972,1.0,3,3,1.0,2,2,1.0
2529174,val,a30_31,no_history,2.4873252,3.8850634,1.0,3,3,1.0,2,2,1.0
2530003,val,a30_31,no_history,2.5180397,2.4984546,1.0,3,3,1.0,2,2,1.0
2530004,val,a30_31,no_history,2.2787821,3.1229002,1.0,3,3,1.0,2,2,1.0
2569033,val,a30_31,no_history,2.4049191,3.1590667,1.0,3,3,1.0,2,2,1.0
2601006,val,a30_31,no_history,3.082319,4.568841,1.0,3,3,1.0,2,2,1.0
2608006,val,a30_31,no_history,3.0446928,3.104259,1.0,3,3,1.0,2,2,1.0
2615034,val,a30_31,no_history,2.6402895,4.351215,1.0,3,3,1.0,2,2,1.0
2639004,val,a30_31,no_history,3.6282365,3.4125912,1.0,3,3,1.0,2,6,1.0
2665177,val,a30_31,no_history,2.4149153,0.50427806,1.0,3,2,1.0,2,6,1.0
2672006,val,a30_31,no_history,2.8798003,3.8187668,1.0,3,3,1.0,2,6,1.0
2672171,val,a30_31,no_history,2.5864217,4.456984,1.0,3,3,1.0,2,4,1.0
2697003,val,a30_31,no_history,3.6171322,3.9311678,1.0,3,3,1.0,2,4,1.0
2704031,val,a30_31,no_history,3.315137,3.4627373,1.0,3,3,1.0,2,2,1.0
2705030,val,a30_31,no_history,3.0111454,3.8132377,1.0,3,3,1.0,2,2,1.0
2707007,val,a30_31,no_history,2.8931818,2.7866313,1.0,3,3,1.0,2,2,1.0
2712172,val,a30_31,no_history,2.4190698,2.5026433,1.0,3,3,1.0,2,2,1.0
2731003,val,a30_31,no_history,2.0619729,3.2932556,1.0,3,3,1.0,2,6,1.0
2731005,val,a30_31,no_history,2.639516,4.5509243,1.0,3,3,1.0,2,6,1.0
2770031,val,a30_31,no_history,2.6435726,3.598622,1.0,3,3,1.0,2,2,1.0
2816004,val,a30_31,no_history,2.8046174,0.0,1.0,3,2,1.0,2,2,1.0
2910002,val,a30_31,no_history,1.9869387,2.9302201,1.0,3,3,1.0,6,2,1.0
3062001,val,a30_31,no_history,3.1785564,3.2921891,1.0,3,3,1.0,2,2,1.0
3235002,val,a30_31,no_history,2.3412695,2.637326,1.0,3,3,1.0,2,2,1.0
3306001,val,a30_31,no_history,3.2360375,4.2639766,1.0,3,3,1.0,2,2,1.0
5015030,val,a30_31,no_history,2.6251416,3.053964,1.0,3,3,1.0,6,2,1.0
5048030,val,a30_31,no_history,2.3336692,0.9035515,1.0,3,3,1.0,6,6,1.0
5052033,val,a30_31,no_history,2.114882,2.1652112,1.0,3,3,1.0,6,6,1.0
5057008,val,a30_31,no_history,2.3523197,0.0,1.0,3,2,1.0,6,6,1.0
5170009,val,a30_31,no_history,2.1641257,3.6723797,1.0,3,3,1.0,6,2,1.0
5230008,val,a30_31,no_history,2.2513075,3.3242893,1.0,3,3,1.0,6,2,1.0
5299010,val,a30_31,no_history,2.1281524,1.4410384,1.0,3,3,1.0,6,6,1.0
5336179,val,a30_31,no_history,3.054362,2.2973404,1.0,3,2,1.0,2,2,1.0
5364005,val,a30_31,no_history,2.3903346,3.2058682,1.0,3,3,1.0,6,3,1.0
5379004,val,a30_31,no_history,3.0295496,2.9469423,1.0,3,3,1.0,2,4,1.0
5430173,val,a30_31,no_history,2.9390645,0.0,0.0,3,-1,0.0,2,-1,0.0
5488006,val,a30_31,no_history,2.4284976,3.6987822,1.0,3,3,1.0,6,6,1.0
5493007,val,a30_31,no_history,2.185174,0.0,1.0,3,2,1.0,6,5,1.0
5537009,val,a30_31,no_history,2.4058204,2.2175868,1.0,3,3,1.0,6,2,1.0
5537177,val,a30_31,no_history,3.099039,0.0,1.0,3,2,1.0,2,2,1.0
5537183,val,a30_31,no_history,2.9614425,0.0,1.0,3,2,1.0,2,2,1.0
5569010,val,a30_31,no_history,1.9775815,3.477633,1.0,3,3,1.0,6,2,1.0
5600005,val,a30_31,no_history,2.8154085,2.3809192,1.0,3,2,1.0,2,6,1.0
5615183,val,a30_31,no_history,3.099039,4.037687,1.0,3,3,1.0,2,2,1.0
5749006,val,a30_31,no_history,2.1175492,2.652741,1.0,3,3,1.0,6,2,1.0
5822175,val,a30_31,no_history,3.099039,2.9794602,1.0,3,3,1.0,2,2,1.0
5832003,val,a30_31,no_history,2.34644,0.0,0.0,3,-1,0.0,2,-1,0.0
5872005,val,a30_31,no_history,2.2048454,0.0,1.0,3,2,1.0,6,6,1.0
5898005,val,a30_31,no_history,2.532049,0.0,1.0,3,2,1.0,2,4,1.0
5904033,val,a30_31,no_history,2.5438015,2.6030054,1.0,3,3,1.0,2,3,1.0
5987188,val,a30_31,no_history,2.4149153,3.0227742,1.0,3,3,1.0,2,2,1.0
6026005,val,a30_31,no_history,3.1283875,3.6704879,1.0,3,3,1.0,2,6,1.0
6026172,val,a30_31,no_history,2.6156242,3.7018018,1.0,3,3,1.0,2,6,1.0
6054031,val,a30_31,no_history,2.837453,4.3773117,1.0,3,3,1.0,2,6,1.0
6121033,val,a30_31,no_history,2.8531547,0.0,0.0,3,2,1.0,6,6,1.0
6156008,val,a30_31,no_history,2.865819,3.766229,1.0,3,3,1.0,2,6,1.0
6157003,val,a30_31,no_history,2.6862667,2.724433,1.0,3,3,1.0,2,2,1.0
6210183,val,a30_31,no_history,2.4214184,3.5983658,1.0,3,3,1.0,2,2,1.0
6262030,val,a30_31,no_history,3.0156164,3.6729314,1.0,3,3,1.0,2,2,1.0
6368007,val,a30_31,no_history,3.0013604,1.520187,1.0,3,2,1.0,2,6,1.0
6381181,val,a30_31,no_history,2.5647428,3.8400397,1.0,3,3,1.0,2,6,1.0
6396003,val,a30_31,no_history,1.9976988,1.6638994,1.0,3,3,1.0,6,2,1.0
6431008,val,a30_31,no_history,3.0354257,3.2574513,1.0,3,3,1.0,2,2,1.0
6475170,val,a30_31,no_history,2.2277281,2.6670494,1.0,3,3,1.0,6,6,1.0
6522004,val,a30_31,no_history,2.386965,0.0,1.0,3,2,1.0,6,6,1.0
6537032,val,a30_31,no_history,2.4945,2.6992998,1.0,3,2,1.0,2,2,1.0
6541178,val,a30_31,no_history,2.5111673,4.0980587,1.0,3,3,1.0,2,2,1.0
6545006,val,a30_31,no_history,2.0229979,0.0,0.0,3,-1,0.0,6,-1,0.0
6547171,val,a30_31,no_history,2.4149153,2.844415,1.0,3,3,1.0,2,2,1.0
6571031,val,a30_31,no_history,2.9682527,0.0,0.0,3,-1,0.0,2,-1,0.0
6590008,val,a30_31,no_history,2.8937476,3.052779,1.0,3,3,1.0,2,2,1.0
6616007,val,a30_31,no_history,2.0628066,2.4154687,1.0,3,2,1.0,6,2,1.0
6649003,val,a30_31,no_history,2.372788,3.1905797,1.0,3,2,1.0,6,6,1.0
6710030,val,a30_31,no_history,2.553413,3.334712,1.0,3,3,1.0,6,6,1.0
6745007,val,a30_31,no_history,2.991449,0.0,0.0,3,-1,0.0,2,-1,0.0
6750005,val,a30_31,no_history,2.6374204,0.0,1.0,3,3,1.0,6,3,1.0
6765006,val,a30_31,no_history,2.5852213,0.0,1.0,3,3,1.0,6,2,1.0
6822176,val,a30_31,no_history,2.3490152,3.7020907,1.0,3,3,1.0,2,3,1.0
4007,val,a32_33,no_history,2.420655,1.0867418,1.0,3,3,1.0,2,2,1.0
6174,val,a32_33,no_history,3.3639565,3.4142132,1.0,3,3,1.0,2,2,1.0
14004,val,a32_33,no_history,3.444497,3.97576,1.0,3,3,1.0,2,2,1.0
14172,val,a32_33,no_history,2.621174,0.0,1.0,3,2,1.0,2,2,1.0
14173,val,a32_33,no_history,3.243526,3.566897,1.0,3,3,1.0,2,2,1.0
18031,val,a32_33,no_history,2.5849795,0.0,1.0,3,2,1.0,2,2,1.0
18185,val,a32_33,no_history,2.426725,3.419789,1.0,3,3,1.0,2,4,1.0
23031,val,a32_33,no_history,3.5497456,2.7639472,1.0,3,3,1.0,2,6,1.0
40173,val,a32_33,no_history,3.3639565,4.1959877,1.0,3,3,1.0,2,2,1.0
51171,val,a32_33,no_history,3.4766505,3.4484794,1.0,3,3,1.0,2,2,1.0
84005,val,a32_33,no_history,2.9356332,3.628354,1.0,3,3,1.0,2,6,1.0
121173,val,a32_33,no_history,2.5060155,4.8089485,1.0,3,3,1.0,2,2,1.0
128004,val,a32_33,no_history,3.483592,3.699267,1.0,3,3,1.0,2,2,1.0
145170,val,a32_33,no_history,3.4886138,3.7859023,1.0,3,3,1.0,2,2,1.0
161004,val,a32_33,no_history,3.405643,4.144882,1.0,3,3,1.0,2,6,1.0
172031,val,a32_33,no_history,3.2827694,3.4698775,1.0,3,3,1.0,2,2,1.0
174175,val,a32_33,no_history,2.481797,3.505085,1.0,3,3,1.0,2,2,1.0
221031,val,a32_33,no_history,3.4672475,3.6850972,1.0,3,3,1.0,2,2,1.0
223030,val,a32_33,no_history,3.6240695,3.5649583,1.0,3,3,1.0,2,2,1.0
227003,val,a32_33,no_history,3.0064049,1.4325641,1.0,3,3,1.0,2,4,1.0
257175,val,a32_33,no_history,3.1607273,2.9559011,1.0,3,3,1.0,2,2,1.0
263182,val,a32_33,no_history,3.4083233,3.1111588,1.0,3,3,1.0,2,2,1.0
321005,val,a32_33,no_history,2.2398217,0.0,1.0,3,3,1.0,2,2,1.0
361175,val,a32_33,no_history,2.5060155,2.4523063,1.0,3,2,1.0,2,2,1.0
377170,val,a32_33,no_history,3.3613052,4.1439614,1.0,3,3,1.0,2,2,1.0
450030,val,a32_33,no_history,2.833111,3.9492195,1.0,3,3,1.0,2,6,1.0
465030,val,a32_33,no_history,2.6113446,3.4057453,1.0,3,3,1.0,2,2,1.0
478030,val,a32_33,no_history,2.5719562,2.441683,1.0,3,2,1.0,2,5,1.0
503031,val,a32_33,no_history,2.7096708,4.011046,1.0,3,3,1.0,2,2,1.0
514172,val,a32_33,no_history,2.9799817,4.8569217,1.0,3,3,1.0,2,2,1.0
534030,val,a32_33,no_history,2.6450517,3.5290773,1.0,3,3,1.0,2,2,1.0
534171,val,a32_33,no_history,3.4657698,3.4207587,1.0,3,3,1.0,2,2,1.0
544170,val,a32_33,no_history,2.507784,2.4005008,1.0,3,3,1.0,2,2,1.0
563193,val,a32_33,no_history,3.3680835,1.2695827,1.0,3,2,1.0,2,2,1.0
577174,val,a32_33,no_history,3.4382622,1.7688432,1.0,3,3,1.0,2,2,1.0
613006,val,a32_33,no_history,3.4502363,4.381024,1.0,3,3,1.0,2,6,1.0
618170,val,a32_33,no_history,3.4886138,4.21746,1.0,3,3,1.0,2,2,1.0
631030,val,a32_33,no_history,3.3978982,3.6409497,1.0,3,2,1.0,2,4,1.0
633031,val,a32_33,no_history,2.309466,3.587975,1.0,3,3,1.0,2,2,1.0
652173,val,a32_33,no_history,2.507784,3.7014766,1.0,3,3,1.0,2,2,1.0
655172,val,a32_33,no_history,2.507784,2.5599382,1.0,3,3,1.0,2,2,1.0
656005,val,a32_33,no_history,2.8596768,1.6182599,1.0,3,2,1.0,2,2,1.0
691171,val,a32_33,no_history,2.507784,2.3093877,1.0,3,3,1.0,2,4,1.0
738172,val,a32_33,no_history,2.426725,3.3051815,1.0,3,3,1.0,2,2,1.0
751030,val,a32_33,no_history,2.5938618,2.7029045,1.0,3,3,1.0,2,2,1.0
762170,val,a32_33,no_history,3.4526498,4.7859936,1.0,3,3,1.0,2,2,1.0
783171,val,a32_33,no_history,2.679171,0.0,1.0,3,2,1.0,2,2,1.0
863007,val,a32_33,no_history,2.8853242,2.0965526,1.0,3,3,1.0,2,2,1.0
893170,val,a32_33,no_history,2.5060155,1.1484697,1.0,3,2,1.0,2,2,1.0
894031,val,a32_33,no_history,2.7173772,2.920467,1.0,3,3,1.0,2,2,1.0
898181,val,a32_33,no_history,2.507784,2.303382,1.0,3,2,1.0,2,2,1.0
899003,val,a32_33,no_history,3.5232353,3.1265504,1.0,3,3,1.0,2,4,1.0
916032,val,a32_33,no_history,2.4239929,3.433667,1.0,3,3,1.0,2,6,1.0
922005,val,a32_33,no_history,3.1458638,2.0455058,1.0,3,3,1.0,2,2,1.0
931172,val,a32_33,no_history,3.4657698,2.9653394,1.0,3,3,1.0,2,2,1.0
939032,val,a32_33,no_history,3.6891842,4.886779,1.0,3,3,1.0,2,2,1.0
958030,val,a32_33,no_history,3.4041705,3.514469,1.0,3,3,1.0,2,2,1.0
958173,val,a32_33,no_history,2.440538,3.0765197,1.0,3,3,1.0,2,2,1.0
961005,val,a32_33,no_history,2.8217003,2.9124293,1.0,3,2,1.0,2,2,1.0
961030,val,a32_33,no_history,3.463762,3.8700032,1.0,3,3,1.0,2,6,1.0
961175,val,a32_33,no_history,3.4657698,3.3337398,1.0,3,3,1.0,2,2,1.0
1051183,val,a32_33,no_history,3.273225,3.8180304,1.0,3,3,1.0,2,2,1.0
1084005,val,a32_33,no_history,2.5061622,0.0,1.0,3,2,1.0,2,2,1.0
1089003,val,a32_33,no_history,2.6346173,3.267166,1.0,3,3,1.0,2,2,1.0
1093003,val,a32_33,no_history,2.9087105,0.0,1.0,3,2,1.0,2,2,1.0
1107173,val,a32_33,no_history,2.6053317,2.8713987,1.0,3,3,1.0,2,2,1.0
1109174,val,a32_33,no_history,2.507784,1.7994808,1.0,3,2,1.0,2,2,1.0
1121030,val,a32_33,no_history,3.417523,3.2479649,1.0,3,3,1.0,2,2,1.0
1121175,val,a32_33,no_history,2.4445386,2.7939436,1.0,3,3,1.0,2,2,1.0
1125172,val,a32_33,no_history,2.5060155,2.505347,1.0,3,3,1.0,2,2,1.0
1126030,val,a32_33,no_history,2.731505,3.0186512,1.0,3,3,1.0,2,2,1.0
1126176,val,a32_33,no_history,3.3484669,4.886779,1.0,3,3,1.0,2,2,1.0
1152180,val,a32_33,no_history,2.5328717,3.2781074,1.0,3,3,1.0,2,2,1.0
1164004,val,a32_33,no_history,3.4461048,3.232986,1.0,3,3,1.0,2,2,1.0
1184032,val,a32_33,no_history,3.0763915,3.3217459,1.0,3,3,1.0,2,2,1.0
1184033,val,a32_33,no_history,3.0911644,0.0,1.0,3,2,1.0,2,2,1.0
1185003,val,a32_33,no_history,2.7036397,2.8616178,1.0,3,2,1.0,2,2,1.0
1222004,val,a32_33,no_history,2.486725,0.0,1.0,3,2,1.0,2,2,1.0
1222006,val,a32_33,no_history,3.6095195,3.2669837,1.0,3,3,1.0,2,2,1.0
1284170,val,a32_33,no_history,2.6053317,3.8794374,1.0,3,3,1.0,2,2,1.0
1292004,val,a32_33,no_history,2.643773,1.8490136,1.0,3,3,1.0,2,2,1.0
1314172,val,a32_33,no_history,3.4766505,1.2554071,1.0,3,3,1.0,2,2,1.0
1332005,val,a32_33,no_history,3.5765514,1.8490136,1.0,3,3,1.0,2,4,1.0
1335010,val,a32_33,no_history,3.2587998,2.8287268,1.0,3,3,1.0,2,2,1.0
1338003,val,a32_33,no_history,2.507784,3.5806177,1.0,3,3,1.0,2,6,1.0
1345006,val,a32_33,no_history,2.6616518,3.5201502,1.0,3,3,1.0,2,4,1.0
1345007,val,a32_33,no_history,2.7654326,3.3856368,1.0,3,3,1.0,2,6,1.0
1346030,val,a32_33,no_history,2.3907783,0.0,1.0,3,2,1.0,2,2,1.0
1391033,val,a32_33,no_history,3.5678263,3.8577616,1.0,3,3,1.0,2,2,1.0
1391175,val,a32_33,no_history,2.5379748,2.1802564,1.0,3,3,1.0,2,2,1.0
1394033,val,a32_33,no_history,2.5562696,0.0,1.0,3,2,1.0,2,4,1.0
1397005,val,a32_33,no_history,3.6430295,3.384829,1.0,3,3,1.0,2,2,1.0
1397172,val,a32_33,no_history,2.507784,0.6637555,1.0,3,2,1.0,2,2,1.0
1426004,val,a32_33,no_history,2.5505528,1.2936131,1.0,3,2,1.0,2,3,1.0
1434032,val,a32_33,no_history,2.5829463,1.6391988,1.0,3,3,1.0,2,2,1.0
1434170,val,a32_33,no_history,3.273225,2.9495683,1.0,3,3,1.0,2,2,1.0
1435005,val,a32_33,no_history,3.6945958,3.904213,1.0,3,3,1.0,2,2,1.0
1485171,val,a32_33,no_history,3.4526498,1.6021421,1.0,3,3,1.0,2,2,1.0
1520031,val,a32_33,no_history,2.6117437,3.9380646,1.0,3,3,1.0,2,2,1.0
1540005,val,a32_33,no_history,3.6863248,2.2967575,1.0,3,3,1.0,2,2,1.0
1559003,val,a32_33,no_history,3.6383429,4.4298196,1.0,3,3,1.0,2,2,1.0
1559170,val,a32_33,no_history,2.516011,3.635588,1.0,3,3,1.0,2,2,1.0
1565180,val,a32_33,no_history,2.440538,3.4698775,1.0,3,3,1.0,2,2,1.0
1579030,val,a32_33,no_history,3.5406399,3.4738486,1.0,3,3,1.0,2,2,1.0
1613007,val,a32_33,no_history,2.6533315,0.38016513,1.0,3,2,1.0,2,2,1.0
1621171,val,a32_33,no_history,3.4382622,4.339688,1.0,3,3,1.0,2,2,1.0
1644004,val,a32_33,no_history,2.5870988,1.2289442,1.0,3,3,1.0,2,2,1.0
1652031,val,a32_33,no_history,2.9674067,0.0,1.0,3,2,1.0,2,2,1.0
1682032,val,a32_33,no_history,3.5796607,4.266328,1.0,3,3,1.0,2,6,1.0
1684173,val,a32_33,no_history,3.4526498,3.2957816,1.0,3,3,1.0,2,2,1.0
1687003,val,a32_33,no_history,3.4548843,3.19179,1.0,3,3,1.0,2,2,1.0
1690170,val,a32_33,no_history,2.679171,3.3861604,1.0,3,3,1.0,2,2,1.0
1692030,val,a32_33,no_history,2.6437752,1.5561625,1.0,3,3,1.0,2,2,1.0
1695034,val,a32_33,no_history,2.6981306,3.4795048,1.0,3,3,1.0,2,2,1.0
1701004,val,a32_33,no_history,2.7201211,3.2293725,1.0,3,3,1.0,2,2,1.0
1721030,val,a32_33,no_history,2.507072,3.8455408,1.0,3,3,1.0,2,2,1.0
1723005,val,a32_33,no_history,2.4770145,0.82886904,1.0,3,2,1.0,2,2,1.0
1762030,val,a32_33,no_history,2.670228,1.9757252,1.0,3,3,1.0,2,2,1.0
1762031,val,a32_33,no_history,3.4083233,3.5925455,1.0,3,3,1.0,2,2,1.0
1762032,val,a32_33,no_history,2.691199,1.6391988,1.0,3,3,1.0,2,3,1.0
1774170,val,a32_33,no_history,2.6346173,3.9912028,1.0,3,3,1.0,2,2,1.0
1774171,val,a32_33,no_history,2.679171,3.549721,1.0,3,3,1.0,2,2,1.0
1784171,val,a32_33,no_history,3.4526498,4.220819,1.0,3,3,1.0,2,2,1.0
1786191,val,a32_33,no_history,3.3639565,3.9380646,1.0,3,3,1.0,2,2,1.0
1787005,val,a32_33,no_history,3.4539652,3.6982102,1.0,3,3,1.0,2,2,1.0
1787174,val,a32_33,no_history,2.6346173,3.4946194,1.0,3,3,1.0,2,2,1.0
1802003,val,a32_33,no_history,3.3708682,2.9506648,1.0,3,3,1.0,2,2,1.0
1845170,val,a32_33,no_history,3.4886138,3.4964852,1.0,3,3,1.0,2,2,1.0
1862171,val,a32_33,no_history,3.0839977,3.7249148,1.0,3,3,1.0,2,2,1.0
1898004,val,a32_33,no_history,2.9488788,3.97414,1.0,3,3,1.0,2,6,1.0
1911030,val,a32_33,no_history,2.6172752,3.1334782,1.0,3,3,1.0,2,2,1.0
1914003,val,a32_33,no_history,2.3647175,1.1835238,1.0,3,3,1.0,2,2,1.0
1919007,val,a32_33,no_history,3.6033657,3.963373,1.0,3,3,1.0,2,2,1.0
1954003,val,a32_33,no_history,3.0567522,3.3071876,1.0,3,3,1.0,2,2,1.0
1959005,val,a32_33,no_history,3.0718145,4.227319,1.0,3,3,1.0,2,6,1.0
1964031,val,a32_33,no_history,2.746245,0.0,0.0,3,-1,0.0,2,-1,0.0
1972173,val,a32_33,no_history,2.440538,3.2300382,1.0,3,3,1.0,2,3,1.0
1978030,val,a32_33,no_history,2.7099185,3.9380646,1.0,3,3,1.0,2,2,1.0
2005030,val,a32_33,no_history,2.621174,3.6323774,1.0,3,3,1.0,2,6,1.0
2011174,val,a32_33,no_history,2.507784,3.1610117,1.0,3,3,1.0,2,2,1.0
2023030,val,a32_33,no_history,2.8941927,4.676276,1.0,3,3,1.0,2,6,1.0
2028030,val,a32_33,no_history,2.8339174,3.8275414,1.0,3,3,1.0,2,4,1.0
2055003,val,a32_33,no_history,2.7579181,2.436415,1.0,3,3,1.0,2,2,1.0
2067005,val,a32_33,no_history,3.5331078,3.8835647,1.0,3,3,1.0,2,2,1.0
2080170,val,a32_33,no_history,2.6346173,1.5193015,1.0,3,3,1.0,2,2,1.0
2106171,val,a32_33,no_history,2.641288,1.9249718,1.0,3,3,1.0,2,2,1.0
2109002,val,a32_33,no_history,2.7647433,4.320229,1.0,3,3,1.0,2,3,1.0
2129186,val,a32_33,no_history,3.391299,3.4382844,1.0,3,3,1.0,2,2,1.0
2181007,val,a32_33,no_history,2.4378119,0.0,1.0,3,2,1.0,2,6,1.0
2181030,val,a32_33,no_history,2.2980154,3.2005377,1.0,3,3,1.0,6,4,1.0
2243174,val,a32_33,no_history,2.426725,4.3128266,1.0,3,3,1.0,2,2,1.0
2260173,val,a32_33,no_history,2.6346173,1.8636948,1.0,3,3,1.0,2,2,1.0
2261030,val,a32_33,no_history,2.5328965,3.46386,1.0,3,3,1.0,2,2,1.0
2271171,val,a32_33,no_history,2.507784,2.8805687,1.0,3,3,1.0,2,2,1.0
2282005,val,a32_33,no_history,2.5659208,2.6999228,1.0,3,3,1.0,2,4,1.0
2302195,val,a32_33,no_history,2.641288,0.0,1.0,3,2,1.0,2,3,1.0
2334031,val,a32_33,no_history,2.8193493,4.3227935,1.0,3,3,1.0,2,2,1.0
2341172,val,a32_33,no_history,2.4900587,1.4055939,1.0,3,3,1.0,2,2,1.0
2354175,val,a32_33,no_history,3.4766505,3.5770934,1.0,3,3,1.0,2,2,1.0
2355004,val,a32_33,no_history,2.844789,3.1516616,1.0,3,3,1.0,2,4,1.0
2391030,val,a32_33,no_history,3.4630384,3.3850226,1.0,3,3,1.0,2,2,1.0
2397173,val,a32_33,no_history,2.679171,1.5610666,1.0,3,2,1.0,2,4,1.0
2408170,val,a32_33,no_history,2.3505082,1.7504245,1.0,3,3,1.0,2,2,1.0
2425003,val,a32_33,no_history,2.9507313,1.0458099,1.0,3,3,1.0,2,2,1.0
2432030,val,a32_33,no_history,3.3206592,3.1244323,1.0,3,3,1.0,2,4,1.0
2435172,val,a32_33,no_history,2.4900587,2.6671154,1.0,3,3,1.0,2,2,1.0
2436174,val,a32_33,no_history,2.5583663,0.0,1.0,3,2,1.0,2,2,1.0
2436176,val,a32_33,no_history,2.5227659,2.3387928,1.0,3,3,1.0,2,2,1.0
2441003,val,a32_33,no_history,2.4192572,2.767564,1.0,3,3,1.0,2,2,1.0
2441173,val,a32_33,no_history,3.071125,3.35304,1.0,3,2,1.0,2,2,1.0
2458031,val,a32_33,no_history,3.601111,4.4858203,1.0,3,3,1.0,2,6,1.0
2461004,val,a32_33,no_history,2.892108,0.0,1.0,3,2,1.0,2,2,1.0
2461030,val,a32_33,no_history,3.5296233,4.886779,1.0,3,3,1.0,2,2,1.0
2473004,val,a32_33,no_history,3.0163374,3.5253677,1.0,3,3,1.0,2,2,1.0
2483030,val,a32_33,no_history,2.3609335,2.811228,1.0,3,3,1.0,2,3,1.0
2503030,val,a32_33,no_history,3.5395362,3.3822985,1.0,3,2,1.0,2,6,1.0
2510005,val,a32_33,no_history,3.5225644,3.1491687,1.0,3,3,1.0,2,2,1.0
2525003,val,a32_33,no_history,3.5982363,1.4930412,1.0,3,2,1.0,2,2,1.0
2529030,val,a32_33,no_history,3.4292188,2.3032491,1.0,3,3,1.0,2,2,1.0
2529174,val,a32_33,no_history,2.507784,4.1124773,1.0,3,3,1.0,2,2,1.0
2530003,val,a32_33,no_history,2.535931,0.0,0.0,3,-1,0.0,2,-1,0.0
2530004,val,a32_33,no_history,2.300237,3.012737,1.0,3,3,1.0,2,2,1.0
2569033,val,a32_33,no_history,2.421417,3.4540765,1.0,3,3,1.0,2,2,1.0
2601006,val,a32_33,no_history,3.0922327,4.6354756,1.0,3,3,1.0,2,2,1.0
2608006,val,a32_33,no_history,3.0586867,3.1019585,1.0,3,3,1.0,2,2,1.0
2615034,val,a32_33,no_history,2.6571271,4.0760427,1.0,3,3,1.0,2,2,1.0
2639004,val,a32_33,no_history,3.645524,3.5780287,1.0,3,3,1.0,2,4,1.0
2665177,val,a32_33,no_history,2.4378119,0.0,1.0,3,2,1.0,2,6,1.0
2672006,val,a32_33,no_history,2.8925307,3.845893,1.0,3,3,1.0,2,2,1.0
2672171,val,a32_33,no_history,2.6053317,3.2094243,1.0,3,3,1.0,2,4,1.0
2697003,val,a32_33,no_history,3.6347382,4.1256022,1.0,3,3,1.0,2,4,1.0
2704031,val,a32_33,no_history,3.3323636,3.3051815,1.0,3,3,1.0,2,2,1.0
2705030,val,a32_33,no_history,3.022234,4.1353226,1.0,3,3,1.0,2,2,1.0
2707007,val,a32_33,no_history,2.9049106,2.9212708,1.0,3,3,1.0,2,2,1.0
2712172,val,a32_33,no_history,2.440538,2.9834774,1.0,3,3,1.0,2,2,1.0
2731003,val,a32_33,no_history,2.0864089,3.4424026,1.0,3,3,1.0,2,6,1.0
2731005,val,a32_33,no_history,2.6589096,4.657845,1.0,3,3,1.0,2,6,1.0
2770031,val,a32_33,no_history,2.6613307,3.5017936,1.0,3,3,1.0,2,2,1.0
2816004,val,a32_33,no_history,2.8188365,0.99481934,1.0,3,3,1.0,2,2,1.0
2910002,val,a32_33,no_history,2.0109344,2.9570043,1.0,3,2,1.0,6,2,1.0
3062001,val,a32_33,no_history,3.1954963,3.0165422,1.0,3,3,1.0,2,2,1.0
3235002,val,a32_33,no_history,2.3639646,3.067396,1.0,3,3,1.0,2,2,1.0
3306001,val,a32_33,no_history,3.2518408,4.5033164,1.0,3,3,1.0,2,2,1.0
5015030,val,a32_33,no_history,2.644122,3.1231244,1.0,3,3,1.0,6,2,1.0
5048030,val,a32_33,no_history,2.3538184,0.85221577,1.0,3,3,1.0,6,6,1.0
5052033,val,a32_33,no_history,2.138555,2.1177578,1.0,3,3,1.0,6,6,1.0
5057008,val,a32_33,no_history,2.3707073,0.0,1.0,3,2,1.0,6,6,1.0
5170009,val,a32_33,no_history,2.1872218,3.754378,1.0,3,3,1.0,6,2,1.0
5230008,val,a32_33,no_history,2.2746072,3.23986,1.0,3,3,1.0,6,2,1.0
5299010,val,a32_33,no_history,2.1512308,0.0,1.0,3,2,1.0,6,6,1.0
5336179,val,a32_33,no_history,3.071125,2.1424496,1.0,3,3,1.0,2,2,1.0
5364005,val,a32_33,no_history,2.4123747,3.1292195,1.0,3,3,1.0,6,3,1.0
5379004,val,a32_33,no_history,3.0464745,3.4401562,1.0,3,3,1.0,2,4,1.0
5430173,val,a32_33,no_history,2.957194,0.0,1.0,3,2,1.0,2,6,1.0
5488006,val,a32_33,no_history,2.4493241,3.6953425,1.0,3,3,1.0,6,6,1.0
5493007,val,a32_33,no_history,2.209505,0.0,1.0,3,2,1.0,6,6,1.0
5537009,val,a32_33,no_history,2.4241257,0.0,0.0,3,-1,0.0,6,-1,0.0
5537177,val,a32_33,no_history,3.1166193,0.0,1.0,3,2,1.0,2,2,1.0
5537183,val,a32_33,no_history,2.9806564,3.904599,1.0,3,3,1.0,2,2,1.0
5569010,val,a32_33,no_history,2.001929,3.7087364,1.0,3,3,1.0,6,2,1.0
5600005,val,a32_33,no_history,2.8314075,2.8738692,1.0,3,3,1.0,2,6,1.0
5615183,val,a32_33,no_history,3.1166193,3.4054897,1.0,3,3,1.0,2,2,1.0
5749006,val,a32_33,no_history,2.141776,2.906099,1.0,3,3,1.0,6,2,1.0
5822175,val,a32_33,no_history,3.1166193,3.410315,1.0,3,3,1.0,2,2,1.0
5832003,val,a32_33,no_history,2.3696432,3.3075924,1.0,3,2,1.0,2,6,1.0
5872005,val,a32_33,no_history,2.22859,0.0,1.0,3,2,1.0,6,6,1.0
5898005,val,a32_33,no_history,2.5519638,1.7823017,1.0,3,3,1.0,2,4,1.0
5904033,val,a32_33,no_history,2.5660224,0.84036845,1.0,3,3,1.0,2,3,1.0
5987188,val,a32_33,no_history,2.4378119,2.9850528,1.0,3,3,1.0,2,2,1.0
6026005,val,a32_33,no_history,3.1454062,3.9760501,1.0,3,3,1.0,2,2,1.0
6026172,val,a32_33,no_history,2.6346173,3.810312,1.0,3,3,1.0,2,2,1.0
6054031,val,a32_33,no_history,2.8566504,3.938906,1.0,3,3,1.0,2,6,1.0
6121033,val,a32_33,no_history,2.8700576,0.0,0.0,3,-1,0.0,6,-1,0.0
6156008,val,a32_33,no_history,2.8820531,3.793373,1.0,3,3,1.0,2,6,1.0
6157003,val,a32_33,no_history,2.7051792,2.9488564,1.0,3,3,1.0,2,2,1.0
6210183,val,a32_33,no_history,2.4446363,3.3647535,1.0,3,3,1.0,2,2,1.0
6262030,val,a32_33,no_history,3.0346615,4.031533,1.0,3,3,1.0,2,2,1.0
6368007,val,a32_33,no_history,3.0185935,0.41118228,1.0,3,2,1.0,2,6,1.0
6381181,val,a32_33,no_history,2.5856488,4.056612,1.0,3,3,1.0,2,2,1.0
6396003,val,a32_33,no_history,2.021832,1.5197067,1.0,3,3,1.0,6,2,1.0
6431008,val,a32_33,no_history,3.052721,3.2996137,1.0,3,3,1.0,2,2,1.0
6475170,val,a32_33,no_history,2.2505205,2.8357437,1.0,3,3,1.0,6,6,1.0
6522004,val,a32_33,no_history,2.4089906,0.0,1.0,3,2,1.0,6,6,1.0
6537032,val,a32_33,no_history,2.5156612,0.0,1.0,3,2,1.0,2,2,1.0
6541178,val,a32_33,no_history,2.529324,4.160322,1.0,3,3,1.0,2,2,1.0
6545006,val,a32_33,no_history,2.047188,0.0,0.0,3,-1,0.0,6,-1,0.0
6547171,val,a32_33,no_history,2.4378119,2.8279142,1.0,3,3,1.0,2,2,1.0
6571031,val,a32_33,no_history,2.9863017,3.3175473,1.0,3,3,1.0,2,3,1.0
6590008,val,a32_33,no_history,2.9101117,3.1238058,1.0,3,3,1.0,2,2,1.0
6616007,val,a32_33,no_history,2.08694,2.2041533,1.0,3,3,1.0,2,3,1.0
6649003,val,a32_33,no_history,2.392095,2.9051325,1.0,3,3,1.0,6,6,1.0
6710030,val,a32_33,no_history,2.5706773,0.0,0.0,3,-1,0.0,6,-1,0.0
6745007,val,a32_33,no_history,3.007902,0.0,0.0,3,-1,0.0,2,-1,0.0
6750005,val,a32_33,no_history,2.6558223,3.182522,1.0,3,3,1.0,6,4,1.0
6765006,val,a32_33,no_history,2.6025164,2.837602,1.0,3,3,1.0,6,2,1.0
6822176,val,a32_33,no_history,2.3733842,3.8595586,1.0,3,3,1.0,2,4,1.0
4007,val,a34_35,no_history,2.4312224,2.800409,1.0,3,3,1.0,2,2,1.0
6174,val,a34_35,no_history,3.3708146,3.436764,1.0,3,3,1.0,2,2,1.0
14004,val,a34_35,no_history,3.4521866,3.998868,1.0,3,3,1.0,2,2,1.0
14172,val,a34_35,no_history,2.6318696,0.0,1.0,3,2,1.0,2,2,1.0
14173,val,a34_35,no_history,3.2502599,3.6810904,1.0,3,3,1.0,2,2,1.0
18031,val,a34_35,no_history,2.5957801,0.68363804,1.0,3,2,1.0,2,2,1.0
18185,val,a34_35,no_history,2.4358923,0.9108581,1.0,3,2,1.0,2,2,1.0
23031,val,a34_35,no_history,3.5567248,3.4142132,1.0,3,3,1.0,2,6,1.0
40173,val,a34_35,no_history,3.3708146,3.7375634,1.0,3,3,1.0,2,2,1.0
51171,val,a34_35,no_history,3.483745,3.6482122,1.0,3,3,1.0,2,2,1.0
84005,val,a34_35,no_history,2.9470341,3.8661423,1.0,3,3,1.0,2,6,1.0
121173,val,a34_35,no_history,2.5155594,4.4823527,1.0,3,3,1.0,2,2,1.0
128004,val,a34_35,no_history,3.4909573,3.7695422,1.0,3,3,1.0,2,2,1.0
145170,val,a34_35,no_history,3.4957023,3.050315,1.0,3,3,1.0,2,2,1.0
161004,val,a34_35,no_history,3.4132605,4.29205,1.0,3,3,1.0,2,6,1.0
172031,val,a34_35,no_history,3.2904902,3.0302796,1.0,3,3,1.0,2,2,1.0
174175,val,a34_35,no_history,2.4907506,3.4826064,1.0,3,3,1.0,2,2,1.0
221031,val,a34_35,no_history,3.474235,4.00667,1.0,3,3,1.0,2,2,1.0
223030,val,a34_35,no_history,3.6305285,4.1992106,1.0,3,3,1.0,2,2,1.0
227003,val,a34_35,no_history,3.0180721,3.9942298,1.0,3,3,1.0,2,4,1.0
257175,val,a34_35,no_history,3.167316,1.5653204,1.0,3,3,1.0,2,2,1.0
263182,val,a34_35,no_history,3.4154894,3.226835,1.0,3,3,1.0,2,2,1.0
321005,val,a34_35,no_history,2.2491515,1.8506196,1.0,3,3,1.0,2,2,1.0
361175,val,a34_35,no_history,2.5155594,0.5806059,1.0,3,2,1.0,2,2,1.0
377170,val,a34_35,no_history,3.36885,4.052736,1.0,3,3,1.0,2,2,1.0
450030,val,a34_35,no_history,2.8438697,3.535023,1.0,3,3,1.0,2,6,1.0
465030,val,a34_35,no_history,2.6219096,3.46386,1.0,3,3,1.0,2,2,1.0
478030,val,a34_35,no_history,2.5840642,0.0,1.0,3,3,1.0,2,5,1.0
503031,val,a34_35,no_history,2.7200809,4.179109,1.0,3,3,1.0,2,2,1.0
514172,val,a34_35,no_history,2.9871173,4.4858203,1.0,3,3,1.0,2,2,1.0
534030,val,a34_35,no_history,2.6553679,1.7294579,1.0,3,3,1.0,2,2,1.0
534171,val,a34_35,no_history,3.472813,3.2709668,1.0,3,3,1.0,2,2,1.0
544170,val,a34_35,no_history,2.517144,2.6415782,1.0,3,3,1.0,2,2,1.0
563193,val,a34_35,no_history,3.374593,0.0,1.0,3,2,1.0,2,2,1.0
577174,val,a34_35,no_history,3.445115,2.117311,1.0,3,3,1.0,2,2,1.0
613006,val,a34_35,no_history,3.4577508,3.412913,1.0,3,2,1.0,2,6,1.0
618170,val,a34_35,no_history,3.4957023,4.139663,1.0,3,3,1.0,2,2,1.0
631030,val,a34_35,no_history,3.4055653,4.0355644,1.0,3,3,1.0,2,4,1.0
633031,val,a34_35,no_history,2.3201444,3.806156,1.0,3,3,1.0,2,2,1.0
652173,val,a34_35,no_history,2.517144,3.5265098,1.0,3,3,1.0,2,2,1.0
655172,val,a34_35,no_history,2.517144,3.625488,1.0,3,2,1.0,2,2,1.0
656005,val,a34_35,no_history,2.8715377,2.2859914,1.0,3,3,1.0,2,2,1.0
691171,val,a34_35,no_history,2.517144,2.9259071,1.0,3,3,1.0,2,4,1.0
738172,val,a34_35,no_history,2.4358923,2.920467,1.0,3,3,1.0,2,2,1.0
751030,val,a34_35,no_history,2.6044211,2.1802564,1.0,3,3,1.0,2,2,1.0
762170,val,a34_35,no_history,3.459546,4.451708,1.0,3,3,1.0,2,2,1.0
783171,val,a34_35,no_history,2.689606,0.0,1.0,3,2,1.0,2,2,1.0
863007,val,a34_35,no_history,2.896343,2.018303,1.0,3,3,1.0,2,2,1.0
893170,val,a34_35,no_history,2.5155594,0.0,1.0,3,2,1.0,2,2,1.0
894031,val,a34_35,no_history,2.728054,3.045166,1.0,3,3,1.0,2,2,1.0
898181,val,a34_35,no_history,2.517144,2.2668793,1.0,3,3,1.0,2,2,1.0
899003,val,a34_35,no_history,3.529726,3.2250204,1.0,3,3,1.0,2,4,1.0
916032,val,a34_35,no_history,2.434241,0.97904295,1.0,3,3,1.0,2,6,1.0
922005,val,a34_35,no_history,3.1577165,2.986773,1.0,3,3,1.0,2,2,1.0
931172,val,a34_35,no_history,3.472813,2.7452414,1.0,3,3,1.0,2,2,1.0
939032,val,a34_35,no_history,3.6956747,4.8055015,1.0,3,3,1.0,2,2,1.0
958030,val,a34_35,no_history,3.4114847,3.643596,1.0,3,3,1.0,2,2,1.0
958173,val,a34_35,no_history,2.4496458,3.051619,1.0,3,3,1.0,2,2,1.0
961005,val,a34_35,no_history,2.8332665,2.7400177,1.0,3,3,1.0,2,4,1.0
961030,val,a34_35,no_history,3.4705627,4.009967,1.0,3,3,1.0,2,2,1.0
961175,val,a34_35,no_history,3.472813,3.5397089,1.0,3,3,1.0,2,2,1.0
1051183,val,a34_35,no_history,3.2806625,3.5068526,1.0,3,3,1.0,2,2,1.0
1084005,val,a34_35,no_history,2.5168924,1.2412424,1.0,3,3,1.0,2,2,1.0
1089003,val,a34_35,no_history,2.6449058,3.223352,1.0,3,3,1.0,2,2,1.0
1093003,val,a34_35,no_history,2.9202423,0.0,1.0,3,2,1.0,2,2,1.0
1107173,val,a34_35,no_history,2.6156752,0.0,1.0,3,2,1.0,2,2,1.0
1109174,val,a34_35,no_history,2.517144,1.7912925,1.0,3,3,1.0,2,2,1.0
1121030,val,a34_35,no_history,3.424435,3.3347914,1.0,3,3,1.0,2,2,1.0
1121175,val,a34_35,no_history,2.4535592,2.8474362,1.0,3,3,1.0,2,2,1.0
1125172,val,a34_35,no_history,2.5155594,2.8422003,1.0,3,3,1.0,2,2,1.0
1126030,val,a34_35,no_history,2.743581,3.5079842,1.0,3,3,1.0,2,2,1.0
1126176,val,a34_35,no_history,3.3551898,4.886779,1.0,3,3,1.0,2,2,1.0
1152180,val,a34_35,no_history,2.5439942,3.3841953,1.0,3,3,1.0,2,2,1.0
1164004,val,a34_35,no_history,3.4538562,3.3247015,1.0,3,3,1.0,2,2,1.0
1184032,val,a34_35,no_history,3.087809,3.718973,1.0,3,3,1.0,2,2,1.0
1184033,val,a34_35,no_history,3.102555,0.0,1.0,3,2,1.0,2,2,1.0
1185003,val,a34_35,no_history,2.7152743,0.1392965,1.0,3,2,1.0,2,2,1.0
1222004,val,a34_35,no_history,2.4965973,0.6502385,1.0,3,3,1.0,2,2,1.0
1222006,val,a34_35,no_history,3.6162066,0.0,1.0,3,3,1.0,2,2,1.0
1284170,val,a34_35,no_history,2.6156752,2.9825165,1.0,3,3,1.0,2,2,1.0
1292004,val,a34_35,no_history,2.6556141,2.6426997,1.0,3,3,1.0,2,2,1.0
1314172,val,a34_35,no_history,3.483745,3.6161854,1.0,3,3,1.0,2,2,1.0
1332005,val,a34_35,no_history,3.5834906,3.4484794,1.0,3,3,1.0,2,2,1.0
1335010,val,a34_35,no_history,3.2666216,2.9968593,1.0,3,3,1.0,2,2,1.0
1338003,val,a34_35,no_history,2.517144,3.7758262,1.0,3,3,1.0,2,6,1.0
1345006,val,a34_35,no_history,2.6725957,2.5475004,1.0,3,3,1.0,2,2,1.0
1345007,val,a34_35,no_history,2.7764444,4.046768,1.0,3,3,1.0,2,6,1.0
1346030,val,a34_35,no_history,2.4010427,0.0,1.0,3,2,1.0,2,2,1.0
1391033,val,a34_35,no_history,3.5754237,3.6222303,1.0,3,3,1.0,2,2,1.0
1391175,val,a34_35,no_history,2.5480263,3.1423733,1.0,3,3,1.0,2,4,1.0
1394033,val,a34_35,no_history,2.566277,0.0,1.0,3,2,1.0,2,4,1.0
1397005,val,a34_35,no_history,3.6501076,3.6320806,1.0,3,3,1.0,2,2,1.0
1397172,val,a34_35,no_history,2.517144,0.0,1.0,3,2,1.0,2,2,1.0
1426004,val,a34_35,no_history,2.561206,2.7400177,1.0,3,3,1.0,2,6,1.0
1434032,val,a34_35,no_history,2.5936954,1.6446948,1.0,3,3,1.0,2,2,1.0
1434170,val,a34_35,no_history,3.2806625,3.3065176,1.0,3,3,1.0,2,2,1.0
1435005,val,a34_35,no_history,3.7015553,4.083877,1.0,3,3,1.0,2,2,1.0
1485171,val,a34_35,no_history,3.459546,3.1599016,1.0,3,3,1.0,2,2,1.0
1520031,val,a34_35,no_history,2.6218777,4.223541,1.0,3,3,1.0,2,3,1.0
1540005,val,a34_35,no_history,3.6929884,1.1484697,1.0,3,3,1.0,2,2,1.0
1559003,val,a34_35,no_history,3.6455102,4.581772,1.0,3,3,1.0,2,2,1.0
1559170,val,a34_35,no_history,2.5253882,3.1855898,1.0,3,3,1.0,2,2,1.0
1565180,val,a34_35,no_history,2.4496458,3.8731043,1.0,3,3,1.0,2,2,1.0
1579030,val,a34_35,no_history,3.5476665,3.2707531,1.0,3,3,1.0,2,2,1.0
1613007,val,a34_35,no_history,2.6643105,1.1782345,1.0,3,3,1.0,2,2,1.0
1621171,val,a34_35,no_history,3.445115,4.233549,1.0,3,3,1.0,2,2,1.0
1644004,val,a34_35,no_history,2.5980198,3.4810104,1.0,3,3,1.0,2,2,1.0
1652031,val,a34_35,no_history,2.9790087,1.224851,1.0,3,3,1.0,2,2,1.0
1682032,val,a34_35,no_history,3.5870187,4.058486,1.0,3,3,1.0,2,2,1.0
1684173,val,a34_35,no_history,3.459546,3.449071,1.0,3,3,1.0,2,2,1.0
1687003,val,a34_35,no_history,3.4622083,3.3014047,1.0,3,3,1.0,2,2,1.0
1690170,val,a34_35,no_history,2.689606,3.3312128,1.0,3,3,1.0,2,2,1.0
1692030,val,a34_35,no_history,2.6568053,2.5444038,1.0,3,3,1.0,2,4,1.0
1695034,val,a34_35,no_history,2.7088978,3.5729935,1.0,3,2,1.0,2,2,1.0
1701004,val,a34_35,no_history,2.730622,3.4728677,1.0,3,3,1.0,2,2,1.0
1721030,val,a34_35,no_history,2.5179079,3.6708767,1.0,3,3,1.0,2,2,1.0
1723005,val,a34_35,no_history,2.4870493,1.1481966,1.0,3,2,1.0,2,2,1.0
1762030,val,a34_35,no_history,2.681465,2.3319604,1.0,3,2,1.0,2,3,1.0
1762031,val,a34_35,no_history,3.4154894,3.7397017,1.0,3,3,1.0,2,2,1.0
1762032,val,a34_35,no_history,2.7024817,2.5473228,1.0,3,3,1.0,2,3,1.0
1774170,val,a34_35,no_history,2.6449058,3.9032092,1.0,3,2,1.0,2,2,1.0
1774171,val,a34_35,no_history,2.689606,3.6229506,1.0,3,3,1.0,2,2,1.0
1784171,val,a34_35,no_history,3.459546,4.4212785,1.0,3,3,1.0,2,2,1.0
1786191,val,a34_35,no_history,3.3708146,3.9449332,1.0,3,3,1.0,2,2,1.0
1787005,val,a34_35,no_history,3.4626224,4.0148044,1.0,3,3,1.0,2,2,1.0
1787174,val,a34_35,no_history,2.6449058,3.3078308,1.0,3,3,1.0,2,2,1.0
1802003,val,a34_35,no_history,3.3784177,2.8173234,1.0,3,3,1.0,2,2,1.0
1845170,val,a34_35,no_history,3.4957023,3.315087,1.0,3,3,1.0,2,2,1.0
1862171,val,a34_35,no_history,3.0910797,3.937253,1.0,3,3,1.0,2,2,1.0
1898004,val,a34_35,no_history,2.9599166,0.0,1.0,3,3,1.0,2,6,1.0
1911030,val,a34_35,no_history,2.6274695,3.0814157,1.0,3,3,1.0,2,2,1.0
1914003,val,a34_35,no_history,2.374786,1.988769,1.0,3,3,1.0,2,2,1.0
1919007,val,a34_35,no_history,3.610323,4.069468,1.0,3,3,1.0,2,2,1.0
1954003,val,a34_35,no_history,3.0643413,3.410345,1.0,3,3,1.0,2,2,1.0
1959005,val,a34_35,no_history,3.0829964,3.8789423,1.0,3,3,1.0,2,2,1.0
1964031,val,a34_35,no_history,2.7568746,2.4798064,1.0,3,3,1.0,2,4,1.0
1972173,val,a34_35,no_history,2.4496458,1.5825812,1.0,3,3,1.0,2,2,1.0
1978030,val,a34_35,no_history,2.720075,3.8594756,1.0,3,3,1.0,2,2,1.0
2005030,val,a34_35,no_history,2.6318696,3.584206,1.0,3,3,1.0,2,6,1.0
2011174,val,a34_35,no_history,2.517144,3.2372046,1.0,3,3,1.0,2,2,1.0
2023030,val,a34_35,no_history,2.9057858,4.71018,1.0,3,3,1.0,2,6,1.0
2028030,val,a34_35,no_history,2.8462288,4.2104487,1.0,3,3,1.0,2,4,1.0
2055003,val,a34_35,no_history,2.7684991,2.3580952,1.0,3,3,1.0,2,2,1.0
2067005,val,a34_35,no_history,3.5401516,3.8198578,1.0,3,3,1.0,2,2,1.0
2080170,val,a34_35,no_history,2.6449058,1.8996137,1.0,3,3,1.0,2,2,1.0
2106171,val,a34_35,no_history,2.6519055,0.0,1.0,3,2,1.0,2,2,1.0
2109002,val,a34_35,no_history,2.775874,4.7713423,1.0,3,3,1.0,2,3,1.0
2129186,val,a34_35,no_history,3.399016,3.3685656,1.0,3,3,1.0,2,2,1.0
2181007,val,a34_35,no_history,2.446403,1.3514186,1.0,3,3,1.0,2,6,1.0
2181030,val,a34_35,no_history,2.3071914,3.4647295,1.0,3,3,1.0,6,4,1.0
2243174,val,a34_35,no_history,2.4358923,4.886779,1.0,3,3,1.0,2,2,1.0
2260173,val,a34_35,no_history,2.6449058,2.816037,1.0,3,3,1.0,2,2,1.0
2261030,val,a34_35,no_history,2.5424206,3.1945803,1.0,3,3,1.0,2,2,1.0
2271171,val,a34_35,no_history,2.517144,3.3082037,1.0,3,3,1.0,2,2,1.0
2282005,val,a34_35,no_history,2.5762768,2.147233,1.0,3,3,1.0,2,6,1.0
2302195,val,a34_35,no_history,2.6519055,0.0,1.0,3,2,1.0,2,3,1.0
2334031,val,a34_35,no_history,2.8300052,4.4581056,1.0,3,3,1.0,2,2,1.0
2341172,val,a34_35,no_history,2.4996548,3.2996137,1.0,3,2,1.0,2,2,1.0
2354175,val,a34_35,no_history,3.483745,0.29350135,1.0,3,3,1.0,2,2,1.0
2355004,val,a34_35,no_history,2.855827,3.3921888,1.0,3,3,1.0,2,4,1.0
2391030,val,a34_35,no_history,3.469873,3.4039729,1.0,3,3,1.0,2,2,1.0
2397173,val,a34_35,no_history,2.689606,2.5756848,1.0,3,3,1.0,2,4,1.0
2408170,val,a34_35,no_history,2.3599265,3.1023672,1.0,3,2,1.0,2,2,1.0
2425003,val,a34_35,no_history,2.961992,2.1094406,1.0,3,3,1.0,2,2,1.0
2432030,val,a34_35,no_history,3.3279037,2.844158,1.0,3,3,1.0,2,4,1.0
2435172,val,a34_35,no_history,2.4996548,2.4191318,1.0,3,3,1.0,2,2,1.0
2436174,val,a34_35,no_history,2.569858,0.0,1.0,3,3,1.0,2,4,1.0
2436176,val,a34_35,no_history,2.5336993,2.1727228,1.0,3,3,1.0,2,2,1.0
2441003,val,a34_35,no_history,2.4286397,3.1773481,1.0,3,3,1.0,2,2,1.0
2441173,val,a34_35,no_history,3.0785298,3.4186516,1.0,3,2,1.0,2,2,1.0
2458031,val,a34_35,no_history,3.6078253,4.2520056,1.0,3,3,1.0,2,6,1.0
2461004,val,a34_35,no_history,2.9036615,0.0,1.0,3,2,1.0,2,2,1.0
2461030,val,a34_35,no_history,3.5365999,4.886779,1.0,3,3,1.0,2,2,1.0
2473004,val,a34_35,no_history,3.0240238,3.5252342,1.0,3,3,1.0,2,2,1.0
2483030,val,a34_35,no_history,2.3702352,2.1516867,1.0,3,3,1.0,2,4,1.0
2503030,val,a34_35,no_history,3.5466666,3.2300382,1.0,3,3,1.0,2,6,1.0
2510005,val,a34_35,no_history,3.5297098,3.0696194,1.0,3,3,1.0,2,2,1.0
2525003,val,a34_35,no_history,3.6053677,4.3761644,1.0,3,3,1.0,2,2,1.0
2529030,val,a34_35,no_history,3.4366071,1.2899189,1.0,3,3,1.0,2,2,1.0
2529174,val,a34_35,no_history,2.517144,4.05028,1.0,3,3,1.0,2,2,1.0
2530003,val,a34_35,no_history,2.547162,2.347849,1.0,3,3,1.0,2,2,1.0
2530004,val,a34_35,no_history,2.3095615,3.3155382,1.0,3,3,1.0,2,2,1.0
2569033,val,a34_35,no_history,2.4320743,3.3997273,1.0,3,3,1.0,2,2,1.0
2601006,val,a34_35,no_history,3.1045463,4.6199427,1.0,3,3,1.0,2,2,1.0
2608006,val,a34_35,no_history,3.066143,3.3245888,1.0,3,3,1.0,2,2,1.0
2615034,val,a34_35,no_history,2.6678843,4.264327,1.0,3,3,1.0,2,2,1.0
2639004,val,a34_35,no_history,3.6520104,3.1244323,1.0,3,3,1.0,2,4,1.0
2665177,val,a34_35,no_history,2.446403,0.0,1.0,3,2,1.0,2,6,1.0
2672006,val,a34_35,no_history,2.9042094,4.088642,1.0,3,3,1.0,2,2,1.0
2672171,val,a34_35,no_history,2.6156752,3.5206954,1.0,3,3,1.0,2,4,1.0
2697003,val,a34_35,no_history,3.641327,3.654262,1.0,3,3,1.0,2,4,1.0
2704031,val,a34_35,no_history,3.3401642,3.5243149,1.0,3,3,1.0,2,2,1.0
2705030,val,a34_35,no_history,3.033872,4.117977,1.0,3,3,1.0,2,2,1.0
2707007,val,a34_35,no_history,2.9174285,2.8901737,1.0,3,3,1.0,2,2,1.0
2712172,val,a34_35,no_history,2.4496458,3.0806043,1.0,3,3,1.0,2,2,1.0
2731003,val,a34_35,no_history,2.0938072,3.4291623,1.0,3,3,1.0,2,6,1.0
2731005,val,a34_35,no_history,2.6698136,4.602144,1.0,3,3,1.0,2,6,1.0
2770031,val,a34_35,no_history,2.6716292,3.2963169,1.0,3,3,1.0,2,2,1.0
2816004,val,a34_35,no_history,2.8301082,2.8679018,1.0,3,3,1.0,2,2,1.0
2910002,val,a34_35,no_history,2.01899,1.33938,1.0,3,2,1.0,6,2,1.0
3062001,val,a34_35,no_history,3.2014832,3.044029,1.0,3,2,1.0,2,2,1.0
3235002,val,a34_35,no_history,2.3729997,3.1709757,1.0,3,3,1.0,2,2,1.0
3306001,val,a34_35,no_history,3.2583325,4.4437504,1.0,3,3,1.0,2,2,1.0
5015030,val,a34_35,no_history,2.654404,3.3798187,1.0,3,3,1.0,6,2,1.0
5048030,val,a34_35,no_history,2.3637362,2.0504565,1.0,3,3,1.0,6,6,1.0
5052033,val,a34_35,no_history,2.1464407,1.8831539,1.0,3,2,1.0,6,6,1.0
5057008,val,a34_35,no_history,2.3832068,0.0,1.0,3,2,1.0,6,6,1.0
5170009,val,a34_35,no_history,2.1958768,3.381349,1.0,3,3,1.0,2,2,1.0
5230008,val,a34_35,no_history,2.283147,3.4894347,1.0,3,3,1.0,6,2,1.0
5299010,val,a34_35,no_history,2.159776,1.8428315,1.0,3,2,1.0,6,6,1.0
5336179,val,a34_35,no_history,3.0785298,2.7212331,1.0,3,3,1.0,2,2,1.0
5364005,val,a34_35,no_history,2.4214184,3.4310503,1.0,3,3,1.0,6,3,1.0
5379004,val,a34_35,no_history,3.054215,3.8497841,1.0,3,2,1.0,2,4,1.0
5430173,val,a34_35,no_history,2.9651048,0.0,1.0,3,3,1.0,2,6,1.0
5488006,val,a34_35,no_history,2.4600666,3.6707966,1.0,3,3,1.0,6,6,1.0
5493007,val,a34_35,no_history,2.2175114,0.0,1.0,3,2,1.0,2,5,1.0
5537009,val,a34_35,no_history,2.4366026,2.8268414,1.0,3,3,1.0,6,2,1.0
5537177,val,a34_35,no_history,3.1243305,0.0,1.0,3,2,1.0,2,2,1.0
5537183,val,a34_35,no_history,2.987821,4.8345804,1.0,3,3,1.0,2,2,1.0
5569010,val,a34_35,no_history,2.0095024,3.5150862,1.0,3,3,1.0,6,2,1.0
5600005,val,a34_35,no_history,2.842912,2.8289354,1.0,3,3,1.0,2,2,1.0
5615183,val,a34_35,no_history,3.1243305,3.2685068,1.0,3,2,1.0,2,2,1.0
5749006,val,a34_35,no_history,2.1497643,3.0684395,1.0,3,3,1.0,6,2,1.0
5822175,val,a34_35,no_history,3.1243305,3.432247,1.0,3,3,1.0,2,2,1.0
5832003,val,a34_35,no_history,2.378083,2.955636,1.0,3,2,1.0,2,6,1.0
5872005,val,a34_35,no_history,2.2370667,0.0,1.0,3,2,1.0,6,6,1.0
5898005,val,a34_35,no_history,2.5622342,0.0,0.0,3,-1,0.0,2,-1,0.0
5904033,val,a34_35,no_history,2.5754225,2.9226713,1.0,3,3,1.0,2,4,1.0
5987188,val,a34_35,no_history,2.446403,2.993095,1.0,3,3,1.0,2,2,1.0
6026005,val,a34_35,no_history,3.1528702,4.1942463,1.0,3,3,1.0,2,2,1.0
6026172,val,a34_35,no_history,2.6449058,3.5880518,1.0,3,2,1.0,2,2,1.0
6054031,val,a34_35,no_history,2.8673315,3.894498,1.0,3,3,1.0,2,6,1.0
6121033,val,a34_35,no_history,2.8785963,0.0,1.0,3,2,1.0,6,6,1.0
6156008,val,a34_35,no_history,2.8898888,3.6999114,1.0,3,3,1.0,2,6,1.0
6157003,val,a34_35,no_history,2.715913,3.2246761,1.0,3,3,1.0,2,2,1.0
6210183,val,a34_35,no_history,2.4532478,3.1390646,1.0,3,3,1.0,2,2,1.0
6262030,val,a34_35,no_history,3.0422714,3.820049,1.0,3,3,1.0,2,2,1.0
6368007,val,a34_35,no_history,3.0261412,2.02827,1.0,3,3,1.0,2,6,1.0
6381181,val,a34_35,no_history,2.5961611,4.0212197,1.0,3,3,1.0,2,2,1.0
6396003,val,a34_35,no_history,2.0295005,2.1782289,1.0,3,3,1.0,6,2,1.0
6431008,val,a34_35,no_history,3.061002,3.717182,1.0,3,3,1.0,2,2,1.0
6475170,val,a34_35,no_history,2.2588456,2.4331408,1.0,3,3,1.0,6,6,1.0
6522004,val,a34_35,no_history,2.4180348,0.0,1.0,3,2,1.0,6,6,1.0
6537032,val,a34_35,no_history,2.5249505,2.8025348,1.0,3,2,1.0,2,2,1.0
6541178,val,a34_35,no_history,2.5406392,4.1634727,1.0,3,3,1.0,2,2,1.0
6545006,val,a34_35,no_history,2.0548563,2.961514,1.0,3,3,1.0,6,4,1.0
6547171,val,a34_35,no_history,2.446403,2.1509397,1.0,3,2,1.0,2,2,1.0
6571031,val,a34_35,no_history,2.9941823,2.9221067,1.0,3,3,1.0,2,3,1.0
6590008,val,a34_35,no_history,2.9179559,3.3649793,1.0,3,3,1.0,2,2,1.0
6616007,val,a34_35,no_history,2.0946326,2.1483917,1.0,3,3,1.0,2,4,1.0
6649003,val,a34_35,no_history,2.4026134,3.5800602,1.0,3,3,1.0,6,2,1.0
6710030,val,a34_35,no_history,2.582849,3.2300382,1.0,3,3,1.0,6,6,1.0
6745007,val,a34_35,no_history,3.017146,3.248457,1.0,3,3,1.0,2,6,1.0
6750005,val,a34_35,no_history,2.6669414,3.0114257,1.0,3,3,1.0,2,4,1.0
6765006,val,a34_35,no_history,2.6145291,2.7225564,1.0,3,3,1.0,6,2,1.0
6822176,val,a34_35,no_history,2.3817832,3.2707531,1.0,3,3,1.0,2,4,1.0
4007,val,a36_37,no_history,2.4567175,3.4327393,1.0,3,3,1.0,2,4,1.0
6174,val,a36_37,no_history,3.3892784,3.778162,1.0,3,3,1.0,2,2,1.0
14004,val,a36_37,no_history,3.472581,4.02684,1.0,3,3,1.0,2,2,1.0
14172,val,a36_37,no_history,2.6578038,2.8672464,1.0,3,3,1.0,2,2,1.0
14173,val,a36_37,no_history,3.2707975,3.4728956,1.0,3,3,1.0,2,2,1.0
18031,val,a36_37,no_history,2.6194844,0.0,1.0,3,3,1.0,2,2,1.0
18185,val,a36_37,no_history,2.4601989,0.0,1.0,3,2,1.0,2,2,1.0
23031,val,a36_37,no_history,3.5736103,3.5235963,1.0,3,2,1.0,2,6,1.0
40173,val,a36_37,no_history,3.3892784,3.8670228,1.0,3,3,1.0,2,2,1.0
51171,val,a36_37,no_history,3.5027504,3.705001,1.0,3,3,1.0,2,2,1.0
84005,val,a36_37,no_history,2.971416,3.92555,1.0,3,3,1.0,2,6,1.0
121173,val,a36_37,no_history,2.5404818,0.0,1.0,3,2,1.0,2,2,1.0
128004,val,a36_37,no_history,3.5109262,3.8585868,1.0,3,3,1.0,2,2,1.0
145170,val,a36_37,no_history,3.515208,3.5600896,1.0,3,3,1.0,2,2,1.0
161004,val,a36_37,no_history,3.4333043,1.0080107,1.0,3,2,1.0,2,4,1.0
172031,val,a36_37,no_history,3.309494,3.3619175,1.0,3,3,1.0,2,2,1.0
174175,val,a36_37,no_history,2.5150251,3.392162,1.0,3,3,1.0,2,2,1.0
221031,val,a36_37,no_history,3.4920313,4.201887,1.0,3,3,1.0,2,2,1.0
223030,val,a36_37,no_history,3.64649,4.0583324,1.0,3,3,1.0,2,2,1.0
227003,val,a36_37,no_history,3.0421228,4.205097,1.0,3,3,1.0,2,4,1.0
257175,val,a36_37,no_history,3.18641,3.3451939,1.0,3,3,1.0,2,2,1.0
263182,val,a36_37,no_history,3.4335587,3.2001226,1.0,3,3,1.0,2,2,1.0
321005,val,a36_37,no_history,2.2744691,1.8774471,1.0,3,2,1.0,2,2,1.0
361175,val,a36_37,no_history,2.5404818,0.0,1.0,3,2,1.0,2,2,1.0
377170,val,a36_37,no_history,3.3896127,4.0868087,1.0,3,3,1.0,2,2,1.0
450030,val,a36_37,no_history,2.8658285,3.7491298,1.0,3,3,1.0,2,6,1.0
465030,val,a36_37,no_history,2.6446893,3.3018157,1.0,3,3,1.0,2,2,1.0
478030,val,a36_37,no_history,2.6098247,0.0,1.0,3,3,1.0,2,5,1.0
503031,val,a36_37,no_history,2.742304,4.3654175,1.0,3,3,1.0,2,2,1.0
514172,val,a36_37,no_history,3.006715,4.2520056,1.0,3,3,1.0,2,2,1.0
534030,val,a36_37,no_history,2.6778874,1.7535818,1.0,3,3,1.0,2,2,1.0
534171,val,a36_37,no_history,3.4915936,3.0798528,1.0,3,3,1.0,2,2,1.0
544170,val,a36_37,no_history,2.5420492,2.6569633,1.0,3,3,1.0,2,2,1.0
563193,val,a36_37,no_history,3.3934615,0.0,1.0,3,2,1.0,2,2,1.0
577174,val,a36_37,no_history,3.4653304,2.7346222,1.0,3,3,1.0,2,2,1.0
613006,val,a36_37,no_history,3.4777417,3.5822034,1.0,3,3,1.0,2,6,1.0
618170,val,a36_37,no_history,3.515208,4.2245264,1.0,3,3,1.0,2,2,1.0
631030,val,a36_37,no_history,3.4239306,4.2520056,1.0,3,2,1.0,2,4,1.0
633031,val,a36_37,no_history,2.3449333,3.678776,1.0,3,3,1.0,2,2,1.0
652173,val,a36_37,no_history,2.5420492,3.7556844,1.0,3,3,1.0,2,2,1.0
655172,val,a36_37,no_history,2.5420492,3.5016189,1.0,3,3,1.0,2,2,1.0
656005,val,a36_37,no_history,2.8963718,0.57833385,1.0,3,3,1.0,2,2,1.0
691171,val,a36_37,no_history,2.5420492,2.144181,1.0,3,3,1.0,2,4,1.0
738172,val,a36_37,no_history,2.4601989,3.4647295,1.0,3,3,1.0,2,2,1.0
751030,val,a36_37,no_history,2.628327,2.331206,1.0,3,3,1.0,2,2,1.0
762170,val,a36_37,no_history,3.4798646,4.6750684,1.0,3,3,1.0,2,2,1.0
783171,val,a36_37,no_history,2.7144408,0.0,1.0,3,2,1.0,2,2,1.0
863007,val,a36_37,no_history,2.9201925,2.4012594,1.0,3,3,1.0,2,2,1.0
893170,val,a36_37,no_history,2.5404818,0.0,1.0,3,2,1.0,2,2,1.0
894031,val,a36_37,no_history,2.7505646,3.3179958,1.0,3,3,1.0,2,2,1.0
898181,val,a36_37,no_history,2.5420492,2.4601953,1.0,3,3,1.0,2,2,1.0
899003,val,a36_37,no_history,3.5481954,3.4753656,1.0,3,3,1.0,2,4,1.0
916032,val,a36_37,no_history,2.4584854,1.3594984,1.0,3,3,1.0,2,6,1.0
922005,val,a36_37,no_history,3.1806927,2.5992112,1.0,3,3,1.0,2,2,1.0
931172,val,a36_37,no_history,3.4915936,3.2485132,1.0,3,3,1.0,2,2,1.0
939032,val,a36_37,no_history,3.7116208,4.237259,1.0,3,3,1.0,2,2,1.0
958030,val,a36_37,no_history,3.4297614,3.1858559,1.0,3,3,1.0,2,2,1.0
958173,val,a36_37,no_history,2.473342,3.2416787,1.0,3,3,1.0,2,2,1.0
961005,val,a36_37,no_history,2.857666,2.5763686,1.0,3,3,1.0,2,4,1.0
961030,val,a36_37,no_history,3.4884176,3.616172,1.0,3,3,1.0,2,2,1.0
961175,val,a36_37,no_history,3.4915936,3.9032092,1.0,3,3,1.0,2,2,1.0
1051183,val,a36_37,no_history,3.299726,3.3599384,1.0,3,3,1.0,2,2,1.0
1084005,val,a36_37,no_history,2.5421402,2.5692537,1.0,3,3,1.0,2,2,1.0
1089003,val,a36_37,no_history,2.670506,2.474308,1.0,3,3,1.0,2,2,1.0
1093003,val,a36_37,no_history,2.9444885,0.0,1.0,3,2,1.0,2,2,1.0
1107173,val,a36_37,no_history,2.6406357,3.6353216,1.0,3,3,1.0,2,4,1.0
1109174,val,a36_37,no_history,2.5420492,2.245844,1.0,3,2,1.0,2,2,1.0
1121030,val,a36_37,no_history,3.4425173,3.456708,1.0,3,3,1.0,2,2,1.0
1121175,val,a36_37,no_history,2.4769917,0.0,1.0,3,2,1.0,2,2,1.0
1125172,val,a36_37,no_history,2.5404818,2.4460173,1.0,3,2,1.0,2,2,1.0
1126030,val,a36_37,no_history,2.7684789,2.8064811,1.0,3,3,1.0,2,2,1.0
1126176,val,a36_37,no_history,3.373645,4.886779,1.0,3,3,1.0,2,2,1.0
1152180,val,a36_37,no_history,2.5677698,3.4601078,1.0,3,3,1.0,2,2,1.0
1164004,val,a36_37,no_history,3.473569,3.4775372,1.0,3,2,1.0,2,2,1.0
1184032,val,a36_37,no_history,3.1094923,3.7188902,1.0,3,3,1.0,2,2,1.0
1184033,val,a36_37,no_history,3.124176,2.8802483,1.0,3,3,1.0,2,4,1.0
1185003,val,a36_37,no_history,2.7407901,0.0,1.0,3,2,1.0,2,2,1.0
1222004,val,a36_37,no_history,2.5216875,2.876907,1.0,3,3,1.0,2,2,1.0
1222006,val,a36_37,no_history,3.633764,3.2434895,1.0,3,3,1.0,2,2,1.0
1284170,val,a36_37,no_history,2.6406357,1.6771642,1.0,3,3,1.0,2,2,1.0
1292004,val,a36_37,no_history,2.6808138,2.7496648,1.0,3,3,1.0,2,2,1.0
1314172,val,a36_37,no_history,3.5027504,3.6824348,1.0,3,3,1.0,2,2,1.0
1332005,val,a36_37,no_history,3.6017275,0.0,0.0,3,-1,0.0,2,3,1.0
1335010,val,a36_37,no_history,3.2881742,3.1051395,1.0,3,3,1.0,2,2,1.0
1338003,val,a36_37,no_history,2.5420492,4.1280828,1.0,3,3,1.0,2,6,1.0
1345006,val,a36_37,no_history,2.697616,2.9832191,1.0,3,3,1.0,2,2,1.0
1345007,val,a36_37,no_history,2.8013027,3.8132377,1.0,3,3,1.0,2,6,1.0
1346030,val,a36_37,no_history,2.425381,0.0,1.0,3,2,1.0,2,2,1.0
1391033,val,a36_37,no_history,3.5936787,3.811287,1.0,3,3,1.0,2,2,1.0
1391175,val,a36_37,no_history,2.5714319,3.079403,1.0,3,3,1.0,2,4,1.0
1394033,val,a36_37,no_history,2.5893788,0.0,1.0,3,2,1.0,2,4,1.0
1397005,val,a36_37,no_history,3.6688824,3.7173688,1.0,3,3,1.0,2,2,1.0
1397172,val,a36_37,no_history,2.5420492,0.6802275,1.0,3,3,1.0,2,2,1.0
1426004,val,a36_37,no_history,2.5855112,2.8489583,1.0,3,3,1.0,2,6,1.0
1434032,val,a36_37,no_history,2.617567,2.180618,1.0,3,3,1.0,2,2,1.0
1434170,val,a36_37,no_history,3.299726,2.939788,1.0,3,3,1.0,2,2,1.0
1435005,val,a36_37,no_history,3.7195187,4.7467794,1.0,3,3,1.0,2,3,1.0
1485171,val,a36_37,no_history,3.4798646,3.4317987,1.0,3,3,1.0,2,2,1.0
1520031,val,a36_37,no_history,2.644658,4.363858,1.0,3,3,1.0,2,2,1.0
1540005,val,a36_37,no_history,3.7114356,2.37132,1.0,3,3,1.0,2,2,1.0
1559003,val,a36_37,no_history,3.6647997,4.417404,1.0,3,3,1.0,2,2,1.0
1559170,val,a36_37,no_history,2.5506923,4.11546,1.0,3,3,1.0,2,2,1.0
1565180,val,a36_37,no_history,2.473342,3.4647295,1.0,3,2,1.0,2,2,1.0
1579030,val,a36_37,no_history,3.5645628,3.3667955,1.0,3,3,1.0,2,2,1.0
1613007,val,a36_37,no_history,2.6890616,1.3834741,1.0,3,3,1.0,2,2,1.0
1621171,val,a36_37,no_history,3.4653304,4.886779,1.0,3,3,1.0,2,2,1.0
1644004,val,a36_37,no_history,2.6228528,3.3606308,1.0,3,3,1.0,2,2,1.0
1652031,val,a36_37,no_history,3.0029044,3.1768782,1.0,3,3,1.0,2,2,1.0
1682032,val,a36_37,no_history,3.605126,3.8405538,1.0,3,3,1.0,2,2,1.0
1684173,val,a36_37,no_history,3.4798646,3.4290798,1.0,3,3,1.0,2,2,1.0
1687003,val,a36_37,no_history,3.4824185,3.3888075,1.0,3,3,1.0,2,2,1.0
1690170,val,a36_37,no_history,2.7144408,3.0869684,1.0,3,3,1.0,2,2,1.0
1692030,val,a36_37,no_history,2.6833994,2.6670494,1.0,3,3,1.0,2,4,1.0
1695034,val,a36_37,no_history,2.7317514,3.3662376,1.0,3,3,1.0,2,2,1.0
1701004,val,a36_37,no_history,2.7551565,3.5780287,1.0,3,3,1.0,2,2,1.0
1721030,val,a36_37,no_history,2.542489,0.0,1.0,3,2,1.0,2,2,1.0
1723005,val,a36_37,no_history,2.5121179,1.8636948,1.0,3,2,1.0,2,2,1.0
1762030,val,a36_37,no_history,2.7044697,1.9106654,1.0,3,3,1.0,2,3,1.0
1762031,val,a36_37,no_history,3.4335587,3.641588,1.0,3,3,1.0,2,2,1.0
1762032,val,a36_37,no_history,2.725432,1.7876599,1.0,3,3,1.0,2,3,1.0
1774170,val,a36_37,no_history,2.670506,0.0,1.0,3,2,1.0,2,2,1.0
1774171,val,a36_37,no_history,2.7144408,3.3619723,1.0,3,3,1.0,2,2,1.0
1784171,val,a36_37,no_history,3.4798646,4.5877905,1.0,3,3,1.0,2,2,1.0
1786191,val,a36_37,no_history,3.3892784,3.8410935,1.0,3,3,1.0,2,2,1.0
1787005,val,a36_37,no_history,3.48179,3.9825108,1.0,3,3,1.0,2,2,1.0
1787174,val,a36_37,no_history,2.670506,3.1686609,1.0,3,3,1.0,2,2,1.0
1802003,val,a36_37,no_history,3.3989892,2.7790923,1.0,3,3,1.0,2,2,1.0
1845170,val,a36_37,no_history,3.515208,3.0690727,1.0,3,3,1.0,2,2,1.0
1862171,val,a36_37,no_history,3.110812,3.7537568,1.0,3,3,1.0,2,2,1.0
1898004,val,a36_37,no_history,2.9831367,3.7632077,1.0,3,3,1.0,2,6,1.0
1911030,val,a36_37,no_history,2.650128,3.295633,1.0,3,3,1.0,2,2,1.0
1914003,val,a36_37,no_history,2.4002292,1.980423,1.0,3,3,1.0,2,2,1.0
1919007,val,a36_37,no_history,3.6293778,4.8790894,1.0,3,3,1.0,2,3,1.0
1954003,val,a36_37,no_history,3.0857806,3.254356,1.0,3,3,1.0,2,2,1.0
1959005,val,a36_37,no_history,3.1063688,4.18122,1.0,3,3,1.0,2,2,1.0
1964031,val,a36_37,no_history,2.778862,2.7394176,1.0,3,3,1.0,2,4,1.0
1972173,val,a36_37,no_history,2.473342,0.0,0.0,3,-1,0.0,2,-1,0.0
1978030,val,a36_37,no_history,2.7421403,4.1103644,1.0,3,3,1.0,2,2,1.0
2005030,val,a36_37,no_history,2.6578038,2.6480696,1.0,3,3,1.0,2,4,1.0
2011174,val,a36_37,no_history,2.5420492,3.2482402,1.0,3,3,1.0,2,2,1.0
2023030,val,a36_37,no_history,2.9302993,4.862917,1.0,3,3,1.0,2,6,1.0
2028030,val,a36_37,no_history,2.8707669,4.247286,1.0,3,3,1.0,2,4,1.0
2055003,val,a36_37,no_history,2.7926223,2.5747566,1.0,3,3,1.0,2,2,1.0
2067005,val,a36_37,no_history,3.5596786,3.9193912,1.0,3,3,1.0,2,2,1.0
2080170,val,a36_37,no_history,2.670506,2.2188706,1.0,3,3,1.0,2,2,1.0
2106171,val,a36_37,no_history,2.677231,0.0,1.0,3,2,1.0,2,2,1.0
2109002,val,a36_37,no_history,2.8004684,4.713481,1.0,3,3,1.0,2,2,1.0
2129186,val,a36_37,no_history,3.4183955,3.3345084,1.0,3,3,1.0,2,2,1.0
2181007,val,a36_37,no_history,2.470011,0.96344346,1.0,3,2,1.0,2,6,1.0
2181030,val,a36_37,no_history,2.3306794,3.6312973,1.0,3,3,1.0,6,2,1.0
2243174,val,a36_37,no_history,2.4601989,4.30575,1.0,3,3,1.0,2,2,1.0
2260173,val,a36_37,no_history,2.670506,0.0,1.0,3,3,1.0,2,2,1.0
2261030,val,a36_37,no_history,2.5653644,2.9075313,1.0,3,3,1.0,2,2,1.0
2271171,val,a36_37,no_history,2.5420492,3.3811612,1.0,3,3,1.0,2,2,1.0
2282005,val,a36_37,no_history,2.6018596,2.9124293,1.0,3,3,1.0,2,6,1.0
2302195,val,a36_37,no_history,2.677231,0.0,1.0,3,2,1.0,2,3,1.0
2334031,val,a36_37,no_history,2.8517897,4.3349156,1.0,3,3,1.0,2,2,1.0
2341172,val,a36_37,no_history,2.525247,1.6123989,1.0,3,3,1.0,2,2,1.0
2354175,val,a36_37,no_history,3.5027504,3.8595586,1.0,3,3,1.0,2,2,1.0
2355004,val,a36_37,no_history,2.8804162,3.6927035,1.0,3,3,1.0,2,2,1.0
2391030,val,a36_37,no_history,3.4875774,3.6864588,1.0,3,3,1.0,2,2,1.0
2397173,val,a36_37,no_history,2.7144408,2.470555,1.0,3,3,1.0,2,4,1.0
2408170,val,a36_37,no_history,2.3847682,2.883854,1.0,3,3,1.0,2,2,1.0
2425003,val,a36_37,no_history,2.9858398,1.7356842,1.0,3,3,1.0,2,2,1.0
2432030,val,a36_37,no_history,3.346831,3.029656,1.0,3,2,1.0,2,4,1.0
2435172,val,a36_37,no_history,2.525247,2.2948132,1.0,3,3,1.0,2,2,1.0
2436174,val,a36_37,no_history,2.5963066,1.5490171,1.0,3,3,1.0,2,4,1.0
2436176,val,a36_37,no_history,2.5601442,2.7887027,1.0,3,3,1.0,2,2,1.0
2441003,val,a36_37,no_history,2.4536283,3.1246448,1.0,3,3,1.0,2,2,1.0
2441173,val,a36_37,no_history,3.0998464,3.7351284,1.0,3,2,1.0,2,2,1.0
2458031,val,a36_37,no_history,3.624525,4.41717,1.0,3,3,1.0,2,6,1.0
2461004,val,a36_37,no_history,2.9280653,1.6316046,1.0,3,3,1.0,2,2,1.0
2461030,val,a36_37,no_history,3.5534973,4.886779,1.0,3,3,1.0,2,2,1.0
2473004,val,a36_37,no_history,3.0456238,3.620147,1.0,3,3,1.0,2,2,1.0
2483030,val,a36_37,no_history,2.3942974,2.4331408,1.0,3,2,1.0,2,4,1.0
2503030,val,a36_37,no_history,3.565318,3.1709757,1.0,3,3,1.0,2,6,1.0
2510005,val,a36_37,no_history,3.5488734,3.445601,1.0,3,3,1.0,2,2,1.0
2525003,val,a36_37,no_history,3.6242275,4.7141504,1.0,3,3,1.0,2,2,1.0
2529030,val,a36_37,no_history,3.454956,0.0,1.0,3,2,1.0,2,2,1.0
2529174,val,a36_37,no_history,2.5420492,3.9753668,1.0,3,3,1.0,2,2,1.0
2530003,val,a36_37,no_history,2.5735102,3.4057453,1.0,3,2,1.0,2,4,1.0
2530004,val,a36_37,no_history,2.3346875,3.170426,1.0,3,3,1.0,2,2,1.0
2569033,val,a36_37,no_history,2.4562562,3.3809729,1.0,3,3,1.0,2,2,1.0
2601006,val,a36_37,no_history,3.1286883,4.845638,1.0,3,3,1.0,2,2,1.0
2608006,val,a36_37,no_history,3.0880075,3.223352,1.0,3,3,1.0,2,2,1.0
2615034,val,a36_37,no_history,2.691164,3.896652,1.0,3,3,1.0,2,2,1.0
2639004,val,a36_37,no_history,3.6694772,3.2300382,1.0,3,3,1.0,2,4,1.0
2665177,val,a36_37,no_history,2.470011,0.0,1.0,3,2,1.0,2,6,1.0
2672006,val,a36_37,no_history,2.928522,4.056694,1.0,3,3,1.0,2,2,1.0
2672171,val,a36_37,no_history,2.6406357,3.7282312,1.0,3,3,1.0,2,4,1.0
2697003,val,a36_37,no_history,3.658825,3.5551443,1.0,3,3,1.0,2,4,1.0
2704031,val,a36_37,no_history,3.3589964,0.0,0.0,3,-1,0.0,2,-1,0.0
2705030,val,a36_37,no_history,3.057704,4.279099,1.0,3,3,1.0,2,2,1.0
2707007,val,a36_37,no_history,2.9417524,1.9724138,1.0,3,3,1.0,2,2,1.0
2712172,val,a36_37,no_history,2.473342,3.2804124,1.0,3,3,1.0,2,2,1.0
2731003,val,a36_37,no_history,2.1190715,3.2931156,1.0,3,3,1.0,2,6,1.0
2731005,val,a36_37,no_history,2.6940217,4.5862164,1.0,3,3,1.0,2,6,1.0
2770031,val,a36_37,no_history,2.6942816,2.668859,1.0,3,2,1.0,2,2,1.0
2816004,val,a36_37,no_history,2.8548796,3.182522,1.0,3,3,1.0,2,2,1.0
2910002,val,a36_37,no_history,2.0443387,2.7591305,1.0,3,3,1.0,6,2,1.0
3062001,val,a36_37,no_history,3.2205215,1.9881068,1.0,3,3,1.0,2,2,1.0
3235002,val,a36_37,no_history,2.3976128,3.2806733,1.0,3,3,1.0,2,3,1.0
3306001,val,a36_37,no_history,3.27808,4.5110793,1.0,3,3,1.0,2,2,1.0
5015030,val,a36_37,no_history,2.6750195,3.3488512,1.0,3,2,1.0,6,2,1.0
5048030,val,a36_37,no_history,2.38616,2.4680142,1.0,3,3,1.0,6,6,1.0
5052033,val,a36_37,no_history,2.1709192,2.2469683,1.0,3,3,1.0,6,6,1.0
5057008,val,a36_37,no_history,2.4098225,0.0,0.0,3,-1,0.0,6,-1,0.0
5170009,val,a36_37,no_history,2.2203217,3.788717,1.0,3,3,1.0,2,2,1.0
5230008,val,a36_37,no_history,2.3070285,3.5082257,1.0,3,3,1.0,6,2,1.0
5299010,val,a36_37,no_history,2.18443,0.303701,1.0,3,3,1.0,6,6,1.0
5336179,val,a36_37,no_history,3.0998464,2.7841861,1.0,3,3,1.0,2,2,1.0
5364005,val,a36_37,no_history,2.4448736,3.3207188,1.0,3,3,1.0,6,3,1.0
5379004,val,a36_37,no_history,3.075378,3.8999038,1.0,3,3,1.0,2,4,1.0
5430173,val,a36_37,no_history,2.9850624,1.7842062,1.0,3,2,1.0,2,6,1.0
5488006,val,a36_37,no_history,2.4857292,3.7725368,1.0,3,3,1.0,6,6,1.0
5493007,val,a36_37,no_history,2.2414339,0.0,1.0,3,2,1.0,2,5,1.0
5537009,val,a36_37,no_history,2.462533,2.7819886,1.0,3,3,1.0,6,2,1.0
5537177,val,a36_37,no_history,3.1440098,2.0426283,1.0,3,3,1.0,2,2,1.0
5537183,val,a36_37,no_history,3.0073085,3.67495,1.0,3,3,1.0,2,2,1.0
5569010,val,a36_37,no_history,2.0350897,3.5010288,1.0,3,3,1.0,6,2,1.0
5600005,val,a36_37,no_history,2.8650095,0.0,1.0,3,2,1.0,2,2,1.0
5615183,val,a36_37,no_history,3.1440098,3.2485132,1.0,3,3,1.0,2,2,1.0
5749006,val,a36_37,no_history,2.1742346,2.3568232,1.0,3,3,1.0,6,2,1.0
5822175,val,a36_37,no_history,3.1440098,3.4142132,1.0,3,3,1.0,2,2,1.0
5832003,val,a36_37,no_history,2.4019523,2.3835883,1.0,3,3,1.0,2,6,1.0
5872005,val,a36_37,no_history,2.2607396,0.0,1.0,3,2,1.0,6,6,1.0
5898005,val,a36_37,no_history,2.5859616,0.0,0.0,3,-1,0.0,2,-1,0.0
5904033,val,a36_37,no_history,2.5963283,3.029786,1.0,3,3,1.0,2,4,1.0
5987188,val,a36_37,no_history,2.470011,2.8467143,1.0,3,3,1.0,2,2,1.0
6026005,val,a36_37,no_history,3.1735833,4.496649,1.0,3,2,1.0,2,4,1.0
6026172,val,a36_37,no_history,2.670506,0.0,0.0,3,-1,0.0,2,-1,0.0
6054031,val,a36_37,no_history,2.8871827,3.8914962,1.0,3,3,1.0,2,6,1.0
6121033,val,a36_37,no_history,2.8988023,0.0,1.0,3,2,1.0,6,6,1.0
6156008,val,a36_37,no_history,2.9123268,4.005205,1.0,3,3,1.0,2,6,1.0
6157003,val,a36_37,no_history,2.739108,3.432247,1.0,3,3,1.0,2,2,1.0
6210183,val,a36_37,no_history,2.4767122,3.218641,1.0,3,3,1.0,2,2,1.0
6262030,val,a36_37,no_history,3.06121,3.9705956,1.0,3,3,1.0,2,2,1.0
6368007,val,a36_37,no_history,3.0473492,1.9674397,1.0,3,2,1.0,2,6,1.0
6381181,val,a36_37,no_history,2.6210165,3.98491,1.0,3,3,1.0,2,2,1.0
6396003,val,a36_37,no_history,2.0549533,2.8208497,1.0,3,2,1.0,6,3,1.0
6431008,val,a36_37,no_history,3.0810976,4.5862164,1.0,3,3,1.0,2,3,1.0
6475170,val,a36_37,no_history,2.2828069,3.029786,1.0,3,3,1.0,6,6,1.0
6522004,val,a36_37,no_history,2.44151,0.0,1.0,3,2,1.0,6,6,1.0
6537032,val,a36_37,no_history,2.5463777,3.0605385,1.0,3,3,1.0,2,2,1.0
6541178,val,a36_37,no_history,2.5669124,4.302973,1.0,3,3,1.0,2,2,1.0
6545006,val,a36_37,no_history,2.0802233,2.5066333,1.0,3,3,1.0,6,4,1.0
6547171,val,a36_37,no_history,2.470011,1.2300977,1.0,3,3,1.0,2,2,1.0
6571031,val,a36_37,no_history,3.0138311,3.68331,1.0,3,3,1.0,2,3,1.0
6590008,val,a36_37,no_history,2.940007,3.3406534,1.0,3,3,1.0,2,2,1.0
6616007,val,a36_37,no_history,2.1198463,2.9124293,1.0,3,3,1.0,2,4,1.0
6649003,val,a36_37,no_history,2.426434,3.8332024,1.0,3,3,1.0,6,2,1.0
6710030,val,a36_37,no_history,2.6072643,3.2485132,1.0,3,3,1.0,6,6,1.0
6745007,val,a36_37,no_history,3.0377398,3.5649583,1.0,3,3,1.0,2,6,1.0
6750005,val,a36_37,no_history,2.6905203,3.1132894,1.0,3,3,1.0,2,4,1.0
6765006,val,a36_37,no_history,2.6385493,2.7347896,1.0,3,3,1.0,6,2,1.0
6822176,val,a36_37,no_history,2.4052072,3.6318047,1.0,3,2,1.0,2,4,1.0
4007,val,a38_39,no_history,2.4781168,3.6353216,1.0,3,3,1.0,2,4,1.0
6174,val,a38_39,no_history,3.4104447,3.9045892,1.0,3,3,1.0,2,2,1.0
14004,val,a38_39,no_history,3.4912033,3.9676125,1.0,3,3,1.0,2,2,1.0
14172,val,a38_39,no_history,2.6847234,3.149699,1.0,3,3,1.0,2,2,1.0
14173,val,a38_39,no_history,3.2907407,3.5534267,1.0,3,3,1.0,2,2,1.0
18031,val,a38_39,no_history,2.6407566,3.4983966,1.0,3,3,1.0,2,5,1.0
18185,val,a38_39,no_history,2.4877322,0.0,1.0,3,2,1.0,2,2,1.0
23031,val,a38_39,no_history,3.5937161,0.0,1.0,3,2,1.0,2,6,1.0
40173,val,a38_39,no_history,3.4104447,3.2282774,1.0,3,2,1.0,2,2,1.0
51171,val,a38_39,no_history,3.523282,3.708396,1.0,3,3,1.0,2,2,1.0
84005,val,a38_39,no_history,2.990846,3.9163692,1.0,3,3,1.0,2,6,1.0
121173,val,a38_39,no_history,2.5677035,0.0,1.0,3,2,1.0,2,2,1.0
128004,val,a38_39,no_history,3.5310326,3.97414,1.0,3,3,1.0,2,2,1.0
145170,val,a38_39,no_history,3.537449,3.2996137,1.0,3,3,1.0,2,2,1.0
161004,val,a38_39,no_history,3.4539883,3.4987814,1.0,3,3,1.0,2,4,1.0
172031,val,a38_39,no_history,3.328235,3.1943314,1.0,3,3,1.0,2,2,1.0
174175,val,a38_39,no_history,2.543193,4.3165617,1.0,3,3,1.0,2,2,1.0
221031,val,a38_39,no_history,3.512301,4.1482253,1.0,3,3,1.0,2,2,1.0
223030,val,a38_39,no_history,3.6678567,4.169046,1.0,3,3,1.0,2,2,1.0
227003,val,a38_39,no_history,3.0629332,4.074686,1.0,3,3,1.0,2,4,1.0
257175,val,a38_39,no_history,3.2061644,2.8933933,1.0,3,3,1.0,2,2,1.0
263182,val,a38_39,no_history,3.4556222,3.3483999,1.0,3,3,1.0,2,2,1.0
321005,val,a38_39,no_history,2.2996466,2.7218363,1.0,3,3,1.0,2,2,1.0
361175,val,a38_39,no_history,2.5677035,0.23207553,1.0,3,3,1.0,2,2,1.0
377170,val,a38_39,no_history,3.4082105,4.0544734,1.0,3,3,1.0,2,2,1.0
450030,val,a38_39,no_history,2.8868413,3.854094,1.0,3,3,1.0,2,6,1.0
465030,val,a38_39,no_history,2.6662757,3.5433505,1.0,3,3,1.0,2,4,1.0
478030,val,a38_39,no_history,2.6328673,2.8278043,1.0,3,2,1.0,2,2,1.0
503031,val,a38_39,no_history,2.7647767,4.2451234,1.0,3,3,1.0,2,2,1.0
514172,val,a38_39,no_history,3.030933,4.3578134,1.0,3,3,1.0,2,2,1.0
534030,val,a38_39,no_history,2.7007205,1.9284004,1.0,3,3,1.0,2,2,1.0
534171,val,a38_39,no_history,3.5121446,3.300611,1.0,3,3,1.0,2,2,1.0
544170,val,a38_39,no_history,2.5695605,3.0027869,1.0,3,3,1.0,2,2,1.0
563193,val,a38_39,no_history,3.4145582,0.0,1.0,3,2,1.0,2,2,1.0
577174,val,a38_39,no_history,3.4864535,0.0,1.0,3,3,1.0,2,2,1.0
613006,val,a38_39,no_history,3.496399,3.558165,1.0,3,3,1.0,2,6,1.0
618170,val,a38_39,no_history,3.537449,4.457448,1.0,3,3,1.0,2,2,1.0
631030,val,a38_39,no_history,3.4430866,0.0,1.0,3,3,1.0,2,4,1.0
633031,val,a38_39,no_history,2.3713715,3.6561131,1.0,3,3,1.0,2,2,1.0
652173,val,a38_39,no_history,2.5695605,3.5541687,1.0,3,3,1.0,2,2,1.0
655172,val,a38_39,no_history,2.5695605,3.5138078,1.0,3,3,1.0,2,2,1.0
656005,val,a38_39,no_history,2.9141037,0.0,1.0,3,2,1.0,2,2,1.0
691171,val,a38_39,no_history,2.5695605,3.772668,1.0,3,3,1.0,2,4,1.0
738172,val,a38_39,no_history,2.4877322,3.2605875,1.0,3,3,1.0,2,2,1.0
751030,val,a38_39,no_history,2.650106,3.029786,1.0,3,3,1.0,2,4,1.0
762170,val,a38_39,no_history,3.501088,4.375797,1.0,3,3,1.0,2,2,1.0
783171,val,a38_39,no_history,2.7422898,0.0,1.0,3,2,1.0,2,2,1.0
863007,val,a38_39,no_history,2.9440825,2.5121129,1.0,3,3,1.0,2,2,1.0
893170,val,a38_39,no_history,2.5677035,0.0,1.0,3,2,1.0,2,2,1.0
894031,val,a38_39,no_history,2.7718022,3.4273427,1.0,3,3,1.0,2,2,1.0
898181,val,a38_39,no_history,2.5695605,2.437192,1.0,3,2,1.0,2,2,1.0
899003,val,a38_39,no_history,3.56853,3.5736656,1.0,3,3,1.0,2,4,1.0
916032,val,a38_39,no_history,2.4817476,2.3076265,1.0,3,2,1.0,2,2,1.0
922005,val,a38_39,no_history,3.1987333,2.0202856,1.0,3,3,1.0,2,2,1.0
931172,val,a38_39,no_history,3.5121446,3.1641526,1.0,3,3,1.0,2,2,1.0
939032,val,a38_39,no_history,3.732454,4.886779,1.0,3,3,1.0,2,2,1.0
958030,val,a38_39,no_history,3.4497976,3.2040205,1.0,3,3,1.0,2,2,1.0
958173,val,a38_39,no_history,2.5006926,3.2682788,1.0,3,3,1.0,2,2,1.0
961005,val,a38_39,no_history,2.8795183,0.0,0.0,3,-1,0.0,2,-1,0.0
961030,val,a38_39,no_history,3.5096893,3.668479,1.0,3,3,1.0,2,2,1.0
961175,val,a38_39,no_history,3.5121446,4.009967,1.0,3,3,1.0,2,2,1.0
1051183,val,a38_39,no_history,3.3181255,3.3806858,1.0,3,3,1.0,2,2,1.0
1084005,val,a38_39,no_history,2.569689,3.1447468,1.0,3,3,1.0,2,2,1.0
1089003,val,a38_39,no_history,2.6972334,2.1620421,1.0,3,3,1.0,2,2,1.0
1093003,val,a38_39,no_history,2.9670365,0.0,1.0,3,2,1.0,2,2,1.0
1107173,val,a38_39,no_history,2.6697106,4.035927,1.0,3,3,1.0,2,4,1.0
1109174,val,a38_39,no_history,2.5695605,0.0,1.0,3,2,1.0,2,2,1.0
1121030,val,a38_39,no_history,3.4632328,3.1423733,1.0,3,3,1.0,2,2,1.0
1121175,val,a38_39,no_history,2.504539,0.0,1.0,3,2,1.0,2,2,1.0
1125172,val,a38_39,no_history,2.5677035,2.3582149,1.0,3,3,1.0,2,2,1.0
1126030,val,a38_39,no_history,2.7895656,1.7614238,1.0,3,3,1.0,2,2,1.0
1126176,val,a38_39,no_history,3.3947783,4.886779,1.0,3,3,1.0,2,2,1.0
1152180,val,a38_39,no_history,2.5868964,3.542661,1.0,3,3,1.0,2,2,1.0
1164004,val,a38_39,no_history,3.4917667,1.9587568,1.0,3,3,1.0,2,2,1.0
1184032,val,a38_39,no_history,3.1291912,3.901413,1.0,3,3,1.0,2,2,1.0
1184033,val,a38_39,no_history,3.143851,2.153746,1.0,3,3,1.0,2,4,1.0
1185003,val,a38_39,no_history,2.7604325,0.0,1.0,3,2,1.0,2,2,1.0
1222004,val,a38_39,no_history,2.5463536,3.1263244,1.0,3,3,1.0,2,2,1.0
1222006,val,a38_39,no_history,3.6549637,4.346328,1.0,3,3,1.0,2,2,1.0
1284170,val,a38_39,no_history,2.6697106,0.0,1.0,3,2,1.0,2,2,1.0
1292004,val,a38_39,no_history,2.7035236,2.7189043,1.0,3,3,1.0,2,2,1.0
1314172,val,a38_39,no_history,3.523282,4.0920806,1.0,3,3,1.0,2,2,1.0
1332005,val,a38_39,no_history,3.6222131,3.6850972,1.0,3,3,1.0,2,3,1.0
1335010,val,a38_39,no_history,3.3062334,0.0,1.0,3,3,1.0,2,2,1.0
1338003,val,a38_39,no_history,2.5695605,3.9032092,1.0,3,3,1.0,2,6,1.0
1345006,val,a38_39,no_history,2.7186773,0.9750868,1.0,3,3,1.0,2,2,1.0
1345007,val,a38_39,no_history,2.8225236,3.6275852,1.0,3,3,1.0,2,2,1.0
1346030,val,a38_39,no_history,2.4469213,0.0,1.0,3,2,1.0,2,2,1.0
1391033,val,a38_39,no_history,3.6134295,3.5923295,1.0,3,3,1.0,2,2,1.0
1391175,val,a38_39,no_history,2.6001291,3.037984,1.0,3,3,1.0,2,4,1.0
1394033,val,a38_39,no_history,2.6129653,0.0,1.0,3,2,1.0,2,4,1.0
1397005,val,a38_39,no_history,3.6894016,3.7930343,1.0,3,3,1.0,2,2,1.0
1397172,val,a38_39,no_history,2.5695605,2.722233,1.0,3,3,1.0,2,2,1.0
1426004,val,a38_39,no_history,2.6132753,2.7029045,1.0,3,3,1.0,2,6,1.0
1434032,val,a38_39,no_history,2.6386573,2.5541692,1.0,3,3,1.0,2,2,1.0
1434170,val,a38_39,no_history,3.3181255,3.1573586,1.0,3,3,1.0,2,2,1.0
1435005,val,a38_39,no_history,3.740518,4.657845,1.0,3,3,1.0,2,4,1.0
1485171,val,a38_39,no_history,3.501088,3.566306,1.0,3,3,1.0,2,2,1.0
1520031,val,a38_39,no_history,2.667968,4.2071943,1.0,3,3,1.0,2,2,1.0
1540005,val,a38_39,no_history,3.7329202,2.7591305,1.0,3,3,1.0,2,2,1.0
1559003,val,a38_39,no_history,3.6852164,4.306588,1.0,3,3,1.0,2,2,1.0
1559170,val,a38_39,no_history,2.5785968,2.9866662,1.0,3,3,1.0,2,2,1.0
1565180,val,a38_39,no_history,2.5006926,4.457509,1.0,3,3,1.0,2,2,1.0
1579030,val,a38_39,no_history,3.584731,3.2040205,1.0,3,2,1.0,2,2,1.0
1613007,val,a38_39,no_history,2.7152057,1.5874135,1.0,3,2,1.0,2,2,1.0
1621171,val,a38_39,no_history,3.4864535,4.886779,1.0,3,3,1.0,2,2,1.0
1644004,val,a38_39,no_history,2.6495492,3.6033251,1.0,3,3,1.0,2,2,1.0
1652031,val,a38_39,no_history,3.022491,3.4982743,1.0,3,3,1.0,2,2,1.0
1682032,val,a38_39,no_history,3.6263556,3.8038778,1.0,3,3,1.0,2,2,1.0
1684173,val,a38_39,no_history,3.501088,3.254356,1.0,3,3,1.0,2,2,1.0
1687003,val,a38_39,no_history,3.502373,3.154596,1.0,3,3,1.0,2,2,1.0
1690170,val,a38_39,no_history,2.7422898,3.4580646,1.0,3,3,1.0,2,2,1.0
1692030,val,a38_39,no_history,2.7022395,2.5415993,1.0,3,3,1.0,2,4,1.0
1695034,val,a38_39,no_history,2.7531095,3.0865474,1.0,3,3,1.0,2,2,1.0
1701004,val,a38_39,no_history,2.7786849,3.5397089,1.0,3,2,1.0,2,2,1.0
1721030,val,a38_39,no_history,2.5632596,0.0,1.0,3,2,1.0,2,2,1.0
1723005,val,a38_39,no_history,2.5365791,2.2601643,1.0,3,3,1.0,2,2,1.0
1762030,val,a38_39,no_history,2.7280135,1.5906423,1.0,3,2,1.0,2,3,1.0
1762031,val,a38_39,no_history,3.4556222,3.7323906,1.0,3,3,1.0,2,2,1.0
1762032,val,a38_39,no_history,2.7486618,3.2139137,1.0,3,3,1.0,2,4,1.0
1774170,val,a38_39,no_history,2.6972334,0.0,1.0,3,2,1.0,2,2,1.0
1774171,val,a38_39,no_history,2.7422898,3.4094932,1.0,3,3,1.0,2,2,1.0
1784171,val,a38_39,no_history,3.501088,4.120623,1.0,3,3,1.0,2,2,1.0
1786191,val,a38_39,no_history,3.4104447,4.2188535,1.0,3,3,1.0,2,2,1.0
1787005,val,a38_39,no_history,3.4991446,3.6963296,1.0,3,3,1.0,2,2,1.0
1787174,val,a38_39,no_history,2.6972334,3.2707531,1.0,3,3,1.0,2,2,1.0
1802003,val,a38_39,no_history,3.4180098,0.0,0.0,3,-1,0.0,2,-1,0.0
1845170,val,a38_39,no_history,3.537449,0.0,0.0,3,-1,0.0,2,-1,0.0
1862171,val,a38_39,no_history,3.129389,3.9098039,1.0,3,3,1.0,2,2,1.0
1898004,val,a38_39,no_history,3.0057251,4.498319,1.0,3,3,1.0,2,6,1.0
1911030,val,a38_39,no_history,2.6734092,3.324597,1.0,3,3,1.0,2,2,1.0
1914003,val,a38_39,no_history,2.4233432,2.0297983,1.0,3,3,1.0,2,2,1.0
1919007,val,a38_39,no_history,3.6516392,4.878869,1.0,3,3,1.0,2,3,1.0
1954003,val,a38_39,no_history,3.1093352,3.2460208,1.0,3,2,1.0,2,2,1.0
1959005,val,a38_39,no_history,3.126615,4.291962,1.0,3,3,1.0,2,2,1.0
1964031,val,a38_39,no_history,2.8005514,1.9279978,1.0,3,2,1.0,2,4,1.0
1972173,val,a38_39,no_history,2.5006926,0.0,1.0,3,2,1.0,2,2,1.0
1978030,val,a38_39,no_history,2.7658029,4.0177207,1.0,3,3,1.0,2,2,1.0
2005030,val,a38_39,no_history,2.6847234,2.9945555,1.0,3,3,1.0,2,2,1.0
2011174,val,a38_39,no_history,2.5695605,3.233253,1.0,3,3,1.0,2,2,1.0
2023030,val,a38_39,no_history,2.9513888,4.886779,1.0,3,3,1.0,2,6,1.0
2028030,val,a38_39,no_history,2.8908892,4.309778,1.0,3,3,1.0,2,4,1.0
2055003,val,a38_39,no_history,2.820091,3.507782,1.0,3,3,1.0,2,2,1.0
2067005,val,a38_39,no_history,3.5805774,4.193517,1.0,3,3,1.0,2,2,1.0
2080170,val,a38_39,no_history,2.6972334,3.0143547,1.0,3,3,1.0,2,2,1.0
2106171,val,a38_39,no_history,2.7039425,0.0,1.0,3,2,1.0,2,2,1.0
2109002,val,a38_39,no_history,2.825464,4.4848623,1.0,3,3,1.0,2,2,1.0
2129186,val,a38_39,no_history,3.4365878,0.0,0.0,3,-1,0.0,2,-1,0.0
2181007,val,a38_39,no_history,2.4985962,1.8672017,1.0,3,3,1.0,2,6,1.0
2181030,val,a38_39,no_history,2.35397,3.4467623,1.0,3,3,1.0,6,2,1.0
2243174,val,a38_39,no_history,2.4877322,0.0,1.0,3,2,1.0,2,2,1.0
2260173,val,a38_39,no_history,2.6972334,1.9724138,1.0,3,3,1.0,2,2,1.0
2261030,val,a38_39,no_history,2.5910664,2.8148165,1.0,3,3,1.0,2,2,1.0
2271171,val,a38_39,no_history,2.5695605,3.4070678,1.0,3,3,1.0,2,2,1.0
2282005,val,a38_39,no_history,2.6264508,3.1244323,1.0,3,3,1.0,2,6,1.0
2302195,val,a38_39,no_history,2.7039425,0.0,1.0,3,2,1.0,2,3,1.0
2334031,val,a38_39,no_history,2.873253,3.9690573,1.0,3,3,1.0,2,2,1.0
2341172,val,a38_39,no_history,2.5528915,2.2928271,1.0,3,3,1.0,2,2,1.0
2354175,val,a38_39,no_history,3.523282,2.859516,1.0,3,3,1.0,2,2,1.0
2355004,val,a38_39,no_history,2.90165,4.0868087,1.0,3,3,1.0,2,2,1.0
2391030,val,a38_39,no_history,3.5081363,3.4141958,1.0,3,2,1.0,2,2,1.0
2397173,val,a38_39,no_history,2.7422898,2.4192536,1.0,3,3,1.0,2,4,1.0
2408170,val,a38_39,no_history,2.411048,3.2554533,1.0,3,3,1.0,2,4,1.0
2425003,val,a38_39,no_history,3.008117,1.4095232,1.0,3,3,1.0,2,2,1.0
2432030,val,a38_39,no_history,3.3652534,1.0048428,1.0,3,3,1.0,2,4,1.0
2435172,val,a38_39,no_history,2.5528915,0.0,1.0,3,2,1.0,2,2,1.0
2436174,val,a38_39,no_history,2.621216,0.0,1.0,3,2,1.0,2,4,1.0
2436176,val,a38_39,no_history,2.5851014,3.0837762,1.0,3,3,1.0,2,2,1.0
2441003,val,a38_39,no_history,2.480099,3.437568,1.0,3,3,1.0,2,2,1.0
2441173,val,a38_39,no_history,3.1240482,3.8851874,1.0,3,3,1.0,2,2,1.0
2458031,val,a38_39,no_history,3.646829,4.775503,1.0,3,3,1.0,2,6,1.0
2461004,val,a38_39,no_history,2.9492793,0.0,1.0,3,2,1.0,2,2,1.0
2461030,val,a38_39,no_history,3.5736268,4.597478,1.0,3,3,1.0,2,2,1.0
2473004,val,a38_39,no_history,3.0686533,4.1472106,1.0,3,3,1.0,2,2,1.0
2483030,val,a38_39,no_history,2.419664,2.5445042,1.0,3,3,1.0,2,4,1.0
2503030,val,a38_39,no_history,3.5856595,3.0326545,1.0,3,3,1.0,2,6,1.0
2510005,val,a38_39,no_history,3.5706322,3.0930045,1.0,3,3,1.0,2,2,1.0
2525003,val,a38_39,no_history,3.644857,4.7362037,1.0,3,3,1.0,2,2,1.0
2529030,val,a38_39,no_history,3.4758363,0.0,1.0,3,2,1.0,2,4,1.0
2529174,val,a38_39,no_history,2.5695605,4.315193,1.0,3,3,1.0,2,2,1.0
2530003,val,a38_39,no_history,2.5974512,0.0,0.0,3,-1,0.0,2,-1,0.0
2530004,val,a38_39,no_history,2.3606188,3.0504405,1.0,3,3,1.0,2,2,1.0
2569033,val,a38_39,no_history,2.4765043,3.3326652,1.0,3,3,1.0,2,2,1.0
2601006,val,a38_39,no_history,3.1466024,4.8403034,1.0,3,3,1.0,2,2,1.0
2608006,val,a38_39,no_history,3.1066742,3.18551,1.0,3,3,1.0,2,2,1.0
2615034,val,a38_39,no_history,2.712381,3.7510855,1.0,3,3,1.0,2,2,1.0
2639004,val,a38_39,no_history,3.6909428,3.59953,1.0,3,2,1.0,2,4,1.0
2665177,val,a38_39,no_history,2.4985962,0.0,1.0,3,2,1.0,2,6,1.0
2672006,val,a38_39,no_history,2.950355,0.0,1.0,3,3,1.0,2,4,1.0
2672171,val,a38_39,no_history,2.6697106,3.8403308,1.0,3,3,1.0,2,4,1.0
2697003,val,a38_39,no_history,3.6810255,3.4481115,1.0,3,3,1.0,2,2,1.0
2704031,val,a38_39,no_history,3.3781614,2.7730844,1.0,3,3,1.0,2,4,1.0
2705030,val,a38_39,no_history,3.0767117,4.222725,1.0,3,3,1.0,2,2,1.0
2707007,val,a38_39,no_history,2.9601097,1.7174486,1.0,3,3,1.0,2,2,1.0
2712172,val,a38_39,no_history,2.5006926,3.1861079,1.0,3,3,1.0,2,2,1.0
2731003,val,a38_39,no_history,2.1467981,3.048963,1.0,3,3,1.0,2,6,1.0
2731005,val,a38_39,no_history,2.7196345,4.507845,1.0,3,3,1.0,2,6,1.0
2770031,val,a38_39,no_history,2.7170386,1.3663594,1.0,3,3,1.0,2,2,1.0
2816004,val,a38_39,no_history,2.8764226,3.2435856,1.0,3,3,1.0,2,2,1.0
2910002,val,a38_39,no_history,2.069152,2.9807694,1.0,3,3,1.0,6,2,1.0
3062001,val,a38_39,no_history,3.2410405,2.4661696,1.0,3,3,1.0,2,2,1.0
3235002,val,a38_39,no_history,2.4259534,3.5533636,1.0,3,3,1.0,2,3,1.0
3306001,val,a38_39,no_history,3.2991242,4.496284,1.0,3,3,1.0,2,2,1.0
5015030,val,a38_39,no_history,2.6953752,0.35408652,1.0,3,2,1.0,6,2,1.0
5048030,val,a38_39,no_history,2.407613,2.7750175,1.0,3,3,1.0,6,6,1.0
5052033,val,a38_39,no_history,2.199285,2.1022828,1.0,3,2,1.0,6,6,1.0
5057008,val,a38_39,no_history,2.430843,3.3816826,1.0,3,3,1.0,6,6,1.0
5170009,val,a38_39,no_history,2.2472415,3.8525667,1.0,3,3,1.0,2,2,1.0
5230008,val,a38_39,no_history,2.3332827,3.8347166,1.0,3,3,1.0,6,2,1.0
5299010,val,a38_39,no_history,2.20888,0.0,1.0,3,2,1.0,6,6,1.0
5336179,val,a38_39,no_history,3.1240482,3.4054897,1.0,3,3,1.0,2,2,1.0
5364005,val,a38_39,no_history,2.4706514,3.6897547,1.0,3,3,1.0,6,3,1.0
5379004,val,a38_39,no_history,3.098905,4.1776333,1.0,3,3,1.0,2,4,1.0
5430173,val,a38_39,no_history,3.0077534,0.0,1.0,3,2,1.0,2,6,1.0
5488006,val,a38_39,no_history,2.5130029,3.6850972,1.0,3,3,1.0,2,6,1.0
5493007,val,a38_39,no_history,2.2700713,0.0,1.0,3,2,1.0,2,5,1.0
5537009,val,a38_39,no_history,2.4845095,2.9333522,1.0,3,3,1.0,6,2,1.0
5537177,val,a38_39,no_history,3.1676846,1.8505303,1.0,3,2,1.0,2,2,1.0
5537183,val,a38_39,no_history,3.0314136,3.955919,1.0,3,3,1.0,2,2,1.0
5569010,val,a38_39,no_history,2.0612097,3.5969393,1.0,3,3,1.0,6,2,1.0
5600005,val,a38_39,no_history,2.8862495,3.1264517,1.0,3,2,1.0,2,3,1.0
5615183,val,a38_39,no_history,3.1676846,0.070574746,1.0,3,3,1.0,2,2,1.0
5749006,val,a38_39,no_history,2.2011635,1.8636948,1.0,3,2,1.0,6,2,1.0
5822175,val,a38_39,no_history,3.1676846,3.6260033,1.0,3,3,1.0,2,2,1.0
5832003,val,a38_39,no_history,2.4302685,0.0,0.0,3,-1,0.0,2,-1,0.0
5872005,val,a38_39,no_history,2.2877479,0.0,1.0,3,2,1.0,6,6,1.0
5898005,val,a38_39,no_history,2.6144373,0.0,0.0,3,-1,0.0,2,-1,0.0
5904033,val,a38_39,no_history,2.621263,3.0257523,1.0,3,3,1.0,2,4,1.0
5987188,val,a38_39,no_history,2.4985962,3.1053386,1.0,3,3,1.0,2,2,1.0
6026005,val,a38_39,no_history,3.1980615,3.1735432,1.0,3,2,1.0,2,4,1.0
6026172,val,a38_39,no_history,2.6972334,1.3209659,1.0,3,3,1.0,2,4,1.0
6054031,val,a38_39,no_history,2.9108024,3.9497616,1.0,3,3,1.0,2,6,1.0
6121033,val,a38_39,no_history,2.9197657,0.0,1.0,3,2,1.0,6,6,1.0
6156008,val,a38_39,no_history,2.9336503,3.3272858,1.0,3,3,1.0,2,6,1.0
6157003,val,a38_39,no_history,2.7645054,3.3871381,1.0,3,3,1.0,2,3,1.0
6210183,val,a38_39,no_history,2.5056195,3.2967014,1.0,3,-1,0.0,2,2,1.0
6262030,val,a38_39,no_history,3.0847635,4.0377684,1.0,3,3,1.0,2,2,1.0
6368007,val,a38_39,no_history,3.0709877,1.7459805,1.0,3,2,1.0,2,6,1.0
6381181,val,a38_39,no_history,2.6489475,3.9647489,1.0,3,3,1.0,2,2,1.0
6396003,val,a38_39,no_history,2.080872,0.0,1.0,3,2,1.0,6,4,1.0
6431008,val,a38_39,no_history,3.103421,4.63572,1.0,3,3,1.0,2,4,1.0
6475170,val,a38_39,no_history,2.3097897,3.2242525,1.0,3,3,1.0,6,6,1.0
6522004,val,a38_39,no_history,2.4672146,0.9147846,1.0,3,2,1.0,6,6,1.0
6537032,val,a38_39,no_history,2.5705242,1.2648275,1.0,3,2,1.0,2,2,1.0
6541178,val,a38_39,no_history,2.5918908,4.122309,1.0,3,2,1.0,2,2,1.0
6545006,val,a38_39,no_history,2.1065836,3.1551504,1.0,3,3,1.0,6,4,1.0
6547171,val,a38_39,no_history,2.4985962,2.7027802,1.0,3,3,1.0,2,2,1.0
6571031,val,a38_39,no_history,3.0363064,1.7769312,1.0,3,2,1.0,2,3,1.0
6590008,val,a38_39,no_history,2.9617906,3.329783,1.0,3,3,1.0,2,2,1.0
6616007,val,a38_39,no_history,2.1465495,3.7570312,1.0,3,3,1.0,2,4,1.0
6649003,val,a38_39,no_history,2.44495,3.3337348,1.0,3,3,1.0,6,2,1.0
6710030,val,a38_39,no_history,2.628637,3.2527912,1.0,3,3,1.0,6,6,1.0
6745007,val,a38_39,no_history,3.0579093,3.583648,1.0,3,3,1.0,2,6,1.0
6750005,val,a38_39,no_history,2.7147987,3.578878,1.0,3,3,1.0,2,4,1.0
6765006,val,a38_39,no_history,2.6602576,2.8015413,1.0,3,3,1.0,6,2,1.0
6822176,val,a38_39,no_history,2.43418,2.0905557,1.0,3,3,1.0,2,4,1.0
4007,val,a40_41,no_history,2.492515,4.096741,1.0,3,3,1.0,2,4,1.0
6174,val,a40_41,no_history,3.416124,3.9414282,1.0,3,3,1.0,2,2,1.0
14004,val,a40_41,no_history,3.4954712,3.9032092,1.0,3,3,1.0,2,2,1.0
14172,val,a40_41,no_history,2.696274,3.3626049,1.0,3,3,1.0,2,2,1.0
14173,val,a40_41,no_history,3.2964075,3.737305,1.0,3,3,1.0,2,2,1.0
18031,val,a40_41,no_history,2.6577704,3.4141958,1.0,3,3,1.0,2,5,1.0
18185,val,a40_41,no_history,2.5018427,0.0,1.0,3,2,1.0,2,2,1.0
23031,val,a40_41,no_history,3.6008773,0.0,1.0,3,2,1.0,2,6,1.0
40173,val,a40_41,no_history,3.416124,3.426771,1.0,3,3,1.0,2,2,1.0
51171,val,a40_41,no_history,3.5280309,3.886613,1.0,3,3,1.0,2,2,1.0
84005,val,a40_41,no_history,3.0051417,4.077138,1.0,3,3,1.0,2,6,1.0
121173,val,a40_41,no_history,2.5794613,0.0,1.0,3,2,1.0,2,2,1.0
128004,val,a40_41,no_history,3.5348082,4.218239,1.0,3,3,1.0,2,2,1.0
145170,val,a40_41,no_history,3.5409076,3.8678546,1.0,3,3,1.0,2,2,1.0
161004,val,a40_41,no_history,3.4580576,3.0361922,1.0,3,2,1.0,2,4,1.0
172031,val,a40_41,no_history,3.3350904,3.2188306,1.0,3,3,1.0,2,2,1.0
174175,val,a40_41,no_history,2.5561543,4.886779,1.0,3,3,1.0,2,2,1.0
221031,val,a40_41,no_history,3.518114,4.1335025,1.0,3,3,1.0,2,2,1.0
223030,val,a40_41,no_history,3.674654,3.6286082,1.0,3,2,1.0,2,2,1.0
227003,val,a40_41,no_history,3.0771768,4.008891,1.0,3,3,1.0,2,2,1.0
257175,val,a40_41,no_history,3.2138572,0.42037553,1.0,3,2,1.0,2,2,1.0
263182,val,a40_41,no_history,3.4608507,3.4826956,1.0,3,3,1.0,2,2,1.0
321005,val,a40_41,no_history,2.3141425,2.8158593,1.0,3,3,1.0,2,2,1.0
361175,val,a40_41,no_history,2.5794613,1.7118756,1.0,3,2,1.0,2,2,1.0
377170,val,a40_41,no_history,3.41293,4.2009177,1.0,3,3,1.0,2,2,1.0
450030,val,a40_41,no_history,2.9037929,3.847051,1.0,3,3,1.0,2,6,1.0
465030,val,a40_41,no_history,2.6831007,3.7935455,1.0,3,3,1.0,2,4,1.0
478030,val,a40_41,no_history,2.6452854,2.907154,1.0,3,2,1.0,2,3,1.0
503031,val,a40_41,no_history,2.781505,4.475371,1.0,3,3,1.0,2,4,1.0
514172,val,a40_41,no_history,3.0368218,4.04607,1.0,3,3,1.0,2,2,1.0
534030,val,a40_41,no_history,2.7167902,1.9053723,1.0,3,3,1.0,2,2,1.0
534171,val,a40_41,no_history,3.5169435,3.7922242,1.0,3,3,1.0,2,2,1.0
544170,val,a40_41,no_history,2.5817652,3.178121,1.0,3,3,1.0,2,2,1.0
563193,val,a40_41,no_history,3.4199736,0.0,1.0,3,2,1.0,2,2,1.0
577174,val,a40_41,no_history,3.4897156,3.0114257,1.0,3,3,1.0,2,2,1.0
613006,val,a40_41,no_history,3.501737,3.7471669,1.0,3,3,1.0,2,2,1.0
618170,val,a40_41,no_history,3.5409076,4.5326686,1.0,3,3,1.0,2,2,1.0
631030,val,a40_41,no_history,3.4496946,3.3098624,1.0,3,3,1.0,2,4,1.0
633031,val,a40_41,no_history,2.3842335,3.6491034,1.0,3,3,1.0,2,2,1.0
652173,val,a40_41,no_history,2.5817652,3.5666425,1.0,3,3,1.0,2,2,1.0
655172,val,a40_41,no_history,2.5817652,3.749749,1.0,3,3,1.0,2,2,1.0
656005,val,a40_41,no_history,2.9285066,0.9626811,1.0,3,3,1.0,2,2,1.0
691171,val,a40_41,no_history,2.5817652,2.3365629,1.0,3,3,1.0,2,4,1.0
738172,val,a40_41,no_history,2.5018427,3.8163328,1.0,3,3,1.0,2,2,1.0
751030,val,a40_41,no_history,2.666427,2.7778397,1.0,3,3,1.0,2,4,1.0
762170,val,a40_41,no_history,3.5043461,4.3971753,1.0,3,3,1.0,2,2,1.0
783171,val,a40_41,no_history,2.7529638,3.7198489,1.0,3,3,1.0,2,2,1.0
863007,val,a40_41,no_history,2.957159,2.8474362,1.0,3,3,1.0,2,2,1.0
893170,val,a40_41,no_history,2.5794613,0.0,1.0,3,2,1.0,2,2,1.0
894031,val,a40_41,no_history,2.7884412,3.2252226,1.0,3,3,1.0,2,2,1.0
898181,val,a40_41,no_history,2.5817652,1.1858279,1.0,3,3,1.0,2,2,1.0
899003,val,a40_41,no_history,3.5741627,3.5209594,1.0,3,3,1.0,2,2,1.0
916032,val,a40_41,no_history,2.4985287,3.1679091,1.0,3,3,1.0,2,2,1.0
922005,val,a40_41,no_history,3.2132087,2.5942936,1.0,3,3,1.0,2,2,1.0
931172,val,a40_41,no_history,3.5169435,3.1120167,1.0,3,2,1.0,2,2,1.0
939032,val,a40_41,no_history,3.7391787,4.886779,1.0,3,3,1.0,2,2,1.0
958030,val,a40_41,no_history,3.4557295,3.1199777,1.0,3,3,1.0,2,2,1.0
958173,val,a40_41,no_history,2.514464,3.1463857,1.0,3,3,1.0,2,2,1.0
961005,val,a40_41,no_history,2.8921356,3.1784346,1.0,3,3,1.0,2,2,1.0
961030,val,a40_41,no_history,3.514966,3.4617243,1.0,3,3,1.0,2,2,1.0
961175,val,a40_41,no_history,3.5169435,4.0225544,1.0,3,3,1.0,2,2,1.0
1051183,val,a40_41,no_history,3.3250778,3.3424077,1.0,3,3,1.0,2,2,1.0
1084005,val,a40_41,no_history,2.580733,3.6850972,1.0,3,2,1.0,2,3,1.0
1089003,val,a40_41,no_history,2.708501,3.3619723,1.0,3,3,1.0,2,2,1.0
1093003,val,a40_41,no_history,2.9805071,0.0,1.0,3,2,1.0,2,2,1.0
1107173,val,a40_41,no_history,2.6801357,4.0036206,1.0,3,3,1.0,2,4,1.0
1109174,val,a40_41,no_history,2.5817652,2.1663687,1.0,3,3,1.0,2,2,1.0
1121030,val,a40_41,no_history,3.4690688,3.615111,1.0,3,3,1.0,2,2,1.0
1121175,val,a40_41,no_history,2.5187159,0.0,1.0,3,2,1.0,2,2,1.0
1125172,val,a40_41,no_history,2.5794613,0.0,0.0,3,-1,0.0,2,-1,0.0
1126030,val,a40_41,no_history,2.8032117,2.3645113,1.0,3,3,1.0,2,2,1.0
1126176,val,a40_41,no_history,3.4004138,4.886184,1.0,3,3,1.0,2,2,1.0
1152180,val,a40_41,no_history,2.6042295,3.4620757,1.0,3,3,1.0,2,2,1.0
1164004,val,a40_41,no_history,3.497605,3.5871162,1.0,3,3,1.0,2,2,1.0
1184032,val,a40_41,no_history,3.1459517,3.843872,1.0,3,3,1.0,2,2,1.0
1184033,val,a40_41,no_history,3.1606019,1.4233128,1.0,3,3,1.0,2,4,1.0
1185003,val,a40_41,no_history,2.7754142,0.0,1.0,3,2,1.0,2,2,1.0
1222004,val,a40_41,no_history,2.5596068,3.154596,1.0,3,3,1.0,2,2,1.0
1222006,val,a40_41,no_history,3.6602209,2.026318,1.0,3,3,1.0,2,2,1.0
1284170,val,a40_41,no_history,2.6801357,0.0,1.0,3,2,1.0,2,2,1.0
1292004,val,a40_41,no_history,2.7167592,3.105974,1.0,3,3,1.0,2,4,1.0
1314172,val,a40_41,no_history,3.5280309,3.949036,1.0,3,3,1.0,2,2,1.0
1332005,val,a40_41,no_history,3.6283307,3.6204543,1.0,3,3,1.0,2,3,1.0
1335010,val,a40_41,no_history,3.3108633,3.0401068,1.0,3,3,1.0,2,2,1.0
1338003,val,a40_41,no_history,2.5817652,3.5987248,1.0,3,3,1.0,2,2,1.0
1345006,val,a40_41,no_history,2.7329721,2.9212708,1.0,3,3,1.0,2,2,1.0
1345007,val,a40_41,no_history,2.8363845,3.57801,1.0,3,3,1.0,2,2,1.0
1346030,val,a40_41,no_history,2.4633558,0.0,1.0,3,2,1.0,2,2,1.0
1391033,val,a40_41,no_history,3.6185446,3.647873,1.0,3,3,1.0,2,4,1.0
1391175,val,a40_41,no_history,2.612463,0.0,0.0,3,-1,0.0,2,-1,0.0
1394033,val,a40_41,no_history,2.6287336,0.0,1.0,3,2,1.0,2,4,1.0
1397005,val,a40_41,no_history,3.6943464,3.7439065,1.0,3,3,1.0,2,2,1.0
1397172,val,a40_41,no_history,2.5817652,3.0469735,1.0,3,3,1.0,2,2,1.0
1426004,val,a40_41,no_history,2.6230164,2.9762707,1.0,3,3,1.0,2,6,1.0
1434032,val,a40_41,no_history,2.655584,2.0527534,1.0,3,3,1.0,2,2,1.0
1434170,val,a40_41,no_history,3.3250778,3.1865816,1.0,3,3,1.0,2,2,1.0
1435005,val,a40_41,no_history,3.7464175,4.6204996,1.0,3,2,1.0,2,4,1.0
1485171,val,a40_41,no_history,3.5043461,3.2274153,1.0,3,3,1.0,2,2,1.0
1520031,val,a40_41,no_history,2.6840837,3.9851773,1.0,3,3,1.0,2,2,1.0
1540005,val,a40_41,no_history,3.7374997,2.3726282,1.0,3,3,1.0,2,2,1.0
1559003,val,a40_41,no_history,3.6890364,4.472791,1.0,3,3,1.0,2,2,1.0
1559170,val,a40_41,no_history,2.5904284,3.2300382,1.0,3,3,1.0,2,2,1.0
1565180,val,a40_41,no_history,2.514464,4.194441,1.0,3,3,1.0,2,2,1.0
1579030,val,a40_41,no_history,3.5919745,3.0597289,1.0,3,3,1.0,2,2,1.0
1613007,val,a40_41,no_history,2.7272305,0.6793294,1.0,3,3,1.0,2,2,1.0
1621171,val,a40_41,no_history,3.4897156,4.886779,1.0,3,3,1.0,2,2,1.0
1644004,val,a40_41,no_history,2.6613505,3.496418,1.0,3,3,1.0,2,2,1.0
1652031,val,a40_41,no_history,3.036663,3.3802066,1.0,3,3,1.0,2,2,1.0
1682032,val,a40_41,no_history,3.6313655,3.8730197,1.0,3,3,1.0,2,2,1.0
1684173,val,a40_41,no_history,3.5043461,3.6152012,1.0,3,2,1.0,2,2,1.0
1687003,val,a40_41,no_history,3.5060859,3.3729873,1.0,3,3,1.0,2,2,1.0
1690170,val,a40_41,no_history,2.7529638,3.5111582,1.0,3,3,1.0,2,2,1.0
1692030,val,a40_41,no_history,2.7166376,0.0,1.0,3,2,1.0,2,2,1.0
1695034,val,a40_41,no_history,2.7708006,3.6491034,1.0,3,3,1.0,2,2,1.0
1701004,val,a40_41,no_history,2.7924852,3.9664857,1.0,3,3,1.0,2,2,1.0
1721030,val,a40_41,no_history,2.5793333,3.6687279,1.0,3,3,1.0,2,2,1.0
1723005,val,a40_41,no_history,2.5498116,2.2075644,1.0,3,3,1.0,2,2,1.0
1762030,val,a40_41,no_history,2.7424023,0.0,1.0,3,2,1.0,2,4,1.0
1762031,val,a40_41,no_history,3.4608507,3.7650766,1.0,3,3,1.0,2,2,1.0
1762032,val,a40_41,no_history,2.7632084,1.9069004,1.0,3,3,1.0,2,4,1.0
1774170,val,a40_41,no_history,2.708501,1.3671789,1.0,3,2,1.0,2,2,1.0
1774171,val,a40_41,no_history,2.7529638,3.3073823,1.0,3,3,1.0,2,2,1.0
1784171,val,a40_41,no_history,3.5043461,4.1698217,1.0,3,3,1.0,2,2,1.0
1786191,val,a40_41,no_history,3.416124,3.9422066,1.0,3,3,1.0,2,2,1.0
1787005,val,a40_41,no_history,3.5047846,3.6848996,1.0,3,3,1.0,2,2,1.0
1787174,val,a40_41,no_history,2.708501,3.3667955,1.0,3,3,1.0,2,2,1.0
1802003,val,a40_41,no_history,3.4226298,3.489942,1.0,3,2,1.0,2,4,1.0
1845170,val,a40_41,no_history,3.5409076,3.0869684,1.0,3,3,1.0,2,2,1.0
1862171,val,a40_41,no_history,3.137209,3.5262845,1.0,3,3,1.0,2,2,1.0
1898004,val,a40_41,no_history,3.0191445,3.4094932,1.0,3,3,1.0,2,6,1.0
1911030,val,a40_41,no_history,2.689323,0.0,0.0,3,-1,0.0,2,-1,0.0
1914003,val,a40_41,no_history,2.437925,2.8751705,1.0,3,3,1.0,2,2,1.0
1919007,val,a40_41,no_history,3.6551547,4.886779,1.0,3,3,1.0,2,4,1.0
1954003,val,a40_41,no_history,3.1128426,2.9361172,1.0,3,3,1.0,2,2,1.0
1959005,val,a40_41,no_history,3.1401834,4.3370132,1.0,3,3,1.0,2,2,1.0
1964031,val,a40_41,no_history,2.8173594,0.0,1.0,3,2,1.0,2,4,1.0
1972173,val,a40_41,no_history,2.514464,0.0,0.0,3,-1,0.0,2,-1,0.0
1978030,val,a40_41,no_history,2.7823334,3.693618,1.0,3,3,1.0,2,2,1.0
2005030,val,a40_41,no_history,2.696274,3.1062326,1.0,3,3,1.0,2,4,1.0
2011174,val,a40_41,no_history,2.5817652,3.3237946,1.0,3,3,1.0,2,2,1.0
2023030,val,a40_41,no_history,2.965458,4.886779,1.0,3,3,1.0,2,6,1.0
2028030,val,a40_41,no_history,2.9053888,4.421971,1.0,3,3,1.0,2,4,1.0
2055003,val,a40_41,no_history,2.8322423,1.7300621,1.0,3,3,1.0,2,2,1.0
2067005,val,a40_41,no_history,3.5844355,4.1546817,1.0,3,3,1.0,2,2,1.0
2080170,val,a40_41,no_history,2.708501,2.3160753,1.0,3,3,1.0,2,2,1.0
2106171,val,a40_41,no_history,2.71498,0.0,1.0,3,2,1.0,2,2,1.0
2109002,val,a40_41,no_history,2.837932,4.482823,1.0,3,3,1.0,2,2,1.0
2129186,val,a40_41,no_history,3.4425392,3.496005,1.0,3,3,1.0,2,2,1.0
2181007,val,a40_41,no_history,2.5099628,1.966612,1.0,3,2,1.0,2,6,1.0
2181030,val,a40_41,no_history,2.3681517,3.3319657,1.0,3,3,1.0,6,2,1.0
2243174,val,a40_41,no_history,2.5018427,3.0664406,1.0,3,3,1.0,2,2,1.0
2260173,val,a40_41,no_history,2.708501,0.40987092,1.0,3,2,1.0,2,2,1.0
2261030,val,a40_41,no_history,2.6062353,2.5095816,1.0,3,3,1.0,2,2,1.0
2271171,val,a40_41,no_history,2.5817652,3.6543715,1.0,3,3,1.0,2,2,1.0
2282005,val,a40_41,no_history,2.6400332,0.0,1.0,3,3,1.0,2,6,1.0
2302195,val,a40_41,no_history,2.71498,0.39853728,1.0,3,2,1.0,2,3,1.0
2334031,val,a40_41,no_history,2.8905454,3.8142254,1.0,3,3,1.0,2,2,1.0
2341172,val,a40_41,no_history,2.5652092,2.8913167,1.0,3,3,1.0,2,2,1.0
2354175,val,a40_41,no_history,3.5280309,3.3073823,1.0,3,3,1.0,2,2,1.0
2355004,val,a40_41,no_history,2.9154577,3.7249148,1.0,3,3,1.0,2,2,1.0
2391030,val,a40_41,no_history,3.5140228,3.1996279,1.0,3,3,1.0,2,2,1.0
2397173,val,a40_41,no_history,2.7529638,2.7536736,1.0,3,3,1.0,2,2,1.0
2408170,val,a40_41,no_history,2.4256856,2.2054408,1.0,3,2,1.0,2,4,1.0
2425003,val,a40_41,no_history,3.0216484,1.1611937,1.0,3,3,1.0,2,2,1.0
2432030,val,a40_41,no_history,3.3722699,2.766588,1.0,3,3,1.0,2,4,1.0
2435172,val,a40_41,no_history,2.5652092,0.5612031,1.0,3,3,1.0,2,2,1.0
2436174,val,a40_41,no_history,2.6337166,0.0,1.0,3,2,1.0,2,4,1.0
2436176,val,a40_41,no_history,2.5974169,3.0665076,1.0,3,3,1.0,2,2,1.0
2441003,val,a40_41,no_history,2.4931605,3.1931083,1.0,3,3,1.0,2,2,1.0
2441173,val,a40_41,no_history,3.127347,4.1230373,1.0,3,3,1.0,2,2,1.0
2458031,val,a40_41,no_history,3.6528893,4.7487354,1.0,3,3,1.0,2,6,1.0
2461004,val,a40_41,no_history,2.9635978,2.4098656,1.0,3,3,1.0,2,2,1.0
2461030,val,a40_41,no_history,3.5809176,0.0,1.0,3,3,1.0,2,4,1.0
2473004,val,a40_41,no_history,3.0721972,3.8582711,1.0,3,3,1.0,2,2,1.0
2483030,val,a40_41,no_history,2.43446,1.7093322,1.0,3,3,1.0,2,4,1.0
2503030,val,a40_41,no_history,3.590248,3.0149915,1.0,3,3,1.0,2,6,1.0
2510005,val,a40_41,no_history,3.574607,3.0679493,1.0,3,3,1.0,2,2,1.0
2525003,val,a40_41,no_history,3.6500134,4.886779,1.0,3,3,1.0,2,2,1.0
2529030,val,a40_41,no_history,3.4812858,0.0,1.0,3,2,1.0,2,4,1.0
2529174,val,a40_41,no_history,2.5817652,3.9823928,1.0,3,3,1.0,2,2,1.0
2530003,val,a40_41,no_history,2.6099305,2.8040938,1.0,3,3,1.0,2,2,1.0
2530004,val,a40_41,no_history,2.3744435,3.0475352,1.0,3,3,1.0,2,2,1.0
2569033,val,a40_41,no_history,2.4935944,3.3889637,1.0,3,3,1.0,2,2,1.0
2601006,val,a40_41,no_history,3.1597967,0.0,0.0,3,-1,0.0,2,-1,0.0
2608006,val,a40_41,no_history,3.112254,3.153995,1.0,3,3,1.0,2,2,1.0
2615034,val,a40_41,no_history,2.7295315,3.5209804,1.0,3,3,1.0,2,2,1.0
2639004,val,a40_41,no_history,3.696103,2.0256755,1.0,3,2,1.0,2,4,1.0
2665177,val,a40_41,no_history,2.5099628,0.0,1.0,3,2,1.0,2,2,1.0
2672006,val,a40_41,no_history,2.9642043,4.190539,1.0,3,3,1.0,2,4,1.0
2672171,val,a40_41,no_history,2.6801357,4.158148,1.0,3,3,1.0,2,4,1.0
2697003,val,a40_41,no_history,3.6862867,3.3715646,1.0,3,3,1.0,2,2,1.0
2704031,val,a40_41,no_history,3.3843725,2.5460799,1.0,3,3,1.0,2,4,1.0
2705030,val,a40_41,no_history,3.0903668,4.6122894,1.0,3,3,1.0,2,3,1.0
2707007,val,a40_41,no_history,2.9751134,2.015335,1.0,3,3,1.0,2,2,1.0
2712172,val,a40_41,no_history,2.514464,3.172238,1.0,3,3,1.0,2,2,1.0
2731003,val,a40_41,no_history,2.1594229,3.1447468,1.0,3,3,1.0,2,6,1.0
2731005,val,a40_41,no_history,2.7304497,4.564996,1.0,3,3,1.0,2,6,1.0
2770031,val,a40_41,no_history,2.7333007,1.7136508,1.0,3,3,1.0,2,2,1.0
2816004,val,a40_41,no_history,2.891131,3.4309494,1.0,3,3,1.0,2,2,1.0
2910002,val,a40_41,no_history,2.0835762,3.1706843,1.0,3,2,1.0,6,2,1.0
3062001,val,a40_41,no_history,3.2481859,3.958687,1.0,3,3,1.0,2,2,1.0
3235002,val,a40_41,no_history,2.4405348,3.6333046,1.0,3,3,1.0,2,3,1.0
3306001,val,a40_41,no_history,3.3052523,4.594867,1.0,3,3,1.0,2,2,1.0
5015030,val,a40_41,no_history,2.7093396,0.0,1.0,3,2,1.0,6,2,1.0
5048030,val,a40_41,no_history,2.423398,2.79805,1.0,3,3,1.0,6,6,1.0
5052033,val,a40_41,no_history,2.2128372,2.355517,1.0,3,3,1.0,6,6,1.0
5057008,val,a40_41,no_history,2.443452,3.5037935,1.0,3,3,1.0,6,6,1.0
5170009,val,a40_41,no_history,2.2604856,3.8322608,1.0,3,3,1.0,2,2,1.0
5230008,val,a40_41,no_history,2.34671,3.7570312,1.0,3,3,1.0,6,2,1.0
5299010,val,a40_41,no_history,2.2228942,0.0,1.0,3,2,1.0,6,6,1.0
5336179,val,a40_41,no_history,3.127347,3.3685656,1.0,3,3,1.0,2,2,1.0
5364005,val,a40_41,no_history,2.483306,3.3224595,1.0,3,3,1.0,6,3,1.0
5379004,val,a40_41,no_history,3.1039104,4.8131404,1.0,3,3,1.0,2,4,1.0
5430173,val,a40_41,no_history,3.0135584,0.0,1.0,3,2,1.0,2,6,1.0
5488006,val,a40_41,no_history,2.5231261,3.6807222,1.0,3,3,1.0,2,6,1.0
5493007,val,a40_41,no_history,2.2833161,0.0,1.0,3,2,1.0,2,5,1.0
5537009,val,a40_41,no_history,2.496475,2.9591303,1.0,3,3,1.0,6,2,1.0
5537177,val,a40_41,no_history,3.1722145,1.2297416,1.0,3,2,1.0,2,2,1.0
5537183,val,a40_41,no_history,3.0371876,3.031698,1.0,3,3,1.0,2,2,1.0
5569010,val,a40_41,no_history,2.0749223,3.265041,1.0,3,3,1.0,6,2,1.0
5600005,val,a40_41,no_history,2.8974476,2.2039053,1.0,3,2,1.0,2,2,1.0
5615183,val,a40_41,no_history,3.1722145,2.9662764,1.0,3,3,1.0,2,2,1.0
5749006,val,a40_41,no_history,2.2149925,0.37078482,1.0,3,2,1.0,6,2,1.0
5822175,val,a40_41,no_history,3.1722145,3.7130666,1.0,3,3,1.0,2,2,1.0
5832003,val,a40_41,no_history,2.4420516,2.3181431,1.0,3,2,1.0,2,6,1.0
5872005,val,a40_41,no_history,2.301755,0.0,0.0,3,-1,0.0,6,-1,0.0
5898005,val,a40_41,no_history,2.624075,0.0,0.0,3,-1,0.0,2,-1,0.0
5904033,val,a40_41,no_history,2.63578,1.9870218,1.0,3,3,1.0,2,4,1.0
5987188,val,a40_41,no_history,2.5099628,3.0869684,1.0,3,3,1.0,2,2,1.0
6026005,val,a40_41,no_history,3.2027407,3.3871381,1.0,3,2,1.0,2,4,1.0
6026172,val,a40_41,no_history,2.708501,3.6983402,1.0,3,3,1.0,2,4,1.0
6054031,val,a40_41,no_history,2.92437,3.9765851,1.0,3,3,1.0,2,6,1.0
6121033,val,a40_41,no_history,2.9266446,0.0,1.0,3,2,1.0,6,6,1.0
6156008,val,a40_41,no_history,2.936318,3.7570312,1.0,3,3,1.0,2,6,1.0
6157003,val,a40_41,no_history,2.774801,3.2381604,1.0,3,3,1.0,2,3,1.0
6210183,val,a40_41,no_history,2.5173995,3.3488646,1.0,3,3,1.0,2,2,1.0
6262030,val,a40_41,no_history,3.0918086,4.052318,1.0,3,3,1.0,2,2,1.0
6368007,val,a40_41,no_history,3.0750299,0.0,1.0,3,2,1.0,2,6,1.0
6381181,val,a40_41,no_history,2.6592283,4.0398784,1.0,3,3,1.0,2,2,1.0
6396003,val,a40_41,no_history,2.0945375,0.0,1.0,3,2,1.0,6,4,1.0
6431008,val,a40_41,no_history,3.1075835,4.745581,1.0,3,3,1.0,2,4,1.0
6475170,val,a40_41,no_history,2.323079,3.0000806,1.0,3,3,1.0,6,6,1.0
6522004,val,a40_41,no_history,2.4798791,0.0,0.0,3,2,1.0,6,4,1.0
6537032,val,a40_41,no_history,2.584298,2.9993773,1.0,3,3,1.0,2,2,1.0
6541178,val,a40_41,no_history,2.6038678,4.1655335,1.0,3,3,1.0,2,2,1.0
6545006,val,a40_41,no_history,2.1201048,2.3224509,1.0,3,3,1.0,6,4,1.0
6547171,val,a40_41,no_history,2.5099628,3.0869684,1.0,3,3,1.0,2,2,1.0
6571031,val,a40_41,no_history,3.0427172,0.0,0.0,3,-1,0.0,2,-1,0.0
6590008,val,a40_41,no_history,2.965036,0.0,1.0,3,3,1.0,2,2,1.0
6616007,val,a40_41,no_history,2.1595972,3.6222303,1.0,3,3,1.0,2,4,1.0
6649003,val,a40_41,no_history,2.459006,3.6229506,1.0,3,3,1.0,6,2,1.0
6710030,val,a40_41,no_history,2.6401763,3.2437427,1.0,3,3,1.0,6,6,1.0
6745007,val,a40_41,no_history,3.0621586,3.587975,1.0,3,3,1.0,2,6,1.0
6750005,val,a40_41,no_history,2.7254543,3.9030106,1.0,3,3,1.0,2,4,1.0
6765006,val,a40_41,no_history,2.6717973,2.6505947,1.0,3,3,1.0,6,2,1.0
6822176,val,a40_41,no_history,2.447389,3.546035,1.0,3,3,1.0,2,4,1.0
4007,val,a42_43,no_history,2.4976218,0.0,0.0,3,-1,0.0,2,-1,0.0
6174,val,a42_43,no_history,3.4230251,4.3904777,1.0,3,3,1.0,2,2,1.0
14004,val,a42_43,no_history,3.5030806,3.7619069,1.0,3,3,1.0,2,2,1.0
14172,val,a42_43,no_history,2.699985,3.7323906,1.0,3,3,1.0,2,2,1.0
14173,val,a42_43,no_history,3.3022828,4.0403357,1.0,3,3,1.0,2,2,1.0
18031,val,a42_43,no_history,2.662263,3.5281215,1.0,3,3,1.0,2,5,1.0
18185,val,a42_43,no_history,2.507157,0.0,1.0,3,2,1.0,2,3,1.0
23031,val,a42_43,no_history,3.6073442,0.0,1.0,3,2,1.0,2,6,1.0
40173,val,a42_43,no_history,3.4230251,3.5162604,1.0,3,3,1.0,2,2,1.0
51171,val,a42_43,no_history,3.53448,3.9461741,1.0,3,3,1.0,2,2,1.0
84005,val,a42_43,no_history,3.0096254,3.9647489,1.0,3,3,1.0,2,6,1.0
121173,val,a42_43,no_history,2.5850778,3.016735,1.0,3,3,1.0,2,2,1.0
128004,val,a42_43,no_history,3.5415602,4.198069,1.0,3,3,1.0,2,2,1.0
145170,val,a42_43,no_history,3.5477915,3.507782,1.0,3,3,1.0,2,2,1.0
161004,val,a42_43,no_history,3.4646413,3.1872697,1.0,3,3,1.0,2,4,1.0
172031,val,a42_43,no_history,3.3420734,3.126861,1.0,3,3,1.0,2,2,1.0
174175,val,a42_43,no_history,2.560928,4.886779,1.0,3,3,1.0,2,2,1.0
221031,val,a42_43,no_history,3.52462,3.9811552,1.0,3,3,1.0,2,2,1.0
223030,val,a42_43,no_history,3.6804957,3.4196575,1.0,3,3,1.0,2,2,1.0
227003,val,a42_43,no_history,3.080958,3.9589236,1.0,3,3,1.0,2,2,1.0
257175,val,a42_43,no_history,3.2198632,0.56697226,1.0,3,3,1.0,2,2,1.0
263182,val,a42_43,no_history,3.4677343,3.456537,1.0,3,3,1.0,2,2,1.0
321005,val,a42_43,no_history,2.31944,3.067396,1.0,3,3,1.0,2,2,1.0
361175,val,a42_43,no_history,2.5850778,2.6412401,1.0,3,3,1.0,2,2,1.0
377170,val,a42_43,no_history,3.419929,4.30575,1.0,3,3,1.0,2,2,1.0
450030,val,a42_43,no_history,2.9079444,4.0109034,1.0,3,2,1.0,2,6,1.0
465030,val,a42_43,no_history,2.687474,3.854094,1.0,3,3,1.0,2,4,1.0
478030,val,a42_43,no_history,2.648995,3.0282621,1.0,3,3,1.0,2,3,1.0
503031,val,a42_43,no_history,2.7855752,4.717123,1.0,3,3,1.0,2,4,1.0
514172,val,a42_43,no_history,3.0415168,4.2617564,1.0,3,3,1.0,2,2,1.0
534030,val,a42_43,no_history,2.7210493,3.2387373,1.0,3,3,1.0,2,2,1.0
534171,val,a42_43,no_history,3.5228968,3.8186266,1.0,3,3,1.0,2,2,1.0
544170,val,a42_43,no_history,2.5874531,3.378522,1.0,3,3,1.0,2,2,1.0
563193,val,a42_43,no_history,3.4269469,0.0,1.0,3,2,1.0,2,2,1.0
577174,val,a42_43,no_history,3.496096,3.1931083,1.0,3,3,1.0,2,2,1.0
613006,val,a42_43,no_history,3.5084019,3.4896688,1.0,3,3,1.0,2,2,1.0
618170,val,a42_43,no_history,3.5477915,4.7028666,1.0,3,3,1.0,2,2,1.0
631030,val,a42_43,no_history,3.456994,3.7247293,1.0,3,3,1.0,2,4,1.0
633031,val,a42_43,no_history,2.388732,3.6932049,1.0,3,3,1.0,2,2,1.0
652173,val,a42_43,no_history,2.5874531,3.6409497,1.0,3,3,1.0,2,2,1.0
655172,val,a42_43,no_history,2.5874531,4.2897096,1.0,3,3,1.0,2,2,1.0
656005,val,a42_43,no_history,2.9333048,1.5825812,1.0,3,3,1.0,2,2,1.0
691171,val,a42_43,no_history,2.5874531,2.422265,1.0,3,3,1.0,2,4,1.0
738172,val,a42_43,no_history,2.507157,4.6475396,1.0,3,3,1.0,2,2,1.0
751030,val,a42_43,no_history,2.6711779,3.128094,1.0,3,2,1.0,2,4,1.0
762170,val,a42_43,no_history,3.5112503,4.3866534,1.0,3,3,1.0,2,2,1.0
783171,val,a42_43,no_history,2.7573414,3.627258,1.0,3,3,1.0,2,2,1.0
863007,val,a42_43,no_history,2.9608061,3.0570593,1.0,3,3,1.0,2,2,1.0
893170,val,a42_43,no_history,2.5850778,0.0,1.0,3,2,1.0,2,2,1.0
894031,val,a42_43,no_history,2.7928216,3.4939215,1.0,3,3,1.0,2,2,1.0
898181,val,a42_43,no_history,2.5874531,2.0642657,1.0,3,3,1.0,2,2,1.0
899003,val,a42_43,no_history,3.5800252,3.5290773,1.0,3,3,1.0,2,2,1.0
916032,val,a42_43,no_history,2.5029106,2.66215,1.0,3,2,1.0,2,2,1.0
922005,val,a42_43,no_history,3.2172236,2.8607311,1.0,3,3,1.0,2,2,1.0
931172,val,a42_43,no_history,3.5228968,2.3561735,1.0,3,3,1.0,2,2,1.0
939032,val,a42_43,no_history,3.7451525,4.886779,1.0,3,3,1.0,2,2,1.0
958030,val,a42_43,no_history,3.4625597,3.0001054,1.0,3,3,1.0,2,2,1.0
958173,val,a42_43,no_history,2.519658,3.188211,1.0,3,3,1.0,2,2,1.0
961005,val,a42_43,no_history,2.8959212,3.0807095,1.0,3,3,1.0,2,2,1.0
961030,val,a42_43,no_history,3.5217175,3.5064607,1.0,3,3,1.0,2,2,1.0
961175,val,a42_43,no_history,3.5228968,3.858515,1.0,3,3,1.0,2,2,1.0
1051183,val,a42_43,no_history,3.3322175,3.4141958,1.0,3,3,1.0,2,2,1.0
1084005,val,a42_43,no_history,2.5855632,2.8569546,1.0,3,2,1.0,2,4,1.0
1089003,val,a42_43,no_history,2.7126331,3.397333,1.0,3,3,1.0,2,2,1.0
1093003,val,a42_43,no_history,2.9845724,0.0,1.0,3,2,1.0,2,2,1.0
1107173,val,a42_43,no_history,2.6852562,0.0,1.0,3,2,1.0,2,4,1.0
1109174,val,a42_43,no_history,2.5874531,2.241885,1.0,3,3,1.0,2,2,1.0
1121030,val,a42_43,no_history,3.4758263,3.7256048,1.0,3,3,1.0,2,2,1.0
1121175,val,a42_43,no_history,2.5239363,0.0,1.0,3,2,1.0,2,2,1.0
1125172,val,a42_43,no_history,2.5850778,2.6918542,1.0,3,3,1.0,2,2,1.0
1126030,val,a42_43,no_history,2.806264,2.3410416,1.0,3,3,1.0,2,2,1.0
1126176,val,a42_43,no_history,3.406873,4.2375464,1.0,3,3,1.0,2,2,1.0
1152180,val,a42_43,no_history,2.6087492,3.382096,1.0,3,3,1.0,2,2,1.0
1164004,val,a42_43,no_history,3.5042279,3.6850972,1.0,3,3,1.0,2,2,1.0
1184032,val,a42_43,no_history,3.149515,0.0,0.0,3,-1,0.0,2,-1,0.0
1184033,val,a42_43,no_history,3.1641662,2.9884706,1.0,3,3,1.0,2,4,1.0
1185003,val,a42_43,no_history,2.7800133,0.0,1.0,3,2,1.0,2,2,1.0
1222004,val,a42_43,no_history,2.5651488,3.1974998,1.0,3,3,1.0,2,2,1.0
1222006,val,a42_43,no_history,3.666253,3.4334857,1.0,3,3,1.0,2,2,1.0
1284170,val,a42_43,no_history,2.6852562,0.0,1.0,3,2,1.0,2,2,1.0
1292004,val,a42_43,no_history,2.7195914,3.0276508,1.0,3,3,1.0,2,4,1.0
1314172,val,a42_43,no_history,3.53448,3.955919,1.0,3,3,1.0,2,2,1.0
1332005,val,a42_43,no_history,3.6345918,4.0859733,1.0,3,3,1.0,2,3,1.0
1335010,val,a42_43,no_history,3.3175595,3.5913725,1.0,3,3,1.0,2,2,1.0
1338003,val,a42_43,no_history,2.5874531,0.0,1.0,3,2,1.0,2,2,1.0
1345006,val,a42_43,no_history,2.7376633,2.8901737,1.0,3,3,1.0,2,2,1.0
1345007,val,a42_43,no_history,2.84105,3.4974828,1.0,3,3,1.0,2,2,1.0
1346030,val,a42_43,no_history,2.467952,1.209378,1.0,3,2,1.0,2,2,1.0
1391033,val,a42_43,no_history,3.62463,3.9802005,1.0,3,3,1.0,2,4,1.0
1391175,val,a42_43,no_history,2.6172836,3.1796627,1.0,3,3,1.0,2,4,1.0
1394033,val,a42_43,no_history,2.6334088,0.0,1.0,3,2,1.0,2,4,1.0
1397005,val,a42_43,no_history,3.700634,3.749749,1.0,3,3,1.0,2,2,1.0
1397172,val,a42_43,no_history,2.5874531,3.0798528,1.0,3,3,1.0,2,2,1.0
1426004,val,a42_43,no_history,2.6276398,3.4137402,1.0,3,3,1.0,2,6,1.0
1434032,val,a42_43,no_history,2.660111,2.134075,1.0,3,3,1.0,2,2,1.0
1434170,val,a42_43,no_history,3.3322175,3.2432585,1.0,3,3,1.0,2,2,1.0
1435005,val,a42_43,no_history,3.7521162,2.8346472,1.0,3,3,1.0,2,4,1.0
1485171,val,a42_43,no_history,3.5112503,3.4779825,1.0,3,3,1.0,2,2,1.0
1520031,val,a42_43,no_history,2.6886091,0.0,1.0,3,3,1.0,2,2,1.0
1540005,val,a42_43,no_history,3.7434049,3.2980824,1.0,3,3,1.0,2,2,1.0
1559003,val,a42_43,no_history,3.6952267,4.455336,1.0,3,3,1.0,2,2,1.0
1559170,val,a42_43,no_history,2.5966516,3.46386,1.0,3,3,1.0,2,2,1.0
1565180,val,a42_43,no_history,2.519658,3.7453756,1.0,3,3,1.0,2,2,1.0
1579030,val,a42_43,no_history,3.5984251,2.21841,1.0,3,3,1.0,2,2,1.0
1613007,val,a42_43,no_history,2.7315793,1.4655625,1.0,3,3,1.0,2,2,1.0
1621171,val,a42_43,no_history,3.496096,4.5817747,1.0,3,3,1.0,2,2,1.0
1644004,val,a42_43,no_history,2.6658518,3.3623176,1.0,3,3,1.0,2,2,1.0
1652031,val,a42_43,no_history,3.0403554,3.6539025,1.0,3,3,1.0,2,2,1.0
1682032,val,a42_43,no_history,3.637694,3.8923383,1.0,3,3,1.0,2,2,1.0
1684173,val,a42_43,no_history,3.5112503,3.4133592,1.0,3,3,1.0,2,2,1.0
1687003,val,a42_43,no_history,3.51297,2.1154792,1.0,3,3,1.0,2,2,1.0
1690170,val,a42_43,no_history,2.7573414,3.81582,1.0,3,3,1.0,2,2,1.0
1692030,val,a42_43,no_history,2.7197614,0.0,1.0,3,2,1.0,2,2,1.0
1695034,val,a42_43,no_history,2.7746422,3.7629457,1.0,3,3,1.0,2,2,1.0
1701004,val,a42_43,no_history,2.797098,4.257973,1.0,3,3,1.0,2,2,1.0
1721030,val,a42_43,no_history,2.5844088,3.348836,1.0,3,3,1.0,2,2,1.0
1723005,val,a42_43,no_history,2.5548716,2.2497153,1.0,3,3,1.0,2,2,1.0
1762030,val,a42_43,no_history,2.7468452,0.0,1.0,3,2,1.0,2,4,1.0
1762031,val,a42_43,no_history,3.4677343,3.7924998,1.0,3,3,1.0,2,2,1.0
1762032,val,a42_43,no_history,2.7675931,2.2055602,1.0,3,3,1.0,2,4,1.0
1774170,val,a42_43,no_history,2.7126331,1.7535818,1.0,3,3,1.0,2,2,1.0
1774171,val,a42_43,no_history,2.7573414,3.736019,1.0,3,3,1.0,2,2,1.0
1784171,val,a42_43,no_history,3.5112503,4.1252284,1.0,3,3,1.0,2,2,1.0
1786191,val,a42_43,no_history,3.4230251,4.227405,1.0,3,3,1.0,2,2,1.0
1787005,val,a42_43,no_history,3.5110846,3.6104138,1.0,3,3,1.0,2,2,1.0
1787174,val,a42_43,no_history,2.7126331,3.3523545,1.0,3,3,1.0,2,2,1.0
1802003,val,a42_43,no_history,3.4291902,3.4832323,1.0,3,2,1.0,2,4,1.0
1845170,val,a42_43,no_history,3.5477915,3.3217459,1.0,3,3,1.0,2,2,1.0
1862171,val,a42_43,no_history,3.143318,3.4461362,1.0,3,3,1.0,2,2,1.0
1898004,val,a42_43,no_history,3.0224802,4.3638077,1.0,3,3,1.0,2,6,1.0
1911030,val,a42_43,no_history,2.6937022,2.9322286,1.0,3,3,1.0,2,2,1.0
1914003,val,a42_43,no_history,2.4431314,3.0930045,1.0,3,3,1.0,2,2,1.0
1919007,val,a42_43,no_history,3.661788,4.8387165,1.0,3,3,1.0,2,4,1.0
1954003,val,a42_43,no_history,3.1173244,3.7558146,1.0,3,3,1.0,2,4,1.0
1959005,val,a42_43,no_history,3.1442165,4.521836,1.0,3,3,1.0,2,2,1.0
1964031,val,a42_43,no_history,2.8212585,0.0,1.0,3,2,1.0,2,4,1.0
1972173,val,a42_43,no_history,2.519658,2.3260252,1.0,3,3,1.0,2,3,1.0
1978030,val,a42_43,no_history,2.7864254,3.4900744,1.0,3,3,1.0,2,2,1.0
2005030,val,a42_43,no_history,2.699985,3.211439,1.0,3,3,1.0,2,4,1.0
2011174,val,a42_43,no_history,2.5874531,3.177646,1.0,3,3,1.0,2,2,1.0
2023030,val,a42_43,no_history,2.9689057,4.886779,1.0,3,3,1.0,2,6,1.0
2028030,val,a42_43,no_history,2.9084918,4.886779,1.0,3,3,1.0,2,4,1.0
2055003,val,a42_43,no_history,2.8364723,1.367364,1.0,3,3,1.0,2,2,1.0
2067005,val,a42_43,no_history,3.5908928,4.480925,1.0,3,3,1.0,2,2,1.0
2080170,val,a42_43,no_history,2.7126331,2.4098656,1.0,3,3,1.0,2,2,1.0
2106171,val,a42_43,no_history,2.7187514,0.0,1.0,3,2,1.0,2,2,1.0
2109002,val,a42_43,no_history,2.8422894,4.472431,1.0,3,3,1.0,2,2,1.0
2129186,val,a42_43,no_history,3.4490728,3.851873,1.0,3,3,1.0,2,2,1.0
2181007,val,a42_43,no_history,2.5155277,2.5885363,1.0,3,3,1.0,2,6,1.0
2181030,val,a42_43,no_history,2.3730824,3.6084042,1.0,3,3,1.0,6,2,1.0
2243174,val,a42_43,no_history,2.507157,2.9595175,1.0,3,3,1.0,2,2,1.0
2260173,val,a42_43,no_history,2.7126331,0.0,1.0,3,2,1.0,2,2,1.0
2261030,val,a42_43,no_history,2.611022,3.173361,1.0,3,3,1.0,2,2,1.0
2271171,val,a42_43,no_history,2.5874531,3.7394035,1.0,3,3,1.0,2,2,1.0
2282005,val,a42_43,no_history,2.6450682,3.46386,1.0,3,3,1.0,2,6,1.0
2302195,val,a42_43,no_history,2.7187514,0.0,1.0,3,2,1.0,2,6,1.0
2334031,val,a42_43,no_history,2.894322,3.8580909,1.0,3,3,1.0,2,2,1.0
2341172,val,a42_43,no_history,2.5708365,2.8802483,1.0,3,3,1.0,2,2,1.0
2354175,val,a42_43,no_history,3.53448,3.651173,1.0,3,3,1.0,2,2,1.0
2355004,val,a42_43,no_history,2.92013,4.1334863,1.0,3,3,1.0,2,2,1.0
2391030,val,a42_43,no_history,3.5204492,3.859207,1.0,3,3,1.0,2,2,1.0
2397173,val,a42_43,no_history,2.7573414,3.1475887,1.0,3,3,1.0,2,2,1.0
2408170,val,a42_43,no_history,2.4308548,2.146546,1.0,3,3,1.0,2,4,1.0
2425003,val,a42_43,no_history,3.0254292,0.0,1.0,3,2,1.0,2,2,1.0
2432030,val,a42_43,no_history,3.3778114,4.2273545,1.0,3,3,1.0,2,4,1.0
2435172,val,a42_43,no_history,2.5708365,0.0,1.0,3,2,1.0,2,2,1.0
2436174,val,a42_43,no_history,2.6369574,0.0,1.0,3,2,1.0,2,4,1.0
2436176,val,a42_43,no_history,2.600934,3.0895233,1.0,3,3,1.0,2,2,1.0
2441003,val,a42_43,no_history,2.4987004,3.9165187,1.0,3,3,1.0,2,2,1.0
2441173,val,a42_43,no_history,3.131982,4.077138,1.0,3,3,1.0,2,2,1.0
2458031,val,a42_43,no_history,3.6590602,4.886779,1.0,3,3,1.0,2,6,1.0
2461004,val,a42_43,no_history,2.966909,2.196764,1.0,3,2,1.0,2,2,1.0
2461030,val,a42_43,no_history,3.587416,4.353723,1.0,3,3,1.0,2,2,1.0
2473004,val,a42_43,no_history,3.0766435,3.2980824,1.0,3,3,1.0,2,2,1.0
2483030,val,a42_43,no_history,2.4395416,0.0,1.0,3,2,1.0,2,4,1.0
2503030,val,a42_43,no_history,3.5968213,3.295633,1.0,3,3,1.0,2,6,1.0
2510005,val,a42_43,no_history,3.5810428,3.307799,1.0,3,3,1.0,2,2,1.0
2525003,val,a42_43,no_history,3.6563163,4.886779,1.0,3,3,1.0,2,2,1.0
2529030,val,a42_43,no_history,3.4880674,0.0,1.0,3,2,1.0,2,4,1.0
2529174,val,a42_43,no_history,2.5874531,1.8595463,1.0,3,3,1.0,2,2,1.0
2530003,val,a42_43,no_history,2.613371,0.0,1.0,3,2,1.0,2,2,1.0
2530004,val,a42_43,no_history,2.379808,3.4409633,1.0,3,3,1.0,2,2,1.0
2569033,val,a42_43,no_history,2.4980605,3.469144,1.0,3,3,1.0,2,2,1.0
2601006,val,a42_43,no_history,3.1645947,4.845492,1.0,3,3,1.0,2,2,1.0
2608006,val,a42_43,no_history,3.117618,2.9372149,1.0,3,3,1.0,2,2,1.0
2615034,val,a42_43,no_history,2.7336404,3.4548087,1.0,3,3,1.0,2,2,1.0
2639004,val,a42_43,no_history,3.7022705,2.589703,1.0,3,3,1.0,2,4,1.0
2665177,val,a42_43,no_history,2.5155277,0.0,1.0,3,2,1.0,2,2,1.0
2672006,val,a42_43,no_history,2.968089,4.276182,1.0,3,3,1.0,2,2,1.0
2672171,val,a42_43,no_history,2.6852562,4.019886,1.0,3,3,1.0,2,4,1.0
2697003,val,a42_43,no_history,3.6924477,3.3189862,1.0,3,3,1.0,2,2,1.0
2704031,val,a42_43,no_history,3.391513,3.6725805,1.0,3,3,1.0,2,4,1.0
2705030,val,a42_43,no_history,3.0944154,4.6246047,1.0,3,3,1.0,2,4,1.0
2707007,val,a42_43,no_history,2.9783642,0.0,1.0,3,3,1.0,2,2,1.0
2712172,val,a42_43,no_history,2.519658,3.1996279,1.0,3,3,1.0,2,2,1.0
2731003,val,a42_43,no_history,2.165116,3.6003644,1.0,3,3,1.0,2,6,1.0
2731005,val,a42_43,no_history,2.7346382,4.716656,1.0,3,3,1.0,2,6,1.0
2770031,val,a42_43,no_history,2.737762,2.2437658,1.0,3,3,1.0,2,2,1.0
2816004,val,a42_43,no_history,2.8952265,3.2776077,1.0,3,3,1.0,2,2,1.0
2910002,val,a42_43,no_history,2.088936,1.7300621,1.0,3,3,1.0,6,2,1.0
3062001,val,a42_43,no_history,3.2538316,2.110738,1.0,3,3,1.0,2,2,1.0
3235002,val,a42_43,no_history,2.4452252,3.3702624,1.0,3,3,1.0,2,3,1.0
3306001,val,a42_43,no_history,3.3107643,4.886779,1.0,3,3,1.0,2,3,1.0
5015030,val,a42_43,no_history,2.714563,0.0,1.0,3,2,1.0,6,2,1.0
5048030,val,a42_43,no_history,2.428015,2.967192,1.0,3,3,1.0,6,6,1.0
5052033,val,a42_43,no_history,2.2180274,3.1251361,1.0,3,3,1.0,6,6,1.0
5057008,val,a42_43,no_history,2.4468179,3.3570445,1.0,3,3,1.0,6,6,1.0
5170009,val,a42_43,no_history,2.266638,3.9032092,1.0,3,3,1.0,2,2,1.0
5230008,val,a42_43,no_history,2.351982,4.158148,1.0,3,3,1.0,6,3,1.0
5299010,val,a42_43,no_history,2.2282162,0.0,1.0,3,2,1.0,6,6,1.0
5336179,val,a42_43,no_history,3.131982,3.3871381,1.0,3,3,1.0,2,2,1.0
5364005,val,a42_43,no_history,2.4885182,4.009967,1.0,3,3,1.0,6,3,1.0
5379004,val,a42_43,no_history,3.1079803,4.766838,1.0,3,3,1.0,2,4,1.0
5430173,val,a42_43,no_history,3.018094,1.5333589,1.0,3,3,1.0,2,6,1.0
5488006,val,a42_43,no_history,2.526898,3.8038778,1.0,3,3,1.0,2,6,1.0
5493007,val,a42_43,no_history,2.2887287,0.0,1.0,3,2,1.0,2,5,1.0
5537009,val,a42_43,no_history,2.4996605,3.0807095,1.0,3,3,1.0,6,2,1.0
5537177,val,a42_43,no_history,3.176663,1.6738045,1.0,3,2,1.0,2,2,1.0
5537183,val,a42_43,no_history,3.0418375,3.7742858,1.0,3,3,1.0,2,2,1.0
5569010,val,a42_43,no_history,2.0804718,3.3445346,1.0,3,3,1.0,6,2,1.0
5600005,val,a42_43,no_history,2.9016142,0.0,1.0,3,2,1.0,2,2,1.0
5615183,val,a42_43,no_history,3.176663,3.8142254,1.0,3,3,1.0,2,2,1.0
5749006,val,a42_43,no_history,2.2202833,0.0,1.0,3,2,1.0,6,2,1.0
5822175,val,a42_43,no_history,3.176663,0.0,0.0,3,-1,0.0,2,-1,0.0
5832003,val,a42_43,no_history,2.4474597,1.6818666,1.0,3,2,1.0,2,6,1.0
5872005,val,a42_43,no_history,2.3069868,0.0,1.0,3,2,1.0,6,6,1.0
5898005,val,a42_43,no_history,2.6294594,3.3248508,1.0,3,3,1.0,2,2,1.0
5904033,val,a42_43,no_history,2.6405492,3.5165677,1.0,3,3,1.0,2,4,1.0
5987188,val,a42_43,no_history,2.5155277,3.0930045,1.0,3,3,1.0,2,2,1.0
6026005,val,a42_43,no_history,3.2068973,4.0232816,1.0,3,3,1.0,2,2,1.0
6026172,val,a42_43,no_history,2.7126331,4.4520135,1.0,3,3,1.0,2,4,1.0
6054031,val,a42_43,no_history,2.9286306,0.0,1.0,3,2,1.0,2,6,1.0
6121033,val,a42_43,no_history,2.9306395,0.0,0.0,3,-1,0.0,6,-1,0.0
6156008,val,a42_43,no_history,2.9412198,4.542774,1.0,3,3,1.0,2,6,1.0
6157003,val,a42_43,no_history,2.77911,3.3940077,1.0,3,3,1.0,2,4,1.0
6210183,val,a42_43,no_history,2.5230525,3.3445346,1.0,3,3,1.0,2,2,1.0
6262030,val,a42_43,no_history,3.095902,4.125177,1.0,3,3,1.0,2,2,1.0
6368007,val,a42_43,no_history,3.0794744,0.0,1.0,3,2,1.0,2,6,1.0
6381181,val,a42_43,no_history,2.6634164,4.0755825,1.0,3,3,1.0,2,2,1.0
6396003,val,a42_43,no_history,2.0999784,0.0,1.0,3,2,1.0,6,4,1.0
6431008,val,a42_43,no_history,3.1119905,4.776755,1.0,3,3,1.0,2,2,1.0
6475170,val,a42_43,no_history,2.3282766,3.0592763,1.0,3,3,1.0,6,6,1.0
6522004,val,a42_43,no_history,2.485098,2.1584442,1.0,3,3,1.0,6,4,1.0
6537032,val,a42_43,no_history,2.5893352,2.9880683,1.0,3,3,1.0,2,2,1.0
6541178,val,a42_43,no_history,2.6070387,4.145609,1.0,3,3,1.0,2,2,1.0
6545006,val,a42_43,no_history,2.125583,2.389911,1.0,3,3,1.0,6,4,1.0
6547171,val,a42_43,no_history,2.5155277,2.5756848,1.0,3,3,1.0,2,2,1.0
6571031,val,a42_43,no_history,3.0469925,3.8278039,1.0,3,3,1.0,2,3,1.0
6590008,val,a42_43,no_history,2.9696798,3.2681394,1.0,3,3,1.0,2,2,1.0
6616007,val,a42_43,no_history,2.165216,1.9724138,1.0,3,2,1.0,2,2,1.0
6649003,val,a42_43,no_history,2.4643826,3.4457722,1.0,3,3,1.0,6,2,1.0
6710030,val,a42_43,no_history,2.6438806,3.0664406,1.0,3,2,1.0,6,6,1.0
6745007,val,a42_43,no_history,3.0664084,3.2379806,1.0,3,3,1.0,2,6,1.0
6750005,val,a42_43,no_history,2.7295182,3.9043536,1.0,3,3,1.0,2,4,1.0
6765006,val,a42_43,no_history,2.6754994,3.0149915,1.0,3,3,1.0,6,2,1.0
6822176,val,a42_43,no_history,2.452845,3.337991,1.0,3,3,1.0,2,4,1.0
4007,val,a44_45,no_history,2.5240881,4.058416,1.0,3,3,1.0,2,4,1.0
6174,val,a44_45,no_history,3.4413912,4.491118,1.0,3,3,1.0,2,2,1.0
14004,val,a44_45,no_history,3.5202298,0.0,1.0,3,2,1.0,2,2,1.0
14172,val,a44_45,no_history,2.727012,3.481501,1.0,3,3,1.0,2,2,1.0
14173,val,a44_45,no_history,3.3192608,3.718973,1.0,3,3,1.0,2,2,1.0
18031,val,a44_45,no_history,2.6900613,3.5790346,1.0,3,3,1.0,2,5,1.0
18185,val,a44_45,no_history,2.5354404,1.3926231,1.0,3,3,1.0,2,4,1.0
23031,val,a44_45,no_history,3.6269674,0.0,1.0,3,2,1.0,2,2,1.0
40173,val,a44_45,no_history,3.4413912,0.0,0.0,3,-1,0.0,2,-1,0.0
51171,val,a44_45,no_history,3.5522432,3.9082706,1.0,3,3,1.0,2,2,1.0
84005,val,a44_45,no_history,3.0355117,4.022493,1.0,3,3,1.0,2,6,1.0
121173,val,a44_45,no_history,2.6121864,3.0124674,1.0,3,3,1.0,2,2,1.0
128004,val,a44_45,no_history,3.558662,3.9815128,1.0,3,3,1.0,2,2,1.0
145170,val,a44_45,no_history,3.5657177,3.937253,1.0,3,3,1.0,2,2,1.0
161004,val,a44_45,no_history,3.481625,3.0668867,1.0,3,3,1.0,2,4,1.0
172031,val,a44_45,no_history,3.359012,3.4983218,1.0,3,3,1.0,2,2,1.0
174175,val,a44_45,no_history,2.588568,4.886779,1.0,3,3,1.0,2,2,1.0
221031,val,a44_45,no_history,3.5431983,3.8177946,1.0,3,3,1.0,2,2,1.0
223030,val,a44_45,no_history,3.7005002,3.5600863,1.0,3,3,1.0,2,2,1.0
227003,val,a44_45,no_history,3.1070793,3.9815128,1.0,3,3,1.0,2,2,1.0
257175,val,a44_45,no_history,3.23778,0.48750186,1.0,3,3,1.0,2,2,1.0
263182,val,a44_45,no_history,3.4863365,3.4627783,1.0,3,3,1.0,2,2,1.0
321005,val,a44_45,no_history,2.3467028,2.99307,1.0,3,3,1.0,2,2,1.0
361175,val,a44_45,no_history,2.6121864,2.3818378,1.0,3,2,1.0,2,2,1.0
377170,val,a44_45,no_history,3.4365578,4.2520056,1.0,3,3,1.0,2,2,1.0
450030,val,a44_45,no_history,2.9356885,3.9245687,1.0,3,3,1.0,2,6,1.0
465030,val,a44_45,no_history,2.7148526,3.8660583,1.0,3,3,1.0,2,2,1.0
478030,val,a44_45,no_history,2.6749432,3.486668,1.0,3,2,1.0,2,3,1.0
503031,val,a44_45,no_history,2.8131955,4.7228627,1.0,3,3,1.0,2,4,1.0
514172,val,a44_45,no_history,3.0606227,4.4358616,1.0,3,3,1.0,2,2,1.0
534030,val,a44_45,no_history,2.7484381,3.402656,1.0,3,3,1.0,2,2,1.0
534171,val,a44_45,no_history,3.540544,3.9701915,1.0,3,3,1.0,2,2,1.0
544170,val,a44_45,no_history,2.6147575,0.0,0.0,3,-1,0.0,2,-1,0.0
563193,val,a44_45,no_history,3.4453661,0.0,1.0,3,2,1.0,2,2,1.0
577174,val,a44_45,no_history,3.5131598,3.3248508,1.0,3,3,1.0,2,2,1.0
613006,val,a44_45,no_history,3.5253372,2.8015413,1.0,3,2,1.0,2,2,1.0
618170,val,a44_45,no_history,3.5657177,4.628189,1.0,3,3,1.0,2,2,1.0
631030,val,a44_45,no_history,3.4755378,4.1159654,1.0,3,3,1.0,2,4,1.0
633031,val,a44_45,no_history,2.4150465,3.6920335,1.0,3,3,1.0,2,2,1.0
652173,val,a44_45,no_history,2.6147575,3.671648,1.0,3,3,1.0,2,2,1.0
655172,val,a44_45,no_history,2.6147575,4.415885,1.0,3,3,1.0,2,2,1.0
656005,val,a44_45,no_history,2.959229,1.9453716,1.0,3,3,1.0,2,2,1.0
691171,val,a44_45,no_history,2.6147575,2.8106601,1.0,3,3,1.0,2,4,1.0
738172,val,a44_45,no_history,2.5354404,4.459952,1.0,3,3,1.0,2,2,1.0
751030,val,a44_45,no_history,2.6989675,2.66215,1.0,3,3,1.0,2,4,1.0
762170,val,a44_45,no_history,3.5285661,4.343294,1.0,3,3,1.0,2,2,1.0
783171,val,a44_45,no_history,2.7839317,3.6628857,1.0,3,3,1.0,2,2,1.0
863007,val,a44_45,no_history,2.9868917,3.2183783,1.0,3,3,1.0,2,3,1.0
893170,val,a44_45,no_history,2.6121864,0.0,1.0,3,2,1.0,2,2,1.0
894031,val,a44_45,no_history,2.8203957,3.4421458,1.0,3,3,1.0,2,2,1.0
898181,val,a44_45,no_history,2.6147575,1.5825812,1.0,3,3,1.0,2,2,1.0
899003,val,a44_45,no_history,3.5979776,3.4738846,1.0,3,3,1.0,2,2,1.0
916032,val,a44_45,no_history,2.5305161,3.7278583,1.0,3,3,1.0,2,2,1.0
922005,val,a44_45,no_history,3.2425816,2.9191911,1.0,3,3,1.0,2,2,1.0
931172,val,a44_45,no_history,3.540544,3.1937861,1.0,3,3,1.0,2,2,1.0
939032,val,a44_45,no_history,3.7658088,4.886779,1.0,3,3,1.0,2,2,1.0
958030,val,a44_45,no_history,3.4806232,3.161957,1.0,3,3,1.0,2,2,1.0
958173,val,a44_45,no_history,2.5474143,3.2852573,1.0,3,3,1.0,2,2,1.0
961005,val,a44_45,no_history,2.9216053,3.5486436,1.0,3,3,1.0,2,2,1.0
961030,val,a44_45,no_history,3.540785,3.8178444,1.0,3,3,1.0,2,2,1.0
961175,val,a44_45,no_history,3.540544,3.8142254,1.0,3,3,1.0,2,2,1.0
1051183,val,a44_45,no_history,3.3498244,3.8177946,1.0,3,3,1.0,2,2,1.0
1084005,val,a44_45,no_history,2.6118665,2.9441254,1.0,3,2,1.0,2,2,1.0
1089003,val,a44_45,no_history,2.7391953,3.3568435,1.0,3,3,1.0,2,2,1.0
1093003,val,a44_45,no_history,3.010942,0.0,1.0,3,2,1.0,2,2,1.0
1107173,val,a44_45,no_history,2.7120771,0.0,1.0,3,2,1.0,2,4,1.0
1109174,val,a44_45,no_history,2.6147575,2.7272375,1.0,3,3,1.0,2,2,1.0
1121030,val,a44_45,no_history,3.4942224,3.958687,1.0,3,3,1.0,2,2,1.0
1121175,val,a44_45,no_history,2.5518572,0.0,1.0,3,2,1.0,2,2,1.0
1125172,val,a44_45,no_history,2.6121864,2.6219666,1.0,3,3,1.0,2,2,1.0
1126030,val,a44_45,no_history,2.83197,0.6136192,1.0,3,2,1.0,2,2,1.0
1126176,val,a44_45,no_history,3.4250517,0.0,0.0,3,-1,0.0,2,-1,0.0
1152180,val,a44_45,no_history,2.6358984,3.4450095,1.0,3,3,1.0,2,2,1.0
1164004,val,a44_45,no_history,3.520996,3.8595586,1.0,3,3,1.0,2,2,1.0
1184032,val,a44_45,no_history,3.17692,3.948575,1.0,3,3,1.0,2,2,1.0
1184033,val,a44_45,no_history,3.1915882,2.7982898,1.0,3,3,1.0,2,4,1.0
1185003,val,a44_45,no_history,2.8067198,0.0,1.0,3,2,1.0,2,2,1.0
1222004,val,a44_45,no_history,2.592142,3.388434,1.0,3,3,1.0,2,2,1.0
1222006,val,a44_45,no_history,3.6845007,2.0481088,1.0,3,3,1.0,2,2,1.0
1284170,val,a44_45,no_history,2.7120771,0.0,1.0,3,2,1.0,2,2,1.0
1292004,val,a44_45,no_history,2.745517,1.4956659,1.0,3,2,1.0,2,4,1.0
1314172,val,a44_45,no_history,3.5522432,3.7518084,1.0,3,3,1.0,2,2,1.0
1332005,val,a44_45,no_history,3.652895,4.2493205,1.0,3,3,1.0,2,3,1.0
1335010,val,a44_45,no_history,3.3331928,3.4333792,1.0,3,3,1.0,2,2,1.0
1338003,val,a44_45,no_history,2.6147575,3.4137402,1.0,3,3,1.0,2,2,1.0
1345006,val,a44_45,no_history,2.76394,2.9125555,1.0,3,3,1.0,2,2,1.0
1345007,val,a44_45,no_history,2.867257,3.8308244,1.0,3,3,1.0,2,2,1.0
1346030,val,a44_45,no_history,2.4948647,0.0,0.0,3,-1,0.0,2,-1,0.0
1391033,val,a44_45,no_history,3.642519,4.3236156,1.0,3,3,1.0,2,4,1.0
1391175,val,a44_45,no_history,2.644718,3.4613209,1.0,3,3,1.0,2,4,1.0
1394033,val,a44_45,no_history,2.6609225,0.0,1.0,3,2,1.0,2,4,1.0
1397005,val,a44_45,no_history,3.7191443,4.0859733,1.0,3,3,1.0,2,2,1.0
1397172,val,a44_45,no_history,2.6147575,3.100371,1.0,3,3,1.0,2,2,1.0
1426004,val,a44_45,no_history,2.6532092,3.223611,1.0,3,3,1.0,2,6,1.0
1434032,val,a44_45,no_history,2.6877923,2.1239266,1.0,3,3,1.0,2,2,1.0
1434170,val,a44_45,no_history,3.3498244,3.4116857,1.0,3,3,1.0,2,2,1.0
1435005,val,a44_45,no_history,3.771017,4.3006,1.0,3,3,1.0,2,2,1.0
1485171,val,a44_45,no_history,3.5285661,3.121372,1.0,3,3,1.0,2,2,1.0
1520031,val,a44_45,no_history,2.7162194,3.9939451,1.0,3,2,1.0,2,2,1.0
1540005,val,a44_45,no_history,3.7620447,2.9066825,1.0,3,3,1.0,2,2,1.0
1559003,val,a44_45,no_history,3.7135715,4.886779,1.0,3,3,1.0,2,2,1.0
1559170,val,a44_45,no_history,2.624128,2.2020712,1.0,3,3,1.0,2,2,1.0
1565180,val,a44_45,no_history,2.5474143,4.1940236,1.0,3,3,1.0,2,2,1.0
1579030,val,a44_45,no_history,3.6180165,3.1251361,1.0,3,3,1.0,2,3,1.0
1613007,val,a44_45,no_history,2.7578998,2.5992112,1.0,3,3,1.0,2,2,1.0
1621171,val,a44_45,no_history,3.5131598,4.706708,1.0,3,3,1.0,2,2,1.0
1644004,val,a44_45,no_history,2.6921492,3.1415145,1.0,3,3,1.0,2,2,1.0
1652031,val,a44_45,no_history,3.0656848,3.4925067,1.0,3,3,1.0,2,2,1.0
1682032,val,a44_45,no_history,3.6561236,3.9247546,1.0,3,3,1.0,2,2,1.0
1684173,val,a44_45,no_history,3.5285661,3.1698432,1.0,3,3,1.0,2,2,1.0
1687003,val,a44_45,no_history,3.529871,3.295199,1.0,3,3,1.0,2,2,1.0
1690170,val,a44_45,no_history,2.7839317,3.8913128,1.0,3,3,1.0,2,2,1.0
1692030,val,a44_45,no_history,2.7457526,0.0,1.0,3,2,1.0,2,2,1.0
1695034,val,a44_45,no_history,2.8025026,3.8376126,1.0,3,3,1.0,2,2,1.0
1701004,val,a44_45,no_history,2.8236258,4.343721,1.0,3,3,1.0,2,2,1.0
1721030,val,a44_45,no_history,2.6119452,2.8269699,1.0,3,2,1.0,2,2,1.0
1723005,val,a44_45,no_history,2.581565,2.372633,1.0,3,3,1.0,2,2,1.0
1762030,val,a44_45,no_history,2.7739735,0.67576194,1.0,3,2,1.0,2,4,1.0
1762031,val,a44_45,no_history,3.4863365,3.8211,1.0,3,3,1.0,2,2,1.0
1762032,val,a44_45,no_history,2.7947187,2.5097702,1.0,3,3,1.0,2,4,1.0
1774170,val,a44_45,no_history,2.7391953,0.0,1.0,3,2,1.0,2,2,1.0
1774171,val,a44_45,no_history,2.7839317,3.608866,1.0,3,3,1.0,2,2,1.0
1784171,val,a44_45,no_history,3.5285661,4.0109563,1.0,3,3,1.0,2,2,1.0
1786191,val,a44_45,no_history,3.4413912,3.9470103,1.0,3,3,1.0,2,2,1.0
1787005,val,a44_45,no_history,3.5277858,3.7915301,1.0,3,3,1.0,2,2,1.0
1787174,val,a44_45,no_history,2.7391953,0.0,0.0,3,-1,0.0,2,-1,0.0
1802003,val,a44_45,no_history,3.445445,3.7913468,1.0,3,2,1.0,2,4,1.0
1845170,val,a44_45,no_history,3.5657177,3.5111582,1.0,3,3,1.0,2,2,1.0
1862171,val,a44_45,no_history,3.1602738,3.5587387,1.0,3,3,1.0,2,2,1.0
1898004,val,a44_45,no_history,3.0479772,4.41717,1.0,3,3,1.0,2,6,1.0
1911030,val,a44_45,no_history,2.7211359,0.0,1.0,3,2,1.0,2,2,1.0
1914003,val,a44_45,no_history,2.470085,3.0497952,1.0,3,3,1.0,2,2,1.0
1919007,val,a44_45,no_history,3.6805024,4.4151845,1.0,3,3,1.0,2,4,1.0
1954003,val,a44_45,no_history,3.1347072,3.7009902,1.0,3,2,1.0,2,4,1.0
1959005,val,a44_45,no_history,3.169606,4.886779,1.0,3,3,1.0,2,2,1.0
1964031,val,a44_45,no_history,2.8486578,0.0,1.0,3,2,1.0,2,4,1.0
1972173,val,a44_45,no_history,2.5474143,2.7334437,1.0,3,3,1.0,2,3,1.0
1978030,val,a44_45,no_history,2.814279,3.4785342,1.0,3,3,1.0,2,2,1.0
2005030,val,a44_45,no_history,2.727012,3.2576559,1.0,3,3,1.0,2,4,1.0
2011174,val,a44_45,no_history,2.6147575,3.363831,1.0,3,3,1.0,2,2,1.0
2023030,val,a44_45,no_history,2.9949262,4.886779,1.0,3,3,1.0,2,6,1.0
2028030,val,a44_45,no_history,2.9340541,4.886779,1.0,3,3,1.0,2,4,1.0
2055003,val,a44_45,no_history,2.8632236,3.6527476,1.0,3,3,1.0,2,2,1.0
2067005,val,a44_45,no_history,3.6083856,4.55367,1.0,3,3,1.0,2,2,1.0
2080170,val,a44_45,no_history,2.7391953,2.564471,1.0,3,3,1.0,2,2,1.0
2106171,val,a44_45,no_history,2.7452705,0.0,1.0,3,2,1.0,2,2,1.0
2109002,val,a44_45,no_history,2.868776,4.4351645,1.0,3,3,1.0,2,2,1.0
2129186,val,a44_45,no_history,3.4661822,3.486668,1.0,3,3,1.0,2,2,1.0
2181007,val,a44_45,no_history,2.5421443,2.0622702,1.0,3,3,1.0,2,6,1.0
2181030,val,a44_45,no_history,2.39865,3.9479043,1.0,3,3,1.0,6,2,1.0
2243174,val,a44_45,no_history,2.5354404,3.3215134,1.0,3,3,1.0,2,2,1.0
2260173,val,a44_45,no_history,2.7391953,3.094222,1.0,3,2,1.0,2,2,1.0
2261030,val,a44_45,no_history,2.6387851,3.2630742,1.0,3,3,1.0,2,2,1.0
2271171,val,a44_45,no_history,2.6147575,3.6277134,1.0,3,3,1.0,2,2,1.0
2282005,val,a44_45,no_history,2.6724143,2.2020712,1.0,3,3,1.0,2,6,1.0
2302195,val,a44_45,no_history,2.7452705,0.0,1.0,3,2,1.0,2,6,1.0
2334031,val,a44_45,no_history,2.9219809,4.167855,1.0,3,3,1.0,2,2,1.0
2341172,val,a44_45,no_history,2.5986578,3.5905602,1.0,3,3,1.0,2,2,1.0
2354175,val,a44_45,no_history,3.5522432,3.4766757,1.0,3,3,1.0,2,2,1.0
2355004,val,a44_45,no_history,2.9464178,3.8594756,1.0,3,3,1.0,2,2,1.0
2391030,val,a44_45,no_history,3.5390654,3.7593637,1.0,3,3,1.0,2,2,1.0
2397173,val,a44_45,no_history,2.7839317,3.5917382,1.0,3,3,1.0,2,3,1.0
2408170,val,a44_45,no_history,2.458746,2.8284745,1.0,3,3,1.0,2,4,1.0
2425003,val,a44_45,no_history,3.0514402,0.0,1.0,3,2,1.0,2,2,1.0
2432030,val,a44_45,no_history,3.3950603,2.2314599,1.0,3,3,1.0,2,4,1.0
2435172,val,a44_45,no_history,2.5986578,0.0,1.0,3,2,1.0,2,2,1.0
2436174,val,a44_45,no_history,2.6638083,0.0,1.0,3,2,1.0,2,4,1.0
2436176,val,a44_45,no_history,2.6274512,3.174653,1.0,3,3,1.0,2,2,1.0
2441003,val,a44_45,no_history,2.5259094,3.9449332,1.0,3,3,1.0,2,2,1.0
2441173,val,a44_45,no_history,3.1496406,4.1105485,1.0,3,3,1.0,2,2,1.0
2458031,val,a44_45,no_history,3.6791081,4.886779,1.0,3,3,1.0,2,6,1.0
2461004,val,a44_45,no_history,2.9928966,0.0,1.0,3,2,1.0,2,2,1.0
2461030,val,a44_45,no_history,3.606864,4.886779,1.0,3,3,1.0,2,2,1.0
2473004,val,a44_45,no_history,3.0935347,4.1026144,1.0,3,3,1.0,2,2,1.0
2483030,val,a44_45,no_history,2.4667876,0.0,1.0,3,3,1.0,2,4,1.0
2503030,val,a44_45,no_history,3.6146874,3.3104484,1.0,3,3,1.0,2,2,1.0
2510005,val,a44_45,no_history,3.5988603,3.3073823,1.0,3,3,1.0,2,2,1.0
2525003,val,a44_45,no_history,3.6746068,4.886779,1.0,3,3,1.0,2,2,1.0
2529030,val,a44_45,no_history,3.5069027,0.0,1.0,3,2,1.0,2,4,1.0
2529174,val,a44_45,no_history,2.6147575,4.0926714,1.0,3,3,1.0,2,2,1.0
2530003,val,a44_45,no_history,2.6396163,0.0,1.0,3,2,1.0,2,2,1.0
2530004,val,a44_45,no_history,2.4070377,3.6657484,1.0,3,3,1.0,2,2,1.0
2569033,val,a44_45,no_history,2.5249147,3.3814466,1.0,3,3,1.0,2,2,1.0
2601006,val,a44_45,no_history,3.1904826,0.0,1.0,3,2,1.0,2,2,1.0
2608006,val,a44_45,no_history,3.1331375,2.8357437,1.0,3,3,1.0,2,2,1.0
2615034,val,a44_45,no_history,2.7613497,3.5372634,1.0,3,3,1.0,2,2,1.0
2639004,val,a44_45,no_history,3.7208443,0.0,0.0,3,-1,0.0,2,-1,0.0
2665177,val,a44_45,no_history,2.5421443,0.0,1.0,3,2,1.0,2,2,1.0
2672006,val,a44_45,no_history,2.9941945,4.573825,1.0,3,3,1.0,2,5,1.0
2672171,val,a44_45,no_history,2.7120771,3.6641996,1.0,3,3,1.0,2,4,1.0
2697003,val,a44_45,no_history,3.7112563,3.3045707,1.0,3,3,1.0,2,2,1.0
2704031,val,a44_45,no_history,3.4088602,3.7778184,1.0,3,3,1.0,2,4,1.0
2705030,val,a44_45,no_history,3.11963,4.633699,1.0,3,3,1.0,2,4,1.0
2707007,val,a44_45,no_history,3.003724,2.4932044,1.0,3,3,1.0,2,2,1.0
2712172,val,a44_45,no_history,2.5474143,3.188211,1.0,3,3,1.0,2,2,1.0
2731003,val,a44_45,no_history,2.192116,3.858834,1.0,3,3,1.0,2,6,1.0
2731005,val,a44_45,no_history,2.7603474,4.6893663,1.0,3,3,1.0,2,6,1.0
2770031,val,a44_45,no_history,2.765442,2.47013,1.0,3,3,1.0,2,2,1.0
2816004,val,a44_45,no_history,2.921899,3.3207881,1.0,3,3,1.0,2,2,1.0
2910002,val,a44_45,no_history,2.1156473,3.7874484,1.0,3,3,1.0,6,2,1.0
3062001,val,a44_45,no_history,3.2718768,2.2482457,1.0,3,3,1.0,2,3,1.0
3235002,val,a44_45,no_history,2.4734206,3.4900744,1.0,3,3,1.0,2,4,1.0
3306001,val,a44_45,no_history,3.328139,4.886779,1.0,3,3,1.0,2,4,1.0
5015030,val,a44_45,no_history,2.7401643,0.0,1.0,3,2,1.0,6,2,1.0
5048030,val,a44_45,no_history,2.453691,3.156508,1.0,3,3,1.0,6,6,1.0
5052033,val,a44_45,no_history,2.2445052,2.6440241,1.0,3,3,1.0,6,6,1.0
5057008,val,a44_45,no_history,2.471838,3.627258,1.0,3,3,1.0,6,6,1.0
5170009,val,a44_45,no_history,2.2932456,4.047763,1.0,3,3,1.0,2,2,1.0
5230008,val,a44_45,no_history,2.3785963,4.175959,1.0,3,3,1.0,6,3,1.0
5299010,val,a44_45,no_history,2.254674,0.0,1.0,3,2,1.0,6,6,1.0
5336179,val,a44_45,no_history,3.1496406,3.3914385,1.0,3,3,1.0,2,2,1.0
5364005,val,a44_45,no_history,2.5146825,3.7940028,1.0,3,3,1.0,6,2,1.0
5379004,val,a44_45,no_history,3.1257982,4.5817747,1.0,3,3,1.0,2,4,1.0
5430173,val,a44_45,no_history,3.0365844,1.9704351,1.0,3,3,1.0,2,6,1.0
5488006,val,a44_45,no_history,2.5528562,3.982054,1.0,3,3,1.0,2,6,1.0
5493007,val,a44_45,no_history,2.3158307,0.0,1.0,3,2,1.0,2,5,1.0
5537009,val,a44_45,no_history,2.5247924,2.8186514,1.0,3,3,1.0,6,2,1.0
5537177,val,a44_45,no_history,3.1950705,1.8782891,1.0,3,2,1.0,2,2,1.0
5537183,val,a44_45,no_history,3.0606806,4.192416,1.0,3,3,1.0,2,2,1.0
5569010,val,a44_45,no_history,2.1073835,1.5302846,1.0,3,3,1.0,6,2,1.0
5600005,val,a44_45,no_history,2.9255698,0.0,1.0,3,2,1.0,2,2,1.0
5615183,val,a44_45,no_history,3.1950705,3.0865474,1.0,3,3,1.0,2,2,1.0
5749006,val,a44_45,no_history,2.2472353,1.0628753,1.0,3,3,1.0,6,2,1.0
5822175,val,a44_45,no_history,3.1950705,3.553619,1.0,3,3,1.0,2,2,1.0
5832003,val,a44_45,no_history,2.4740574,3.2903967,1.0,3,2,1.0,2,6,1.0
5872005,val,a44_45,no_history,2.333868,0.0,1.0,3,2,1.0,6,6,1.0
5898005,val,a44_45,no_history,2.655081,3.433667,1.0,3,3,1.0,2,2,1.0
5904033,val,a44_45,no_history,2.667194,3.4421458,1.0,3,3,1.0,2,4,1.0
5987188,val,a44_45,no_history,2.5421443,3.0497952,1.0,3,3,1.0,2,2,1.0
6026005,val,a44_45,no_history,3.225715,3.9234436,1.0,3,2,1.0,2,2,1.0
6026172,val,a44_45,no_history,2.7391953,4.6887918,1.0,3,3,1.0,2,4,1.0
6054031,val,a44_45,no_history,2.9549346,0.0,1.0,3,2,1.0,2,6,1.0
6121033,val,a44_45,no_history,2.9475627,0.0,1.0,3,2,1.0,6,6,1.0
6156008,val,a44_45,no_history,2.9563358,3.9220536,1.0,3,3,1.0,2,6,1.0
6157003,val,a44_45,no_history,2.8041656,3.3523545,1.0,3,3,1.0,2,4,1.0
6210183,val,a44_45,no_history,2.5498657,3.3465555,1.0,3,3,1.0,2,2,1.0
6262030,val,a44_45,no_history,3.1156347,4.0141034,1.0,3,3,1.0,2,2,1.0
6368007,val,a44_45,no_history,3.0969152,0.0,1.0,3,2,1.0,2,6,1.0
6381181,val,a44_45,no_history,2.689702,4.2348075,1.0,3,3,1.0,2,2,1.0
6396003,val,a44_45,no_history,2.1267467,0.0,1.0,3,2,1.0,6,4,1.0
6431008,val,a44_45,no_history,3.1293812,4.2303786,1.0,3,3,1.0,2,2,1.0
6475170,val,a44_45,no_history,2.3545601,3.4794178,1.0,3,3,1.0,6,6,1.0
6522004,val,a44_45,no_history,2.5112545,1.8124303,1.0,3,3,1.0,6,4,1.0
6537032,val,a44_45,no_history,2.6154299,3.8368883,1.0,3,3,1.0,2,2,1.0
6541178,val,a44_45,no_history,2.6335754,4.2320933,1.0,3,3,1.0,2,3,1.0
6545006,val,a44_45,no_history,2.1524467,3.1106615,1.0,3,3,1.0,6,4,1.0
6547171,val,a44_45,no_history,2.5421443,1.8387105,1.0,3,3,1.0,2,2,1.0
6571031,val,a44_45,no_history,3.0656748,0.0,1.0,3,2,1.0,2,2,1.0
6590008,val,a44_45,no_history,2.9852388,3.5488956,1.0,3,3,1.0,2,2,1.0
6616007,val,a44_45,no_history,2.192068,3.2707531,1.0,3,3,1.0,2,4,1.0
6649003,val,a44_45,no_history,2.4895475,3.4194636,1.0,3,3,1.0,6,2,1.0
6710030,val,a44_45,no_history,2.6684158,3.5064607,1.0,3,3,1.0,6,6,1.0
6745007,val,a44_45,no_history,3.083197,2.6745934,1.0,3,3,1.0,2,6,1.0
6750005,val,a44_45,no_history,2.7543974,3.3510303,1.0,3,3,1.0,2,4,1.0
6765006,val,a44_45,no_history,2.7000124,3.0664406,1.0,3,3,1.0,6,2,1.0
6822176,val,a44_45,no_history,2.4804642,3.3265107,1.0,3,3,1.0,2,4,1.0
6828003,val,a30_31,no_history,2.3509948,0.00086969405,1.0,3,3,1.0,6,2,1.0
6872003,val,a30_31,no_history,2.9136267,3.403978,1.0,3,3,1.0,2,2,1.0
6828003,val,a32_33,no_history,2.3716826,0.0,1.0,3,2,1.0,6,2,1.0
6872003,val,a32_33,no_history,2.9308755,3.5754573,1.0,3,3,1.0,2,2,1.0
6828003,val,a34_35,no_history,2.3828263,2.461633,1.0,3,3,1.0,6,2,1.0
6872003,val,a34_35,no_history,2.9384227,3.5162253,1.0,3,3,1.0,2,2,1.0
6828003,val,a36_37,no_history,2.4092755,0.0,1.0,3,2,1.0,6,2,1.0
6872003,val,a36_37,no_history,2.9601827,3.5643752,1.0,3,3,1.0,2,2,1.0
6828003,val,a38_39,no_history,2.4356866,0.0,1.0,3,3,1.0,6,2,1.0
6872003,val,a38_39,no_history,2.9829192,3.3542435,1.0,3,3,1.0,2,2,1.0
6828003,val,a40_41,no_history,2.4462523,0.29730862,1.0,3,2,1.0,6,2,1.0
6872003,val,a40_41,no_history,2.9859767,3.611991,1.0,3,3,1.0,2,2,1.0
6828003,val,a42_43,no_history,2.4496787,0.0,1.0,3,2,1.0,6,2,1.0
6872003,val,a42_43,no_history,2.9908607,3.393006,1.0,3,3,1.0,2,2,1.0
6828003,val,a44_45,no_history,2.4756477,0.0,1.0,3,2,1.0,6,2,1.0
6872003,val,a44_45,no_history,3.0070906,3.4513288,1.0,3,3,1.0,2,2,1.0
6030,test,a30_31,no_history,2.828661,4.0443435,1.0,3,3,1.0,2,2,1.0
10030,test,a30_31,no_history,2.596007,4.8131404,1.0,3,3,1.0,2,6,1.0
41008,test,a30_31,no_history,2.1703603,0.0,1.0,3,2,1.0,2,2,1.0
68003,test,a30_31,no_history,3.5500875,3.6228404,1.0,3,3,1.0,2,2,1.0
127030,test,a30_31,no_history,2.7852964,3.8933127,1.0,3,3,1.0,2,6,1.0
127031,test,a30_31,no_history,2.8107314,4.455336,1.0,3,3,1.0,2,6,1.0
129031,test,a30_31,no_history,2.1575155,1.159328,1.0,3,3,1.0,2,4,1.0
129196,test,a30_31,no_history,3.4491901,2.0602975,1.0,3,2,1.0,2,2,1.0
165030,test,a30_31,no_history,3.0669684,3.431768,1.0,3,3,1.0,2,2,1.0
284004,test,a30_31,no_history,3.6485987,4.6835566,1.0,3,3,1.0,2,2,1.0
301032,test,a30_31,no_history,3.5179172,3.5725698,1.0,3,3,1.0,2,6,1.0
327003,test,a30_31,no_history,2.7414856,3.4121542,1.0,3,3,1.0,2,2,1.0
327171,test,a30_31,no_history,2.6227863,3.8332024,1.0,3,2,1.0,2,2,1.0
327172,test,a30_31,no_history,2.4190698,3.2615511,1.0,3,3,1.0,2,2,1.0
331005,test,a30_31,no_history,3.1683826,4.5540724,1.0,3,3,1.0,2,6,1.0
344178,test,a30_31,no_history,2.4873252,3.154086,1.0,3,3,1.0,2,2,1.0
461030,test,a30_31,no_history,3.5348358,3.7856972,1.0,3,3,1.0,2,2,1.0
486004,test,a30_31,no_history,3.4888391,3.5620697,1.0,3,3,1.0,2,2,1.0
563183,test,a30_31,no_history,2.6156242,2.9157038,1.0,3,3,1.0,2,2,1.0
577004,test,a30_31,no_history,2.2926538,2.3891363,1.0,3,3,1.0,2,2,1.0
607030,test,a30_31,no_history,3.5457733,3.7182508,1.0,3,3,1.0,2,2,1.0
613173,test,a30_31,no_history,2.3886504,4.11935,1.0,3,3,1.0,2,2,1.0
634008,test,a30_31,no_history,2.835012,3.9311678,1.0,3,3,1.0,2,4,1.0
652005,test,a30_31,no_history,3.2903247,3.0010586,1.0,3,3,1.0,2,2,1.0
672003,test,a30_31,no_history,3.1834116,0.0,1.0,3,2,1.0,2,2,1.0
691175,test,a30_31,no_history,2.4225953,3.7946298,1.0,3,3,1.0,2,2,1.0
699031,test,a30_31,no_history,2.7100625,3.1676114,1.0,3,3,1.0,2,6,1.0
722178,test,a30_31,no_history,2.4046953,0.0,1.0,3,2,1.0,2,2,1.0
771003,test,a30_31,no_history,2.7546103,3.0751624,1.0,3,3,1.0,2,4,1.0
775005,test,a30_31,no_history,3.492597,0.0,0.0,3,-1,0.0,2,-1,0.0
796006,test,a30_31,no_history,3.4655294,3.7020767,1.0,3,3,1.0,2,6,1.0
844003,test,a30_31,no_history,3.5527673,3.4397702,1.0,3,3,1.0,2,2,1.0
863006,test,a30_31,no_history,2.685984,3.8158545,1.0,3,3,1.0,2,2,1.0
863173,test,a30_31,no_history,3.4054742,2.555125,1.0,3,3,1.0,2,2,1.0
866172,test,a30_31,no_history,3.236343,3.027694,1.0,3,3,1.0,2,6,1.0
868005,test,a30_31,no_history,3.4363027,3.5248713,1.0,3,3,1.0,2,2,1.0
875030,test,a30_31,no_history,3.0128968,0.0,1.0,3,2,1.0,2,2,1.0
897006,test,a30_31,no_history,3.3547993,2.2707846,1.0,3,2,1.0,2,2,1.0
922171,test,a30_31,no_history,3.4719095,3.9658422,1.0,3,3,1.0,2,2,1.0
934030,test,a30_31,no_history,2.8094327,4.0753117,1.0,3,3,1.0,2,2,1.0
935005,test,a30_31,no_history,3.0314739,2.53768,1.0,3,2,1.0,2,2,1.0
935176,test,a30_31,no_history,3.4223084,3.4484873,1.0,3,3,1.0,2,2,1.0
939030,test,a30_31,no_history,3.2232256,4.0583153,1.0,3,3,1.0,2,6,1.0
964003,test,a30_31,no_history,2.6363962,0.0,1.0,3,2,1.0,2,6,1.0
970004,test,a30_31,no_history,3.3927095,3.7108538,1.0,3,3,1.0,2,2,1.0
982004,test,a30_31,no_history,3.411265,3.2337272,1.0,3,3,1.0,2,4,1.0
1033030,test,a30_31,no_history,3.1291432,3.9603353,1.0,3,3,1.0,2,3,1.0
1036003,test,a30_31,no_history,3.6503825,3.820191,1.0,3,3,1.0,2,4,1.0
1048006,test,a30_31,no_history,2.4706435,2.5494602,1.0,3,2,1.0,2,3,1.0
1055172,test,a30_31,no_history,2.6227863,1.5379702,1.0,3,2,1.0,2,2,1.0
1060175,test,a30_31,no_history,2.5176263,3.8012211,1.0,3,3,1.0,2,2,1.0
1064171,test,a30_31,no_history,3.4491901,4.467433,1.0,3,3,1.0,2,2,1.0
1072171,test,a30_31,no_history,3.4491901,3.5926886,1.0,3,3,1.0,2,2,1.0
1084175,test,a30_31,no_history,2.6599443,0.0,1.0,3,2,1.0,2,2,1.0
1100172,test,a30_31,no_history,2.5176263,3.2967014,1.0,3,3,1.0,2,2,1.0
1141171,test,a30_31,no_history,2.4860933,0.0,0.0,3,-1,0.0,2,-1,0.0
1142030,test,a30_31,no_history,3.459958,3.07714,1.0,3,3,1.0,2,4,1.0
1144032,test,a30_31,no_history,3.4601505,3.5717494,1.0,3,3,1.0,2,2,1.0
1149171,test,a30_31,no_history,3.3487568,3.076803,1.0,3,3,1.0,2,2,1.0
1162030,test,a30_31,no_history,2.7077055,3.1995935,1.0,3,3,1.0,2,2,1.0
1167030,test,a30_31,no_history,2.5015829,0.42005378,1.0,3,2,1.0,6,6,1.0
1168008,test,a30_31,no_history,2.4649677,3.0341482,1.0,3,3,1.0,6,3,1.0
1222179,test,a30_31,no_history,2.4873252,1.9917881,1.0,3,3,1.0,2,2,1.0
1260008,test,a30_31,no_history,2.6648462,2.880258,1.0,3,3,1.0,2,2,1.0
1269030,test,a30_31,no_history,2.6979327,3.6963296,1.0,3,3,1.0,2,2,1.0
1292030,test,a30_31,no_history,2.5530558,3.4003475,1.0,3,3,1.0,2,2,1.0
1298005,test,a30_31,no_history,3.003661,3.193401,1.0,3,3,1.0,2,2,1.0
1306030,test,a30_31,no_history,3.6164346,4.886779,1.0,3,3,1.0,2,2,1.0
1335179,test,a30_31,no_history,2.4225953,3.4640977,1.0,3,3,1.0,2,2,1.0
1353030,test,a30_31,no_history,2.8737829,0.0,1.0,3,2,1.0,2,2,1.0
1384030,test,a30_31,no_history,3.5813336,3.5397089,1.0,3,3,1.0,2,2,1.0
1399008,test,a30_31,no_history,3.1189272,2.1851575,1.0,3,2,1.0,2,2,1.0
1415004,test,a30_31,no_history,2.1822042,2.707386,1.0,3,3,1.0,2,2,1.0
1430005,test,a30_31,no_history,3.6166525,1.2974701,1.0,3,3,1.0,2,6,1.0
1431003,test,a30_31,no_history,3.2275596,3.7720938,1.0,3,3,1.0,2,2,1.0
1431004,test,a30_31,no_history,2.6474564,0.0,1.0,3,2,1.0,2,2,1.0
1431172,test,a30_31,no_history,3.4491901,0.0,0.0,3,-1,0.0,2,-1,0.0
1462004,test,a30_31,no_history,3.261337,3.4702528,1.0,3,3,1.0,2,2,1.0
1520173,test,a30_31,no_history,3.345534,3.549721,1.0,3,3,1.0,2,2,1.0
1522175,test,a30_31,no_history,2.4873252,3.9098516,1.0,3,3,1.0,2,2,1.0
1542006,test,a30_31,no_history,2.688202,3.2926252,1.0,3,3,1.0,2,4,1.0
1542177,test,a30_31,no_history,3.3487568,3.6178148,1.0,3,2,1.0,2,2,1.0
1567031,test,a30_31,no_history,3.5795147,3.6645775,1.0,3,3,1.0,2,6,1.0
1608031,test,a30_31,no_history,3.3284483,3.3391688,1.0,3,2,1.0,2,2,1.0
1612003,test,a30_31,no_history,3.517644,4.0829945,1.0,3,2,1.0,2,2,1.0
1621003,test,a30_31,no_history,2.4620006,2.1435423,1.0,3,3,1.0,2,2,1.0
1648003,test,a30_31,no_history,3.4889598,3.0544064,1.0,3,3,1.0,2,2,1.0
1648030,test,a30_31,no_history,3.5556173,3.8708656,1.0,3,3,1.0,2,6,1.0
1670172,test,a30_31,no_history,3.054362,2.5325868,1.0,3,3,1.0,2,2,1.0
1684170,test,a30_31,no_history,2.3372116,0.0,1.0,3,3,1.0,2,2,1.0
1690030,test,a30_31,no_history,3.5171793,3.814594,1.0,3,3,1.0,2,2,1.0
1692176,test,a30_31,no_history,3.2585168,3.7050061,1.0,3,3,1.0,2,2,1.0
1695030,test,a30_31,no_history,2.6260662,3.3822985,1.0,3,3,1.0,2,6,1.0
1697036,test,a30_31,no_history,3.3441224,3.1997752,1.0,3,3,1.0,2,2,1.0
1698170,test,a30_31,no_history,2.4693596,1.3173809,1.0,3,2,1.0,2,2,1.0
1700031,test,a30_31,no_history,3.4718673,3.2681394,1.0,3,3,1.0,2,4,1.0
1701003,test,a30_31,no_history,2.704828,3.1641855,1.0,3,3,1.0,2,6,1.0
1711003,test,a30_31,no_history,2.6253972,3.0908527,1.0,3,3,1.0,2,2,1.0
1711171,test,a30_31,no_history,3.4491901,3.6934254,1.0,3,2,1.0,2,2,1.0
1732005,test,a30_31,no_history,2.4981587,0.0,0.0,3,-1,0.0,2,-1,0.0
1762187,test,a30_31,no_history,2.5176263,1.8384329,1.0,3,3,1.0,2,2,1.0
1786187,test,a30_31,no_history,3.4363596,3.2494287,1.0,3,3,1.0,2,2,1.0
1837006,test,a30_31,no_history,3.5172734,3.500706,1.0,3,3,1.0,2,2,1.0
1850172,test,a30_31,no_history,2.5864217,2.0709207,1.0,3,3,1.0,2,2,1.0
1878030,test,a30_31,no_history,3.1967134,3.2616544,1.0,3,3,1.0,2,2,1.0
1879030,test,a30_31,no_history,3.658185,4.1256022,1.0,3,3,1.0,2,3,1.0
1905004,test,a30_31,no_history,3.5580153,3.9012198,1.0,3,3,1.0,2,2,1.0
1919009,test,a30_31,no_history,2.9607248,3.3816369,1.0,3,3,1.0,2,2,1.0
1935004,test,a30_31,no_history,2.589738,0.0,1.0,3,2,1.0,2,2,1.0
1936030,test,a30_31,no_history,3.0326345,0.0,1.0,3,2,1.0,2,2,1.0
1978171,test,a30_31,no_history,2.4225953,2.4012594,1.0,3,3,1.0,2,2,1.0
2030031,test,a30_31,no_history,3.4953942,0.0,1.0,3,3,1.0,2,2,1.0
2117003,test,a30_31,no_history,2.56008,2.8032591,1.0,3,3,1.0,2,2,1.0
2150172,test,a30_31,no_history,2.5864217,1.6647161,1.0,3,2,1.0,2,2,1.0
2199182,test,a30_31,no_history,3.2585168,3.7839584,1.0,3,3,1.0,2,2,1.0
2206030,test,a30_31,no_history,2.9154527,3.820771,1.0,3,3,1.0,2,2,1.0
2212031,test,a30_31,no_history,2.9998934,4.352703,1.0,3,3,1.0,2,6,1.0
2238004,test,a30_31,no_history,3.5136664,3.473372,1.0,3,3,1.0,2,2,1.0
2238172,test,a30_31,no_history,2.6599443,3.6698914,1.0,3,3,1.0,2,2,1.0
2252172,test,a30_31,no_history,3.4223084,2.392142,1.0,3,3,1.0,2,2,1.0
2255030,test,a30_31,no_history,3.622621,4.8865457,1.0,3,3,1.0,2,2,1.0
2277008,test,a30_31,no_history,2.6880438,2.4704232,1.0,3,3,1.0,2,2,1.0
2311172,test,a30_31,no_history,2.6599443,1.7819266,1.0,3,3,1.0,2,3,1.0
2330003,test,a30_31,no_history,3.5745926,4.546308,1.0,3,3,1.0,2,6,1.0
2338003,test,a30_31,no_history,3.5267825,3.5962741,1.0,3,3,1.0,2,6,1.0
2341004,test,a30_31,no_history,3.1411588,3.6550374,1.0,3,3,1.0,2,2,1.0
2341005,test,a30_31,no_history,3.1564467,2.985549,1.0,3,3,1.0,2,2,1.0
2354004,test,a30_31,no_history,2.3741674,2.6002262,1.0,3,3,1.0,2,3,1.0
2392004,test,a30_31,no_history,2.4894955,2.486088,1.0,3,3,1.0,2,2,1.0
2393005,test,a30_31,no_history,3.5450897,3.8599086,1.0,3,3,1.0,2,3,1.0
2393171,test,a30_31,no_history,3.2787538,3.2835505,1.0,3,3,1.0,2,2,1.0
2409006,test,a30_31,no_history,3.4225817,0.0,0.0,3,-1,0.0,2,-1,0.0
2409171,test,a30_31,no_history,2.4873252,0.0,0.0,3,-1,0.0,2,-1,0.0
2422178,test,a30_31,no_history,3.3902464,3.3685656,1.0,3,3,1.0,2,2,1.0
2459030,test,a30_31,no_history,3.2868898,3.289887,1.0,3,3,1.0,2,2,1.0
2474030,test,a30_31,no_history,3.0760713,3.5847976,1.0,3,3,1.0,2,2,1.0
2474171,test,a30_31,no_history,2.4698381,1.9812955,1.0,3,3,1.0,2,2,1.0
2485173,test,a30_31,no_history,2.4873252,1.3737665,1.0,3,2,1.0,2,4,1.0
2496172,test,a30_31,no_history,3.4398856,2.6033032,1.0,3,3,1.0,2,4,1.0
2502005,test,a30_31,no_history,3.2710528,3.0639424,1.0,3,3,1.0,2,2,1.0
2510171,test,a30_31,no_history,2.4873252,3.45875,1.0,3,3,1.0,2,2,1.0
2525174,test,a30_31,no_history,2.4693596,3.576559,1.0,3,3,1.0,2,2,1.0
2530184,test,a30_31,no_history,2.4225953,2.8265765,1.0,3,3,1.0,2,2,1.0
2547171,test,a30_31,no_history,3.3487568,3.964761,1.0,3,3,1.0,2,2,1.0
2580030,test,a30_31,no_history,3.5413542,4.73331,1.0,3,3,1.0,2,2,1.0
2593171,test,a30_31,no_history,2.355923,4.1230373,1.0,3,3,1.0,2,2,1.0
2615031,test,a30_31,no_history,3.3596778,3.6966453,1.0,3,3,1.0,2,2,1.0
2642030,test,a30_31,no_history,2.5193224,2.6918542,1.0,3,3,1.0,2,2,1.0
2655002,test,a30_31,no_history,2.7428112,0.0,1.0,3,2,1.0,2,2,1.0
2705031,test,a30_31,no_history,3.5938811,3.0183833,1.0,3,3,1.0,2,2,1.0
2707179,test,a30_31,no_history,3.459958,2.888504,1.0,3,3,1.0,2,2,1.0
2714031,test,a30_31,no_history,3.4726872,3.2921891,1.0,3,3,1.0,2,2,1.0
2717004,test,a30_31,no_history,3.4732933,4.0724216,1.0,3,3,1.0,2,2,1.0
2738171,test,a30_31,no_history,3.480486,4.41911,1.0,3,3,1.0,2,2,1.0
2794003,test,a30_31,no_history,3.4719095,4.088578,1.0,3,3,1.0,2,6,1.0
2845030,test,a30_31,no_history,3.0557222,0.80540437,1.0,3,3,1.0,2,6,1.0
2847030,test,a30_31,no_history,1.9898802,3.2781074,1.0,3,3,1.0,6,6,1.0
2848174,test,a30_31,no_history,2.4149153,0.0,1.0,3,2,1.0,2,6,1.0
2852006,test,a30_31,no_history,2.795832,0.0,1.0,3,2,1.0,2,2,1.0
2852030,test,a30_31,no_history,3.4375308,3.1400328,1.0,3,3,1.0,2,2,1.0
2869170,test,a30_31,no_history,3.4491901,3.318679,1.0,3,3,1.0,2,2,1.0
2897006,test,a30_31,no_history,3.4766955,2.5091708,1.0,3,3,1.0,2,6,1.0
2900171,test,a30_31,no_history,3.4363596,1.9216049,1.0,3,3,1.0,2,2,1.0
2907006,test,a30_31,no_history,2.9171722,2.6151106,1.0,3,3,1.0,2,2,1.0
2920030,test,a30_31,no_history,3.206326,2.973692,1.0,3,3,1.0,2,6,1.0
3107001,test,a30_31,no_history,3.1785564,3.501158,1.0,3,3,1.0,2,2,1.0
3137007,test,a30_31,no_history,2.2336032,2.5756848,1.0,3,3,1.0,2,6,1.0
3283002,test,a30_31,no_history,2.4039204,4.300126,1.0,3,3,1.0,2,4,1.0
3492001,test,a30_31,no_history,2.3977299,4.1655335,1.0,3,3,1.0,2,6,1.0
5016170,test,a30_31,no_history,2.4665158,2.9827757,1.0,3,3,1.0,6,4,1.0
5082003,test,a30_31,no_history,2.216067,3.590824,1.0,3,3,1.0,2,2,1.0
5145032,test,a30_31,no_history,2.5813844,3.6708767,1.0,3,3,1.0,6,6,1.0
5163030,test,a30_31,no_history,3.0518422,3.7953534,1.0,3,3,1.0,2,3,1.0
5177171,test,a30_31,no_history,2.8278027,0.0,1.0,3,2,1.0,2,6,1.0
5199178,test,a30_31,no_history,2.5800314,3.0284073,1.0,3,3,1.0,2,2,1.0
5241030,test,a30_31,no_history,2.2186513,3.463671,1.0,3,3,1.0,6,6,1.0
5264004,test,a30_31,no_history,2.7053695,3.254645,1.0,3,3,1.0,2,2,1.0
5294003,test,a30_31,no_history,2.963082,3.6888347,1.0,3,3,1.0,2,2,1.0
5299172,test,a30_31,no_history,3.054362,0.0,0.0,3,-1,0.0,2,-1,0.0
5306002,test,a30_31,no_history,2.212259,1.5553043,1.0,3,2,1.0,6,6,1.0
5350030,test,a30_31,no_history,2.464041,1.5019395,1.0,3,3,1.0,2,6,1.0
5364006,test,a30_31,no_history,2.7019784,4.02594,1.0,3,3,1.0,6,6,1.0
5366033,test,a30_31,no_history,2.3923156,3.2203383,1.0,3,2,1.0,2,6,1.0
5406173,test,a30_31,no_history,2.4149153,0.0,0.0,3,-1,0.0,2,-1,0.0
5424030,test,a30_31,no_history,2.8035622,1.9499075,1.0,3,2,1.0,2,6,1.0
5425003,test,a30_31,no_history,2.3817532,0.52543235,1.0,3,3,1.0,2,2,1.0
5430031,test,a30_31,no_history,2.4696388,2.1480308,1.0,3,2,1.0,6,6,1.0
5430171,test,a30_31,no_history,2.4366066,3.769422,1.0,3,3,1.0,6,6,1.0
5443007,test,a30_31,no_history,1.9937699,0.43289578,1.0,3,2,1.0,6,2,1.0
5464032,test,a30_31,no_history,2.5005648,2.712402,1.0,3,2,1.0,6,2,1.0
5488007,test,a30_31,no_history,2.2938483,2.4527671,1.0,3,2,1.0,6,2,1.0
5494005,test,a30_31,no_history,3.0518432,2.5930448,1.0,3,3,1.0,2,6,1.0
5513030,test,a30_31,no_history,2.4808645,3.6436281,1.0,3,3,1.0,6,6,1.0
5549006,test,a30_31,no_history,2.1995533,2.3896143,1.0,3,3,1.0,2,2,1.0
5553173,test,a30_31,no_history,2.5570042,3.5880518,1.0,3,3,1.0,6,2,1.0
5560186,test,a30_31,no_history,2.9614425,3.2274153,1.0,3,3,1.0,2,2,1.0
5569009,test,a30_31,no_history,2.838259,1.642214,1.0,3,2,1.0,2,2,1.0
5570010,test,a30_31,no_history,3.0052986,3.5521383,1.0,3,3,1.0,2,4,1.0
5570012,test,a30_31,no_history,3.0516415,2.5876174,1.0,3,3,1.0,2,6,1.0
5570033,test,a30_31,no_history,2.9434457,2.8641582,1.0,3,3,1.0,2,2,1.0
5576031,test,a30_31,no_history,2.3209083,3.016735,1.0,3,3,1.0,6,2,1.0
5614005,test,a30_31,no_history,2.7156575,2.6726115,1.0,3,3,1.0,6,3,1.0
5615010,test,a30_31,no_history,2.3705628,3.1390646,1.0,3,3,1.0,6,2,1.0
5615181,test,a30_31,no_history,3.099039,3.3987124,1.0,3,3,1.0,2,2,1.0
5621170,test,a30_31,no_history,3.054362,3.0994895,1.0,3,3,1.0,2,2,1.0
5626010,test,a30_31,no_history,2.5800314,2.9399865,1.0,3,3,1.0,2,2,1.0
5634188,test,a30_31,no_history,2.971117,0.0,0.0,3,-1,0.0,2,-1,0.0
5635031,test,a30_31,no_history,2.9756377,2.960809,1.0,3,3,1.0,2,2,1.0
5646006,test,a30_31,no_history,2.324085,0.5639118,1.0,3,3,1.0,2,6,1.0
5660005,test,a30_31,no_history,2.2597983,3.541386,1.0,3,3,1.0,6,3,1.0
5664003,test,a30_31,no_history,2.191874,0.10998343,1.0,3,2,1.0,6,6,1.0
5676007,test,a30_31,no_history,2.8121774,0.0,0.0,3,-1,0.0,2,-1,0.0
5678030,test,a30_31,no_history,2.1539655,2.8913167,1.0,3,2,1.0,6,6,1.0
5684034,test,a30_31,no_history,2.7011826,4.3079896,1.0,3,3,1.0,2,4,1.0
5784005,test,a30_31,no_history,2.2471638,0.0,1.0,3,2,1.0,6,6,1.0
5819005,test,a30_31,no_history,1.9559602,1.0981487,1.0,3,3,1.0,6,6,1.0
5821008,test,a30_31,no_history,2.966569,3.01234,1.0,3,3,1.0,2,2,1.0
5863033,test,a30_31,no_history,2.395707,1.3019751,1.0,3,3,1.0,6,6,1.0
5921003,test,a30_31,no_history,2.6410856,0.0,0.0,3,-1,0.0,6,-1,0.0
5922010,test,a30_31,no_history,3.0616982,2.721544,1.0,3,3,1.0,2,6,1.0
5938031,test,a30_31,no_history,2.1609936,0.0,1.0,3,2,1.0,6,6,1.0
5960033,test,a30_31,no_history,2.770715,2.5757463,1.0,3,3,1.0,2,6,1.0
5995005,test,a30_31,no_history,2.3608282,0.31933862,1.0,3,2,1.0,6,6,1.0
6028032,test,a30_31,no_history,2.522775,2.8981428,1.0,3,3,1.0,6,6,1.0
6030005,test,a30_31,no_history,2.8275073,3.7041867,1.0,3,3,1.0,2,6,1.0
6030008,test,a30_31,no_history,2.975211,3.6057901,1.0,3,3,1.0,2,6,1.0
6093006,test,a30_31,no_history,2.017735,2.0916247,1.0,3,3,1.0,6,6,1.0
6093011,test,a30_31,no_history,2.474405,1.3332126,1.0,3,3,1.0,6,6,1.0
6114182,test,a30_31,no_history,2.5800314,2.5692537,1.0,3,3,1.0,2,3,1.0
6120195,test,a30_31,no_history,2.4504864,0.0,1.0,3,2,1.0,6,2,1.0
6121030,test,a30_31,no_history,2.1584945,3.769311,1.0,3,3,1.0,6,6,1.0
6179003,test,a30_31,no_history,3.043126,3.361893,1.0,3,3,1.0,2,2,1.0
6179170,test,a30_31,no_history,2.4149153,0.0,1.0,3,2,1.0,2,2,1.0
6191006,test,a30_31,no_history,2.1754436,3.2669687,1.0,3,3,1.0,2,4,1.0
6200175,test,a30_31,no_history,3.099039,3.180232,1.0,3,3,1.0,2,2,1.0
6210007,test,a30_31,no_history,2.7980483,0.0,0.0,3,-1,0.0,2,-1,0.0
6210008,test,a30_31,no_history,2.892036,1.7660555,1.0,3,3,1.0,2,6,1.0
6350007,test,a30_31,no_history,2.521909,2.5048919,1.0,3,3,1.0,2,6,1.0
6365010,test,a30_31,no_history,2.4696426,0.47892067,1.0,3,3,1.0,6,6,1.0
6365011,test,a30_31,no_history,2.57639,0.1931983,1.0,3,2,1.0,6,2,1.0
6365177,test,a30_31,no_history,3.099039,3.0710416,1.0,3,3,1.0,2,2,1.0
6381008,test,a30_31,no_history,3.1671937,0.0,0.0,3,-1,0.0,2,-1,0.0
6444003,test,a30_31,no_history,3.0528188,2.0211048,1.0,3,3,1.0,2,2,1.0
6475006,test,a30_31,no_history,1.9329367,0.67106354,1.0,3,3,1.0,6,6,1.0
6475007,test,a30_31,no_history,2.0139277,0.1422398,1.0,3,2,1.0,6,6,1.0
6509004,test,a30_31,no_history,2.8396723,3.5568442,1.0,3,3,1.0,2,6,1.0
6545008,test,a30_31,no_history,2.9764714,3.18138,1.0,3,3,1.0,2,6,1.0
6571003,test,a30_31,no_history,2.4994252,3.4242733,1.0,3,3,1.0,2,6,1.0
6635009,test,a30_31,no_history,2.0791762,0.0,1.0,3,2,1.0,6,4,1.0
6663030,test,a30_31,no_history,2.951854,3.6323774,1.0,3,2,1.0,2,6,1.0
6674003,test,a30_31,no_history,2.9701462,3.3601112,1.0,3,3,1.0,2,2,1.0
6674005,test,a30_31,no_history,2.3648276,3.4521801,1.0,3,3,1.0,6,2,1.0
6736181,test,a30_31,no_history,3.054362,1.9612347,1.0,3,2,1.0,2,2,1.0
6740003,test,a30_31,no_history,2.1700997,2.7489104,1.0,3,3,1.0,6,2,1.0
6769008,test,a30_31,no_history,2.1783092,0.47086632,1.0,3,2,1.0,6,3,1.0
6779033,test,a30_31,no_history,2.123815,1.7719439,1.0,3,3,1.0,6,6,1.0
6030,test,a32_33,no_history,2.8443782,3.632802,1.0,3,3,1.0,2,2,1.0
10030,test,a32_33,no_history,2.617728,4.5643663,1.0,3,3,1.0,2,2,1.0
41008,test,a32_33,no_history,2.193121,0.0,1.0,3,2,1.0,2,2,1.0
68003,test,a32_33,no_history,3.5658188,3.5880518,1.0,3,3,1.0,2,2,1.0
127030,test,a32_33,no_history,2.8006952,3.6983402,1.0,3,3,1.0,2,2,1.0
127031,test,a32_33,no_history,2.8260288,4.2671986,1.0,3,3,1.0,2,6,1.0
129031,test,a32_33,no_history,2.179579,1.5868585,1.0,3,2,1.0,2,4,1.0
129196,test,a32_33,no_history,3.4657698,1.7348825,1.0,3,3,1.0,2,2,1.0
165030,test,a32_33,no_history,3.0812325,3.6426375,1.0,3,3,1.0,2,2,1.0
284004,test,a32_33,no_history,3.665422,4.498754,1.0,3,3,1.0,2,2,1.0
301032,test,a32_33,no_history,3.5368128,3.9674697,1.0,3,3,1.0,2,6,1.0
327003,test,a32_33,no_history,2.7555299,3.7635956,1.0,3,3,1.0,2,2,1.0
327171,test,a32_33,no_history,2.641288,0.0,1.0,3,2,1.0,2,2,1.0
327172,test,a32_33,no_history,2.440538,3.306851,1.0,3,3,1.0,2,2,1.0
331005,test,a32_33,no_history,3.1795979,4.197571,1.0,3,3,1.0,2,2,1.0
344178,test,a32_33,no_history,2.507784,3.281228,1.0,3,3,1.0,2,2,1.0
461030,test,a32_33,no_history,3.5513015,3.5299022,1.0,3,3,1.0,2,2,1.0
486004,test,a32_33,no_history,3.5047646,3.690261,1.0,3,3,1.0,2,2,1.0
563183,test,a32_33,no_history,2.6346173,0.0008918604,1.0,3,3,1.0,2,2,1.0
577004,test,a32_33,no_history,2.3125734,2.5712075,1.0,3,3,1.0,2,2,1.0
607030,test,a32_33,no_history,3.5653453,3.6452837,1.0,3,3,1.0,2,2,1.0
613173,test,a32_33,no_history,2.4107587,4.1078057,1.0,3,3,1.0,2,2,1.0
634008,test,a32_33,no_history,2.848917,3.3915641,1.0,3,2,1.0,2,4,1.0
652005,test,a32_33,no_history,3.3054223,3.5727725,1.0,3,3,1.0,2,2,1.0
672003,test,a32_33,no_history,3.1940012,3.0547795,1.0,3,3,1.0,2,2,1.0
691175,test,a32_33,no_history,2.4445386,0.0,1.0,3,3,1.0,2,2,1.0
699031,test,a32_33,no_history,2.7270658,3.1536906,1.0,3,2,1.0,2,6,1.0
722178,test,a32_33,no_history,2.426725,0.5729554,1.0,3,3,1.0,2,2,1.0
771003,test,a32_33,no_history,2.769959,3.360967,1.0,3,3,1.0,2,4,1.0
775005,test,a32_33,no_history,3.5092669,3.814005,1.0,3,3,1.0,2,2,1.0
796006,test,a32_33,no_history,3.4817178,3.19808,1.0,3,3,1.0,2,6,1.0
844003,test,a32_33,no_history,3.5694385,3.7556844,1.0,3,3,1.0,2,2,1.0
863006,test,a32_33,no_history,2.701817,3.7389832,1.0,3,3,1.0,2,2,1.0
863173,test,a32_33,no_history,3.4198945,2.8179777,1.0,3,3,1.0,2,2,1.0
866172,test,a32_33,no_history,3.2532697,2.6271625,1.0,3,2,1.0,2,6,1.0
868005,test,a32_33,no_history,3.449579,3.4759133,1.0,3,3,1.0,2,2,1.0
875030,test,a32_33,no_history,3.0255063,0.0,1.0,3,2,1.0,2,2,1.0
897006,test,a32_33,no_history,3.37026,0.9259037,1.0,3,2,1.0,2,3,1.0
922171,test,a32_33,no_history,3.4886138,3.2271986,1.0,3,3,1.0,2,2,1.0
934030,test,a32_33,no_history,2.825264,4.169727,1.0,3,3,1.0,2,2,1.0
935005,test,a32_33,no_history,3.042028,1.9715426,1.0,3,3,1.0,2,2,1.0
935176,test,a32_33,no_history,3.4382622,2.686293,1.0,3,3,1.0,2,2,1.0
939030,test,a32_33,no_history,3.2368867,4.2601495,1.0,3,3,1.0,2,2,1.0
964003,test,a32_33,no_history,2.6527586,0.48986647,1.0,3,2,1.0,2,6,1.0
970004,test,a32_33,no_history,3.408139,3.9415355,1.0,3,3,1.0,2,2,1.0
982004,test,a32_33,no_history,3.4266856,3.577894,1.0,3,3,1.0,2,4,1.0
1033030,test,a32_33,no_history,3.1476803,3.3248508,1.0,3,3,1.0,2,4,1.0
1036003,test,a32_33,no_history,3.6678095,3.242958,1.0,3,3,1.0,2,2,1.0
1048006,test,a32_33,no_history,2.4877152,2.5528998,1.0,3,3,1.0,2,2,1.0
1055172,test,a32_33,no_history,2.641288,2.4084587,1.0,3,3,1.0,2,2,1.0
1060175,test,a32_33,no_history,2.5379748,3.5963154,1.0,3,3,1.0,2,2,1.0
1064171,test,a32_33,no_history,3.4657698,4.3601055,1.0,3,3,1.0,2,2,1.0
1072171,test,a32_33,no_history,3.4657698,3.6353216,1.0,3,3,1.0,2,2,1.0
1084175,test,a32_33,no_history,2.679171,0.0,1.0,3,2,1.0,2,2,1.0
1100172,test,a32_33,no_history,2.5379748,3.3882806,1.0,3,3,1.0,2,2,1.0
1141171,test,a32_33,no_history,2.5060155,1.0577683,1.0,3,3,1.0,2,4,1.0
1142030,test,a32_33,no_history,3.4766505,3.4778206,1.0,3,2,1.0,2,2,1.0
1144032,test,a32_33,no_history,3.4788818,3.9998453,1.0,3,3,1.0,2,2,1.0
1149171,test,a32_33,no_history,3.3613052,3.3627808,1.0,3,3,1.0,2,2,1.0
1162030,test,a32_33,no_history,2.7245808,3.2774415,1.0,3,3,1.0,2,2,1.0
1167030,test,a32_33,no_history,2.5189035,1.6452125,1.0,3,2,1.0,6,6,1.0
1168008,test,a32_33,no_history,2.4847836,3.6681044,1.0,3,3,1.0,6,3,1.0
1222179,test,a32_33,no_history,2.507784,2.62906,1.0,3,3,1.0,2,2,1.0
1260008,test,a32_33,no_history,2.6789937,3.0003862,1.0,3,3,1.0,2,2,1.0
1269030,test,a32_33,no_history,2.712981,3.8594756,1.0,3,3,1.0,2,2,1.0
1292030,test,a32_33,no_history,2.5693774,3.3685656,1.0,3,3,1.0,2,2,1.0
1298005,test,a32_33,no_history,3.0157113,3.0073462,1.0,3,3,1.0,2,2,1.0
1306030,test,a32_33,no_history,3.636437,4.845492,1.0,3,3,1.0,2,2,1.0
1335179,test,a32_33,no_history,2.4445386,3.2921014,1.0,3,3,1.0,2,2,1.0
1353030,test,a32_33,no_history,2.8885763,0.0,1.0,3,2,1.0,2,2,1.0
1384030,test,a32_33,no_history,3.6015525,3.4832323,1.0,3,3,1.0,2,2,1.0
1399008,test,a32_33,no_history,3.129604,2.609165,1.0,3,2,1.0,2,4,1.0
1415004,test,a32_33,no_history,2.2037919,2.7626214,1.0,3,3,1.0,2,2,1.0
1430005,test,a32_33,no_history,3.6333146,3.35943,1.0,3,3,1.0,2,6,1.0
1431003,test,a32_33,no_history,3.242441,3.793413,1.0,3,3,1.0,2,2,1.0
1431004,test,a32_33,no_history,2.6624806,0.0,1.0,3,2,1.0,2,2,1.0
1431172,test,a32_33,no_history,3.4657698,4.257112,1.0,3,3,1.0,2,2,1.0
1462004,test,a32_33,no_history,3.2721148,4.6827054,1.0,3,3,1.0,2,2,1.0
1520173,test,a32_33,no_history,3.3639565,3.8655198,1.0,3,3,1.0,2,2,1.0
1522175,test,a32_33,no_history,2.507784,4.128193,1.0,3,3,1.0,2,2,1.0
1542006,test,a32_33,no_history,2.7029727,3.1334329,1.0,3,3,1.0,2,2,1.0
1542177,test,a32_33,no_history,3.3613052,3.5846753,1.0,3,3,1.0,2,2,1.0
1567031,test,a32_33,no_history,3.5991242,3.6204543,1.0,3,3,1.0,2,6,1.0
1608031,test,a32_33,no_history,3.3444185,3.9165187,1.0,3,3,1.0,2,2,1.0
1612003,test,a32_33,no_history,3.5343196,3.0623057,1.0,3,3,1.0,2,2,1.0
1621003,test,a32_33,no_history,2.4825466,2.9558797,1.0,3,3,1.0,2,2,1.0
1648003,test,a32_33,no_history,3.5049121,3.4529707,1.0,3,3,1.0,2,2,1.0
1648030,test,a32_33,no_history,3.572296,2.149199,1.0,3,3,1.0,2,6,1.0
1670172,test,a32_33,no_history,3.071125,2.9805765,1.0,3,3,1.0,2,2,1.0
1684170,test,a32_33,no_history,2.357901,1.0173271,1.0,3,2,1.0,2,2,1.0
1690030,test,a32_33,no_history,3.5336485,4.7354703,1.0,3,3,1.0,2,3,1.0
1692176,test,a32_33,no_history,3.273225,0.0,0.0,3,-1,0.0,2,-1,0.0
1695030,test,a32_33,no_history,2.6418288,3.6850972,1.0,3,3,1.0,2,2,1.0
1697036,test,a32_33,no_history,3.3622384,1.4949695,1.0,3,3,1.0,2,2,1.0
1698170,test,a32_33,no_history,2.4900587,1.139272,1.0,3,2,1.0,2,2,1.0
1700031,test,a32_33,no_history,3.491009,4.201887,1.0,3,3,1.0,2,4,1.0
1701003,test,a32_33,no_history,2.720805,3.60501,1.0,3,3,1.0,2,6,1.0
1711003,test,a32_33,no_history,2.6422966,2.810277,1.0,3,3,1.0,2,2,1.0
1711171,test,a32_33,no_history,3.4657698,3.8577616,1.0,3,3,1.0,2,2,1.0
1732005,test,a32_33,no_history,2.5160656,2.342187,1.0,3,3,1.0,2,2,1.0
1762187,test,a32_33,no_history,2.5379748,1.8211237,1.0,3,2,1.0,2,2,1.0
1786187,test,a32_33,no_history,3.4526498,3.1765072,1.0,3,3,1.0,2,2,1.0
1837006,test,a32_33,no_history,3.532417,3.6559155,1.0,3,3,1.0,2,2,1.0
1850172,test,a32_33,no_history,2.6053317,2.5812435,1.0,3,3,1.0,2,2,1.0
1878030,test,a32_33,no_history,3.210272,3.4057453,1.0,3,3,1.0,2,4,1.0
1879030,test,a32_33,no_history,3.675693,4.3343844,1.0,3,3,1.0,2,3,1.0
1905004,test,a32_33,no_history,3.5748932,3.8433187,1.0,3,3,1.0,2,2,1.0
1919009,test,a32_33,no_history,2.9733908,3.1504118,1.0,3,3,1.0,2,2,1.0
1935004,test,a32_33,no_history,2.6066542,0.0,1.0,3,2,1.0,2,2,1.0
1936030,test,a32_33,no_history,3.0435288,0.0,1.0,3,2,1.0,2,2,1.0
1978171,test,a32_33,no_history,2.4445386,1.6958811,1.0,3,3,1.0,2,2,1.0
2030031,test,a32_33,no_history,3.5149808,3.6641996,1.0,3,3,1.0,2,2,1.0
2117003,test,a32_33,no_history,2.5780656,2.5893922,1.0,3,2,1.0,2,2,1.0
2150172,test,a32_33,no_history,2.6053317,1.3598045,1.0,3,3,1.0,2,2,1.0
2199182,test,a32_33,no_history,3.273225,3.9495156,1.0,3,3,1.0,2,2,1.0
2206030,test,a32_33,no_history,2.9293044,4.886779,1.0,3,3,1.0,2,2,1.0
2212031,test,a32_33,no_history,3.014664,4.483134,1.0,3,3,1.0,2,2,1.0
2238004,test,a32_33,no_history,3.5301013,3.472241,1.0,3,3,1.0,2,2,1.0
2238172,test,a32_33,no_history,2.679171,3.5254576,1.0,3,3,1.0,2,2,1.0
2252172,test,a32_33,no_history,3.4382622,2.3470397,1.0,3,3,1.0,2,2,1.0
2255030,test,a32_33,no_history,3.642821,4.876434,1.0,3,3,1.0,2,2,1.0
2277008,test,a32_33,no_history,2.7007322,2.5990877,1.0,3,3,1.0,2,2,1.0
2311172,test,a32_33,no_history,2.679171,1.0779065,1.0,3,2,1.0,2,2,1.0
2330003,test,a32_33,no_history,3.5910687,4.301492,1.0,3,3,1.0,2,6,1.0
2338003,test,a32_33,no_history,3.541297,4.023426,1.0,3,3,1.0,2,6,1.0
2341004,test,a32_33,no_history,3.1520488,3.4735646,1.0,3,3,1.0,2,2,1.0
2341005,test,a32_33,no_history,3.1674933,0.8661617,1.0,3,3,1.0,2,2,1.0
2354004,test,a32_33,no_history,2.3927937,2.448841,1.0,3,3,1.0,2,2,1.0
2392004,test,a32_33,no_history,2.5070338,2.7262917,1.0,3,3,1.0,2,2,1.0
2393005,test,a32_33,no_history,3.561521,4.0622745,1.0,3,3,1.0,2,3,1.0
2393171,test,a32_33,no_history,3.2942722,1.606789,1.0,3,3,1.0,2,2,1.0
2409006,test,a32_33,no_history,3.438332,0.0,0.0,3,-1,0.0,2,-1,0.0
2409171,test,a32_33,no_history,2.507784,0.0,0.0,3,-1,0.0,2,-1,0.0
2422178,test,a32_33,no_history,3.4083233,3.2781074,1.0,3,3,1.0,2,2,1.0
2459030,test,a32_33,no_history,3.2974558,3.753117,1.0,3,3,1.0,2,4,1.0
2474030,test,a32_33,no_history,3.0946078,4.23237,1.0,3,3,1.0,2,2,1.0
2474171,test,a32_33,no_history,2.4922924,1.367364,1.0,3,3,1.0,2,2,1.0
2485173,test,a32_33,no_history,2.507784,1.1069015,1.0,3,3,1.0,2,4,1.0
2496172,test,a32_33,no_history,3.4565337,3.6005192,1.0,3,3,1.0,2,2,1.0
2502005,test,a32_33,no_history,3.2861598,2.9134128,1.0,3,3,1.0,2,2,1.0
2510171,test,a32_33,no_history,2.507784,3.5230017,1.0,3,3,1.0,2,2,1.0
2525174,test,a32_33,no_history,2.4900587,3.8745465,1.0,3,3,1.0,2,2,1.0
2530184,test,a32_33,no_history,2.4445386,2.973692,1.0,3,3,1.0,2,2,1.0
2547171,test,a32_33,no_history,3.3613052,4.052104,1.0,3,3,1.0,2,2,1.0
2580030,test,a32_33,no_history,3.5603478,4.886779,1.0,3,3,1.0,2,2,1.0
2593171,test,a32_33,no_history,2.3798594,4.246229,1.0,3,3,1.0,2,2,1.0
2615031,test,a32_33,no_history,3.375295,3.44694,1.0,3,3,1.0,2,2,1.0
2642030,test,a32_33,no_history,2.5365727,2.8015413,1.0,3,3,1.0,2,2,1.0
2655002,test,a32_33,no_history,2.7589977,0.0,1.0,3,2,1.0,2,2,1.0
2705031,test,a32_33,no_history,3.6142988,3.306851,1.0,3,3,1.0,2,4,1.0
2707179,test,a32_33,no_history,3.4766505,2.8268414,1.0,3,3,1.0,2,2,1.0
2714031,test,a32_33,no_history,3.4918962,0.0,0.0,3,3,1.0,2,2,1.0
2717004,test,a32_33,no_history,3.4893208,3.742696,1.0,3,3,1.0,2,2,1.0
2738171,test,a32_33,no_history,3.4974856,4.886779,1.0,3,3,1.0,2,2,1.0
2794003,test,a32_33,no_history,3.4886138,3.8923466,1.0,3,2,1.0,2,2,1.0
2845030,test,a32_33,no_history,3.0694513,3.2903967,1.0,3,3,1.0,2,4,1.0
2847030,test,a32_33,no_history,2.0127778,3.456708,1.0,3,3,1.0,6,6,1.0
2848174,test,a32_33,no_history,2.4378119,1.0409111,1.0,3,2,1.0,2,6,1.0
2852006,test,a32_33,no_history,2.8091598,2.1415117,1.0,3,3,1.0,2,2,1.0
2852030,test,a32_33,no_history,3.4561806,2.0998244,1.0,3,3,1.0,2,2,1.0
2869170,test,a32_33,no_history,3.4657698,3.6555576,1.0,3,3,1.0,2,2,1.0
2897006,test,a32_33,no_history,3.492895,2.8197732,1.0,3,3,1.0,2,6,1.0
2900171,test,a32_33,no_history,3.4526498,3.8746612,1.0,3,3,1.0,2,2,1.0
2907006,test,a32_33,no_history,2.9338045,2.623763,1.0,3,3,1.0,2,2,1.0
2920030,test,a32_33,no_history,3.222574,3.4575856,1.0,3,3,1.0,2,2,1.0
3107001,test,a32_33,no_history,3.1954963,3.231012,1.0,3,3,1.0,2,2,1.0
3137007,test,a32_33,no_history,2.2553344,2.48373,1.0,3,3,1.0,2,6,1.0
3283002,test,a32_33,no_history,2.426186,4.0583324,1.0,3,3,1.0,2,6,1.0
3492001,test,a32_33,no_history,2.419607,4.1102557,1.0,3,3,1.0,2,6,1.0
5016170,test,a32_33,no_history,2.486895,2.6426997,1.0,3,3,1.0,6,4,1.0
5082003,test,a32_33,no_history,2.2398806,3.5662766,1.0,3,3,1.0,2,2,1.0
5145032,test,a32_33,no_history,2.6018448,3.616172,1.0,3,3,1.0,6,6,1.0
5163030,test,a32_33,no_history,3.0708401,2.769646,1.0,3,3,1.0,2,3,1.0
5177171,test,a32_33,no_history,2.8463829,0.41334957,1.0,3,3,1.0,2,6,1.0
5199178,test,a32_33,no_history,2.600528,3.096526,1.0,3,3,1.0,2,2,1.0
5241030,test,a32_33,no_history,2.2419524,3.5277414,1.0,3,3,1.0,6,6,1.0
5264004,test,a32_33,no_history,2.7251024,3.264431,1.0,3,3,1.0,2,2,1.0
5294003,test,a32_33,no_history,2.9792578,3.6584685,1.0,3,3,1.0,2,2,1.0
5299172,test,a32_33,no_history,3.071125,2.760259,1.0,3,3,1.0,2,2,1.0
5306002,test,a32_33,no_history,2.2363598,0.919919,1.0,3,2,1.0,6,6,1.0
5350030,test,a32_33,no_history,2.4870238,2.5756848,1.0,3,3,1.0,2,6,1.0
5364006,test,a32_33,no_history,2.7187347,0.0,0.0,3,-1,0.0,6,-1,0.0
5366033,test,a32_33,no_history,2.4156604,3.3051815,1.0,3,3,1.0,2,6,1.0
5406173,test,a32_33,no_history,2.4378119,3.5137413,1.0,3,3,1.0,2,3,1.0
5424030,test,a32_33,no_history,2.821417,2.0490751,1.0,3,3,1.0,2,6,1.0
5425003,test,a32_33,no_history,2.40496,0.72459835,1.0,3,2,1.0,2,2,1.0
5430031,test,a32_33,no_history,2.4899976,0.0,1.0,3,2,1.0,6,6,1.0
5430171,test,a32_33,no_history,2.458127,2.512427,1.0,3,3,1.0,6,6,1.0
5443007,test,a32_33,no_history,2.0180051,2.1780865,1.0,3,3,1.0,6,2,1.0
5464032,test,a32_33,no_history,2.5181222,2.7760577,1.0,3,3,1.0,6,2,1.0
5488007,test,a32_33,no_history,2.3145099,2.1782289,1.0,3,3,1.0,6,2,1.0
5494005,test,a32_33,no_history,3.068548,0.63777095,1.0,3,3,1.0,2,6,1.0
5513030,test,a32_33,no_history,2.5019166,2.4798064,1.0,3,3,1.0,6,6,1.0
5549006,test,a32_33,no_history,2.2228618,2.637893,1.0,3,3,1.0,2,3,1.0
5553173,test,a32_33,no_history,2.5759993,3.935453,1.0,3,3,1.0,6,2,1.0
5560186,test,a32_33,no_history,2.9806564,3.2524583,1.0,3,3,1.0,2,2,1.0
5569009,test,a32_33,no_history,2.8543801,2.2377331,1.0,3,3,1.0,2,2,1.0
5570010,test,a32_33,no_history,3.0213351,3.5858245,1.0,3,3,1.0,2,4,1.0
5570012,test,a32_33,no_history,3.0678837,2.6474972,1.0,3,3,1.0,2,6,1.0
5570033,test,a32_33,no_history,2.9620128,3.3018157,1.0,3,3,1.0,2,2,1.0
5576031,test,a32_33,no_history,2.3420856,2.9333522,1.0,3,3,1.0,6,2,1.0
5614005,test,a32_33,no_history,2.7299035,2.8111508,1.0,3,3,1.0,6,3,1.0
5615010,test,a32_33,no_history,2.3902807,3.3717976,1.0,3,3,1.0,6,2,1.0
5615181,test,a32_33,no_history,3.1166193,3.4054897,1.0,3,3,1.0,2,2,1.0
5621170,test,a32_33,no_history,3.071125,3.0953097,1.0,3,3,1.0,2,2,1.0
5626010,test,a32_33,no_history,2.600528,3.139954,1.0,3,3,1.0,2,2,1.0
5634188,test,a32_33,no_history,2.9893434,3.7881985,1.0,3,3,1.0,2,5,1.0
5635031,test,a32_33,no_history,2.9936357,2.7840075,1.0,3,3,1.0,2,2,1.0
5646006,test,a32_33,no_history,2.3447435,0.77602905,1.0,3,2,1.0,2,6,1.0
5660005,test,a32_33,no_history,2.2838032,3.4027286,1.0,3,3,1.0,2,2,1.0
5664003,test,a32_33,no_history,2.2155216,1.7976818,1.0,3,3,1.0,6,6,1.0
5676007,test,a32_33,no_history,2.8289227,3.7587788,1.0,3,3,1.0,2,4,1.0
5678030,test,a32_33,no_history,2.177493,2.4192536,1.0,3,2,1.0,6,6,1.0
5684034,test,a32_33,no_history,2.7225382,1.4764752,1.0,3,3,1.0,2,2,1.0
5784005,test,a32_33,no_history,2.2705586,0.0,1.0,3,2,1.0,6,6,1.0
5819005,test,a32_33,no_history,1.9803067,1.068429,1.0,3,2,1.0,6,6,1.0
5821008,test,a32_33,no_history,2.9832172,2.9484503,1.0,3,3,1.0,2,2,1.0
5863033,test,a32_33,no_history,2.41735,2.2928271,1.0,3,3,1.0,6,6,1.0
5921003,test,a32_33,no_history,2.6609526,3.0847182,1.0,3,3,1.0,6,6,1.0
5922010,test,a32_33,no_history,3.0791597,2.9869597,1.0,3,3,1.0,2,6,1.0
5938031,test,a32_33,no_history,2.184084,0.0,1.0,3,2,1.0,6,6,1.0
5960033,test,a32_33,no_history,2.7919924,2.8474362,1.0,3,3,1.0,2,3,1.0
5995005,test,a32_33,no_history,2.383156,0.21103315,1.0,3,2,1.0,6,6,1.0
6028032,test,a32_33,no_history,2.539347,2.8268414,1.0,3,3,1.0,6,6,1.0
6030005,test,a32_33,no_history,2.8436368,3.4111378,1.0,3,3,1.0,2,6,1.0
6030008,test,a32_33,no_history,2.9906847,3.602513,1.0,3,3,1.0,2,6,1.0
6093006,test,a32_33,no_history,2.042034,1.3977581,1.0,3,2,1.0,6,6,1.0
6093011,test,a32_33,no_history,2.4921622,2.5990877,1.0,3,3,1.0,6,6,1.0
6114182,test,a32_33,no_history,2.600528,2.8005123,1.0,3,3,1.0,2,3,1.0
6120195,test,a32_33,no_history,2.4712913,0.0,1.0,3,2,1.0,6,2,1.0
6121030,test,a32_33,no_history,2.1790094,3.6708767,1.0,3,3,1.0,6,6,1.0
6179003,test,a32_33,no_history,3.0588787,3.426249,1.0,3,3,1.0,2,2,1.0
6179170,test,a32_33,no_history,2.4378119,0.2411282,1.0,3,2,1.0,2,2,1.0
6191006,test,a32_33,no_history,2.1991465,3.4436505,1.0,3,3,1.0,2,2,1.0
6200175,test,a32_33,no_history,3.1166193,2.5210872,1.0,3,3,1.0,2,2,1.0
6210007,test,a32_33,no_history,2.8146248,0.0,0.0,3,-1,0.0,2,-1,0.0
6210008,test,a32_33,no_history,2.9089334,1.382737,1.0,3,2,1.0,2,6,1.0
6350007,test,a32_33,no_history,2.5427074,1.2189263,1.0,3,2,1.0,2,6,1.0
6365010,test,a32_33,no_history,2.488647,2.0176098,1.0,3,3,1.0,6,6,1.0
6365011,test,a32_33,no_history,2.5938158,2.6077433,1.0,3,3,1.0,6,2,1.0
6365177,test,a32_33,no_history,3.1166193,2.7674904,1.0,3,3,1.0,2,2,1.0
6381008,test,a32_33,no_history,3.183186,0.0,0.0,3,-1,0.0,2,-1,0.0
6444003,test,a32_33,no_history,3.0686293,3.1936855,1.0,3,3,1.0,2,2,1.0
6475006,test,a32_33,no_history,1.9573207,1.2301495,1.0,3,3,1.0,6,6,1.0
6475007,test,a32_33,no_history,2.0378408,1.8487327,1.0,3,2,1.0,6,6,1.0
6509004,test,a32_33,no_history,2.8562245,3.8708656,1.0,3,3,1.0,2,6,1.0
6545008,test,a32_33,no_history,2.9930015,4.3289056,1.0,3,3,1.0,2,6,1.0
6571003,test,a32_33,no_history,2.5188565,3.5926886,1.0,3,3,1.0,2,6,1.0
6635009,test,a32_33,no_history,2.1027274,0.0,1.0,3,2,1.0,6,4,1.0
6663030,test,a32_33,no_history,2.9702387,3.800088,1.0,3,3,1.0,2,6,1.0
6674003,test,a32_33,no_history,2.9867687,3.4202895,1.0,3,3,1.0,2,2,1.0
6674005,test,a32_33,no_history,2.3877156,3.4833505,1.0,3,3,1.0,2,2,1.0
6736181,test,a32_33,no_history,3.071125,0.0,0.0,3,-1,0.0,2,-1,0.0
6740003,test,a32_33,no_history,2.1941993,2.884239,1.0,3,3,1.0,6,2,1.0
6769008,test,a32_33,no_history,2.2017262,0.8178876,1.0,3,3,1.0,6,3,1.0
6779033,test,a32_33,no_history,2.146315,1.8801916,1.0,3,2,1.0,6,6,1.0
6030,test,a34_35,no_history,2.855252,3.5367897,1.0,3,3,1.0,2,2,1.0
10030,test,a34_35,no_history,2.627248,4.673836,1.0,3,3,1.0,2,2,1.0
41008,test,a34_35,no_history,2.201865,0.0,1.0,3,2,1.0,2,2,1.0
68003,test,a34_35,no_history,3.573134,3.2616544,1.0,3,3,1.0,2,2,1.0
127030,test,a34_35,no_history,2.8116584,3.1696036,1.0,3,3,1.0,2,2,1.0
127031,test,a34_35,no_history,2.8370166,4.0902915,1.0,3,3,1.0,2,2,1.0
129031,test,a34_35,no_history,2.1883135,1.0162153,1.0,3,3,1.0,2,2,1.0
129196,test,a34_35,no_history,3.472813,3.4254856,1.0,3,3,1.0,2,2,1.0
165030,test,a34_35,no_history,3.092349,3.7463372,1.0,3,3,1.0,2,2,1.0
284004,test,a34_35,no_history,3.6721945,4.32185,1.0,3,3,1.0,2,2,1.0
301032,test,a34_35,no_history,3.5437882,3.9348762,1.0,3,3,1.0,2,6,1.0
327003,test,a34_35,no_history,2.766889,3.8840168,1.0,3,3,1.0,2,2,1.0
327171,test,a34_35,no_history,2.6519055,0.0,1.0,3,2,1.0,2,2,1.0
327172,test,a34_35,no_history,2.4496458,3.5017936,1.0,3,3,1.0,2,2,1.0
331005,test,a34_35,no_history,3.191001,4.082121,1.0,3,2,1.0,2,2,1.0
344178,test,a34_35,no_history,2.517144,3.2559896,1.0,3,3,1.0,2,2,1.0
461030,test,a34_35,no_history,3.5583541,3.3020296,1.0,3,3,1.0,2,2,1.0
486004,test,a34_35,no_history,3.5118394,3.745459,1.0,3,3,1.0,2,2,1.0
563183,test,a34_35,no_history,2.6449058,3.2996137,1.0,3,3,1.0,2,2,1.0
577004,test,a34_35,no_history,2.3224564,2.9370773,1.0,3,3,1.0,2,2,1.0
607030,test,a34_35,no_history,3.571887,3.7506254,1.0,3,3,1.0,2,2,1.0
613173,test,a34_35,no_history,2.4202306,4.4183064,1.0,3,3,1.0,2,2,1.0
634008,test,a34_35,no_history,2.8604722,3.5026178,1.0,3,3,1.0,2,6,1.0
652005,test,a34_35,no_history,3.3130956,3.2600136,1.0,3,3,1.0,2,2,1.0
672003,test,a34_35,no_history,3.205101,3.0886452,1.0,3,3,1.0,2,2,1.0
691175,test,a34_35,no_history,2.4535592,2.0974402,1.0,3,3,1.0,2,2,1.0
699031,test,a34_35,no_history,2.7377372,3.2485132,1.0,3,3,1.0,2,6,1.0
722178,test,a34_35,no_history,2.4358923,0.90117526,1.0,3,2,1.0,2,2,1.0
771003,test,a34_35,no_history,2.7813163,3.0115244,1.0,3,3,1.0,2,2,1.0
775005,test,a34_35,no_history,3.5165634,3.5560908,1.0,3,3,1.0,2,2,1.0
796006,test,a34_35,no_history,3.488977,2.8919485,1.0,3,3,1.0,2,6,1.0
844003,test,a34_35,no_history,3.576179,3.629688,1.0,3,3,1.0,2,2,1.0
863006,test,a34_35,no_history,2.7129626,3.2548606,1.0,3,2,1.0,2,2,1.0
863173,test,a34_35,no_history,3.4266968,3.5450659,1.0,3,3,1.0,2,2,1.0
866172,test,a34_35,no_history,3.2596462,2.3603847,1.0,3,3,1.0,2,6,1.0
868005,test,a34_35,no_history,3.4573514,3.578231,1.0,3,3,1.0,2,2,1.0
875030,test,a34_35,no_history,3.0364928,0.0,1.0,3,2,1.0,2,2,1.0
897006,test,a34_35,no_history,3.3777542,2.946233,1.0,3,3,1.0,2,4,1.0
922171,test,a34_35,no_history,3.4957023,3.7955704,1.0,3,3,1.0,2,2,1.0
934030,test,a34_35,no_history,2.8361003,4.2341943,1.0,3,3,1.0,2,2,1.0
935005,test,a34_35,no_history,3.0538268,2.2448769,1.0,3,3,1.0,2,2,1.0
935176,test,a34_35,no_history,3.445115,3.2378259,1.0,3,3,1.0,2,2,1.0
939030,test,a34_35,no_history,3.248135,0.08555014,1.0,3,2,1.0,2,2,1.0
964003,test,a34_35,no_history,2.6633568,0.82413214,1.0,3,2,1.0,2,6,1.0
970004,test,a34_35,no_history,3.4152775,3.9748664,1.0,3,3,1.0,2,2,1.0
982004,test,a34_35,no_history,3.4345658,3.7351284,1.0,3,3,1.0,2,4,1.0
1033030,test,a34_35,no_history,3.1556356,3.3329153,1.0,3,3,1.0,2,2,1.0
1036003,test,a34_35,no_history,3.674096,3.2967014,1.0,3,3,1.0,2,2,1.0
1048006,test,a34_35,no_history,2.4997451,0.0,1.0,3,2,1.0,2,2,1.0
1055172,test,a34_35,no_history,2.6519055,3.521578,1.0,3,3,1.0,2,4,1.0
1060175,test,a34_35,no_history,2.5480263,3.1174548,1.0,3,3,1.0,2,2,1.0
1064171,test,a34_35,no_history,3.472813,0.0,1.0,3,3,1.0,2,2,1.0
1072171,test,a34_35,no_history,3.472813,3.370511,1.0,3,3,1.0,2,2,1.0
1084175,test,a34_35,no_history,2.689606,0.0,1.0,3,2,1.0,2,2,1.0
1100172,test,a34_35,no_history,2.5480263,3.6426375,1.0,3,3,1.0,2,2,1.0
1141171,test,a34_35,no_history,2.5155594,1.1201222,1.0,3,2,1.0,2,4,1.0
1142030,test,a34_35,no_history,3.483745,3.153995,1.0,3,2,1.0,2,2,1.0
1144032,test,a34_35,no_history,3.4857013,3.9447289,1.0,3,3,1.0,2,2,1.0
1149171,test,a34_35,no_history,3.36885,3.6550784,1.0,3,3,1.0,2,2,1.0
1162030,test,a34_35,no_history,2.735272,3.4707472,1.0,3,3,1.0,2,4,1.0
1167030,test,a34_35,no_history,2.5312595,1.1457466,1.0,3,2,1.0,6,6,1.0
1168008,test,a34_35,no_history,2.4959507,3.1447468,1.0,3,3,1.0,6,3,1.0
1222179,test,a34_35,no_history,2.517144,2.810277,1.0,3,3,1.0,2,2,1.0
1260008,test,a34_35,no_history,2.6907277,2.9488564,1.0,3,3,1.0,2,2,1.0
1269030,test,a34_35,no_history,2.724016,4.2420487,1.0,3,3,1.0,2,4,1.0
1292030,test,a34_35,no_history,2.5801437,3.1872697,1.0,3,3,1.0,2,3,1.0
1298005,test,a34_35,no_history,3.0272722,3.1977408,1.0,3,3,1.0,2,2,1.0
1306030,test,a34_35,no_history,3.643067,4.8005466,1.0,3,3,1.0,2,2,1.0
1335179,test,a34_35,no_history,2.4535592,3.3347914,1.0,3,3,1.0,2,2,1.0
1353030,test,a34_35,no_history,2.8997047,0.0,1.0,3,2,1.0,2,2,1.0
1384030,test,a34_35,no_history,3.6081257,3.59953,1.0,3,3,1.0,2,2,1.0
1399008,test,a34_35,no_history,3.141354,2.624538,1.0,3,3,1.0,2,4,1.0
1415004,test,a34_35,no_history,2.212892,2.663206,1.0,3,3,1.0,2,2,1.0
1430005,test,a34_35,no_history,3.6400983,2.0200462,1.0,3,3,1.0,2,6,1.0
1431003,test,a34_35,no_history,3.250147,3.7301474,1.0,3,3,1.0,2,2,1.0
1431004,test,a34_35,no_history,2.674487,0.0,1.0,3,2,1.0,2,2,1.0
1431172,test,a34_35,no_history,3.472813,4.886779,1.0,3,2,1.0,2,2,1.0
1462004,test,a34_35,no_history,3.2829895,3.378522,1.0,3,3,1.0,2,2,1.0
1520173,test,a34_35,no_history,3.3708146,3.9266827,1.0,3,3,1.0,2,2,1.0
1522175,test,a34_35,no_history,2.517144,4.5377207,1.0,3,3,1.0,2,2,1.0
1542006,test,a34_35,no_history,2.7140505,3.5747643,1.0,3,3,1.0,2,2,1.0
1542177,test,a34_35,no_history,3.36885,3.8778384,1.0,3,3,1.0,2,2,1.0
1567031,test,a34_35,no_history,3.6057868,3.6260033,1.0,3,3,1.0,2,6,1.0
1608031,test,a34_35,no_history,3.3524742,3.8359485,1.0,3,3,1.0,2,3,1.0
1612003,test,a34_35,no_history,3.541838,3.2975547,1.0,3,3,1.0,2,2,1.0
1621003,test,a34_35,no_history,2.4919631,3.2045677,1.0,3,3,1.0,2,2,1.0
1648003,test,a34_35,no_history,3.511691,3.0027869,1.0,3,3,1.0,2,2,1.0
1648030,test,a34_35,no_history,3.5791183,2.0603547,1.0,3,3,1.0,2,6,1.0
1670172,test,a34_35,no_history,3.0785298,3.0779936,1.0,3,3,1.0,2,2,1.0
1684170,test,a34_35,no_history,2.3673854,0.0,1.0,3,3,1.0,2,2,1.0
1690030,test,a34_35,no_history,3.540972,4.0259957,1.0,3,3,1.0,2,4,1.0
1692176,test,a34_35,no_history,3.2806625,0.0,0.0,3,-1,0.0,2,-1,0.0
1695030,test,a34_35,no_history,2.6526675,3.2234797,1.0,3,3,1.0,2,2,1.0
1697036,test,a34_35,no_history,3.3700514,3.0575554,1.0,3,3,1.0,2,2,1.0
1698170,test,a34_35,no_history,2.4996548,2.4663796,1.0,3,3,1.0,2,2,1.0
1700031,test,a34_35,no_history,3.497715,2.600042,1.0,3,2,1.0,2,4,1.0
1701003,test,a34_35,no_history,2.7314506,3.7449346,1.0,3,3,1.0,2,6,1.0
1711003,test,a34_35,no_history,2.6536458,2.4021344,1.0,3,3,1.0,2,2,1.0
1711171,test,a34_35,no_history,3.472813,0.0,0.0,3,-1,0.0,2,-1,0.0
1732005,test,a34_35,no_history,2.5269222,2.4728203,1.0,3,2,1.0,2,4,1.0
1762187,test,a34_35,no_history,2.5480263,0.0,1.0,3,2,1.0,2,2,1.0
1786187,test,a34_35,no_history,3.459546,3.3312128,1.0,3,3,1.0,2,2,1.0
1837006,test,a34_35,no_history,3.540057,3.3800976,1.0,3,3,1.0,2,2,1.0
1850172,test,a34_35,no_history,2.6156752,3.1974778,1.0,3,3,1.0,2,2,1.0
1878030,test,a34_35,no_history,3.2215805,3.8423843,1.0,3,3,1.0,2,4,1.0
1879030,test,a34_35,no_history,3.6819978,3.960946,1.0,3,3,1.0,2,4,1.0
1905004,test,a34_35,no_history,3.5817046,3.6536653,1.0,3,3,1.0,2,2,1.0
1919009,test,a34_35,no_history,2.984778,0.0,1.0,3,2,1.0,2,2,1.0
1935004,test,a34_35,no_history,2.6171796,2.810277,1.0,3,3,1.0,2,2,1.0
1936030,test,a34_35,no_history,3.055212,0.0,1.0,3,2,1.0,2,2,1.0
1978171,test,a34_35,no_history,2.4535592,2.3303957,1.0,3,3,1.0,2,2,1.0
2030031,test,a34_35,no_history,3.522112,3.929022,1.0,3,3,1.0,2,2,1.0
2117003,test,a34_35,no_history,2.5887954,0.0,1.0,3,3,1.0,2,2,1.0
2150172,test,a34_35,no_history,2.6156752,1.9371668,1.0,3,3,1.0,2,2,1.0
2199182,test,a34_35,no_history,3.2806625,4.0530524,1.0,3,3,1.0,2,2,1.0
2206030,test,a34_35,no_history,2.9407713,3.4664924,1.0,3,3,1.0,2,2,1.0
2212031,test,a34_35,no_history,3.025742,4.7276397,1.0,3,3,1.0,2,2,1.0
2238004,test,a34_35,no_history,3.5374203,3.4629118,1.0,3,3,1.0,2,2,1.0
2238172,test,a34_35,no_history,2.689606,0.0,0.0,3,-1,0.0,2,-1,0.0
2252172,test,a34_35,no_history,3.445115,2.8005908,1.0,3,3,1.0,2,2,1.0
2255030,test,a34_35,no_history,3.649269,4.8156514,1.0,3,3,1.0,2,2,1.0
2277008,test,a34_35,no_history,2.7132685,2.5626314,1.0,3,3,1.0,2,2,1.0
2311172,test,a34_35,no_history,2.689606,1.5610666,1.0,3,2,1.0,2,2,1.0
2330003,test,a34_35,no_history,3.5977764,4.2113166,1.0,3,3,1.0,2,2,1.0
2338003,test,a34_35,no_history,3.5486329,4.046953,1.0,3,3,1.0,2,6,1.0
2341004,test,a34_35,no_history,3.1604,3.563381,1.0,3,2,1.0,2,4,1.0
2341005,test,a34_35,no_history,3.1757557,0.0,1.0,3,3,1.0,2,2,1.0
2354004,test,a34_35,no_history,2.4028993,2.3899386,1.0,3,3,1.0,2,2,1.0
2392004,test,a34_35,no_history,2.518693,2.9586284,1.0,3,3,1.0,2,2,1.0
2393005,test,a34_35,no_history,3.5676627,3.8332024,1.0,3,3,1.0,2,2,1.0
2393171,test,a34_35,no_history,3.3004153,3.5780287,1.0,3,3,1.0,2,2,1.0
2409006,test,a34_35,no_history,3.4457896,2.7969706,1.0,3,3,1.0,2,2,1.0
2409171,test,a34_35,no_history,2.517144,2.0512705,1.0,3,2,1.0,2,2,1.0
2422178,test,a34_35,no_history,3.4154894,3.4795048,1.0,3,3,1.0,2,2,1.0
2459030,test,a34_35,no_history,3.3086684,3.9479196,1.0,3,3,1.0,2,4,1.0
2474030,test,a34_35,no_history,3.1025043,3.3850226,1.0,3,3,1.0,2,2,1.0
2474171,test,a34_35,no_history,2.5018592,1.4149004,1.0,3,3,1.0,2,2,1.0
2485173,test,a34_35,no_history,2.517144,2.4313986,1.0,3,3,1.0,2,6,1.0
2496172,test,a34_35,no_history,3.4630284,3.916388,1.0,3,3,1.0,2,4,1.0
2502005,test,a34_35,no_history,3.293892,3.1504118,1.0,3,3,1.0,2,2,1.0
2510171,test,a34_35,no_history,2.517144,3.625488,1.0,3,3,1.0,2,2,1.0
2525174,test,a34_35,no_history,2.4996548,1.6816704,1.0,3,2,1.0,2,2,1.0
2530184,test,a34_35,no_history,2.4535592,2.9591303,1.0,3,2,1.0,2,2,1.0
2547171,test,a34_35,no_history,3.36885,4.05604,1.0,3,3,1.0,2,2,1.0
2580030,test,a34_35,no_history,3.5673063,4.7499347,1.0,3,3,1.0,2,2,1.0
2593171,test,a34_35,no_history,2.3881025,4.30575,1.0,3,3,1.0,2,2,1.0
2615031,test,a34_35,no_history,3.3827941,3.5979483,1.0,3,3,1.0,2,2,1.0
2642030,test,a34_35,no_history,2.5469012,2.8383443,1.0,3,3,1.0,2,2,1.0
2655002,test,a34_35,no_history,2.7700982,0.0,1.0,3,2,1.0,2,2,1.0
2705031,test,a34_35,no_history,3.6207173,3.8038778,1.0,3,3,1.0,2,4,1.0
2707179,test,a34_35,no_history,3.483745,2.844158,1.0,3,3,1.0,2,2,1.0
2714031,test,a34_35,no_history,3.4986718,3.611134,1.0,3,3,1.0,2,2,1.0
2717004,test,a34_35,no_history,3.4970145,3.3915641,1.0,3,3,1.0,2,2,1.0
2738171,test,a34_35,no_history,3.504591,4.886779,1.0,3,3,1.0,2,2,1.0
2794003,test,a34_35,no_history,3.4957023,3.7379057,1.0,3,3,1.0,2,2,1.0
2845030,test,a34_35,no_history,3.080772,3.4714644,1.0,3,2,1.0,2,2,1.0
2847030,test,a34_35,no_history,2.0204911,3.611134,1.0,3,3,1.0,6,6,1.0
2848174,test,a34_35,no_history,2.446403,0.0,1.0,3,2,1.0,2,6,1.0
2852006,test,a34_35,no_history,2.8210034,2.784962,1.0,3,3,1.0,2,2,1.0
2852030,test,a34_35,no_history,3.463215,2.1877906,1.0,3,3,1.0,2,2,1.0
2869170,test,a34_35,no_history,3.472813,3.8547711,1.0,3,3,1.0,2,2,1.0
2897006,test,a34_35,no_history,3.5001771,3.2996137,1.0,3,3,1.0,2,6,1.0
2900171,test,a34_35,no_history,3.459546,3.6154544,1.0,3,3,1.0,2,2,1.0
2907006,test,a34_35,no_history,2.94141,2.5451865,1.0,3,3,1.0,2,2,1.0
2920030,test,a34_35,no_history,3.2303667,3.68331,1.0,3,2,1.0,2,3,1.0
3107001,test,a34_35,no_history,3.2014832,3.5433505,1.0,3,3,1.0,2,2,1.0
3137007,test,a34_35,no_history,2.264263,2.4969764,1.0,3,3,1.0,2,6,1.0
3283002,test,a34_35,no_history,2.4349174,4.138284,1.0,3,2,1.0,2,6,1.0
3492001,test,a34_35,no_history,2.4283357,3.8507123,1.0,3,3,1.0,2,2,1.0
5016170,test,a34_35,no_history,2.4976377,2.4672387,1.0,3,3,1.0,6,4,1.0
5082003,test,a34_35,no_history,2.2485633,3.6362765,1.0,3,3,1.0,2,2,1.0
5145032,test,a34_35,no_history,2.6114805,3.4762192,1.0,3,3,1.0,6,6,1.0
5163030,test,a34_35,no_history,3.0785778,2.9795868,1.0,3,3,1.0,2,3,1.0
5177171,test,a34_35,no_history,2.8538785,1.3270341,1.0,3,3,1.0,2,6,1.0
5199178,test,a34_35,no_history,2.6109185,2.888504,1.0,3,3,1.0,2,2,1.0
5241030,test,a34_35,no_history,2.2503169,3.3329153,1.0,3,3,1.0,6,6,1.0
5264004,test,a34_35,no_history,2.7351074,3.36784,1.0,3,3,1.0,2,2,1.0
5294003,test,a34_35,no_history,2.987207,3.537279,1.0,3,3,1.0,2,2,1.0
5299172,test,a34_35,no_history,3.0785298,2.8502738,1.0,3,3,1.0,2,2,1.0
5306002,test,a34_35,no_history,2.2445972,0.45013475,1.0,3,2,1.0,6,6,1.0
5350030,test,a34_35,no_history,2.4958987,3.0497952,1.0,3,3,1.0,2,6,1.0
5364006,test,a34_35,no_history,2.730248,3.475767,1.0,3,3,1.0,6,6,1.0
5366033,test,a34_35,no_history,2.424229,3.5589597,1.0,3,3,1.0,2,6,1.0
5406173,test,a34_35,no_history,2.446403,3.3717976,1.0,3,3,1.0,2,4,1.0
5424030,test,a34_35,no_history,2.832261,2.595237,1.0,3,3,1.0,2,6,1.0
5425003,test,a34_35,no_history,2.4140213,0.48401323,1.0,3,2,1.0,2,2,1.0
5430031,test,a34_35,no_history,2.5002372,0.0,1.0,3,3,1.0,2,6,1.0
5430171,test,a34_35,no_history,2.4687855,3.8255706,1.0,3,3,1.0,6,6,1.0
5443007,test,a34_35,no_history,2.0257916,2.4250603,1.0,3,3,1.0,6,2,1.0
5464032,test,a34_35,no_history,2.530222,2.8707297,1.0,3,3,1.0,6,2,1.0
5488007,test,a34_35,no_history,2.3258476,2.7225564,1.0,3,3,1.0,6,2,1.0
5494005,test,a34_35,no_history,3.0773606,3.9408863,1.0,3,3,1.0,2,6,1.0
5513030,test,a34_35,no_history,2.5111985,3.1696036,1.0,3,3,1.0,6,6,1.0
5549006,test,a34_35,no_history,2.2311223,2.8014016,1.0,3,2,1.0,2,3,1.0
5553173,test,a34_35,no_history,2.5875437,3.9032092,1.0,3,3,1.0,6,2,1.0
5560186,test,a34_35,no_history,2.987821,3.8197687,1.0,3,3,1.0,2,2,1.0
5569009,test,a34_35,no_history,2.8623595,3.4386227,1.0,3,3,1.0,2,2,1.0
5570010,test,a34_35,no_history,3.0293355,3.9157524,1.0,3,3,1.0,2,4,1.0
5570012,test,a34_35,no_history,3.0757704,3.1862996,1.0,3,3,1.0,2,6,1.0
5570033,test,a34_35,no_history,2.9695444,3.249376,1.0,3,3,1.0,2,2,1.0
5576031,test,a34_35,no_history,2.3511996,3.0570593,1.0,3,3,1.0,2,2,1.0
5614005,test,a34_35,no_history,2.7425232,2.9017913,1.0,3,3,1.0,6,3,1.0
5615010,test,a34_35,no_history,2.4019423,3.4926202,1.0,3,3,1.0,6,2,1.0
5615181,test,a34_35,no_history,3.1243305,2.9341648,1.0,3,3,1.0,2,2,1.0
5621170,test,a34_35,no_history,3.0785298,3.1195464,1.0,3,3,1.0,2,2,1.0
5626010,test,a34_35,no_history,2.6109185,2.9627197,1.0,3,2,1.0,2,2,1.0
5634188,test,a34_35,no_history,2.9972317,3.9144979,1.0,3,3,1.0,2,5,1.0
5635031,test,a34_35,no_history,3.0019069,2.974314,1.0,3,3,1.0,2,2,1.0
5646006,test,a34_35,no_history,2.3548307,0.3688904,1.0,3,3,1.0,2,6,1.0
5660005,test,a34_35,no_history,2.2919943,3.0857325,1.0,3,3,1.0,2,2,1.0
5664003,test,a34_35,no_history,2.2241163,1.1182684,1.0,3,3,1.0,6,6,1.0
5676007,test,a34_35,no_history,2.8369844,3.820191,1.0,3,3,1.0,2,4,1.0
5678030,test,a34_35,no_history,2.1856945,2.51976,1.0,3,2,1.0,6,6,1.0
5684034,test,a34_35,no_history,2.7323828,3.496005,1.0,3,3,1.0,2,3,1.0
5784005,test,a34_35,no_history,2.2790635,0.0,1.0,3,2,1.0,2,6,1.0
5819005,test,a34_35,no_history,1.9878682,1.6023945,1.0,3,2,1.0,6,6,1.0
5821008,test,a34_35,no_history,2.9907634,2.913222,1.0,3,3,1.0,2,2,1.0
5863033,test,a34_35,no_history,2.4265387,1.6256766,1.0,3,2,1.0,6,6,1.0
5921003,test,a34_35,no_history,2.6708481,3.6592255,1.0,3,3,1.0,6,6,1.0
5922010,test,a34_35,no_history,3.0870142,2.873433,1.0,3,3,1.0,2,6,1.0
5938031,test,a34_35,no_history,2.1927285,0.0,1.0,3,2,1.0,6,6,1.0
5960033,test,a34_35,no_history,2.8019576,2.8802483,1.0,3,3,1.0,2,3,1.0
5995005,test,a34_35,no_history,2.3925316,0.5575978,1.0,3,2,1.0,6,6,1.0
6028032,test,a34_35,no_history,2.5517688,2.7959223,1.0,3,3,1.0,6,6,1.0
6030005,test,a34_35,no_history,2.8516247,3.6211877,1.0,3,3,1.0,2,6,1.0
6030008,test,a34_35,no_history,3.0006545,3.714141,1.0,3,3,1.0,2,6,1.0
6093006,test,a34_35,no_history,2.0501668,2.4245872,1.0,3,3,1.0,6,6,1.0
6093011,test,a34_35,no_history,2.5041099,2.5032198,1.0,3,3,1.0,6,6,1.0
6114182,test,a34_35,no_history,2.6109185,3.1132894,1.0,3,3,1.0,2,3,1.0
6120195,test,a34_35,no_history,2.481411,0.83994776,1.0,3,2,1.0,6,2,1.0
6121030,test,a34_35,no_history,2.1883616,3.7940028,1.0,3,3,1.0,6,6,1.0
6179003,test,a34_35,no_history,3.067219,3.4774165,1.0,3,3,1.0,2,2,1.0
6179170,test,a34_35,no_history,2.446403,0.3768285,1.0,3,2,1.0,2,2,1.0
6191006,test,a34_35,no_history,2.207175,3.5682108,1.0,3,3,1.0,2,2,1.0
6200175,test,a34_35,no_history,3.1243305,3.159689,1.0,3,2,1.0,2,2,1.0
6210007,test,a34_35,no_history,2.822803,3.315958,1.0,3,3,1.0,2,2,1.0
6210008,test,a34_35,no_history,2.9168022,1.8576616,1.0,3,2,1.0,2,6,1.0
6350007,test,a34_35,no_history,2.5522366,2.6312733,1.0,3,3,1.0,2,6,1.0
6365010,test,a34_35,no_history,2.5003712,2.3485115,1.0,3,3,1.0,6,6,1.0
6365011,test,a34_35,no_history,2.6058462,1.4984527,1.0,3,2,1.0,6,2,1.0
6365177,test,a34_35,no_history,3.1243305,3.154596,1.0,3,3,1.0,2,2,1.0
6381008,test,a34_35,no_history,3.191728,4.0242934,1.0,3,3,1.0,2,4,1.0
6444003,test,a34_35,no_history,3.076995,3.0920978,1.0,3,3,1.0,2,2,1.0
6475006,test,a34_35,no_history,1.9649602,0.88690853,1.0,3,2,1.0,6,6,1.0
6475007,test,a34_35,no_history,2.0460527,0.0,1.0,3,2,1.0,6,6,1.0
6509004,test,a34_35,no_history,2.86751,2.9017913,1.0,3,2,1.0,2,2,1.0
6545008,test,a34_35,no_history,3.0006425,3.81034,1.0,3,3,1.0,2,2,1.0
6571003,test,a34_35,no_history,2.5301144,3.97414,1.0,3,3,1.0,2,6,1.0
6635009,test,a34_35,no_history,2.1107829,0.0,1.0,3,2,1.0,6,4,1.0
6663030,test,a34_35,no_history,2.9779193,3.9220536,1.0,3,3,1.0,2,6,1.0
6674003,test,a34_35,no_history,2.9943233,3.3930228,1.0,3,3,1.0,2,2,1.0
6674005,test,a34_35,no_history,2.3964455,3.3309689,1.0,3,3,1.0,2,2,1.0
6736181,test,a34_35,no_history,3.0785298,0.95784134,1.0,3,3,1.0,2,2,1.0
6740003,test,a34_35,no_history,2.2021244,2.6543815,1.0,3,3,1.0,6,2,1.0
6769008,test,a34_35,no_history,2.2099583,1.5597403,1.0,3,2,1.0,2,4,1.0
6779033,test,a34_35,no_history,2.1551445,0.0,1.0,3,2,1.0,6,6,1.0
6030,test,a36_37,no_history,2.876944,3.74332,1.0,3,3,1.0,2,2,1.0
10030,test,a36_37,no_history,2.6477957,4.447782,1.0,3,3,1.0,2,2,1.0
41008,test,a36_37,no_history,2.2273455,0.0,1.0,3,2,1.0,2,2,1.0
68003,test,a36_37,no_history,3.5915704,4.3019257,1.0,3,3,1.0,2,2,1.0
127030,test,a36_37,no_history,2.8338616,1.1681,1.0,3,2,1.0,2,2,1.0
127031,test,a36_37,no_history,2.859058,3.8766596,1.0,3,3,1.0,2,2,1.0
129031,test,a36_37,no_history,2.213963,0.0,1.0,3,2,1.0,2,2,1.0
129196,test,a36_37,no_history,3.4915936,2.9811652,1.0,3,3,1.0,2,2,1.0
165030,test,a36_37,no_history,3.1135406,3.8713226,1.0,3,3,1.0,2,2,1.0
284004,test,a36_37,no_history,3.690751,4.153324,1.0,3,3,1.0,2,2,1.0
301032,test,a36_37,no_history,3.5609803,4.375446,1.0,3,3,1.0,2,6,1.0
327003,test,a36_37,no_history,2.7910366,3.8161197,1.0,3,3,1.0,2,2,1.0
327171,test,a36_37,no_history,2.677231,0.0,1.0,3,2,1.0,2,2,1.0
327172,test,a36_37,no_history,2.473342,3.3073823,1.0,3,3,1.0,2,2,1.0
331005,test,a36_37,no_history,3.2146351,4.384486,1.0,3,3,1.0,2,2,1.0
344178,test,a36_37,no_history,2.5420492,3.283957,1.0,3,3,1.0,2,2,1.0
461030,test,a36_37,no_history,3.5766237,3.416885,1.0,3,3,1.0,2,2,1.0
486004,test,a36_37,no_history,3.5314476,3.7570312,1.0,3,3,1.0,2,2,1.0
563183,test,a36_37,no_history,2.670506,3.9435904,1.0,3,3,1.0,2,2,1.0
577004,test,a36_37,no_history,2.3477225,3.4728677,1.0,3,3,1.0,2,2,1.0
607030,test,a36_37,no_history,3.5883145,3.736019,1.0,3,3,1.0,2,2,1.0
613173,test,a36_37,no_history,2.4454498,4.599529,1.0,3,3,1.0,2,2,1.0
634008,test,a36_37,no_history,2.8847914,3.2418456,1.0,3,3,1.0,2,6,1.0
652005,test,a36_37,no_history,3.3343334,3.4032557,1.0,3,3,1.0,2,2,1.0
672003,test,a36_37,no_history,3.2280235,3.3391197,1.0,3,3,1.0,2,4,1.0
691175,test,a36_37,no_history,2.4769917,2.3309872,1.0,3,3,1.0,2,2,1.0
699031,test,a36_37,no_history,2.760377,3.3599384,1.0,3,3,1.0,2,6,1.0
722178,test,a36_37,no_history,2.4601989,0.0,1.0,3,2,1.0,2,2,1.0
771003,test,a36_37,no_history,2.8055987,2.9920292,1.0,3,3,1.0,2,2,1.0
775005,test,a36_37,no_history,3.5365696,3.612571,1.0,3,3,1.0,2,2,1.0
796006,test,a36_37,no_history,3.5084639,3.5002303,1.0,3,3,1.0,2,6,1.0
844003,test,a36_37,no_history,3.5940409,3.4309494,1.0,3,3,1.0,2,2,1.0
863006,test,a36_37,no_history,2.7376895,3.216545,1.0,3,3,1.0,2,2,1.0
863173,test,a36_37,no_history,3.447723,3.6074202,1.0,3,3,1.0,2,2,1.0
866172,test,a36_37,no_history,3.2776504,2.7199008,1.0,3,3,1.0,2,2,1.0
868005,test,a36_37,no_history,3.4761481,3.7930343,1.0,3,3,1.0,2,2,1.0
875030,test,a36_37,no_history,3.0598288,0.0,1.0,3,2,1.0,2,2,1.0
897006,test,a36_37,no_history,3.398521,2.712402,1.0,3,2,1.0,2,4,1.0
922171,test,a36_37,no_history,3.515208,4.013992,1.0,3,3,1.0,2,2,1.0
934030,test,a36_37,no_history,2.857801,4.2906785,1.0,3,3,1.0,2,2,1.0
935005,test,a36_37,no_history,3.0770671,1.9161729,1.0,3,3,1.0,2,2,1.0
935176,test,a36_37,no_history,3.4653304,3.945999,1.0,3,3,1.0,2,2,1.0
939030,test,a36_37,no_history,3.2684746,0.0,1.0,3,2,1.0,2,2,1.0
964003,test,a36_37,no_history,2.688115,3.0027869,1.0,3,3,1.0,2,6,1.0
970004,test,a36_37,no_history,3.4355743,3.9361787,1.0,3,3,1.0,2,2,1.0
982004,test,a36_37,no_history,3.4536414,3.7953534,1.0,3,3,1.0,2,4,1.0
1033030,test,a36_37,no_history,3.1733704,4.0324144,1.0,3,3,1.0,2,4,1.0
1036003,test,a36_37,no_history,3.6912236,2.5812607,1.0,3,3,1.0,2,2,1.0
1048006,test,a36_37,no_history,2.5265212,0.3958271,1.0,3,3,1.0,2,2,1.0
1055172,test,a36_37,no_history,2.677231,3.6951494,1.0,3,3,1.0,2,2,1.0
1060175,test,a36_37,no_history,2.5714319,2.6840017,1.0,3,3,1.0,2,2,1.0
1064171,test,a36_37,no_history,3.4915936,4.499283,1.0,3,3,1.0,2,2,1.0
1072171,test,a36_37,no_history,3.4915936,3.753342,1.0,3,3,1.0,2,2,1.0
1084175,test,a36_37,no_history,2.7144408,1.176917,1.0,3,2,1.0,2,2,1.0
1100172,test,a36_37,no_history,2.5714319,3.616172,1.0,3,3,1.0,2,2,1.0
1141171,test,a36_37,no_history,2.5404818,0.0,0.0,3,-1,0.0,2,-1,0.0
1142030,test,a36_37,no_history,3.5027504,2.9372149,1.0,3,3,1.0,2,2,1.0
1144032,test,a36_37,no_history,3.5031705,3.9697835,1.0,3,3,1.0,2,2,1.0
1149171,test,a36_37,no_history,3.3896127,3.6696174,1.0,3,3,1.0,2,2,1.0
1162030,test,a36_37,no_history,2.7580898,3.5584557,1.0,3,3,1.0,2,4,1.0
1167030,test,a36_37,no_history,2.5562115,0.0,1.0,3,2,1.0,6,6,1.0
1168008,test,a36_37,no_history,2.521192,3.2307491,1.0,3,3,1.0,6,3,1.0
1222179,test,a36_37,no_history,2.5420492,2.6426997,1.0,3,3,1.0,2,2,1.0
1260008,test,a36_37,no_history,2.7157688,2.9115193,1.0,3,3,1.0,2,2,1.0
1269030,test,a36_37,no_history,2.7465427,4.35901,1.0,3,3,1.0,2,4,1.0
1292030,test,a36_37,no_history,2.6032166,3.3329153,1.0,3,2,1.0,2,4,1.0
1298005,test,a36_37,no_history,3.0512397,3.0895898,1.0,3,3,1.0,2,2,1.0
1306030,test,a36_37,no_history,3.659583,4.886779,1.0,3,3,1.0,2,2,1.0
1335179,test,a36_37,no_history,2.4769917,3.2806733,1.0,3,3,1.0,2,2,1.0
1353030,test,a36_37,no_history,2.921027,0.0,1.0,3,2,1.0,2,2,1.0
1384030,test,a36_37,no_history,3.6248708,3.7110548,1.0,3,3,1.0,2,2,1.0
1399008,test,a36_37,no_history,3.1657379,4.0375032,1.0,3,3,1.0,2,4,1.0
1415004,test,a36_37,no_history,2.2389998,2.5033958,1.0,3,3,1.0,2,2,1.0
1430005,test,a36_37,no_history,3.658617,0.0,1.0,3,3,1.0,2,6,1.0
1431003,test,a36_37,no_history,3.2716503,3.7768457,1.0,3,3,1.0,2,2,1.0
1431004,test,a36_37,no_history,2.6998048,0.0,1.0,3,2,1.0,2,2,1.0
1431172,test,a36_37,no_history,3.4915936,4.85698,1.0,3,3,1.0,2,2,1.0
1462004,test,a36_37,no_history,3.3055441,3.0797172,1.0,3,2,1.0,2,2,1.0
1520173,test,a36_37,no_history,3.3892784,3.835209,1.0,3,3,1.0,2,2,1.0
1522175,test,a36_37,no_history,2.5420492,4.5301976,1.0,3,3,1.0,2,2,1.0
1542006,test,a36_37,no_history,2.7389894,4.8355174,1.0,3,3,1.0,2,2,1.0
1542177,test,a36_37,no_history,3.3896127,4.1511307,1.0,3,3,1.0,2,2,1.0
1567031,test,a36_37,no_history,3.6223278,3.547917,1.0,3,3,1.0,2,6,1.0
1608031,test,a36_37,no_history,3.3714514,3.8730197,1.0,3,3,1.0,2,4,1.0
1612003,test,a36_37,no_history,3.561419,3.6263752,1.0,3,3,1.0,2,2,1.0
1621003,test,a36_37,no_history,2.5167532,3.2996137,1.0,3,3,1.0,2,2,1.0
1648003,test,a36_37,no_history,3.5311418,2.9653394,1.0,3,3,1.0,2,2,1.0
1648030,test,a36_37,no_history,3.5970826,0.0453653,1.0,3,2,1.0,2,6,1.0
1670172,test,a36_37,no_history,3.0998464,2.8368268,1.0,3,3,1.0,2,2,1.0
1684170,test,a36_37,no_history,2.3925016,0.0,0.0,3,-1,0.0,2,-1,0.0
1690030,test,a36_37,no_history,3.5596304,4.1288514,1.0,3,3,1.0,2,4,1.0
1692176,test,a36_37,no_history,3.299726,0.0,0.0,3,-1,0.0,2,-1,0.0
1695030,test,a36_37,no_history,2.6757052,3.1334782,1.0,3,3,1.0,2,2,1.0
1697036,test,a36_37,no_history,3.3892813,3.9229333,1.0,3,3,1.0,2,2,1.0
1698170,test,a36_37,no_history,2.525247,3.5876048,1.0,3,3,1.0,2,2,1.0
1700031,test,a36_37,no_history,3.5151274,3.2409673,1.0,3,3,1.0,2,4,1.0
1701003,test,a36_37,no_history,2.7560008,3.916388,1.0,3,3,1.0,2,6,1.0
1711003,test,a36_37,no_history,2.6789157,0.0,1.0,3,3,1.0,2,2,1.0
1711171,test,a36_37,no_history,3.4915936,3.416885,1.0,3,3,1.0,2,2,1.0
1732005,test,a36_37,no_history,2.5524895,3.1862996,1.0,3,3,1.0,2,4,1.0
1762187,test,a36_37,no_history,2.5714319,0.0,1.0,3,2,1.0,2,2,1.0
1786187,test,a36_37,no_history,3.4798646,0.0,0.0,3,-1,0.0,2,-1,0.0
1837006,test,a36_37,no_history,3.559824,2.8220248,1.0,3,3,1.0,2,2,1.0
1850172,test,a36_37,no_history,2.6406357,3.216545,1.0,3,3,1.0,2,2,1.0
1878030,test,a36_37,no_history,3.241777,3.456708,1.0,3,3,1.0,2,4,1.0
1879030,test,a36_37,no_history,3.6991756,4.019886,1.0,3,3,1.0,2,3,1.0
1905004,test,a36_37,no_history,3.6010504,3.9048967,1.0,3,3,1.0,2,2,1.0
1919009,test,a36_37,no_history,3.0086432,0.0,1.0,3,3,1.0,2,2,1.0
1935004,test,a36_37,no_history,2.6418555,2.7594547,1.0,3,2,1.0,2,2,1.0
1936030,test,a36_37,no_history,3.079,0.26956925,1.0,3,3,1.0,2,2,1.0
1978171,test,a36_37,no_history,2.4769917,3.1327703,1.0,3,3,1.0,2,2,1.0
2030031,test,a36_37,no_history,3.5398016,3.7052534,1.0,3,3,1.0,2,2,1.0
2117003,test,a36_37,no_history,2.6138146,2.7586699,1.0,3,3,1.0,2,2,1.0
2150172,test,a36_37,no_history,2.6406357,1.9554864,1.0,3,3,1.0,2,2,1.0
2199182,test,a36_37,no_history,3.299726,3.717534,1.0,3,3,1.0,2,2,1.0
2206030,test,a36_37,no_history,2.9631314,3.1858559,1.0,3,3,1.0,2,2,1.0
2212031,test,a36_37,no_history,3.0465508,4.677089,1.0,3,3,1.0,2,2,1.0
2238004,test,a36_37,no_history,3.5565772,1.8278397,1.0,3,3,1.0,2,4,1.0
2238172,test,a36_37,no_history,2.7144408,3.489942,1.0,3,3,1.0,2,2,1.0
2252172,test,a36_37,no_history,3.4653304,3.048963,1.0,3,3,1.0,2,2,1.0
2255030,test,a36_37,no_history,3.6650736,4.375135,1.0,3,3,1.0,2,2,1.0
2277008,test,a36_37,no_history,2.7390664,2.6412227,1.0,3,3,1.0,2,2,1.0
2311172,test,a36_37,no_history,2.7144408,1.7356842,1.0,3,3,1.0,2,2,1.0
2330003,test,a36_37,no_history,3.61662,4.0433564,1.0,3,3,1.0,2,2,1.0
2338003,test,a36_37,no_history,3.5679793,4.4704823,1.0,3,3,1.0,2,6,1.0
2341004,test,a36_37,no_history,3.1825953,3.4036195,1.0,3,2,1.0,2,4,1.0
2341005,test,a36_37,no_history,3.1978378,0.0,1.0,3,3,1.0,2,2,1.0
2354004,test,a36_37,no_history,2.4283803,2.4975948,1.0,3,3,1.0,2,2,1.0
2392004,test,a36_37,no_history,2.5453541,2.7225564,1.0,3,3,1.0,2,2,1.0
2393005,test,a36_37,no_history,3.5848222,3.951662,1.0,3,3,1.0,2,2,1.0
2393171,test,a36_37,no_history,3.3204288,4.04496,1.0,3,3,1.0,2,2,1.0
2409006,test,a36_37,no_history,3.466133,2.6774976,1.0,3,3,1.0,2,2,1.0
2409171,test,a36_37,no_history,2.5420492,2.409316,1.0,3,3,1.0,2,2,1.0
2422178,test,a36_37,no_history,3.4335587,3.249376,1.0,3,3,1.0,2,2,1.0
2459030,test,a36_37,no_history,3.3309348,3.8719819,1.0,3,3,1.0,2,4,1.0
2474030,test,a36_37,no_history,3.1209936,3.8730197,1.0,3,3,1.0,2,2,1.0
2474171,test,a36_37,no_history,2.5242038,1.1140053,1.0,3,2,1.0,2,2,1.0
2485173,test,a36_37,no_history,2.5420492,2.508309,1.0,3,3,1.0,2,4,1.0
2496172,test,a36_37,no_history,3.483761,4.096741,1.0,3,3,1.0,2,4,1.0
2502005,test,a36_37,no_history,3.315155,3.166873,1.0,3,3,1.0,2,2,1.0
2510171,test,a36_37,no_history,2.5420492,3.910636,1.0,3,3,1.0,2,2,1.0
2525174,test,a36_37,no_history,2.525247,2.2554643,1.0,3,3,1.0,2,2,1.0
2530184,test,a36_37,no_history,2.4769917,2.9075313,1.0,3,3,1.0,2,2,1.0
2547171,test,a36_37,no_history,3.3896127,4.1239767,1.0,3,3,1.0,2,2,1.0
2580030,test,a36_37,no_history,3.5843234,4.800682,1.0,3,3,1.0,2,2,1.0
2593171,test,a36_37,no_history,2.4109137,4.3840117,1.0,3,3,1.0,2,4,1.0
2615031,test,a36_37,no_history,3.4013069,3.145773,1.0,3,3,1.0,2,2,1.0
2642030,test,a36_37,no_history,2.5704346,3.1858559,1.0,3,3,1.0,2,2,1.0
2655002,test,a36_37,no_history,2.7946935,0.0,1.0,3,2,1.0,2,2,1.0
2705031,test,a36_37,no_history,3.6371565,3.901413,1.0,3,3,1.0,2,4,1.0
2707179,test,a36_37,no_history,3.5027504,2.9886043,1.0,3,3,1.0,2,2,1.0
2714031,test,a36_37,no_history,3.5162666,3.843872,1.0,3,3,1.0,2,2,1.0
2717004,test,a36_37,no_history,3.5155468,3.737305,1.0,3,3,1.0,2,2,1.0
2738171,test,a36_37,no_history,3.5231934,4.886779,1.0,3,3,1.0,2,2,1.0
2794003,test,a36_37,no_history,3.515208,3.5598774,1.0,3,3,1.0,2,2,1.0
2845030,test,a36_37,no_history,3.102005,2.2176964,1.0,3,2,1.0,2,2,1.0
2847030,test,a36_37,no_history,2.0470963,3.5965803,1.0,3,2,1.0,6,6,1.0
2848174,test,a36_37,no_history,2.470011,0.0,1.0,3,2,1.0,2,6,1.0
2852006,test,a36_37,no_history,2.8455348,2.711484,1.0,3,3,1.0,2,2,1.0
2852030,test,a36_37,no_history,3.481159,2.4002507,1.0,3,3,1.0,2,2,1.0
2869170,test,a36_37,no_history,3.4915936,3.9665751,1.0,3,3,1.0,2,2,1.0
2897006,test,a36_37,no_history,3.5189886,3.8678546,1.0,3,3,1.0,2,6,1.0
2900171,test,a36_37,no_history,3.4798646,0.0,1.0,3,3,1.0,2,2,1.0
2907006,test,a36_37,no_history,2.9634056,2.5724497,1.0,3,3,1.0,2,2,1.0
2920030,test,a36_37,no_history,3.2498925,3.8583722,1.0,3,3,1.0,2,4,1.0
3107001,test,a36_37,no_history,3.2205215,3.456255,1.0,3,3,1.0,2,2,1.0
3137007,test,a36_37,no_history,2.2894049,2.624188,1.0,3,3,1.0,2,6,1.0
3283002,test,a36_37,no_history,2.4580808,3.1844463,1.0,3,3,1.0,2,6,1.0
3492001,test,a36_37,no_history,2.4518554,3.896652,1.0,3,3,1.0,2,2,1.0
5016170,test,a36_37,no_history,2.5229647,2.5121129,1.0,3,3,1.0,6,4,1.0
5082003,test,a36_37,no_history,2.2737617,3.835146,1.0,3,3,1.0,2,3,1.0
5145032,test,a36_37,no_history,2.6323187,3.5205016,1.0,3,3,1.0,6,6,1.0
5163030,test,a36_37,no_history,3.0969746,3.3018157,1.0,3,3,1.0,2,3,1.0
5177171,test,a36_37,no_history,2.8743048,0.8605063,1.0,3,3,1.0,2,6,1.0
5199178,test,a36_37,no_history,2.6351364,2.9653394,1.0,3,3,1.0,2,2,1.0
5241030,test,a36_37,no_history,2.2737532,3.3667955,1.0,3,3,1.0,6,6,1.0
5264004,test,a36_37,no_history,2.7572882,3.4554605,1.0,3,3,1.0,2,2,1.0
5294003,test,a36_37,no_history,3.0090263,3.5366516,1.0,3,3,1.0,2,2,1.0
5299172,test,a36_37,no_history,3.0998464,1.9603477,1.0,3,3,1.0,2,2,1.0
5306002,test,a36_37,no_history,2.2682834,0.4569097,1.0,3,2,1.0,6,6,1.0
5350030,test,a36_37,no_history,2.5175998,2.4829748,1.0,3,3,1.0,2,6,1.0
5364006,test,a36_37,no_history,2.7532752,3.489942,1.0,3,3,1.0,6,6,1.0
5366033,test,a36_37,no_history,2.4466157,3.6431746,1.0,3,3,1.0,2,6,1.0
5406173,test,a36_37,no_history,2.470011,3.549721,1.0,3,3,1.0,2,4,1.0
5424030,test,a36_37,no_history,2.8548944,3.3871381,1.0,3,3,1.0,2,6,1.0
5425003,test,a36_37,no_history,2.4383302,2.222384,1.0,3,3,1.0,2,2,1.0
5430031,test,a36_37,no_history,2.5222788,0.7351825,1.0,3,3,1.0,2,6,1.0
5430171,test,a36_37,no_history,2.4939241,3.9490166,1.0,3,3,1.0,6,6,1.0
5443007,test,a36_37,no_history,2.0511763,2.7594547,1.0,3,3,1.0,6,2,1.0
5464032,test,a36_37,no_history,2.5553277,2.973692,1.0,3,3,1.0,6,2,1.0
5488007,test,a36_37,no_history,2.3529902,2.6645033,1.0,3,3,1.0,6,2,1.0
5494005,test,a36_37,no_history,3.0974991,4.218239,1.0,3,3,1.0,2,6,1.0
5513030,test,a36_37,no_history,2.5326612,3.4137402,1.0,3,2,1.0,6,6,1.0
5549006,test,a36_37,no_history,2.2557173,2.9669845,1.0,3,3,1.0,2,4,1.0
5553173,test,a36_37,no_history,2.6124268,3.955009,1.0,3,3,1.0,6,2,1.0
5560186,test,a36_37,no_history,3.0073085,3.627258,1.0,3,3,1.0,2,2,1.0
5569009,test,a36_37,no_history,2.8847876,3.5573397,1.0,3,3,1.0,2,2,1.0
5570010,test,a36_37,no_history,3.0513067,3.6598773,1.0,3,3,1.0,2,4,1.0
5570012,test,a36_37,no_history,3.0972424,2.9124293,1.0,3,3,1.0,2,6,1.0
5570033,test,a36_37,no_history,2.9891982,3.1070757,1.0,3,3,1.0,2,2,1.0
5576031,test,a36_37,no_history,2.3743284,3.0814157,1.0,3,3,1.0,2,3,1.0
5614005,test,a36_37,no_history,2.7655265,2.844158,1.0,3,3,1.0,6,3,1.0
5615010,test,a36_37,no_history,2.4282227,3.3217459,1.0,3,3,1.0,6,2,1.0
5615181,test,a36_37,no_history,3.1440098,3.5781584,1.0,3,3,1.0,2,2,1.0
5621170,test,a36_37,no_history,3.0998464,0.0,1.0,3,3,1.0,2,2,1.0
5626010,test,a36_37,no_history,2.6351364,0.0,0.0,3,-1,0.0,2,-1,0.0
5634188,test,a36_37,no_history,3.0167396,0.0,0.0,3,-1,0.0,2,-1,0.0
5635031,test,a36_37,no_history,3.021506,2.9446492,1.0,3,3,1.0,2,2,1.0
5646006,test,a36_37,no_history,2.379655,2.2722006,1.0,3,2,1.0,2,6,1.0
5660005,test,a36_37,no_history,2.3157706,2.2830377,1.0,3,3,1.0,2,2,1.0
5664003,test,a36_37,no_history,2.2478292,2.5692537,1.0,3,2,1.0,6,6,1.0
5676007,test,a36_37,no_history,2.8589125,3.3618436,1.0,3,3,1.0,2,2,1.0
5678030,test,a36_37,no_history,2.2096298,0.0,1.0,3,2,1.0,6,6,1.0
5684034,test,a36_37,no_history,2.7520716,4.2188535,1.0,3,3,1.0,2,4,1.0
5784005,test,a36_37,no_history,2.3029428,0.0,1.0,3,2,1.0,2,6,1.0
5819005,test,a36_37,no_history,2.0135746,0.0,1.0,3,2,1.0,6,6,1.0
5821008,test,a36_37,no_history,3.0125856,2.9754534,1.0,3,3,1.0,2,2,1.0
5863033,test,a36_37,no_history,2.4490478,1.6931183,1.0,3,3,1.0,6,6,1.0
5921003,test,a36_37,no_history,2.6936855,2.588116,1.0,3,3,1.0,6,6,1.0
5922010,test,a36_37,no_history,3.1075325,2.8533432,1.0,3,3,1.0,2,6,1.0
5938031,test,a36_37,no_history,2.2178688,0.0,1.0,3,2,1.0,6,6,1.0
5960033,test,a36_37,no_history,2.8210623,3.0051901,1.0,3,3,1.0,2,6,1.0
5995005,test,a36_37,no_history,2.4154606,2.366327,1.0,3,2,1.0,6,6,1.0
6028032,test,a36_37,no_history,2.576458,3.2584245,1.0,3,3,1.0,6,6,1.0
6030005,test,a36_37,no_history,2.874081,3.3861604,1.0,3,3,1.0,2,6,1.0
6030008,test,a36_37,no_history,3.0212903,3.5397089,1.0,3,3,1.0,2,6,1.0
6093006,test,a36_37,no_history,2.074483,2.0376515,1.0,3,3,1.0,6,6,1.0
6093011,test,a36_37,no_history,2.5293086,2.5042346,1.0,3,3,1.0,6,6,1.0
6114182,test,a36_37,no_history,2.6351364,0.0,0.0,3,-1,0.0,2,-1,0.0
6120195,test,a36_37,no_history,2.503646,0.0,1.0,3,2,1.0,6,2,1.0
6121030,test,a36_37,no_history,2.2131376,3.6931586,1.0,3,3,1.0,6,6,1.0
6179003,test,a36_37,no_history,3.0886686,3.3203936,1.0,3,3,1.0,2,2,1.0
6179170,test,a36_37,no_history,2.470011,0.0,1.0,3,2,1.0,2,2,1.0
6191006,test,a36_37,no_history,2.2319045,3.7471669,1.0,3,3,1.0,2,2,1.0
6200175,test,a36_37,no_history,3.1440098,3.1231244,1.0,3,3,1.0,2,2,1.0
6210007,test,a36_37,no_history,2.8447974,3.5546792,1.0,3,3,1.0,2,2,1.0
6210008,test,a36_37,no_history,2.93856,0.69897085,1.0,3,2,1.0,2,2,1.0
6350007,test,a36_37,no_history,2.5754416,1.7350653,1.0,3,3,1.0,2,2,1.0
6365010,test,a36_37,no_history,2.5255659,2.727774,1.0,3,3,1.0,6,6,1.0
6365011,test,a36_37,no_history,2.6299229,2.0153425,1.0,3,3,1.0,6,2,1.0
6365177,test,a36_37,no_history,3.1440098,0.0,0.0,3,3,1.0,2,2,1.0
6381008,test,a36_37,no_history,3.210891,4.1826577,1.0,3,3,1.0,2,4,1.0
6444003,test,a36_37,no_history,3.0977848,2.9450343,1.0,3,3,1.0,2,2,1.0
6475006,test,a36_37,no_history,1.9907174,0.65802634,1.0,3,3,1.0,6,6,1.0
6475007,test,a36_37,no_history,2.0712366,1.4497495,1.0,3,3,1.0,6,6,1.0
6509004,test,a36_37,no_history,2.8899174,3.0907397,1.0,3,3,1.0,2,2,1.0
6545008,test,a36_37,no_history,3.0223546,3.8915806,1.0,3,3,1.0,2,2,1.0
6571003,test,a36_37,no_history,2.5551317,3.935453,1.0,3,3,1.0,2,6,1.0
6635009,test,a36_37,no_history,2.1359663,0.0,1.0,3,2,1.0,6,4,1.0
6663030,test,a36_37,no_history,2.997773,4.1571207,1.0,3,3,1.0,2,6,1.0
6674003,test,a36_37,no_history,3.0161757,4.7621493,1.0,3,3,1.0,2,3,1.0
6674005,test,a36_37,no_history,2.420011,3.4580462,1.0,3,2,1.0,2,3,1.0
6736181,test,a36_37,no_history,3.0998464,2.5787773,1.0,3,3,1.0,2,2,1.0
6740003,test,a36_37,no_history,2.2265425,2.816746,1.0,3,3,1.0,6,2,1.0
6769008,test,a36_37,no_history,2.2345479,2.4743154,1.0,3,3,1.0,2,2,1.0
6779033,test,a36_37,no_history,2.1808488,0.0,1.0,3,2,1.0,6,6,1.0
6030,test,a38_39,no_history,2.8972902,3.749288,1.0,3,3,1.0,2,2,1.0
10030,test,a38_39,no_history,2.6722214,4.5234475,1.0,3,3,1.0,2,2,1.0
41008,test,a38_39,no_history,2.2541692,0.0,1.0,3,2,1.0,2,3,1.0
68003,test,a38_39,no_history,3.6116366,4.141229,1.0,3,3,1.0,2,2,1.0
127030,test,a38_39,no_history,2.853757,1.6800723,1.0,3,2,1.0,2,2,1.0
127031,test,a38_39,no_history,2.8788836,1.3273802,1.0,3,3,1.0,2,3,1.0
129031,test,a38_39,no_history,2.2409353,2.4149668,1.0,3,2,1.0,2,3,1.0
129196,test,a38_39,no_history,3.5121446,0.6038552,1.0,3,2,1.0,2,2,1.0
165030,test,a38_39,no_history,3.1322052,3.7935455,1.0,3,3,1.0,2,2,1.0
284004,test,a38_39,no_history,3.71197,4.218239,1.0,3,3,1.0,2,2,1.0
301032,test,a38_39,no_history,3.5830574,4.051456,1.0,3,3,1.0,2,6,1.0
327003,test,a38_39,no_history,2.811554,3.8576567,1.0,3,3,1.0,2,2,1.0
327171,test,a38_39,no_history,2.7039425,1.2899189,1.0,3,3,1.0,2,2,1.0
327172,test,a38_39,no_history,2.5006926,3.6687279,1.0,3,3,1.0,2,2,1.0
331005,test,a38_39,no_history,3.2348588,4.2639766,1.0,3,3,1.0,2,2,1.0
344178,test,a38_39,no_history,2.5695605,3.3562138,1.0,3,3,1.0,2,2,1.0
461030,test,a38_39,no_history,3.5968337,3.2707531,1.0,3,3,1.0,2,2,1.0
486004,test,a38_39,no_history,3.5517752,4.1858344,1.0,3,3,1.0,2,2,1.0
563183,test,a38_39,no_history,2.6972334,4.886779,1.0,3,3,1.0,2,2,1.0
577004,test,a38_39,no_history,2.3713949,2.6426997,1.0,3,3,1.0,2,2,1.0
607030,test,a38_39,no_history,3.6096497,4.340779,1.0,3,3,1.0,2,4,1.0
613173,test,a38_39,no_history,2.4738276,4.6204996,1.0,3,3,1.0,2,2,1.0
634008,test,a38_39,no_history,2.9070697,3.0124674,1.0,3,3,1.0,2,6,1.0
652005,test,a38_39,no_history,3.352868,3.381554,1.0,3,3,1.0,2,2,1.0
672003,test,a38_39,no_history,3.2470508,3.7277038,1.0,3,3,1.0,2,4,1.0
691175,test,a38_39,no_history,2.504539,3.1858559,1.0,3,3,1.0,2,2,1.0
699031,test,a38_39,no_history,2.7819586,3.5333405,1.0,3,3,1.0,2,6,1.0
722178,test,a38_39,no_history,2.4877322,0.0,1.0,3,2,1.0,2,2,1.0
771003,test,a38_39,no_history,2.8288283,3.4782934,1.0,3,3,1.0,2,2,1.0
775005,test,a38_39,no_history,3.5572128,0.0,1.0,3,2,1.0,2,2,1.0
796006,test,a38_39,no_history,3.52993,2.893335,1.0,3,3,1.0,2,6,1.0
844003,test,a38_39,no_history,3.6149092,3.416885,1.0,3,3,1.0,2,2,1.0
863006,test,a38_39,no_history,2.7629433,0.0,1.0,3,2,1.0,2,2,1.0
863173,test,a38_39,no_history,3.4678469,3.672806,1.0,3,3,1.0,2,2,1.0
866172,test,a38_39,no_history,3.2990708,2.6793635,1.0,3,3,1.0,2,2,1.0
868005,test,a38_39,no_history,3.4939008,3.7266295,1.0,3,3,1.0,2,2,1.0
875030,test,a38_39,no_history,3.0812023,0.0,1.0,3,2,1.0,2,2,1.0
897006,test,a38_39,no_history,3.4178474,2.9308307,1.0,3,3,1.0,2,4,1.0
922171,test,a38_39,no_history,3.537449,4.109105,1.0,3,3,1.0,2,2,1.0
934030,test,a38_39,no_history,2.878538,4.3578134,1.0,3,3,1.0,2,2,1.0
935005,test,a38_39,no_history,3.0957284,2.1372967,1.0,3,3,1.0,2,2,1.0
935176,test,a38_39,no_history,3.4864535,3.2996137,1.0,3,3,1.0,2,2,1.0
939030,test,a38_39,no_history,3.2857711,0.0,1.0,3,2,1.0,2,2,1.0
964003,test,a38_39,no_history,2.7107596,3.2050848,1.0,3,3,1.0,2,6,1.0
970004,test,a38_39,no_history,3.455278,2.0805924,1.0,3,3,1.0,2,2,1.0
982004,test,a38_39,no_history,3.4718661,3.4262018,1.0,3,3,1.0,2,2,1.0
1033030,test,a38_39,no_history,3.196752,3.8766596,1.0,3,3,1.0,2,2,1.0
1036003,test,a38_39,no_history,3.712989,3.149699,1.0,3,3,1.0,2,2,1.0
1048006,test,a38_39,no_history,2.5492504,2.4126072,1.0,3,3,1.0,2,2,1.0
1055172,test,a38_39,no_history,2.7039425,3.7397017,1.0,3,3,1.0,2,2,1.0
1060175,test,a38_39,no_history,2.6001291,2.8523908,1.0,3,3,1.0,2,2,1.0
1064171,test,a38_39,no_history,3.5121446,4.4858203,1.0,3,3,1.0,2,2,1.0
1072171,test,a38_39,no_history,3.5121446,2.8985991,1.0,3,3,1.0,2,2,1.0
1084175,test,a38_39,no_history,2.7422898,1.3963474,1.0,3,2,1.0,2,2,1.0
1100172,test,a38_39,no_history,2.6001291,3.8317928,1.0,3,3,1.0,2,2,1.0
1141171,test,a38_39,no_history,2.5677035,0.752443,1.0,3,3,1.0,2,2,1.0
1142030,test,a38_39,no_history,3.523282,3.3023171,1.0,3,3,1.0,2,2,1.0
1144032,test,a38_39,no_history,3.5238247,3.9551072,1.0,3,3,1.0,2,2,1.0
1149171,test,a38_39,no_history,3.4082105,2.588116,1.0,3,2,1.0,2,2,1.0
1162030,test,a38_39,no_history,2.7796419,3.4081893,1.0,3,3,1.0,2,2,1.0
1167030,test,a38_39,no_history,2.5773847,0.0,1.0,3,2,1.0,6,6,1.0
1168008,test,a38_39,no_history,2.5467832,3.1106615,1.0,3,3,1.0,6,3,1.0
1222179,test,a38_39,no_history,2.5695605,2.342743,1.0,3,3,1.0,2,2,1.0
1260008,test,a38_39,no_history,2.7387064,2.241885,1.0,3,3,1.0,2,2,1.0
1269030,test,a38_39,no_history,2.7663362,3.9591064,1.0,3,3,1.0,2,4,1.0
1292030,test,a38_39,no_history,2.6239111,2.9246223,1.0,3,2,1.0,2,4,1.0
1298005,test,a38_39,no_history,3.0725293,3.2996137,1.0,3,3,1.0,2,2,1.0
1306030,test,a38_39,no_history,3.6815963,4.886779,1.0,3,3,1.0,2,2,1.0
1335179,test,a38_39,no_history,2.504539,3.2282774,1.0,3,3,1.0,2,2,1.0
1353030,test,a38_39,no_history,2.9403882,0.0,1.0,3,2,1.0,2,2,1.0
1384030,test,a38_39,no_history,3.6462493,3.8597128,1.0,3,3,1.0,2,2,1.0
1399008,test,a38_39,no_history,3.184705,3.9200065,1.0,3,3,1.0,2,4,1.0
1415004,test,a38_39,no_history,2.2643485,2.7496648,1.0,3,3,1.0,2,2,1.0
1430005,test,a38_39,no_history,3.6799006,0.0,1.0,3,3,1.0,2,6,1.0
1431003,test,a38_39,no_history,3.2900465,3.8332024,1.0,3,3,1.0,2,2,1.0
1431004,test,a38_39,no_history,2.721476,1.9831173,1.0,3,3,1.0,2,2,1.0
1431172,test,a38_39,no_history,3.5121446,4.455336,1.0,3,3,1.0,2,2,1.0
1462004,test,a38_39,no_history,3.325189,0.0,1.0,3,2,1.0,2,2,1.0
1520173,test,a38_39,no_history,3.4104447,3.9155073,1.0,3,3,1.0,2,2,1.0
1522175,test,a38_39,no_history,2.5695605,4.768415,1.0,3,3,1.0,2,2,1.0
1542006,test,a38_39,no_history,2.7597935,4.418266,1.0,3,3,1.0,2,2,1.0
1542177,test,a38_39,no_history,3.4082105,4.1952477,1.0,3,3,1.0,2,2,1.0
1567031,test,a38_39,no_history,3.644723,3.7168667,1.0,3,3,1.0,2,6,1.0
1608031,test,a38_39,no_history,3.3899174,0.0,0.0,3,-1,0.0,2,-1,0.0
1612003,test,a38_39,no_history,3.5828671,3.242958,1.0,3,3,1.0,2,4,1.0
1621003,test,a38_39,no_history,2.544461,3.437568,1.0,3,3,1.0,2,2,1.0
1648003,test,a38_39,no_history,3.5521655,2.8707297,1.0,3,3,1.0,2,2,1.0
1648030,test,a38_39,no_history,3.6178184,3.2510931,1.0,3,3,1.0,2,6,1.0
1670172,test,a38_39,no_history,3.1240482,3.1246448,1.0,3,3,1.0,2,2,1.0
1684170,test,a38_39,no_history,2.418228,2.5787773,1.0,3,3,1.0,2,2,1.0
1690030,test,a38_39,no_history,3.5795832,3.6570308,1.0,3,3,1.0,2,2,1.0
1692176,test,a38_39,no_history,3.3181255,3.5729935,1.0,3,3,1.0,2,2,1.0
1695030,test,a38_39,no_history,2.6959386,2.9226713,1.0,3,3,1.0,2,2,1.0
1697036,test,a38_39,no_history,3.4092472,1.4840773,1.0,3,3,1.0,2,2,1.0
1698170,test,a38_39,no_history,2.5528915,0.00086969405,1.0,3,3,1.0,2,2,1.0
1700031,test,a38_39,no_history,3.536513,3.282534,1.0,3,3,1.0,2,4,1.0
1701003,test,a38_39,no_history,2.778862,3.8529587,1.0,3,3,1.0,2,6,1.0
1711003,test,a38_39,no_history,2.7030544,0.0,0.0,3,-1,0.0,2,-1,0.0
1711171,test,a38_39,no_history,3.5121446,3.6634784,1.0,3,3,1.0,2,2,1.0
1732005,test,a38_39,no_history,2.5749323,3.150554,1.0,3,3,1.0,2,4,1.0
1762187,test,a38_39,no_history,2.6001291,0.0,1.0,3,2,1.0,2,3,1.0
1786187,test,a38_39,no_history,3.501088,3.3020296,1.0,3,3,1.0,2,2,1.0
1837006,test,a38_39,no_history,3.5791776,2.8639922,1.0,3,3,1.0,2,2,1.0
1850172,test,a38_39,no_history,2.6697106,3.312707,1.0,3,3,1.0,2,2,1.0
1878030,test,a38_39,no_history,3.259102,4.103497,1.0,3,2,1.0,2,4,1.0
1879030,test,a38_39,no_history,3.7208714,4.0583324,1.0,3,3,1.0,2,2,1.0
1905004,test,a38_39,no_history,3.6226547,4.316903,1.0,3,3,1.0,2,2,1.0
1919009,test,a38_39,no_history,3.030504,1.6758715,1.0,3,3,1.0,2,2,1.0
1935004,test,a38_39,no_history,2.6648078,2.953849,1.0,3,3,1.0,2,2,1.0
1936030,test,a38_39,no_history,3.097838,1.0134155,1.0,3,3,1.0,2,2,1.0
1978171,test,a38_39,no_history,2.504539,2.7871172,1.0,3,3,1.0,2,2,1.0
2030031,test,a38_39,no_history,3.5606031,3.1751428,1.0,3,3,1.0,2,2,1.0
2117003,test,a38_39,no_history,2.6412315,2.6426997,1.0,3,3,1.0,2,2,1.0
2150172,test,a38_39,no_history,2.6697106,2.1172922,1.0,3,3,1.0,2,2,1.0
2199182,test,a38_39,no_history,3.3181255,3.7052534,1.0,3,2,1.0,2,2,1.0
2206030,test,a38_39,no_history,2.9843385,1.7450649,1.0,3,3,1.0,2,2,1.0
2212031,test,a38_39,no_history,3.066099,4.496284,1.0,3,3,1.0,2,2,1.0
2238004,test,a38_39,no_history,3.5780458,2.8751705,1.0,3,3,1.0,2,4,1.0
2238172,test,a38_39,no_history,2.7422898,3.9032092,1.0,3,3,1.0,2,2,1.0
2252172,test,a38_39,no_history,3.4864535,2.8751705,1.0,3,3,1.0,2,2,1.0
2255030,test,a38_39,no_history,3.6863866,4.374246,1.0,3,3,1.0,2,2,1.0
2277008,test,a38_39,no_history,2.7577062,2.8474362,1.0,3,3,1.0,2,2,1.0
2311172,test,a38_39,no_history,2.7422898,2.7029045,1.0,3,3,1.0,2,2,1.0
2330003,test,a38_39,no_history,3.63823,3.9039345,1.0,3,3,1.0,2,2,1.0
2338003,test,a38_39,no_history,3.5875492,4.347552,1.0,3,3,1.0,2,2,1.0
2341004,test,a38_39,no_history,3.1985612,3.5010288,1.0,3,3,1.0,2,4,1.0
2341005,test,a38_39,no_history,3.2141495,0.0,1.0,3,3,1.0,2,2,1.0
2354004,test,a38_39,no_history,2.4512877,2.3049343,1.0,3,3,1.0,2,2,1.0
2392004,test,a38_39,no_history,2.5689578,2.9341648,1.0,3,3,1.0,2,2,1.0
2393005,test,a38_39,no_history,3.605527,3.507782,1.0,3,3,1.0,2,2,1.0
2393171,test,a38_39,no_history,3.341561,4.208233,1.0,3,3,1.0,2,2,1.0
2409006,test,a38_39,no_history,3.4856472,0.0,0.0,3,-1,0.0,2,-1,0.0
2409171,test,a38_39,no_history,2.5695605,2.6426997,1.0,3,3,1.0,2,3,1.0
2422178,test,a38_39,no_history,3.4556222,3.3621042,1.0,3,3,1.0,2,2,1.0
2459030,test,a38_39,no_history,3.3487704,3.924717,1.0,3,3,1.0,2,2,1.0
2474030,test,a38_39,no_history,3.1442733,4.0688195,1.0,3,3,1.0,2,2,1.0
2474171,test,a38_39,no_history,2.55415,0.0,1.0,3,2,1.0,2,2,1.0
2485173,test,a38_39,no_history,2.5695605,2.1378505,1.0,3,2,1.0,2,6,1.0
2496172,test,a38_39,no_history,3.5048656,3.3488646,1.0,3,3,1.0,2,2,1.0
2502005,test,a38_39,no_history,3.3335922,3.390585,1.0,3,3,1.0,2,2,1.0
2510171,test,a38_39,no_history,2.5695605,4.289796,1.0,3,3,1.0,2,2,1.0
2525174,test,a38_39,no_history,2.5528915,1.9848303,1.0,3,2,1.0,2,2,1.0
2530184,test,a38_39,no_history,2.504539,1.403595,1.0,3,2,1.0,2,2,1.0
2547171,test,a38_39,no_history,3.4082105,4.568962,1.0,3,3,1.0,2,2,1.0
2580030,test,a38_39,no_history,3.6061876,4.819106,1.0,3,3,1.0,2,2,1.0
2593171,test,a38_39,no_history,2.4396605,4.559393,1.0,3,3,1.0,2,4,1.0
2615031,test,a38_39,no_history,3.4196165,3.192419,1.0,3,3,1.0,2,2,1.0
2642030,test,a38_39,no_history,2.5924249,3.8566759,1.0,3,3,1.0,2,4,1.0
2655002,test,a38_39,no_history,2.8195393,0.0,0.0,3,-1,0.0,2,-1,0.0
2705031,test,a38_39,no_history,3.6589816,4.0177207,1.0,3,3,1.0,2,4,1.0
2707179,test,a38_39,no_history,3.523282,3.1407087,1.0,3,3,1.0,2,2,1.0
2714031,test,a38_39,no_history,3.5374048,3.5910182,1.0,3,3,1.0,2,2,1.0
2717004,test,a38_39,no_history,3.5353513,3.7156205,1.0,3,3,1.0,2,2,1.0
2738171,test,a38_39,no_history,3.5446,4.1992106,1.0,3,3,1.0,2,2,1.0
2794003,test,a38_39,no_history,3.537449,3.6167965,1.0,3,3,1.0,2,2,1.0
2845030,test,a38_39,no_history,3.1198459,3.32431,1.0,3,3,1.0,2,2,1.0
2847030,test,a38_39,no_history,2.074753,3.4514334,1.0,3,3,1.0,6,4,1.0
2848174,test,a38_39,no_history,2.4985962,0.0,1.0,3,2,1.0,2,2,1.0
2852006,test,a38_39,no_history,2.8658423,2.8745651,1.0,3,2,1.0,2,2,1.0
2852030,test,a38_39,no_history,3.5018067,1.7578189,1.0,3,3,1.0,2,2,1.0
2869170,test,a38_39,no_history,3.5121446,4.296681,1.0,3,3,1.0,2,2,1.0
2897006,test,a38_39,no_history,3.5386932,2.8997164,1.0,3,3,1.0,2,2,1.0
2900171,test,a38_39,no_history,3.501088,3.857261,1.0,3,3,1.0,2,2,1.0
2907006,test,a38_39,no_history,2.9859393,2.8441474,1.0,3,3,1.0,2,2,1.0
2920030,test,a38_39,no_history,3.268075,3.5910182,1.0,3,2,1.0,2,4,1.0
3107001,test,a38_39,no_history,3.2410405,3.660574,1.0,3,3,1.0,2,2,1.0
3137007,test,a38_39,no_history,2.316375,2.908521,1.0,3,3,1.0,2,6,1.0
3283002,test,a38_39,no_history,2.4863274,3.2907898,1.0,3,3,1.0,2,6,1.0
3492001,test,a38_39,no_history,2.4799387,0.3199841,1.0,3,2,1.0,2,2,1.0
5016170,test,a38_39,no_history,2.5489585,1.8830991,1.0,3,3,1.0,6,4,1.0
5082003,test,a38_39,no_history,2.3007772,3.916388,1.0,3,3,1.0,2,4,1.0
5145032,test,a38_39,no_history,2.6553326,0.0,1.0,3,2,1.0,6,6,1.0
5163030,test,a38_39,no_history,3.1206498,2.874842,1.0,3,3,1.0,2,4,1.0
5177171,test,a38_39,no_history,2.897088,0.5026926,1.0,3,3,1.0,2,6,1.0
5199178,test,a38_39,no_history,2.662767,3.016735,1.0,3,3,1.0,2,2,1.0
5241030,test,a38_39,no_history,2.3011909,3.3928792,1.0,3,3,1.0,6,6,1.0
5264004,test,a38_39,no_history,2.7827656,3.4920115,1.0,3,3,1.0,2,2,1.0
5294003,test,a38_39,no_history,3.0311313,3.5534267,1.0,3,3,1.0,2,2,1.0
5299172,test,a38_39,no_history,3.1240482,2.7591305,1.0,3,3,1.0,2,2,1.0
5306002,test,a38_39,no_history,2.2965288,0.5325506,1.0,3,2,1.0,6,6,1.0
5350030,test,a38_39,no_history,2.5443692,3.4463062,1.0,3,3,1.0,2,6,1.0
5364006,test,a38_39,no_history,2.775337,3.6436281,1.0,3,2,1.0,6,6,1.0
5366033,test,a38_39,no_history,2.4741824,3.6539025,1.0,3,3,1.0,2,4,1.0
5406173,test,a38_39,no_history,2.4985962,3.4896688,1.0,3,3,1.0,2,4,1.0
5424030,test,a38_39,no_history,2.8789053,3.3914385,1.0,3,3,1.0,2,6,1.0
5425003,test,a38_39,no_history,2.465861,2.986773,1.0,3,3,1.0,2,2,1.0
5430031,test,a38_39,no_history,2.548979,0.0,1.0,3,2,1.0,2,6,1.0
5430171,test,a38_39,no_history,2.522436,3.2527912,1.0,3,3,1.0,6,6,1.0
5443007,test,a38_39,no_history,2.0769396,0.0,1.0,3,2,1.0,6,2,1.0
5464032,test,a38_39,no_history,2.5770473,3.0959985,1.0,3,3,1.0,2,2,1.0
5488007,test,a38_39,no_history,2.3790035,2.388837,1.0,3,3,1.0,6,2,1.0
5494005,test,a38_39,no_history,3.1190884,2.6712263,1.0,3,3,1.0,2,6,1.0
5513030,test,a38_39,no_history,2.5567017,1.8739514,1.0,3,3,1.0,6,6,1.0
5549006,test,a38_39,no_history,2.2821703,3.2625797,1.0,3,3,1.0,2,3,1.0
5553173,test,a38_39,no_history,2.636792,4.113696,1.0,3,3,1.0,6,2,1.0
5560186,test,a38_39,no_history,3.0314136,3.4533525,1.0,3,3,1.0,2,2,1.0
5569009,test,a38_39,no_history,2.9056387,1.8774947,1.0,3,3,1.0,2,2,1.0
5570010,test,a38_39,no_history,3.0735555,3.7856972,1.0,3,3,1.0,2,4,1.0
5570012,test,a38_39,no_history,3.120363,3.5299022,1.0,3,3,1.0,2,2,1.0
5570033,test,a38_39,no_history,3.012313,3.4081893,1.0,3,3,1.0,2,2,1.0
5576031,test,a38_39,no_history,2.398276,2.8607311,1.0,3,3,1.0,2,2,1.0
5614005,test,a38_39,no_history,2.7834024,3.0700378,1.0,3,3,1.0,6,4,1.0
5615010,test,a38_39,no_history,2.4529488,3.3347914,1.0,3,3,1.0,6,2,1.0
5615181,test,a38_39,no_history,3.1676846,3.64069,1.0,3,3,1.0,2,2,1.0
5621170,test,a38_39,no_history,3.1240482,2.8751972,1.0,3,3,1.0,2,2,1.0
5626010,test,a38_39,no_history,2.662767,3.6983402,1.0,3,3,1.0,2,4,1.0
5634188,test,a38_39,no_history,3.0396612,3.7130666,1.0,3,3,1.0,2,5,1.0
5635031,test,a38_39,no_history,3.0438876,3.0341442,1.0,3,3,1.0,2,2,1.0
5646006,test,a38_39,no_history,2.4094865,1.4691843,1.0,3,2,1.0,2,6,1.0
5660005,test,a38_39,no_history,2.3445547,3.3618436,1.0,3,3,1.0,2,2,1.0
5664003,test,a38_39,no_history,2.2744856,2.5328875,1.0,3,3,1.0,6,6,1.0
5676007,test,a38_39,no_history,2.8798642,3.2290735,1.0,3,3,1.0,2,2,1.0
5678030,test,a38_39,no_history,2.2373168,2.5460799,1.0,3,2,1.0,6,6,1.0
5684034,test,a38_39,no_history,2.7756922,4.285655,1.0,3,3,1.0,2,4,1.0
5784005,test,a38_39,no_history,2.3302462,0.98314327,1.0,3,2,1.0,2,6,1.0
5819005,test,a38_39,no_history,2.0394416,0.0,1.0,3,2,1.0,6,6,1.0
5821008,test,a38_39,no_history,3.0356398,2.9653394,1.0,3,3,1.0,2,2,1.0
5863033,test,a38_39,no_history,2.4743412,2.2691305,1.0,3,3,1.0,6,6,1.0
5921003,test,a38_39,no_history,2.7178166,2.8987672,1.0,3,3,1.0,6,6,1.0
5922010,test,a38_39,no_history,3.1323423,3.0221944,1.0,3,3,1.0,2,6,1.0
5938031,test,a38_39,no_history,2.2447438,0.0,1.0,3,2,1.0,6,6,1.0
5960033,test,a38_39,no_history,2.844584,2.9610908,1.0,3,3,1.0,2,6,1.0
5995005,test,a38_39,no_history,2.4406583,3.1931083,1.0,3,3,1.0,6,6,1.0
6028032,test,a38_39,no_history,2.5969105,3.2903967,1.0,3,3,1.0,6,6,1.0
6030005,test,a38_39,no_history,2.8948188,3.3618436,1.0,3,3,1.0,2,6,1.0
6030008,test,a38_39,no_history,3.0403137,3.4057453,1.0,3,3,1.0,2,6,1.0
6093006,test,a38_39,no_history,2.1009786,2.8947754,1.0,3,3,1.0,6,6,1.0
6093011,test,a38_39,no_history,2.5508504,2.4029288,1.0,3,3,1.0,6,6,1.0
6114182,test,a38_39,no_history,2.662767,0.0,1.0,3,-1,0.0,2,4,1.0
6120195,test,a38_39,no_history,2.5311072,0.0,1.0,3,2,1.0,6,2,1.0
6121030,test,a38_39,no_history,2.23558,3.990114,1.0,3,3,1.0,6,6,1.0
6179003,test,a38_39,no_history,3.1107056,3.4187503,1.0,3,3,1.0,2,2,1.0
6179170,test,a38_39,no_history,2.4985962,0.0,1.0,3,2,1.0,2,2,1.0
6191006,test,a38_39,no_history,2.2589133,3.497985,1.0,3,3,1.0,2,2,1.0
6200175,test,a38_39,no_history,3.1676846,0.0,0.0,3,-1,0.0,2,-1,0.0
6210007,test,a38_39,no_history,2.8653476,3.3717976,1.0,3,3,1.0,2,2,1.0
6210008,test,a38_39,no_history,2.9606993,2.1378505,1.0,3,2,1.0,2,2,1.0
6350007,test,a38_39,no_history,2.6006002,3.0180361,1.0,3,3,1.0,2,2,1.0
6365010,test,a38_39,no_history,2.549414,2.5992112,1.0,3,3,1.0,6,6,1.0
6365011,test,a38_39,no_history,2.6517615,0.0,1.0,3,2,1.0,6,2,1.0
6365177,test,a38_39,no_history,3.1676846,3.1111588,1.0,3,3,1.0,2,2,1.0
6381008,test,a38_39,no_history,3.2334437,4.452307,1.0,3,2,1.0,2,4,1.0
6444003,test,a38_39,no_history,3.1200557,3.2238517,1.0,3,3,1.0,2,2,1.0
6475006,test,a38_39,no_history,2.0162425,1.6452125,1.0,3,3,1.0,6,6,1.0
6475007,test,a38_39,no_history,2.0960197,2.188878,1.0,3,3,1.0,6,6,1.0
6509004,test,a38_39,no_history,2.9119081,3.403105,1.0,3,3,1.0,2,2,1.0
6545008,test,a38_39,no_history,3.0452874,3.8777459,1.0,3,3,1.0,2,2,1.0
6571003,test,a38_39,no_history,2.5801077,3.6925054,1.0,3,3,1.0,2,6,1.0
6635009,test,a38_39,no_history,2.161481,0.0,1.0,3,2,1.0,6,6,1.0
6663030,test,a38_39,no_history,3.0207787,3.9113111,1.0,3,3,1.0,2,6,1.0
6674003,test,a38_39,no_history,3.0392082,4.0220346,1.0,3,3,1.0,2,3,1.0
6674005,test,a38_39,no_history,2.4474638,0.0,1.0,3,2,1.0,2,4,1.0
6736181,test,a38_39,no_history,3.1240482,2.6061158,1.0,3,3,1.0,2,2,1.0
6740003,test,a38_39,no_history,2.254177,2.8639922,1.0,3,3,1.0,6,2,1.0
6769008,test,a38_39,no_history,2.260893,0.0,0.0,3,-1,0.0,2,-1,0.0
6779033,test,a38_39,no_history,2.2065077,0.0,1.0,3,2,1.0,6,6,1.0
6030,test,a40_41,no_history,2.91505,3.7499423,1.0,3,3,1.0,2,2,1.0
10030,test,a40_41,no_history,2.6865175,4.559393,1.0,3,3,1.0,2,2,1.0
41008,test,a40_41,no_history,2.267717,0.0,1.0,3,2,1.0,2,3,1.0
68003,test,a40_41,no_history,3.616872,4.0359044,1.0,3,3,1.0,2,2,1.0
127030,test,a40_41,no_history,2.8709495,1.9284004,1.0,3,3,1.0,2,2,1.0
127031,test,a40_41,no_history,2.8962262,2.6091545,1.0,3,3,1.0,2,4,1.0
129031,test,a40_41,no_history,2.2545452,2.0290809,1.0,3,3,1.0,2,6,1.0
129196,test,a40_41,no_history,3.5169435,0.0,1.0,3,2,1.0,2,2,1.0
165030,test,a40_41,no_history,3.1491468,3.9474757,1.0,3,3,1.0,2,2,1.0
284004,test,a40_41,no_history,3.7161126,4.279761,1.0,3,3,1.0,2,2,1.0
301032,test,a40_41,no_history,3.588696,4.00551,1.0,3,3,1.0,2,2,1.0
327003,test,a40_41,no_history,2.8262153,3.8113515,1.0,3,3,1.0,2,2,1.0
327171,test,a40_41,no_history,2.71498,1.4956659,1.0,3,3,1.0,2,2,1.0
327172,test,a40_41,no_history,2.514464,2.1790605,1.0,3,3,1.0,2,2,1.0
331005,test,a40_41,no_history,3.2485006,4.282937,1.0,3,3,1.0,2,2,1.0
344178,test,a40_41,no_history,2.5817652,3.44694,1.0,3,3,1.0,2,2,1.0
461030,test,a40_41,no_history,3.6017442,2.8327258,1.0,3,3,1.0,2,2,1.0
486004,test,a40_41,no_history,3.555806,3.858834,1.0,3,3,1.0,2,2,1.0
563183,test,a40_41,no_history,2.708501,0.0,1.0,3,2,1.0,2,2,1.0
577004,test,a40_41,no_history,2.3862078,3.18551,1.0,3,3,1.0,2,2,1.0
607030,test,a40_41,no_history,3.6162305,4.129383,1.0,3,3,1.0,2,2,1.0
613173,test,a40_41,no_history,2.4873867,4.710525,1.0,3,3,1.0,2,2,1.0
634008,test,a40_41,no_history,2.9202766,0.0,1.0,3,2,1.0,2,2,1.0
652005,test,a40_41,no_history,3.357334,3.578778,1.0,3,3,1.0,2,2,1.0
672003,test,a40_41,no_history,3.2603283,3.6452837,1.0,3,3,1.0,2,4,1.0
691175,test,a40_41,no_history,2.5187159,3.0671463,1.0,3,3,1.0,2,2,1.0
699031,test,a40_41,no_history,2.79974,3.5188198,1.0,3,3,1.0,2,6,1.0
722178,test,a40_41,no_history,2.5018427,2.6435707,1.0,3,2,1.0,2,2,1.0
771003,test,a40_41,no_history,2.8418221,3.6737127,1.0,3,3,1.0,2,2,1.0
775005,test,a40_41,no_history,3.560584,0.7834087,1.0,3,2,1.0,2,2,1.0
796006,test,a40_41,no_history,3.5338993,3.935453,1.0,3,3,1.0,2,6,1.0
844003,test,a40_41,no_history,3.6201801,3.3626049,1.0,3,3,1.0,2,2,1.0
863006,test,a40_41,no_history,2.7751968,1.3168756,1.0,3,2,1.0,2,2,1.0
863173,test,a40_41,no_history,3.4716322,3.9154449,1.0,3,3,1.0,2,2,1.0
866172,test,a40_41,no_history,3.3060443,2.6542404,1.0,3,3,1.0,2,2,1.0
868005,test,a40_41,no_history,3.500627,0.0,0.0,3,-1,0.0,2,-1,0.0
875030,test,a40_41,no_history,3.0949144,0.0,1.0,3,2,1.0,2,2,1.0
897006,test,a40_41,no_history,3.4220507,2.0627527,1.0,3,2,1.0,2,4,1.0
922171,test,a40_41,no_history,3.5409076,4.4280105,1.0,3,3,1.0,2,2,1.0
934030,test,a40_41,no_history,2.8955243,4.2702847,1.0,3,3,1.0,2,2,1.0
935005,test,a40_41,no_history,3.1095386,2.9372149,1.0,3,3,1.0,2,2,1.0
935176,test,a40_41,no_history,3.4897156,3.1244323,1.0,3,3,1.0,2,2,1.0
939030,test,a40_41,no_history,3.3015018,1.1140053,1.0,3,3,1.0,2,2,1.0
964003,test,a40_41,no_history,2.7248297,2.2928271,1.0,3,3,1.0,2,6,1.0
970004,test,a40_41,no_history,3.4593751,1.595321,1.0,3,3,1.0,2,2,1.0
982004,test,a40_41,no_history,3.477551,3.5209594,1.0,3,3,1.0,2,2,1.0
1033030,test,a40_41,no_history,3.205264,4.8614855,1.0,3,3,1.0,2,2,1.0
1036003,test,a40_41,no_history,3.7183933,2.884099,1.0,3,3,1.0,2,2,1.0
1048006,test,a40_41,no_history,2.5619242,2.782191,1.0,3,3,1.0,2,2,1.0
1055172,test,a40_41,no_history,2.71498,3.6848996,1.0,3,3,1.0,2,2,1.0
1060175,test,a40_41,no_history,2.612463,2.5155134,1.0,3,3,1.0,2,2,1.0
1064171,test,a40_41,no_history,3.5169435,3.8597128,1.0,3,3,1.0,2,2,1.0
1072171,test,a40_41,no_history,3.5169435,3.5870097,1.0,3,3,1.0,2,2,1.0
1084175,test,a40_41,no_history,2.7529638,0.12959567,1.0,3,2,1.0,2,2,1.0
1100172,test,a40_41,no_history,2.612463,3.9865384,1.0,3,3,1.0,2,2,1.0
1141171,test,a40_41,no_history,2.5794613,2.8288498,1.0,3,3,1.0,2,2,1.0
1142030,test,a40_41,no_history,3.5280309,3.49205,1.0,3,3,1.0,2,3,1.0
1144032,test,a40_41,no_history,3.5299406,4.25247,1.0,3,3,1.0,2,2,1.0
1149171,test,a40_41,no_history,3.41293,3.7665071,1.0,3,3,1.0,2,2,1.0
1162030,test,a40_41,no_history,2.7970402,3.5748012,1.0,3,3,1.0,2,2,1.0
1167030,test,a40_41,no_history,2.5890477,0.0,1.0,3,2,1.0,6,6,1.0
1168008,test,a40_41,no_history,2.5574274,3.210248,1.0,3,3,1.0,6,3,1.0
1222179,test,a40_41,no_history,2.5817652,2.767858,1.0,3,3,1.0,2,2,1.0
1260008,test,a40_41,no_history,2.7516282,2.63554,1.0,3,3,1.0,2,2,1.0
1269030,test,a40_41,no_history,2.7826734,4.243668,1.0,3,3,1.0,2,2,1.0
1292030,test,a40_41,no_history,2.6411667,0.8605063,1.0,3,2,1.0,2,4,1.0
1298005,test,a40_41,no_history,3.086534,3.515135,1.0,3,3,1.0,2,2,1.0
1306030,test,a40_41,no_history,3.6879048,4.886779,1.0,3,3,1.0,2,2,1.0
1335179,test,a40_41,no_history,2.5187159,3.2139137,1.0,3,3,1.0,2,2,1.0
1353030,test,a40_41,no_history,2.9581962,0.0,1.0,3,2,1.0,2,2,1.0
1384030,test,a40_41,no_history,3.6523695,3.8051383,1.0,3,3,1.0,2,2,1.0
1399008,test,a40_41,no_history,3.1981606,4.0544734,1.0,3,2,1.0,2,4,1.0
1415004,test,a40_41,no_history,2.2773643,2.0535257,1.0,3,2,1.0,2,2,1.0
1430005,test,a40_41,no_history,3.6842813,0.0,1.0,3,2,1.0,2,6,1.0
1431003,test,a40_41,no_history,3.2941241,4.008891,1.0,3,3,1.0,2,2,1.0
1431004,test,a40_41,no_history,2.7347016,0.0,1.0,3,2,1.0,2,2,1.0
1431172,test,a40_41,no_history,3.5169435,4.6023507,1.0,3,3,1.0,2,2,1.0
1462004,test,a40_41,no_history,3.3385117,1.7540548,1.0,3,3,1.0,2,2,1.0
1520173,test,a40_41,no_history,3.416124,3.8882296,1.0,3,3,1.0,2,2,1.0
1522175,test,a40_41,no_history,2.5817652,4.5083756,1.0,3,3,1.0,2,2,1.0
1542006,test,a40_41,no_history,2.7739391,4.433782,1.0,3,3,1.0,2,2,1.0
1542177,test,a40_41,no_history,3.41293,4.2022185,1.0,3,3,1.0,2,2,1.0
1567031,test,a40_41,no_history,3.6509662,3.8071828,1.0,3,3,1.0,2,6,1.0
1608031,test,a40_41,no_history,3.3962703,3.1444824,1.0,3,3,1.0,2,4,1.0
1612003,test,a40_41,no_history,3.5860875,4.1677203,1.0,3,3,1.0,2,4,1.0
1621003,test,a40_41,no_history,2.556214,3.2300382,1.0,3,3,1.0,2,2,1.0
1648003,test,a40_41,no_history,3.5562482,2.9066825,1.0,3,3,1.0,2,2,1.0
1648030,test,a40_41,no_history,3.6228986,3.3073823,1.0,3,2,1.0,2,6,1.0
1670172,test,a40_41,no_history,3.127347,2.9212708,1.0,3,3,1.0,2,2,1.0
1684170,test,a40_41,no_history,2.4321704,0.0,0.0,3,-1,0.0,2,-1,0.0
1690030,test,a40_41,no_history,3.5843449,3.6953304,1.0,3,3,1.0,2,2,1.0
1692176,test,a40_41,no_history,3.3250778,3.8142254,1.0,3,3,1.0,2,2,1.0
1695030,test,a40_41,no_history,2.712647,2.9304814,1.0,3,3,1.0,2,2,1.0
1697036,test,a40_41,no_history,3.4140604,0.0,1.0,3,3,1.0,2,2,1.0
1698170,test,a40_41,no_history,2.5652092,2.7524128,1.0,3,3,1.0,2,2,1.0
1700031,test,a40_41,no_history,3.5424001,3.4132857,1.0,3,3,1.0,2,4,1.0
1701003,test,a40_41,no_history,2.7929611,4.083866,1.0,3,3,1.0,2,6,1.0
1711003,test,a40_41,no_history,2.7152705,2.6030054,1.0,3,3,1.0,2,2,1.0
1711171,test,a40_41,no_history,3.5169435,1.7564632,1.0,3,3,1.0,2,2,1.0
1732005,test,a40_41,no_history,2.5899568,3.6597633,1.0,3,3,1.0,2,4,1.0
1762187,test,a40_41,no_history,2.612463,2.3030276,1.0,3,3,1.0,2,3,1.0
1786187,test,a40_41,no_history,3.5043461,3.3871381,1.0,3,3,1.0,2,2,1.0
1837006,test,a40_41,no_history,3.583819,2.9212708,1.0,3,3,1.0,2,2,1.0
1850172,test,a40_41,no_history,2.6801357,3.478806,1.0,3,3,1.0,2,2,1.0
1878030,test,a40_41,no_history,3.2755084,0.0,1.0,3,2,1.0,2,4,1.0
1879030,test,a40_41,no_history,3.7262356,4.0048003,1.0,3,3,1.0,2,2,1.0
1905004,test,a40_41,no_history,3.6263032,3.8047087,1.0,3,3,1.0,2,2,1.0
1919009,test,a40_41,no_history,3.0435028,2.2302382,1.0,3,3,1.0,2,2,1.0
1935004,test,a40_41,no_history,2.6788592,3.016735,1.0,3,3,1.0,2,2,1.0
1936030,test,a40_41,no_history,3.1111453,1.4956659,1.0,3,3,1.0,2,2,1.0
1978171,test,a40_41,no_history,2.5187159,2.6840017,1.0,3,3,1.0,2,2,1.0
2030031,test,a40_41,no_history,3.5663576,3.3526871,1.0,3,3,1.0,2,2,1.0
2117003,test,a40_41,no_history,2.6525242,2.4012594,1.0,3,3,1.0,2,2,1.0
2150172,test,a40_41,no_history,2.6801357,2.8005123,1.0,3,2,1.0,2,2,1.0
2199182,test,a40_41,no_history,3.3250778,4.0846477,1.0,3,3,1.0,2,2,1.0
2206030,test,a40_41,no_history,2.9996939,2.9928195,1.0,3,3,1.0,2,2,1.0
2212031,test,a40_41,no_history,3.0832329,4.4331484,1.0,3,3,1.0,2,2,1.0
2238004,test,a40_41,no_history,3.5819886,3.9032092,1.0,3,3,1.0,2,4,1.0
2238172,test,a40_41,no_history,2.7529638,4.278098,1.0,3,3,1.0,2,3,1.0
2252172,test,a40_41,no_history,3.4897156,3.153995,1.0,3,3,1.0,2,2,1.0
2255030,test,a40_41,no_history,3.6933093,4.886779,1.0,3,3,1.0,2,2,1.0
2277008,test,a40_41,no_history,2.771774,2.7901263,1.0,3,3,1.0,2,2,1.0
2311172,test,a40_41,no_history,2.7529638,0.74044657,1.0,3,3,1.0,2,2,1.0
2330003,test,a40_41,no_history,3.6422753,3.858834,1.0,3,3,1.0,2,2,1.0
2338003,test,a40_41,no_history,3.5927095,4.6548495,1.0,3,3,1.0,2,2,1.0
2341004,test,a40_41,no_history,3.2036767,3.0886452,1.0,3,3,1.0,2,4,1.0
2341005,test,a40_41,no_history,3.2192595,2.4084687,1.0,3,3,1.0,2,2,1.0
2354004,test,a40_41,no_history,2.4653456,2.5044913,1.0,3,3,1.0,2,2,1.0
2392004,test,a40_41,no_history,2.5810323,0.0,0.0,3,-1,0.0,2,-1,0.0
2393005,test,a40_41,no_history,3.6119485,3.6807222,1.0,3,3,1.0,2,2,1.0
2393171,test,a40_41,no_history,3.3461075,3.9681766,1.0,3,3,1.0,2,2,1.0
2409006,test,a40_41,no_history,3.4895453,0.0,0.0,3,-1,0.0,2,-1,0.0
2409171,test,a40_41,no_history,2.5817652,3.0480464,1.0,3,3,1.0,2,4,1.0
2422178,test,a40_41,no_history,3.4608507,3.4296312,1.0,3,3,1.0,2,2,1.0
2459030,test,a40_41,no_history,3.3621495,3.9497616,1.0,3,3,1.0,2,2,1.0
2474030,test,a40_41,no_history,3.1517305,4.079769,1.0,3,3,1.0,2,2,1.0
2474171,test,a40_41,no_history,2.5652611,0.0,1.0,3,2,1.0,2,2,1.0
2485173,test,a40_41,no_history,2.5817652,2.5871267,1.0,3,3,1.0,2,4,1.0
2496172,test,a40_41,no_history,3.5079575,3.3445346,1.0,3,3,1.0,2,2,1.0
2502005,test,a40_41,no_history,3.3382795,3.3588138,1.0,3,3,1.0,2,2,1.0
2510171,test,a40_41,no_history,2.5817652,4.455336,1.0,3,3,1.0,2,2,1.0
2525174,test,a40_41,no_history,2.5652092,0.0,1.0,3,2,1.0,2,2,1.0
2530184,test,a40_41,no_history,2.5187159,0.0,1.0,3,2,1.0,2,2,1.0
2547171,test,a40_41,no_history,3.41293,4.540295,1.0,3,3,1.0,2,2,1.0
2580030,test,a40_41,no_history,3.6120276,4.8289323,1.0,3,3,1.0,2,2,1.0
2593171,test,a40_41,no_history,2.4526062,4.5567827,1.0,3,3,1.0,2,4,1.0
2615031,test,a40_41,no_history,3.4264612,3.1635318,1.0,3,3,1.0,2,2,1.0
2642030,test,a40_41,no_history,2.6083345,3.5686162,1.0,3,3,1.0,2,2,1.0
2655002,test,a40_41,no_history,2.8314104,0.0,1.0,3,2,1.0,2,2,1.0
2705031,test,a40_41,no_history,3.6652558,3.5910182,1.0,3,3,1.0,2,4,1.0
2707179,test,a40_41,no_history,3.5280309,3.1097243,1.0,3,3,1.0,2,2,1.0
2714031,test,a40_41,no_history,3.5428867,4.4998927,1.0,3,3,1.0,2,3,1.0
2717004,test,a40_41,no_history,3.5409951,3.5781584,1.0,3,3,1.0,2,2,1.0
2738171,test,a40_41,no_history,3.549429,4.0232816,1.0,3,3,1.0,2,2,1.0
2794003,test,a40_41,no_history,3.5409076,3.718102,1.0,3,3,1.0,2,2,1.0
2845030,test,a40_41,no_history,3.138208,3.4900744,1.0,3,3,1.0,2,2,1.0
2847030,test,a40_41,no_history,2.0875297,3.4371748,1.0,3,3,1.0,6,4,1.0
2848174,test,a40_41,no_history,2.5099628,0.0,1.0,3,3,1.0,2,2,1.0
2852006,test,a40_41,no_history,2.8801322,1.7842062,1.0,3,3,1.0,2,2,1.0
2852030,test,a40_41,no_history,3.5073938,3.4605064,1.0,3,3,1.0,2,4,1.0
2869170,test,a40_41,no_history,3.5169435,4.2101345,1.0,3,3,1.0,2,2,1.0
2897006,test,a40_41,no_history,3.5439248,0.0,1.0,3,3,1.0,2,2,1.0
2900171,test,a40_41,no_history,3.5043461,3.6409497,1.0,3,3,1.0,2,2,1.0
2907006,test,a40_41,no_history,2.9889395,2.6187103,1.0,3,3,1.0,2,2,1.0
2920030,test,a40_41,no_history,3.2752252,0.0,0.0,3,-1,0.0,2,-1,0.0
3107001,test,a40_41,no_history,3.2481859,3.2733867,1.0,3,3,1.0,2,2,1.0
3137007,test,a40_41,no_history,2.3313565,2.5467622,1.0,3,3,1.0,2,6,1.0
3283002,test,a40_41,no_history,2.500939,3.921005,1.0,3,3,1.0,2,6,1.0
3492001,test,a40_41,no_history,2.4941924,0.0,1.0,3,2,1.0,2,2,1.0
5016170,test,a40_41,no_history,2.5599437,2.2421632,1.0,3,3,1.0,6,4,1.0
5082003,test,a40_41,no_history,2.3133256,3.9932265,1.0,3,3,1.0,2,4,1.0
5145032,test,a40_41,no_history,2.6690311,3.1170058,1.0,3,3,1.0,2,6,1.0
5163030,test,a40_41,no_history,3.1291518,2.9642875,1.0,3,3,1.0,2,4,1.0
5177171,test,a40_41,no_history,2.9021053,0.49211225,1.0,3,2,1.0,2,6,1.0
5199178,test,a40_41,no_history,2.6725147,3.59953,1.0,3,3,1.0,2,2,1.0
5241030,test,a40_41,no_history,2.3153973,3.5749753,1.0,3,3,1.0,6,6,1.0
5264004,test,a40_41,no_history,2.7943826,3.5120373,1.0,3,3,1.0,2,2,1.0
5294003,test,a40_41,no_history,3.034766,3.654262,1.0,3,3,1.0,2,2,1.0
5299172,test,a40_41,no_history,3.127347,3.1953952,1.0,3,3,1.0,2,2,1.0
5306002,test,a40_41,no_history,2.3102348,0.3266577,1.0,3,2,1.0,6,6,1.0
5350030,test,a40_41,no_history,2.5580337,3.3050623,1.0,3,3,1.0,2,6,1.0
5364006,test,a40_41,no_history,2.7861798,4.7806487,1.0,3,3,1.0,6,6,1.0
5366033,test,a40_41,no_history,2.4874616,3.8141546,1.0,3,3,1.0,2,4,1.0
5406173,test,a40_41,no_history,2.5099628,3.6509905,1.0,3,3,1.0,2,4,1.0
5424030,test,a40_41,no_history,2.8902578,1.3657057,1.0,3,3,1.0,2,6,1.0
5425003,test,a40_41,no_history,2.4783719,2.8280425,1.0,3,3,1.0,2,2,1.0
5430031,test,a40_41,no_history,2.5613203,0.6298249,1.0,3,2,1.0,2,6,1.0
5430171,test,a40_41,no_history,2.5318732,2.7871172,1.0,3,3,1.0,6,6,1.0
5443007,test,a40_41,no_history,2.0909595,3.016735,1.0,3,3,1.0,6,2,1.0
5464032,test,a40_41,no_history,2.5881433,1.6090235,1.0,3,2,1.0,2,2,1.0
5488007,test,a40_41,no_history,2.389646,2.6505947,1.0,3,3,1.0,6,2,1.0
5494005,test,a40_41,no_history,3.1238356,3.4877887,1.0,3,3,1.0,2,2,1.0
5513030,test,a40_41,no_history,2.5705574,0.0,1.0,3,3,1.0,6,6,1.0
5549006,test,a40_41,no_history,2.2949338,3.1447468,1.0,3,2,1.0,2,3,1.0
5553173,test,a40_41,no_history,2.648062,4.0601115,1.0,3,3,1.0,6,2,1.0
5560186,test,a40_41,no_history,3.0371876,3.5258186,1.0,3,3,1.0,2,2,1.0
5569009,test,a40_41,no_history,2.9085069,3.5397089,1.0,3,3,1.0,2,3,1.0
5570010,test,a40_41,no_history,3.0766988,3.7746825,1.0,3,3,1.0,2,4,1.0
5570012,test,a40_41,no_history,3.1239665,3.5320323,1.0,3,3,1.0,2,2,1.0
5570033,test,a40_41,no_history,3.0185034,3.0667183,1.0,3,3,1.0,2,2,1.0
5576031,test,a40_41,no_history,2.4123197,2.7843602,1.0,3,3,1.0,2,2,1.0
5614005,test,a40_41,no_history,2.7947166,1.4687297,1.0,3,2,1.0,6,4,1.0
5615010,test,a40_41,no_history,2.4640243,3.456708,1.0,3,3,1.0,6,2,1.0
5615181,test,a40_41,no_history,3.1722145,3.760343,1.0,3,3,1.0,2,2,1.0
5621170,test,a40_41,no_history,3.127347,2.9801733,1.0,3,3,1.0,2,2,1.0
5626010,test,a40_41,no_history,2.6725147,3.3771255,1.0,3,3,1.0,2,4,1.0
5634188,test,a40_41,no_history,3.0461264,4.2273045,1.0,3,3,1.0,2,5,1.0
5635031,test,a40_41,no_history,3.0507886,2.0191162,1.0,3,2,1.0,2,2,1.0
5646006,test,a40_41,no_history,2.4189084,0.6864259,1.0,3,2,1.0,2,6,1.0
5660005,test,a40_41,no_history,2.3573554,1.360323,1.0,3,3,1.0,2,3,1.0
5664003,test,a40_41,no_history,2.2886932,2.423047,1.0,3,2,1.0,6,6,1.0
5676007,test,a40_41,no_history,2.8830123,3.4555361,1.0,3,3,1.0,2,2,1.0
5678030,test,a40_41,no_history,2.2515945,0.0,1.0,3,2,1.0,6,6,1.0
5684034,test,a40_41,no_history,2.7904487,3.965506,1.0,3,3,1.0,2,2,1.0
5784005,test,a40_41,no_history,2.343469,0.544594,1.0,3,3,1.0,2,6,1.0
5819005,test,a40_41,no_history,2.0532792,0.0,1.0,3,3,1.0,6,6,1.0
5821008,test,a40_41,no_history,3.0387118,3.1290631,1.0,3,3,1.0,2,2,1.0
5863033,test,a40_41,no_history,2.4880035,2.174519,1.0,3,3,1.0,6,6,1.0
5921003,test,a40_41,no_history,2.7296693,3.4085956,1.0,3,3,1.0,6,6,1.0
5922010,test,a40_41,no_history,3.1371202,4.886779,1.0,3,3,1.0,2,6,1.0
5938031,test,a40_41,no_history,2.2582555,0.0,1.0,3,2,1.0,6,6,1.0
5960033,test,a40_41,no_history,2.8594801,3.553619,1.0,3,3,1.0,2,6,1.0
5995005,test,a40_41,no_history,2.4549272,0.0,1.0,3,2,1.0,6,6,1.0
6028032,test,a40_41,no_history,2.6083598,3.255347,1.0,3,3,1.0,6,6,1.0
6030005,test,a40_41,no_history,2.897648,3.3395429,1.0,3,3,1.0,2,2,1.0
6030008,test,a40_41,no_history,3.044825,3.1301715,1.0,3,3,1.0,2,2,1.0
6093006,test,a40_41,no_history,2.1160083,3.1447468,1.0,3,3,1.0,6,6,1.0
6093011,test,a40_41,no_history,2.562646,3.3018157,1.0,3,3,1.0,6,6,1.0
6114182,test,a40_41,no_history,2.6725147,0.0,1.0,3,2,1.0,2,4,1.0
6120195,test,a40_41,no_history,2.5432482,0.0,1.0,3,3,1.0,6,3,1.0
6121030,test,a40_41,no_history,2.25037,3.929484,1.0,3,3,1.0,6,6,1.0
6179003,test,a40_41,no_history,3.1149886,3.4392455,1.0,3,3,1.0,2,2,1.0
6179170,test,a40_41,no_history,2.5099628,0.0,1.0,3,2,1.0,2,2,1.0
6191006,test,a40_41,no_history,2.2713838,3.8172607,1.0,3,3,1.0,2,2,1.0
6200175,test,a40_41,no_history,3.1722145,3.2527912,1.0,3,3,1.0,2,2,1.0
6210007,test,a40_41,no_history,2.8684673,3.212376,1.0,3,3,1.0,2,2,1.0
6210008,test,a40_41,no_history,2.96433,0.0,1.0,3,2,1.0,2,4,1.0
6350007,test,a40_41,no_history,2.6124325,3.1544933,1.0,3,3,1.0,2,2,1.0
6365010,test,a40_41,no_history,2.5605762,3.0165422,1.0,3,3,1.0,6,6,1.0
6365011,test,a40_41,no_history,2.6633248,0.0,1.0,3,2,1.0,6,2,1.0
6365177,test,a40_41,no_history,3.1722145,3.6634784,1.0,3,3,1.0,2,2,1.0
6381008,test,a40_41,no_history,3.2406464,0.0,1.0,3,2,1.0,2,4,1.0
6444003,test,a40_41,no_history,3.1255655,2.9807694,1.0,3,3,1.0,2,2,1.0
6475006,test,a40_41,no_history,2.0304856,0.0,1.0,3,2,1.0,6,6,1.0
6475007,test,a40_41,no_history,2.110617,3.4318714,1.0,3,3,1.0,6,6,1.0
6509004,test,a40_41,no_history,2.923787,3.3419354,1.0,3,3,1.0,2,2,1.0
6545008,test,a40_41,no_history,3.0486248,0.0,1.0,3,3,1.0,2,2,1.0
6571003,test,a40_41,no_history,2.5906122,4.2124395,1.0,3,3,1.0,2,6,1.0
6635009,test,a40_41,no_history,2.1748576,0.0,1.0,3,2,1.0,6,6,1.0
6663030,test,a40_41,no_history,3.026496,4.0755825,1.0,3,3,1.0,2,6,1.0
6674003,test,a40_41,no_history,3.042239,4.3560786,1.0,3,3,1.0,2,4,1.0
6674005,test,a40_41,no_history,2.459907,0.0,1.0,3,2,1.0,2,4,1.0
6736181,test,a40_41,no_history,3.127347,2.6303368,1.0,3,3,1.0,2,2,1.0
6740003,test,a40_41,no_history,2.267127,2.6061158,1.0,3,3,1.0,6,2,1.0
6769008,test,a40_41,no_history,2.2738812,2.2111993,1.0,3,3,1.0,2,3,1.0
6779033,test,a40_41,no_history,2.2198894,0.0,1.0,3,2,1.0,6,6,1.0
6030,test,a42_43,no_history,2.9186714,4.018007,1.0,3,3,1.0,2,2,1.0
10030,test,a42_43,no_history,2.6911378,4.516398,1.0,3,3,1.0,2,2,1.0
41008,test,a42_43,no_history,2.2734315,0.0,1.0,3,2,1.0,2,4,1.0
68003,test,a42_43,no_history,3.6238155,3.703213,1.0,3,3,1.0,2,2,1.0
127030,test,a42_43,no_history,2.8749948,0.0,0.0,3,-1,0.0,2,-1,0.0
127031,test,a42_43,no_history,2.900169,3.1822217,1.0,3,3,1.0,2,4,1.0
129031,test,a42_43,no_history,2.259896,2.110738,1.0,3,3,1.0,2,6,1.0
129196,test,a42_43,no_history,3.5228968,0.0,1.0,3,2,1.0,2,2,1.0
165030,test,a42_43,no_history,3.1531224,4.0063634,1.0,3,3,1.0,2,2,1.0
284004,test,a42_43,no_history,3.7219982,4.437202,1.0,3,3,1.0,2,2,1.0
301032,test,a42_43,no_history,3.5950727,3.9811094,1.0,3,3,1.0,2,2,1.0
327003,test,a42_43,no_history,2.830421,3.8643053,1.0,3,3,1.0,2,2,1.0
327171,test,a42_43,no_history,2.7187514,2.8548763,1.0,3,3,1.0,2,2,1.0
327172,test,a42_43,no_history,2.519658,3.2091634,1.0,3,3,1.0,2,2,1.0
331005,test,a42_43,no_history,3.2526486,4.2756553,1.0,3,3,1.0,2,2,1.0
344178,test,a42_43,no_history,2.5874531,3.4481115,1.0,3,3,1.0,2,2,1.0
461030,test,a42_43,no_history,3.6079028,3.3523545,1.0,3,3,1.0,2,2,1.0
486004,test,a42_43,no_history,3.5619519,3.933598,1.0,3,3,1.0,2,2,1.0
563183,test,a42_43,no_history,2.7126331,0.0,1.0,3,2,1.0,2,2,1.0
577004,test,a42_43,no_history,2.3912945,2.9315493,1.0,3,3,1.0,2,2,1.0
607030,test,a42_43,no_history,3.6221504,3.9962149,1.0,3,3,1.0,2,2,1.0
613173,test,a42_43,no_history,2.492251,4.227375,1.0,3,3,1.0,2,2,1.0
634008,test,a42_43,no_history,2.9240391,0.0,1.0,3,2,1.0,2,2,1.0
652005,test,a42_43,no_history,3.363957,3.6719475,1.0,3,3,1.0,2,2,1.0
672003,test,a42_43,no_history,3.2648578,3.808172,1.0,3,3,1.0,2,4,1.0
691175,test,a42_43,no_history,2.5239363,3.1299195,1.0,3,3,1.0,2,2,1.0
699031,test,a42_43,no_history,2.8035963,3.583789,1.0,3,3,1.0,2,6,1.0
722178,test,a42_43,no_history,2.507157,2.521224,1.0,3,3,1.0,2,2,1.0
771003,test,a42_43,no_history,2.845,3.6820703,1.0,3,3,1.0,2,2,1.0
775005,test,a42_43,no_history,3.5673652,0.8922645,1.0,3,2,1.0,2,2,1.0
796006,test,a42_43,no_history,3.5403657,3.7072225,1.0,3,3,1.0,2,6,1.0
844003,test,a42_43,no_history,3.6260657,3.515213,1.0,3,3,1.0,2,2,1.0
863006,test,a42_43,no_history,2.7795835,1.3962052,1.0,3,3,1.0,2,2,1.0
863173,test,a42_43,no_history,3.478177,4.0801353,1.0,3,3,1.0,2,2,1.0
866172,test,a42_43,no_history,3.3117175,3.1822217,1.0,3,3,1.0,2,2,1.0
868005,test,a42_43,no_history,3.5067773,4.123802,1.0,3,3,1.0,2,2,1.0
875030,test,a42_43,no_history,3.0987067,0.0,1.0,3,2,1.0,2,2,1.0
897006,test,a42_43,no_history,3.4289286,0.0,1.0,3,2,1.0,2,4,1.0
922171,test,a42_43,no_history,3.5477915,4.564996,1.0,3,3,1.0,2,2,1.0
934030,test,a42_43,no_history,2.8993783,4.243668,1.0,3,3,1.0,2,2,1.0
935005,test,a42_43,no_history,3.1134143,2.483961,1.0,3,3,1.0,2,2,1.0
935176,test,a42_43,no_history,3.496096,3.3922262,1.0,3,3,1.0,2,2,1.0
939030,test,a42_43,no_history,3.3058755,0.0,1.0,3,2,1.0,2,2,1.0
964003,test,a42_43,no_history,2.7296743,2.023317,1.0,3,3,1.0,2,6,1.0
970004,test,a42_43,no_history,3.4654906,3.4467251,1.0,3,3,1.0,2,2,1.0
982004,test,a42_43,no_history,3.4831066,3.616172,1.0,3,3,1.0,2,2,1.0
1033030,test,a42_43,no_history,3.208545,4.886779,1.0,3,3,1.0,2,2,1.0
1036003,test,a42_43,no_history,3.724493,3.3667955,1.0,3,3,1.0,2,2,1.0
1048006,test,a42_43,no_history,2.5648322,2.895511,1.0,3,3,1.0,2,2,1.0
1055172,test,a42_43,no_history,2.7187514,3.6527476,1.0,3,3,1.0,2,2,1.0
1060175,test,a42_43,no_history,2.6172836,2.5045755,1.0,3,3,1.0,2,2,1.0
1064171,test,a42_43,no_history,3.5228968,4.023821,1.0,3,3,1.0,2,2,1.0
1072171,test,a42_43,no_history,3.5228968,2.8696802,1.0,3,3,1.0,2,2,1.0
1084175,test,a42_43,no_history,2.7573414,0.0,1.0,3,2,1.0,2,2,1.0
1100172,test,a42_43,no_history,2.6172836,3.9111626,1.0,3,3,1.0,2,2,1.0
1141171,test,a42_43,no_history,2.5850778,3.0497952,1.0,3,3,1.0,2,4,1.0
1142030,test,a42_43,no_history,3.53448,3.3326652,1.0,3,3,1.0,2,4,1.0
1144032,test,a42_43,no_history,3.536206,4.289485,1.0,3,3,1.0,2,2,1.0
1149171,test,a42_43,no_history,3.419929,3.9254675,1.0,3,3,1.0,2,2,1.0
1162030,test,a42_43,no_history,2.8010547,3.525854,1.0,3,3,1.0,2,2,1.0
1167030,test,a42_43,no_history,2.5925612,0.0,1.0,3,3,1.0,6,6,1.0
1168008,test,a42_43,no_history,2.5610907,3.535023,1.0,3,3,1.0,6,3,1.0
1222179,test,a42_43,no_history,2.5874531,2.8725085,1.0,3,3,1.0,2,2,1.0
1260008,test,a42_43,no_history,2.7559056,2.7313974,1.0,3,3,1.0,2,2,1.0
1269030,test,a42_43,no_history,2.78722,4.3682094,1.0,3,3,1.0,2,2,1.0
1292030,test,a42_43,no_history,2.6450212,0.0,1.0,3,2,1.0,2,4,1.0
1298005,test,a42_43,no_history,3.090456,3.5551443,1.0,3,3,1.0,2,2,1.0
1306030,test,a42_43,no_history,3.6939898,4.886779,1.0,3,3,1.0,2,2,1.0
1335179,test,a42_43,no_history,2.5239363,3.439407,1.0,3,3,1.0,2,2,1.0
1353030,test,a42_43,no_history,2.9616716,0.0,1.0,3,2,1.0,2,2,1.0
1384030,test,a42_43,no_history,3.6586285,3.6010532,1.0,3,3,1.0,2,2,1.0
1399008,test,a42_43,no_history,3.202431,4.2632937,1.0,3,2,1.0,2,4,1.0
1415004,test,a42_43,no_history,2.2831998,1.6088175,1.0,3,3,1.0,2,2,1.0
1430005,test,a42_43,no_history,3.690099,0.0,1.0,3,2,1.0,2,6,1.0
1431003,test,a42_43,no_history,3.300326,4.011046,1.0,3,3,1.0,2,2,1.0
1431004,test,a42_43,no_history,2.7376773,1.4956659,1.0,3,3,1.0,2,2,1.0
1431172,test,a42_43,no_history,3.5228968,4.584402,1.0,3,3,1.0,2,2,1.0
1462004,test,a42_43,no_history,3.3431075,3.3424077,1.0,3,3,1.0,2,2,1.0
1520173,test,a42_43,no_history,3.4230251,3.747171,1.0,3,3,1.0,2,2,1.0
1522175,test,a42_43,no_history,2.5874531,4.696712,1.0,3,3,1.0,2,2,1.0
1542006,test,a42_43,no_history,2.7788591,4.3451347,1.0,3,3,1.0,2,2,1.0
1542177,test,a42_43,no_history,3.419929,4.0403357,1.0,3,3,1.0,2,2,1.0
1567031,test,a42_43,no_history,3.6570127,3.7483754,1.0,3,3,1.0,2,6,1.0
1608031,test,a42_43,no_history,3.4038808,3.5092788,1.0,3,3,1.0,2,4,1.0
1612003,test,a42_43,no_history,3.5929794,4.0259957,1.0,3,3,1.0,2,4,1.0
1621003,test,a42_43,no_history,2.5617213,0.0,1.0,3,3,1.0,2,2,1.0
1648003,test,a42_43,no_history,3.5621345,2.5321536,1.0,3,3,1.0,2,2,1.0
1648030,test,a42_43,no_history,3.6289442,0.6704159,1.0,3,2,1.0,2,6,1.0
1670172,test,a42_43,no_history,3.131982,3.1949477,1.0,3,3,1.0,2,2,1.0
1684170,test,a42_43,no_history,2.437516,3.265041,1.0,3,3,1.0,2,2,1.0
1690030,test,a42_43,no_history,3.5908127,3.680744,1.0,3,3,1.0,2,2,1.0
1692176,test,a42_43,no_history,3.3322175,3.9474757,1.0,3,3,1.0,2,2,1.0
1695030,test,a42_43,no_history,2.717207,3.1937861,1.0,3,3,1.0,2,2,1.0
1697036,test,a42_43,no_history,3.4214277,1.541289,1.0,3,3,1.0,2,2,1.0
1698170,test,a42_43,no_history,2.5708365,2.7459342,1.0,3,3,1.0,2,2,1.0
1700031,test,a42_43,no_history,3.548915,3.5983753,1.0,3,3,1.0,2,4,1.0
1701003,test,a42_43,no_history,2.7974892,4.1992106,1.0,3,3,1.0,2,6,1.0
1711003,test,a42_43,no_history,2.7185328,0.0,1.0,3,2,1.0,2,2,1.0
1711171,test,a42_43,no_history,3.5228968,0.0,1.0,3,2,1.0,2,2,1.0
1732005,test,a42_43,no_history,2.5944865,4.4446826,1.0,3,3,1.0,2,4,1.0
1762187,test,a42_43,no_history,2.6172836,1.674252,1.0,3,3,1.0,2,3,1.0
1786187,test,a42_43,no_history,3.5112503,3.3329153,1.0,3,3,1.0,2,2,1.0
1837006,test,a42_43,no_history,3.5906353,2.976302,1.0,3,3,1.0,2,2,1.0
1850172,test,a42_43,no_history,2.6852562,3.4697297,1.0,3,3,1.0,2,2,1.0
1878030,test,a42_43,no_history,3.2795372,2.5655892,1.0,3,3,1.0,2,4,1.0
1879030,test,a42_43,no_history,3.7324076,4.0755825,1.0,3,3,1.0,2,2,1.0
1905004,test,a42_43,no_history,3.6326847,4.7210507,1.0,3,3,1.0,2,2,1.0
1919009,test,a42_43,no_history,3.0476446,2.1802564,1.0,3,3,1.0,2,2,1.0
1935004,test,a42_43,no_history,2.6836493,1.0762821,1.0,3,3,1.0,2,2,1.0
1936030,test,a42_43,no_history,3.1155274,1.3160636,1.0,3,3,1.0,2,2,1.0
1978171,test,a42_43,no_history,2.5239363,2.9928195,1.0,3,3,1.0,2,2,1.0
2030031,test,a42_43,no_history,3.5729113,3.3705976,1.0,3,3,1.0,2,2,1.0
2117003,test,a42_43,no_history,2.657206,2.3713877,1.0,3,3,1.0,2,2,1.0
2150172,test,a42_43,no_history,2.6852562,3.0265424,1.0,3,3,1.0,2,4,1.0
2199182,test,a42_43,no_history,3.3322175,4.1060762,1.0,3,3,1.0,2,2,1.0
2206030,test,a42_43,no_history,3.003974,2.9993773,1.0,3,3,1.0,2,2,1.0
2212031,test,a42_43,no_history,3.086945,4.3677416,1.0,3,3,1.0,2,2,1.0
2238004,test,a42_43,no_history,3.5885236,4.0907726,1.0,3,3,1.0,2,4,1.0
2238172,test,a42_43,no_history,2.7573414,4.4151845,1.0,3,3,1.0,2,4,1.0
2252172,test,a42_43,no_history,3.496096,3.0762377,1.0,3,3,1.0,2,2,1.0
2255030,test,a42_43,no_history,3.6990926,4.6077914,1.0,3,3,1.0,2,2,1.0
2277008,test,a42_43,no_history,2.7752657,2.9075313,1.0,3,3,1.0,2,2,1.0
2311172,test,a42_43,no_history,2.7573414,2.0253,1.0,3,3,1.0,2,2,1.0
2330003,test,a42_43,no_history,3.6482096,4.706708,1.0,3,3,1.0,2,2,1.0
2338003,test,a42_43,no_history,3.5992317,4.748924,1.0,3,3,1.0,2,2,1.0
2341004,test,a42_43,no_history,3.210294,3.5317435,1.0,3,2,1.0,2,2,1.0
2341005,test,a42_43,no_history,3.225791,4.5817747,1.0,3,3,1.0,2,2,1.0
2354004,test,a42_43,no_history,2.470794,2.3713877,1.0,3,3,1.0,2,2,1.0
2392004,test,a42_43,no_history,2.5841756,3.3104866,1.0,3,3,1.0,2,3,1.0
2393005,test,a42_43,no_history,3.6178463,3.3018157,1.0,3,3,1.0,2,2,1.0
2393171,test,a42_43,no_history,3.3517256,4.596202,1.0,3,3,1.0,2,2,1.0
2409006,test,a42_43,no_history,3.4964335,3.8550358,1.0,3,3,1.0,2,4,1.0
2409171,test,a42_43,no_history,2.5874531,2.9554553,1.0,3,3,1.0,2,4,1.0
2422178,test,a42_43,no_history,3.4677343,3.470292,1.0,3,3,1.0,2,2,1.0
2459030,test,a42_43,no_history,3.3669944,4.0590634,1.0,3,3,1.0,2,2,1.0
2474030,test,a42_43,no_history,3.1555445,4.110122,1.0,3,3,1.0,2,2,1.0
2474171,test,a42_43,no_history,2.5704477,0.0,1.0,3,3,1.0,2,2,1.0
2485173,test,a42_43,no_history,2.5874531,2.700981,1.0,3,3,1.0,2,2,1.0
2496172,test,a42_43,no_history,3.514874,3.4664924,1.0,3,3,1.0,2,2,1.0
2502005,test,a42_43,no_history,3.3448036,4.0467095,1.0,3,3,1.0,2,2,1.0
2510171,test,a42_43,no_history,2.5874531,4.201887,1.0,3,3,1.0,2,2,1.0
2525174,test,a42_43,no_history,2.5708365,0.0,1.0,3,2,1.0,2,2,1.0
2530184,test,a42_43,no_history,2.5239363,2.1477582,1.0,3,3,1.0,2,2,1.0
2547171,test,a42_43,no_history,3.419929,4.3276353,1.0,3,3,1.0,2,2,1.0
2580030,test,a42_43,no_history,3.618278,4.7627664,1.0,3,3,1.0,2,2,1.0
2593171,test,a42_43,no_history,2.4578888,4.5300713,1.0,3,3,1.0,2,4,1.0
2615031,test,a42_43,no_history,3.4338374,3.1693892,1.0,3,3,1.0,2,2,1.0
2642030,test,a42_43,no_history,2.6129322,3.7204437,1.0,3,3,1.0,2,2,1.0
2655002,test,a42_43,no_history,2.8355834,0.0,1.0,3,2,1.0,2,2,1.0
2705031,test,a42_43,no_history,3.6714487,3.8177946,1.0,3,3,1.0,2,4,1.0
2707179,test,a42_43,no_history,3.53448,2.8142757,1.0,3,3,1.0,2,2,1.0
2714031,test,a42_43,no_history,3.5495067,4.569471,1.0,3,3,1.0,2,4,1.0
2717004,test,a42_43,no_history,3.5471168,3.5017936,1.0,3,3,1.0,2,2,1.0
2738171,test,a42_43,no_history,3.556016,3.9697835,1.0,3,3,1.0,2,2,1.0
2794003,test,a42_43,no_history,3.5477915,3.6463413,1.0,3,3,1.0,2,2,1.0
2845030,test,a42_43,no_history,3.1416566,3.6226897,1.0,3,3,1.0,2,2,1.0
2847030,test,a42_43,no_history,2.0928552,3.4256546,1.0,3,3,1.0,6,4,1.0
2848174,test,a42_43,no_history,2.5155277,2.3689122,1.0,3,3,1.0,2,2,1.0
2852006,test,a42_43,no_history,2.8834138,3.0007699,1.0,3,2,1.0,2,3,1.0
2852030,test,a42_43,no_history,3.5142343,2.2156281,1.0,3,2,1.0,2,4,1.0
2869170,test,a42_43,no_history,3.5228968,4.379163,1.0,3,3,1.0,2,2,1.0
2897006,test,a42_43,no_history,3.550051,3.6260033,1.0,3,3,1.0,2,2,1.0
2900171,test,a42_43,no_history,3.5112503,3.7188902,1.0,3,3,1.0,2,2,1.0
2907006,test,a42_43,no_history,2.9937067,2.8249462,1.0,3,3,1.0,2,2,1.0
2920030,test,a42_43,no_history,3.2818222,3.3265107,1.0,3,3,1.0,2,4,1.0
3107001,test,a42_43,no_history,3.2538316,1.9854654,1.0,3,3,1.0,2,4,1.0
3137007,test,a42_43,no_history,2.3356583,2.4228272,1.0,3,2,1.0,2,6,1.0
3283002,test,a42_43,no_history,2.5053284,3.9443512,1.0,3,3,1.0,2,6,1.0
3492001,test,a42_43,no_history,2.4985056,0.118359506,1.0,3,2,1.0,2,2,1.0
5016170,test,a42_43,no_history,2.5639806,2.743526,1.0,3,3,1.0,6,4,1.0
5082003,test,a42_43,no_history,2.3192458,3.938906,1.0,3,3,1.0,2,4,1.0
5145032,test,a42_43,no_history,2.6740556,3.1056306,1.0,3,3,1.0,2,6,1.0
5163030,test,a42_43,no_history,3.1326818,3.1932871,1.0,3,3,1.0,2,4,1.0
5177171,test,a42_43,no_history,2.907078,0.9682884,1.0,3,2,1.0,2,6,1.0
5199178,test,a42_43,no_history,2.6768203,3.7188902,1.0,3,3,1.0,2,2,1.0
5241030,test,a42_43,no_history,2.320333,3.4132857,1.0,3,3,1.0,6,6,1.0
5264004,test,a42_43,no_history,2.7991164,3.606141,1.0,3,3,1.0,2,2,1.0
5294003,test,a42_43,no_history,3.039167,3.6645775,1.0,3,3,1.0,2,2,1.0
5299172,test,a42_43,no_history,3.131982,3.3685656,1.0,3,3,1.0,2,2,1.0
5306002,test,a42_43,no_history,2.315375,0.0,1.0,3,2,1.0,6,6,1.0
5350030,test,a42_43,no_history,2.5629418,3.5163884,1.0,3,3,1.0,2,2,1.0
5364006,test,a42_43,no_history,2.790391,4.2447352,1.0,3,3,1.0,6,6,1.0
5366033,test,a42_43,no_history,2.4925652,3.8660583,1.0,3,3,1.0,2,4,1.0
5406173,test,a42_43,no_history,2.5155277,3.5017936,1.0,3,3,1.0,2,4,1.0
5424030,test,a42_43,no_history,2.8945131,2.9297807,1.0,3,3,1.0,2,6,1.0
5425003,test,a42_43,no_history,2.4839413,2.960796,1.0,3,3,1.0,2,2,1.0
5430031,test,a42_43,no_history,2.5660074,0.0,1.0,3,2,1.0,2,6,1.0
5430171,test,a42_43,no_history,2.5364451,3.5347836,1.0,3,3,1.0,6,6,1.0
5443007,test,a42_43,no_history,2.096422,1.5825812,1.0,3,3,1.0,6,2,1.0
5464032,test,a42_43,no_history,2.5919073,3.1379235,1.0,3,3,1.0,2,2,1.0
5488007,test,a42_43,no_history,2.3928401,2.7536736,1.0,3,3,1.0,6,2,1.0
5494005,test,a42_43,no_history,3.1280355,3.4795048,1.0,3,3,1.0,2,2,1.0
5513030,test,a42_43,no_history,2.5755715,3.0000806,1.0,3,3,1.0,6,6,1.0
5549006,test,a42_43,no_history,2.3003466,3.335851,1.0,3,3,1.0,2,4,1.0
5553173,test,a42_43,no_history,2.651897,3.8834674,1.0,3,3,1.0,6,2,1.0
5560186,test,a42_43,no_history,3.0418375,3.7111013,1.0,3,3,1.0,2,2,1.0
5569009,test,a42_43,no_history,2.9133468,0.0,1.0,3,2,1.0,2,3,1.0
5570010,test,a42_43,no_history,3.081324,3.7150583,1.0,3,3,1.0,2,2,1.0
5570012,test,a42_43,no_history,3.1284046,3.6708767,1.0,3,3,1.0,2,2,1.0
5570033,test,a42_43,no_history,3.0228884,3.5471745,1.0,3,3,1.0,2,2,1.0
5576031,test,a42_43,no_history,2.417283,2.7944415,1.0,3,3,1.0,2,2,1.0
5614005,test,a42_43,no_history,2.798957,0.0,1.0,3,2,1.0,6,4,1.0
5615010,test,a42_43,no_history,2.4672751,3.4707472,1.0,3,3,1.0,6,2,1.0
5615181,test,a42_43,no_history,3.176663,3.3615167,1.0,3,3,1.0,2,2,1.0
5621170,test,a42_43,no_history,3.131982,3.3248508,1.0,3,3,1.0,2,2,1.0
5626010,test,a42_43,no_history,2.6768203,3.3940077,1.0,3,2,1.0,2,4,1.0
5634188,test,a42_43,no_history,3.0503507,4.25247,1.0,3,2,1.0,2,5,1.0
5635031,test,a42_43,no_history,3.0548859,3.5281215,1.0,3,3,1.0,2,2,1.0
5646006,test,a42_43,no_history,2.424182,0.0,1.0,3,2,1.0,2,4,1.0
5660005,test,a42_43,no_history,2.362741,3.265041,1.0,3,3,1.0,2,4,1.0
5664003,test,a42_43,no_history,2.2937968,1.9812955,1.0,3,3,1.0,6,6,1.0
5676007,test,a42_43,no_history,2.8878653,3.488077,1.0,3,3,1.0,2,2,1.0
5678030,test,a42_43,no_history,2.2565513,2.3447468,1.0,3,2,1.0,6,6,1.0
5684034,test,a42_43,no_history,2.7948337,4.056188,1.0,3,3,1.0,2,2,1.0
5784005,test,a42_43,no_history,2.3487113,1.765224,1.0,3,3,1.0,2,6,1.0
5819005,test,a42_43,no_history,2.0588467,0.0,1.0,3,2,1.0,6,6,1.0
5821008,test,a42_43,no_history,3.0434327,2.9437988,1.0,3,3,1.0,2,2,1.0
5863033,test,a42_43,no_history,2.4937108,2.1360953,1.0,3,3,1.0,6,6,1.0
5921003,test,a42_43,no_history,2.735,3.4678156,1.0,3,3,1.0,6,6,1.0
5922010,test,a42_43,no_history,3.141558,3.1974998,1.0,3,3,1.0,2,6,1.0
5938031,test,a42_43,no_history,2.263681,0.0,1.0,3,2,1.0,6,6,1.0
5960033,test,a42_43,no_history,2.863692,3.5281215,1.0,3,3,1.0,2,6,1.0
5995005,test,a42_43,no_history,2.4596872,0.0,1.0,3,2,1.0,6,6,1.0
6028032,test,a42_43,no_history,2.6119869,3.5965803,1.0,3,3,1.0,6,6,1.0
6030005,test,a42_43,no_history,2.9025278,3.335851,1.0,3,3,1.0,2,2,1.0
6030008,test,a42_43,no_history,3.0487208,3.1676285,1.0,3,3,1.0,2,2,1.0
6093006,test,a42_43,no_history,2.1210387,3.3020296,1.0,3,3,1.0,6,6,1.0
6093011,test,a42_43,no_history,2.5664735,2.8392694,1.0,3,2,1.0,6,6,1.0
6114182,test,a42_43,no_history,2.6768203,0.0,1.0,3,2,1.0,2,2,1.0
6120195,test,a42_43,no_history,2.5479925,2.568642,1.0,3,2,1.0,6,4,1.0
6121030,test,a42_43,no_history,2.2552722,4.395766,1.0,3,3,1.0,6,4,1.0
6179003,test,a42_43,no_history,3.1191099,3.4805162,1.0,3,3,1.0,2,2,1.0
6179170,test,a42_43,no_history,2.5155277,0.0,1.0,3,2,1.0,2,2,1.0
6191006,test,a42_43,no_history,2.2770345,1.2621803,1.0,3,3,1.0,2,2,1.0
6200175,test,a42_43,no_history,3.176663,3.5848198,1.0,3,2,1.0,2,2,1.0
6210007,test,a42_43,no_history,2.8733244,2.7452414,1.0,3,3,1.0,2,2,1.0
6210008,test,a42_43,no_history,2.9690242,0.0,1.0,3,2,1.0,2,4,1.0
6350007,test,a42_43,no_history,2.6174803,3.4393446,1.0,3,3,1.0,2,2,1.0
6365010,test,a42_43,no_history,2.5641499,3.062897,1.0,3,3,1.0,6,6,1.0
6365011,test,a42_43,no_history,2.6670427,0.0,1.0,3,2,1.0,6,2,1.0
6365177,test,a42_43,no_history,3.176663,3.49205,1.0,3,3,1.0,2,2,1.0
6381008,test,a42_43,no_history,3.244018,3.0664406,1.0,3,3,1.0,2,4,1.0
6444003,test,a42_43,no_history,3.1291542,2.7671056,1.0,3,2,1.0,2,2,1.0
6475006,test,a42_43,no_history,2.0359657,0.9349168,1.0,3,2,1.0,6,6,1.0
6475007,test,a42_43,no_history,2.1159256,3.544934,1.0,3,3,1.0,6,6,1.0
6509004,test,a42_43,no_history,2.9278562,3.4451652,1.0,3,3,1.0,2,2,1.0
6545008,test,a42_43,no_history,3.0532253,3.8012211,1.0,3,3,1.0,2,2,1.0
6571003,test,a42_43,no_history,2.594527,4.1571207,1.0,3,3,1.0,2,6,1.0
6635009,test,a42_43,no_history,2.1802793,0.0,1.0,3,2,1.0,6,6,1.0
6663030,test,a42_43,no_history,3.0311055,4.886779,1.0,3,3,1.0,2,6,1.0
6674003,test,a42_43,no_history,3.0469425,3.7940161,1.0,3,3,1.0,2,2,1.0
6674005,test,a42_43,no_history,2.465024,0.0,1.0,3,2,1.0,2,4,1.0
6736181,test,a42_43,no_history,3.131982,2.6496801,1.0,3,3,1.0,2,2,1.0
6740003,test,a42_43,no_history,2.2726102,2.6917005,1.0,3,3,1.0,6,2,1.0
6769008,test,a42_43,no_history,2.279286,0.0,1.0,3,2,1.0,2,4,1.0
6779033,test,a42_43,no_history,2.225514,0.0,1.0,3,2,1.0,6,6,1.0
6030,test,a44_45,no_history,2.9461699,3.6545084,1.0,3,3,1.0,2,2,1.0
10030,test,a44_45,no_history,2.7176006,4.4896984,1.0,3,3,1.0,2,2,1.0
41008,test,a44_45,no_history,2.3008463,0.0,1.0,3,2,1.0,2,4,1.0
68003,test,a44_45,no_history,3.642274,3.819024,1.0,3,3,1.0,2,2,1.0
127030,test,a44_45,no_history,2.9023957,2.281914,1.0,3,3,1.0,2,2,1.0
127031,test,a44_45,no_history,2.9276066,3.5618536,1.0,3,3,1.0,2,4,1.0
129031,test,a44_45,no_history,2.2870162,1.9444773,1.0,3,3,1.0,2,6,1.0
129196,test,a44_45,no_history,3.540544,0.0,1.0,3,2,1.0,2,2,1.0
165030,test,a44_45,no_history,3.1806374,4.1461926,1.0,3,3,1.0,2,2,1.0
284004,test,a44_45,no_history,3.7402503,4.4692044,1.0,3,3,1.0,2,2,1.0
301032,test,a44_45,no_history,3.614438,4.127631,1.0,3,3,1.0,2,2,1.0
327003,test,a44_45,no_history,2.8563988,3.8237772,1.0,3,3,1.0,2,2,1.0
327171,test,a44_45,no_history,2.7452705,2.8139703,1.0,3,3,1.0,2,2,1.0
327172,test,a44_45,no_history,2.5474143,3.7345612,1.0,3,3,1.0,2,2,1.0
331005,test,a44_45,no_history,3.2788105,4.2899485,1.0,3,3,1.0,2,2,1.0
344178,test,a44_45,no_history,2.6147575,3.544934,1.0,3,3,1.0,2,2,1.0
461030,test,a44_45,no_history,3.6256814,0.0,1.0,3,3,1.0,2,2,1.0
486004,test,a44_45,no_history,3.579053,3.929022,1.0,3,3,1.0,2,2,1.0
563183,test,a44_45,no_history,2.7391953,0.0,1.0,3,2,1.0,2,2,1.0
577004,test,a44_45,no_history,2.4182713,3.6034977,1.0,3,3,1.0,2,2,1.0
607030,test,a44_45,no_history,3.6416628,4.0534096,1.0,3,3,1.0,2,2,1.0
613173,test,a44_45,no_history,2.52025,4.65822,1.0,3,3,1.0,2,2,1.0
634008,test,a44_45,no_history,2.9499373,2.6840017,1.0,3,3,1.0,2,2,1.0
652005,test,a44_45,no_history,3.3798757,3.8279805,1.0,3,3,1.0,2,2,1.0
672003,test,a44_45,no_history,3.289993,3.7935455,1.0,3,3,1.0,2,4,1.0
691175,test,a44_45,no_history,2.5518572,3.3115778,1.0,3,3,1.0,2,2,1.0
699031,test,a44_45,no_history,2.831588,3.51425,1.0,3,3,1.0,2,6,1.0
722178,test,a44_45,no_history,2.5354404,3.2750242,1.0,3,3,1.0,2,2,1.0
771003,test,a44_45,no_history,2.8707228,4.1771755,1.0,3,3,1.0,2,3,1.0
775005,test,a44_45,no_history,3.5848742,0.0,1.0,3,2,1.0,2,2,1.0
796006,test,a44_45,no_history,3.557874,4.141229,1.0,3,3,1.0,2,6,1.0
844003,test,a44_45,no_history,3.6440005,3.8602035,1.0,3,3,1.0,2,2,1.0
863006,test,a44_45,no_history,2.8058958,2.9276514,1.0,3,3,1.0,2,2,1.0
863173,test,a44_45,no_history,3.4951735,4.001547,1.0,3,3,1.0,2,2,1.0
866172,test,a44_45,no_history,3.330291,3.182386,1.0,3,3,1.0,2,2,1.0
868005,test,a44_45,no_history,3.5237741,3.982054,1.0,3,3,1.0,2,2,1.0
875030,test,a44_45,no_history,3.124281,0.0,1.0,3,2,1.0,2,2,1.0
897006,test,a44_45,no_history,3.4454055,0.0,1.0,3,2,1.0,2,4,1.0
922171,test,a44_45,no_history,3.5657177,4.464358,1.0,3,3,1.0,2,2,1.0
934030,test,a44_45,no_history,2.9267805,4.293851,1.0,3,3,1.0,2,2,1.0
935005,test,a44_45,no_history,3.138417,2.7943528,1.0,3,3,1.0,2,2,1.0
935176,test,a44_45,no_history,3.5131598,3.7913468,1.0,3,3,1.0,2,2,1.0
939030,test,a44_45,no_history,3.3328729,0.0,0.0,3,-1,0.0,2,-1,0.0
964003,test,a44_45,no_history,2.756234,2.5959773,1.0,3,2,1.0,2,6,1.0
970004,test,a44_45,no_history,3.4818866,0.0,0.0,3,-1,0.0,2,-1,0.0
982004,test,a44_45,no_history,3.4998336,3.535023,1.0,3,3,1.0,2,2,1.0
1033030,test,a44_45,no_history,3.2293944,4.886779,1.0,3,3,1.0,2,2,1.0
1036003,test,a44_45,no_history,3.743184,3.1379235,1.0,3,3,1.0,2,2,1.0
1048006,test,a44_45,no_history,2.5910332,2.830591,1.0,3,3,1.0,2,2,1.0
1055172,test,a44_45,no_history,2.7452705,0.0,0.0,3,-1,0.0,2,-1,0.0
1060175,test,a44_45,no_history,2.644718,3.12007,1.0,3,3,1.0,2,2,1.0
1064171,test,a44_45,no_history,3.540544,4.769345,1.0,3,3,1.0,2,2,1.0
1072171,test,a44_45,no_history,3.540544,2.855574,1.0,3,3,1.0,2,2,1.0
1084175,test,a44_45,no_history,2.7839317,0.0,1.0,3,2,1.0,2,2,1.0
1100172,test,a44_45,no_history,2.644718,3.1936357,1.0,3,3,1.0,2,2,1.0
1141171,test,a44_45,no_history,2.6121864,1.0692143,1.0,3,3,1.0,2,4,1.0
1142030,test,a44_45,no_history,3.5522432,3.2907898,1.0,3,3,1.0,2,4,1.0
1144032,test,a44_45,no_history,3.5549316,4.1940236,1.0,3,3,1.0,2,2,1.0
1149171,test,a44_45,no_history,3.4365578,3.959156,1.0,3,3,1.0,2,2,1.0
1162030,test,a44_45,no_history,2.8290403,3.4265366,1.0,3,3,1.0,2,2,1.0
1167030,test,a44_45,no_history,2.6171722,1.8126447,1.0,3,3,1.0,6,6,1.0
1168008,test,a44_45,no_history,2.58663,3.010371,1.0,3,3,1.0,6,3,1.0
1222179,test,a44_45,no_history,2.6147575,2.674835,1.0,3,3,1.0,2,2,1.0
1260008,test,a44_45,no_history,2.7819219,2.8787093,1.0,3,3,1.0,2,2,1.0
1269030,test,a44_45,no_history,2.814347,4.6615767,1.0,3,3,1.0,2,2,1.0
1292030,test,a44_45,no_history,2.6719904,0.0,1.0,3,2,1.0,2,4,1.0
1298005,test,a44_45,no_history,3.1166902,3.5781584,1.0,3,3,1.0,2,2,1.0
1306030,test,a44_45,no_history,3.7142682,4.886779,1.0,3,3,1.0,2,2,1.0
1335179,test,a44_45,no_history,2.5518572,3.6099567,1.0,3,3,1.0,2,2,1.0
1353030,test,a44_45,no_history,2.9889467,0.0,1.0,3,2,1.0,2,2,1.0
1384030,test,a44_45,no_history,3.6786633,3.5587387,1.0,3,3,1.0,2,2,1.0
1399008,test,a44_45,no_history,3.228416,3.9132397,1.0,3,3,1.0,2,4,1.0
1415004,test,a44_45,no_history,2.310343,1.8165611,1.0,3,3,1.0,2,2,1.0
1430005,test,a44_45,no_history,3.708105,0.0,1.0,3,3,1.0,2,6,1.0
1431003,test,a44_45,no_history,3.3156543,4.032044,1.0,3,3,1.0,2,2,1.0
1431004,test,a44_45,no_history,2.7633655,2.5601785,1.0,3,3,1.0,2,2,1.0
1431172,test,a44_45,no_history,3.540544,4.583634,1.0,3,3,1.0,2,2,1.0
1462004,test,a44_45,no_history,3.3686576,3.4766757,1.0,3,3,1.0,2,2,1.0
1520173,test,a44_45,no_history,3.4413912,3.8397665,1.0,3,3,1.0,2,2,1.0
1522175,test,a44_45,no_history,2.6147575,4.651825,1.0,3,3,1.0,2,2,1.0
1542006,test,a44_45,no_history,2.8052778,3.2005377,1.0,3,3,1.0,2,2,1.0
1542177,test,a44_45,no_history,3.4365578,4.3412447,1.0,3,3,1.0,2,2,1.0
1567031,test,a44_45,no_history,3.6769488,3.8337054,1.0,3,3,1.0,2,6,1.0
1608031,test,a44_45,no_history,3.4219513,3.5350552,1.0,3,3,1.0,2,2,1.0
1612003,test,a44_45,no_history,3.6109877,3.4995418,1.0,3,3,1.0,2,4,1.0
1621003,test,a44_45,no_history,2.5887775,3.456708,1.0,3,3,1.0,2,2,1.0
1648003,test,a44_45,no_history,3.579325,2.9091923,1.0,3,3,1.0,2,2,1.0
1648030,test,a44_45,no_history,3.646909,0.553295,1.0,3,2,1.0,2,6,1.0
1670172,test,a44_45,no_history,3.1496406,3.416885,1.0,3,3,1.0,2,2,1.0
1684170,test,a44_45,no_history,2.4648576,3.3823977,1.0,3,3,1.0,2,2,1.0
1690030,test,a44_45,no_history,3.6085155,4.214547,1.0,3,3,1.0,2,2,1.0
1692176,test,a44_45,no_history,3.3498244,3.6672997,1.0,3,3,1.0,2,2,1.0
1695030,test,a44_45,no_history,2.7444484,3.1983416,1.0,3,3,1.0,2,2,1.0
1697036,test,a44_45,no_history,3.4395158,1.6775823,1.0,3,3,1.0,2,2,1.0
1698170,test,a44_45,no_history,2.5986578,2.58183,1.0,3,3,1.0,2,2,1.0
1700031,test,a44_45,no_history,3.567983,3.881782,1.0,3,2,1.0,2,2,1.0
1701003,test,a44_45,no_history,2.8239465,4.0716443,1.0,3,3,1.0,2,6,1.0
1711003,test,a44_45,no_history,2.744555,0.0,1.0,3,2,1.0,2,2,1.0
1711171,test,a44_45,no_history,3.540544,0.0,0.0,3,-1,0.0,2,-1,0.0
1732005,test,a44_45,no_history,2.6216226,3.738171,1.0,3,3,1.0,2,4,1.0
1762187,test,a44_45,no_history,2.644718,2.7413988,1.0,3,3,1.0,2,3,1.0
1786187,test,a44_45,no_history,3.5285661,3.563177,1.0,3,3,1.0,2,2,1.0
1837006,test,a44_45,no_history,3.6084213,2.9535642,1.0,3,3,1.0,2,2,1.0
1850172,test,a44_45,no_history,2.7120771,3.6509905,1.0,3,3,1.0,2,2,1.0
1878030,test,a44_45,no_history,3.3065157,2.485891,1.0,3,3,1.0,2,4,1.0
1879030,test,a44_45,no_history,3.7511916,4.1844926,1.0,3,3,1.0,2,2,1.0
1905004,test,a44_45,no_history,3.650621,3.937253,1.0,3,3,1.0,2,2,1.0
1919009,test,a44_45,no_history,3.0736496,2.5942936,1.0,3,3,1.0,2,2,1.0
1935004,test,a44_45,no_history,2.7101684,2.5154653,1.0,3,3,1.0,2,2,1.0
1936030,test,a44_45,no_history,3.1407673,3.025048,1.0,3,3,1.0,2,2,1.0
1978171,test,a44_45,no_history,2.5518572,2.7982898,1.0,3,3,1.0,2,2,1.0
2030031,test,a44_45,no_history,3.5923214,3.12007,1.0,3,3,1.0,2,2,1.0
2117003,test,a44_45,no_history,2.6836233,2.533896,1.0,3,3,1.0,2,2,1.0
2150172,test,a44_45,no_history,2.7120771,2.4029288,1.0,3,3,1.0,2,4,1.0
2199182,test,a44_45,no_history,3.3498244,4.1311436,1.0,3,3,1.0,2,2,1.0
2206030,test,a44_45,no_history,3.0314832,3.6876562,1.0,3,3,1.0,2,2,1.0
2212031,test,a44_45,no_history,3.1143932,0.0,0.0,3,-1,0.0,2,-1,0.0
2238004,test,a44_45,no_history,3.6062975,3.7364755,1.0,3,3,1.0,2,4,1.0
2238172,test,a44_45,no_history,2.7839317,4.594401,1.0,3,3,1.0,2,4,1.0
2252172,test,a44_45,no_history,3.5131598,2.9569104,1.0,3,3,1.0,2,2,1.0
2255030,test,a44_45,no_history,3.719226,4.886779,1.0,3,3,1.0,2,2,1.0
2277008,test,a44_45,no_history,2.8008752,2.8933933,1.0,3,3,1.0,2,2,1.0
2311172,test,a44_45,no_history,2.7839317,2.0815432,1.0,3,3,1.0,2,2,1.0
2330003,test,a44_45,no_history,3.6660688,4.0919957,1.0,3,3,1.0,2,2,1.0
2338003,test,a44_45,no_history,3.6168528,4.671329,1.0,3,3,1.0,2,2,1.0
2341004,test,a44_45,no_history,3.2252026,3.8012211,1.0,3,2,1.0,2,2,1.0
2341005,test,a44_45,no_history,3.2408676,4.886779,1.0,3,3,1.0,2,2,1.0
2354004,test,a44_45,no_history,2.4976377,2.4985237,1.0,3,3,1.0,2,2,1.0
2392004,test,a44_45,no_history,2.610385,2.3108797,1.0,3,3,1.0,2,4,1.0
2393005,test,a44_45,no_history,3.6362956,3.1619115,1.0,3,3,1.0,2,2,1.0
2393171,test,a44_45,no_history,3.368712,4.4380894,1.0,3,3,1.0,2,2,1.0
2409006,test,a44_45,no_history,3.5131664,3.8615713,1.0,3,3,1.0,2,4,1.0
2409171,test,a44_45,no_history,2.6147575,2.973692,1.0,3,3,1.0,2,4,1.0
2422178,test,a44_45,no_history,3.4863365,3.6084042,1.0,3,3,1.0,2,2,1.0
2459030,test,a44_45,no_history,3.3919525,4.065095,1.0,3,3,1.0,2,2,1.0
2474030,test,a44_45,no_history,3.1758413,3.6439416,1.0,3,3,1.0,2,2,1.0
2474171,test,a44_45,no_history,2.597114,0.0,0.0,3,-1,0.0,2,-1,0.0
2485173,test,a44_45,no_history,2.6147575,2.4565563,1.0,3,3,1.0,2,2,1.0
2496172,test,a44_45,no_history,3.5323403,3.4912474,1.0,3,3,1.0,2,2,1.0
2502005,test,a44_45,no_history,3.36061,3.0863564,1.0,3,3,1.0,2,2,1.0
2510171,test,a44_45,no_history,2.6147575,4.201461,1.0,3,3,1.0,2,2,1.0
2525174,test,a44_45,no_history,2.5986578,3.460082,1.0,3,2,1.0,2,2,1.0
2530184,test,a44_45,no_history,2.5518572,2.852689,1.0,3,3,1.0,2,2,1.0
2547171,test,a44_45,no_history,3.4365578,4.379028,1.0,3,3,1.0,2,2,1.0
2580030,test,a44_45,no_history,3.637726,4.831237,1.0,3,3,1.0,2,2,1.0
2593171,test,a44_45,no_history,2.484941,4.5944476,1.0,3,3,1.0,2,4,1.0
2615031,test,a44_45,no_history,3.4518907,3.4200091,1.0,3,3,1.0,2,2,1.0
2642030,test,a44_45,no_history,2.640013,3.7259781,1.0,3,3,1.0,2,2,1.0
2655002,test,a44_45,no_history,2.8618758,0.0,1.0,3,2,1.0,2,2,1.0
2705031,test,a44_45,no_history,3.6916833,3.9369006,1.0,3,3,1.0,2,4,1.0
2707179,test,a44_45,no_history,3.5522432,2.8540463,1.0,3,3,1.0,2,2,1.0
2714031,test,a44_45,no_history,3.5686765,4.123183,1.0,3,3,1.0,2,4,1.0
2717004,test,a44_45,no_history,3.5645778,3.1718357,1.0,3,3,1.0,2,2,1.0
2738171,test,a44_45,no_history,3.5741735,4.800682,1.0,3,3,1.0,2,2,1.0
2794003,test,a44_45,no_history,3.5657177,3.5488956,1.0,3,3,1.0,2,2,1.0
2845030,test,a44_45,no_history,3.1693206,3.4421458,1.0,3,3,1.0,2,2,1.0
2847030,test,a44_45,no_history,2.1188262,3.435388,1.0,3,3,1.0,6,4,1.0
2848174,test,a44_45,no_history,2.5421443,1.870879,1.0,3,3,1.0,2,2,1.0
2852006,test,a44_45,no_history,2.9089246,1.8338429,1.0,3,2,1.0,2,4,1.0
2852030,test,a44_45,no_history,3.532867,2.9869761,1.0,3,3,1.0,2,4,1.0
2869170,test,a44_45,no_history,3.540544,4.5567827,1.0,3,3,1.0,2,2,1.0
2897006,test,a44_45,no_history,3.567461,2.697948,1.0,3,3,1.0,2,2,1.0
2900171,test,a44_45,no_history,3.5285661,2.600042,1.0,3,3,1.0,2,2,1.0
2907006,test,a44_45,no_history,3.0096097,0.0,0.0,3,-1,0.0,2,-1,0.0
2920030,test,a44_45,no_history,3.2983274,3.6819823,1.0,3,3,1.0,2,4,1.0
3107001,test,a44_45,no_history,3.2718768,4.01561,1.0,3,3,1.0,2,4,1.0
3137007,test,a44_45,no_history,2.3630004,1.9174321,1.0,3,3,1.0,2,6,1.0
3283002,test,a44_45,no_history,2.5334394,4.065468,1.0,3,2,1.0,2,2,1.0
3492001,test,a44_45,no_history,2.52645,0.21674845,1.0,3,2,1.0,2,2,1.0
5016170,test,a44_45,no_history,2.5896637,2.8075144,1.0,3,3,1.0,6,4,1.0
5082003,test,a44_45,no_history,2.3463469,4.077138,1.0,3,3,1.0,2,4,1.0
5145032,test,a44_45,no_history,2.7000515,3.7119908,1.0,3,3,1.0,2,6,1.0
5163030,test,a44_45,no_history,3.1529965,3.60013,1.0,3,3,1.0,2,4,1.0
5177171,test,a44_45,no_history,2.924008,0.8536134,1.0,3,3,1.0,2,6,1.0
5199178,test,a44_45,no_history,2.7025583,3.813694,1.0,3,3,1.0,2,2,1.0
5241030,test,a44_45,no_history,2.3469434,3.9443512,1.0,3,3,1.0,6,6,1.0
5264004,test,a44_45,no_history,2.8243952,3.6067438,1.0,3,3,1.0,2,2,1.0
5294003,test,a44_45,no_history,3.0555975,3.7558146,1.0,3,3,1.0,2,2,1.0
5299172,test,a44_45,no_history,3.1496406,3.3873496,1.0,3,3,1.0,2,2,1.0
5306002,test,a44_45,no_history,2.342404,1.4095232,1.0,3,3,1.0,6,6,1.0
5350030,test,a44_45,no_history,2.5897098,3.545665,1.0,3,3,1.0,2,2,1.0
5364006,test,a44_45,no_history,2.8146904,3.901413,1.0,3,2,1.0,6,6,1.0
5366033,test,a44_45,no_history,2.5193555,3.978181,1.0,3,3,1.0,2,4,1.0
5406173,test,a44_45,no_history,2.5421443,3.4039729,1.0,3,3,1.0,2,4,1.0
5424030,test,a44_45,no_history,2.919666,3.5287027,1.0,3,3,1.0,2,6,1.0
5425003,test,a44_45,no_history,2.5110245,3.2001226,1.0,3,3,1.0,2,2,1.0
5430031,test,a44_45,no_history,2.5918527,0.94651103,1.0,3,3,1.0,2,6,1.0
5430171,test,a44_45,no_history,2.5622075,3.6887305,1.0,3,3,1.0,6,6,1.0
5443007,test,a44_45,no_history,2.1232853,2.8802483,1.0,3,3,1.0,6,2,1.0
5464032,test,a44_45,no_history,2.6165614,3.486668,1.0,3,3,1.0,2,2,1.0
5488007,test,a44_45,no_history,2.418828,2.703032,1.0,3,3,1.0,6,2,1.0
5494005,test,a44_45,no_history,3.1458964,3.3568435,1.0,3,3,1.0,2,2,1.0
5513030,test,a44_45,no_history,2.6015985,3.2729912,1.0,3,2,1.0,6,6,1.0
5549006,test,a44_45,no_history,2.3269057,3.2234797,1.0,3,3,1.0,2,4,1.0
5553173,test,a44_45,no_history,2.677514,3.7351592,1.0,3,3,1.0,6,2,1.0
5560186,test,a44_45,no_history,3.0606806,3.9101806,1.0,3,3,1.0,2,2,1.0
5569009,test,a44_45,no_history,2.9281106,0.1438407,1.0,3,2,1.0,2,3,1.0
5570010,test,a44_45,no_history,3.0983195,3.6708767,1.0,3,3,1.0,2,2,1.0
5570012,test,a44_45,no_history,3.1460357,3.6192079,1.0,3,3,1.0,2,2,1.0
5570033,test,a44_45,no_history,3.0412683,3.7694345,1.0,3,3,1.0,2,2,1.0
5576031,test,a44_45,no_history,2.4430645,2.7479036,1.0,3,3,1.0,2,2,1.0
5614005,test,a44_45,no_history,2.8223944,2.8548763,1.0,3,3,1.0,6,4,1.0
5615010,test,a44_45,no_history,2.4929287,3.5584557,1.0,3,3,1.0,6,2,1.0
5615181,test,a44_45,no_history,3.1950705,3.1251588,1.0,3,3,1.0,2,2,1.0
5621170,test,a44_45,no_history,3.1496406,3.3329153,1.0,3,3,1.0,2,2,1.0
5626010,test,a44_45,no_history,2.7025583,3.1379235,1.0,3,3,1.0,2,4,1.0
5634188,test,a44_45,no_history,3.0692587,0.0,1.0,3,2,1.0,2,5,1.0
5635031,test,a44_45,no_history,3.0740707,3.6718059,1.0,3,3,1.0,2,2,1.0
5646006,test,a44_45,no_history,2.4497313,1.4624746,1.0,3,3,1.0,2,4,1.0
5660005,test,a44_45,no_history,2.3897274,3.4188793,1.0,3,3,1.0,2,4,1.0
5664003,test,a44_45,no_history,2.3205786,1.9542142,1.0,3,2,1.0,6,6,1.0
5676007,test,a44_45,no_history,2.9027286,3.5589597,1.0,3,3,1.0,2,2,1.0
5678030,test,a44_45,no_history,2.2830884,0.0,1.0,3,3,1.0,6,6,1.0
5684034,test,a44_45,no_history,2.821353,4.304901,1.0,3,3,1.0,2,2,1.0
5784005,test,a44_45,no_history,2.3754144,0.0,1.0,3,2,1.0,2,6,1.0
5819005,test,a44_45,no_history,2.085734,0.0,1.0,3,2,1.0,6,6,1.0
5821008,test,a44_45,no_history,3.0599518,3.1327703,1.0,3,3,1.0,2,2,1.0
5863033,test,a44_45,no_history,2.5200357,2.1044023,1.0,3,3,1.0,6,6,1.0
5921003,test,a44_45,no_history,2.7605028,3.2579508,1.0,3,2,1.0,6,6,1.0
5922010,test,a44_45,no_history,3.1602616,3.2839227,1.0,3,3,1.0,2,6,1.0
5938031,test,a44_45,no_history,2.2903256,1.6732749,1.0,3,2,1.0,6,6,1.0
5960033,test,a44_45,no_history,2.8903065,3.0626745,1.0,3,3,1.0,2,6,1.0
5995005,test,a44_45,no_history,2.4859,0.0,1.0,3,2,1.0,6,6,1.0
6028032,test,a44_45,no_history,2.6363168,3.4766757,1.0,3,3,1.0,6,6,1.0
6030005,test,a44_45,no_history,2.9171693,3.6509905,1.0,3,3,1.0,2,2,1.0
6030008,test,a44_45,no_history,3.0649912,3.1529975,1.0,3,3,1.0,2,2,1.0
6093006,test,a44_45,no_history,2.1480126,3.331553,1.0,3,3,1.0,6,6,1.0
6093011,test,a44_45,no_history,2.5911727,2.8645954,1.0,3,3,1.0,6,6,1.0
6114182,test,a44_45,no_history,2.7025583,0.0,1.0,3,2,1.0,2,4,1.0
6120195,test,a44_45,no_history,2.5740263,0.0,1.0,3,2,1.0,6,4,1.0
6121030,test,a44_45,no_history,2.2806857,4.007859,1.0,3,3,1.0,6,4,1.0
6179003,test,a44_45,no_history,3.1366384,3.4366326,1.0,3,3,1.0,2,2,1.0
6179170,test,a44_45,no_history,2.5421443,0.0,1.0,3,2,1.0,2,2,1.0
6191006,test,a44_45,no_history,2.303772,3.7130666,1.0,3,3,1.0,2,2,1.0
6200175,test,a44_45,no_history,3.1950705,3.2409673,1.0,3,3,1.0,2,2,1.0
6210007,test,a44_45,no_history,2.8879476,2.7840075,1.0,3,3,1.0,2,2,1.0
6210008,test,a44_45,no_history,2.985002,2.4192536,1.0,3,3,1.0,2,4,1.0
6350007,test,a44_45,no_history,2.6430755,3.3488512,1.0,3,3,1.0,2,2,1.0
6365010,test,a44_45,no_history,2.5893714,2.966243,1.0,3,3,1.0,6,6,1.0
6365011,test,a44_45,no_history,2.6916625,0.0,1.0,3,2,1.0,6,2,1.0
6365177,test,a44_45,no_history,3.1950705,4.579592,1.0,3,2,1.0,2,2,1.0
6381008,test,a44_45,no_history,3.2633996,4.0907545,1.0,3,3,1.0,2,4,1.0
6444003,test,a44_45,no_history,3.1468008,3.5554013,1.0,3,3,1.0,2,2,1.0
6475006,test,a44_45,no_history,2.0628662,2.2798254,1.0,3,3,1.0,6,6,1.0
6475007,test,a44_45,no_history,2.1426728,3.49205,1.0,3,3,1.0,6,6,1.0
6509004,test,a44_45,no_history,2.9525476,3.5773633,1.0,3,3,1.0,2,2,1.0
6545008,test,a44_45,no_history,3.0698593,3.809728,1.0,3,3,1.0,2,2,1.0
6571003,test,a44_45,no_history,2.6198504,4.2117763,1.0,3,3,1.0,2,6,1.0
6635009,test,a44_45,no_history,2.2068632,0.0,1.0,3,2,1.0,6,6,1.0
6663030,test,a44_45,no_history,3.0497372,4.527755,1.0,3,3,1.0,2,6,1.0
6674003,test,a44_45,no_history,3.063469,3.7786224,1.0,3,3,1.0,2,2,1.0
6674005,test,a44_45,no_history,2.4914732,0.0,0.0,3,-1,0.0,2,-1,0.0
6736181,test,a44_45,no_history,3.1496406,2.8547702,1.0,3,3,1.0,2,2,1.0
6740003,test,a44_45,no_history,2.2995286,3.5209594,1.0,3,3,1.0,6,2,1.0
6769008,test,a44_45,no_history,2.3058856,0.0,1.0,3,2,1.0,2,4,1.0
6779033,test,a44_45,no_history,2.2518177,0.0,1.0,3,2,1.0,6,6,1.0
6820030,test,a30_31,no_history,2.4556546,0.0,1.0,3,2,1.0,2,6,1.0
6843006,test,a30_31,no_history,2.2976012,0.0,1.0,3,2,1.0,6,2,1.0
6857006,test,a30_31,no_history,3.1710901,4.886779,1.0,3,3,1.0,2,3,1.0
6820030,test,a32_33,no_history,2.4775548,1.6985121,1.0,3,2,1.0,2,6,1.0
6843006,test,a32_33,no_history,2.3196692,0.0,1.0,3,2,1.0,6,6,1.0
6857006,test,a32_33,no_history,3.1867476,2.6426997,1.0,3,3,1.0,2,3,1.0
6820030,test,a34_35,no_history,2.4868631,0.0,1.0,3,2,1.0,2,6,1.0
6843006,test,a34_35,no_history,2.329235,0.33577913,1.0,3,2,1.0,6,6,1.0
6857006,test,a34_35,no_history,3.1957593,3.9554691,1.0,3,3,1.0,2,4,1.0
6820030,test,a36_37,no_history,2.5092351,0.44449985,1.0,3,2,1.0,2,6,1.0
6843006,test,a36_37,no_history,2.3540647,1.9499075,1.0,3,3,1.0,6,6,1.0
6857006,test,a36_37,no_history,3.215501,3.1834235,1.0,3,3,1.0,2,2,1.0
6820030,test,a38_39,no_history,2.5340831,0.0,1.0,3,2,1.0,2,6,1.0
6843006,test,a38_39,no_history,2.3779302,1.9161729,1.0,3,3,1.0,6,6,1.0
6857006,test,a38_39,no_history,3.2372272,4.07775,1.0,3,3,1.0,2,2,1.0
6820030,test,a40_41,no_history,2.5482087,0.0,1.0,3,2,1.0,2,6,1.0
6843006,test,a40_41,no_history,2.3911583,1.8969418,1.0,3,2,1.0,6,2,1.0
6857006,test,a40_41,no_history,3.2434347,3.766271,1.0,3,3,1.0,2,3,1.0
6820030,test,a42_43,no_history,2.5534227,0.0,1.0,3,2,1.0,2,6,1.0
6843006,test,a42_43,no_history,2.39688,1.5200922,1.0,3,3,1.0,6,2,1.0
6857006,test,a42_43,no_history,3.247088,3.7407627,1.0,3,3,1.0,2,5,1.0
6820030,test,a44_45,no_history,2.5802436,0.0,1.0,3,2,1.0,2,6,1.0
6843006,test,a44_45,no_history,2.4234376,0.0,1.0,3,2,1.0,6,2,1.0
6857006,test,a44_45,no_history,3.2665558,4.0956507,1.0,3,3,1.0,2,5,1.0
